kind,number,file_number,title,date,date_precision,date_source,collection,duration,speakers,youtube_id,youtube_url,transcript_file,transcript_rows,toc_entries,description,notes
Video,1,1,What is Life All About?,1987,year,transcript-and-newsletter,-,23:26,Dr. Rashad Khalifa,tNqQJR5LyXo,https://www.youtube.com/watch?v=tNqQJR5LyXo,01 - What is Life All About.csv,219,23,"In this program Dr. Rashad Khalifa argues that the world's biggest problem is neither war, disease nor poverty but that people do not know who they are, mistaking the body they see in a mirror for the self. He distinguishes body from soul, calls the body a garment worn for fifty or a hundred years, and observes that people feed the body three meals a day while giving the real person nothing, describing the soul as literally a piece of the breath God breathed into Adam and claiming it can grow to immense size when nourished. He says the nourishment is a specific method rather than vague spirituality or ordinary supplication: five daily contacts with God following what he compares to the numerical combination of a safe, with fasting as a further practice, and he offers newly obtained mathematically coded evidence as his authority. Citing the Barbara Hutton story and Eddie Murphy's interview with Barbara Walters as cases of wealth without happiness, he closes by inviting viewers to examine the physical evidence free of charge, giving an address on East 6th Street in Tucson and a telephone number.",-
Video,1.5,2,Who is GOD?,1988-08-04,day,merged-sermon-upload-title,-,18:40,Dr. Rashad Khalifa,HngIrz8xHTw,https://www.youtube.com/watch?v=HngIrz8xHTw,02 - Who is GOD.csv,161,17,"Dr. Rashad Khalifa argues that idol worship persists because people do not grasp the greatness of God, and devotes the sermon to establishing that scale from what he presents as established scientific facts. He works outward from the solar system, whose sunlight reaches Earth in four minutes and whose span runs to billions of miles, to the Milky Way, which light would take a hundred thousand years to cross, to a neighboring galaxy two million light years away, to a universe of a billion galaxies and a billion trillion stars measuring some 26 billion light years across, pausing to calculate that merely counting a quintillion stars at one per second would take 32 billion years. He then states, on the authority of the Quran and its mathematical code, that this universe is the smallest and innermost of seven, so that no number can express the circumference of the outermost, and cites Sura 39:67 on the heavens held in God's hand as an allegory for that greatness. He concludes that against this scale it is blasphemous to attribute to God a son, wife or mother, or to idolize Muhammad, Jesus, Mary or a saint, asking what role any of them played in setting the synchronized rotation of the moon or the precision of the orbits. Recording date: this is the Friday sermon of 4 August 1988. It was also uploaded separately as a dated Friday sermon, and that upload was the only place the date was stated; the two were proven to be one recording by a flat timestamp offset across sixteen minutes, so the duplicate entry was merged into this one and its dating carried over. This transcript is the fuller of the two, being the only one to include the opening takbirs from 00:01:19.","Merged: this absorbed the separate ""Friday Sermon: Who is GOD? Understanding Our Universe (08/04/1988)"" entry, which was the same recording. Verified before merging: 0.9630 word similarity, median timestamp offset +0.01s across 1,994 aligned words. This is the fuller transcript and inherited the 08/04/1988 dating from the sermon upload. The superseded transcript is kept under archive/superseded/."
Video,2,3,Witness a Miracle,1986-01,month,description,-,37:19,Dr. Rashad Khalifa,cMwCbqfE7ks,https://www.youtube.com/watch?v=cMwCbqfE7ks,03 - Witness a Miracle.csv,304,34,"Recorded in January 1986, this program opens from Carl Sagan's novel Contact, quoting its account of a decoded message from outer space and Sagan's own hope that the book would be made obsolete by real scientific discovery, which Dr. Rashad Khalifa claims has now happened. He traces one message delivered through Adam, Noah, Abraham, Moses, David, Jesus and Muhammad, all mathematically coded in their original languages, cites Studies in Jewish Mysticism and Rabbi Judah the Pious on a numerical harmony in the prayer text and on nineteen occurrences of the divine name in the morning prayer, and presents the Quran as the only original scripture still intact. He walks through the counts of the Quranic initials, Q in chapters 50 and 42, N in chapter 68, Y and S in chapter 36, and explains that 19 is the numerical value of the Arabic word for one. The program closes with the scale of the universe, the seven universes he says the Quran describes as held in God's hand, and his Tucson address and telephone number for questions.",Trimmed: the World News Bulletin segment was removed (it is published separately as 14). Cut at 00:37:49.990.
Video,3,4,Mathematical Miracle of Quran,1985,year,catalog-announcement,-,56:08,Dr. Rashad Khalifa,NWUt_bESl0c,https://www.youtube.com/watch?v=NWUt_bESl0c,04 - Mathematical Miracle of Quran.csv,328,48,"Dr. Rashad Khalifa narrates how he came to the Quran's mathematical code and then walks through the findings one by one with a printed Quran in hand. He recounts arriving in the United States in 1968, disliking every English translation he read, and beginning his own for his children with a pledge not to pass a verse until he understood it, which stopped him at the initials A.L.M. of Sura 2; finding no scholar who could explain them, he entered the whole Quran into a computer and after four years of counting found 19 binding all fourteen sets of initials. The body of the program presents the counts in sequence: nineteen letters in the opening verse, 114 chapters, the first revelation positioned above the last nineteen chapters with nineteen words and 76 letters, the four words of the Bismillah occurring 19, 2698, 57 and 114 times, the missing Bismillah of Sura 9 restored by an extra one in Sura 27 exactly nineteen chapters later whose numbers total 342, matching the count of words between them, 6346 verses in all, and 5263 verses between the first and last initials. He continues through the words for Quran, for God being one, and for the five pillars, then the individual initial groups, Q in Suras 50 and 42, N in Sura 68, Saad across three chapters, Ya Seen in Sura 36, the seven H.M. chapters totalling 2147, and the A.L.M. and A.L.R. groups. The program closes with his answer to why the number is 19: that it is the numerical value of the Arabic word for one, in the system where alphabet letters served as numerals before Arabic numbers existed.",-
Video,4,16,Essentials of Submission (Islam),1989,year,compilation-quotes-45,-,51:35,Dr. Rashad Khalifa,U31-USHFRZM,https://www.youtube.com/watch?v=U31-USHFRZM,16 - Essentials of Submission (Islam).csv,455,46,"A compilation program in which Dr. Rashad Khalifa sets out the essentials of Islam as he understands them, followed by three shorter appended segments. He presents Islam as beginning with Adam, with Abraham as the founder who delivered every religious practice and Muhammad contributing only the Quran, which he says was placed in the prophet's heart in one night and released over twenty-three years to aid memorization. He then goes through the five pillars: the shahada of Sura 3:18 with no name added beside God's, the five contact prayers and their units, the fasting of Ramadan whose movement through the seasons he reads as a test that sifts out those who will only fast on short cool days, the zakat of 2.5 percent of net worth following the Quran's order of recipients, and the hajj, whose steps he lists while advising against the visit to Medina and against going before one's faith is settled. The program covers the prohibitions, four forbidden meats, intoxicants and gambling, and closes with three appended segments: a correction to how zakat is timed, an emphasis on the Dawn Prayer, and a 1987 appeal to form Universal Unity through devotion to God alone by rising above the human figures that divide believers who all already believe in God. Related recordings: the zakat and Dawn Prayer segments also appear in ""45 - Friday Sermon Purpose of Messengers, The Advent of the Pure Quran (03-17-1989)"" and ""43 - Friday Sermon Revelation of Quran to Revelation of Miracle, Importance of Dawn Prayer (02-03-1989)""; the Universal Unity appeal is developed in ""23 - Friday Sermon Universal Unity Through Devotion to GOD Alone.""","Mostly original. Quotes two sermon passages: 00:37:39-00:39:42 from 45, and 00:39:32-00:43:34 from 43. No overlap with 23. Cannot be earlier than 1989-03-17, the date of sermon 45, whose audio it quotes."
Video,5,17,Principles of Contact Prayers Salat,1985-02,month,newsletter-announcement,-,1:27:51,Dr. Rashad Khalifa,tbxOH3KNOvA,https://www.youtube.com/watch?v=tbxOH3KNOvA,17 - Principles of Contact Prayers Salat.csv,797,26,"Dr. Rashad Khalifa presents an instructional program on the Contact Prayers (Salat), explaining that the word derives from an Arabic root meaning connection and locating all five daily prayer times in the Quran through Suras 11:114, 17:78, 2:238 and 24:58. He argues that the practices of Islam originated with Abraham rather than Muhammad, which is why the Quran does not specify the number of units, and describes the prayers as five daily meals that nourish the soul and make the real person master over the body. The second half removes what he identifies as later innovations from the Azan, the ablution and the prayer itself, insisting on four ablution steps, the recitation of Al-Fatehah alone, and the mention of no name besides God. The program closes with word-by-word transliteration of the Arabic, guidance on menstruation, group prayer and missed prayers, and filmed demonstrations of the morning, four-unit and sunset prayers. Related recording: the companion tape on the Friday congregational prayer is ""18 - Principles of Friday Prayer"" in this collection.",-
Video,6,18,Principles of Friday Prayer,1988-04,month,compilation-contains-33,-,56:55,Dr. Rashad Khalifa,K7suTQM7fno,https://www.youtube.com/watch?v=K7suTQM7fno,18 - Principles of Friday Prayer.csv,539,26,"Dr. Rashad Khalifa explains the procedure for the Friday congregational prayer, citing Sura 62:9 as an obligation on both men and women, and walks through each required element: an Azan mentioning God's name alone, two sermons that each open with ""Alhamdu Lillah, La Elaha Ella Allah,"" a pause for repentance after the first, the closing call ""Aqem Al-Salah,"" and a two-unit prayer in place of the usual four. The second half of the tape presents sample sermons, the first on seeking God's kingship, which opens from Luke 12:29-31 and covers religious priorities, the order of Zakat recipients, Hajj, and God as Al-Razaq the provider who gifts the prayers themselves to the believer. A further sermon treats marriage in Islam, which he says requires love built on real acquaintance and a dowry serving as the wife's security, then extends into self-discipline, the soul's strength over the body, polygamy in light of Muhammad's long monogamous marriage, and the argument that God hates divorce and protects the rights of women. Related recordings: the two sample sermons in the second half of this tape also appear separately as ""32 - Friday Sermon Seek GOD's Kingship Over You and Everything Else Follows (03-25-1988)"" and ""33 - Friday Sermon Marriage Importance of Love, Muhammad's Example (04-08-1988)""; the companion tape on the five daily prayers referred to here is ""17 - Principles of Contact Prayers Salat.""","Compilation. First ~16 minutes are unique to this video (the instructional section). Then sermon 32 in full (00:17:32-00:31:33, constant -17:25) and sermon 33 in full (00:34:17-00:56:33, constant -34:07). Cannot be earlier than 1988-04-08, the date of sermon 33, which it contains in full."
Video,7,5,"Old Message, New Messenger",1988,year,description,-,1:19:31,Reciter; Dr. Rashad Khalifa; Carole; Audience,f7doI2Z4o4M,https://www.youtube.com/watch?v=f7doI2Z4o4M,"05 - Old Message, New Messenger.csv",635,56,"A compilation of two 1988 sermons on Dr. Rashad Khalifa's claim to messengership, each opening with a recitation of Sura 36. The first announces the commission he says he had known of since 1980 and avoided declaring for eight years, and argues from Sura 18, Sura 39:65, Sura 21:28 and Sura 49:13 that a messenger holds no rank, is not guaranteed Heaven and takes no money, then from Sura 33:40, Sura 3:81 and Sura 7:35 that messengers can follow Muhammad; the signs he offers include the mathematical code, the root rashada appearing nineteen times in a Quran index printed the year before his birth, the verse numbers containing the word Allah totalling 118123, and the names Abraham, Muhammad and Rashad totalling 855. The second sermon gives his detailed account of the night in April when he repeatedly opened the Quran at random, across several copies and by pointing a letter opener into a stack, and each time read that he was fired and doomed for cowardice, until he wept, prostrated and resolved to announce regardless of cost, after which the same procedure began returning messages of forgiveness. It closes with corrections he proposes to zakat under Sura 6:141, to fasting and to hajj, and with the argument from the mention of Joseph in Sura 40 that people have wrongly declared each messenger to be the last. Related recordings: these two sermons also appear separately in this collection as ""34 - Friday Sermon Proclaiming Messengership, Abraham's Religion (04-15-1988)"" and ""35 - Friday Sermon Rashad Explains His Messengership Details (05-16-1988)."" Note also that the segment on zakat, fasting and hajj is repeated a second time in the closing minutes of this recording.","Compilation. Contains sermon 34 in full (00:02:33-00:33:28, zero offset) then sermon 35 in full (00:36:11-01:11:30, constant -33:36 offset). Also repeats itself: 00:57:56-01:02:45 replays at 01:14:39-01:19:15 (~4m49s). Speaker labels corrected: four interjections carrying their own inline prefix (Carole x2, Audience x2) were labelled Dr. Rashad Khalifa."
Video,8,6,The Great Debate: Dr. Rashad Khalifa vs Dr. Abdel Rahman,1987,year,description,-,1:28:48,Dr. Rashad Khalifa; Abdel Rahman,GQE2xUWudR4,https://www.youtube.com/watch?v=GQE2xUWudR4,06 - The Great Debate Dr. Rashad Khalifa vs Dr. Abdel Rahman.csv,1200,63,"A 1987 televised interview and debate between Dr. Rashad Khalifa and his host Abdel Rahman Salem, opening with a recitation of Sura 36 and an introduction to the mathematical code. Khalifa argues that the code is the first indisputable, physical miracle of the Quran and lists the five purposes he reads in Sura 74, after which the exchange turns adversarial as Abdel Rahman presses him on rejecting hadith and on omitting Muhammad's name from the shahada and the call to prayer. Khalifa answers from Sura 3:18 that God's own testimony contains no other name, from Sura 2:285 that no distinction may be made among messengers, and from Sura 75:16-19, Sura 69:38-47 and Sura 5:99 that the prophet was forbidden to explain the Quran and charged only with delivering it, holding that hadith was attributed to Muhammad rather than spoken by him and first recorded some 250 years after his death. The middle of the debate covers his claim that two verses at the end of Sura 9 are human additions, which he supports from the printed Quran's own note that the chapter is Medinan except its final two verses, from the single witness named in the collection account, and from the counts of the words for God being thrown off by one, while maintaining that God's promise of preservation holds precisely because the errors are detectable. The closing section measures his practices against Abdel Rahman's, four steps of ablution against eight, audible rather than silent prayer, the words said in the sitting position, and zakat paid on receipt rather than annually, and ends with his claim to messengership, the root rashada occurring nineteen times in a Quran index, and his statement that Islam as practiced has nothing to do with the prophet Muhammad.","Caption rows do not respect turn boundaries: 191 rows contain two or more speaker prefixes, so one Speaker value has to cover a mid-row change of speaker. The column follows a consistent convention, naming the last speaker in the cell in 182 of the 191, with 9 sensible exceptions where the trailing utterance is a one-word acknowledgement. Not a labelling error; splitting the rows would mean inventing intermediate timestamps, so it is left as-is."
Video,9,7,In Defense of the Bible,1986-05,month,newsletter-announcement,-,22:56,Dr. Rashad Khalifa,4GWZfsL97cU,https://www.youtube.com/watch?v=4GWZfsL97cU,07 - In Defense of the Bible.csv,173,18,"Dr. Rashad Khalifa argues that the Bible is the word of God but that human interference has injected contradictions which drive intelligent readers away from it. He opens with the discrepancy Carl Sagan notes on page 30 of Contact, between Matthew's 28 generations from David to Jesus and Luke's 43, and treats the deification of Jesus as the largest distortion, reading the cry from the cross in Matthew 27:46 as incompatible both with Jesus being God and with the doctrine that he came to die for sins. He reads at length from The Myth of God Incarnate, naming its seven contributing theologians and their posts at Cambridge, Oxford and Birmingham and their thesis that Jesus was a man approved by God, as in Acts 2:21, and that the incarnation is a poetic rather than a literal claim. Estimating that ninety percent of the printed Bible is divine truth which readers abandon on account of the remainder, he presents the Quran as a mathematically composed final edition with four functions: exposing the injected contradictions, confirming the Bible's genuine content, settling controversies such as the crucifixion, which he says was inflicted on Jesus' body after the soul had been raised, and confirming earlier miracles such as the parting of the Red Sea. He illustrates the crucifixion argument with the case of artificial-heart recipient Bill Schroeder and closes by giving his Tucson address and telephone number for questions.",-
Video,10,8,Evolution or Creation: The Final Argument by Dr. Rashad Khalifa,1987-03,month,newsletter-announcement,-,55:30,Dr. Rashad Khalifa,6vwJfbVseP0,https://www.youtube.com/watch?v=6vwJfbVseP0,08 - Evolution or Creation The Final Argument by Dr. Rashad Khalifa.csv,456,46,"Dr. Rashad Khalifa, a biochemist, examines the evolution-creation debate as it reached the Supreme Court in 1987, arguing that mathematics can settle which events are probable. He summarizes Darwin's proposal and the modifications science has since imposed on it, punctuated equilibrium replacing gradual evolution and the abandonment of Lamarck, and offers the navel orange as an instance of real evolution within a kind. He then develops a probability argument from five cubes yielding 120 permutations up to 84 cubes, where the chance of one specific arrangement is effectively zero, and applies it to the 30 billion nucleotides of the human genome, the complexity of the so-called simple cell, and the eye, asking what told the dragonfly to stop at 30,000 lenses. Turning to creation, he argues that a mathematically coded message would constitute proof, quotes Duane Gish conceding that creation cannot be tested, cites Rabbi Judah the Pious on nineteen occurrences in the morning prayer, and describes putting the Quran into a computer and finding 19 across the initialed chapters and the four words of the opening statement, noting the finding's mention in Scientific American in September 1981. He concludes that the document confirms life beginning in water and presents evolution as a divinely guided process still underway, so that science and religion need not conflict, while correcting popular creationist claims about the age of the Earth, Noah's ark and the extent of the flood, which he blames for Darwin's own loss of faith.",Trimmed: the radio debate segment was removed (it is published separately as 13). Cut at 00:55:49.240.
Video,11,9,King of Chaos,1986-05,month,newsletter-announcement,-,1:03:23,Dr. Rashad Khalifa,cAvmtN9gUU4,https://www.youtube.com/watch?v=cAvmtN9gUU4,09 - King of Chaos.csv,426,42,"The second in a series of programs, in which Dr. Rashad Khalifa addresses why a world governed by a loving God contains famine, disease and war. He first establishes scale, working from the 93 million miles between Earth and the Sun through the Milky Way, a universe of a billion galaxies spanning 26 billion light years, and the seven nested universes he says the Quran describes as held in God's hand. He then narrates the origin of the arrangement: angels created with immense powers, one of them, Satan, concluding privately that he could be a god in his own right; God choosing to expose him rather than destroy him by creating Adam from mud and commanding the angels to prostrate; and then granting Satan the planet Earth as a dominion, with those humans who accept his view that God alone is not enough serving as his constituents. On this account the misery in the world is the visible result of Satan's incompetence, while those who side with God's view belong to a kingdom he describes as free of illness, financial trouble and even headaches. He sets out how to switch, citing Sura 29:2 on being tested and the trial of Job, distinguishes four kinds of disaster, admission tests, educational disasters, blessings in disguise and retributive disaster, and closes on repentance turning past sins into credits, the suffering of children, and idolatry as the one sin unforgivable at death.",-
Video,12,20,Friday Sermon: Knowing GOD: GOD is Doing Everything (06/05/1987),1987-06-05,day,title,-,32:58,Dr. Rashad Khalifa,pHVYKB7wnCY,https://www.youtube.com/watch?v=pHVYKB7wnCY,20 - Friday Sermon Knowing GOD GOD is Doing Everything (06-05-1987).csv,341,20,"Dr. Rashad Khalifa delivers what he calls the most important sermon he has given, arguing that belief in God is not sufficient because the Quran repeatedly states that the majority of believers will go to Hell. Drawing on Sura 12:106, Sura 23:84-90 and Sura 29:61-63, he contends that real belief requires recognizing that God runs everything, and he prescribes a new zikr, the constant repetition of ""God is running everything,"" to be kept up throughout the day. He illustrates the point with Joseph's dream preceding his brothers' apparent decision, his own recent trip to Egypt, a printing error at the Muslim Perspective, and an analogy of foreknowledge as travel in time, concluding that to think anyone else acts independently is shirk. The second sermon warns that anger, complaint and even private suspicion backfire because they amount to objecting to God, and closes with reflections on moderation in eating and on the scale of a universe containing a billion trillion stars.",-
Video,13,21,"Friday Sermon: GOD is Doing Everything, Rearranging Our Priorities (07/1987 No. 2)",1987-07,month,title,-,35:16,Dr. Rashad Khalifa,Kk-DvqUSJ1M,https://www.youtube.com/watch?v=Kk-DvqUSJ1M,"21 - Friday Sermon GOD is Doing Everything, Rearranging Our Priorities (07-1987 No. 2).csv",429,20,"Dr. Rashad Khalifa continues the previous sermon's conclusion that God is doing everything and turns to the rearranging of priorities, diagramming the human being as a body that lasts perhaps a hundred years and a soul that lasts forever. He argues that people devote schooling, careers and money to the vanishing body while starving the real person, citing Rock Hudson and Liberace as cases of fame and wealth that left the soul undeveloped, and reads Sura 18:45-47 on this world as vegetation turning to hay and on money and children as its adornments. The second sermon contrasts a believer's morning with a neighbor's and stresses commemorating God throughout the day, then presents a passage he asks the congregation to identify, which argues that no letter of a prayer text may be added or omitted because any change destroys an inherent numerical harmony. He applies that argument to the addition of ""Amen"" to Al-Fatehah and to the Quranic warning addressed to those who are heedless of their prayers.",-
Video,14,22,"Friday Sermon: Quran vs Bible Code, End of the World Revealed 2280AD (07/1987)",1987-07,month,title,-,26:42,Dr. Rashad Khalifa,MR6UI5rp8OM,https://www.youtube.com/watch?v=MR6UI5rp8OM,"22 - Friday Sermon Quran vs Bible Code, End of the World Revealed 2280AD (07-1987).csv",278,21,"Dr. Rashad Khalifa contrasts the Quran's mathematical structure with a computer study of the Torah conducted at the Hebrew University, playing a clip in which Professor Richard Elliott Friedman dismisses that work on Larry King as statistically bogus because the letter interval was chosen by trial until a word appeared. He argues that the Quran's case is different because its initials were fixed in the text, walking through counts of Q, N and Saad, the seven H.M. chapters, ALM in Sura 2 and the five initials of Sura 19, each a multiple of 19, and notes that he has offered to abandon the entire finding if a single error is produced. The second sermon defends his claim that the Quran dates the end of the world, deriving 1709 years from the numerical total of the fourteen initial sets in light of the ""seven pairs"" mentioned in Sura 15, corresponding to 1710 AH and 2280 AD, and citing the 309 years of the people of the cave in Sura 18 as confirmation. He stresses that this dating is a piece of information rather than a condition of salvation, since he reads the Quran's minimum requirements as belief in God, belief in the Hereafter and a righteous life under any religious name.",-
Video,15,23,Friday Sermon: Universal Unity Through Devotion to GOD Alone,1987-09,month,newsletter-and-series,-,19:48,Dr. Rashad Khalifa,_Ll4qVZof-8,https://www.youtube.com/watch?v=_Ll4qVZof-8,23 - Friday Sermon Universal Unity Through Devotion to GOD Alone.csv,286,18,"Dr. Rashad Khalifa introduces an idea he calls Universal Unity through Devotion to God Alone, arguing that Protestants and Catholics, Jews and Muslims, Hindus and Sikhs, Sunnis and Shias all share belief in God and are divided only by human figures such as Jesus, Mary, Muhammad, Martin Luther and Joseph Smith. He announces a video program on the theme and a change to the mosque's sign from submission to devotion, reasoning that a person can submit to something while hating it. The first sermon then turns to polygamy, which he treats as a permitted law being abused among Muslims in the United States, offering Muhammad's twenty-five years of monogamy with Khadija and his later marriages to widows as the standard and proposing that the test is whether a marriage alleviates or creates sorrow. The second sermon takes up a statement he attributes to Jesus that people do not know God, and reviews the scale of the solar system, a billion trillion stars across a billion galaxies, and the seven nested universes of the Quran to argue both God's greatness and God's capacity to attend to every individual creature. Related recording: the video program on Universal Unity that Khalifa announces in this sermon appears to be the August 1987 segment appended to ""16 - Essentials of Submission (Islam)"" in this collection. The two are separate recordings covering the same theme, not the same talk.",Separate recording from 16 despite the shared theme. Measured: zero verbatim overlap.
Video,16,24,Friday Sermon: The Mathematical Miracle Proves the Quran to be the Word of GOD (10/16/1987),1987-10-16,day,title,-,27:25,Dr. Rashad Khalifa,2Wy8xnVvyX8,https://www.youtube.com/watch?v=2Wy8xnVvyX8,24 - Friday Sermon The Mathematical Miracle Proves the Quran to be the Word of GOD (10-16-1987).csv,318,21,"Dr. Rashad Khalifa argues that his generation is uniquely fortunate because the mathematical composition of scripture supplies tangible proof for statements earlier generations could only take on faith, such as Moses' staff becoming a snake or Jesus reviving the dead. He reviews the evidence in ascending order, including the nineteen letters of the opening verse, the 114 chapters, the 57 occurrences of Q in each of the two Q-initialed chapters, and the 2147 H.M. letters across seven chapters, noting that a hostile reviewer has now conceded several of the counts while still calling them coincidence. The center of the sermon is a discovery he credits to Lisa: that between the first Quranic initial in Sura 2 and the last in Sura 68 the verses number 5263 and the chapters fall into nineteen alternating groups, that the word Allah occurs 57 times outside that span, and that the sura and verse numbers of those occurrences total 2432, while Sura 68 itself does not contain the word at all. He closes by reading Psalm 91, which he holds to be mathematically authenticated as well, and applies its promise of angelic protection to the believer's confidence that God controls every outcome.",-
Video,17,25,"Friday Sermon: Evidence is Increasing, This Life is a School for the Eternal Life (11/1987)",1987-11,month,title,-,19:38,Dr. Rashad Khalifa,IosZLCyLshg,https://www.youtube.com/watch?v=IosZLCyLshg,"25 - Friday Sermon Evidence is Increasing, This Life is a School for the Eternal Life (11-1987).csv",261,19,"Dr. Rashad Khalifa reviews the latest issue of the Muslim Perspective and the accumulating numerical findings it reports, opening with an account of a Saudi visitor who disputed that Bismillah contains nineteen letters by counting letters not written on the page, and with the two different spellings of bism in the first revelation. He restates the findings credited to Lisa concerning the 5263 verses between the first and last Quranic initials, the nineteen alternating groups of chapters, and the occurrences of the word Allah, arguing that these confirm the verse numbers, chapter numbers and chapter sequence as divinely fixed rather than editorial. He then presents work by Ihsan on the refrain ""which of God's marvels can you deny"" in Sura 55, its patterning across odd and even verse numbers, and the related occurrences in Suras 7 and 53, whose chapter and verse numbers and letter counts he reports as multiples of 19. The second sermon turns to Sura 38:67 on the momentous event people disregard, describing the Day of Resurrection as a universal conference at which an eternal rank is assigned and this life as a school in which credits are accumulated through the Friday and daily prayers, credits he says begin paying off in the present as an inner happiness only God controls.",-
Video,18,26,Friday Sermon: Quran is the Only Book in the World That is Mathematically Composed (11/1987),1987-11,month,title,-,15:37,Dr. Rashad Khalifa,r--5GDUhUn8,https://www.youtube.com/watch?v=r--5GDUhUn8,26 - Friday Sermon Quran is the Only Book in the World That is Mathematically Composed (11-1987).csv,140,15,"Dr. Rashad Khalifa argues that the mathematical composition of literature is an idea belonging to God alone, noting that no book in a library is composed this way and that the Quran is the only intact example, and illustrates what he means by imagining an instruction to write a chapter containing exactly 500 occurrences of one letter. Delivering the sermon on behalf of Ihsan Ramadan, he presents her findings on whether the numbers assigned to Quranic verses are man-made: the chapter and verse numbers where the word salat occurs total 4674, the verses containing the word Quran total 2660, the word itself appears 57 times once a verse in Sura 10 referring to a different quran is set aside, and adding the 38 chapters involved gives 2698, the same as the number of occurrences of the word Allah. Along the way he treats the contact prayer as the connection lost by the generations described in Sura 19, comparing it to a combination to a safe and to ropes that keep a person out of a sizzling pan. The second half relays two illustrations from Ihsan, a driver who stops at a changing light only because a police car is present and a machine that issues tickets whether or not police are watching, applies this to living in the knowledge that God is nearer than the jugular vein, notes a verse in Sura 68 about those unable to prostrate hereafter because they would not prostrate here, and closes by reading Psalm 62.",-
Video,19,27,Friday Sermon: More Evidence - Memorize This Supplication For Divine Protection (11/1987),1987-11,month,title,-,16:36,Dr. Rashad Khalifa,WoKgh6SA7uk,https://www.youtube.com/watch?v=WoKgh6SA7uk,27 - Friday Sermon More Evidence - Memorize This Supplication For Divine Protection (11-1987).csv,201,17,"Dr. Rashad Khalifa returns to the basics of the mathematical miracle, explaining that 19 carries the meaning ""God is One"" because the letters of wahid served as numerals in the era before Arabic numbers existed. He then reports new counts tied to the pillars of Islam: the word wahid appearing nineteen times in reference to God, the chapter and verse numbers of those occurrences totaling 1425, the five occurrences of wahdahu totaling 361, and the mentions of salat, zakat, siyam and hajj summing to 114. He notes that the chapter-and-verse totals for salat and siyam are multiples of 19 while zakat is one above and hajj one below, and reads this as a message that every Muslim prays and fasts while only some pay zakat or perform hajj. The sermon closes with a finding in Sura Qaf whose verse total yields 19 times 42, the number of the only other Q-initialed chapter, a note that Jesus and Adam are each named 25 times alongside Sura 3:59, and a recommendation to memorize the supplication of Sura 23:97-98 as protection against satanic suggestion.",-
Video,20,28,"Friday Sermon: The Muhammadans Worship Muhammad, Discoveries by Atef and Lisa (12/04/1987)",1987-12-04,day,title,-,23:59,Dr. Rashad Khalifa,eV39kJ4M28g,https://www.youtube.com/watch?v=eV39kJ4M28g,"28 - Friday Sermon The Muhammadans Worship Muhammad, Discoveries by Atef and Lisa (12-04-1987).csv",191,21,"Dr. Rashad Khalifa opens by describing a shift in the reception of the God Alone message from religious leaders to academic researchers, then recounts a visit from the vice president of a Saudi Islamic university who objected to the mosque's sign bearing God's name without Muhammad's beside it. Taking this as an illustration of what he calls the worship of Muhammad, he reads at length from a devotional text describing a pre-existent light of Muhammad from whose sweat the angels, the throne and the prophets are said to have been made, and which assigns trades and religions according to which part of Muhammad's form each soul beheld. The remainder of the sermon reports numerical findings: the word Quran occurring 57 times once a disputed instance is set aside, the word messenger 114 times, and, credited to Lisa Spray, the nineteen chapters spanning the missing Bismillah of Sura 9 and the extra one in Sura 27, whose numbers total 342 and match the count of words between them. He closes with totals involving the unnumbered Bismillahs and 6346 verses, and with a prediction he published in 1986 that governments in the region would change at a rate of three every two years, which he reads as fulfilled by changes of government in Sudan, Yemen and Tunisia.",-
Video,21,29,"Friday Sermon: The Power of Repentance, The Secret of Happiness (01/01/1988)",1988-01-01,day,title,-,27:23,Dr. Rashad Khalifa,SkZHcXGbIL4,https://www.youtube.com/watch?v=SkZHcXGbIL4,"29 - Friday Sermon The Power of Repentance, The Secret of Happiness (01-01-1988).csv",346,19,"Delivered on January 1, 1988, this sermon presents repentance as a means of starting over and then sets out what Dr. Rashad Khalifa calls the secret of happiness, reading the theme he has written for his new Quran translation: that happiness is a quality of the soul rather than the body. He cites Eddie Murphy's interview with Barbara Walters and a televised account of Barbara Hutton's life as cases of wealth and fame without happiness, and describes the utterances Bismillah, Ma Sha Allah, Alhamdu Lillah, Subhan Allah and In Sha Allah as snacks for the soul, with the five daily contact prayers as its full nourishment. Reading Sura 21:1-3 on a reckoning that approaches while people remain heedless, he contrasts this with the previous night's New Year celebrations, and draws on Sura 56 to describe a crowded lower Heaven and an uncrowded first class in which his own generation, as witnesses of the miracle, will be numerous. He closes with a new zikr, the visualization that God is present in the room and hears one's secrets, and with plans for a language-neutral video and a set of flashcards presenting the numerical facts of the code.",-
Video,22,30,"Friday Sermon: GOD is Doing Everything, Story About Ahmed Subhy Mansour (1/22/1988)",1988-01-22,day,title,-,20:39,Dr. Rashad Khalifa,TjuvAGtg0F4,https://www.youtube.com/watch?v=TjuvAGtg0F4,"30 - Friday Sermon GOD is Doing Everything, Story About Ahmed Subhy Mansour (1-22-1988).csv",297,20,"Dr. Rashad Khalifa restates his central claim that God is doing everything, citing Sura 8:17 on a battle in which God rather than the believers did the killing, and Sura 51:56 on worship as the purpose of creation. He presents the variation in sunrise times and in the length of fasting days as a mechanism by which God removes excuses and sorts people by rank, then applies the same logic to the arrival in Tucson of Dr. Ahmed Subhy Mansour, an Al-Azhar graduate whose doctorate argued that the prophet will not intercede on the Day of Judgment, which he reads as God answering the charge that he himself is merely an unqualified chemist. He recounts Mansour's imprisonment in Egypt, the telegrams and recitations of Al-Fatehah he credits with the release, and the Egyptian press campaign calling for the degree to be revoked, along with plans to answer an Al-Azhar editorial by turning the label ""rejector of Sunna"" back on its authors as ""rejector of Quran."" The second half reports on a trip to Vancouver, including the five-day visa requirement for Egyptians, a meeting missed at the Seattle airport, a visa obtained through a shared Lancashire dialect, and well-attended gatherings at which former objectors did not appear.",-
Video,23,31,"Friday Sermon: Our Purpose, GOD's Kingdom vs Satan's Kingdom, Abraham's Dream (03/04/1988)",1988-03-04,day,title,-,22:24,Dr. Rashad Khalifa,hnLrKHqOs18,https://www.youtube.com/watch?v=hnLrKHqOs18,"31 - Friday Sermon Our Purpose, GOD's Kingdom vs Satan's Kingdom, Abraham's Dream (03-04-1988).csv",309,21,"Dr. Rashad Khalifa frames the purpose of human existence as a distinction between God's kingdom, which he describes as free of problems, and Satan's kingdom, permitted on Earth to demonstrate Satan's incompetence to be a god. He explains that entry into God's kingdom comes through following the commandments and nourishing the soul, that showing off or yielding to peer pressure over prayer is self-deception, and that recognizing God as the doer of everything is the decisive condition, then leads the congregation in a collective covenant of irrevocable repentance drawn from the Quranic command tooboo ela Allah. The second sermon dwells on God's mercy, citing the forty years he says a person is granted to make up their mind and the law of equivalence in Sura 2:178, which he reads as restricting capital punishment and leaning toward compensation against the harsher instincts of his listeners. He closes by arguing that God never commanded Abraham to sacrifice his son, since Sura 7:28 states that God does not enjoin vice and Sura 37:102 has Abraham acting on a dream, and that God intervened to save the son, treating the traditional reading as an idolization of prophets whose dreams are held to be true.",-
Video,24,32,Friday Sermon: Seek GOD's Kingship Over You and Everything Else Follows (03/25/1988),1988-03-25,day,title,-,16:31,Dr. Rashad Khalifa,BSkLONbBXp8,https://www.youtube.com/watch?v=BSkLONbBXp8,32 - Friday Sermon Seek GOD's Kingship Over You and Everything Else Follows (03-25-1988).csv,225,19,"Dr. Rashad Khalifa opens from Luke 12:29-31, which he treats as expressing a Quranic idea, and explains what it means to seek God's kingship: giving priority to the five contact prayers and the Friday prayer, attending Quranic study, calculating and distributing the 2.5 percent zakat in the order of recipients the Quran specifies, eventually observing hajj, and keeping the prohibitions. The second sermon identifies the secret of happiness as a nourished soul, citing Eddie Murphy's interview with Barbara Walters as a case of wealth without contentment, then examines God's name Al-Razaq, arguing from Sura 7:43, Sura 10:9 and Sura 49:17 that guidance and the prayers themselves are God's provision rather than a favor done to God. He notes Abraham's prayer in Sura 14:40 to be made an observer of the contact prayers, contrasts this with the sins provided in Satan's kingdom, and repeats that Sura 7:28 rules out God having commanded the sacrifice of Abraham's son. He closes by arguing that mentioning any name besides God's in the prayer nullifies it under Sura 72:18, and that a completed prayer is a gift worth congratulating. Related recording: these two sermons also appear as the sample sermons in the second half of ""18 - Principles of Friday Prayer"" in this collection.",Contained in full inside 18 at 00:17:32-00:31:33.
Video,25,33,"Friday Sermon: Marriage Importance of Love, Muhammad's Example (04/08/1988)",1988-04-08,day,title,-,22:48,Dr. Rashad Khalifa,KPGPbbkGsw4,https://www.youtube.com/watch?v=KPGPbbkGsw4,"33 - Friday Sermon Marriage Importance of Love, Muhammad's Example (04-08-1988).csv",189,19,"Dr. Rashad Khalifa presents the Quranic law of marriage as resting on two requirements: love, which he grounds in Sura 4:24 and Sura 30:21 and says cannot exist without a real period of acquaintance, and a dowry, whose purpose he identifies as security for the wife. He extends the security argument to divorce, citing Sura 2:240-241 on alimony and Sura 65:1 on the prohibition against turning a wife out of the house, and describes the Middle Eastern practice of an official marriage followed by a long interval before consummation as one way of satisfying the first requirement. The second sermon treats self-discipline as the foundation of all religious practice, invoking Sura 7:179 on people who become worse than animals, contrasting the televangelists Jimmy Swaggart and Jim Bakker with a believer whose soul is stronger than the body, and offering his own experience at scientific conferences as illustration. He closes on polygamy, which he says the Quran permits under many conditions while Muhammad's twenty-five years with one wife and his later marriages to widows set the example, and on divorce, which he says God hates and hedges with protections for women drawn from Sura 28:5. Related recording: this sermon also appears as a sample sermon in the second half of ""18 - Principles of Friday Prayer"" in this collection.",Contained in full inside 18 at 00:34:17-00:56:33.
Video,26,34,"Friday Sermon: Proclaiming Messengership, Abraham's Religion (04/15/1988)",1988-04-15,day,title,-,33:37,Dr. Rashad Khalifa; Carole,n5Xflm_Z4jA,https://www.youtube.com/watch?v=n5Xflm_Z4jA,"34 - Friday Sermon Proclaiming Messengership, Abraham's Religion (04-15-1988).csv",231,29,"In this sermon Dr. Rashad Khalifa publicly announces that he has been commissioned a messenger of God, something he says he had known since 1980 and had avoided declaring for eight years. Anticipating resentment, he argues from Sura 18:60-82, Sura 39:65, Sura 21:28 and Sura 49:13 that a messenger is not necessarily better than anyone in the congregation, is not guaranteed Heaven, and serves only as a vehicle for information, and he states that he will not accept money for religious work. He then argues from the distinction between prophet and messenger in Sura 33:40, the covenant of Sura 3:81 and Sura 7:35 that messengers can come after Muhammad, and presents the signs he offers as authorization: the mathematical code of the Quran, the root rashada appearing nineteen times in a Quran index printed the year before his birth, the verse numbers containing the word Allah totaling 118123, and numerical totals linking the names Abraham, Muhammad and Rashad to 855, which he connects with his age of 45 in 1980. The sermon closes with a revised understanding of zakat drawn from Sura 6:141, which he says should be paid at 2.5 percent from each paycheck rather than once a year, and with his account of weeping and prostrating before he accepted making the announcement. Related recording: this sermon also appears as the first part of the compilation ""05 - Old Message, New Messenger"" in this collection.",Contained in full inside 05 at 00:02:33-00:33:28. No overlap with 35.
Video,27,35,Friday Sermon: Rashad Explains His Messengership Details (05/16/1988),1988-05-16,day,title,-,38:04,Dr. Rashad Khalifa; Audience,xouJtIryZ5w,https://www.youtube.com/watch?v=xouJtIryZ5w,35 - Friday Sermon Rashad Explains His Messengership Details (05-16-1988).csv,293,29,"Dr. Rashad Khalifa gives a detailed account of the night in April 1988 that led to his announcement of messengership, describing how he repeatedly opened the Quran at random, across several copies and even by pointing a letter opener into a stack of them, and each time read that he was fired, doomed and unfit because he had been a coward. He says that only after he wept, prostrated and resolved to make the announcement even at the cost of his children and friends did the same procedure begin returning messages of forgiveness, which is why he now speaks without hedging. He restates that messengership carries no rank, since Sura 18 shows Moses as a poor student, Sura 39 warns that even a messenger's work is nullified by idolatry, and Sura 49:13 makes righteousness the only criterion, and he insists on the shahada of Sura 3:18 with no name added to God's. The sermon reviews his own chronology, the 1973 publications on the Quranic initials and the number 19, the year 1400 as a turning point, and the ""seven pairs"" of Sura 15 read as fourteen centuries, then closes with corrections he proposes to zakat under Sura 6:141, to fasting and to hajj, and with the argument from Sura 33:40, Sura 7:35 and the mention of Joseph in Sura 40 that Muhammad was not the last messenger. Related recording: this sermon also appears as the second part of the compilation ""05 - Old Message, New Messenger"" in this collection.",Contained in full inside 05 at 00:36:11-01:11:30. No overlap with 34.
Video,28,36,Friday Sermon: Natural Instinct - Who is The Real You? How to Find Perfect Happiness (05/27/1988),1988-05-27,day,title,-,13:59,Dr. Rashad Khalifa,HW9pLxDpNKk,https://www.youtube.com/watch?v=HW9pLxDpNKk,36 - Friday Sermon Natural Instinct Who is The Real You How to Find Perfect Happiness (05-27-1988).csv,182,18,"Dr. Rashad Khalifa offers a summary overview of the message as he understands it, addressed partly to guests, beginning with the claim that this generation is the first to receive a divine message supported by tangible physical evidence. He describes a covenant taken before creation in which all human beings bore witness that God alone is their Lord, which he identifies as the natural instinct each person is born with, and then answers what he presents as the questions most people cannot answer: who we are, given that a person consists of a body and a soul; why we are here; and what we actually need. The second sermon traces the arrangement back to Satan's claim that he could be a god, which God tested by granting him the planet Earth as a dominion and those humans who choose him as constituents, so that every person stands in one of two kingdoms, one free of problems and one full of them. He closes with the mechanism he offers for perfect happiness, the nourishment of the soul through the Friday and five daily prayers, charity taken from what the body loves, fasting as mastery over the body, and pilgrimage commemorating Abraham, noting that some earlier scriptures also carry the mathematical code.",-
Video,29,37,"Friday Sermon: The Meaning of Life, Discovering the Miracle (07/15/1988)",1988-07-15,day,title,-,24:58,Dr. Rashad Khalifa,vx22QER90B4,https://www.youtube.com/watch?v=vx22QER90B4,"37 - Friday Sermon The Meaning of Life, Discovering the Miracle (07-15-1988).csv",201,23,"Dr. Rashad Khalifa recounts a cosmology in which Satan's claim to be a god was tested by granting him the planet Earth as a dominion and, as constituents, those descendants of Adam who share his view that God alone is not enough, with every human being consulted beforehand and agreeing to take the test. He describes the instinctive knowledge and the messengers given on one side and, on the other, a jinn born alongside each person to whisper Satan's argument, and reads the surrounding universe of a billion galaxies as Satan's prison cell, too small for him to leave. The second sermon argues that Satan's method is to capture leaders rather than followers, naming the Pope, the imams of jurisprudence and students at Al-Azhar and the Islamic University in Medina, and inserts a newly reported finding that the distinct numbers appearing in the Quran sum to a multiple of 19. He closes with an account of how the discovery came about: a six-month computer course at Monsanto that coincided with his curiosity about the Quranic initials, and a move to the food research department of Anheuser-Busch where the work was completed, which he reads as the miracle having been hidden in Satan's own pocket and as evidence that Satan's knowledge is limited.",-
Video,31,39,Friday Sermon: Who is Your GOD? Majority of Believers Are Going to Hell (10/28/1988),1988-10-28,day,title,-,30:17,Dr. Rashad Khalifa,mw2PxMFm6r4,https://www.youtube.com/watch?v=mw2PxMFm6r4,39 - Friday Sermon Who is Your GOD Majority of Believers Are Going to Hell (10-28-1988).csv,192,23,"Dr. Rashad Khalifa asks the congregation to examine the question ""who is your god,"" noting that the Quran repeatedly describes people who identify God as creator yet are destined for Hell. His answer is that whatever preoccupies a person's mind for the majority of the day is that person's god, supported from Sura 25:43 on one whose god is his own self, Sura 33:41-42 on commemorating God without limit, Sura 3:191, Sura 2:165 and 2:200, and Sura 63:9 and 64:14-15 on money, spouses and children as distractions and tests. He proposes dividing the day into a hundred units to measure how many are spent thinking of God, warns from Sura 18:42 and Sura 7:190 that whatever is idolized will eventually be lost, and gives practical means of remembrance: the first words spoken on waking, the five prayers as concentrated remembrance, Bismillah before eating, and Ma Sha Allah or Subhan Allah at any occasion. The sermon closes by answering students who ask why they do not get straight A's, arguing that God grants victory where it counts, illustrated with a broadcast recording of Sammy Khalifa's final at-bat of the season.",-
Video,32,40,"Friday Sermon: Classification of Creatures, Loving GOD, Hell is not Enough (12/09/1988)",1988-12-09,day,title,-,21:56,Dr. Rashad Khalifa,2sydJIGEp1I,https://www.youtube.com/watch?v=2sydJIGEp1I,"40 - Friday Sermon Classification of Creatures, Loving GOD, Hell is not Enough (12-09-1988).csv",235,24,"Speaking without prepared notes, Dr. Rashad Khalifa asks why believers should love God most, and answers by reconstructing an account in which unclassified creatures divided when Satan claimed he could be a god: those who accepted God's absolute authority without question became angels, Satan became a jinn, and those who agreed with him mentally became human beings. He says that when God offered these humans a second chance on Earth, the angels of Sura 2 asked whether God would place corrupters there, which he reads as a call to send them straight to Hell, and he finds parallel traces in Romans 3:23, Romans 6:23 and Hebrews 1:3. The second sermon argues that the human race remains bad enough to justify that judgment, pointing to mosques he says violate Sura 72:18 and churches that call Jesus God, and then explains why he believes two false verses in Sura 9 were allowed to stand for fourteen centuries: a proposal during Uthman's committee to add praise of the prophet, which he says Ali opposed, leading to fifty years of war, the killing of the prophet's family at Karbala, and Marwan burning the original copy. He closes with the retribution described in Sura 22:19-22, an account of a Los Angeles meeting where Muslim attendees attacked his presentation rather than a professor who had called the Quran a hallucination, and the point that summing the Quran's numbers leaves no room for disputes about letter counts.",-
Video,33,41,Friday Sermon: What About Previous Generations? (12/30/1988),1988-12-30,day,title,-,21:41,Dr. Rashad Khalifa,WZpZHLONMeM,https://www.youtube.com/watch?v=WZpZHLONMeM,41 - Friday Sermon What About Previous Generations (12-30-1988).csv,146,21,"Dr. Rashad Khalifa, working on the final pages of his new translation, takes up the recurring question of what becomes of earlier generations who lacked the complete message, recalling Pharaoh's question to Moses. He answers with a population estimate: about 6 billion people have lived from Adam until 1989, against some 75 billion still to come before the end of the world in 2280, so that the vast majority of humanity will receive the message intact. He revisits the classification of creatures into angels who never doubted God's absolute authority, jinns who accepted Satan's claim, and humans who remained undecided, and argues from Sura 19:71-72, Sura 21:101 and Sura 7:32 that this world is itself a mild or halfway Hell, defined as the absence of God's physical presence and distinguished from the eternal Hell by the fact that God still provides for believer and disbeliever alike, as in Sura 2:126. The second sermon previews a finding credited to Abdullah that stringing together the chapter and verse numbers of the Quran, stopping Sura 9 at verse 127, yields a number miles long that is a multiple of 19, and that the same holds for the units of the five prayers, then reads Malachi 3 on the Messenger of the Covenant and disputes the Christian identification of that figure with John the Baptist.",-
Video,34,10,United Submitters International Conference: Explaining the Fulfillment of the Covenant (1988),1988,year,title,-,18:54,Dr. Rashad Khalifa; Ismail; Azhar,NaMA9rybg5Y,https://www.youtube.com/watch?v=NaMA9rybg5Y,10 - United Submitters International Conference Explaining the Fulfillment of the Covenant (1988).csv,190,21,"Answering a question at a 1988 United Submitters International conference, Dr. Rashad Khalifa recounts an experience during his pilgrimage in Mecca. Listening to the reciter Sheikh Al-Banna on Cairo radio on a Tuesday morning after the dawn prayer, he says that during the recitation of Sura 55 he was taken somewhere in the universe and shown all the prophets in turn, each appearing as in an oval portrait and nodding approvingly, with only Abraham identified to him by name, and that he was told at the time it was not his concern. He says the meaning was explained to him four months before this conference as the fulfilment of Sura 3:81, the prophets affirming a pledge to support a messenger who would confirm their messages. He then argues from Sura 16:2 and from Sura 22:75, which he stresses is in the present tense, that God continues to choose messengers, that everyone present who calls people to worship God alone is a messenger and a witness under Sura 22:78, and that his own role differs only in being specific. The session closes with a telegram from Ahmad Deedat addressing him by an Arabic epithet he locates in Suras 38 and 54, and with questions about the prophecy in Suras 9 and 48 that the message will prevail, the nineteen words of Sura 110, and the message reaching Japan and Latin America.","Speaker labels corrected: 69 rows across 6 ranges were relabelled to Dr. Rashad Khalifa, verified by ear at the four boundary timestamps. Two of the six ranges (rows 168 and 189) were rows an earlier text-only pass had wrongly assessed as correct. Final state 184 Dr. Rashad Khalifa, 5 Ismail, 1 Azhar, and every remaining non-Khalifa row carries its own inline name prefix."
Video,35,42,"Friday Sermon: Remember GOD Constantly, Submitter vs Objector (01/13/1989)",1989-01-13,day,title,-,18:33,Dr. Rashad Khalifa,Giya8_xs2iE,https://www.youtube.com/watch?v=Giya8_xs2iE,"42 - Friday Sermon Remember GOD Constantly, Submitter vs Objector (01-13-1989).csv",224,21,"Dr. Rashad Khalifa opens with a finding he credits to Mahmood, that placing the numerical values of the letters of La Elaha Ella Allah side by side produces a multiple of 19, and connects it to counts he associates with the bones of the body and the length of gestation. The main sermon is an examination of conscience built around the question ""who was your god last week,"" walking the congregation through an ordinary Saturday, waking with Bismillah, praying before sunrise, and pausing over the milk drawn from blood, the grain, the fruit, the clothing, the heater, the car and the traffic light, asking at each point whether God was actually in mind. He returns to Luke 12:29-31 and the argument that God runs everything, leaving a person only the choice between two kingdoms, and reassures listeners that the habit will take months to form. The second sermon divides humanity into submitters, who accept whatever God does and are therefore always happy, and objectors, who are always miserable, then asks why God named the longest chapter of the Quran after a cow, answering that the Israelites' haggling over which cow to sacrifice illustrates the arguing that total submission excludes, as with disputes over the four steps of ablution.",-
Video,36,43,"Friday Sermon: Revelation of Quran to Revelation of Miracle, Importance of Dawn Prayer (02/03/1989)",1989-02-03,day,title,-,26:47,Dr. Rashad Khalifa,zQLIUjxFIRw,https://www.youtube.com/watch?v=zQLIUjxFIRw,"43 - Friday Sermon Revelation of Quran to Revelation of Miracle, Importance of Dawn Prayer (02-03-1989).csv",205,25,"Prompted by a question relayed from Canada about the interval between the revelation of the Quran and the revelation of its mathematical code, Dr. Rashad Khalifa traces the early history of Islam: the Quran placed in the prophet's heart in one night of Ramadan, its gradual release through Gabriel, three years of secret preaching, a boycott outside Mecca, Omar's conversion, and the Hijra thirteen years later. He dates his own identification of 19 as the code's common denominator to January 1974, corresponding to the close of 1393 after the Hijra, and reports that adding the Christian and Hijra figures gives 1406, or 19 times 74, the number of the chapter in which 19 is mentioned, which he reads as evidence that this history was predestined. The second sermon urges attention to the Dawn Prayer, arguing that the Quran's own name for it requires it before sunrise, that rising for it lubricates the joints and strengthens the soul against the body, and that varying sunrise times work as a sifting process which gradually reduces the number who keep it. He also defends a previous week's khutba by Mahmood Abib, citing Abraham's request to have his heart assured, and returns to his own eight years of resistance to announcing his messengership, the test he now reads in Sura 17:94, and the case of Kassim Ahmad in Malaysia as a believer who accepted everything else but not the announcement. Related recording: the Dawn Prayer segment also appears appended to ""16 - Essentials of Submission (Islam)"" in this collection.",Passage at 00:11:15-00:15:14 is quoted in 16.
Video,37,44,"Friday Sermon: Original Sin, Only GOD Guides, Majority of Believers Are Going to Hell (03/03/1989)",1989-03-03,day,title,-,20:38,Dr. Rashad Khalifa,TjVsEBcoQro,https://www.youtube.com/watch?v=TjVsEBcoQro,"44 - Friday Sermon Original Sin, Only GOD Guides, Majority of Believers Are Going to Hell (03-03-1989).csv",233,19,"Dr. Rashad Khalifa returns to the account of a crime committed billions of years ago in which creatures failed to uphold God's absolute authority, and to the angels' suggestion in Sura 38 that all such creatures be sent to Hell. Drawing on Sura 12:103 and 12:106, he argues that this explains why most people will not believe and why most who do believe will still idolize something, so that the whole universe exists for the redemption of a small minority, a fortune he compares to matching every number on a lottery ticket with a million numbers. The core of the sermon is his reading of Sura 21:51 on Abraham given his guidance because God already knew him, Sura 12 on Joseph diverted from sin, and Sura 28:68-69 on God creating and choosing, which he takes to mean that each person arrives already marked for the High Heaven, the lower Heaven or Hell, and that this explains the circumstances which brought each listener to the mosque. The second sermon notes that only a few years earlier they too were praying wrongly, restates that people who name God as creator can still be destined for Hell because they do not know God, and criticizes those who invoke God's will as an excuse for idolatry or for prohibiting what God did not prohibit.",-
Video,38,45,"Friday Sermon: Purpose of Messengers, The Advent of the Pure Quran (03/17/1989)",1989-03-17,day,title,-,30:39,Dr. Rashad Khalifa,ykEO0HzdgvM,https://www.youtube.com/watch?v=ykEO0HzdgvM,"45 - Friday Sermon Purpose of Messengers, The Advent of the Pure Quran (03-17-1989).csv",211,27,"Marking one year since his announcement, Dr. Rashad Khalifa devotes the sermon to the question posed by the May 1989 Muslim Perspective: why God would send a messenger now. He grounds the answer in Sura 2:151 and the three modes of divine communication described in Sura 43, then sets out his reasons, beginning with the projection that some 70 billion people are still to come against 6 billion who have lived so far, and the claim that the pure Quran God intends has never existed, since Uthman's committee arranged the chapters from the prophet's chronological copy and two verses were added at the end. The bulk of the sermon catalogues practices he says Muslims perform wrongly, the Azan, the nine steps of ablution, names added to the salat, zakat delayed a year rather than paid on receipt, the timing of Ramadan, a hajj compressed into a single day, and visits to the prophet's tomb, alongside a critique of laws prescribing execution and of contemporary events including the Pan Am bombing and Khomeini's suppression of free expression. The second sermon promises a gentler second year, reads Sura 43:21, Sura 23:44 and Sura 40 on messengers rejected in succession and on belief that arrives too late, and closes with the nineteen-word chapter of victory and his sense that this message has reached more people in a messenger's lifetime than any before it. Related recording: the segment arguing that zakat is due on receipt rather than annually also appears in ""16 - Essentials of Submission (Islam)"" in this collection.",Passage at 00:14:00-00:21:18 is quoted in 16.
Video,39,46,Friday Sermon: Why Announce Messengership? (08/11/1989),1989-08-11,day,title,-,27:15,Dr. Rashad Khalifa,SjLp8919uQo,https://www.youtube.com/watch?v=SjLp8919uQo,46 - Friday Sermon Why Announce Messengership (08-11-1989).csv,320,25,"Dr. Rashad Khalifa addresses a question he says friends keep putting to him: why announce messengership at all rather than simply worship God alone. His answer is that worshipping God alone entails believing everything God says, including the statements he reads in Sura 2:285, Sura 33:40 and Sura 3:81 that Muhammad was the last prophet but not the last messenger and that a consolidating messenger would follow, so that Sura 49:15-16 makes real belief depend on believing in God and His messenger without doubt. He grants that doubt is permissible for a submitter but must be overcome, warns from Sura 57:14 of hypocrites who will one day ask believers ""were we not with you,"" and identifies the ego of Sura 45:23 as the reason some drop out, noting that the root rashada occurs nineteen times in a Quran index printed the year before his birth, a finding he credits to Edip. The second half offers three questions to put to one's jinn companion when doubts arise: what the claimant advocates, whether he possesses real physical proof, and whether he makes money from the message, and he states that he arranges matters so that more goes out of his pocket on printing than comes in from sales.",-
Video,40,47,"Friday Sermon: Proving Every Verse, Word, Letter, with Irrefutable Evidence (11/09/1989)",1989-11-09,day,title,-,27:11,Dr. Rashad Khalifa; Edip; A woman; Abdullah,z-T6559DUFc,https://www.youtube.com/watch?v=z-T6559DUFc,"47 - Friday Sermon Proving Every Verse, Word, Letter, with Irrefutable Evidence (11-09-1989).csv",215,20,"Dr. Rashad Khalifa presents what he describes as two new mathematical findings received after a conference, both concerning the numbering rather than the wording of the Quran. The first extends a display already on the mosque wall, in which the chapter and verse numbers of the whole Quran are written as one long number, by inserting a zero for every unnumbered Bismillah at the head of a chapter, with none inserted for Sura 9, which has none, yielding a number of 13,038 digits that remains divisible by 19; he credits the suggestion to Ali Fazeli and the computation to Abdullah. He distinguishes these structural findings from the literary side of the code, the counts of the Quranic initials and of words such as Allah and Quran, and argues from Sura 17:81 that what cannot be imitated is this composition rather than the prose. The second finding gives each verse both its number within its chapter and its sequential number in the whole Quran, 6346 in total, and strings all of these together with the chapter numbers into a number of 37,088 digits, with both the digit count and the number itself multiples of 19, a result he says collapses entirely if the two verses he regards as false at the end of Sura 9 are included.",-
Video,41,48,"Friday Sermon: The Heavenly Feud, The Importance of Killing the Ego (11/29/1989)",1989-11-29,day,title,-,27:40,Dr. Rashad Khalifa; Edip,wGjIUItMBs4,https://www.youtube.com/watch?v=wGjIUItMBs4,"48 - Friday Sermon The Heavenly Feud, The Importance of Killing the Ego (11-29-1989).csv",305,24,"Dr. Rashad Khalifa opens with a finding he credits to Edip concerning Sura 1: that writing the chapter number followed by its verse numbers, and again followed by the letter counts of each verse, yields multiples of 19, as does the sequence of units in the five daily prayers, which he takes as confirmation that only Al-Fatehah is recited in the contact prayer. The main sermon has two themes, how bad human beings are and how fortunate his congregation is, developed through an account of the heavenly feud in Sura 38:69 in which Satan's ego led a minority of creatures to withhold assent to God's absolute authority, after which most of that minority accepted a second offer and came as animals, stars and trees, which he reads as the sense of Sura 22:18 and Sura 55:6 on their prostration. Humans and jinns, he argues, refused that offer out of ego, unwilling to arrive as a horse that submits to any rider, which is why Sura 2:54 commands killing the ego and why he believes ego alone explains those who rejected his announcement without producing a single reason against it. The sermon closes with the World Conference on the Finality of Prophethood convened in Chicago, a flyer he notes contains neither God's name nor the Quran, the nineteen questions he intends to have put to its organizers, and the text of the letter he sent them inviting them to examine his evidence. Related recording: the Sura 1 and prayer-unit finding presented here is reviewed and extended in ""50 - Friday Sermon Miracle of Miracles - Al-Fatiha, Proving the Five Salat (12-08-1989)"" in this collection.",-
Video,42,49,"Friday Sermon: Proving Salat al-Jummah, The Righteous Go Straight to Heaven (11/26/1989)",1989-11-26,day,title,-,28:01,Dr. Rashad Khalifa,jKQBiifiywo,https://www.youtube.com/watch?v=jKQBiifiywo,"49 - Friday Sermon Proving Salat al-Jummah, The Righteous Go Straight to Heaven (11-26-1989).csv",190,22,"After noting evidence presented the previous week that the Friday prayer and its two sermons form part of the mathematical code, Dr. Rashad Khalifa contrasts the submitter, who accepts new knowledge from God, with those who follow only what their parents taught, then reads Malachi 3, Luke 17:22-36, Matthew 24:27 and Sura 3:81 as announcements of the Messenger of the Covenant. Prompted by birthday wishes, he observes that November 19 is the only date in the year whose day-number, 323, is itself a multiple of 19, and reports a finding by Azhar Khan that the numerical values of the Arabic letters up to 1000 sum to a multiple of 19, which he offers as validating the claim that 19 is the value of the word for one. The second sermon presents what he calls great news, that the righteous go straight to Heaven at the moment of death, building the case from verses describing angels seizing the souls of disbelievers against verses describing the righteous being invited. He draws on Sura 2:25, 2:154, 3:169 and 22:58 on the dead being alive and provided for, on Sura 44:56 concerning tasting no death beyond the first, and on the man of Sura 36:20-27 who is told to enter Paradise and wishes his people on Earth could know.",-
Video,43,50,"Friday Sermon: Miracle of Miracles - Al-Fatiha, Proving the Five Salat (12/08/1989)",1989-12-08,day,title,-,32:12,Dr. Rashad Khalifa; Edip,giPezcvmffA,https://www.youtube.com/watch?v=giPezcvmffA,"50 - Friday Sermon Miracle of Miracles - Al-Fatiha, Proving the Five Salat (12-08-1989).csv",238,24,"Dr. Rashad Khalifa devotes the first sermon to numerical findings contributed by three people. He reviews what he calls the miracle of miracles, in which the units of the five daily prayers written alongside representations of Sura 1, including its verse count, letter counts and numerical values, produce multiples of 19 even when the order is reversed; presents Saeed Talari's tally of the Fatehahs, bowings, prostrations and tashahuds in each prayer; and adds Edip Yuksel's observation that the lips meet exactly nineteen times when Al-Fatehah is recited, together with Soad's finding that the letter-position values of Noah, Abraham and Muhammad match the verse counts of the chapters bearing their names. In the second sermon he speaks about his mother's death, which he learned of days after preaching that the righteous do not die but go straight to Heaven, and reads the sequence of events as an assurance of the kind promised in Sura 41:30. He describes a mocking telephone call that preceded the news, the circumstances of her death while waiting for a cup of tea, the funeral prayer in Egypt led unexpectedly by a believer who opened the Quran to the example of Pharaoh's wife, and contrasts his grief at his father's death, which he believes came in disbelief, with his present happiness. Related recording: the Sura 1 and prayer-unit finding reviewed at the start was first presented in ""48 - Friday Sermon The Heavenly Feud, The Importance of Killing the Ego (11-29-1989)"" in this collection.","Speaker labels corrected: 107 rows from 00:18:49.718 to the end were relabelled from Edip to Dr. Rashad Khalifa, verified by ear."
Video,44,51,Friday Sermon: United Submitters International Conference (1989),1989,year,title,-,22:08,Dr. Rashad Khalifa; A man,P-G9Y2ayqkM,https://www.youtube.com/watch?v=P-G9Y2ayqkM,51 - Friday Sermon United Submitters International Conference (1989).csv,226,21,"Delivered at the opening of a United Submitters International conference, this unprepared sermon doubles as Dr. Rashad Khalifa's welcome to the attendees, whom he calls the most important people on Earth and the elite of the elite described in Sura 56. He reads Sura 3:26 on God as possessor of all kingship and Sura 53 on God alone making a person rich or poor, happy or miserable, and argues that any intelligent creature would therefore attach itself to God alone. He warns that those present are the primary target of Satan, cites Sura 29:2 on believers being tested, and describes people who recently failed such tests, before addressing the accusation that his followers follow him rather than God, insisting that his own opinions carry no authority. The second sermon argues that since idolatry is the only offense unforgivable at death, any suspicion of it should be avoided, and that the shahada God states in Sura 3:18 and Sura 47:19 carries no name besides God's; he closes by telling conference attendees to measure every view they hear during the week against the Quran alone, since even a small doubt keeps a person at the lowest rank of submission.",-
Video,45,11,United Submitters International Conference: Final Speech by Dr. Rashad Khalifa (1989),1989,year,title,-,56:41,Dr. Rashad Khalifa; Edip; Ismail; Christie; A man; Christina; A woman; Raymond; Sophie; People; Susan; A third woman; Cecilia,oLFyMIlEPRM,https://www.youtube.com/watch?v=oLFyMIlEPRM,11 - United Submitters International Conference Final Speech by Dr. Rashad Khalifa (1989).csv,561,55,"Dr. Rashad Khalifa's closing address to the 1989 United Submitters International conference, delivered without notes and turning partway through into a series of direct confrontations. He frames this world as a remedial school and congratulates the audience for passing what he calls the hardest test, accepting that a human being like themselves is a messenger of God, a test he says took him eight years. Answering the persistent curiosity of Edip Yuksel and Feroz Karmally, he describes how revelation reaches him: not as a visible Gabriel, as with Mary in the Quran, but as his mind being taken over by a single piece of information, which he first dismissed as satanic, and he corrects an earlier impression by saying he was never ordered to announce, only told. He recounts the near-disclosure at the previous San Francisco conference, Ismail Barakat's determination to ask him point-blank and his own prayer that no one would, followed by the anticlimax of friends replying that they had known all along. The address then names individuals, challenging Christie of Vancouver over what she said privately, Sophie and Raymond over hosting people he regards as opponents, and Susan Ray over telling others that his translation contains mistakes, invoking Sura 58 on not befriending those who oppose God and His messenger, rejecting ""do not judge"" as a satanic principle, and closing with Sura 49 on believers who harbor no doubt and Sura 57:13-14 on hypocrites who ask ""were we not with you.""","Speaker labels corrected after audio verification: an unprefixed 7-row turn by Ismail (00:16:05-00:16:42) had been absorbed into the Khalifa label, one interjection carrying its own inline prefix was still labelled Khalifa, and one chairing line was labelled Ismail. Two of the three were invisible to the earlier text-only check, which only examined rows already labelled with a non-Khalifa name."
Video,46,12,City Council Al-Fatiha Recitation by Dr. Rashad Khalifa,-,-,-,-,1:12,City Council Member; Clerk; Mr. Davis; Dr. Rashad Khalifa,OSLo75uochY,https://www.youtube.com/watch?v=OSLo75uochY,12 - City Council Al-Fatiha Recitation by Dr. Rashad Khalifa.csv,16,4,"A short clip from a Tucson city council meeting at which Dr. Rashad Khalifa, introduced as imam of the Islamic mosque of Tucson, delivers the evening's invocation. After the roll call and the clerk's announcement, he recites Sura 1, Al-Fatehah, in English translation, rendering it as praise to God, Lord of the universe, Master of the Day of Recompense, and a request to be guided in the right path. The recording runs just over a minute and closes with ""Amen.""",-
Video,47,13,Excerpts From a Radio Debate With Dr. Rashad Khalifa,1987,year,broadcast-context,-,4:20,Radio Host; Dr. Rashad Khalifa; Prof. Jeff Clark,8RMX5y_ekEU,https://www.youtube.com/watch?v=8RMX5y_ekEU,13 - Excerpts From a Radio Debate With Dr. Rashad Khalifa.csv,39,8,"Excerpts from a radio debate between Dr. Rashad Khalifa, a biochemist arguing for creation, and Professor Jeff Clark, an anthropologist at Arizona State University who holds that creationism is not a science and does not belong in science classrooms. Khalifa accepts the premise that science is how truth is established and argues that mathematics is the most rigorous of the sciences, then claims to possess a mathematically coded message from the Creator, comparing it to the fictional signal in Carl Sagan's Contact and offering to show the evidence as soon as the program ends. Clark treats Genesis as an origin myth no greater or lesser than any other, presses Khalifa on his relation to Henry Morris and the Institute for Creation Research, and states that gods have no existence apart from the societies that create them. A caller asks whether some vast thinking entity in the cosmos might account for creation without resembling the conventional picture of God.","Published separately from 08, which previously contained this segment before it was trimmed."
Video,48,14,World News Bulletin,1986-05-15,day,description,-,11:30,Dr. Rashad Khalifa,olqh4qUiLMU,https://www.youtube.com/watch?v=olqh4qUiLMU,14 - World News Bulletin.csv,60,14,"Recorded on May 15, 1986, this bulletin presents what Dr. Rashad Khalifa calls the most important news in the history of the world, delivered with what he describes as a built-in proof of authenticity that any listener may examine. He announces that 1986 is the last year of the world as then known, that a new worldwide era will begin between September 6, 1986 and August 25, 1987 and last 303 lunar years, and that the world will end in 2280, treating the time until then as the close of a demonstration of Satan's claim to be a god besides God. He states three minimum requirements for membership in the coming kingdom of God: belief in the one true God without idolizing any creature, belief in the Hereafter, and a righteous life. The remainder is addressed by name to religious leaders, inviting Billy Graham, Pat Robertson, Jerry Falwell, Robert Schuller, Oral Roberts and Jimmy Swaggart to stop calling Jesus God, Pope John Paul II to lead his followers away from idolizing Jesus, Mary and the saints, Rabbi Kushner to retract what Khalifa reads as a denial of God's omnipotence, and the leaders of the Islamic world to abandon man-made fabrications, closing with the insistence that the judgment expressed is God's and not his own.","Published separately from 03, which previously contained this segment before it was trimmed."
Video,49,15,The Creators Signature,-,-,-,-,26:27,Bill Buck; Dr. Rashad Khalifa,utI1q7zHKD0,https://www.youtube.com/watch?v=utI1q7zHKD0,15 - The Creators Signature.csv,222,34,"A documentary-style program narrated by Bill Buck, with contributions from Dr. Rashad Khalifa, presenting the Quran's mathematical code as what it calls the ultimate miracle. The first half argues that modern people cannot be convinced by the localized miracles of earlier ages and need something perpetual, physical and verifiable, then surveys passages the program reads as anticipating modern science: embryology confirmed by Dr. Moore of the University of Toronto, the three veils of darkness, the Big Bang, the preserved body of Pharaoh, the moon as a reflector rather than a source of light, an egg-shaped Earth, the atmosphere as a protective ceiling, water as a requisite of every living thing, honey from the bee's belly, milk formed between urine and blood, plants created in pairs, moving mountains, mountains as stakes, and fingerprints, citing Maurice Bucaille's assessment that a fourteen-hundred-year-old text could not contain such ideas. The second half explains the code itself, using ""Jack and Jill went up the hill"" to show how hard it is to alter a sentence's letter counts while keeping its meaning, then reports the counts of the Quranic initials, the nineteen letters and four words of the opening statement with their totals of 19, 2698, 57 and 114, and the 6346 verses across 114 chapters. It closes with 19 as a signature the program finds in the 209 bones of the body and the 266 days of gestation, explains that 19 is the numerical value of the Arabic word for one, and argues that the code authenticates the earlier miracles of Moses and Jesus.",-
Video,50,19,Arabic Language Lessons By Dr. Rashad Khalifa,1985-07,month,newsletter-announcement,-,2:00:51,Dr. Rashad Khalifa,2Z7j7dqe6gQ,https://www.youtube.com/watch?v=2Z7j7dqe6gQ,19 - Arabic Language Lessons By Dr. Rashad Khalifa.csv,787,28,"Dr. Rashad Khalifa teaches a beginner's course in reading and writing Arabic, starting from the assumption that the viewer knows nothing of the language. He works through the full alphabet letter by letter, stressing the role of the dots and the pronunciation of sounds with no English equivalent such as Ha, Kh, Daad, 'Ain and Ghain, then covers the vowel signs Fat-ha, Kasrah, Dammah, Sukoon and Shaddah along with the long vowels formed by Alef, Ya and Wow. He shows how each letter changes shape at the beginning, middle and end of a word, identifies the six letters that cannot connect on the left, and demonstrates the rule by which the article Al falls silent between joined words. The tape closes with a grammar section built on root words including kataba, qara'a, akala and hamada, and a verse-by-verse reading of Sura Al-Fatehah directly from a printed Quran.",-
Video,51,-,Debate: Dr Rashad Khalifa Ph D vs Sunni Scholars (1987),1987,year,title,-,44:46,Sunni Scholars; Dr. Rashad Khalifa,iRB21i_238Q,https://www.youtube.com/watch?v=iRB21i_238Q,Debate Dr Rashad Khalifa Ph D vs Sunni Scholars (1987).csv,1193,27,"A 1987 debate in Arabic, presented here in English translation, between Dr. Rashad Khalifa and a group of Sunni scholars. Both sides agree at the outset that every messenger called to the worship of God alone, but divide over the means: the scholars hold that the Quran states some matters in general terms and that the messenger's Sunna supplies the detail, citing Sura 16:44 on proclaiming to the people, Sura 59:7 and Sura 4:80 on obeying the messenger, and hadiths about being given ""the Quran and something like it alongside it."" Khalifa answers from Sura 6:114 and Sura 7:52 that the Quran is fully detailed, that Sura 5:99 limits the messenger's role to delivery, and that the number of prayer units and the rites of hajj and zakat reached Muhammad already established through the religion of Abraham, offering an analogy about a product already on the market and attributing his own knowledge of them to mass transmission and to the universal agreement of Muslims. The exchange, pressed hard from both sides and briefly interrupted by a dispute over a camera at the window, moves to the shahada, with Khalifa arguing from Sura 3:18, Sura 2:285 and Sura 72:18 that adding Muhammad's name beside God's in the testimony and the call to prayer is an innovation and a distinction among messengers, while the scholars insist the testimony is Quranic and press him on whether he denies that Muhammad is the messenger of God.","An Arabic-captioned transcript of the same recording also exists (Debate ... (1987) - Arabic.csv). It shares this YouTube id, so it is not a separate catalog entry; the player offers the two as a language toggle on this one record. Speakers are attributed by side, not by individual: the transcripts name no one, so each row was assigned to Dr. Rashad Khalifa or to the Sunni scholars from the theological position it argues. About 9% of rows are left blank where the text cannot settle it. Method and confidence in docs/TRANSCRIPT_REVIEW_2026-08-19.md Part D."
Messenger Audio,53,-,Messenger Audio 53 — Quran Study — Pre-Creation Authorship of the Quran (Rashad) [Original],10/22/1982,-,catalog,-,-,Dr. Rashad Khalifa,6-yFshRBpcQ,https://www.youtube.com/watch?v=6-yFshRBpcQ,MA53.en-US.vtt,-,-,"An informal discussion precedes the study session, examining the historical decline of Islamic universities following Mongol invasions, the institutional elevation of Hadith and Sunnah over free thought, and the historical rejection of ninety percent of collected Hadiths by early compilers. Attendees draw parallels to Christianity, where church doctrine supplanted original scripture, and discuss modern engineering probability, utilitarian ethics, and corporate consumer culture in America. An anecdote from an MSA study circle highlights a woman's rebuttal that believers should seek guidance directly from God rather than Hadith. Dr. Rashad Khalifa commences the formal class by crediting Dean Mahmoud with discovering a structural correspondence between Suras 1 (Al-Fatihah) and 2 (Al-Baqarah): the three categories mentioned in 1:7—those blessed, those incurring wrath, and the strayers—mirror the righteous, the disbelievers, and the hypocrites defined across the opening verses of Sura 2. Khalifa argues that this precise thematic continuity across thirteen years and hundreds of miles between Mecca and Medina proves the Quran was authored prior to the creation of the heavens and the earth. Dean Mahmoud elaborates on the Arabic linguistic roots of ""Al-Mustaqeem"" (1:6), citing classical lexicographers and Quranic dictionaries to define it as the path of righteousness. He reviews classical commentaries including Al-Manar, Al-Zamakhshari, and Al-Baydawi, proposing a mathematical model wherein hypocrites represent a subset of disbelievers (2:8–19).",Legacy 2: 2
Messenger Audio,54,-,Messenger Audio 54 — Quran Study — Creation of Adam and Satan's Rebellion (Rashad),10/22/1982,-,catalog,-,-,Dr. Rashad Khalifa,x-FTCj3EPPI,https://www.youtube.com/watch?v=x-FTCj3EPPI,MA54.en-US.vtt,-,-,"Dean Mahmoud opens the session by distinguishing between disbelievers who never had a path and those who strayed after having a direction. Rashad Khalifa supports this by citing Sura 4:140, noting that hypocrites and disbelievers share the same fate in Hell. Carl highlights a parallel between Sura 2:16 and Sura 22:11-12, describing the consequences of conditional worship. An unnamed participant connects the numbers 17 and 19 to the linguistic blend of Arabic and Hebrew in the Quran. Khalifa analyzes Sura 2:20-23, explaining the allegory of lightning and arguing that the challenge to produce a sura is mathematical rather than literary. He describes Heaven and Hell as allegories in Sura 2:24-26, asserting that God misleads only the wicked who have already rejected Him. Dean Mahmoud links Sura 2:27 to the primordial covenant in Sura 7:172, arguing that breaking this covenant goes against human instinct. Inga reads Sura 2:29-39, prompting a discussion on the seven heavens, the creation of Adam, and the rebellion of Iblis. Khalifa explains that the first purpose of creating Adam was to expose Satan's pride. Dean Mahmoud argues that the names taught to Adam represent God's qualities, which angels cannot fully comprehend, while Khalifa maintains they refer to physical objects. Inga concludes by reading about Adam's redemption and the role of angels in delivering revelations.","Legacy 3.1, 3.2: 3.1, 3.2"
Messenger Audio,55,-,Messenger Audio 55 — Zikr — Visualizing Soul Journey to Seventh Heaven (Rashad),10/23/1982,-,catalog,-,-,Dr. Rashad Khalifa,GqnPazpDQ-Y,https://www.youtube.com/watch?v=GqnPazpDQ-Y,MA55.en-US.vtt,-,-,"Rashad Khalifa leads a communal zikr (remembrance) session in Tucson, Arizona, opening with the recitation of Suras 113 (Al-Falaq), 114 (Al-Nas), and 1 (Al-Fatihah) in Arabic along with their English translations. Following an opening supplication asking God to accept the congregation's prayers and devotion, Khalifa directs attendees to close their eyes, concentrate, and visualize their souls journeying across galaxies and seven universes to reach the seventh heaven in order to proclaim God's oneness to the angels. The participants engage in sustained communal repetition of the phrase ""La Elaha Ella Allah"" (There is no god except the One God). Midway through the recording, Khalifa pauses to remind the group to whisper the phrase, maintain focus, and avoid all distractions. The remembrance subsequently transitions into repeated chanting of the divine name ""Allah,"" followed by the attribute ""Qayyum"" (Absolute and Eternal King), extended cycles of ""Subhan Allah"" (God be glorified), and a final closing praise of ""Alhamdu Lillah.""",Legacy 4: 4
Messenger Audio,56,-,Messenger Audio 56 — Friday Sermon — Quran Multiplied by Hadith Equals Zero (Rashad),10/29/1982,-,catalog,-,-,Dr. Rashad Khalifa,RJlRdRd-ZfY,https://www.youtube.com/watch?v=RJlRdRd-ZfY,MA56.en-US.vtt,-,-,"Dr. Rashad Khalifa delivers a Friday sermon and conducts an evening slide presentation reviewing material for an upcoming book on the principle of Quran alone. Citing Sura 9:120, he encourages believers not to compromise convictions out of fear of offending Hadith adherents. He introduces a mathematical formulation, arguing that Quran multiplied by Hadith equals zero, and presents verses including 69:40–47, 17:73–75, and 10:15–17 to maintain that the prophet was strictly forbidden from issuing religious instructions outside divine revelation. Citing Suras 6:19, 6:38, 6:114–115, 17:39, and 17:45–46, he asserts that scripture is complete and fully detailed, arguing that seeking outside sources constitutes idol worship. To illustrate divine design versus ancient human ignorance, he uses a physical demonstration of the moon's synchronous rotation around the Earth. Dean Mahmoud shares an anecdote regarding a Syrian legal trial discussing the Bible and the Talmud, which Dr. Khalifa compares to Hadith and Sunnah. Reviewing biblical passages from Deuteronomy and the Gospel of John alongside Suras 4:79, 60:12, and 80:1–11, Dr. Khalifa argues that obedience to messengers is strictly conditioned upon divine revelation, pointing to Quranic accounts of Muhammad's human errors such as the incident with the blind man. He also critiques popular traditions regarding intercession, blessings on the prophet under Sura 33:56, and Hadith predicting the ""Rightly Guided Caliphs,"" which he characterizes as historical anachronisms.","Legacy 5.1, 5.2: 5.1, 5.2"
Messenger Audio,57,-,Messenger Audio 57 — Quran Study — Scripture Distortion and Discontinuation of Miracles (Rashad),11/5/1982,-,catalog,-,-,Dr. Rashad Khalifa,vFWMZvAfqkw,https://www.youtube.com/watch?v=vFWMZvAfqkw,MA57.en-US.vtt,-,-,"Dean Mahmoud and Dr. Rashad Khalifa examine Sura 2:75–82, focusing on the concealment and distortion of scripture by sectarian groups and the claim that Hell is temporary. Dr. Khalifa critiques the Ahmadiyya movement's translation choices regarding the eternity of Hell, while Dean Mahmoud notes that mainstream Muslim doctrines of prophetic intercession mirror the Jewish claims condemned in the Quran. The conversation expands to Quranic references to the slaying of prophets and messengers, citing 3:183, Leviticus 9, and Sigmund Freud's thesis in Moses and Monotheism. Dr. Khalifa reflects on Satan's strategy of pushing believers either to disrespect messengers or to idolize them as divine. The study circle reviews the narrative of the yellow heifer in 2:67–73 and the purpose of physical miracles, which Dr. Khalifa explains were discontinued according to Sura 17 because historical signs failed to produce lasting faith. The participants debate the fulfillment of the two periods of corruption prophesied in Sura 17 in relation to the modern state of Israel and Middle Eastern conflicts, discussing the 1948, 1967, and 1973 wars. The gathering concludes with recitation of Al-Fatiha and casual conversation addressing prayer etiquette, dental health, and cultivating Egyptian greens.",Legacy 7: 7
Messenger Audio,58,-,Messenger Audio 58 — Friday Sermon — Spiritual Dangers of Heedlessness Toward God (Rashad),11/12/1982,-,catalog,-,-,Dr. Rashad Khalifa,rjuCvRFSHLo,https://www.youtube.com/watch?v=rjuCvRFSHLo,MA58.en-US.vtt,-,-,"Dr. Rashad Khalifa delivers a sermon on the spiritual dangers of being unaware of God, citing Sura 7:179, 10:7, and 16:106 to argue that heedlessness leads to Hell. Dean Mahmoud contributes historical context regarding Jewish tribes in Medina who selectively obeyed Mosaic law by ransoming captives while simultaneously killing one another, drawing a parallel to modern Muslim nations like Iraq, Iran, Morocco, and the Polisario Front who pray but still wage war. Dr. Khalifa references Sura 15 to condemn those who divide the Quran to suit their desires. The study circle reads Sura 2:88-101, with Latifa reading verses 92-96 and Inga reading verses 97-101. Dr. Khalifa argues that Satan successfully deceived Christians into idolizing Jesus and has subtly done the same to Muslims regarding Muhammad through Hadith. Inga raises a question about Gabriel, prompting Dr. Khalifa to explain Gabriel's role in releasing the Quran from Muhammad's heart, asserting that all humans met God before birth but have had this memory obscured by their physical bodies. He shares a personal anecdote about an angel waking him for Fajr prayer with a warning in an Egyptian accent, and concludes with a story about a friend praising marijuana, which he claims led to a near-fatal gas furnace explosion as a spiritual reprimand.","Legacy 10.1, 10.2, 11: 10.1, 10.2, 11"
Messenger Audio,59,-,Messenger Audio 59 — Friday Sermon — Quranic Lessons From Adam's Expulsion (Dean Mahmoud),11/19/1982,-,catalog,-,-,Dean Mahmoud,A1dhuhdFtvA,https://www.youtube.com/watch?v=A1dhuhdFtvA,MA59.en-US.vtt,-,-,"Dean Mahmoud delivers a Friday sermon expanding on the Quranic account of Adam and Eve in the Garden. Reviewing Suras 20:118, 7:27, 7:22, and 20:121, he interprets their initial covering as a garment of natural obedience stripped away by Satan, prompting them to fashion coverings from leaves before God provided the garment of righteousness (7:26). He contrasts the biblical narrative with Quranic verses and examines differing translations of what was exposed in 7:27, praising Rashad Khalifa's translation of the Arabic term as ""bodies"" rather than ""shame"" or ""shameful parts."" He argues that describing exposure as shame introduces an interpretive moral judgment influenced by the Jewish Bible rather than stating the factual uncovering of what was previously hidden. Contrasting clear injunctions like ablution in 5:6 with allegorical passages meant for reflection, Mahmoud analyzes the Arabic phrasing of Satan's whispering (waswasa) and the linguistic parallelism between 7:20 and 20:120 regarding angels, eternity, and dominion. From these passages he derives five theological conclusions: Adam and Eve were created mortal and destined for earth from the start; Satan deceived them without delivering immortality; they aspired to what they were unprepared for; physical death is not a punitive consequence of disobedience; and their expulsion was an early eviction resembling a flunked semester. He concludes that uncovering their bodies forced an awareness of mortal fragility and a need for God.",Legacy 12: 12
Messenger Audio,60,-,Messenger Audio 60 — Friday Sermon — Scripture Abrogation and Universal Submission (Rashad),11/19/1982,-,catalog,-,-,Dr. Rashad Khalifa,VF4oOE0raI0,https://www.youtube.com/watch?v=VF4oOE0raI0,MA60.en-US.vtt,-,-,"Dean Mahmoud leads a study circle discussing Sura 2:105-106, arguing that Quranic abrogation refers to superseding previous scriptures rather than internal contradictions, referencing Sura 4:46 and Sura 5:48. Dr. Rashad Khalifa explains that Christians and Jews are commanded to follow their own scriptures unless they choose to submit to the Quran. The group discusses the historical practices of pilgrimage, the prohibition of pork, and the literal misinterpretation of parables regarding wine in the New Testament. Dr. Khalifa shares an anecdote about Arizona Senator Jim Cooper dropping a creationism bill after receiving a booklet on the Quranic mathematical miracle, suggesting opponents of Islam would rather people remain pagan than worship God alone. Dr. Khalifa and Latifa analyze Sura 2:111-116, emphasizing that salvation belongs to anyone who submits to God alone, including Buddhists, rather than any exclusive sect. They critique the Christian doctrine of Jesus as the begotten son of God, referencing Sura 19:88-95 to characterize it as a gross blasphemy. Dr. Khalifa rejects the physical resurrection of Jesus, arguing the body is discarded like a shirt, and highlights biblical contradictions regarding the duration of Jesus in the tomb and the identity of Abraham's sacrificed son.",Legacy 13: 13
Messenger Audio,61,-,Messenger Audio 61 — Friday Sermon — Divine Design and Non-Distinction Among Prophets (Rashad),1982,year,catalog,-,-,Dr. Rashad Khalifa,NZVf3Y97icc,https://www.youtube.com/watch?v=NZVf3Y97icc,MA61.en-US.vtt,-,-,"Dr. Rashad Khalifa delivers a sermon on the greatness of God, emphasizing that believers must maintain conscious reverence during Salat as described in Sura 23:1-2. He argues that the Earth's slanted axis is a deliberate divine design that creates seasons, regulates crop growth, and tests believers by varying the length of daylight during Ramadan. To illustrate natural design, he examines an orange brought by a congregant, explaining how chlorophyll levels and color changes serve as camouflage. He describes the human ear, neck, and genetic inheritance as further proof of God's engineering. Turning to the threat of Satan, Khalifa outlines three stages of devilish deception: promoting atheism, encouraging polytheism, and driving wedges between believers. Citing Sura 17:53, he urges the congregation to forgive past grievances, using himself and Wali as an example of mutual reconciliation. He states that idol worship is the only unforgivable offense under Sura 4, asserting that the traditional Shahada and the inclusion of Prophet Muhammad's name in the Azan violate the Quranic prohibition against making distinctions among prophets (Sura 2:136). During an extensive Q&A session, Khalifa and participants—including Fatima, Carl, Rashid, and Ahmad—debate whether the Holy Spirit is synonymous with Gabriel, the historical context of the ""mosque of opposition"" in Sura 9:107-108, the presence of sectarian names in Turkish mosques, and the necessity of declaring the traditional Shahada to enter mosques in Morocco.","Legacy 14.1, 14.2: 14.1, 14.2"
Messenger Audio,62,-,Messenger Audio 62 — Friday Sermon — Abraham as True Founder of Divine Worship (Rashad),11/26/1982,-,catalog,-,-,Dr. Rashad Khalifa,VngUt0JThE0,https://www.youtube.com/watch?v=VngUt0JThE0,MA62.en-US.vtt,-,-,"An informal study circle session in Tucson features a discussion led by Dr. Rashad Khalifa on Sura 2, verses 119 to 141. An unnamed female participant opens by sharing her journey toward accepting the Quran alone, prompting Khalifa to reflect on personal miracles. Latifa recites verses 119 to 123, leading to a discussion on individual responsibility. Khalifa argues that Sura 2:120 highlights how Jews and Christians reject Muslims unless they follow their creeds, pointing out that historical scriptures suffered distortions. An unnamed man shares his past resentment of Islam caused by negative experiences with Arabs in Morocco, prompting Khalifa to emphasize that seekers must look at the Quran rather than the behavior of Muslims. The same participant recites verses 124 to 134, initiating a debate on Abraham as the true founder of Islam. Khalifa asserts that all religious duties, including Salat and Hajj, were revealed through Abraham rather than Muhammad. He presents dietary restrictions as historical punishments, comparing food taboos to guests rejecting a host's meal, and shares an anecdote about a Pakistani caller. Carl speculates on why Mecca was chosen as a desolate sanctuary, while Khalifa links Saudi Arabia's wealth to Abraham's prayers. Carl also references satellite discoveries of underground rivers. Khalifa argues that the computer age has replaced the era of faith with an era of physical evidence. Donna recites verses 135 to 141, prompting a discussion on exclusive salvation claims, during which Khalifa recounts a Christian who claimed Abraham went to Hell for living before Jesus.","Legacy 15.1, 15.2: 15.1, 15.2"
Messenger Audio,63,-,Messenger Audio 63 — Friday Sermon — Historical Qiblah Alignment and Abraham's Dream (Rashad),12/3/1982,-,catalog,-,-,Dr. Rashad Khalifa,vx8Ct06xnjU,https://www.youtube.com/watch?v=vx8Ct06xnjU,MA63.en-US.vtt,-,-,"Dean Mahmoud delivers a Friday sermon on the allegory of the forbidden tree, contrasting the Quranic narrative with the Jewish biblical tradition concerning the tree of knowledge of good and evil and the tree of life. He examines the linguistic connection between the Arabic root letters M-L-K, representing angels, kingship, and sovereignty, arguing that Arabic is uniquely equipped to carry divine revelation. Dr. Rashad Khalifa joins the study circle to discuss the creation of man from clay as described in Sura 32:7-10, emphasizing that earthly existence is a temporary test of moral choice. Dr. Khalifa and Dean Mahmoud argue that God never commanded Abraham to sacrifice his son Ishmael, asserting instead that Abraham misinterpreted a dream and that child sacrifice is explicitly prohibited in the Quran. The group then examines Sura 2:142-145 regarding the historical change of the Qiblah from Jerusalem to Mecca. Dean Mahmoud argues that Jerusalem was a later sectarian addition established under David and Solomon, whereas the Ka'bah represents the original, chronological sanctuary of Abraham. Dr. Khalifa addresses a local controversy in Tucson regarding the correct direction of Salat, criticizing other mosques for facing northeast based on great-circle flight paths. He argues that the true Qiblah from Arizona is straight east or slightly south of east, citing geographical alignments, the spiritual nature of the soul traveling directly through the earth, and a confirmatory dream experienced by Tariq Azabi.","Legacy 17.1, 17.2: 17.1, 17.2"
Messenger Audio,64,-,Messenger Audio 64 — Friday Sermon — Rejection of Sectarian Mosques and True Qibla (Rashad),11/26/1982,-,catalog,-,-,Dr. Rashad Khalifa,vcUtTX5rQPs,https://www.youtube.com/watch?v=vcUtTX5rQPs,MA64.en-US.vtt,-,-,"Rashad Khalifa and his study circle discuss the prohibition of praying in sectarian mosques, specifically referencing the Ahmadiyya and the Islamic Center of Southern California. Khalifa recounts a sermon in Los Angeles where his microphone was disconnected after he challenged the traditional Shahadah and the attribution of two hundred and two names to Muhammad. The group examines Sura 2:133, 2:134, and 2:141, discussing Jacob's children and the Quran's use of repetition. A lengthy debate ensues regarding the correct Qiblah from Tucson, Arizona. Khalifa uses a globe to argue that the true direction is slightly south of east, rejecting the north-east direction mandated by the Muslim Students Association. Carl cites Sura 2:144 to argue that stellar navigation supports this alignment. Dean Mahmoud raises questions on Sura 2:145-146, wondering if the Ka'bah is the rightful Qiblah for Jews. After reading Sura 2:148-152, Fatima recites Sura 2:153-157, prompting a discussion on steadfastness. Latifa, Inga, and Ahmad discuss personal trials, wealth, and children as tests. Khalifa recounts his imprisonment in a Libyan dungeon, explaining how his violent objections ceased and his miraculous release occurred only after he submitted to God's will. Inga recites Sura 2:158-163, prompting Khalifa to explain Safa and Marwah as commemorations of Hagar's trust in God's provision in the barren desert of Mecca.","Legacy 18.1, 18.2: 18.1, 18.2"
Messenger Audio,65,-,Messenger Audio 65 — Friday Sermons — Divine Design and Rejection of Intercession (Rashad),12/3/1982,-,catalog,-,-,Dr. Rashad Khalifa,AxFWjNWKFno,https://www.youtube.com/watch?v=AxFWjNWKFno,MA65.en-US.vtt,-,-,"Two Friday sermons in one recording, 3 December and 10 December 1982. Dr. Rashad Khalifa leads a study circle and Friday meeting in Tucson, Arizona, opening with a discussion on Sura 2:151 and the distinction between Hajj and Umrah pilgrimages. He argues that disbelievers experience physical pain inflicted by angels during death, contrasting this with the peaceful transition granted to believers and martyrs. Addressing modern religious struggle, Khalifa contends that ideological battles have replaced physical warfare. Dean Mahmoud recites Al-Fatihah (1:1–7) before attendees engage in an extended technical debate regarding the spherical geometry of determining the Qibla direction from Tucson to Mecca using compass bearings, great circle routes, and Earth's axis. Following informal birthday greetings, Khalifa announces upcoming Arabic classes and shares hate mail calling him a ""deviated luminary."" Turning to Sura 2:164, he highlights divine design in feline hearing, human dental anatomy, swallowing reflexes, atmospheric wind patterns, and desert seed germination. He presents the precision of planetary orbits and 4-billion-light-year cosmic distances as proofs of God. Explicating Sura 2:165–167, Khalifa asserts that idols and venerated figures—including Jesus and Muhammad—will disown their followers on Judgment Day, rejecting claims of intercession and comparing the Quranic narrative to Matthew 7:23.","Legacy 19.1, 19.2: 19.1, 19.2"
Messenger Audio,66,-,Messenger Audio 66 — Friday Sermon — Human Creation Purpose and Explicit Food Restrictions (Rashad),12/10/1982,-,catalog,-,-,Dr. Rashad Khalifa,VD4-XQbvnSs,https://www.youtube.com/watch?v=VD4-XQbvnSs,MA66.en-US.vtt,-,-,"Dr. Rashad Khalifa delivers a Friday sermon in Tucson, Arizona, explaining the purpose of human creation and the command to worship God alone as stated in Sura 67:1-2. He shows a slide of Earth from space to emphasize cosmic scale and human insignificance, arguing that venerated figures such as Jesus, Abraham, and Muhammad were temporary earthly residents. Citing Suras 5:75, 21:8, and 25:7, 20, he notes that prophets required food and visited markets, critiquing Hadith regulations regarding ritual purity and hygiene. He references Sura 24:55 to affirm that monotheists receive earthly authority, sharing an account of a woman surviving a gunshot to the head to illustrate God's ultimate sovereignty over life and death. In the second sermon, he discusses letters from a supporter in India who abandoned Hadith, claims Egyptian contractor Uthman Ahmad Uthman published one million copies of his Arabic booklet, and announces post-Zikr Arabic classes. He addresses converts maintaining their birth names rather than adopting Arabic ones, recounting an Iranian girl named Sherry who felt alienated by Arabic names at the mosque, which prompts a debate with attendees over slave names and adoption rules. Following congregational prayer, Dean Mahmoud recites Sura 2:168-176 and critiques extra-Quranic food restrictions, including Hanafi bans on shellfish, Indian cow veneration, Southeast Asian Hadiths against cucumbers, and Chinese ancestor offerings. Khalifa concludes by outlining the four explicit Quranic food prohibitions, dismissing Hadith bans on footwear and soap ingredients, and answering questions on store-bought meat and blood sausages before attendees recite Sura 2:177 and 2:178-179.","Legacy 20.1, 20.2: 20.1, 20.2"
Messenger Audio,67,-,Messenger Audio 67 — Friday Sermon — Law of Equivalence and Inheritance Distribution (Rashad),12/10/1982,-,catalog,-,-,Dr. Rashad Khalifa,7wP_-BUP1Lg,https://www.youtube.com/watch?v=7wP_-BUP1Lg,MA67.en-US.vtt,-,-,"Dr. Rashad Khalifa and his study circle discuss the Quranic laws of equivalence, capital punishment, wills, and inheritance. Analyzing Sura 2:178-179, Khalifa argues that the law of equivalence sets a maximum ceiling of one soul for one soul to prevent tribal cycles of revenge, presenting it as an excuse to spare lives through compensation. He illustrates this with an anecdote of a University of Arizona arsonist and a Texas lethal injection case where a prosecutor admitted the wrong man was executed. Dean Mahmoud references Sura 5:33-34 to argue that harsher punishments apply to societal corruption and war, rather than general civil offenses. Turning to Sura 2:180-182, Latifa reads the verses on dictating a will and shares a personal anecdote about her stepbrothers raiding her deceased stepmother's house. Khalifa shares a similar story about his wife's family to show how wills prevent familial hostility. Dean Mahmoud details inheritance distribution under Sura 4, arguing that a father cannot disinherit his daughter, and recounts a legal case from Cairo where a son who repeatedly failed to murder his father was still granted his inheritance share. Khalifa and Dean Mahmoud criticize sectarian Shafi'i laws in Southeast Asia that disinherit non-Muslim or adopted children, citing Sura 33:5 to argue that adopted children must be treated equally to biological offspring. Dean Mahmoud recounts a story from the Philippines of a wealthy Muslim who gifted his estate to his adopted Christian son while alive to circumvent hostile relatives. The session concludes with Khalifa leading the recitation of Al-Fatihah.",Legacy 21: 21
Messenger Audio,68,-,Messenger Audio 68 — Friday Sermon — Satanic Deception Through Forgetfulness of God (Rashad),12/17/1982,-,catalog,-,-,Dr. Rashad Khalifa,SOWtLVZvm3Y,https://www.youtube.com/watch?v=SOWtLVZvm3Y,MA68.en-US.vtt,-,-,"Dean Mahmoud delivers a discourse on the creation of Adam and the nature of human power, referencing Sura 2:31, 18:53, 34:34, and 2:286. He argues that Satan uses forgetfulness to sever mankind's recognition of God as the ultimate source of power, presenting prayer and Quranic revelation as essential tools to counter this inclination. Analogizing potentiality to iron heated by fire, he asserts that human attributes and body parts will testify on the Day of Judgment. Following the congregational prayer, Dean Mahmoud, Dr. Rashad Khalifa, and participants engage in Q&A regarding mystical philosophy and Quranic numerical patterns. Dr. Khalifa discusses Ahmed Deedat and rejects Baha'i claims concerning the number 19, arguing that Baha'is use the number superstitiously outside the Quranic framework. Dean Mahmoud recounts a 1977 trip to Algeria involving Minister Mouloud Kacem and restrictions on his travel to Mostaganem. Dr. Khalifa details his background, including his doctorate at UC Riverside and his two years as a science advisor to Muammar Gaddafi. He explains how Gaddafi's rejection of Hadith began after discovering that a public motto attributed as a Hadith was fabricated, while cautioning an attendee that Gaddafi has rendered Libya an oppressive prison state.",Legacy 22.1: 22.1
Messenger Audio,69,-,Messenger Audio 69 — Friday Sermon — Fasting Rules and Heart Revelation of Scripture (Rashad),12/17/1982,-,catalog,-,-,Dr. Rashad Khalifa,ZoJv66rG2Q0,https://www.youtube.com/watch?v=ZoJv66rG2Q0,MA69.en-US.vtt,-,-,"Dr. Rashad Khalifa leads a study on the Quranic verses regarding fasting in Sura 2, beginning with verses 183 to 187. He argues that fasting was originally decreed through Abraham and initially prohibited sexual intercourse for the entire month of Ramadan, a rule later relaxed in verse 187. He challenges the traditional belief that the Quran was revealed over 23 years, asserting instead that the entire text was placed into Muhammad's heart on the Night of Power, citing Suras 44, 53, and 97, while Gabriel merely supervised its gradual release. Dean Mahmoud and an unnamed man raise questions about how companions distinguished revelation from ordinary speech, prompting Khalifa to reject traditional accounts of Muhammad fainting or experiencing epileptic symptoms. He references the spelling of Becca with a ""B"" in Sura 3:96 as proof of divine preservation, arguing the mathematical structure would collapse with an ""M."" Khalifa also critiques Abul A'la Maududi's theory on the Quranic initials, noting they only appear in 29 chapters. Discussing the physical demands of fasting and the Fajr prayer, he explains that the Earth's tilted axis and shifting seasons are designed to test the believers' commitment. He compares the body to a wild horse that must be tamed by the soul, quoting the General Electric motto to emphasize spiritual progress. He concludes with an anecdote about a car accident in Tripoli, Libya, which disproved his own theory that God takes three to six months to answer prayers.",Legacy 22.2: 22.2
Messenger Audio,70,-,Messenger Audio 70 — Friday Sermon — Prohibition of Dishonest Gain and Hajj Regulations (Rashad),12/17/1982,-,catalog,-,59:39,Dr. Rashad Khalifa,aWeLCiqRb00,https://www.youtube.com/watch?v=aWeLCiqRb00,MA70.en-US.vtt,-,-,"Dr. Rashad Khalifa leads a study circle on Sura 2:188-196, exploring the spiritual and practical implications of Quranic law. He explains the prohibition of dishonest financial gain in 2:188, illustrating divine retribution with anecdotes about cashier change errors and traffic tickets. Participants Dean Mahmoud and Loretta raise questions about systemic bribery in Egypt and the Philippines, prompting Dr. Khalifa to argue that bribery is strictly prohibited unless forced by life-threatening circumstances. Latifa queries the command to be straightforward in 2:189, leading to a discussion on diplomatic communication. Dr. Khalifa shares lighthearted anecdotes about Masouda throwing a pillow at Abdullah and Catherine putting shaving cream in Abdullah's shoe instead of Erol's. He analyzes the rules of war in 2:190-195, contrasting Quranic self-defense with the Iraq-Iran war, and promotes his Arabic language course. After a recitation of Al-Fatihah, the group discusses how Salat wipes out inadvertent sins under 11:114 and 29:45. Dr. Khalifa argues against extra fasting outside Ramadan, dismissing Sunni traditions of fasting on Mondays and Thursdays as non-Quranic innovations. He explains the conversion of sins to credits in 25:70 upon repenting from idol worship, emphasizing continuous repentance. Finally, he outlines the rules of Hajj in 2:196-198, recounting a trip with his father, and addresses objections regarding the Ka'aba and Safa and Marwah as potential idol worship.",Legacy 23: 23
Messenger Audio,71,-,Messenger Audio 71 — Friday Sermon — Erasing Sins and Reliance on Quran Alone (Rashad),12/24/1982,-,catalog,-,47:43,Dr. Rashad Khalifa,0dTCigrZI1o,https://www.youtube.com/watch?v=0dTCigrZI1o,MA71.en-US.vtt,-,-,"Rashad Khalifa delivers a Friday sermon at the Masjid Tucson focusing on the absolute requirement of sinlessness for entering Paradise. Drawing from Dean Majul's previous lectures on Adam and Eve's expulsion from Eden for a single sin, Khalifa argues that believers must erase all sins before death. He outlines two methods for erasing sins: immediate repentance (tawbah) and paying for them through worldly trials, assigning a hypothetical ten-thousand-dollar price to adultery. He examines Suras 4:17-18 and 39:53, noting that Moses was forgiven for murder due to immediate repentance. Citing Suras 4:48 and 4:116, he identifies idol worship as the sole unforgivable offense, criticizing Christians for idolizing Jesus and Muslims for idolizing Muhammad. In his second sermon, Khalifa asserts that Arabic fluency is not required to understand the Quran, citing Sura 41:44 to argue that God reveals the message directly to sincere hearts. He condemns traditional reliance on Hadith, Sunnah, ijma, and qiyas, citing Suras 17:45-46, 6:112-113, 39:45, and 40:10-12 to support the doctrine of Quran alone. During the subsequent question-and-answer session, he rejects belief in the evil eye as idol worship, explains that death occurs only by divine decree, and addresses double rewards for converts. The recording ends with a study of Sura 2:196 and the rituals of Hajj and Umrah.",Legacy 24.1: 24.1
Messenger Audio,72,-,Messenger Audio 72 — Friday Sermon — Satanic Intrusion in Rituals and Adam's Disobedience (Rashad),12/24/1982,-,catalog,-,1:05:35,Dr. Rashad Khalifa,YJszik7_SRI,https://www.youtube.com/watch?v=YJszik7_SRI,MA72.en-US.vtt,-,-,"Dr. Rashad Khalifa leads a Qur'an study session on Sura 2 (Al-Baqarah), discussing verses 158 and 196 through 213, alongside study group attendees Dean Majul, Jahan, and Abib. Dr. Khalifa argues that visiting the Prophet's tomb constitutes idol worship, while clarifying rules for Hajj pilgrimage, including expiation fasting, commercial benefits during Hajj, and the symbolic stoning of Satan at Mina. He and Dean Majul address Abraham's sacrifice test, noting the Qur'an never states God commanded the killing of his son, and explain the seven universes. Attendees recite verses 204 through 213, prompting discussions on hypocrites with impressive rhetoric, sinful pride, and Satan tempting believers to add unauthorized steps to religious practices like ablution. Dr. Khalifa reflects on facing persecution for upholding the Qur'an alone. Following the discussion, Dean Majul delivers a Friday Khutba focusing on Adam's disobedience in Sura 20:115, asserting it stemmed from Satan-induced forgetfulness rather than malicious intent. Citing Suras 15:29, 32:9, 51:56, and 91:7-10, Majul explores the divine spirit breathed into humanity, defining soul growth as actualizing innate capacities to know God and practice compassion. He shares an Arabic proverb regarding six urgent matters, including immediate repentance, before concluding with Sura 2:152 and leading the Friday prayer.",Legacy 24.2: 24.2
Messenger Audio,73,-,MA 73  —  Messenger Audio,1982-12-24,day,same-recording-as-ma72,-,-,Dr. Rashad Khalifa,UfJHYxpAAmI,https://www.youtube.com/watch?v=UfJHYxpAAmI,MA73.en-US.vtt,-,-,-,Legacy 25: 25
Messenger Audio,74,-,MA 74  —  Messenger Audio,-,-,-,-,-,Dr. Rashad Khalifa,EX6V7Lt_g8Q,https://www.youtube.com/watch?v=EX6V7Lt_g8Q,MA74.en-US.vtt,-,-,-,Legacy 26: 26
Messenger Audio,75,-,MA 75  —  Messenger Audio,-,-,-,-,-,Dr. Rashad Khalifa,MP-uWuVXPdc,https://www.youtube.com/watch?v=MP-uWuVXPdc,MA75.en-US.vtt,-,-,-,Legacy 27: 27
Messenger Audio,76,-,MA 76  —  Messenger Audio,-,-,-,-,-,Dr. Rashad Khalifa,syTPdPwv9Kk,https://www.youtube.com/watch?v=syTPdPwv9Kk,MA76.en-US.vtt,-,-,-,Legacy 28.1: 28.1
Messenger Audio,77,-,MA 77  —  Messenger Audio,-,-,-,-,-,Dr. Rashad Khalifa,xnwqbpvVRGQ,https://www.youtube.com/watch?v=xnwqbpvVRGQ,MA77.en-US.vtt,-,-,-,Legacy 28.2: 28.2
Messenger Audio,78,-,MA 78  —  Messenger Audio,-,-,-,-,-,Dr. Rashad Khalifa,0eHjl3CR8S8,https://www.youtube.com/watch?v=0eHjl3CR8S8,MA78.en-US.vtt,-,-,-,Legacy 29: 29
Messenger Audio,79,-,MA 79  —  Messenger Audio,-,-,-,-,-,Dr. Rashad Khalifa,bepJYvW0XxQ,https://www.youtube.com/watch?v=bepJYvW0XxQ,MA79.en-US.vtt,-,-,-,Legacy 30.1: 30.1
Messenger Audio,80,-,MA 80  —  Messenger Audio,-,-,-,-,-,Dr. Rashad Khalifa,DXLSKJn3NPI,https://www.youtube.com/watch?v=DXLSKJn3NPI,MA80.en-US.vtt,-,-,-,Legacy 30.2: 30.2
Messenger Audio,81,-,MA 81  —  Messenger Audio,-,-,-,-,-,Dr. Rashad Khalifa,zkcxlhET2jI,https://www.youtube.com/watch?v=zkcxlhET2jI,MA81.en-US.vtt,-,-,-,Legacy 31.1: 31.1
Messenger Audio,82,-,MA 82  —  Messenger Audio,-,-,-,-,-,Dr. Rashad Khalifa,S40SN4KVF_U,https://www.youtube.com/watch?v=S40SN4KVF_U,MA82.en-US.vtt,-,-,-,Legacy 31.2: 31.2
Messenger Audio,83,-,MA 83  —  Messenger Audio,-,-,-,-,-,Dr. Rashad Khalifa,AwSXkca9API,https://www.youtube.com/watch?v=AwSXkca9API,MA83.en-US.vtt,-,-,-,Legacy 32: 32
Messenger Audio,84,-,MA 84  —  Messenger Audio,-,-,-,-,-,Dr. Rashad Khalifa,m9QGqoy3psA,https://www.youtube.com/watch?v=m9QGqoy3psA,MA84.en-US.vtt,-,-,-,Legacy 33.1: 33.1
Messenger Audio,85,-,MA 85  —  Messenger Audio,-,-,-,-,-,Dr. Rashad Khalifa,HDfxRIGuYAQ,https://www.youtube.com/watch?v=HDfxRIGuYAQ,MA85.en-US.vtt,-,-,-,Legacy 33.2: 33.2
Messenger Audio,86,-,MA 86  —  Messenger Audio,-,-,-,-,-,Dr. Rashad Khalifa,iYOiVtR3OWw,https://www.youtube.com/watch?v=iYOiVtR3OWw,MA86.en-US.vtt,-,-,-,Legacy 34.1: 34.1
Messenger Audio,87,-,MA 87  —  Messenger Audio,-,-,-,-,-,Dr. Rashad Khalifa,Az4UWiAPUqQ,https://www.youtube.com/watch?v=Az4UWiAPUqQ,MA87.en-US.vtt,-,-,-,Legacy 34.2: 34.2
Messenger Audio,88,-,MA 88  —  Messenger Audio,-,-,-,-,-,Dr. Rashad Khalifa,Oese-TZjQwc,https://www.youtube.com/watch?v=Oese-TZjQwc,MA88.en-US.vtt,-,-,-,Legacy 35: 35
Messenger Audio,89,-,MA 89  —  Messenger Audio,-,-,-,-,-,Dr. Rashad Khalifa,mncLsw6EQa0,https://www.youtube.com/watch?v=mncLsw6EQa0,MA89.en-US.vtt,-,-,-,Legacy 36.1: 36.1
Messenger Audio,90,-,MA 90  —  Messenger Audio,-,-,-,-,-,Dr. Rashad Khalifa,NnXuNU8oGGU,https://www.youtube.com/watch?v=NnXuNU8oGGU,MA90.en-US.vtt,-,-,-,Legacy 36.2: 36.2
Messenger Audio,91,-,MA 91  —  Messenger Audio,-,-,-,-,-,Dr. Rashad Khalifa,WXgm6aKspiU,https://www.youtube.com/watch?v=WXgm6aKspiU,MA91.en-US.vtt,-,-,-,Legacy 37.1: 37.1
Messenger Audio,92,-,MA 92  —  Messenger Audio,-,-,-,-,-,Dr. Rashad Khalifa,xBURXRd5aUs,https://www.youtube.com/watch?v=xBURXRd5aUs,MA92.en-US.vtt,-,-,-,Legacy 37.2: 37.2
Messenger Audio,93,-,MA 93  —  Messenger Audio,-,-,-,-,-,Dr. Rashad Khalifa,D2AMGCCbnys,https://www.youtube.com/watch?v=D2AMGCCbnys,MA93.en-US.vtt,-,-,-,Legacy 38.1: 38.1
Messenger Audio,94,-,MA 94  —  Messenger Audio,-,-,-,-,-,Dr. Rashad Khalifa,ICarTxaAI7A,https://www.youtube.com/watch?v=ICarTxaAI7A,MA94.en-US.vtt,-,-,-,Legacy 38.2: 38.2
Messenger Audio,95,-,MA 95  —  Messenger Audio,-,-,-,-,-,Dr. Rashad Khalifa,fJA-7u-DyIo,https://www.youtube.com/watch?v=fJA-7u-DyIo,MA95.en-US.vtt,-,-,-,Legacy 39: 39
Messenger Audio,96,-,MA 96  —  Messenger Audio,-,-,-,-,-,Dr. Rashad Khalifa,uUMONQuSZCw,https://www.youtube.com/watch?v=uUMONQuSZCw,MA96.en-US.vtt,-,-,-,Legacy 41: 41
Messenger Audio,97,-,MA 97  —  Messenger Audio,-,-,-,-,-,Dr. Rashad Khalifa,c9EUugYkMNk,https://www.youtube.com/watch?v=c9EUugYkMNk,MA97.en-US.vtt,-,-,-,Legacy 43.1: 43.1
Messenger Audio,98,-,MA 98  —  Messenger Audio,-,-,-,-,-,Dr. Rashad Khalifa,xGj3a8cvHQU,https://www.youtube.com/watch?v=xGj3a8cvHQU,MA98.en-US.vtt,-,-,-,Legacy 43.2: 43.2
Messenger Audio,99,-,MA 99  —  Messenger Audio,-,-,-,-,-,Dr. Rashad Khalifa,ahiy4lztAHI,https://www.youtube.com/watch?v=ahiy4lztAHI,MA99.en-US.vtt,-,-,-,Legacy 44: 44
Messenger Audio,100,-,MA 100  —  Messenger Audio,-,-,-,-,-,Dr. Rashad Khalifa,76pqtAZHV-I,https://www.youtube.com/watch?v=76pqtAZHV-I,MA100.en-US.vtt,-,-,-,Legacy 46: 46
Quran Study,-,-,Quran Study 01 — Surah 72:19-28 & 73 — Jinns (Catherine),1989-05-26,day,catalog,Azhar,-,Dr. Rashad Khalifa,XKeWeiYcQOA,https://www.youtube.com/watch?v=XKeWeiYcQOA,QS01.en-US.vtt,-,-,"Catherine leads a study of Sura 72 (verses 19-28) and Sura 73 (verses 1-20), reading from Dr. Rashad Khalifa's upcoming translation of the Quran. She discusses the reaction of disbelievers when God alone is advocated, noting how their hearts shrink in aversion due to their egos. Dr. Khalifa explains the purpose of human existence as a chance to redeem ourselves after siding with Satan in the heavenly society. He argues that the true size of a believer's soul in the Hereafter is massive, while disbelievers shrink to the size of cats or ants. Edip Yuksel raises a question about the number of guards in Hell, leading to a debate with Dr. Khalifa over whether Sura 74:30 refers to nineteen angels or a general mathematical code. Dr. Khalifa asserts that Sura 72 contains no references to the Prophet Muhammad and points to mathematical patterns in the text discovered by Edip. Catherine continues with Sura 73, detailing the spiritual benefits of night meditation and the importance of choosing God as one's sole advocate. A discussion on self-defense and anger ensues, with contributions from Douglas, Hamid, and Robert on the ethics of fighting versus ignoring provocation. Dr. Khalifa emphasizes the absolute necessity of the Dawn (Fajr) prayer and explains that missing it is only excused under extreme circumstances like travel or exhaustive business. The session concludes with Dr. Khalifa announcing a new appendix on virginity and leading the group in reciting Al-Fatiha for several members' birthdays.",-
Quran Study,-,-,Quran Study 02 — Surah 95 & 96 — Quran Is Not Ink & Paper (Sabahi),-,-,-,Azhar,-,Dr. Rashad Khalifa,7UVcPz5KQDY,https://www.youtube.com/watch?v=7UVcPz5KQDY,QS02.en-US.vtt,-,-,"Dr. Rashad Khalifa opens with a warning about Satan targeting believers on the straight path before introducing Dr. Mahmoud Sabahi to lead the study of Sura 95 (Al-Tin) and Sura 96 (Al-Alaq), assisted by Dan, Ali, and Amir. Sabahi categorizes twelve suras where God swears by natural phenomena and plants, prompting Khalifa to explain the symbolic connections between the fig (Adam), olive (Jesus), Mount Sinai (Moses), and Mecca (Abraham and Muhammad). Hamid and Khalifa detail botanical and nutritional aspects of figs and olive oil, including cholesterol reduction and alternate crop bearing. Khalifa uses a jar and human balance mechanisms to illustrate divine physical design in 95:4, while Sabahi and Dan discuss the spiritual descent into the ""lowliest of the lowly"" (95:5). Addressing a printing omission of verse 5, Khalifa presents mathematical evidence based on the number 19 to argue that the Quran's preservation rests in the heart rather than physical paper. Sabahi draws on his background in organic chemistry to explain plant molecular synthesis, anti-cancer compounds, and chemical chirality using a hand glove metaphor. Robert questions why God created human beings knowing most would choose Hell, which Khalifa answers by asserting that Earth serves as a second chance to nullify excuses. Turning to Sura 96, Sabahi outlines traditional accounts of Gabriel's first revelation to Muhammad, which Khalifa rejects as untrue. David, Lisa, Douglas, and Ali debate whether 'alaq in 96:2 should be translated as 'embryo' or 'clot,' with Khalifa citing Maurice Bucaille to reject 'clot.' Sabahi and Ali reflect on human transgression through wealth (96:6–7) and mandatory versus forbidden prayer, citing experiences in post-revolutionary Iran. Khalifa concludes with administrative updates and leads the recitation of Al-Fatiha.",-
Quran Study,-,-,Quran Study 03 — Surah 10:79-92 & 73 & 3:110-117 (Rashad),1990-01-19,day,catalog,Azhar,-,Dr. Rashad Khalifa,jEnqB7QfaB4,https://www.youtube.com/watch?v=jEnqB7QfaB4,QS03.en-US.vtt,-,-,"Dr. Rashad Khalifa leads a Friday gathering and study circle in Tucson, Arizona, opening with informal conversation alongside Ismail Barakat, Behrouz, and Mahmoud Abib regarding Iranian political culture and jokes about public grief versus private behavior. Khalifa recites Sura 10:79–92, drawing lessons on divine timing from the Red Sea crossing—rebutting a geologist's naturalistic explanation—and asserting that Pharaoh died a genuine believer whose late repentance failed to save his soul due to a lack of spiritual development. He shares anecdotes about the mummies at the Cairo Museum, a joke concerning Hosni Mubarak, and suspicions that a former acquaintance named Eric was a Saudi spy based on phone records. After reading Sura 23:1–14, Khalifa details the mathematical structure of the daily Contact Prayers (Salat) and discusses embryonic development stages described in verse 14. He and Mahmoud Abib present mathematical proofs centered on the occurrence of the word ""God"" in the Quran, including divisible verse totals, initialed sections, Abdullah's count of chapter and verse sums across 85 suras, and verse distances between 3:81 and 33:7 regarding the Messenger of the Covenant. In a sermon segment, Khalifa stresses prioritizing soul development through Salat over physical labor. Dr. Mahmoud Sabahi then leads a study of Sura 3:110–117, addressing social responsibilities, the dual covenants with God and society, historical lessons from Sura 2:60–61, and a CBS 60 Minutes report on drug addiction in Zurich to illustrate moral decline in affluent secular nations.",-
Quran Study,-,-,Quran Study 04 — Surah 37 & 3:118-129 — Asteroid (Rashad),1990-01-21,day,catalog,Azhar,-,Dr. Rashad Khalifa,F-SIuoPwqbs,https://www.youtube.com/watch?v=F-SIuoPwqbs,QS04.en-US.vtt,-,-,"Shakira Karipineni, Ismail Barakat, Mahmoud Abib, and Dr. Rashad Khalifa begin with lighthearted conversation about cholesterol and newspaper allegations against Khalifa before turning to Sura 37 (Al-Saffat). Khalifa, Abib, and Barakat humorously categorize hypothetical methods disbelievers use to force their way into Hell—such as storming gates, tunneling under fences, pole vaulting, and hang gliding—to explain why heavenly residents feel no sadness for the damned. Khalifa and Karipineni share childhood memories of climbing high fences to sneak into Egyptian soccer matches and Indian grape orchards. Exegetical commentary covers Sura 37's descriptions of angels as ""arrangers"" and ""blamers,"" the cosmological meaning of ""Lord of the easts"" (interpreted as the rising of planets and stars), creation from wet mud as evidence of divinely guided evolution, and the rejection of Lā Elāha Ella Allāh by arrogant leaders. Khalifa references a video critique by Bilal Philips and contrasts the Qur'anic Shahada (3:18) with traditional Sunni formulas. Following readings of Sura 10:43–54, Abib shares a news report on H. Jay Melosh's theory regarding asteroid impacts and global firestorms, which Khalifa connects to the smoke prophesied in Sura 44. Dr. Mahmoud Sabahi leads a study of Sura 3:118–129, analyzing the psychological state of hypocrites who bite their fingers in rage, a habit cross-referenced by Douglas to Sura 25:27. Commentary from Edip Yüksel, Abdullah, and Khalifa stresses severing close ties with hostile outsiders before Sabahi and Khalifa conclude with the historical context of the Battle of Badr and divine angelic assistance.",-
Quran Study,-,-,Quran Study 05 — Surah 56:75 & 57 (Lisa),1989-02-17,day,catalog,Azhar,-,Lisa,Qbd1u9ngqPY,https://www.youtube.com/watch?v=Qbd1u9ngqPY,QS05.en-US.vtt,-,-,"Lisa opens the study of Sura 56, verse 75, emphasizing the vast scale of the universe by citing galaxy counts, light-year distances across the Milky Way, and Psalm 8:3–4 to illustrate the gravity of God swearing by the positions of the stars. Reading verses 77 through 80, she contends that the phrase stating none can touch the Quran except the righteous refers to spiritual understanding and the discovery of its mathematical miracle. Addressing an audience question regarding the word ""touch,"" Dr. Rashad Khalifa reads the study footnote to reject traditional ablution rules as a satanic plot, asserting that comprehension is granted exclusively by God. Khalifa hands out a summary sheet of the 19-based miracle, listing contributors such as Abdullah, Mahmood, Ihsan, Lisa, Feroz, Ismail, and Gatut, and demonstrates multi-thousand-digit numbers derived from verse and sura counts. Responding to Farhad Mo'ini's inquiry on number divisibility and a caller from Louisville, Kentucky, Khalifa argues that every Quranic verse is divine except two verses in Sura 9. Turning to verses 88 through 96, Lisa describes the allegorical nature of High Heaven, Lower Heaven, and Hell. Khalifa maintains that those who die before age 40, citing Malcolm X and Martin Luther King Jr., are granted Lower Heaven by divine mercy, drawing parallels to Abraham's understanding and Joseph's protection from sin in Sura 12:24. In Q&A, Catherine asks about generations of believers, and Hussein asks about age forty. Moving to Sura 57:1–5, Lisa discusses divine control over all matter and human hearts, before a group of children and a woman perform a devotional song on remembering God.",-
Quran Study,-,-,"Quran Study 06 — Surah 59 — PRA, Invisible Giants, Hypocrites (Donna)",1989-03-10,day,catalog,Azhar,-,Dr. Rashad Khalifa,GnBtwwvgjPk,https://www.youtube.com/watch?v=GnBtwwvgjPk,QS06.en-US.vtt,-,-,"Donna opens a study circle session on Sura 59, discussing verses 5 through 10 regarding divine control over disbelievers' actions, angelic protection, and the equitable distribution of war spoils to prevent monopolization by the rich, which she compares to Hitler's plunder in World War II. Dr. Rashad Khalifa elaborates on verse 6, asserting that believers are accompanied by invisible angelic guardians and presenting local community events—including emergency financial aid collected for Emily and Lori surviving a rollover car crash unharmed—as empirical evidence. Donna and Dr. Khalifa address Sura 59:7–10, condemning sectarian abuses of verse 7 by Sunni and Shia sects while citing Sura 6:159 and Sura 3:103 to stress believer unity. Following audience questions regarding hypocrites, Dr. Khalifa defines hypocrisy as ego-worship and an inability to utter the shahada without adding Muhammad, referencing Sura 39:45 and Sura 4 while discussing political repression in Iran alongside Hamid and Parivash Ettefagh. Continuing with Sura 59:18–20, Donna discusses daily soul-nourishment, leading Dr. Khalifa to frame righteous deeds as deposits into a ""Post Retirement Account"" (PRA) for eternity, contrasting medical school preparation with eternal life. Reviewing Sura 59:21–24, Donna and Dr. Khalifa discuss the awesomeness of the Quran and divine attributes, supported by Abdullah's observations on mathematical coding, Dr. Khalifa's reflection on human physical design, Robert's inquiry on hypocrites citing Sura 12:103, and Farhad Mo'ini's questions about Quranic compilation history and Sura 53. The session ends with a group recitation of Sura 1 (Al-Fatiha) for Matt's birthday.",-
Quran Study,-,-,Quran Study 07 — Surah 62 & 63 — God's Religion Will Dominate (Catherine),-,-,-,Azhar,-,Dr. Rashad Khalifa,aJUK9hsqmeQ,https://www.youtube.com/watch?v=aJUK9hsqmeQ,QS07.en-US.vtt,-,-,"Dr. Rashad Khalifa opens the session with a significant announcement regarding the upcoming publication of a new, purified Quran translation, which he intends to release during Ramadan. He explains the historical corruption of the Quranic text, asserting that the original chronological order was altered by the Umayyads to include two verses in Sura 9 that idolize the Prophet Muhammad. He argues that this corruption, alongside the distortion of religious practices like the Azan and the ritual prayer, resulted in the loss of the pure Quran for centuries. Following this, Kathryn leads a study of Sura 62 and 63, focusing on the nature of God’s unlimited grace and the metaphor of the donkey carrying books to describe those who possess scripture but fail to understand it. The group discusses the concept of being ""God's chosen,"" with Dr. Khalifa clarifying that this status is not an exclusive guarantee of salvation but a responsibility that many have distorted through arrogance. The conversation shifts to the importance of the Friday Prayer, which Dr. Khalifa emphasizes as a divine commandment that transcends cultural or gender-based restrictions often imposed by Hadith. The session concludes with a discussion on the hypocrites described in Sura 63, the nature of intercession, and the group reciting Al-Fatiha for various personal requests, including academic success for community members and the continued presence of a guest.",-
Quran Study,-,-,"Quran Study 08 — Surah 65 & 66 — Enjoin Kids To Do Salat, Hamid Argues (Lori)",-,-,-,Azhar,-,Dr. Rashad Khalifa,D5EfbKdo8F8,https://www.youtube.com/watch?v=D5EfbKdo8F8,QS08.en-US.vtt,-,-,"Lori leads a study of Sura 65 (Al-Talaq, 10–12) and Sura 66 (Al-Tahreem, 1–12), analyzing human creation, marital duties, and prophetic fallibility. Discussing 65:10–11, she explains that humans possess sufficient intelligence to believe rather than totally disbelieving like jinns, and that messengers serve to lead existing believers out of darkness. Dr. Rashad Khalifa addresses divorce laws, explaining alimony provisions and nursing mother allowances in 65:6–7. He argues that evolution within species is a divinely guided scientific fact, contrasting it with Darwinian natural selection and atheist evolution. He asserts that six other uninhabited Earths exist to prove on the Day of Judgment that life did not randomly evolve from chemical conditions. After an unedited manuscript typo found by Poopak is addressed, a participant questions how divorce arbitration functions in practice; Dr. Khalifa states that Quranic guidelines rely on conscience and mutual consultation. Transitioning to 66:1–7, Lori highlights Muhammad's human fallibility and the rejection of prophetic idolization. Hamid raises concerns regarding how far parents should force children to observe Salat, prompting Dr. Khalifa and Lori to cite 20:132 on persistent exhortation without compulsion. Beth offers personal testimony about her upbringing, noting that forcing children breeds resentment. Concluding with 66:8–12, Lori discusses sincere repentance, the struggle against hypocrites, and how the wives of Noah, Lot, Pharaoh, and Mary disprove the doctrine of intercession. The session ends with two recitations of Al-Fatiha for group members.",-
Quran Study,-,-,"Quran Study 09 — Surah 70 — Chastity, Worry, Edip's Translation Request (Edip)",-,-,-,Azhar,-,Dr. Rashad Khalifa,_ssb0acolWQ,https://www.youtube.com/watch?v=_ssb0acolWQ,QS09.en-US.vtt,-,-,"Edip Yuksel leads a study of Sura 70 (Al-Ma'arij), opening with Dr. Rashad Khalifa citing Sura 26 regarding reading the Quran in non-native languages. Edip discusses the relativity of time in 70:4, comparing human standards of age to flies and dogs—prompted by Lydia—while Khalifa references Carl Sagan's novel and Einstein's relativity theory to explain light speed and Prophet Muhammad's ascension. Examining 70:19–34, Edip addresses the passive creation of human anxiety, while Khalifa recounts an anecdote about his father's teacher debating mullahs over worry and despondency. Khalifa presents 70:29 as a command for chastity, citing a Joe Sobran column on sexual consequences and health risks like AIDS and cervical cancer mentioned by Naghmeh, while contrasting university condom giveaways with parental duties. On 70:30, Khalifa argues that ""what is legally theirs"" includes common law and non-traditional marital arrangements, responding to queries from Farhad Mo'ini, Parivash Ettefagh, and Douglas. Edip shares a personal story of a Turkish printing mix-up between 29:45 and 39:45 after neglecting his contact prayers. Dr. Mahmoud Sabahi, Robert, Martha, and Naghmeh ask questions regarding marital obligations, wealth as a virtue via Sura 16, verse order preservation through Gabriel, the historical Umayyad conflict following Uthman's era, and Behruz Mofidi Shirazi's Farsi translation project.",-
Quran Study,-,-,"Quran Study 10 — Surah 71 & 72 — Chastity, Jinns (Apamea)",1989-05-19,day,catalog,Azhar,-,Dr. Rashad Khalifa,eAmafeIMbeI,https://www.youtube.com/watch?v=eAmafeIMbeI,QS10.en-US.vtt,-,-,"Apamea Bashar leads the study of Sura 71 (Noah) and Sura 72 (Al-Jinn) on May 19, 1989. After Apamea recites Sura 71, she reflects on Noah's 950-year ministry, verse 71:17 comparing human growth to plant germination, and the pre-Islamic idols in 71:23. Dr. Rashad Khalifa compares Noah's struggles in 71:7 to a law student's rejection of mathematical Quranic proofs related by Naghmeh, and uses dead insects trapped in a light fixture outside the Tucson mosque as an allegory for sinners seeking damnation. Khalifa identifies the Dead Sea as a remnant of Noah's flood, highlights the scientific distinction between the sun's direct light and the moon's reflective surface in 71:16—citing Neil Armstrong and Buzz Aldrin—and argues from 71:25 that souls learn their ultimate fate at death. Moving to Sura 72, Apamea reads verses 1–18, touching on jinn seeking power through witchery and devil worship. Khalifa asserts Sura 72 prophesies events at Masjid Tucson, pointing to four occurrences of the root Rashada and 19-based gematria. He explains jinn mechanics, claiming they travel light-years and referencing a 76-second space shuttle launch abort. Khalifa interrupts to instruct youth attendee Amir on chastity, defining it as abstaining from premarital contact. In a debate over 72:18, Rami, Edip, and Dr. Mahmoud Sabahi question whether prohibiting names beside God's applies strictly to Contact Prayer or to physical mosque premises, while Khalifa argues for dedicated prayer spaces free of non-divine names.",-
Quran Study,-,-,Quran Study 11 — Surah 23:60-88 & 16 (Behrouz),1990-01,month,catalog,Behrouz,-,Behrouz,6O6brIx2BtE,https://www.youtube.com/watch?v=6O6brIx2BtE,QS11.en-US.vtt,-,-,"Dr. Rashad Khalifa hosts a morning study session in Tucson, Arizona, opening with commentary on international news regarding political revolts against Mikhail Gorbachev in Moscow and Nicolae Ceaușescu in Romania. Reading Sura 23:60–88, he equates the ""Zikr"" (reminder) in verse 71 to the Quran's mathematical code and addresses disbelievers who reject resurrection, mentioning Susan Rey's belief that Ali, Hussein, and Fatima will return. He references Beirut as a center of moral corruption punished by God before leading a recitation of Al-Fatiha for a participant named Soad. Reading Sura 16:66–72, Khalifa elaborates on bee hive social hierarchy, worker scouts calculating flight angles and distances, pollen leg pockets, and honey's ability to cure local allergies. Turning to Sura 11:38–60, he discusses Noah building the ark, referencing a joke by Bill Cosby, and asserts that God maintains total control over every individual creature, using AIDS as an example of targeted divine retribution. After reciting Sura 10:26–34, he describes Hell as absolute darkness and explains that saint worship at tombs constitutes imploring nothingness. He shares personal anecdotes about an elderly man with hearing loss seen on his twenty-seventh wedding anniversary and a participant's eye surgery, concluding with a discussion on genetics, DNA, and James Watson.",-
Quran Study,-,-,Quran Study 12 — Behrouz's Sermon & Edip's Exposure (Behrouz),1990-01-25,day,catalog,Behrouz,-,Behrouz,jYTRnyx-9L0,https://www.youtube.com/watch?v=jYTRnyx-9L0,QS12.en-US.vtt,-,-,"Behrouz delivers a Friday Khutba addressing congregational decorum and reverence for God's messenger, Dr. Rashad Khalifa, following a visitor's concern over how Khalifa was treated. Citing numerous verses including 6:8–9, 49:1–5, and 24:62, Behrouz argues that believers must refrain from arguing with the messenger, raising their voices, or addressing him by his first name during official sessions, drawing comparisons to President Bush and citing Sammy Khalifa's conduct. Following prayer, Dr. Mahmoud Sabahi objects to Behrouz's tone, comparing it to rigid religious establishments. During the subsequent Quran study, Khalifa addresses human rebelliousness using the parable of the heifer in Sura 2 and recent dress-code breaches under 7:31, prompting commentary from Laurie, Linda Baroni, and others on modesty. Edip Yuksel defends himself against claims of ego worship, citing his sacrifices in Turkey and quoting 2:269, 17:36, 49:12, 24:63, 60:12, and 3:159 to argue that obedience is conditional and discussion is permitted. A heated debate ensues regarding past discussions on God's omnipotence and whether God operates through angels, during which Edip accuses Behrouz of claiming God did not create hydrogen. Khalifa, Ahmad, and Martha explain God's physical system of using angels (3:59, 15:29, 21:91), warning that raising opinions above the messenger nullifies good works (49:2). Dr. Mahmoud Sabahi recites Sura 114 and 3:103–106 appealing for unity, while Ali defends Edip's right to speak. Khalifa cautions Edip against idolizing his opinion (39:65). Douglas quotes 39:18 and 58:10 on Satanic division, after which Khalifa leads recitation of Al-Fatiha. Apamea Bashar concludes by teaching 3:130–132 and 2:275 on usury.",-
Quran Study,-,-,Quran Study 13 — Surah 7:12 — Adam & Eve's Bodies (Rashad),1989-12-24,day,catalog,Behrouz,-,Dr. Rashad Khalifa,FE-6av2KRP4,https://www.youtube.com/watch?v=FE-6av2KRP4,QS13.en-US.vtt,-,-,"Dr. Rashad Khalifa leads a study of Sura 7 (Al-A'raf), verses 12 through 27, examining Satan's refusal to prostrate, his dismissal from God's kingdom, and his request for respite to lead humans astray. Khalifa argues that Satan's rebellion demonstrates free choice among creatures and asserts that opponents of God's physical evidence in the Quran use falsehood to combat truth, citing 40:5. Study participants Atif, Ihsan Ramadan, and Edip Yüksel discuss a conference where a scholar argued the Quran was hallucinated by Muhammad and where a critic objected to numeric counts over geminate letters (shaddas). Khalifa and Ihsan recount an incident where Ihsan experienced a separation of soul and body during a hospitalization, perceiving a large figure identified as Abraham. This prompts a detailed discussion on the nature of Adam and Eve's bodies in Paradise, verse 7:22, whether their physical forms were in Heaven or on Earth, and how souls are assigned to bodies. Parivash Ettefagh shares a dream about the Shahada and verse 7:172, arguing that human souls bore witness to God's lordship prior to earthly existence, making ""Ash-hadu Alla Elaha Ella Allah"" an eyewitness testimony. The group reads 38:67-76 regarding the High Society feud and 67:2 on the creation of death and life. Atif relates a clinical out-of-body experience during dental surgery, leading Khalifa to discuss Jesus's crucifixion, the distinction between body, spirit, and soul, and his own scientific publication on carrot cloning in Nature. The conversation concludes with remarks on Stephen Hawking and the fine-tuned expansion of the universe.",-
Quran Study,-,-,Quran Study 14 — Night of Destiny Zikr (Rashad),-,-,-,Behrouz,-,Dr. Rashad Khalifa,_m-_aeqgaXA,https://www.youtube.com/watch?v=_m-_aeqgaXA,QS14.en-US.vtt,-,-,"Dr. Rashad Khalifa leads a zikr session on the Night of Destiny (Laylat al-Qadr), framing spiritual growth as the transition of the soul from infancy to adulthood through the commemoration of God. He argues that while creation glorifies God by necessity, humans exercise free choice, asserting that those who neglect zikr are characterized in the Quran as unjust and ignorant. Khalifa describes how repeating the divine name wipes out past sins and deposits spiritual capital into a Post-Retirement Account for eternity, citing twenty-three Quranic passages that promise health, wealth, and dignity to those who remember God. Discussing the unseen realm, he presents the angels on this night as actively descending to assist believers with personal matters, including health issues and job or immigration applications. He references Sura Al-Qadr, Sura 1 (Al-Fatiha), and Sura 2:186 regarding God's response to prayer. Throughout the gathering, he directs communal chanting of La Elaha Ella Allah and Qayyum, maintaining that expanded souls love and overlap across great distances while stunted souls remain trapped in conflict.",-
Quran Study,-,-,Quran Study 15 — Surah 54:23 & 55-56 & 51 — Age 40 & First Gen. (Rashad),1967,year,description,Behrouz,-,Dr. Rashad Khalifa,dkW9QphWF3Y,https://www.youtube.com/watch?v=dkW9QphWF3Y,QS15.en-US.vtt,-,-,"Dr. Rashad Khalifa leads a study of Sura 54 (verses 23–40), arguing that AIDS represents divine retribution for homosexuality and discussing media warnings directed at the Arab world. Martha questions his translation of Sura 54:37, prompting a discussion on using ""incurred"" rather than ""deserved"" retribution. Khalifa mentions a 12,692-digit number compiled by Abdullah as a multiple of 19 and criticizes Islamic centers for aligning with Catholic censorship regarding Salman Rushdie. Lori presents Sura 55, leading Khalifa to describe jinns as beings of fire moving faster than light. Discussing Sura 56, he designates those enduring ridicule for upholding God alone as the ""first generation"" destined for the highest heaven. He reasserts that individuals who die before age 40, including Martin Luther King Jr. and Malcolm X, automatically enter the Lower Heaven to protect them from environmental corruption. Lisa reads Sura 57:4–5 on divine control, while Douglas Brown introduces Sura 51. Khalifa illustrates God's creation using atmospheric oxygen levels—referencing the 1967 Apollo 1 fire—and argues from Genesis 22 that Ishmael, not Isaac, was Abraham's sacrificed son.",-
Quran Study,-,-,Quran Study 16 — Surah 64 & 59 & 70 — Nothing Happens & Angels Are The Best Surgeons (Rashad),-,-,-,Behrouz,-,Dr. Rashad Khalifa,Lrqb3N6b6gY,https://www.youtube.com/watch?v=Lrqb3N6b6gY,QS16.en-US.vtt,-,-,"Dr. Rashad Khalifa introduces the page layout of his forthcoming Quran translation, demonstrating the mathematical coding of the word God (2,698 occurrences, multiple of 19) to verify divine authorship. Analyzing Sura 64:1-9, he argues that divine omnipotence guarantees perfect happiness for believers, comparing God's warranty to commercial guarantees by Lee Iacocca, while rejecting Bukhari hadith claiming righteous people suffer most. Addressing Sura 10:62, he asserts that physical afflictions, such as Rabbi Kushner's son suffering from progeria, stem from Satanic harm when divine protection is forfeited. He explains two fundamental divine laws: that nothing happens except by God's will, and nothing occurs except as a consequence of human actions, citing his nephew's missed Morning Prayers in Egypt and Douglas's sermon on morning light exposure curing depression. Edip Yüksel presents a study of Sura 70:15-34, analyzing the passive grammatical structure of kholiqa in verse 19 to argue humans create their own anxiety rather than God creating flawed designs. Edip and Khalifa address Sura 70:30, clarifying that ""what is legally theirs"" encompasses common-law and cultural marriage practices. Following a quote from Joe Sobran on casual sex, Khalifa outlines an upcoming appendix on youth chastity. Further Q&A features Dr. Mahmoud Sabahi, Farhad Mo'ini, Parivash Ettefagh, and Martha, touching upon arranged marriages, Farsi translations by Behrooz Shirazi, textual additions under Caliph Uthman, and the spiritual mechanism of Gabriel's revelation to Prophet Muhammad.",-
Quran Study,-,-,Quran Study 17 — Surah 82-83 & 90-91 (Rashad),1989-07-21,day,catalog,Behrouz,-,Dr. Rashad Khalifa,ZGqIH1KtgQk,https://www.youtube.com/watch?v=ZGqIH1KtgQk,QS17.en-US.vtt,-,-,"Dr. Rashad Khalifa opens with informal mosque updates, welcoming back Muhtesem Erisen and offering advice on hand placement during Prayer before leading a study of Surah 90 (Al-Balad). He posits that human gestation (266 days) and bird egg incubation reflect mathematical multiples of seven and nineteen, and interprets the difficult path of verse 4 as hard work required to redeem the soul from its original rebellion in High Society. Emphasizing the daily prayers, he warns against idolizing money and cites Surah 29:17, read by Lydia, to assert God as sole provider. He illustrates divine design using the mechanics of human eyes and tongues, contrasting the narrow path of worship with widespread idol worship. A debate on verse 4 ensues when Dr. Mahmoud Sabahi brings up a Farsi translation rendering kabad as pain and suffering; Dr. Khalifa counters that believers do not suffer continuous misery. Turning to Surah 91 (Al-Shams), Dr. Khalifa cites planetary precision and California redwoods as evidence of divine creation, contrasting scientific astronomical data with traditional moon-sighting practices. Following birthday prayers for Sarah and Alia, Edip Yuksel presents Surah 82 and Surah 83, analyzing mathematical counts of the word Allah and discussing the translation of Yawm al-Din. Edip and Dr. Khalifa argue that the numerically structured book (Sijjeen and Elleyyeen) refers to the Quran itself, which the righteous witness while disbelievers dismiss as tales of the past.",-
Quran Study,-,-,Quran Study 18 — Surah 61 & 87 & 94 & 81 (Rashad),-,-,-,Behrouz,-,Dr. Rashad Khalifa,wjDFBR6vWlA,https://www.youtube.com/watch?v=wjDFBR6vWlA,QS18.en-US.vtt,-,-,"In this study circle, Dr. Rashad Khalifa and Edip Yuksel analyze several suras of the Quran, focusing on the mathematical structure and the practical implications of the text. Dr. Khalifa explains the testing process for women during wartime described in Sura 60, emphasizing that believers must pledge to worship God alone and avoid sinful behavior, while cautioning that not all orders from a prophet are binding unless they are righteous. The group discusses the mathematical miracle of the number 19, which Dr. Khalifa argues will lead to the global prevalence of Islam within 50 years. The study shifts to Sura 87, where the group explores God's design in nature, specifically the camel's biological adaptations, which they present as evidence of divine creation. The discussion progresses to Sura 88, detailing the apocalyptic events of the Day of Judgment, including the implosion of the universe. The participants also examine Sura 89, reflecting on the historical destruction of 'Ad and Thamud as divine retribution for arrogance and the mistreatment of the poor. Throughout the recording, Dr. Khalifa addresses the oppression of women in contemporary Saudi Arabia and Iran, characterizing forced veiling and the denial of rights as modern forms of burying girls alive. The session concludes with an examination of Sura 81 and the role of the Messenger of the Covenant, with Dr. Khalifa sharing personal accounts of his spiritual experiences and the mathematical proofs connecting his name to the Quranic text.",-
Quran Study,-,-,"Quran Study 19 — Surah 2:89 — Witchcraft, Reverting, Intro To Blue Quran (Edip)",-,-,-,Behrouz,-,Dr. Rashad Khalifa,qgNByS6nWbM,https://www.youtube.com/watch?v=qgNByS6nWbM,QS19.en-US.vtt,-,-,"Dr. Rashad Khalifa leads a study circle through a detailed examination of Sura 2:89–119, focusing on the historical and spiritual patterns of disbelief among those who claim to be recipients of scripture. He emphasizes the role of the ego in rejecting God's messengers, drawing parallels between the historical rejection of Moses and Jesus by their respective communities and the contemporary resistance to the mathematical miracle of the Quran. He discusses the nature of witchcraft, attributing it to the influence of jinns and explaining it as a test of faith, while cautioning that such practices are ultimately futile against God's will. Throughout the session, he highlights the importance of the Contact Prayers (Salat) and the necessity of absolute devotion to God alone, warning that those who disregard these commandments or succumb to jealousy will face severe consequences. The discussion also touches on the divine nature of the Quran's structure and the significance of the mathematical code 19, which he presents as a sign of God's omnipotence and a means of refining the believers.",-
Quran Study,-,-,"Quran Study 20 — Surah 3 — Insurance, Worry, Fear (Sabahi)",-,-,-,Behrouz,-,Dr. Rashad Khalifa,jlYvG8mSkGs,https://www.youtube.com/watch?v=jlYvG8mSkGs,QS20.en-US.vtt,-,-,"Dr. Mahmoud Sabahi leads a study circle in Tucson, Arizona, focusing on the opening verses of Sura 3. He examines the nature of straightforward versus multiple-meaning verses, arguing that those who harbor doubt in their hearts deliberately exploit allegorical passages to create confusion, a tactic he claims is prevalent among traditional scholars who prioritize sectarian interpretation over the essence of the Quran. Dr. Sabahi and Dr. Rashad Khalifa discuss the role of those who possess knowledge, asserting that true understanding is accessible to any seeker of truth rather than a privileged clerical class. The group analyzes the significance of the phrase ""there is no god except He"" and the importance of maintaining absolute belief in God without the distraction of worldly concerns like insurance or fear of the future. Dr. Khalifa emphasizes that believers are prisoners of war in a temporary world, and he characterizes the material pleasures described in Sura 3:14 as mere vanities compared to the eternal abode. The session concludes with a discussion on the responsibility of believers to deliver the message of submission, with participants sharing personal experiences of proselytizing and the shift toward using the term ""submitter"" to avoid the prejudices associated with the word ""Muslim"" in contemporary political contexts.",-
Quran Study,-,-,Quran Study 21 — Surah 9:52 & 56:75 — The Hypocrites (Rashad),-,-,-,Behrouz,-,Dr. Rashad Khalifa,wdA8HlLLe3U,https://www.youtube.com/watch?v=wdA8HlLLe3U,QS21.en-US.vtt,-,-,"Dr. Rashad Khalifa leads a study circle session focused on Sura 9:52-68 and Sura 56:75-96. He begins by explicating the hypocrites' response to the messenger, arguing that their performance of Salat was tainted by laziness and disbelief, serving as evidence that the contact prayers existed prior to the Quran. He discusses the distribution of charity, emphasizing that Zakat must prioritize poor relatives, and warns against the divisive nature of hypocrites who masquerade as believers. Following a discussion on the importance of documenting loans, Lisa presents an analysis of Sura 56:75, reflecting on the vastness of the universe and the mathematical miracle of the Quran. Dr. Khalifa elaborates on the number 19, detailing recent discoveries regarding the Quran's numerical structure and asserting that only the righteous are permitted to uncover these proofs. The session concludes with a reading of the final verses of Sura 56, which categorize souls into the Highest Heaven, the Lower Heaven, and Hell, with Lisa emphasizing the allegorical nature of these descriptions and the necessity of glorifying God.",-
Quran Study,-,-,"Quran Study 22 — Surah 39:11 & 37:164 & 28 — Admission Test, No Insurance Compromise (Rashad)",-,-,-,Behrouz,-,Dr. Rashad Khalifa,-ApTJpCzxso,https://www.youtube.com/watch?v=-ApTJpCzxso,QS22.en-US.vtt,-,-,"Dr. Rashad Khalifa leads a study circle focusing on the profound implications of Sura 39:11-14, emphasizing the absolute necessity of worshiping God alone and the transformative nature of being an ""utmost submitter."" He argues that a true submitter experiences a perfect life free from problems, attributing any personal hardship to one's own failure to follow God's law or a necessary ""admission test"" designed to purge human defects. Throughout the session, he shares personal anecdotes, including his recent experiences with his wife and the peaceful resolution of potential conflicts, to illustrate how God manipulates hearts to protect those who trust Him. The discussion extends to the nature of Satan, the role of the jinn companion, and the interpretation of Sura 37:159-182 and Sura 38:1-16, where he explains the mathematical code of the Quran and the inevitable retribution awaiting those who reject the message. Participants engage in a lively Q&A, questioning the nature of jinn, the validity of astrology, and the historical context of specific verses, while Dr. Khalifa consistently redirects them to the Quran's clear guidance and the importance of avoiding the worship of ancestors or religious figures.",-
Quran Study,-,-,"Quran Study 23 — Surah 51 — New Era, Believers Protected From Accidents & Diseases (Douglas)",-,-,-,Behrouz,-,Dr. Rashad Khalifa,33ZgjUWYZ_8,https://www.youtube.com/watch?v=33ZgjUWYZ_8,QS23.en-US.vtt,-,-,"Dr. Rashad Khalifa leads a Quranic study session in Tucson, Arizona, with Douglas Brown serving as the primary speaker for the analysis of Sura 51. The discussion begins with an examination of the opening verses of Sura 51, which describe the winds and clouds as divine mechanisms for distributing bounty, with Dr. Khalifa drawing an analogy between these natural systems and the life-support requirements for astronauts in space. Douglas argues that the Quranic code provides irrefutable proof of God's existence and the timing of the Day of Judgment, asserting that deviators reject these signs because they are predestined to do so. The group explores the narrative of Abraham and his angelic guests, discussing the birth of Isaac and the destruction of Sodom and Gomorrah. Dr. Khalifa clarifies the distinction between Ishmael and Isaac, rejecting biblical accounts that he characterizes as racial distortions. The session concludes with a debate regarding divine protection, where Dr. Khalifa maintains that sincere believers are shielded from worldly disasters, including diseases and accidents, while acknowledging that death remains an inevitable transition for all human beings.",-
Quran Study,-,-,Quran Study 24 — Surah 55 & 56 (Lori),-,-,-,Behrouz,-,Dr. Rashad Khalifa,Q8ZsD-FMhJU,https://www.youtube.com/watch?v=Q8ZsD-FMhJU,QS24.en-US.vtt,-,-,"Dr. Rashad Khalifa and his study circle in Tucson, Arizona, examine Sura 55 and 56, focusing on the nature of Heaven, Hell, and the spiritual development of the soul. Dr. Khalifa begins by addressing the community, clarifying his previous remarks regarding the ""best"" cake-makers to emphasize that every believer is special. Laurie leads the study of Sura 55, highlighting the distinction between the Higher Heaven and the Lower Heaven, and the role of jinns as companions who share the same requirements for salvation as humans. The group discusses the concept of original sin, the necessity of the five daily prayers as sustenance for the soul, and the visual manifestation of spiritual development in the Hereafter. Dr. Khalifa explains that the guilty will be recognizable by their deformed, shrunken appearance, while the righteous will be rewarded with proximity to God. Naghmeh continues the study with Sura 56, discussing the ""far ahead"" believers who are closest to God, and the distinction between the early generations of believers and later ones. The participants share anecdotes about facing ridicule and persecution for their commitment to worshipping God alone, drawing parallels to the experiences of Noah and Abraham. Dr. Khalifa emphasizes that their current generation is a ""first generation"" of believers who are restoring the true message of Islam, and he presents mathematical evidence from the Quran as a sign of its divine origin. The session concludes with a discussion on the inevitability of the Day of Judgment and the graphic descriptions of Hell for those who reject the truth.",-
Quran Study,-,-,Quran Study 25 — Surah 58 (Robert),-,-,-,Behrouz,-,Robert,Qr_e-6xqbD4,https://www.youtube.com/watch?v=Qr_e-6xqbD4,QS25.en-US.vtt,-,-,"Robert leads a study session on Sura 58, ""The Debate,"" focusing on the Quranic laws regarding the estrangement of wives and the expiation required for such actions. He reads verses 58:1-9, emphasizing God's omniscience and the prohibition of secret conspiracies that foster disharmony. Dr. Rashad Khalifa joins the discussion, explaining the historical context of the ""mother"" analogy used by husbands to punish wives and detailing the Quranic solutions for reconciliation, including freeing a slave or fasting. The group examines the mathematical nature of the Quran, noting that Sura 58 mentions God in every verse. Dr. Khalifa and other attendees share anecdotes about past troublemakers who attempted to divide the study circle, framing these events as tests of faith. The session continues with verses 58:10-22, covering the importance of making room for others, the necessity of charity, and the requirement to prioritize God over family ties. A new attendee, Keikhosrow Emami, shares his personal journey of discovering the Quranic message in the United States, his transition to the study circle, and his commitment to the Contact Prayer.",-
Quran Study,-,-,Quran Study 26 — Surah 67 — Hamid Argues With Rashad (Gatut),-,-,-,Behrouz,-,Gatut,CGfev9VS4Mw,https://www.youtube.com/watch?v=CGfev9VS4Mw,QS26.en-US.vtt,-,-,"Gatut Adisoma leads a study session on Sura 67, Al-Mulk, focusing on the nature of God's sovereignty, the purpose of human existence, and the flawless design of the universe. He explains that God grants kingship to believers, who are liberated from the worldly anxieties associated with celebrity and material wealth. Adisoma discusses the creation of seven universes, identifying the innermost as a prison for Satan, and highlights the Quranic warnings regarding Hell, where disbelievers will eventually confess their denial of God's revelations. Dr. Rashad Khalifa interjects to emphasize the precision of God's system, citing the predictable movements of celestial bodies and the moon's synchronized rotation. The session transitions into a contentious debate between Hamid, Dr. Khalifa, and other attendees regarding the extent of God's daily interference in human affairs. Hamid argues that humans possess individual agency and that God does not intervene in mundane choices, a view Dr. Khalifa and other students challenge by asserting that God controls every aspect of existence, including human speech and actions. The discussion concludes with a recitation of Al-Fatiha for community members and a preview of the next session.",-
Quran Study,-,-,"Quran Study 27 — Surah 14:18 & 17:47 — Chastity, Salat As A Gift, DOJ, Quran Traps (Eric)",-,-,-,Behrouz,-,Dr. Rashad Khalifa,NPb1hfwEpRo,https://www.youtube.com/watch?v=NPb1hfwEpRo,QS27.en-US.vtt,-,-,"Dr. Rashad Khalifa leads a study circle in Tucson, Arizona, focusing on the interpretation of Sura 14, verses 19 through 33, while addressing broader theological questions regarding the upbringing of children and the nature of belief. He emphasizes the Quranic teaching that God created the heavens and the earth for a specific purpose and argues that the past tense used in prophetic descriptions of the Day of Judgment signifies events that are certain to occur. A significant portion of the session involves a heated exchange with an attendee named Eric regarding the necessity of formal schooling and the proper method for disciplining children. Dr. Khalifa strongly rejects the use of physical punishment, characterizing it as a satanic practice that alienates children from religious teachings. He also discusses the role of parents in setting a righteous example, citing the importance of teaching children to perform Salat at home. The discussion shifts to the nature of the Quran as the sole source of wisdom, with Dr. Khalifa critiquing the reliance on Hadith and illustrating the dangers of sectarian practices, such as temporary marriages performed near the Ka‘bah. He concludes by clarifying the nature of resurrection, correcting the translation of ""dead"" to ""unconscious"" in Sura 39:68, and reiterating that for God, there is no time sequence in creation.",-
Quran Study,-,-,Quran Study 28 — Surah 45:33 — 19 Math (Edip),-,-,-,Parivash,-,Dr. Rashad Khalifa,2wJituk57Ho,https://www.youtube.com/watch?v=2wJituk57Ho,QS28.en-US.vtt,-,-,"Dr. Rashad Khalifa leads a study circle in Tucson, Arizona, focusing on the mathematical structure of the Quran and the rejection of sectarian idolatry. He opens by discussing Sura 45:33-37 and 46:1-14, emphasizing that idolators will eventually be disowned by the very figures they worship, such as Muhammad or Ali, on the Day of Judgment. Khalifa highlights the mathematical miracle of the Quran, specifically the number 19, which he argues serves as God's signature and a physical proof of the scripture's integrity. He recounts the historical discovery of this code by Rabbi Judah the Pious, whom he identifies as the witness mentioned in 46:10. The discussion shifts to the origins of human existence, with Khalifa explaining that humans were originally in God's kingdom before being sent to Earth to choose between God's message and Satan's. Participants share personal anecdotes about their transition to monotheism and the absurdity of traditional religious rituals, such as specific rules for cutting nails or entering restrooms, which they characterize as sectarian fabrications designed to monopolize religious authority. The session concludes with a critique of the sectarian divisions in prayer leadership, contrasting the simplicity of Quranic submission with the complex, man-made requirements prevalent in Sunni and Shia traditions.",-
Quran Study,-,-,"Quran Study 29 — 1985 Tucson, Mehri's Questions, Admission Test & Final Test (Parivash)",1985,year,catalog,Parivash,-,Parivash,H4C4mkPtoO8,https://www.youtube.com/watch?v=H4C4mkPtoO8,QS29.en-US.vtt,-,-,"Dr. Rashad Khalifa leads a study circle in Tucson, Arizona, in 1985, focusing on the theological implications of Sura 29 and the nature of human testing. He addresses questions regarding the Fitrat, or innate human instinct to recognize God, and argues that individuals cannot plead ignorance or blame their parents for their religious choices. The discussion pivots to the story of Iblis, whom Khalifa describes as having been exposed by God for his refusal to prostrate before Adam, a rebellion rooted in his desire to rule a portion of God's kingdom. Khalifa critiques the tendency of religious groups, specifically citing Sheikh Metwalli Sha'rawi, to associate other names with God, which he classifies as the unforgivable sin of Shirk. He also recounts the story of a young woman named Jennifer, using her tragic accident to illustrate the chaos caused by Satan when individuals step outside of God's protection. The session includes a Q&A segment where participants ask about the necessity of ablution, the nature of prayer, and why the Quran repeats certain messages across different suras.",-
Quran Study,-,-,"Quran Study 30 — Surah 28 & 57 & 45:33 — Insurance, Rashad Told To Devote All Time To God (Edip)",-,-,-,Parivash,-,Dr. Rashad Khalifa,q1snri6J2w4,https://www.youtube.com/watch?v=q1snri6J2w4,QS30.en-US.vtt,-,-,"Dr. Rashad Khalifa explores the divine law of God supporting the oppressed through the history of the children of Israel in Egypt, specifically focusing on the narrative of Moses in Sura 28. He details the birth of Moses, his mother's reliance on God's guidance, and his eventual adoption by Pharaoh's family, characterizing Pharaoh's wife as a secret believer planted by God. The discussion shifts to Moses' accidental killing of an Egyptian, which Dr. Khalifa frames as a divinely orchestrated event that prepared Moses for his future leadership. The session transitions to Sura 57, where Dr. Khalifa discusses the deterioration of religion, the nature of worldly life as a temporary illusion, and the importance of believing in God and His messengers. He shares a personal anecdote about his own experience of 'righteous death' while listening to Quranic recitation, and recounts a specific incident in Phoenix where a file regarding his own accident served as a sign to his coworkers. The session concludes with a detailed examination of the mathematical miracle of the Quran, specifically the significance of the number 19, and a theological explanation of the origin of human souls as former angels who were given a second chance to choose between God and Satan.",-
Quran Study,-,-,Quran Study 31 — Surah 18:98 & 81 — Azan & Salat (Rashad),1989-11-04,day,catalog,Parivash,-,Dr. Rashad Khalifa,o5IqOX9zwzo,https://www.youtube.com/watch?v=o5IqOX9zwzo,QS31.en-US.vtt,-,-,"Dr. Rashad Khalifa leads a study circle in Tucson, Arizona, focusing on the interpretation of Sura 18:98-110 and Sura 81, while addressing the mathematical miracle of the Quran. He discusses the prophecy of Gog and Magog, arguing that their emergence is linked to the year 2271 and a 17-century timeline from the revelation of the Quran. Khalifa asserts that 'Zikr' refers specifically to the Quran's mathematical code, which serves as a divine guarantee of the scripture's preservation. The session includes a detailed critique of traditional religious practices, specifically criticizing the inclusion of names other than God in the Shahada and the addition of non-Quranic steps to the Wudu and Salat. Khalifa and his student Edip analyze the end-of-the-world imagery in Sura 81, describing the cosmic events as a divine implosion. The discussion touches upon the oppression of women in certain Muslim-majority cultures, which Khalifa characterizes as a modern form of burying daughters alive. He also shares personal anecdotes regarding his experiences as God's Messenger of the Covenant, explaining his summons to the high horizon and the confirmation of his mission by the prophets. The recording concludes with reflections on the fortunate nature of the current generation in receiving these divine signs.",-
Quran Study,-,-,Quran Study 32 — Surah 22:15 — Which Masjids To Pray In (Vicky),1989-12-28,day,catalog,Parivash,-,Dr. Rashad Khalifa,jpTj9DAzZO4,https://www.youtube.com/watch?v=jpTj9DAzZO4,QS32.en-US.vtt,-,-,"Dr. Rashad Khalifa leads a study circle in Tucson, Arizona, where he addresses the interpretation of Sura 22:15, critiquing traditional translations that suggest a believer should commit suicide if they doubt God's support. Khalifa and his students, including Edip, analyze how various commentators like Maududi have mistranslated the verse, arguing instead that the passage commands the believer to sever dependencies on others and rely solely on God. The discussion shifts to the physical expansion of their mosque, with Khalifa noting that they have outgrown their current space and planning further growth. He expresses skepticism regarding other local mosques, specifically citing incorrect Qibla orientation in a nearby facility. Parivash Ettefagh raises a question about the prohibition of praying in mosques that do not uphold the Quranic message, leading the group to reference Sura 9:108 as a strict commandment against such practices. The session concludes with anecdotal accounts from Vicky and others regarding children and individuals reciting Zikr, such as 'Allah' or the Shahada, during their sleep or at moments of waking, which Khalifa interprets as evidence of the subconscious mind being naturally attuned to the worship of God.",-
Quran Study,-,-,Quran Study 33 — Surah 74 (Sabahi),1989-06-02,day,catalog,Parivash,-,Dr. Rashad Khalifa,cMoTZEsn7Iw,https://www.youtube.com/watch?v=cMoTZEsn7Iw,QS33.en-US.vtt,-,-,"Dr. Mahmoud Sabahi leads a study circle session on Sura 74, examining the text through the lens of the Quranic mathematical code. He argues that the opening verses, traditionally interpreted as instructions to Muhammad, serve as universal guidance for believers to cleanse their message of centuries of corruption. Sabahi analyzes the description of the disbeliever who is provided with wealth and children yet remains greedy, positing that true richness is found only in contentment with God. He reflects on his personal journey from a religious upbringing in Iran to his eventual arrival in Tucson, where he encountered the message of worshipping God alone. The discussion shifts to the significance of the number 19, which Sabahi and Dr. Rashad Khalifa present as a divine mechanism to strengthen the faith of believers and expose those harboring doubt. Participants debate the nature of multi-meaning words in the Quran, with Edip arguing that traditional interpretations often force human traditions onto the text. Sabahi concludes by emphasizing that intercession is non-existent and that the Quran serves as a reminder for those who wish to take heed, while noting that the presence of hypocrites is a sign of a message gaining strength.",-
Quran Study,-,-,Quran Study 34 — Surah 33 — God Is Physical Innovations/Praying & Prostrating After Salat (Chester),-,-,-,Parivash,-,Dr. Rashad Khalifa,dH2WDuFNJyI,https://www.youtube.com/watch?v=dH2WDuFNJyI,QS34.en-US.vtt,-,-,"Dr. Rashad Khalifa leads a study circle discussion focused on Sura 33 of the Quran, emphasizing the necessity of maintaining a strictly numerical and Quranic approach to prayer and worship. He warns against the introduction of innovations, such as performing additional prostrations after the final salutation, which he argues disrupts the numerical structure of Salat. The discussion transitions into an analysis of Sura 33:1-7, where Dr. Khalifa addresses the prophet Muhammad's role as an example for believers and refutes accusations of idol worship directed at his followers. He clarifies that the covenant mentioned in 33:7 is the same one detailed in 3:81, involving all prophets, and asserts that Muhammad was a participant in this pledge to support the Messenger of the Covenant. The session includes an extensive dialogue regarding the physical nature of God, with Dr. Khalifa utilizing astronomical concepts to illustrate the vastness of the seven universes and God's physical presence. He rejects the notion that God is merely a spirit, arguing instead that God is the most physical of all entities, and discusses the state of the soul after death, distinguishing between the experiences of believers and disbelievers. Participants engage in a debate about the nature of God's physical manifestation and the paradoxes of creation, while Dr. Khalifa insists that all religious understanding must be derived solely from the Quran.",-
Quran Study,-,-,Quran Study 35 — Rashad Makes Deliberate Mistakes To Destroy idols (Ismail),-,-,-,Parivash,-,Dr. Rashad Khalifa,GOZ5pXt-0pU,https://www.youtube.com/watch?v=GOZ5pXt-0pU,QS35.en-US.vtt,-,-,"Dr. Rashad Khalifa leads a study circle focusing on Sura 30:25-32, emphasizing the natural instinct of monotheism and the absurdity of idolatry. He discusses the concept of Satan's incompetence, arguing that the existence of suffering, such as starving children, is a demonstration of Satan's inability to manage his own dominion, and that these victims are ultimately redeemed by God's mercy. Dr. Khalifa recounts his personal history working at Anheuser-Busch, where he developed a patented process for extracting protein from brewer's yeast, which he presents as a miracle that emerged from the heart of a major alcohol manufacturing center. He explains that the mathematical miracle of the Quran was hidden in plain sight, much like a ball hidden in a person's pocket. The discussion transitions to the allegorical nature of descriptions of Heaven and Hell, with Dr. Khalifa positing that Hell is an exile from God in an eighth universe, characterized by darkness and distance rather than literal fire. The session concludes with reflections on the Quran's prophecies regarding the rejection of monotheism and the inevitability of the mathematical miracle becoming known worldwide, despite opposition from traditional religious authorities.",-
Quran Study,-,-,"Quran Study 36 — Surah 30:25 — Miracle From Biggest Brewery, Intercession, Allegory (Feroz)",-,-,-,Parivash,-,Dr. Rashad Khalifa,F0UVvvE92-E,https://www.youtube.com/watch?v=F0UVvvE92-E,QS36.en-US.vtt,-,-,"Dr. Rashad Khalifa leads a study circle discussion focused on the mathematical proofs of the Quran and the nature of human ego as the primary obstacle to belief. He presents two new mathematical miracles involving the Quranic verse numbering system, arguing that when zeros are inserted to account for the Bismillah in each sura, the resulting sequence is a multiple of 19. He asserts that these structural miracles are distinct from the Quran's literary composition and are designed by God to leave no excuse for disbelievers. The discussion transitions to an analysis of Sura 7, verses 58 through 79, covering the missions of Noah, Hûd, and Sāleh. Dr. Khalifa argues that the rejection of these messengers by their people stems from the same human ego and idol worship present in the modern era. He contends that the intention behind one's actions only counts when those actions are already in accordance with God's commandments, dismissing the excuse that ""intention is what matters"" when a person associates other names with God. He further explores the concept of the ego as the ultimate idol, suggesting that humans are ""miniature satans"" who must overcome their pride to be redeemed. The session concludes with a brief exchange regarding the pre-existence of human souls and the covenant of God's absolute authority.",-
Quran Study,-,-,Quran Study 37 — Surah 11:68 (Shakira),1989-11-04,day,catalog,Parivash,-,Dr. Rashad Khalifa,EiTW2MhEtTc,https://www.youtube.com/watch?v=EiTW2MhEtTc,QS37.en-US.vtt,-,-,"Dr. Rashad Khalifa leads a study circle at Shakira Karipineni’s home, focusing on the Quranic verses 10:66 through 10:78. He opens by analyzing 10:68, arguing that God condemns the attribution of a son to Him, clarifying that while the righteous are metaphorically children of God, the literal claim is blasphemous. He discusses the history of Noah in 10:71-73, framing it as a recurring pattern where messengers face persecution from those who reject God's authority. The discussion shifts to the nature of retribution, with Dr. Khalifa explaining that believers will be spared the suffering destined for disbelievers, though he clarifies this does not mean the total eradication of the population. He addresses the concept of original sin in 10:74, asserting that humans are rebels who rejected God in a past life. The group engages in a lengthy dialogue regarding the mathematical miracle of the Quran, specifically the number 19, and its role in validating the number of units in the Contact Prayers. Dr. Khalifa critiques the omission of the opening verse, Bism Allah Arrahman Arraheem, in traditional prayers, labeling it a satanic innovation. The session concludes with a discussion on dietary laws, the prohibition of alcohol and gambling, and the importance of maintaining family harmony while sharing the message.",-
Quran Study,-,-,Quran Study 38 — Certainty (Parivash),1989-11-29,day,catalog,Parivash,-,Parivash,OElDY5TJ2ZE,https://www.youtube.com/watch?v=OElDY5TJ2ZE,QS38.en-US.vtt,-,-,"Dr. Rashad Khalifa leads a study circle in Tucson, Arizona, focusing on the historical corruption of the Quran and the divine preservation of its text. He asserts that two false verses were added to the Quran during the reign of Uthman, triggering centuries of conflict and the eventual massacre of the Prophet's family. He argues that true believers are those who uphold the Quran alone, noting that mosques are now emerging where only the name of God is commemorated. Dr. Khalifa explains the mechanism for attaining certainty, citing Sura 15:99, and emphasizes the importance of performing the five daily prayers, fasting, and paying Zakat on the day of harvest. The group discusses the political system of consultation, the statistical reality of the Quran's preservation, and the nature of the jinn. Dr. Khalifa addresses questions about the definition of usury, the practice of Aqiqah as a superstition, and the historical evidence surrounding the removal of the two false verses from the Quran.",-
Quran Study,-,-,"Quran Study 39 — Surah 60-61 — Rich Believer, Certainty, Insurance (Edip)",-,-,-,Parivash,-,Dr. Rashad Khalifa,9YlP1msrWIM,https://www.youtube.com/watch?v=9YlP1msrWIM,QS39.en-US.vtt,-,-,"Dr. Rashad Khalifa leads an extended study session focusing on Sura 60 and 61 of the Quran, emphasizing the necessity for believers to maintain a firm, public stand for God alone. He discusses the rules of engagement regarding non-believers, arguing that believers should remain equitable and kind toward those who do not actively fight them or evict them from their homes, while completely disassociating from those who demonstrate open hostility. The discussion shifts to the practical implications of these verses, with participants raising questions about personal relationships, the treatment of relatives who practice idolatry, and the handling of asylum seekers in times of conflict. Dr. Khalifa clarifies that the Quranic injunctions regarding war and the treatment of enemies are specific to religious persecution. The session also covers the glorification of God by all things in the universe, the condemnation of sectarianism, and the importance of consistency between one's words and actions. Later, the group engages in a lively debate regarding the status of rich versus poor believers, with Dr. Khalifa maintaining that the Quran explicitly identifies the rich believer as having greater potential for charity and support of the divine cause, provided they remain humble and focused on their duties. The session concludes with anecdotes about children and new believers demonstrating innate spiritual awareness, alongside a brief critique of traditional misinterpretations of Quranic verses.",-
Quran Study,-,-,Quran Study 40 — Surah 3:59 (Catherine),1989-12-29,day,catalog,Parivash,-,Dr. Rashad Khalifa,9tNeF2RTA9A,https://www.youtube.com/watch?v=9tNeF2RTA9A,QS40.en-US.vtt,-,-,"In this study session, Dr. Rashad Khalifa and Catherine examine the theological implications of Sura 3:59-80, focusing on the nature of Jesus, the necessity of absolute submission to God, and the dangers of ego-driven religious distortion. Catherine leads the discussion by reflecting on the challenges of teaching the Quran to those outside the community, noting that the Quran serves as a living voice that requires constant, critical self-examination. She argues that the common human tendency to attribute events to other people—such as blaming a boss or a driver—is a failure to recognize God's absolute control. Dr. Khalifa reinforces this by emphasizing that the invitation in verse 64 to worship God alone is a logical, universal agreement that transcends sectarian divisions. The group discusses the historical fabrication of the Trinity, with Matt noting the political origins of the Nicene Creed, and Dr. Khalifa highlights that the term 'Ummiyyeen' in verse 75 refers to Gentiles, providing evidence that Prophet Muhammad was literate and wrote the Quran with his own hands. The session concludes with a critique of modern televangelists who manipulate scripture for financial gain, contrasting their behavior with the true, humble submission required of believers.",-
Quran Study,-,-,"Quran Study 41 — Al-Fatiha For Everything You Wish, Extreme Libertarianism (Rashad)",-,-,-,Parivash,-,Dr. Rashad Khalifa,N-DjyN6a0tc,https://www.youtube.com/watch?v=N-DjyN6a0tc,QS41.en-US.vtt,-,-,"Dr. Rashad Khalifa leads a study session focused on Sura 54 of the Quran, ""The Moon,"" interpreting the opening verse as a prophecy fulfilled by the lunar missions of the 1970s. He asserts that the mathematical code of the Quran provides physical evidence of God's existence, a claim he contrasts with the skepticism of those who dismiss such signs as magic. Khalifa discusses the nature of the soul, arguing that humans must nourish their eternal selves rather than merely their physical bodies, and he challenges traditional narratives surrounding Noah's Ark, describing the flood as a local event rather than a universal catastrophe. The session includes a detailed examination of the destruction of the peoples of ‘Ad and Thamûd, with Khalifa emphasizing that retribution is a consequence of human stubbornness and the rejection of divine warnings. The dialogue transitions into a technical debate regarding amino acids and messenger RNA, with Dr. Mahmoud Sabahi questioning the scientific accuracy of Khalifa's claims about the number 19 in biological systems. The session concludes with a discussion on the nature of freedom, government, and the Quranic perspective on individual choice, followed by a collective recitation of Al-Fatiha for the healing of a community member.",-
Quran Study,-,-,"Quran Study 42 — Interview W/Rashad by Ray Caton, Insurance, Interest (Ray Caton)",-,-,-,Roxana,-,Dr. Rashad Khalifa,zHnerwexwN8,https://www.youtube.com/watch?v=zHnerwexwN8,QS42.en-US.vtt,-,-,"In this discussion, Dr. Rashad Khalifa addresses an audience in Canada, emphasizing the necessity of absolute devotion to God alone as the sole purpose of human existence, as stated in Sura 51:56. He argues that Satan, or Iblis, actively deceives humanity by encouraging the worship of religious scholars, prophets, and saints, thereby leading people into hidden idol worship. Khalifa details three primary criteria for identifying such shirk, or idol worship, within oneself: feeling aversion when God alone is mentioned, experiencing comfort when other names are associated with God, and rejecting the Quran as the sole source of religious guidance. He cites various suras, including 39:45, 17:45, and 6:112-116, to illustrate how God places veils over the hearts of those who deny the Hereafter. Throughout the session, he fields questions from Ray Caton regarding the role of Ibrahim in establishing Islamic practices, the legitimacy of living in non-Islamic countries, the prohibition of usury and insurance, and the status of women in the mosque. Khalifa maintains that the Quran is fully detailed and complete, asserting that any religious practice not explicitly found within it, such as traditional nine-step ablution rituals, constitutes a deviation from God's law. He concludes by explaining the nature of free will and the purpose of human creation in the context of Satan's challenge to God's authority.",-
Quran Study,-,-,"Quran Study 43 — Surah 17:39 — 3rd Intl Conf, Rashad Speech, Insurance Based On Fear (Edip)",-,-,-,Roxana,-,Dr. Rashad Khalifa,KceHeCtRxcw,https://www.youtube.com/watch?v=KceHeCtRxcw,QS43.en-US.vtt,-,-,"Dr. Rashad Khalifa delivers a lecture to his study circle in Tucson, Arizona, focusing on the necessity of worshiping God alone and following the Quran exclusively. He argues that the traditional Islamic Shahada, which includes the name of Muhammad, constitutes idolatry, a practice he claims God identified as a violation of His absolute kingship. Khalifa discusses the historical corruption of religious texts and practices, including the misinterpretation of Zakat and the incorrect performance of ablution. He presents mathematical evidence from the Quran, specifically regarding the word 'alone' (Wahdahu), to support his doctrine of Quranic supremacy. Throughout the session, he addresses the role of Satan in misleading humanity, the concept of the invisible barrier that prevents disbelievers from understanding the Quran, and the importance of being open-minded to God's messengers. The recording includes informal introductions of attendees, a demonstration of a bird singing in harmony with a Quranic recitation, and a Q&A session covering topics such as the jinn, phobias, and the interpretation of prostration in the story of Joseph.",-
Quran Study,-,-,"Quran Study 44 — Surah 64 & 70 — Nothing Happens, Worry, Chastity (Rashad)",-,-,-,Roxana,-,Dr. Rashad Khalifa,k-8tDovGWsM,https://www.youtube.com/watch?v=k-8tDovGWsM,QS44.en-US.vtt,-,-,"Dr. Rashad Khalifa leads a study circle in Tucson, Arizona, focusing on the interpretation of Sura 64, ""Mutual Blaming,"" and the nature of God's absolute authority. He emphasizes that all creation, including the human body, glorifies God, and he argues that God guarantees happiness and health to those who follow His commandments. He contrasts this with the Hadith, which he claims falsely suggests that the most righteous are the most miserable. Dr. Khalifa explains that the ""Mutual Blaming"" of the Day of Judgment refers to the accountability of individuals for their own actions, asserting that no one will be put in Hell against their will. He discusses the mathematical miracle of the Quran, specifically the frequency of the word ""God,"" as proof of its divine origin. The session includes a segment where attendees discuss the distribution of spoils of war, the nature of hypocrisy, and the importance of unity among believers, illustrated by personal anecdotes of community support. Edip Yuksel joins the study to begin an analysis of Sura 70, exploring the relativity of time and the inevitable nature of the Day of Judgment, while Dr. Khalifa provides scientific analogies to explain the speed of light and the divine perspective on time.",-
Quran Study,-,-,"Quran Study 45 — Surah 40 — Deja Vu, Old Believers Usually Finish All Affairs Before Departing (Rashad)",-,-,-,Roxana,-,Dr. Rashad Khalifa,MBNuPXwnXew,https://www.youtube.com/watch?v=MBNuPXwnXew,QS45.en-US.vtt,-,-,"Dr. Rashad Khalifa leads a study circle in Tucson, Arizona, focusing on the interpretation of Sura 40 and the mathematical miracle of the Quran. He emphasizes the significance of the initials ""Ha Meem"" in verses 40:1-40:6, arguing that their frequency in seven consecutive suras serves as divine proof of the Quran's authenticity. He discusses the historical persecution of prophets, specifically Muhammad, and asserts that those who reject the Quranic miracle or the messenger of the covenant are destined for Hell. The discussion shifts to the necessity of worshipping God alone, with Dr. Khalifa explaining that idol worship, including the mention of Muhammad or other figures in prayer, nullifies good works. He provides recent mathematical findings regarding the number of daily prayer units and Fatiha recitations, framing these as objective evidence. The group also explores the state of the soul after death, the nature of dreams, and the prohibition of dietary restrictions not explicitly ordained by God, which Dr. Khalifa characterizes as a form of idol worship.",-
Quran Study,-,-,"Quran Study 46 — Surah 37:159 & 38:25 & 9:50 & 39:11 — Admission Test, No Insurance Compromise, Jinns, Hypocrites, Apology (Parivash)",-,-,-,Roxana,-,Parivash,9bsMcVdmSqk,https://www.youtube.com/watch?v=9bsMcVdmSqk,QS46.en-US.vtt,-,-,"Dr. Rashad Khalifa leads a study circle in Tucson, Arizona, covering Sura 37:159 through 38:25, while addressing the nature of the jinn, the mechanics of divine protection, and the reality of the admission test for believers. He explains that jinns are creatures that attempt to mislead humans by impersonating historical figures or celebrities, yet he emphasizes that a believer can convert their assigned jinn companion by persistently reading and applying the Quran. Dr. Khalifa discusses the specific roles of angels in protecting those who invoke God's name, and he interprets the ""dwellers of the Woods"" mentioned in Sura 38 as the people of Midyan. Throughout the session, he addresses questions about the nature of happiness, the inevitability of retribution for those who reject the message, and the proper conduct for distributing charity, stressing that believers must prioritize relatives while maintaining absolute devotion to God alone. He also reflects on the story of David and the two brothers, using it to illustrate the necessity of careful, God-conscious judgment. The session concludes with a discussion on the hypocrites who infiltrate the community, the importance of not compromising God's law, and the ongoing struggle to align one's inner thoughts with divine guidance.",-
Quran Study,-,-,Quran Study 47 — Surah 1 & 2 — Intro to Blue Quran (Catherine),-,-,-,Roxana,-,Dr. Rashad Khalifa,H7gWUeJB-_4,https://www.youtube.com/watch?v=H7gWUeJB-_4,QS47.en-US.vtt,-,-,"Dr. Rashad Khalifa introduces the ""Blue Quran"" project, a significant editorial and theological undertaking aimed at consolidating all of God's messages into a single, unified religion of total submission to God alone. He highlights the contributions of his study circle, specifically praising Lisa Spray for her editorial work and Edip Yuksel for his enlightenment regarding the status of Jews and Christians. Throughout the session, he emphasizes that the Quran is the final testament and that Islam is not a name but a description of submission. He discusses the mathematical miracle of the Quran, the role of the messenger of the covenant, and the necessity of rejecting all forms of idolatry, including the veneration of historical figures. The discussion includes a detailed reading of the introduction to the new translation, covering the history of the Heavenly dispute, the creation of humans and jinns as a test, and the significance of the age of forty. Dr. Khalifa also addresses the hostility he faces from traditionalists and clarifies that his followers do not follow him, but rather the word of God. The session concludes with a recitation of Sura Al-Fatiha and a preliminary study of the opening verses of Sura Al-Baqarah, focusing on the characteristics of believers, disbelievers, and hypocrites.",-
Quran Study,-,-,"Quran Study 48 — Rashad's Speech — Salat, Zakat, Fazeli Argues (Edip)",1989-01-11,day,catalog,-,-,Dr. Rashad Khalifa,NZXuGdG_NzM,https://www.youtube.com/watch?v=NZXuGdG_NzM,QS48.en-US.vtt,-,-,"In this 1989 session held in Tucson, Dr. Rashad Khalifa discusses the necessity of upholding God's absolute authority, framing the human experience as a second chance following a primordial ""Great Feud"" where creatures were swept into a crowd by Satan's false claims. He argues that the Five Contact Prayers and Zakat are essential gifts from God for soul development, rather than mere chores. Khalifa emphasizes that the Quran is fully detailed and that the Contact Prayers were established through Abraham, not invented by later traditions. The session includes a heated debate with a guest who defends the traditional practice of invoking Muhammad's name alongside God during prayer. Khalifa asserts that Muhammad is dead and unaware of such invocations, characterizing the addition of any name to God's as the unforgivable sin of shirk. He challenges the guest's reliance on Hadith, insisting that the Quran provides all necessary religious guidance.",-
Quran Study,-,-,"Quran Study 49 — Rashad's Speech, 19 Math (Behrouz)",1989-11-05,day,catalog,-,-,Behrouz,FYaZpRU4LZs,https://www.youtube.com/watch?v=FYaZpRU4LZs,QS49.en-US.vtt,-,-,"Dr. Rashad Khalifa presents a lecture at a private home in Tucson, Arizona, on November 5, 1989, focusing on the mathematical structure of the Quran and the origin of human existence. He argues that the number 19 serves as a divine signature, citing the work of Rabbi Judah the Pious, who identified the number 19 as a key to the scriptures. Khalifa presents physical evidence of this mathematical code, including the number of verses, the frequency of the word ""Allah,"" and the total of all numbers mentioned in the Quran. He posits that these findings are not human-made and have been rigorously scrutinized. Transitioning to theological questions, he explains that humans were originally angels in God's kingdom who rebelled alongside Satan due to ego. He describes the current world as an experimental environment where humans are given a second chance to denounce their rebellion and submit to God's absolute authority. Khalifa addresses audience questions regarding the existence of Satan, the nature of free will, and the innate instinct to search for the Creator, comparing the human condition to a test of loyalty.",-
Quran Study,-,-,Quran Study 50 — Surah 92-94 — Zakat Not Limited To Earned Income (Catherine),1989-07-27,day,catalog,-,-,Dr. Rashad Khalifa,N5tt8GfiiYk,https://www.youtube.com/watch?v=N5tt8GfiiYk,QS50.en-US.vtt,-,-,"Kathryn leads a study circle session on Suras 92, 93, and 94. She opens with Sura 92 (Al-Lail), interpreting night as an analogy for earthly existence blocking humanity from God's presence, and daylight as the revelation of truth on the Day of Resurrection. She reflects on human flaws described in the Quran and recounts personal experiences, including family Christmas gifts burdened by expectations, visiting the DeGrazia Gallery where a friend questioned spending thousands on paintings instead of aiding the poor, and contemplating guardian angels and jinns while driving with her son Jason. Edip Yüksel notes how Quranic contrasts mirror the dualities of human life. Dr. Rashad Khalifa explains that Sura 92 outlines the secret to true happiness, emphasizing that giving 2.5 percent in charity must be a continuous practice alongside prayer and daily self-care. A Q&A follows regarding obligations on unearned income, loans, evaluating beggars, and prioritizing relatives or local food banks over administrative charities. Kathryn moves to Sura 93 (Ad-Duha), discussing divine protection and recalling a trip where the group prayed amid desert mosquitoes. Dr. Khalifa, Mahmoud, and Edip debate whether verse 93:7 applies strictly to Muhammad or generally to all believers, noting traditionalist objections to claiming Muhammad was ever astray. Concluding with Sura 94 (Al-Inshirah), Kathryn shares a work incident at a hospital involving a disabled patient to illustrate emotional self-control, while Dr. Khalifa lightheartedly defends translating 94:5–6 as ""With pain there is gain.""",-
Quran Study,-,-,Quran Study 51 — Surah 17:59 (Edip),1990,year,catalog,-,-,Dr. Rashad Khalifa,PFxoFm1F3PQ,https://www.youtube.com/watch?v=PFxoFm1F3PQ,QS51.en-US.vtt,-,-,"Dr. Rashad Khalifa leads a study circle discussion focused on the spiritual consequences of abandoning God, the nature of Satan's influence, and the interpretation of specific Quranic verses. He explains that the soul shrinks when one fails to worship God alone, drawing an analogy between the resulting negative energy and the violence depicted in Western films. The discussion shifts to the limitations of Satan, with Khalifa arguing that Satan is incompetent and often oblivious to God's work, citing his own discovery of the Quranic mathematical miracle while working at a brewery as a prime example of God hiding truth in plain sight. Participants engage in a dialogue regarding the nature of disasters, which Khalifa categorizes into admission tests, blessings in disguise, educational experiences, and divine retribution. He further discusses the role of messengers, the significance of the Five Prayers as a gift from God, and the process by which souls are assigned to newborns. The session concludes with a detailed examination of Sura 17:59-67, focusing on the obsolescence of physical miracles compared to the mental miracle of the Quran and the reality of Satan's attempts to entice humanity.",-
Quran Study,-,-,Quran Study 52 — Surah 1-2 (Iman),-,-,-,-,-,Dr. Rashad Khalifa,4vzFRGPYqRQ,https://www.youtube.com/watch?v=4vzFRGPYqRQ,QS52.en-US.vtt,-,-,"Dr. Rashad Khalifa leads a study circle focusing on the significance of Al-Fatiha as the essential, numerically structured key for establishing contact with God. He characterizes the Arabic sounds of the opening sura as a universal, non-language tool that believers must utilize in its original form to ensure their spiritual development. Khalifa argues that the contact prayer is a mechanical process, asserting that while Satan actively attempts to distract individuals, the efficacy of the prayer remains intact regardless of one's ability to concentrate. He addresses concerns regarding prayer during travel or unusual circumstances, citing Sura 2:239 to validate praying while walking or riding. The discussion shifts to the nature of divine inspiration versus satanic influence, with Khalifa maintaining that all things occur within God's will. Dr. Mahmoud Sabahi contributes by referencing Sura 40:16 to discuss the nature of kingship and judgment on the Day of Resurrection. The session concludes with a review of the sequence of Quranic revelation, where Khalifa outlines the progression from the first command to read, the second to write, and the subsequent revelation of the number 19 and the key of Al-Fatiha.",-
