Video Title,Link,Start Time,End Time,Text,Speaker
45 United Submitters International Conference Final Speech by dr Rashad Khalifa 1989,https://www.youtube.com/watch?v=oLFyMIlEPRM,00:00:11.081,00:00:12.884,"BISM ALLAH, ALRAHMAN, ALRAHIM",
45 United Submitters International Conference Final Speech by dr Rashad Khalifa 1989,https://www.youtube.com/watch?v=oLFyMIlEPRM,00:00:12.884,00:00:15.273,"In the Name of God, Most Gracious, Most Merciful",
45 United Submitters International Conference Final Speech by dr Rashad Khalifa 1989,https://www.youtube.com/watch?v=oLFyMIlEPRM,00:00:15.273,00:00:19.866,I seek refuge in God from Satan,
45 United Submitters International Conference Final Speech by dr Rashad Khalifa 1989,https://www.youtube.com/watch?v=oLFyMIlEPRM,00:00:19.866,00:00:23.328,I have a lot to say.,
45 United Submitters International Conference Final Speech by dr Rashad Khalifa 1989,https://www.youtube.com/watch?v=oLFyMIlEPRM,00:00:23.328,00:00:25.937,I don't know why but it all came to my head.,
45 United Submitters International Conference Final Speech by dr Rashad Khalifa 1989,https://www.youtube.com/watch?v=oLFyMIlEPRM,00:00:25.937,00:00:29.034,And it is very important.,
45 United Submitters International Conference Final Speech by dr Rashad Khalifa 1989,https://www.youtube.com/watch?v=oLFyMIlEPRM,00:00:29.034,00:00:34.495,"Actually, I had a lot to say and I was anxious to change the schedule.",
45 United Submitters International Conference Final Speech by dr Rashad Khalifa 1989,https://www.youtube.com/watch?v=oLFyMIlEPRM,00:00:34.495,00:00:39.327,"So, when we were ahead of the schedule in the morning and Shahnaz was speaking here.",
45 United Submitters International Conference Final Speech by dr Rashad Khalifa 1989,https://www.youtube.com/watch?v=oLFyMIlEPRM,00:00:39.327,00:00:41.841,"We decided to change the schedule, right?",
45 United Submitters International Conference Final Speech by dr Rashad Khalifa 1989,https://www.youtube.com/watch?v=oLFyMIlEPRM,00:00:41.841,00:00:44.014,But this is destiny.,
45 United Submitters International Conference Final Speech by dr Rashad Khalifa 1989,https://www.youtube.com/watch?v=oLFyMIlEPRM,00:00:44.014,00:00:50.723,"It is destined that I speak now at this time with you, certain people, in this hall, now.",
45 United Submitters International Conference Final Speech by dr Rashad Khalifa 1989,https://www.youtube.com/watch?v=oLFyMIlEPRM,00:00:50.723,00:00:53.664,Because when we attempted to change the schedule. What happened?,
45 United Submitters International Conference Final Speech by dr Rashad Khalifa 1989,https://www.youtube.com/watch?v=oLFyMIlEPRM,00:00:56.842,00:00:58.796,We couldn't do it.,
45 United Submitters International Conference Final Speech by dr Rashad Khalifa 1989,https://www.youtube.com/watch?v=oLFyMIlEPRM,00:00:58.796,00:01:02.559,And the rain was only here around the... on the dining hall.,
45 United Submitters International Conference Final Speech by dr Rashad Khalifa 1989,https://www.youtube.com/watch?v=oLFyMIlEPRM,00:01:02.559,00:01:08.148,It was rain here only. The rain and the lightening were only here.,
45 United Submitters International Conference Final Speech by dr Rashad Khalifa 1989,https://www.youtube.com/watch?v=oLFyMIlEPRM,00:01:08.148,00:01:14.680,"So, we had to go back to the original schedule because it is destiny that I speak now.",
45 United Submitters International Conference Final Speech by dr Rashad Khalifa 1989,https://www.youtube.com/watch?v=oLFyMIlEPRM,00:01:14.680,00:01:24.544,"When you go to school, and enroll in a course and they find that you are deficient in some information,",
45 United Submitters International Conference Final Speech by dr Rashad Khalifa 1989,https://www.youtube.com/watch?v=oLFyMIlEPRM,00:01:24.544,00:01:28.815,they send you back to school to take some prerequisites.,
45 United Submitters International Conference Final Speech by dr Rashad Khalifa 1989,https://www.youtube.com/watch?v=oLFyMIlEPRM,00:01:28.815,00:01:39.413,"You go and take physics or physical chemistry, and then you find the formulae or formulas",
45 United Submitters International Conference Final Speech by dr Rashad Khalifa 1989,https://www.youtube.com/watch?v=oLFyMIlEPRM,00:01:39.413,00:01:44.862,"that how things go, differentiation and integration and funny signs.",
45 United Submitters International Conference Final Speech by dr Rashad Khalifa 1989,https://www.youtube.com/watch?v=oLFyMIlEPRM,00:01:44.862,00:01:48.682,"And you don't understand a thing and they say ""oh you didn't take calculus?""",
45 United Submitters International Conference Final Speech by dr Rashad Khalifa 1989,https://www.youtube.com/watch?v=oLFyMIlEPRM,00:01:48.682,00:01:54.862,"You say ""no."" So, they send you back to school, say ""go take some calculus and come back.""",
45 United Submitters International Conference Final Speech by dr Rashad Khalifa 1989,https://www.youtube.com/watch?v=oLFyMIlEPRM,00:01:54.862,00:01:59.206,"And we are, this is what happened to us.",
45 United Submitters International Conference Final Speech by dr Rashad Khalifa 1989,https://www.youtube.com/watch?v=oLFyMIlEPRM,00:01:59.206,00:02:05.961,We were in God's kingdom and some deficiency was discovered in us.,
45 United Submitters International Conference Final Speech by dr Rashad Khalifa 1989,https://www.youtube.com/watch?v=oLFyMIlEPRM,00:02:05.961,00:02:13.147,"And some fellow creatures suggested that we'd be flunk, failed and send them all to hell.",
45 United Submitters International Conference Final Speech by dr Rashad Khalifa 1989,https://www.youtube.com/watch?v=oLFyMIlEPRM,00:02:13.147,00:02:18.775,"And God said ""I am gonna send them back to school, give them a textbook""",
45 United Submitters International Conference Final Speech by dr Rashad Khalifa 1989,https://www.youtube.com/watch?v=oLFyMIlEPRM,00:02:18.775,00:02:22.418,You see the textbook.,
45 United Submitters International Conference Final Speech by dr Rashad Khalifa 1989,https://www.youtube.com/watch?v=oLFyMIlEPRM,00:02:22.418,00:02:27.621,"""And then they are tested, and if they make it, they can come back.""",
45 United Submitters International Conference Final Speech by dr Rashad Khalifa 1989,https://www.youtube.com/watch?v=oLFyMIlEPRM,00:02:27.621,00:02:30.811,Go take some calculus and come back.,
45 United Submitters International Conference Final Speech by dr Rashad Khalifa 1989,https://www.youtube.com/watch?v=oLFyMIlEPRM,00:02:36.260,00:02:43.823,"After making this statement, I'm realizing that we are here in school to take some additional courses.",
45 United Submitters International Conference Final Speech by dr Rashad Khalifa 1989,https://www.youtube.com/watch?v=oLFyMIlEPRM,00:02:43.823,00:02:49.313,We are receiving a lot of information and we are going from test to test.,
45 United Submitters International Conference Final Speech by dr Rashad Khalifa 1989,https://www.youtube.com/watch?v=oLFyMIlEPRM,00:02:49.313,00:03:00.878,"I want to congratulate you, most of you, for making it",
45 United Submitters International Conference Final Speech by dr Rashad Khalifa 1989,https://www.youtube.com/watch?v=oLFyMIlEPRM,00:03:00.878,00:03:05.939,because you have passed the most difficult test.,
45 United Submitters International Conference Final Speech by dr Rashad Khalifa 1989,https://www.youtube.com/watch?v=oLFyMIlEPRM,00:03:05.939,00:03:14.301,"The most difficult test is to have one of us, a human being like us, claim that he is a messenger of God.",
45 United Submitters International Conference Final Speech by dr Rashad Khalifa 1989,https://www.youtube.com/watch?v=oLFyMIlEPRM,00:03:14.301,00:03:16.519,It's a very difficult test.,
45 United Submitters International Conference Final Speech by dr Rashad Khalifa 1989,https://www.youtube.com/watch?v=oLFyMIlEPRM,00:03:16.519,00:03:26.174,"And I can see now why God calls them AS-SABEGHOON, those who are the elite of the elite,",
45 United Submitters International Conference Final Speech by dr Rashad Khalifa 1989,https://www.youtube.com/watch?v=oLFyMIlEPRM,00:03:26.174,00:03:29.241,السّابقون السّابقون the elite of the elite.,
45 United Submitters International Conference Final Speech by dr Rashad Khalifa 1989,https://www.youtube.com/watch?v=oLFyMIlEPRM,00:03:29.241,00:03:36.393,"But it's a very difficult test, and I myself went through it. So, I am speaking from experience.",
45 United Submitters International Conference Final Speech by dr Rashad Khalifa 1989,https://www.youtube.com/watch?v=oLFyMIlEPRM,00:03:38.210,00:03:43.548,"God says they are ثلة من الأولين, many from the first generation.",
45 United Submitters International Conference Final Speech by dr Rashad Khalifa 1989,https://www.youtube.com/watch?v=oLFyMIlEPRM,00:03:43.548,00:03:45.001,We are the first generation.,
45 United Submitters International Conference Final Speech by dr Rashad Khalifa 1989,https://www.youtube.com/watch?v=oLFyMIlEPRM,00:03:45.001,00:03:49.152,وَقَلِيلٌ مِنَ الآخِرِينَ and few from the later generations.,
45 United Submitters International Conference Final Speech by dr Rashad Khalifa 1989,https://www.youtube.com/watch?v=oLFyMIlEPRM,00:03:49.152,00:03:55.004,We are the ones who took the difficult test.,
45 United Submitters International Conference Final Speech by dr Rashad Khalifa 1989,https://www.youtube.com/watch?v=oLFyMIlEPRM,00:03:55.004,00:04:03.886,"Many will be jumping on the wagon in the near future and thousand and millions are going to join us in the future,",
45 United Submitters International Conference Final Speech by dr Rashad Khalifa 1989,https://www.youtube.com/watch?v=oLFyMIlEPRM,00:04:03.886,00:04:07.229,but they don't deserve as much credit as you.,
45 United Submitters International Conference Final Speech by dr Rashad Khalifa 1989,https://www.youtube.com/watch?v=oLFyMIlEPRM,00:04:07.229,00:04:16.793,I was staying at Farima and Amir Koleimi's house at San Francisco a couple of months ago.,
45 United Submitters International Conference Final Speech by dr Rashad Khalifa 1989,https://www.youtube.com/watch?v=oLFyMIlEPRM,00:04:16.793,00:04:25.992,"And Farima and Amir, like myself, who grew up with the traditional Islam:",
45 United Submitters International Conference Final Speech by dr Rashad Khalifa 1989,https://www.youtube.com/watch?v=oLFyMIlEPRM,00:04:25.992,00:04:32.420,"they taught us that Muhammad was the last prophet, the last messenger,",
45 United Submitters International Conference Final Speech by dr Rashad Khalifa 1989,https://www.youtube.com/watch?v=oLFyMIlEPRM,00:04:32.420,00:04:36.401,"but Farima and Amir passed the test,",
45 United Submitters International Conference Final Speech by dr Rashad Khalifa 1989,https://www.youtube.com/watch?v=oLFyMIlEPRM,00:04:36.401,00:04:40.824,"and they accepted me as God's messenger. They looked at the evidence,",
45 United Submitters International Conference Final Speech by dr Rashad Khalifa 1989,https://www.youtube.com/watch?v=oLFyMIlEPRM,00:04:40.824,00:04:43.599,And they believed me.,
45 United Submitters International Conference Final Speech by dr Rashad Khalifa 1989,https://www.youtube.com/watch?v=oLFyMIlEPRM,00:04:43.599,00:04:47.058,"They actually believed God,",
45 United Submitters International Conference Final Speech by dr Rashad Khalifa 1989,https://www.youtube.com/watch?v=oLFyMIlEPRM,00:04:47.058,00:04:49.963,Because God said  لَا يَمَسُّهُ إِلَّا الْمُطَهَّرُون,
45 United Submitters International Conference Final Speech by dr Rashad Khalifa 1989,https://www.youtube.com/watch?v=oLFyMIlEPRM,00:04:49.963,00:04:55.975,"God said, none can touch this book of mine except those who are worthy of it.",
45 United Submitters International Conference Final Speech by dr Rashad Khalifa 1989,https://www.youtube.com/watch?v=oLFyMIlEPRM,00:04:55.975,00:05:03.608,"And they said since God revealed the miracle of Quran through this man, then he must be, he cannot be a liar.",
45 United Submitters International Conference Final Speech by dr Rashad Khalifa 1989,https://www.youtube.com/watch?v=oLFyMIlEPRM,00:05:03.608,00:05:06.803,And they concluded that God is telling the truth.,
45 United Submitters International Conference Final Speech by dr Rashad Khalifa 1989,https://www.youtube.com/watch?v=oLFyMIlEPRM,00:05:06.803,00:05:12.018,It's not as easy as I am telling you now. But it's a difficult test. They passed it very easily.,
45 United Submitters International Conference Final Speech by dr Rashad Khalifa 1989,https://www.youtube.com/watch?v=oLFyMIlEPRM,00:05:12.018,00:05:17.041,"A couple of days later, after I stayed with Farima and Amir,",
45 United Submitters International Conference Final Speech by dr Rashad Khalifa 1989,https://www.youtube.com/watch?v=oLFyMIlEPRM,00:05:17.041,00:05:21.447,the neighborhood children came to ask what is that messenger of God.,
45 United Submitters International Conference Final Speech by dr Rashad Khalifa 1989,https://www.youtube.com/watch?v=oLFyMIlEPRM,00:05:21.447,00:05:28.316,"Because Farima and Amir's children went around saying ""guess who is sleeping in our house?""",
45 United Submitters International Conference Final Speech by dr Rashad Khalifa 1989,https://www.youtube.com/watch?v=oLFyMIlEPRM,00:05:28.316,00:05:32.996,"For the children, for the new generation-",
45 United Submitters International Conference Final Speech by dr Rashad Khalifa 1989,https://www.youtube.com/watch?v=oLFyMIlEPRM,00:05:32.996,00:05:41.543,"Now God says He promises الحسنة, the beauty and enjoyment and Heaven for all of the believers,",
45 United Submitters International Conference Final Speech by dr Rashad Khalifa 1989,https://www.youtube.com/watch?v=oLFyMIlEPRM,00:05:41.543,00:05:46.978,But Farima and Amir's children cannot get the same credit as Farima and Amir.,
45 United Submitters International Conference Final Speech by dr Rashad Khalifa 1989,https://www.youtube.com/watch?v=oLFyMIlEPRM,00:05:46.978,00:05:51.282,These are children. They are growing up. They have no hang-ups.,
45 United Submitters International Conference Final Speech by dr Rashad Khalifa 1989,https://www.youtube.com/watch?v=oLFyMIlEPRM,00:05:51.282,00:05:59.412,They say... their parents say this is God's messenger and we believe it and for them it's easy.,
45 United Submitters International Conference Final Speech by dr Rashad Khalifa 1989,https://www.youtube.com/watch?v=oLFyMIlEPRM,00:05:59.412,00:06:02.135,Can you see the difference?,
45 United Submitters International Conference Final Speech by dr Rashad Khalifa 1989,https://www.youtube.com/watch?v=oLFyMIlEPRM,00:06:02.135,00:06:07.313,"So, I congratulate you. The test is very difficult.",
45 United Submitters International Conference Final Speech by dr Rashad Khalifa 1989,https://www.youtube.com/watch?v=oLFyMIlEPRM,00:06:07.313,00:06:11.083,"And I said, I passed it.",
45 United Submitters International Conference Final Speech by dr Rashad Khalifa 1989,https://www.youtube.com/watch?v=oLFyMIlEPRM,00:06:11.083,00:06:13.407,I mean I went through it.,
45 United Submitters International Conference Final Speech by dr Rashad Khalifa 1989,https://www.youtube.com/watch?v=oLFyMIlEPRM,00:06:13.407,00:06:18.231,"Alhamdulillah, I did pass it because I am like you. We are in the same boat.",
45 United Submitters International Conference Final Speech by dr Rashad Khalifa 1989,https://www.youtube.com/watch?v=oLFyMIlEPRM,00:06:18.231,00:06:23.278,"I am required also to believe that Rashad Khalifa is a messenger of God,",
45 United Submitters International Conference Final Speech by dr Rashad Khalifa 1989,https://www.youtube.com/watch?v=oLFyMIlEPRM,00:06:23.278,00:06:26.452,and it took me 8 years.,
45 United Submitters International Conference Final Speech by dr Rashad Khalifa 1989,https://www.youtube.com/watch?v=oLFyMIlEPRM,00:06:26.452,00:06:32.633,"Some of you are probably better than me in that respect. It didn't take you that long, but it took me eight years.",
45 United Submitters International Conference Final Speech by dr Rashad Khalifa 1989,https://www.youtube.com/watch?v=oLFyMIlEPRM,00:06:32.633,00:06:40.720,And this gives me a chance to make it up to some of my most beloved friends.,
45 United Submitters International Conference Final Speech by dr Rashad Khalifa 1989,https://www.youtube.com/watch?v=oLFyMIlEPRM,00:06:40.720,00:06:46.090,"Edip, where is Edip?",
45 United Submitters International Conference Final Speech by dr Rashad Khalifa 1989,https://www.youtube.com/watch?v=oLFyMIlEPRM,00:06:46.090,00:06:48.502,This man is the most curious creature on earth.,
45 United Submitters International Conference Final Speech by dr Rashad Khalifa 1989,https://www.youtube.com/watch?v=oLFyMIlEPRM,00:06:48.502,00:06:52.409,He is very curious. He knows your grandmother's name by now.,
45 United Submitters International Conference Final Speech by dr Rashad Khalifa 1989,https://www.youtube.com/watch?v=oLFyMIlEPRM,00:06:52.409,00:06:58.284,"You might not know that he knows, but he is very curious.",
45 United Submitters International Conference Final Speech by dr Rashad Khalifa 1989,https://www.youtube.com/watch?v=oLFyMIlEPRM,00:06:58.284,00:07:03.793,and he comes to me and,
45 United Submitters International Conference Final Speech by dr Rashad Khalifa 1989,https://www.youtube.com/watch?v=oLFyMIlEPRM,00:07:03.793,00:07:09.843,"I mean he goes to the supermarket and reads all the pamphlets and all the bulletin boards, everything, is very curious.",
45 United Submitters International Conference Final Speech by dr Rashad Khalifa 1989,https://www.youtube.com/watch?v=oLFyMIlEPRM,00:07:09.843,00:07:15.271,"It doesn't make it easy when he comes to me and says ""how does the revelation come to you?""",
45 United Submitters International Conference Final Speech by dr Rashad Khalifa 1989,https://www.youtube.com/watch?v=oLFyMIlEPRM,00:07:15.271,00:07:17.364,"""Do you see Gabriel?""",
45 United Submitters International Conference Final Speech by dr Rashad Khalifa 1989,https://www.youtube.com/watch?v=oLFyMIlEPRM,00:07:17.364,00:07:21.261,"""What does he tell you? what do you tell him? In what form?""",
45 United Submitters International Conference Final Speech by dr Rashad Khalifa 1989,https://www.youtube.com/watch?v=oLFyMIlEPRM,00:07:21.261,00:07:27.441,"And it is very difficult to convey this to him, and I can see the disappointment in his face.",
45 United Submitters International Conference Final Speech by dr Rashad Khalifa 1989,https://www.youtube.com/watch?v=oLFyMIlEPRM,00:07:27.441,00:07:30.855,He is very dear to me because he is a believer.,
45 United Submitters International Conference Final Speech by dr Rashad Khalifa 1989,https://www.youtube.com/watch?v=oLFyMIlEPRM,00:07:30.855,00:07:34.356,Feroz Karmally is also very curious person.,
45 United Submitters International Conference Final Speech by dr Rashad Khalifa 1989,https://www.youtube.com/watch?v=oLFyMIlEPRM,00:07:34.356,00:07:35.567,Batool will tell you that.,
45 United Submitters International Conference Final Speech by dr Rashad Khalifa 1989,https://www.youtube.com/watch?v=oLFyMIlEPRM,00:07:35.567,00:07:39.519,Very curious and he asked me the same question.,
45 United Submitters International Conference Final Speech by dr Rashad Khalifa 1989,https://www.youtube.com/watch?v=oLFyMIlEPRM,00:07:39.519,00:07:43.396,"And he is, he is very very dear to me, Feroz Karmally",
45 United Submitters International Conference Final Speech by dr Rashad Khalifa 1989,https://www.youtube.com/watch?v=oLFyMIlEPRM,00:07:43.396,00:07:46.087,and the disappointment in his face just breaks my heart.,
45 United Submitters International Conference Final Speech by dr Rashad Khalifa 1989,https://www.youtube.com/watch?v=oLFyMIlEPRM,00:07:46.087,00:07:49.566,"I don't know how, what to tell him, so I am going to tell you now.",
45 United Submitters International Conference Final Speech by dr Rashad Khalifa 1989,https://www.youtube.com/watch?v=oLFyMIlEPRM,00:07:49.566,00:07:56.215,I see the disappointment on Edip's face and I see it in Feroz's face.,
45 United Submitters International Conference Final Speech by dr Rashad Khalifa 1989,https://www.youtube.com/watch?v=oLFyMIlEPRM,00:07:56.215,00:08:00.357,"I don't know if I can satisfy their curiosity or not, but I try.",
45 United Submitters International Conference Final Speech by dr Rashad Khalifa 1989,https://www.youtube.com/watch?v=oLFyMIlEPRM,00:08:00.357,00:08:07.346,"There is a precedent in the Quran, as you know Gabriel appeared to Maryam.",
45 United Submitters International Conference Final Speech by dr Rashad Khalifa 1989,https://www.youtube.com/watch?v=oLFyMIlEPRM,00:08:07.346,00:08:11.480,"He told her he was Gabriel, but what did she say?",
45 United Submitters International Conference Final Speech by dr Rashad Khalifa 1989,https://www.youtube.com/watch?v=oLFyMIlEPRM,00:08:11.480,00:08:14.520,"She said, إني أعوذ بالرحمن منك",
45 United Submitters International Conference Final Speech by dr Rashad Khalifa 1989,https://www.youtube.com/watch?v=oLFyMIlEPRM,00:08:14.520,00:08:17.456,I seek refuge in God from you.,
45 United Submitters International Conference Final Speech by dr Rashad Khalifa 1989,https://www.youtube.com/watch?v=oLFyMIlEPRM,00:08:17.456,00:08:19.381,إن كنت تقيا,
45 United Submitters International Conference Final Speech by dr Rashad Khalifa 1989,https://www.youtube.com/watch?v=oLFyMIlEPRM,00:08:19.381,00:08:23.107,"So, she assumed that he is Satan or an agent of Satan or something bad.",
45 United Submitters International Conference Final Speech by dr Rashad Khalifa 1989,https://www.youtube.com/watch?v=oLFyMIlEPRM,00:08:23.107,00:08:35.796,"And before we jump to any conclusions, I want to set some records straight. Gabriel is a messenger of God.",
45 United Submitters International Conference Final Speech by dr Rashad Khalifa 1989,https://www.youtube.com/watch?v=oLFyMIlEPRM,00:08:35.796,00:08:41.347,"He is the messenger who carries the revelations, he is an angel and God calls him روح الامین",
45 United Submitters International Conference Final Speech by dr Rashad Khalifa 1989,https://www.youtube.com/watch?v=oLFyMIlEPRM,00:08:41.347,00:08:48.306,The Honest Bearer of Revelation روح الامین,
45 United Submitters International Conference Final Speech by dr Rashad Khalifa 1989,https://www.youtube.com/watch?v=oLFyMIlEPRM,00:08:48.306,00:08:57.174,And he is...we may have human... human visions of Gabriel.,
45 United Submitters International Conference Final Speech by dr Rashad Khalifa 1989,https://www.youtube.com/watch?v=oLFyMIlEPRM,00:08:57.174,00:09:02.171,and we may convey on him human characteristics.,
45 United Submitters International Conference Final Speech by dr Rashad Khalifa 1989,https://www.youtube.com/watch?v=oLFyMIlEPRM,00:09:02.171,00:09:09.470,"Like, he may say ""you're God's messenger."" I say ""get away from me, you are Satan.""",
45 United Submitters International Conference Final Speech by dr Rashad Khalifa 1989,https://www.youtube.com/watch?v=oLFyMIlEPRM,00:09:09.470,00:09:14.255,"We would think that he'll get mad and say ""I'm telling you you are God's messenger.""",
45 United Submitters International Conference Final Speech by dr Rashad Khalifa 1989,https://www.youtube.com/watch?v=oLFyMIlEPRM,00:09:14.255,00:09:17.506,"No, he doesn't. He is very mild",
45 United Submitters International Conference Final Speech by dr Rashad Khalifa 1989,https://www.youtube.com/watch?v=oLFyMIlEPRM,00:09:17.506,00:09:23.380,"very understanding, very gentle and very respectful.",
45 United Submitters International Conference Final Speech by dr Rashad Khalifa 1989,https://www.youtube.com/watch?v=oLFyMIlEPRM,00:09:23.380,00:09:32.005,And he never never utters the things that we would utter,
45 United Submitters International Conference Final Speech by dr Rashad Khalifa 1989,https://www.youtube.com/watch?v=oLFyMIlEPRM,00:09:32.005,00:09:36.116,Like I'm telling you you'd better do the announcement or listen.,
45 United Submitters International Conference Final Speech by dr Rashad Khalifa 1989,https://www.youtube.com/watch?v=oLFyMIlEPRM,00:09:36.116,00:09:41.137,"It is amazing, of course, God gave him certain powers. They see certain things.",
45 United Submitters International Conference Final Speech by dr Rashad Khalifa 1989,https://www.youtube.com/watch?v=oLFyMIlEPRM,00:09:41.137,00:09:44.903,"and they have a tremendous understanding, the angels do.",
45 United Submitters International Conference Final Speech by dr Rashad Khalifa 1989,https://www.youtube.com/watch?v=oLFyMIlEPRM,00:09:44.903,00:09:51.992,"So, they're really angels. The word ""angels"" as we understand it is very fitting.",
45 United Submitters International Conference Final Speech by dr Rashad Khalifa 1989,https://www.youtube.com/watch?v=oLFyMIlEPRM,00:09:51.992,00:09:57.317,"Now, I went through the test because,",
45 United Submitters International Conference Final Speech by dr Rashad Khalifa 1989,https://www.youtube.com/watch?v=oLFyMIlEPRM,00:09:57.317,00:10:00.332,"the way the revelation comes, Feroz and Edip,",
45 United Submitters International Conference Final Speech by dr Rashad Khalifa 1989,https://www.youtube.com/watch?v=oLFyMIlEPRM,00:10:00.332,00:10:16.046,"is that when... when God is sending information to us, Gabriel seems to just take over my brain, completely, and nothing else.",
45 United Submitters International Conference Final Speech by dr Rashad Khalifa 1989,https://www.youtube.com/watch?v=oLFyMIlEPRM,00:10:16.046,00:10:21.100,I can do nothing else except deal with the piece of information that is coming.,
45 United Submitters International Conference Final Speech by dr Rashad Khalifa 1989,https://www.youtube.com/watch?v=oLFyMIlEPRM,00:10:21.100,00:10:30.373,"So, I stated in the perspective one time that Sura Y.S. (36): verse 3:  إِنَّكَ لَمِنَ الْمُرْسَلِينَ",
45 United Submitters International Conference Final Speech by dr Rashad Khalifa 1989,https://www.youtube.com/watch?v=oLFyMIlEPRM,00:10:30.373,00:10:38.602,"I said it that most assertively Gabriel told me that إِنَّكَ لَمِنَ الْمُرْسَلِينَ, verse 3 applies to you. ""Surely, you are one of the messengers.""",
45 United Submitters International Conference Final Speech by dr Rashad Khalifa 1989,https://www.youtube.com/watch?v=oLFyMIlEPRM,00:10:38.602,00:10:47.928,And I tried to avoid that because it's a very... it's a very strong statement.,
45 United Submitters International Conference Final Speech by dr Rashad Khalifa 1989,https://www.youtube.com/watch?v=oLFyMIlEPRM,00:10:47.928,00:10:53.767,"And I grew up saying Y.S. (یا سین), I was even told that Y.S. is the name of Muhammad.",
45 United Submitters International Conference Final Speech by dr Rashad Khalifa 1989,https://www.youtube.com/watch?v=oLFyMIlEPRM,00:10:53.767,00:11:00.001,"But my brain was taken over and ""you are one of the messengers.""",
45 United Submitters International Conference Final Speech by dr Rashad Khalifa 1989,https://www.youtube.com/watch?v=oLFyMIlEPRM,00:11:00.001,00:11:05.183,"I said ""go away, you are Satan"" which is what Mary said.",
45 United Submitters International Conference Final Speech by dr Rashad Khalifa 1989,https://www.youtube.com/watch?v=oLFyMIlEPRM,00:11:05.183,00:11:09.396,And then a very mild and very gentle debate will go on.,
45 United Submitters International Conference Final Speech by dr Rashad Khalifa 1989,https://www.youtube.com/watch?v=oLFyMIlEPRM,00:11:09.396,00:11:11.964,"""Why do you think I'm Satan?""",
45 United Submitters International Conference Final Speech by dr Rashad Khalifa 1989,https://www.youtube.com/watch?v=oLFyMIlEPRM,00:11:11.964,00:11:16.041,"Didn't you, Didn't you say أَعُوذُ بِاللَّهِ مِنَ ٱلشَّيْطَـٰنِ الرَّجِيمِ",
45 United Submitters International Conference Final Speech by dr Rashad Khalifa 1989,https://www.youtube.com/watch?v=oLFyMIlEPRM,00:11:16.041,00:11:21.444,"I will actually say this. I would say أَعُوذُ بِٱللَّهِ مِنَ ٱلشَّيْطَـٰنِ ٱلرَّجِيمِ, I seek refuge in God, from Satan the rejected.",
45 United Submitters International Conference Final Speech by dr Rashad Khalifa 1989,https://www.youtube.com/watch?v=oLFyMIlEPRM,00:11:21.444,00:11:28.281,"And I would say رَّبِّ أَعُوذُ بِكَ مِنْ هَمَزَٰتِ ٱلشَّيَـٰطِينِ my Lord, I seek refuge in you from the whispers of the devil.",
45 United Submitters International Conference Final Speech by dr Rashad Khalifa 1989,https://www.youtube.com/watch?v=oLFyMIlEPRM,00:11:28.281,00:11:35.176,"وَأَعُوذُ بِكَ رَبِّ أَنْ يَحْضُرُونِ and I seek refuge in you, my Lord that they come close to me.",
45 United Submitters International Conference Final Speech by dr Rashad Khalifa 1989,https://www.youtube.com/watch?v=oLFyMIlEPRM,00:11:35.176,00:11:41.761,"And the debater will say ""you said these statements, don't you believe God?""",
45 United Submitters International Conference Final Speech by dr Rashad Khalifa 1989,https://www.youtube.com/watch?v=oLFyMIlEPRM,00:11:41.761,00:11:44.023,"""He protects you.""",
45 United Submitters International Conference Final Speech by dr Rashad Khalifa 1989,https://www.youtube.com/watch?v=oLFyMIlEPRM,00:11:44.023,00:11:46.621,"""I am not Satan.""",
45 United Submitters International Conference Final Speech by dr Rashad Khalifa 1989,https://www.youtube.com/watch?v=oLFyMIlEPRM,00:11:46.621,00:11:54.217,"And this is, when Maryam said ""I seek refuge in God from you."" She said أعوذ بالرحمن منك",
45 United Submitters International Conference Final Speech by dr Rashad Khalifa 1989,https://www.youtube.com/watch?v=oLFyMIlEPRM,00:11:54.217,00:11:57.102,I seek refuge in the Most Gracious from you,
45 United Submitters International Conference Final Speech by dr Rashad Khalifa 1989,https://www.youtube.com/watch?v=oLFyMIlEPRM,00:11:57.102,00:12:05.171,"إن كنت تقيا if this means anything to you. In other words, you'll understand what I'm saying if you are really Gabriel.",
45 United Submitters International Conference Final Speech by dr Rashad Khalifa 1989,https://www.youtube.com/watch?v=oLFyMIlEPRM,00:12:05.171,00:12:09.362,Gabriel appeared to Maryam in the form of a human being.,
45 United Submitters International Conference Final Speech by dr Rashad Khalifa 1989,https://www.youtube.com/watch?v=oLFyMIlEPRM,00:12:09.362,00:12:12.287,This did not happen in my case.,
45 United Submitters International Conference Final Speech by dr Rashad Khalifa 1989,https://www.youtube.com/watch?v=oLFyMIlEPRM,00:12:12.287,00:12:14.242,My case is strictly here.,
45 United Submitters International Conference Final Speech by dr Rashad Khalifa 1989,https://www.youtube.com/watch?v=oLFyMIlEPRM,00:12:14.242,00:12:19.039,"So, I dismissed the thought, but then I'm, I'm totally incapacitated.",
45 United Submitters International Conference Final Speech by dr Rashad Khalifa 1989,https://www.youtube.com/watch?v=oLFyMIlEPRM,00:12:19.039,00:12:21.994,"As far as thinking is concerned, or doing anything. So, I ignored the thought.",
45 United Submitters International Conference Final Speech by dr Rashad Khalifa 1989,https://www.youtube.com/watch?v=oLFyMIlEPRM,00:12:21.994,00:12:25.005,"And then I said, I'm gonna read some Quran.",
45 United Submitters International Conference Final Speech by dr Rashad Khalifa 1989,https://www.youtube.com/watch?v=oLFyMIlEPRM,00:12:25.005,00:12:30.055,"Then, I opened the Quran and my brain is taken over. ""You are one of the messengers.""",
45 United Submitters International Conference Final Speech by dr Rashad Khalifa 1989,https://www.youtube.com/watch?v=oLFyMIlEPRM,00:12:30.055,00:12:33.885,"Sura Y.S., 3 applies to you.",
45 United Submitters International Conference Final Speech by dr Rashad Khalifa 1989,https://www.youtube.com/watch?v=oLFyMIlEPRM,00:12:33.885,00:12:38.726,"So, this is... I hope I satisfied at least some of the curiosity of Edip.",
45 United Submitters International Conference Final Speech by dr Rashad Khalifa 1989,https://www.youtube.com/watch?v=oLFyMIlEPRM,00:12:38.726,00:12:41.598,I know tomorrow he will come up with some other question.,
45 United Submitters International Conference Final Speech by dr Rashad Khalifa 1989,https://www.youtube.com/watch?v=oLFyMIlEPRM,00:12:41.598,00:12:44.932,But it was very difficult.,
45 United Submitters International Conference Final Speech by dr Rashad Khalifa 1989,https://www.youtube.com/watch?v=oLFyMIlEPRM,00:12:44.932,00:12:50.656,"I also... I think I need to make a correction, also. I was never asked to make the announcement.",
45 United Submitters International Conference Final Speech by dr Rashad Khalifa 1989,https://www.youtube.com/watch?v=oLFyMIlEPRM,00:12:50.656,00:12:56.781,"And I think the way I put it down, I may not have expressed myself.",
45 United Submitters International Conference Final Speech by dr Rashad Khalifa 1989,https://www.youtube.com/watch?v=oLFyMIlEPRM,00:12:56.781,00:13:01.169,"I was not, I was never ordered until the time of the announcement,",
45 United Submitters International Conference Final Speech by dr Rashad Khalifa 1989,https://www.youtube.com/watch?v=oLFyMIlEPRM,00:13:01.169,00:13:06.895,"and the 8 years before that, I was not ordered, but it was implied.",
45 United Submitters International Conference Final Speech by dr Rashad Khalifa 1989,https://www.youtube.com/watch?v=oLFyMIlEPRM,00:13:06.895,00:13:14.482,"Like I said, there is gentleness and mildness and obviously there was destiny. There was a certain time for that announcement.",
45 United Submitters International Conference Final Speech by dr Rashad Khalifa 1989,https://www.youtube.com/watch?v=oLFyMIlEPRM,00:13:14.482,00:13:21.533,"But I was just told in this fashion of all the information that ""you're God's messenger.""",
45 United Submitters International Conference Final Speech by dr Rashad Khalifa 1989,https://www.youtube.com/watch?v=oLFyMIlEPRM,00:13:21.533,00:13:30.825,"And I went on my many ways, saying ""I will preach the word of God Alone, the worship of God Alone. We don't need any announcements.""",
45 United Submitters International Conference Final Speech by dr Rashad Khalifa 1989,https://www.youtube.com/watch?v=oLFyMIlEPRM,00:13:30.825,00:13:35.802,"I said ""ok. Fine. Ok. I know I'm God's messenger. Fine. Leave me alone."" These kind of things.",
45 United Submitters International Conference Final Speech by dr Rashad Khalifa 1989,https://www.youtube.com/watch?v=oLFyMIlEPRM,00:13:35.802,00:13:51.444,"And then, in the first conference, Satan wanted to spoil that and jump the gun and do something.",
45 United Submitters International Conference Final Speech by dr Rashad Khalifa 1989,https://www.youtube.com/watch?v=oLFyMIlEPRM,00:13:51.444,00:13:59.889,And Susan Rey kind of let the cat out of the bag on pure speculation.,
45 United Submitters International Conference Final Speech by dr Rashad Khalifa 1989,https://www.youtube.com/watch?v=oLFyMIlEPRM,00:13:59.889,00:14:08.800,"And then at that time, because Ismail is here, I am gonna relate his part,",
45 United Submitters International Conference Final Speech by dr Rashad Khalifa 1989,https://www.youtube.com/watch?v=oLFyMIlEPRM,00:14:08.800,00:14:13.085,"Kathreen Colton was just telling me that when that happened and there was a big commotion,",
45 United Submitters International Conference Final Speech by dr Rashad Khalifa 1989,https://www.youtube.com/watch?v=oLFyMIlEPRM,00:14:13.085,00:14:25.200,"She went in a room and she found Ismail Barakat and Ghasem Ahmad of Malaysia, and Mehri and Mahmood Pirooz conferring about this disaster,",
45 United Submitters International Conference Final Speech by dr Rashad Khalifa 1989,https://www.youtube.com/watch?v=oLFyMIlEPRM,00:14:25.200,00:14:28.894,And Ismail Barakat was pacing the room.,
45 United Submitters International Conference Final Speech by dr Rashad Khalifa 1989,https://www.youtube.com/watch?v=oLFyMIlEPRM,00:14:28.894,00:14:33.382,He was very angry and he made a statement that Kathreen heard.,
45 United Submitters International Conference Final Speech by dr Rashad Khalifa 1989,https://www.youtube.com/watch?v=oLFyMIlEPRM,00:14:33.382,00:14:39.040,"Ismail is here and he said ""I'm gonna ask him point blank if he is God's messenger or not.""",
45 United Submitters International Conference Final Speech by dr Rashad Khalifa 1989,https://www.youtube.com/watch?v=oLFyMIlEPRM,00:14:39.040,00:14:47.657,"He was whispering, by the way, but Kathreen heard him loud and clear.",
45 United Submitters International Conference Final Speech by dr Rashad Khalifa 1989,https://www.youtube.com/watch?v=oLFyMIlEPRM,00:14:47.657,00:14:53.126,And he was determined to ask me.,
45 United Submitters International Conference Final Speech by dr Rashad Khalifa 1989,https://www.youtube.com/watch?v=oLFyMIlEPRM,00:14:53.126,00:14:58.595,"At the same time I was praying very hard. Said ""please God don't let anybody ask me point blank, are you God's messenger?""",
45 United Submitters International Conference Final Speech by dr Rashad Khalifa 1989,https://www.youtube.com/watch?v=oLFyMIlEPRM,00:14:58.595,00:15:03.434,"Because I would have told them. I would have said ""yes"" at the time.",
45 United Submitters International Conference Final Speech by dr Rashad Khalifa 1989,https://www.youtube.com/watch?v=oLFyMIlEPRM,00:15:03.434,00:15:07.790,"Edip: Rashad, I asked you a question but you didn't answer me.",Edip
45 United Submitters International Conference Final Speech by dr Rashad Khalifa 1989,https://www.youtube.com/watch?v=oLFyMIlEPRM,00:15:07.790,00:15:10.495,The messenger: What was that? when?,Dr. Khalifa
45 United Submitters International Conference Final Speech by dr Rashad Khalifa 1989,https://www.youtube.com/watch?v=oLFyMIlEPRM,00:15:10.495,00:15:17.894,"Edip: I said ""your name has been mentioned in Quran 19 times."" I said ""it is significant."" What's your idea about this?",Edip
45 United Submitters International Conference Final Speech by dr Rashad Khalifa 1989,https://www.youtube.com/watch?v=oLFyMIlEPRM,00:15:17.894,00:15:21.834,"The messenger: That was correspondence, right? So, I didn't answer you. That was easy.",Dr. Khalifa
45 United Submitters International Conference Final Speech by dr Rashad Khalifa 1989,https://www.youtube.com/watch?v=oLFyMIlEPRM,00:15:25.920,00:15:31.271,"Then, I was in San Francisco and people were in a lot of turmoil. Many of you were there.",Dr. Khalifa
45 United Submitters International Conference Final Speech by dr Rashad Khalifa 1989,https://www.youtube.com/watch?v=oLFyMIlEPRM,00:15:31.271,00:15:39.214,"And here is Ismail Barakat, a hard-headed Egyptian, determined, I mean really determined",Dr. Khalifa
45 United Submitters International Conference Final Speech by dr Rashad Khalifa 1989,https://www.youtube.com/watch?v=oLFyMIlEPRM,00:15:39.214,00:15:40.338,He'd back me up,Dr. Khalifa
45 United Submitters International Conference Final Speech by dr Rashad Khalifa 1989,https://www.youtube.com/watch?v=oLFyMIlEPRM,00:15:40.338,00:15:43.613,"To ask me, point-blank ""are you God's messenger?""",Dr. Khalifa
45 United Submitters International Conference Final Speech by dr Rashad Khalifa 1989,https://www.youtube.com/watch?v=oLFyMIlEPRM,00:15:43.613,00:15:49.176,And I was... Kathreen said that she was watching me and I was very quiet.,Dr. Khalifa
45 United Submitters International Conference Final Speech by dr Rashad Khalifa 1989,https://www.youtube.com/watch?v=oLFyMIlEPRM,00:15:49.176,00:15:53.041,"What she didn't know, maybe she knows now, that I was praying very hard.",Dr. Khalifa
45 United Submitters International Conference Final Speech by dr Rashad Khalifa 1989,https://www.youtube.com/watch?v=oLFyMIlEPRM,00:15:53.041,00:16:01.352,"""Please God, don't let anybody ask me that question. I don't need anything like this. I'm gonna preach Your word alone and worship of You Alone.""",Dr. Khalifa
45 United Submitters International Conference Final Speech by dr Rashad Khalifa 1989,https://www.youtube.com/watch?v=oLFyMIlEPRM,00:16:01.352,00:16:05.918,And what happened Ismail? I give you two minutes.,Dr. Khalifa
45 United Submitters International Conference Final Speech by dr Rashad Khalifa 1989,https://www.youtube.com/watch?v=oLFyMIlEPRM,00:16:05.918,00:16:09.239,"You were determined, yeah.",Dr. Khalifa
45 United Submitters International Conference Final Speech by dr Rashad Khalifa 1989,https://www.youtube.com/watch?v=oLFyMIlEPRM,00:16:09.239,00:16:23.766,"And we discussed it with Ghasem Ahmad and we had gone to San Francisco to knock down idols. We didn't know of any new ones,",Dr. Khalifa
45 United Submitters International Conference Final Speech by dr Rashad Khalifa 1989,https://www.youtube.com/watch?v=oLFyMIlEPRM,00:16:23.766,00:16:32.440,"you see. So, we looked through the Quran and to us a messenger was one who receives scripture.",Dr. Khalifa
45 United Submitters International Conference Final Speech by dr Rashad Khalifa 1989,https://www.youtube.com/watch?v=oLFyMIlEPRM,00:16:32.440,00:16:34.915,And this guy didn't receive any scripture.,Dr. Khalifa
45 United Submitters International Conference Final Speech by dr Rashad Khalifa 1989,https://www.youtube.com/watch?v=oLFyMIlEPRM,00:16:34.915,00:16:38.212,"Not as far as we know and if he says that he's received scripture, he is a liar.",Dr. Khalifa
45 United Submitters International Conference Final Speech by dr Rashad Khalifa 1989,https://www.youtube.com/watch?v=oLFyMIlEPRM,00:16:38.212,00:16:42.376,"So, I was determined to ask him point blank and get the thing over with.",Dr. Khalifa
45 United Submitters International Conference Final Speech by dr Rashad Khalifa 1989,https://www.youtube.com/watch?v=oLFyMIlEPRM,00:16:42.376,00:16:47.140,And God is my witness. I couldn't open my mouth to ask that question.,Dr. Khalifa
45 United Submitters International Conference Final Speech by dr Rashad Khalifa 1989,https://www.youtube.com/watch?v=oLFyMIlEPRM,00:16:47.140,00:16:48.300,"Thank you, sir.",Dr. Khalifa
45 United Submitters International Conference Final Speech by dr Rashad Khalifa 1989,https://www.youtube.com/watch?v=oLFyMIlEPRM,00:16:58.403,00:17:09.574,"later, some time later, Ismail was telling me ""I can't explain why I was so determined to ask you and what made me. Just I didn't do it.""",Dr. Khalifa
45 United Submitters International Conference Final Speech by dr Rashad Khalifa 1989,https://www.youtube.com/watch?v=oLFyMIlEPRM,00:17:09.574,00:17:13.349,"So, obviously God answered my prayers.",Dr. Khalifa
45 United Submitters International Conference Final Speech by dr Rashad Khalifa 1989,https://www.youtube.com/watch?v=oLFyMIlEPRM,00:17:13.349,00:17:17.836,And the time went by and I had to make the announcement.,Dr. Khalifa
45 United Submitters International Conference Final Speech by dr Rashad Khalifa 1989,https://www.youtube.com/watch?v=oLFyMIlEPRM,00:17:17.836,00:17:23.547,And I said some of you may be ahead of me because,Dr. Khalifa
45 United Submitters International Conference Final Speech by dr Rashad Khalifa 1989,https://www.youtube.com/watch?v=oLFyMIlEPRM,00:17:23.547,00:17:32.037,"I really agonized over that Khutba, the sermon of Friday. ""How will I tell my friends, brothers and sisters about this announcement?",Dr. Khalifa
45 United Submitters International Conference Final Speech by dr Rashad Khalifa 1989,https://www.youtube.com/watch?v=oLFyMIlEPRM,00:17:32.037,00:17:33.784,"How many of them will I lose?""",Dr. Khalifa
45 United Submitters International Conference Final Speech by dr Rashad Khalifa 1989,https://www.youtube.com/watch?v=oLFyMIlEPRM,00:17:33.784,00:17:39.111,"I love them very much. I wanted them to go with me, Insha Allah to heaven.",Dr. Khalifa
45 United Submitters International Conference Final Speech by dr Rashad Khalifa 1989,https://www.youtube.com/watch?v=oLFyMIlEPRM,00:17:39.111,00:17:42.546,And I dreaded losing any of them.,Dr. Khalifa
45 United Submitters International Conference Final Speech by dr Rashad Khalifa 1989,https://www.youtube.com/watch?v=oLFyMIlEPRM,00:17:42.546,00:17:47.200,"So, I, I had a sleepless night.",Dr. Khalifa
45 United Submitters International Conference Final Speech by dr Rashad Khalifa 1989,https://www.youtube.com/watch?v=oLFyMIlEPRM,00:17:47.200,00:17:49.241,Then I go for the Khutba on Friday,Dr. Khalifa
45 United Submitters International Conference Final Speech by dr Rashad Khalifa 1989,https://www.youtube.com/watch?v=oLFyMIlEPRM,00:17:49.241,00:17:53.850,"And very eloquently, as eloquently as I can, I delivered the Khutba,",Dr. Khalifa
45 United Submitters International Conference Final Speech by dr Rashad Khalifa 1989,https://www.youtube.com/watch?v=oLFyMIlEPRM,00:17:53.850,00:17:57.910,And I tell them that I'm ordered to announce that I'm God's messenger.,Dr. Khalifa
45 United Submitters International Conference Final Speech by dr Rashad Khalifa 1989,https://www.youtube.com/watch?v=oLFyMIlEPRM,00:17:57.910,00:18:06.806,"Then, then I go to Kathreen Colton, for example, and",Dr. Khalifa
45 United Submitters International Conference Final Speech by dr Rashad Khalifa 1989,https://www.youtube.com/watch?v=oLFyMIlEPRM,00:18:06.806,00:18:18.456,"Oh, I have to, I have to bring to you my condition at the time. I'm sweating away. ""What do you think of this Kathreen?""",Dr. Khalifa
45 United Submitters International Conference Final Speech by dr Rashad Khalifa 1989,https://www.youtube.com/watch?v=oLFyMIlEPRM,00:18:18.456,00:18:22.916,"She said ""I knew that all along.""",Dr. Khalifa
45 United Submitters International Conference Final Speech by dr Rashad Khalifa 1989,https://www.youtube.com/watch?v=oLFyMIlEPRM,00:18:22.916,00:18:25.278,"""What is the big deal?""",Dr. Khalifa
45 United Submitters International Conference Final Speech by dr Rashad Khalifa 1989,https://www.youtube.com/watch?v=oLFyMIlEPRM,00:18:25.278,00:18:29.948,"Then, I turned to Mohtasham and Susan and they said ""what took you so long?""",Dr. Khalifa
45 United Submitters International Conference Final Speech by dr Rashad Khalifa 1989,https://www.youtube.com/watch?v=oLFyMIlEPRM,00:18:29.948,00:18:35.985,Here I am... I'm out of breath and sweating away and these guys knew all along.,Dr. Khalifa
45 United Submitters International Conference Final Speech by dr Rashad Khalifa 1989,https://www.youtube.com/watch?v=oLFyMIlEPRM,00:18:35.985,00:18:42.140,"The funniest one, I went to Lory also and she said ""well, so, what's the big deal?""",Dr. Khalifa
45 United Submitters International Conference Final Speech by dr Rashad Khalifa 1989,https://www.youtube.com/watch?v=oLFyMIlEPRM,00:18:42.140,00:18:45.809,"I'm about to die, have a heart attack or something,",Dr. Khalifa
45 United Submitters International Conference Final Speech by dr Rashad Khalifa 1989,https://www.youtube.com/watch?v=oLFyMIlEPRM,00:18:45.809,00:18:50.231,"and all these guys already knew, somehow.",Dr. Khalifa
45 United Submitters International Conference Final Speech by dr Rashad Khalifa 1989,https://www.youtube.com/watch?v=oLFyMIlEPRM,00:18:50.231,00:18:53.316,"without announcement, just like I knew without an announcement.",Dr. Khalifa
45 United Submitters International Conference Final Speech by dr Rashad Khalifa 1989,https://www.youtube.com/watch?v=oLFyMIlEPRM,00:18:53.316,00:18:56.544,The funniest one was Ihsan Ramadan. Where is she?,Dr. Khalifa
45 United Submitters International Conference Final Speech by dr Rashad Khalifa 1989,https://www.youtube.com/watch?v=oLFyMIlEPRM,00:18:56.544,00:18:58.928,Where is Ihsan? Raise your hand.,Dr. Khalifa
45 United Submitters International Conference Final Speech by dr Rashad Khalifa 1989,https://www.youtube.com/watch?v=oLFyMIlEPRM,00:18:58.928,00:19:06.052,"Ihsan was going to our children saying ""this man is a messenger of God. I knew he's a messenger of God but does he know?""",Dr. Khalifa
45 United Submitters International Conference Final Speech by dr Rashad Khalifa 1989,https://www.youtube.com/watch?v=oLFyMIlEPRM,00:19:06.052,00:19:09.830,"""I wonder if he knows.""",Dr. Khalifa
45 United Submitters International Conference Final Speech by dr Rashad Khalifa 1989,https://www.youtube.com/watch?v=oLFyMIlEPRM,00:19:09.830,00:19:13.871,"""How can I break this news to him?""",Dr. Khalifa
45 United Submitters International Conference Final Speech by dr Rashad Khalifa 1989,https://www.youtube.com/watch?v=oLFyMIlEPRM,00:19:19.490,00:19:21.714,"Well, these guys were ahead of me.",Dr. Khalifa
45 United Submitters International Conference Final Speech by dr Rashad Khalifa 1989,https://www.youtube.com/watch?v=oLFyMIlEPRM,00:19:21.714,00:19:24.078,"And of course, I told you what my daughter said.",Dr. Khalifa
45 United Submitters International Conference Final Speech by dr Rashad Khalifa 1989,https://www.youtube.com/watch?v=oLFyMIlEPRM,00:19:24.078,00:19:29.000,This is the toughest test.,Dr. Khalifa
45 United Submitters International Conference Final Speech by dr Rashad Khalifa 1989,https://www.youtube.com/watch?v=oLFyMIlEPRM,00:19:29.000,00:19:35.408,It is very tough and I congratulate you. That's why I went into length.,Dr. Khalifa
45 United Submitters International Conference Final Speech by dr Rashad Khalifa 1989,https://www.youtube.com/watch?v=oLFyMIlEPRM,00:19:39.948,00:19:44.286,We also trying to take account of this conference,Dr. Khalifa
45 United Submitters International Conference Final Speech by dr Rashad Khalifa 1989,https://www.youtube.com/watch?v=oLFyMIlEPRM,00:19:44.286,00:19:51.279,and I have lost some of my dearest friends because I was subtle.,Dr. Khalifa
45 United Submitters International Conference Final Speech by dr Rashad Khalifa 1989,https://www.youtube.com/watch?v=oLFyMIlEPRM,00:19:54.344,00:19:57.876,But so I'm not gonna be subtle.,Dr. Khalifa
45 United Submitters International Conference Final Speech by dr Rashad Khalifa 1989,https://www.youtube.com/watch?v=oLFyMIlEPRM,00:19:57.876,00:20:02.376,"Mahmood read the verse that says ""they are merciful among themselves and harsh on the disbelievers.""",Dr. Khalifa
45 United Submitters International Conference Final Speech by dr Rashad Khalifa 1989,https://www.youtube.com/watch?v=oLFyMIlEPRM,00:20:02.376,00:20:03.448,I'm going to name names.,Dr. Khalifa
45 United Submitters International Conference Final Speech by dr Rashad Khalifa 1989,https://www.youtube.com/watch?v=oLFyMIlEPRM,00:20:03.448,00:20:06.912,I'm gonna be direct and straightforward.,Dr. Khalifa
45 United Submitters International Conference Final Speech by dr Rashad Khalifa 1989,https://www.youtube.com/watch?v=oLFyMIlEPRM,00:20:06.912,00:20:19.344,"After congratulating most of you, there are a few individuals who I'm afraid may go to hell.",Dr. Khalifa
45 United Submitters International Conference Final Speech by dr Rashad Khalifa 1989,https://www.youtube.com/watch?v=oLFyMIlEPRM,00:20:19.344,00:20:25.521,"If they're guided, they will love me for saying... for saying this.",Dr. Khalifa
45 United Submitters International Conference Final Speech by dr Rashad Khalifa 1989,https://www.youtube.com/watch?v=oLFyMIlEPRM,00:20:25.521,00:20:27.560,"If they're not guided, they will hate me.",Dr. Khalifa
45 United Submitters International Conference Final Speech by dr Rashad Khalifa 1989,https://www.youtube.com/watch?v=oLFyMIlEPRM,00:20:27.560,00:20:29.480,which doesn't make any difference.,Dr. Khalifa
45 United Submitters International Conference Final Speech by dr Rashad Khalifa 1989,https://www.youtube.com/watch?v=oLFyMIlEPRM,00:20:29.480,00:20:38.926,"So, I was standing in the lunch line, and Lydia said ""how nice and smooth the conference is going.""",Dr. Khalifa
45 United Submitters International Conference Final Speech by dr Rashad Khalifa 1989,https://www.youtube.com/watch?v=oLFyMIlEPRM,00:20:38.926,00:20:43.975,"And Kathy Robinson took the words out of my mouth ""it's not over yet.""",Dr. Khalifa
45 United Submitters International Conference Final Speech by dr Rashad Khalifa 1989,https://www.youtube.com/watch?v=oLFyMIlEPRM,00:20:43.975,00:20:48.178,"So, Olivia almost jumped and said ""what do you mean?""",Dr. Khalifa
45 United Submitters International Conference Final Speech by dr Rashad Khalifa 1989,https://www.youtube.com/watch?v=oLFyMIlEPRM,00:20:48.178,00:20:54.089,"I said ""yeah, it's not over yet. Wait till you hear me."" So, I may cause a lot of turmoil.",Dr. Khalifa
45 United Submitters International Conference Final Speech by dr Rashad Khalifa 1989,https://www.youtube.com/watch?v=oLFyMIlEPRM,00:21:00.445,00:21:04.052,I need to remember the test.,Dr. Khalifa
45 United Submitters International Conference Final Speech by dr Rashad Khalifa 1989,https://www.youtube.com/watch?v=oLFyMIlEPRM,00:21:04.052,00:21:06.779,"Yes, the test is very difficult",Dr. Khalifa
45 United Submitters International Conference Final Speech by dr Rashad Khalifa 1989,https://www.youtube.com/watch?v=oLFyMIlEPRM,00:21:06.779,00:21:15.963,"but If the person is not a believer, it is amazing how flimsy the test can be and they flunk.",Dr. Khalifa
45 United Submitters International Conference Final Speech by dr Rashad Khalifa 1989,https://www.youtube.com/watch?v=oLFyMIlEPRM,00:21:15.963,00:21:18.899,And this happened to some of my dearest friends,Dr. Khalifa
45 United Submitters International Conference Final Speech by dr Rashad Khalifa 1989,https://www.youtube.com/watch?v=oLFyMIlEPRM,00:21:18.899,00:21:25.404,"because inside their heart, they were not disbelieve... they were not believers.",Dr. Khalifa
45 United Submitters International Conference Final Speech by dr Rashad Khalifa 1989,https://www.youtube.com/watch?v=oLFyMIlEPRM,00:21:27.674,00:21:32.413,"Flimsy, by flimsy, I give you an example. This is not what happened, but it is an example.",Dr. Khalifa
45 United Submitters International Conference Final Speech by dr Rashad Khalifa 1989,https://www.youtube.com/watch?v=oLFyMIlEPRM,00:21:32.413,00:21:43.154,"They will come to the masjid. They will look at the miracle. They will the translation. They will discuss the matter with me. They say ""worshiping God alone is reasonable. This is what we believe.""",Dr. Khalifa
45 United Submitters International Conference Final Speech by dr Rashad Khalifa 1989,https://www.youtube.com/watch?v=oLFyMIlEPRM,00:21:43.154,00:21:46.845,"""Following the words of God is fine, it is what we believe.""",Dr. Khalifa
45 United Submitters International Conference Final Speech by dr Rashad Khalifa 1989,https://www.youtube.com/watch?v=oLFyMIlEPRM,00:21:46.845,00:21:51.104,"Then, they go out and a block away, they meet somebody who tells them ""guess what?""",Dr. Khalifa
45 United Submitters International Conference Final Speech by dr Rashad Khalifa 1989,https://www.youtube.com/watch?v=oLFyMIlEPRM,00:21:51.104,00:21:53.895,"""Rashad Khalifa picks his nose.""",Dr. Khalifa
45 United Submitters International Conference Final Speech by dr Rashad Khalifa 1989,https://www.youtube.com/watch?v=oLFyMIlEPRM,00:21:53.895,00:22:04.049,"They say ""he does?! I will never go there again!""",Dr. Khalifa
45 United Submitters International Conference Final Speech by dr Rashad Khalifa 1989,https://www.youtube.com/watch?v=oLFyMIlEPRM,00:22:04.049,00:22:06.562,That's how flimsy the test can be.,Dr. Khalifa
45 United Submitters International Conference Final Speech by dr Rashad Khalifa 1989,https://www.youtube.com/watch?v=oLFyMIlEPRM,00:22:06.562,00:22:09.164,Yeah.,Dr. Khalifa
45 United Submitters International Conference Final Speech by dr Rashad Khalifa 1989,https://www.youtube.com/watch?v=oLFyMIlEPRM,00:22:09.164,00:22:17.854,"I mean here, I've given, shown them the miracle that God revealed throughout... through us the believers, a whole bunch of us,",Dr. Khalifa
45 United Submitters International Conference Final Speech by dr Rashad Khalifa 1989,https://www.youtube.com/watch?v=oLFyMIlEPRM,00:22:17.854,00:22:21.897,"and then for a flimsy reason, they would flunk the test.",Dr. Khalifa
45 United Submitters International Conference Final Speech by dr Rashad Khalifa 1989,https://www.youtube.com/watch?v=oLFyMIlEPRM,00:22:21.897,00:22:28.688,"It's a very difficult test, but then it reflects their belief or disbelief inside.",Dr. Khalifa
45 United Submitters International Conference Final Speech by dr Rashad Khalifa 1989,https://www.youtube.com/watch?v=oLFyMIlEPRM,00:22:28.688,00:22:34.271,"We had many people come to the mosque, to the Masjid Tucson.",Dr. Khalifa
45 United Submitters International Conference Final Speech by dr Rashad Khalifa 1989,https://www.youtube.com/watch?v=oLFyMIlEPRM,00:22:34.271,00:22:40.713,"They'd come to the Quranic studies. They'd come to the Friday prayers, and they would be seemingly good believers.",Dr. Khalifa
45 United Submitters International Conference Final Speech by dr Rashad Khalifa 1989,https://www.youtube.com/watch?v=oLFyMIlEPRM,00:22:40.713,00:22:42.629,"Now, this is what actually happens.",Dr. Khalifa
45 United Submitters International Conference Final Speech by dr Rashad Khalifa 1989,https://www.youtube.com/watch?v=oLFyMIlEPRM,00:22:42.629,00:22:48.742,"And then, of course, they have to be tested.",Dr. Khalifa
45 United Submitters International Conference Final Speech by dr Rashad Khalifa 1989,https://www.youtube.com/watch?v=oLFyMIlEPRM,00:22:48.742,00:22:55.937,"Sura 2....Verse 2 of Sura 29: ""Do the people think they would be left to say we believe without being put to the test?""",Dr. Khalifa
45 United Submitters International Conference Final Speech by dr Rashad Khalifa 1989,https://www.youtube.com/watch?v=oLFyMIlEPRM,00:22:55.937,00:23:02.131,We will surely test them to distinguish the truthful from the liar.,Dr. Khalifa
45 United Submitters International Conference Final Speech by dr Rashad Khalifa 1989,https://www.youtube.com/watch?v=oLFyMIlEPRM,00:23:02.131,00:23:06.575,They have to be tested and it is in my best interest.,Dr. Khalifa
45 United Submitters International Conference Final Speech by dr Rashad Khalifa 1989,https://www.youtube.com/watch?v=oLFyMIlEPRM,00:23:06.575,00:23:11.629,"But I happen to fall in love with people easily especially when they say, we're believers.",Dr. Khalifa
45 United Submitters International Conference Final Speech by dr Rashad Khalifa 1989,https://www.youtube.com/watch?v=oLFyMIlEPRM,00:23:11.629,00:23:15.828,"I was telling you that Edip is very dear to me, Feroz very dear to me.",Dr. Khalifa
45 United Submitters International Conference Final Speech by dr Rashad Khalifa 1989,https://www.youtube.com/watch?v=oLFyMIlEPRM,00:23:15.828,00:23:19.587,And I explained to you this matter of revelation.,Dr. Khalifa
45 United Submitters International Conference Final Speech by dr Rashad Khalifa 1989,https://www.youtube.com/watch?v=oLFyMIlEPRM,00:23:19.587,00:23:27.523,Even though it is really impossible to convey. I want to tell you anything. I want everything to be open. I don't want anything to be mysterious.,Dr. Khalifa
45 United Submitters International Conference Final Speech by dr Rashad Khalifa 1989,https://www.youtube.com/watch?v=oLFyMIlEPRM,00:23:27.523,00:23:30.001,And I don't want you to hesitate.,Dr. Khalifa
45 United Submitters International Conference Final Speech by dr Rashad Khalifa 1989,https://www.youtube.com/watch?v=oLFyMIlEPRM,00:23:30.001,00:23:43.056,"If there's anything mysterious, or taboo or something, don't.... there is no taboo and there is no mystery. You come forward and ask.",Dr. Khalifa
45 United Submitters International Conference Final Speech by dr Rashad Khalifa 1989,https://www.youtube.com/watch?v=oLFyMIlEPRM,00:23:43.056,00:23:48.435,But why are they dear to me? It's because they're believers.,Dr. Khalifa
45 United Submitters International Conference Final Speech by dr Rashad Khalifa 1989,https://www.youtube.com/watch?v=oLFyMIlEPRM,00:23:48.435,00:23:55.987,One of the best advantages of being God's messenger is that I get to know the believers through believers.,Dr. Khalifa
45 United Submitters International Conference Final Speech by dr Rashad Khalifa 1989,https://www.youtube.com/watch?v=oLFyMIlEPRM,00:23:58.144,00:24:06.528,It's such an honor because believers are a rare precious commodity. God said so in the Quran.,Dr. Khalifa
45 United Submitters International Conference Final Speech by dr Rashad Khalifa 1989,https://www.youtube.com/watch?v=oLFyMIlEPRM,00:24:06.528,00:24:12.202,"God says ""most people no matter what you do will not believe and most of those who believe will fall in idol worship"" (12:103-106).",Dr. Khalifa
45 United Submitters International Conference Final Speech by dr Rashad Khalifa 1989,https://www.youtube.com/watch?v=oLFyMIlEPRM,00:24:12.202,00:24:20.383,"So, it is in my best interest that people go through the test and the hypocrites are sifted away.",Dr. Khalifa
45 United Submitters International Conference Final Speech by dr Rashad Khalifa 1989,https://www.youtube.com/watch?v=oLFyMIlEPRM,00:24:20.383,00:24:24.348,But like I said I happen to fall in love with these people.,Dr. Khalifa
45 United Submitters International Conference Final Speech by dr Rashad Khalifa 1989,https://www.youtube.com/watch?v=oLFyMIlEPRM,00:24:24.348,00:24:30.635,"So, we have these people come to the masjid, appear to be nice, good believers,",Dr. Khalifa
45 United Submitters International Conference Final Speech by dr Rashad Khalifa 1989,https://www.youtube.com/watch?v=oLFyMIlEPRM,00:24:30.635,00:24:32.864,and then the test:,Dr. Khalifa
45 United Submitters International Conference Final Speech by dr Rashad Khalifa 1989,https://www.youtube.com/watch?v=oLFyMIlEPRM,00:24:32.864,00:24:44.331,"And Satan sends a man who is very eloquent and very clever, a man who does not do the five prayers, claims to be a muslim",Dr. Khalifa
45 United Submitters International Conference Final Speech by dr Rashad Khalifa 1989,https://www.youtube.com/watch?v=oLFyMIlEPRM,00:24:44.331,00:24:49.374,"And as he sips his whiskey. He tells them ""Rashad Khalifa is bad.""",Dr. Khalifa
45 United Submitters International Conference Final Speech by dr Rashad Khalifa 1989,https://www.youtube.com/watch?v=oLFyMIlEPRM,00:24:49.374,00:24:54.142,"It's not exactly he picks his nose, but he doesn't keep his word,",Dr. Khalifa
45 United Submitters International Conference Final Speech by dr Rashad Khalifa 1989,https://www.youtube.com/watch?v=oLFyMIlEPRM,00:24:54.142,00:25:00.000,"or he scratches his left ear occasionally, some flimsy really.",Dr. Khalifa
45 United Submitters International Conference Final Speech by dr Rashad Khalifa 1989,https://www.youtube.com/watch?v=oLFyMIlEPRM,00:25:00.000,00:25:03.470,"and they would say ""oh, ok. Then, we'll not go to the mosque. OK?""",Dr. Khalifa
45 United Submitters International Conference Final Speech by dr Rashad Khalifa 1989,https://www.youtube.com/watch?v=oLFyMIlEPRM,00:25:03.470,00:25:17.660,"So, it reflect... it hurts me, but again it explains why I congratulate you for passing the test.",Dr. Khalifa
45 United Submitters International Conference Final Speech by dr Rashad Khalifa 1989,https://www.youtube.com/watch?v=oLFyMIlEPRM,00:25:17.660,00:25:21.631,The most difficult test is the test of messengership.,Dr. Khalifa
45 United Submitters International Conference Final Speech by dr Rashad Khalifa 1989,https://www.youtube.com/watch?v=oLFyMIlEPRM,00:25:29.009,00:25:32.159,I don't wanna miss anything. I wrote some notes very quickly here.,Dr. Khalifa
45 United Submitters International Conference Final Speech by dr Rashad Khalifa 1989,https://www.youtube.com/watch?v=oLFyMIlEPRM,00:25:32.159,00:25:36.810,"God says ""I will divert from my revelations those who are arrogant.""",Dr. Khalifa
45 United Submitters International Conference Final Speech by dr Rashad Khalifa 1989,https://www.youtube.com/watch?v=oLFyMIlEPRM,00:25:36.810,00:25:46.644,And the only reason people flunk this very difficult test is ego.,Dr. Khalifa
45 United Submitters International Conference Final Speech by dr Rashad Khalifa 1989,https://www.youtube.com/watch?v=oLFyMIlEPRM,00:25:49.539,00:25:56.539,"And God goes out of His way in the Quran and repeats that ""say I am a human being like you.""",Dr. Khalifa
45 United Submitters International Conference Final Speech by dr Rashad Khalifa 1989,https://www.youtube.com/watch?v=oLFyMIlEPRM,00:25:56.539,00:26:00.000,"""I am a human being like you.""",Dr. Khalifa
45 United Submitters International Conference Final Speech by dr Rashad Khalifa 1989,https://www.youtube.com/watch?v=oLFyMIlEPRM,00:26:00.000,00:26:08.605,"And you know what you are. You're not perfect, nor is God's messenger whoever he... whoever it is.",Dr. Khalifa
45 United Submitters International Conference Final Speech by dr Rashad Khalifa 1989,https://www.youtube.com/watch?v=oLFyMIlEPRM,00:26:08.605,00:26:12.493,"I'm a human being like you. The key word is ""like you.""",Dr. Khalifa
45 United Submitters International Conference Final Speech by dr Rashad Khalifa 1989,https://www.youtube.com/watch?v=oLFyMIlEPRM,00:26:12.493,00:26:19.025,But what is God's messenger? It's a person through whom God is sending information.,Dr. Khalifa
45 United Submitters International Conference Final Speech by dr Rashad Khalifa 1989,https://www.youtube.com/watch?v=oLFyMIlEPRM,00:26:19.025,00:26:32.267,"And the messenger himself is required to listen to this information and is required, like you, to look at it and believe it or disbelieve it.",Dr. Khalifa
45 United Submitters International Conference Final Speech by dr Rashad Khalifa 1989,https://www.youtube.com/watch?v=oLFyMIlEPRM,00:26:32.267,00:26:36.376,and it's the same difficulty that you're going through.,Dr. Khalifa
45 United Submitters International Conference Final Speech by dr Rashad Khalifa 1989,https://www.youtube.com/watch?v=oLFyMIlEPRM,00:26:36.376,00:26:42.159,but it is information from God.,Dr. Khalifa
45 United Submitters International Conference Final Speech by dr Rashad Khalifa 1989,https://www.youtube.com/watch?v=oLFyMIlEPRM,00:26:42.159,00:26:47.994,This is why God say  مَّن يُطِعِ الرَّسُولَ فَقَدْ أَطَاعَ اللَّهَ  whoever obeys the messenger is obeying God.,Dr. Khalifa
45 United Submitters International Conference Final Speech by dr Rashad Khalifa 1989,https://www.youtube.com/watch?v=oLFyMIlEPRM,00:26:47.994,00:26:52.079,This doesn't mean idol-worship,Dr. Khalifa
45 United Submitters International Conference Final Speech by dr Rashad Khalifa 1989,https://www.youtube.com/watch?v=oLFyMIlEPRM,00:26:52.079,00:26:58.031,which is used frequently to flunk some people.,Dr. Khalifa
45 United Submitters International Conference Final Speech by dr Rashad Khalifa 1989,https://www.youtube.com/watch?v=oLFyMIlEPRM,00:26:58.031,00:27:00.001,"""You're idolizing Rashad.""",Dr. Khalifa
45 United Submitters International Conference Final Speech by dr Rashad Khalifa 1989,https://www.youtube.com/watch?v=oLFyMIlEPRM,00:27:00.001,00:27:05.873,We know better than that. We're listening to the information that's coming from God.,Dr. Khalifa
45 United Submitters International Conference Final Speech by dr Rashad Khalifa 1989,https://www.youtube.com/watch?v=oLFyMIlEPRM,00:27:08.711,00:27:13.724,"There is another verse that says, فَلَا وَرَبِّكَ it's a very strong verse",Dr. Khalifa
45 United Submitters International Conference Final Speech by dr Rashad Khalifa 1989,https://www.youtube.com/watch?v=oLFyMIlEPRM,00:27:13.724,00:27:14.973,فَلَا وَرَبِّكَ,Dr. Khalifa
45 United Submitters International Conference Final Speech by dr Rashad Khalifa 1989,https://www.youtube.com/watch?v=oLFyMIlEPRM,00:27:14.973,00:27:19.991,"God is saying, ""No, by your Lord,"" فَلَا وَرَبِّكَ لَا يُؤْمِنُونَ ""they are not believers.""",Dr. Khalifa
45 United Submitters International Conference Final Speech by dr Rashad Khalifa 1989,https://www.youtube.com/watch?v=oLFyMIlEPRM,00:27:19.991,00:27:25.110,"حَتَّىٰ يُحَكِّمُوكَ ""until they ask your judgement.""",Dr. Khalifa
45 United Submitters International Conference Final Speech by dr Rashad Khalifa 1989,https://www.youtube.com/watch?v=oLFyMIlEPRM,00:27:25.110,00:27:29.253,"فِيمَا شَجَرَ بَيْنَهُمْ ""in whatever opinions they dispute.""",Dr. Khalifa
45 United Submitters International Conference Final Speech by dr Rashad Khalifa 1989,https://www.youtube.com/watch?v=oLFyMIlEPRM,00:27:29.253,00:27:34.829,"ثُمَّ لَا يَجِدُوا فِي أَنْفُسِهِمْ حَرَجًا ""and then, they find no hesitation in them whatsoever, """,Dr. Khalifa
45 United Submitters International Conference Final Speech by dr Rashad Khalifa 1989,https://www.youtube.com/watch?v=oLFyMIlEPRM,00:27:34.829,00:27:38.750,"مِمَّا قَضَيْتَ ""about your judgement.""",Dr. Khalifa
45 United Submitters International Conference Final Speech by dr Rashad Khalifa 1989,https://www.youtube.com/watch?v=oLFyMIlEPRM,00:27:38.750,00:27:43.685,"وَيُسَلِّمُوا۟ تَسْلِيمًۭا  very powerful word: ""and submit completely.""",Dr. Khalifa
45 United Submitters International Conference Final Speech by dr Rashad Khalifa 1989,https://www.youtube.com/watch?v=oLFyMIlEPRM,00:27:47.317,00:27:52.489,"This  فَلَا وَرَبِّكَ لَا يُؤْمِنُونَ, ""by your Lord, they are not believers.""",Dr. Khalifa
45 United Submitters International Conference Final Speech by dr Rashad Khalifa 1989,https://www.youtube.com/watch?v=oLFyMIlEPRM,00:27:58.902,00:28:05.360,There is a lady from Vancouver. Her name is Christina. She stopped me this morning.,Dr. Khalifa
45 United Submitters International Conference Final Speech by dr Rashad Khalifa 1989,https://www.youtube.com/watch?v=oLFyMIlEPRM,00:28:05.360,00:28:09.780,"Christine or Christina, I'm not sure.",Dr. Khalifa
45 United Submitters International Conference Final Speech by dr Rashad Khalifa 1989,https://www.youtube.com/watch?v=oLFyMIlEPRM,00:28:09.780,00:28:16.718,"and she told me ""I believe in God Alone. I worship God Alone. I believe the Quran, the Quran Alone.""",Dr. Khalifa
45 United Submitters International Conference Final Speech by dr Rashad Khalifa 1989,https://www.youtube.com/watch?v=oLFyMIlEPRM,00:28:16.718,00:28:20.180,"""I don't believe you're a messenger of God.""",Dr. Khalifa
45 United Submitters International Conference Final Speech by dr Rashad Khalifa 1989,https://www.youtube.com/watch?v=oLFyMIlEPRM,00:28:20.180,00:28:23.334,"Christie: I didn't say that. Definitely, didn't say that.",Christie
45 United Submitters International Conference Final Speech by dr Rashad Khalifa 1989,https://www.youtube.com/watch?v=oLFyMIlEPRM,00:28:23.334,00:28:24.936,"The messenger: ""What did you say?""",Dr. Khalifa
45 United Submitters International Conference Final Speech by dr Rashad Khalifa 1989,https://www.youtube.com/watch?v=oLFyMIlEPRM,00:28:24.936,00:28:41.372,"Christie: I believe you are a messenger and message, number 19 as a code and I appreciate that. And I also said that....and I certainly never said you weren't a messenger. I believe you are.""",Christie
45 United Submitters International Conference Final Speech by dr Rashad Khalifa 1989,https://www.youtube.com/watch?v=oLFyMIlEPRM,00:28:46.650,00:28:55.077,"The messenger: We had the same incident in Vancouver where privately, between her and me, she said ""I don't believe you're a messenger of God.""",Dr. Khalifa
45 United Submitters International Conference Final Speech by dr Rashad Khalifa 1989,https://www.youtube.com/watch?v=oLFyMIlEPRM,00:28:55.077,00:29:00.395,"And then when I said it, she came out in public like this and said ""I believe you're messenger of God.""",Dr. Khalifa
45 United Submitters International Conference Final Speech by dr Rashad Khalifa 1989,https://www.youtube.com/watch?v=oLFyMIlEPRM,00:29:00.395,00:29:02.535,Christie: I do and I appreciate,Christie
45 United Submitters International Conference Final Speech by dr Rashad Khalifa 1989,https://www.youtube.com/watch?v=oLFyMIlEPRM,00:29:02.535,00:29:05.088,"The messenger: So, what were you telling me this morning?",Dr. Khalifa
45 United Submitters International Conference Final Speech by dr Rashad Khalifa 1989,https://www.youtube.com/watch?v=oLFyMIlEPRM,00:29:05.088,00:29:14.710,"Christie: I said that I believe that you should teach the brethren , all of us the meaning of Quran ourselves, meaning the Quran and do prayers",Christie
45 United Submitters International Conference Final Speech by dr Rashad Khalifa 1989,https://www.youtube.com/watch?v=oLFyMIlEPRM,00:29:14.710,00:29:21.534,and not make decisions in their own personal lives the way you have been making. I think it's a dangerous action.,Christie
45 United Submitters International Conference Final Speech by dr Rashad Khalifa 1989,https://www.youtube.com/watch?v=oLFyMIlEPRM,00:29:21.534,00:29:29.437,"I came out of a church when he did that and the minister that was the head of church, Herbert W. Armstrong, years ago because led",Christie
45 United Submitters International Conference Final Speech by dr Rashad Khalifa 1989,https://www.youtube.com/watch?v=oLFyMIlEPRM,00:29:29.437,00:29:35.864,into schism and I believe it's with us. He did not teach the people believing on God Alone.,Christie
45 United Submitters International Conference Final Speech by dr Rashad Khalifa 1989,https://www.youtube.com/watch?v=oLFyMIlEPRM,00:29:37.072,00:29:45.873,"The messenger: I believe he did, actually. Herbert W. Armstrong was a great man and I believe he did not believe Jesus was God, or son of God and I believe he is a Muslim.",Dr. Khalifa
45 United Submitters International Conference Final Speech by dr Rashad Khalifa 1989,https://www.youtube.com/watch?v=oLFyMIlEPRM,00:29:45.873,00:29:58.189,"Christie: In the beginning, he did. He led the people by God alone, but at the end of his life, he was teaching people in doom what he said and that was the problem in that church.",Christie
45 United Submitters International Conference Final Speech by dr Rashad Khalifa 1989,https://www.youtube.com/watch?v=oLFyMIlEPRM,00:29:58.189,00:30:00.246,"The messenger: OK.So, you're telling me what to do?",Dr. Khalifa
45 United Submitters International Conference Final Speech by dr Rashad Khalifa 1989,https://www.youtube.com/watch?v=oLFyMIlEPRM,00:30:00.246,00:30:05.301,"Christie: No, I was trying to warn you privately not to be...",Christie
45 United Submitters International Conference Final Speech by dr Rashad Khalifa 1989,https://www.youtube.com/watch?v=oLFyMIlEPRM,00:30:05.301,00:30:07.812,A man: Who the hell are you to warn him?,A Man
45 United Submitters International Conference Final Speech by dr Rashad Khalifa 1989,https://www.youtube.com/watch?v=oLFyMIlEPRM,00:30:07.812,00:30:22.839,"Christie: I was trying to explain to you the pitfalls of that, and I was trying to ask you to see....",Christie
45 United Submitters International Conference Final Speech by dr Rashad Khalifa 1989,https://www.youtube.com/watch?v=oLFyMIlEPRM,00:30:22.839,00:30:29.124,"The messenger: Ok. I want to... I want to read the last verse of Sura 58,",Dr. Khalifa
45 United Submitters International Conference Final Speech by dr Rashad Khalifa 1989,https://www.youtube.com/watch?v=oLFyMIlEPRM,00:30:31.621,00:30:37.191,A man: warn him?! This is...!,A Man
45 United Submitters International Conference Final Speech by dr Rashad Khalifa 1989,https://www.youtube.com/watch?v=oLFyMIlEPRM,00:30:39.404,00:30:48.487,"The messenger: under the subtitle ""run for your life"", it says, ""you will not find people who believe in God and the Last Day befriending those who oppose God and His messenger,""",Dr. Khalifa
45 United Submitters International Conference Final Speech by dr Rashad Khalifa 1989,https://www.youtube.com/watch?v=oLFyMIlEPRM,00:30:48.487,00:30:54.185,"""even if they were their parents, or their children, or their siblings, or their tribe.""",Dr. Khalifa
45 United Submitters International Conference Final Speech by dr Rashad Khalifa 1989,https://www.youtube.com/watch?v=oLFyMIlEPRM,00:30:54.185,00:31:02.428,You will not find people who believe in God and the Last Day befriending those who oppose God and His messenger.,Dr. Khalifa
45 United Submitters International Conference Final Speech by dr Rashad Khalifa 1989,https://www.youtube.com/watch?v=oLFyMIlEPRM,00:31:02.428,00:31:06.698,Do you believe I'm God's messenger?,Dr. Khalifa
45 United Submitters International Conference Final Speech by dr Rashad Khalifa 1989,https://www.youtube.com/watch?v=oLFyMIlEPRM,00:31:06.698,00:31:08.698,Christie: Yes. Yes.,Christie
45 United Submitters International Conference Final Speech by dr Rashad Khalifa 1989,https://www.youtube.com/watch?v=oLFyMIlEPRM,00:31:08.698,00:31:10.698,The messenger: do you do the contact prayer the way I do?,Dr. Khalifa
45 United Submitters International Conference Final Speech by dr Rashad Khalifa 1989,https://www.youtube.com/watch?v=oLFyMIlEPRM,00:31:10.698,00:31:11.279,Christina: yes,Christina
45 United Submitters International Conference Final Speech by dr Rashad Khalifa 1989,https://www.youtube.com/watch?v=oLFyMIlEPRM,00:31:11.279,00:31:12.428,"A man: No, you don't.",A Man
45 United Submitters International Conference Final Speech by dr Rashad Khalifa 1989,https://www.youtube.com/watch?v=oLFyMIlEPRM,00:31:12.428,00:31:14.199,The messenger: Does she do the prayer the way I do?,Dr. Khalifa
45 United Submitters International Conference Final Speech by dr Rashad Khalifa 1989,https://www.youtube.com/watch?v=oLFyMIlEPRM,00:31:14.199,00:31:14.699,A woman: NO.,A Woman
45 United Submitters International Conference Final Speech by dr Rashad Khalifa 1989,https://www.youtube.com/watch?v=oLFyMIlEPRM,00:31:14.699,00:31:16.005,"A man: No, they don't",A Man
45 United Submitters International Conference Final Speech by dr Rashad Khalifa 1989,https://www.youtube.com/watch?v=oLFyMIlEPRM,00:31:16.005,00:31:17.542,The messenger: Thank you.,Dr. Khalifa
45 United Submitters International Conference Final Speech by dr Rashad Khalifa 1989,https://www.youtube.com/watch?v=oLFyMIlEPRM,00:31:20.947,00:31:25.689,"The messenger: Well, if you received letters in Vancouver from all over the world.",Dr. Khalifa
45 United Submitters International Conference Final Speech by dr Rashad Khalifa 1989,https://www.youtube.com/watch?v=oLFyMIlEPRM,00:31:26.313,00:31:30.833,Raymon: I have my copies of letters in my... in my possession.,Raymon
45 United Submitters International Conference Final Speech by dr Rashad Khalifa 1989,https://www.youtube.com/watch?v=oLFyMIlEPRM,00:31:30.833,00:31:33.462,The messenger: OK. Can I have them? I will read them. Can I have them?,Dr. Khalifa
45 United Submitters International Conference Final Speech by dr Rashad Khalifa 1989,https://www.youtube.com/watch?v=oLFyMIlEPRM,00:31:33.462,00:31:37.448,The messenger: You can never do enough for God and this is one problem...,Dr. Khalifa
45 United Submitters International Conference Final Speech by dr Rashad Khalifa 1989,https://www.youtube.com/watch?v=oLFyMIlEPRM,00:31:40.822,00:31:47.434,"The messenger: OK. I'm glad you brought this up because I remembered this Satanic principle of ""Do not judge.""",Dr. Khalifa
45 United Submitters International Conference Final Speech by dr Rashad Khalifa 1989,https://www.youtube.com/watch?v=oLFyMIlEPRM,00:31:47.434,00:31:52.778,"OK. I want... so, be aware of this statement: Do not judge!",Dr. Khalifa
45 United Submitters International Conference Final Speech by dr Rashad Khalifa 1989,https://www.youtube.com/watch?v=oLFyMIlEPRM,00:31:52.778,00:32:01.054,"This...One of the names of this book is AL-FURQAN ""the Criterion"" with which we are to judge.",Dr. Khalifa
45 United Submitters International Conference Final Speech by dr Rashad Khalifa 1989,https://www.youtube.com/watch?v=oLFyMIlEPRM,00:32:01.054,00:32:04.967,This is Satan's most famous principle and we hear it everyday: Do not judge!,Dr. Khalifa
45 United Submitters International Conference Final Speech by dr Rashad Khalifa 1989,https://www.youtube.com/watch?v=oLFyMIlEPRM,00:32:04.967,00:32:08.602,By God we can judge because we have the law.,Dr. Khalifa
45 United Submitters International Conference Final Speech by dr Rashad Khalifa 1989,https://www.youtube.com/watch?v=oLFyMIlEPRM,00:32:08.602,00:32:12.955,"They judge by the human laws, and we can judge by God's law.",Dr. Khalifa
45 United Submitters International Conference Final Speech by dr Rashad Khalifa 1989,https://www.youtube.com/watch?v=oLFyMIlEPRM,00:32:12.955,00:32:18.818,When God says that the disbeliever will go to hell; we can say the disbeliever will go to hell.,Dr. Khalifa
45 United Submitters International Conference Final Speech by dr Rashad Khalifa 1989,https://www.youtube.com/watch?v=oLFyMIlEPRM,00:32:18.818,00:32:26.220,"When God says you do not find the people who believe in God and the Hereafter befriending those who oppose God and His messenger,",Dr. Khalifa
45 United Submitters International Conference Final Speech by dr Rashad Khalifa 1989,https://www.youtube.com/watch?v=oLFyMIlEPRM,00:32:26.220,00:32:31.759,"and you see some of your most beloved friends breaking this criterion,",Dr. Khalifa
45 United Submitters International Conference Final Speech by dr Rashad Khalifa 1989,https://www.youtube.com/watch?v=oLFyMIlEPRM,00:32:31.759,00:32:40.318,"and constantly associating with enemies of God and God's messenger, you have to worry about them.",Dr. Khalifa
45 United Submitters International Conference Final Speech by dr Rashad Khalifa 1989,https://www.youtube.com/watch?v=oLFyMIlEPRM,00:32:40.318,00:32:48.586,"And as I said in the beginning, what I'm...what I'm about to say, if the people are guided, they will love me for it; if they are not guided, they will hate me for it.",Dr. Khalifa
45 United Submitters International Conference Final Speech by dr Rashad Khalifa 1989,https://www.youtube.com/watch?v=oLFyMIlEPRM,00:32:48.586,00:32:55.773,"Christie: Rashad, are you saying that I am the enemy?.....is that what you are saying?",Christie
45 United Submitters International Conference Final Speech by dr Rashad Khalifa 1989,https://www.youtube.com/watch?v=oLFyMIlEPRM,00:32:55.773,00:33:01.145,"The messenger: No, you told me this morning, I do not believe you're God's messenger which is, I don't care about this myself, but you're blaspheming against God.",Dr. Khalifa
45 United Submitters International Conference Final Speech by dr Rashad Khalifa 1989,https://www.youtube.com/watch?v=oLFyMIlEPRM,00:33:01.145,00:33:06.638,"Because God says: ""None can touch the Quran, except those who are sincere."" (56:79)",Dr. Khalifa
45 United Submitters International Conference Final Speech by dr Rashad Khalifa 1989,https://www.youtube.com/watch?v=oLFyMIlEPRM,00:33:06.638,00:33:10.103,"So, in other words, you're saying I'm a liar.",Dr. Khalifa
45 United Submitters International Conference Final Speech by dr Rashad Khalifa 1989,https://www.youtube.com/watch?v=oLFyMIlEPRM,00:33:10.103,00:33:17.362,"If I'm a liar, you know what it means if I'm a liar? It means that I'm a person that does not believe in the Hereafter,",Dr. Khalifa
45 United Submitters International Conference Final Speech by dr Rashad Khalifa 1989,https://www.youtube.com/watch?v=oLFyMIlEPRM,00:33:17.362,00:33:23.055,"a person who does not believe that, some day, he will face God and he will be asked, why did you do this, why did you say that?",Dr. Khalifa
45 United Submitters International Conference Final Speech by dr Rashad Khalifa 1989,https://www.youtube.com/watch?v=oLFyMIlEPRM,00:33:23.055,00:33:26.386,Christie: You're either lying or you made a mistake or you forgot.,Christie
45 United Submitters International Conference Final Speech by dr Rashad Khalifa 1989,https://www.youtube.com/watch?v=oLFyMIlEPRM,00:33:26.386,00:33:36.685,The messenger: All of them are bad. I'm either a liar and made a mistake or I forgot. but this is a very serious...this is a very serious matter.,Dr. Khalifa
45 United Submitters International Conference Final Speech by dr Rashad Khalifa 1989,https://www.youtube.com/watch?v=oLFyMIlEPRM,00:33:38.331,00:33:47.146,"The messenger: Now, Susan Ray is about to get into the act. Susan comes all the way from Europe to tell the people that she knows better Arabic than me, that my translation is wrong,",Dr. Khalifa
45 United Submitters International Conference Final Speech by dr Rashad Khalifa 1989,https://www.youtube.com/watch?v=oLFyMIlEPRM,00:33:47.146,00:33:55.799,"and therefore, we have to have representation of the other side,",Dr. Khalifa
45 United Submitters International Conference Final Speech by dr Rashad Khalifa 1989,https://www.youtube.com/watch?v=oLFyMIlEPRM,00:33:55.799,00:34:00.231,And you thought this conference was going peacefully.,Dr. Khalifa
45 United Submitters International Conference Final Speech by dr Rashad Khalifa 1989,https://www.youtube.com/watch?v=oLFyMIlEPRM,00:34:00.231,00:34:02.225,May I interrupt for one second?,Dr. Khalifa
45 United Submitters International Conference Final Speech by dr Rashad Khalifa 1989,https://www.youtube.com/watch?v=oLFyMIlEPRM,00:34:02.225,00:34:09.293,"I need a volunteer to take Farzin, Farima and  Zarin to the airport.",Dr. Khalifa
45 United Submitters International Conference Final Speech by dr Rashad Khalifa 1989,https://www.youtube.com/watch?v=oLFyMIlEPRM,00:34:09.870,00:34:12.013,The messenger: I'll be with you in one minute. Just one minute.,Dr. Khalifa
45 United Submitters International Conference Final Speech by dr Rashad Khalifa 1989,https://www.youtube.com/watch?v=oLFyMIlEPRM,00:34:12.013,00:34:14.592,Do we have a volunteer to take them to the airport?,Dr. Khalifa
45 United Submitters International Conference Final Speech by dr Rashad Khalifa 1989,https://www.youtube.com/watch?v=oLFyMIlEPRM,00:34:14.592,00:34:18.920,"Ok, take my keys.",Dr. Khalifa
45 United Submitters International Conference Final Speech by dr Rashad Khalifa 1989,https://www.youtube.com/watch?v=oLFyMIlEPRM,00:34:34.868,00:34:38.195,"I'm sorry, but they have to catch an airplane.",Dr. Khalifa
45 United Submitters International Conference Final Speech by dr Rashad Khalifa 1989,https://www.youtube.com/watch?v=oLFyMIlEPRM,00:34:41.941,00:34:48.363,"Sophie and Raymond and Susan, I hope you don't mind my frankness, but I...",Dr. Khalifa
45 United Submitters International Conference Final Speech by dr Rashad Khalifa 1989,https://www.youtube.com/watch?v=oLFyMIlEPRM,00:34:48.363,00:34:53.240,Sophie: ...I just have to say,Sophie
45 United Submitters International Conference Final Speech by dr Rashad Khalifa 1989,https://www.youtube.com/watch?v=oLFyMIlEPRM,00:34:53.240,00:35:07.501,"if I ever hurt you or if my family ever hurt you, I seek refuge in Allah from Satan the rejected one, and I repent. That's all I can say.",Sophie
45 United Submitters International Conference Final Speech by dr Rashad Khalifa 1989,https://www.youtube.com/watch?v=oLFyMIlEPRM,00:35:07.501,00:35:12.732,And may Allah guide us to the right path if we are guided by Satan.,Sophie
45 United Submitters International Conference Final Speech by dr Rashad Khalifa 1989,https://www.youtube.com/watch?v=oLFyMIlEPRM,00:35:12.732,00:35:18.969,"The messenger: Sophie, I'm in the same boat with you. I'm striving to make it to Heaven, Insha Allah,",Dr. Khalifa
45 United Submitters International Conference Final Speech by dr Rashad Khalifa 1989,https://www.youtube.com/watch?v=oLFyMIlEPRM,00:35:18.969,00:35:28.418,"and I want you and Raymond, I know you're striving to make it to Heaven, but I think I love you too much maybe,",Dr. Khalifa
45 United Submitters International Conference Final Speech by dr Rashad Khalifa 1989,https://www.youtube.com/watch?v=oLFyMIlEPRM,00:35:28.418,00:35:32.384,"You've been in this movement from day one. You've been solid,",Dr. Khalifa
45 United Submitters International Conference Final Speech by dr Rashad Khalifa 1989,https://www.youtube.com/watch?v=oLFyMIlEPRM,00:35:32.384,00:35:38.725,"but you associate... in fact, Satan is waiting for you in Vancouver right now. Don't you know that? You know that.",Dr. Khalifa
45 United Submitters International Conference Final Speech by dr Rashad Khalifa 1989,https://www.youtube.com/watch?v=oLFyMIlEPRM,00:35:38.725,00:35:45.000,You know some enemies of God and God's messenger who'll be waiting for you in there.,Dr. Khalifa
45 United Submitters International Conference Final Speech by dr Rashad Khalifa 1989,https://www.youtube.com/watch?v=oLFyMIlEPRM,00:35:45.000,00:35:47.717,And you're gonna treat them very nicely. You'll probably invite them to your house.,Dr. Khalifa
45 United Submitters International Conference Final Speech by dr Rashad Khalifa 1989,https://www.youtube.com/watch?v=oLFyMIlEPRM,00:35:47.717,00:35:55.608,"When I was in Vancouver, you had LuLu Maknoon in your house, even though she was blaspheming against me and lying about me.",Dr. Khalifa
45 United Submitters International Conference Final Speech by dr Rashad Khalifa 1989,https://www.youtube.com/watch?v=oLFyMIlEPRM,00:35:55.608,00:36:05.089,"It is this kind of thing. You're doing this out of kindness, Sophie. I'm not attacking you or Raymond. You believe that these are right things.",Dr. Khalifa
45 United Submitters International Conference Final Speech by dr Rashad Khalifa 1989,https://www.youtube.com/watch?v=oLFyMIlEPRM,00:36:05.089,00:36:07.845,"Sophie: Rashad, when you came to my house, everybody was telling me he was a disbeliever.",Sophie
45 United Submitters International Conference Final Speech by dr Rashad Khalifa 1989,https://www.youtube.com/watch?v=oLFyMIlEPRM,00:36:07.845,00:36:10.625,The messenger: Who was a disbeliever?,Dr. Khalifa
45 United Submitters International Conference Final Speech by dr Rashad Khalifa 1989,https://www.youtube.com/watch?v=oLFyMIlEPRM,00:36:10.625,00:36:15.582,"Sophie: When you was coming to my house, everyone said to me he was a disbeliever.",Sophie
45 United Submitters International Conference Final Speech by dr Rashad Khalifa 1989,https://www.youtube.com/watch?v=oLFyMIlEPRM,00:36:15.582,00:36:16.811,Messenger: Who was a disbeliever?,Dr. Khalifa
45 United Submitters International Conference Final Speech by dr Rashad Khalifa 1989,https://www.youtube.com/watch?v=oLFyMIlEPRM,00:36:16.811,00:36:17.839,People: You.,People
45 United Submitters International Conference Final Speech by dr Rashad Khalifa 1989,https://www.youtube.com/watch?v=oLFyMIlEPRM,00:36:17.839,00:36:18.647,"Messenger: Oh, ok.",Dr. Khalifa
45 United Submitters International Conference Final Speech by dr Rashad Khalifa 1989,https://www.youtube.com/watch?v=oLFyMIlEPRM,00:36:18.647,00:36:29.751,"Sophie: ...I said, Rashad, you say LA ILAHA ILLA ALLAH; even though I was brought up, I was very impressed with Sunni Islam.",Sophie
45 United Submitters International Conference Final Speech by dr Rashad Khalifa 1989,https://www.youtube.com/watch?v=oLFyMIlEPRM,00:36:29.751,00:36:35.514,"I said, you say LA ILLAHA ILLA ALLAH, you're welcome in my home and you don't go stay in a hotel.",Sophie
45 United Submitters International Conference Final Speech by dr Rashad Khalifa 1989,https://www.youtube.com/watch?v=oLFyMIlEPRM,00:36:35.514,00:36:42.479,"If you remember that time, you were facing the Saudis... the Saudis at that time.",Sophie
45 United Submitters International Conference Final Speech by dr Rashad Khalifa 1989,https://www.youtube.com/watch?v=oLFyMIlEPRM,00:36:42.479,00:36:50.793,"When LuLu Maknoon came to my home, she came and she said that she wanted to see you, and she wanted to meet with you.",Sophie
45 United Submitters International Conference Final Speech by dr Rashad Khalifa 1989,https://www.youtube.com/watch?v=oLFyMIlEPRM,00:36:50.793,00:36:57.681,"This Hadith thing she wrote, I did not know about it. I explained to you ...",Sophie
45 United Submitters International Conference Final Speech by dr Rashad Khalifa 1989,https://www.youtube.com/watch?v=oLFyMIlEPRM,00:36:57.681,00:37:02.914,"I discussed it with Lulu, I said, Lulu, you're mistaken.",Sophie
45 United Submitters International Conference Final Speech by dr Rashad Khalifa 1989,https://www.youtube.com/watch?v=oLFyMIlEPRM,00:37:06.263,00:37:08.789,She wanted to meet with you.,Sophie
45 United Submitters International Conference Final Speech by dr Rashad Khalifa 1989,https://www.youtube.com/watch?v=oLFyMIlEPRM,00:37:08.789,00:37:15.688,"The way I see it, you guys could meet and if there was a misunderstanding between believers, Allah says ""you should reconcile.""",Sophie
45 United Submitters International Conference Final Speech by dr Rashad Khalifa 1989,https://www.youtube.com/watch?v=oLFyMIlEPRM,00:37:15.688,00:37:18.167,That's the way I look at it.,Sophie
45 United Submitters International Conference Final Speech by dr Rashad Khalifa 1989,https://www.youtube.com/watch?v=oLFyMIlEPRM,00:37:18.167,00:37:22.999,"I never looked at it, in the sense that I was supporting a disbeliever.",Sophie
45 United Submitters International Conference Final Speech by dr Rashad Khalifa 1989,https://www.youtube.com/watch?v=oLFyMIlEPRM,00:37:22.999,00:37:36.143,"The messenger: Well, fine. I didn't see... you can explain it as much as you want... as much as you want but I can't help worrying about you when you have people opposing God and opposing God's messenger in your house.",Dr. Khalifa
45 United Submitters International Conference Final Speech by dr Rashad Khalifa 1989,https://www.youtube.com/watch?v=oLFyMIlEPRM,00:37:36.143,00:37:45.116,"Sophie: Rashad, when you told me how you felt about it, the girl was on a bus the next day and she was on her way to Alaska.",Sophie
45 United Submitters International Conference Final Speech by dr Rashad Khalifa 1989,https://www.youtube.com/watch?v=oLFyMIlEPRM,00:37:45.116,00:37:48.330,Is this not a fact?,Sophie
45 United Submitters International Conference Final Speech by dr Rashad Khalifa 1989,https://www.youtube.com/watch?v=oLFyMIlEPRM,00:37:48.330,00:37:54.971,"The messenger: Yes, ..., I love you for it. I'm happy. See, this is why I'm doing it because I hope you won't do this in the future.",Dr. Khalifa
45 United Submitters International Conference Final Speech by dr Rashad Khalifa 1989,https://www.youtube.com/watch?v=oLFyMIlEPRM,00:37:54.971,00:38:02.564,"but you will not associate with them in the... In other words, you treat them... you treat them as God wants us to treat them.",Dr. Khalifa
45 United Submitters International Conference Final Speech by dr Rashad Khalifa 1989,https://www.youtube.com/watch?v=oLFyMIlEPRM,00:38:02.564,00:38:05.265,God says لَا تَرْكَنُوٓا۟ Do not lean,Dr. Khalifa
45 United Submitters International Conference Final Speech by dr Rashad Khalifa 1989,https://www.youtube.com/watch?v=oLFyMIlEPRM,00:38:05.265,00:38:09.083,لَا تَرْكَنُوٓا۟ إِلَى ٱلَّذِينَ ظَلَمُوا۟ to those who are doing wrong (11:113),Dr. Khalifa
45 United Submitters International Conference Final Speech by dr Rashad Khalifa 1989,https://www.youtube.com/watch?v=oLFyMIlEPRM,00:38:09.083,00:38:11.083,Susan,Dr. Khalifa
45 United Submitters International Conference Final Speech by dr Rashad Khalifa 1989,https://www.youtube.com/watch?v=oLFyMIlEPRM,00:38:11.083,00:38:16.075,"Susan: Can I ask you a question, Rashad? Dr. Khalifa, excuse me!",Susan
45 United Submitters International Conference Final Speech by dr Rashad Khalifa 1989,https://www.youtube.com/watch?v=oLFyMIlEPRM,00:38:16.075,00:38:33.636,"Is there...Was there any mistake, if it was rather for language, or interpretation in your first translation of Quran?",Susan
45 United Submitters International Conference Final Speech by dr Rashad Khalifa 1989,https://www.youtube.com/watch?v=oLFyMIlEPRM,00:38:33.636,00:38:37.918,The messenger: The first translation of the Quran is an authorized translation.,Dr. Khalifa
45 United Submitters International Conference Final Speech by dr Rashad Khalifa 1989,https://www.youtube.com/watch?v=oLFyMIlEPRM,00:38:37.918,00:38:48.186,"This translation, every word here is the word of God. This is not my word. This is not my translation; this is God's translation.",Dr. Khalifa
45 United Submitters International Conference Final Speech by dr Rashad Khalifa 1989,https://www.youtube.com/watch?v=oLFyMIlEPRM,00:38:48.186,00:39:00.683,"There are certain things that I hope you understand. Before we opened the first box of this Quran, I told the people in Masjid Tucson ""this is already obsolete.""",Dr. Khalifa
45 United Submitters International Conference Final Speech by dr Rashad Khalifa 1989,https://www.youtube.com/watch?v=oLFyMIlEPRM,00:39:00.683,00:39:08.657,"Because God sent His message in stages, even in the original Quran that the prophet Muhammad delivered,",Dr. Khalifa
45 United Submitters International Conference Final Speech by dr Rashad Khalifa 1989,https://www.youtube.com/watch?v=oLFyMIlEPRM,00:39:08.657,00:39:11.937,and I have many examples to show you.,Dr. Khalifa
45 United Submitters International Conference Final Speech by dr Rashad Khalifa 1989,https://www.youtube.com/watch?v=oLFyMIlEPRM,00:39:11.937,00:39:18.468,"So if you find - just a minute - I want to share a principle with all of you,",Dr. Khalifa
45 United Submitters International Conference Final Speech by dr Rashad Khalifa 1989,https://www.youtube.com/watch?v=oLFyMIlEPRM,00:39:18.468,00:39:26.086,"that, like I said, God says ""say I'm a human being like you"" which means I'm not perfect,",Dr. Khalifa
45 United Submitters International Conference Final Speech by dr Rashad Khalifa 1989,https://www.youtube.com/watch?v=oLFyMIlEPRM,00:39:26.086,00:39:28.526,"just like you, I pick my nose.",Dr. Khalifa
45 United Submitters International Conference Final Speech by dr Rashad Khalifa 1989,https://www.youtube.com/watch?v=oLFyMIlEPRM,00:39:28.526,00:39:39.524,A third woman (jokingly): You? No! Is that ture!? Is that true!? Please! He picks his nose!,Dr. Khalifa
45 United Submitters International Conference Final Speech by dr Rashad Khalifa 1989,https://www.youtube.com/watch?v=oLFyMIlEPRM,00:39:39.524,00:39:53.272,"The messenger: No, no. There is something I want to say. What I want to share with you is, if you see me as a bad person, then it is your tough luck.",Dr. Khalifa
45 United Submitters International Conference Final Speech by dr Rashad Khalifa 1989,https://www.youtube.com/watch?v=oLFyMIlEPRM,00:39:53.272,00:39:57.596,"If you see me as a perfect person, it's because God wants to guide you;",Dr. Khalifa
45 United Submitters International Conference Final Speech by dr Rashad Khalifa 1989,https://www.youtube.com/watch?v=oLFyMIlEPRM,00:39:57.596,00:40:01.287,"however, the truth is, I'm not a perfect person,",Dr. Khalifa
45 United Submitters International Conference Final Speech by dr Rashad Khalifa 1989,https://www.youtube.com/watch?v=oLFyMIlEPRM,00:40:01.287,00:40:07.530,"but every one of you have gone through this experience. You meet somebody,",Dr. Khalifa
45 United Submitters International Conference Final Speech by dr Rashad Khalifa 1989,https://www.youtube.com/watch?v=oLFyMIlEPRM,00:40:07.530,00:40:13.359,and you are really dumb and stupid and you could not say a thing to this person to help him,Dr. Khalifa
45 United Submitters International Conference Final Speech by dr Rashad Khalifa 1989,https://www.youtube.com/watch?v=oLFyMIlEPRM,00:40:13.359,00:40:18.428,"and as soon as this person leaves, you remember all the verses in the Quran and the things that you needed.",Dr. Khalifa
45 United Submitters International Conference Final Speech by dr Rashad Khalifa 1989,https://www.youtube.com/watch?v=oLFyMIlEPRM,00:40:18.428,00:40:24.004,It's tough luck for that person. That person would leave thinking that you're a stupid person.,Dr. Khalifa
45 United Submitters International Conference Final Speech by dr Rashad Khalifa 1989,https://www.youtube.com/watch?v=oLFyMIlEPRM,00:40:24.004,00:40:32.036,"And many times you meet somebody and you will be very eloquent and all the Quran verses will come, the right, you'll say the right words,",Dr. Khalifa
45 United Submitters International Conference Final Speech by dr Rashad Khalifa 1989,https://www.youtube.com/watch?v=oLFyMIlEPRM,00:40:32.036,00:40:36.339,"And it's because that person, God wants to guide that person.",Dr. Khalifa
45 United Submitters International Conference Final Speech by dr Rashad Khalifa 1989,https://www.youtube.com/watch?v=oLFyMIlEPRM,00:40:36.339,00:40:42.695,"So, the way you perceive me depends on whether God wants to send you away or to bring you to the message.",Dr. Khalifa
45 United Submitters International Conference Final Speech by dr Rashad Khalifa 1989,https://www.youtube.com/watch?v=oLFyMIlEPRM,00:40:42.695,00:40:48.316,This is a very known principle in the Quran.,Dr. Khalifa
45 United Submitters International Conference Final Speech by dr Rashad Khalifa 1989,https://www.youtube.com/watch?v=oLFyMIlEPRM,00:40:48.316,00:40:50.577,Susan: May I ask you a question?,Susan
45 United Submitters International Conference Final Speech by dr Rashad Khalifa 1989,https://www.youtube.com/watch?v=oLFyMIlEPRM,00:40:50.577,00:40:55.958,"The messenger: ok, you wanna prove that I made mistakes in this translation and the other translation?",Dr. Khalifa
45 United Submitters International Conference Final Speech by dr Rashad Khalifa 1989,https://www.youtube.com/watch?v=oLFyMIlEPRM,00:40:55.958,00:40:56.991,Susan: No,Susan
45 United Submitters International Conference Final Speech by dr Rashad Khalifa 1989,https://www.youtube.com/watch?v=oLFyMIlEPRM,00:40:56.991,00:40:57.963,"The messenger: Ok, what are you trying to prove?",Dr. Khalifa
45 United Submitters International Conference Final Speech by dr Rashad Khalifa 1989,https://www.youtube.com/watch?v=oLFyMIlEPRM,00:40:57.963,00:41:05.971,"Susan: Dr. Khalifa, please. I was the first one who told all these people that you are the messenger of God.",Susan
45 United Submitters International Conference Final Speech by dr Rashad Khalifa 1989,https://www.youtube.com/watch?v=oLFyMIlEPRM,00:41:05.971,00:41:10.050,"and this can never, no one take it away from you.",Susan
45 United Submitters International Conference Final Speech by dr Rashad Khalifa 1989,https://www.youtube.com/watch?v=oLFyMIlEPRM,00:41:10.050,00:41:18.555,because it is something which is done. You have brought the key to the mathematical code of Quran.,Susan
45 United Submitters International Conference Final Speech by dr Rashad Khalifa 1989,https://www.youtube.com/watch?v=oLFyMIlEPRM,00:41:18.555,00:41:21.795,This is absolutely undiscussable.,Susan
45 United Submitters International Conference Final Speech by dr Rashad Khalifa 1989,https://www.youtube.com/watch?v=oLFyMIlEPRM,00:41:21.795,00:41:22.540,The messenger: but?,Dr. Khalifa
45 United Submitters International Conference Final Speech by dr Rashad Khalifa 1989,https://www.youtube.com/watch?v=oLFyMIlEPRM,00:41:22.540,00:41:28.677,Susan: Ok. I just asked you because this is getting a very very dangerous situation.,Susan
45 United Submitters International Conference Final Speech by dr Rashad Khalifa 1989,https://www.youtube.com/watch?v=oLFyMIlEPRM,00:41:28.677,00:41:45.912,"I was the one about 1986, that I swear, in front of God, that I am going to back you up until my last drop of blood and this I meant it.",Susan
45 United Submitters International Conference Final Speech by dr Rashad Khalifa 1989,https://www.youtube.com/watch?v=oLFyMIlEPRM,00:41:45.912,00:41:57.465,"But, I am going to back up the messenger of God. The messenger means exactly what this message is.",Susan
45 United Submitters International Conference Final Speech by dr Rashad Khalifa 1989,https://www.youtube.com/watch?v=oLFyMIlEPRM,00:41:57.465,00:42:01.355,Your message is absolutely untouchable.,Susan
45 United Submitters International Conference Final Speech by dr Rashad Khalifa 1989,https://www.youtube.com/watch?v=oLFyMIlEPRM,00:42:01.355,00:42:05.332,You are the messenger for that message.,Susan
45 United Submitters International Conference Final Speech by dr Rashad Khalifa 1989,https://www.youtube.com/watch?v=oLFyMIlEPRM,00:42:05.332,00:42:22.587,"But the situation is getting very dangerous because today... today, I was seeing... looking in the last edition of Quran you translated and I found that there was a difference of meaning.",Susan
45 United Submitters International Conference Final Speech by dr Rashad Khalifa 1989,https://www.youtube.com/watch?v=oLFyMIlEPRM,00:42:22.587,00:42:31.761,"And then when I showed this to one person, this person said ""do you know better than he does?""",Susan
45 United Submitters International Conference Final Speech by dr Rashad Khalifa 1989,https://www.youtube.com/watch?v=oLFyMIlEPRM,00:42:31.761,00:42:38.075,Exactly what you were saying that Susan Ray knows better Arabic than I. This is not the point.,Susan
45 United Submitters International Conference Final Speech by dr Rashad Khalifa 1989,https://www.youtube.com/watch?v=oLFyMIlEPRM,00:42:38.075,00:42:44.265,"Because we are human beings. We are able to make mistakes,",Susan
45 United Submitters International Conference Final Speech by dr Rashad Khalifa 1989,https://www.youtube.com/watch?v=oLFyMIlEPRM,00:42:44.265,00:42:53.542,"And this if I am showing, it's because this edition should be corrected too, as you are doing it now.",Susan
45 United Submitters International Conference Final Speech by dr Rashad Khalifa 1989,https://www.youtube.com/watch?v=oLFyMIlEPRM,00:42:53.542,00:43:06.302,"But the person is dangerous, because this person tells me, if you are saying that this is wrong, you are an unbeliever.",Susan
45 United Submitters International Conference Final Speech by dr Rashad Khalifa 1989,https://www.youtube.com/watch?v=oLFyMIlEPRM,00:43:06.302,00:43:11.329,This is the danger that I'm talking about. I'm not criticizing you.,Susan
45 United Submitters International Conference Final Speech by dr Rashad Khalifa 1989,https://www.youtube.com/watch?v=oLFyMIlEPRM,00:43:11.329,00:43:18.756,"This is getting very dangerous, Dr. Khalifa. You have got to do something about this.",Susan
45 United Submitters International Conference Final Speech by dr Rashad Khalifa 1989,https://www.youtube.com/watch?v=oLFyMIlEPRM,00:43:18.756,00:43:25.291,"You are the one who said ""first is the Quran and the messenger is Quran.""",Susan
45 United Submitters International Conference Final Speech by dr Rashad Khalifa 1989,https://www.youtube.com/watch?v=oLFyMIlEPRM,00:43:25.291,00:43:29.555,We have got.... God says that you have one Ummah.,Susan
45 United Submitters International Conference Final Speech by dr Rashad Khalifa 1989,https://www.youtube.com/watch?v=oLFyMIlEPRM,00:43:29.555,00:43:32.462,It means one line and this is this Quran.,Susan
45 United Submitters International Conference Final Speech by dr Rashad Khalifa 1989,https://www.youtube.com/watch?v=oLFyMIlEPRM,00:43:32.462,00:43:38.751,"The messenger: you're dividing it Susan, you're dividing the Ummah and this is... Everybody knows that.",Dr. Khalifa
45 United Submitters International Conference Final Speech by dr Rashad Khalifa 1989,https://www.youtube.com/watch?v=oLFyMIlEPRM,00:43:38.751,00:43:46.144,"You know, if you're really sincere and you're really worried about the message and the messenger,",Dr. Khalifa
45 United Submitters International Conference Final Speech by dr Rashad Khalifa 1989,https://www.youtube.com/watch?v=oLFyMIlEPRM,00:43:46.144,00:43:51.971,"you would come to me and ask me because I'm the one who made that change, if I made it.",Dr. Khalifa
45 United Submitters International Conference Final Speech by dr Rashad Khalifa 1989,https://www.youtube.com/watch?v=oLFyMIlEPRM,00:43:51.971,00:43:53.371,Susan: What change?,Susan
45 United Submitters International Conference Final Speech by dr Rashad Khalifa 1989,https://www.youtube.com/watch?v=oLFyMIlEPRM,00:43:53.371,00:43:57.694,The messenger: Whatever you're asking and showing the person that I made a mistake or I made a change.,Dr. Khalifa
45 United Submitters International Conference Final Speech by dr Rashad Khalifa 1989,https://www.youtube.com/watch?v=oLFyMIlEPRM,00:43:57.694,00:44:04.750,You would come to me and discuss it with me because I'm the only one concerned.,Dr. Khalifa
45 United Submitters International Conference Final Speech by dr Rashad Khalifa 1989,https://www.youtube.com/watch?v=oLFyMIlEPRM,00:44:04.750,00:44:07.173,You're subverting the message.,Dr. Khalifa
45 United Submitters International Conference Final Speech by dr Rashad Khalifa 1989,https://www.youtube.com/watch?v=oLFyMIlEPRM,00:44:07.173,00:44:10.692,You're telling people. You're putting doubts in their hearts.,Dr. Khalifa
45 United Submitters International Conference Final Speech by dr Rashad Khalifa 1989,https://www.youtube.com/watch?v=oLFyMIlEPRM,00:44:10.692,00:44:21.279,"Susan: This is the danger because every time that I said that there might be a mistake, these people, they told me I'm against you. This is ridiculous.",Susan
45 United Submitters International Conference Final Speech by dr Rashad Khalifa 1989,https://www.youtube.com/watch?v=oLFyMIlEPRM,00:44:21.279,00:44:33.019,"The messenger: What is the purpose of telling that there's a mistake, when you could have come to me and then together we could share it with everybody?",Dr. Khalifa
45 United Submitters International Conference Final Speech by dr Rashad Khalifa 1989,https://www.youtube.com/watch?v=oLFyMIlEPRM,00:44:33.019,00:44:35.957,if I am unaware of it.,Dr. Khalifa
45 United Submitters International Conference Final Speech by dr Rashad Khalifa 1989,https://www.youtube.com/watch?v=oLFyMIlEPRM,00:44:35.957,00:44:48.532,"Susan: And last year, I experienced something that I don't want to go through it again because I couldn't speak. Because they were over me. They were thinking I'm your enemy. I'm not your enemy.",Susan
45 United Submitters International Conference Final Speech by dr Rashad Khalifa 1989,https://www.youtube.com/watch?v=oLFyMIlEPRM,00:44:48.532,00:44:54.791,"The messenger: Susan, if you're not following the Quran, the whole Quran, nothing but the Quran,",Dr. Khalifa
45 United Submitters International Conference Final Speech by dr Rashad Khalifa 1989,https://www.youtube.com/watch?v=oLFyMIlEPRM,00:44:54.791,00:45:04.607,"See if you don't... Susan, Susan , last year, you spoke and you said lots of things that I'm not in the Quran. Our principle, our principle here....",Dr. Khalifa
45 United Submitters International Conference Final Speech by dr Rashad Khalifa 1989,https://www.youtube.com/watch?v=oLFyMIlEPRM,00:45:04.607,00:45:06.810,"Susan: We should have discussed, Rashad.",Susan
45 United Submitters International Conference Final Speech by dr Rashad Khalifa 1989,https://www.youtube.com/watch?v=oLFyMIlEPRM,00:45:06.810,00:45:14.458,"The messenger: Our principle here is, if it is not in the Quran, we do not follow it, we do not believe it, if it is not in the Quran. You have to get rid of all those things.",Dr. Khalifa
45 United Submitters International Conference Final Speech by dr Rashad Khalifa 1989,https://www.youtube.com/watch?v=oLFyMIlEPRM,00:45:14.458,00:45:21.555,"Susan: We have got to sit, discuss and show each other if we are out of Quran or we are not.",Susan
45 United Submitters International Conference Final Speech by dr Rashad Khalifa 1989,https://www.youtube.com/watch?v=oLFyMIlEPRM,00:45:27.231,00:45:39.540,"Edip: Susan Ray may have some good points, may have some mistakes. Last year, she insisted on a point. She claimed something very strange",Edip
45 United Submitters International Conference Final Speech by dr Rashad Khalifa 1989,https://www.youtube.com/watch?v=oLFyMIlEPRM,00:45:39.540,00:46:01.052,"that... Last year, we had a discussion, round discussion here with you and one of your claim, that now I remember... can you hear me? One of your claim that I remember now that at the end of 88, somebody will come",Edip
45 United Submitters International Conference Final Speech by dr Rashad Khalifa 1989,https://www.youtube.com/watch?v=oLFyMIlEPRM,00:46:01.052,00:46:06.231,"and from darkness we'll pass through light. Now, I...",Edip
45 United Submitters International Conference Final Speech by dr Rashad Khalifa 1989,https://www.youtube.com/watch?v=oLFyMIlEPRM,00:46:06.231,00:46:08.231,"The messenger: Edip, Edip...",Dr. Khalifa
45 United Submitters International Conference Final Speech by dr Rashad Khalifa 1989,https://www.youtube.com/watch?v=oLFyMIlEPRM,00:46:19.058,00:46:21.160,"Edip: BISM ALLAH, ALRAHMAN, ALRAHIM",Edip
45 United Submitters International Conference Final Speech by dr Rashad Khalifa 1989,https://www.youtube.com/watch?v=oLFyMIlEPRM,00:46:21.160,00:46:29.093,"Edip: Susan, last year we had a discussion and we discussed, on YAWM AL-DDIN (Day of Resurrection)",Edip
45 United Submitters International Conference Final Speech by dr Rashad Khalifa 1989,https://www.youtube.com/watch?v=oLFyMIlEPRM,00:46:29.093,00:46:36.878,"and also, you made some interpretation on Sura AL-Noor (the Light), Light will come, and",Edip
45 United Submitters International Conference Final Speech by dr Rashad Khalifa 1989,https://www.youtube.com/watch?v=oLFyMIlEPRM,00:46:36.878,00:46:46.768,"I received a letter from you in Turkey. When I was in Turkey, you claimed also... I think you claimed here, I don't remember exactly, but",Edip
45 United Submitters International Conference Final Speech by dr Rashad Khalifa 1989,https://www.youtube.com/watch?v=oLFyMIlEPRM,00:46:46.768,00:46:59.040,"I remember that you claimed that you are very sure at the end of 88, these will come. I don't know somebody asked it will come",Edip
45 United Submitters International Conference Final Speech by dr Rashad Khalifa 1989,https://www.youtube.com/watch?v=oLFyMIlEPRM,00:46:59.040,00:47:08.135,"Now, I want to change the subject. I want to ask you ""what has come?"" If it is so important, I want to give you a chance. I will ask",Edip
45 United Submitters International Conference Final Speech by dr Rashad Khalifa 1989,https://www.youtube.com/watch?v=oLFyMIlEPRM,00:47:08.135,00:47:18.851,Rashad to give you a chance. What had come at the end of 88 that should have changed... supposed to be change everything in the Earth?,Edip
45 United Submitters International Conference Final Speech by dr Rashad Khalifa 1989,https://www.youtube.com/watch?v=oLFyMIlEPRM,00:47:20.213,00:47:27.559,"It is a mistake, but you made a lot of trouble at time. You were claiming and you were so...",Edip
45 United Submitters International Conference Final Speech by dr Rashad Khalifa 1989,https://www.youtube.com/watch?v=oLFyMIlEPRM,00:47:27.559,00:47:29.559,Susan: Why trouble?,Susan
45 United Submitters International Conference Final Speech by dr Rashad Khalifa 1989,https://www.youtube.com/watch?v=oLFyMIlEPRM,00:47:31.091,00:47:32.050,"Edip: Yes, we discussed...",Edip
45 United Submitters International Conference Final Speech by dr Rashad Khalifa 1989,https://www.youtube.com/watch?v=oLFyMIlEPRM,00:47:32.050,00:47:37.418,Susan: This is the only place that we have the liberty from God to speak.,Susan
45 United Submitters International Conference Final Speech by dr Rashad Khalifa 1989,https://www.youtube.com/watch?v=oLFyMIlEPRM,00:47:37.418,00:47:38.283,Edip: Sure.,Edip
45 United Submitters International Conference Final Speech by dr Rashad Khalifa 1989,https://www.youtube.com/watch?v=oLFyMIlEPRM,00:47:38.283,00:47:45.543,Susan: And this is what I have hoped that our security would be different from the others.,Susan
45 United Submitters International Conference Final Speech by dr Rashad Khalifa 1989,https://www.youtube.com/watch?v=oLFyMIlEPRM,00:47:45.543,00:47:55.375,"Edip: If this is our vicious idea, if anybody can subject and AYA from Quran. ""This year it begins. I'm sure. You must believe in this.""",Edip
45 United Submitters International Conference Final Speech by dr Rashad Khalifa 1989,https://www.youtube.com/watch?v=oLFyMIlEPRM,00:47:55.375,00:47:56.509,Or I understand...,Edip
45 United Submitters International Conference Final Speech by dr Rashad Khalifa 1989,https://www.youtube.com/watch?v=oLFyMIlEPRM,00:47:56.509,00:48:02.141,"Susan: You tell Susan Ray, I'm not gonna believe what you say. Who's gonna make you?",Susan
45 United Submitters International Conference Final Speech by dr Rashad Khalifa 1989,https://www.youtube.com/watch?v=oLFyMIlEPRM,00:48:02.141,00:48:03.403,Edip: Excuse me?,Edip
45 United Submitters International Conference Final Speech by dr Rashad Khalifa 1989,https://www.youtube.com/watch?v=oLFyMIlEPRM,00:48:03.403,00:48:05.006,"Susan: Who's gonna make you, force you?",Susan
45 United Submitters International Conference Final Speech by dr Rashad Khalifa 1989,https://www.youtube.com/watch?v=oLFyMIlEPRM,00:48:05.006,00:48:06.051,"Edip: Not force, but...",Edip
45 United Submitters International Conference Final Speech by dr Rashad Khalifa 1989,https://www.youtube.com/watch?v=oLFyMIlEPRM,00:48:06.051,00:48:08.562,"The messenger: Edip, I want to get you married.",Dr. Khalifa
45 United Submitters International Conference Final Speech by dr Rashad Khalifa 1989,https://www.youtube.com/watch?v=oLFyMIlEPRM,00:48:09.640,00:48:19.202,"Edip: We are here, must be... must be... must agree on subject and... Thank you.",Edip
45 United Submitters International Conference Final Speech by dr Rashad Khalifa 1989,https://www.youtube.com/watch?v=oLFyMIlEPRM,00:48:27.388,00:48:35.007,The messenger: We're not going to subvert to anything or think behind anybody's back. I want to bring everything out,Dr. Khalifa
45 United Submitters International Conference Final Speech by dr Rashad Khalifa 1989,https://www.youtube.com/watch?v=oLFyMIlEPRM,00:48:35.007,00:48:44.101,"and I want you to know that I love Raymond and Sophie very much and I know they are believers. There are things I worry about them, like I worry about",Dr. Khalifa
45 United Submitters International Conference Final Speech by dr Rashad Khalifa 1989,https://www.youtube.com/watch?v=oLFyMIlEPRM,00:48:44.101,00:48:54.785,"my brother or sister or parents. I just worry, Raymond. You know I love you very much and they know I want you to be in a vanguard",Dr. Khalifa
45 United Submitters International Conference Final Speech by dr Rashad Khalifa 1989,https://www.youtube.com/watch?v=oLFyMIlEPRM,00:48:54.785,00:49:03.993,"of the believers. I see, it is also dangerous because if you are sucked in anything that God does not want you to do,",Dr. Khalifa
45 United Submitters International Conference Final Speech by dr Rashad Khalifa 1989,https://www.youtube.com/watch?v=oLFyMIlEPRM,00:49:03.993,00:49:07.923,"you influence a lot of people around you who may listen to you, also.",Dr. Khalifa
45 United Submitters International Conference Final Speech by dr Rashad Khalifa 1989,https://www.youtube.com/watch?v=oLFyMIlEPRM,00:49:07.923,00:49:15.825,Raymond: I can assure you it took me a lot of struggles in many years to get where I am today. And it will take something far far greater than,Raymond
45 United Submitters International Conference Final Speech by dr Rashad Khalifa 1989,https://www.youtube.com/watch?v=oLFyMIlEPRM,00:49:15.825,00:49:23.955,"Christie or anything to trick me toward evil to get to my soul. My soul, Insha Allah, is going to the one place.",Raymond
45 United Submitters International Conference Final Speech by dr Rashad Khalifa 1989,https://www.youtube.com/watch?v=oLFyMIlEPRM,00:49:29.404,00:49:39.422,"The messenger: This is my hope and I know, Insha Allah, God will help you achieve that. I think I'd better close and maybe leave it to questions",Dr. Khalifa
45 United Submitters International Conference Final Speech by dr Rashad Khalifa 1989,https://www.youtube.com/watch?v=oLFyMIlEPRM,00:49:39.422,00:49:48.800,"but I want to close with a verse in SURA 49 that says... First of all, I'm not a popularity seeker. I don't care if I am all by myself.",Dr. Khalifa
45 United Submitters International Conference Final Speech by dr Rashad Khalifa 1989,https://www.youtube.com/watch?v=oLFyMIlEPRM,00:49:48.800,00:49:55.550,This is... this is God's business. It's  not my business. I have nothing to do to with it. This is God's business.,Dr. Khalifa
45 United Submitters International Conference Final Speech by dr Rashad Khalifa 1989,https://www.youtube.com/watch?v=oLFyMIlEPRM,00:49:55.550,00:50:00.331,"But it is my duty to share with you this verse that says, in SURA 49,",Dr. Khalifa
45 United Submitters International Conference Final Speech by dr Rashad Khalifa 1989,https://www.youtube.com/watch?v=oLFyMIlEPRM,00:50:00.331,00:50:01.593,إِنَّمَا ٱلْمُؤْمِنُونَ,Dr. Khalifa
45 United Submitters International Conference Final Speech by dr Rashad Khalifa 1989,https://www.youtube.com/watch?v=oLFyMIlEPRM,00:50:01.593,00:50:06.544,إِنَّمَا is an exclusion letter meaning the only believers.,Dr. Khalifa
45 United Submitters International Conference Final Speech by dr Rashad Khalifa 1989,https://www.youtube.com/watch?v=oLFyMIlEPRM,00:50:06.544,00:50:07.466,إِنَّمَا ٱلْمُؤْمِنُونَ,Dr. Khalifa
45 United Submitters International Conference Final Speech by dr Rashad Khalifa 1989,https://www.youtube.com/watch?v=oLFyMIlEPRM,00:50:07.466,00:50:09.466,The only believers,Dr. Khalifa
45 United Submitters International Conference Final Speech by dr Rashad Khalifa 1989,https://www.youtube.com/watch?v=oLFyMIlEPRM,00:50:09.466,00:50:12.194,ٱلَّذِينَ ءَامَنُوا۟ بِٱللَّهِ وَرَسُولِهِ,Dr. Khalifa
45 United Submitters International Conference Final Speech by dr Rashad Khalifa 1989,https://www.youtube.com/watch?v=oLFyMIlEPRM,00:50:12.194,00:50:14.478,are those who believe in God and His messenger,Dr. Khalifa
45 United Submitters International Conference Final Speech by dr Rashad Khalifa 1989,https://www.youtube.com/watch?v=oLFyMIlEPRM,00:50:14.478,00:50:16.137,ثُمَّ لَمْ يَرْتَابُوا۟,Dr. Khalifa
45 United Submitters International Conference Final Speech by dr Rashad Khalifa 1989,https://www.youtube.com/watch?v=oLFyMIlEPRM,00:50:16.137,00:50:23.756,"and then harbor no doubts, whatsoever. This is the definition of the believers.",Dr. Khalifa
45 United Submitters International Conference Final Speech by dr Rashad Khalifa 1989,https://www.youtube.com/watch?v=oLFyMIlEPRM,00:50:23.756,00:50:33.126,"Now, because of what is happening in our generation, we have a tremendous responsibility and with it there is tremendous blessings",Dr. Khalifa
45 United Submitters International Conference Final Speech by dr Rashad Khalifa 1989,https://www.youtube.com/watch?v=oLFyMIlEPRM,00:50:33.126,00:50:44.661,"that will include us in the elite of the elite, but also tremendous responsibility that brings the worst disaster.",Dr. Khalifa
45 United Submitters International Conference Final Speech by dr Rashad Khalifa 1989,https://www.youtube.com/watch?v=oLFyMIlEPRM,00:50:44.661,00:50:54.607,"If I'm right in my assessment of Christie and what she told me this morning, and unless she is saved by God's mercy",Dr. Khalifa
45 United Submitters International Conference Final Speech by dr Rashad Khalifa 1989,https://www.youtube.com/watch?v=oLFyMIlEPRM,00:50:54.607,00:51:03.904,"She will be the sorriest person on the Day of Judgment because she came so close. This coming very close, they being in the same room",Dr. Khalifa
45 United Submitters International Conference Final Speech by dr Rashad Khalifa 1989,https://www.youtube.com/watch?v=oLFyMIlEPRM,00:51:03.904,00:51:12.771,"with God's message and God's messenger listening and witnessing. And on the Day of Judgement, we see this in SURA 57,",Dr. Khalifa
45 United Submitters International Conference Final Speech by dr Rashad Khalifa 1989,https://www.youtube.com/watch?v=oLFyMIlEPRM,00:51:12.771,00:51:22.092,"I'm going to read this quick. I mean, have you ask the questions. When you come so close, it is very dangerous.",Dr. Khalifa
45 United Submitters International Conference Final Speech by dr Rashad Khalifa 1989,https://www.youtube.com/watch?v=oLFyMIlEPRM,00:51:22.092,00:51:29.032,There are only two extremes in this room. There are only two extremes. The extremely fortunate,Dr. Khalifa
45 United Submitters International Conference Final Speech by dr Rashad Khalifa 1989,https://www.youtube.com/watch?v=oLFyMIlEPRM,00:51:29.032,00:51:31.486,(41:35) وَمَا يُلَقَّىٰهَآ إِلَّا ذُو حَظٍّ عَظِيمٍۢ,Dr. Khalifa
45 United Submitters International Conference Final Speech by dr Rashad Khalifa 1989,https://www.youtube.com/watch?v=oLFyMIlEPRM,00:51:31.486,00:51:34.621,Those who are fantastically fortunate.,Dr. Khalifa
45 United Submitters International Conference Final Speech by dr Rashad Khalifa 1989,https://www.youtube.com/watch?v=oLFyMIlEPRM,00:51:34.621,00:51:48.142,And then there is the worst disbelievers. There is no in-between in this room. You're gonna go either to the top or to the bottom and it is your neck.,Dr. Khalifa
45 United Submitters International Conference Final Speech by dr Rashad Khalifa 1989,https://www.youtube.com/watch?v=oLFyMIlEPRM,00:51:48.142,00:51:56.441,The truth is evident and falsehood is evident and you make the choice. I'm not interested in numbers or popularity or how many,Dr. Khalifa
45 United Submitters International Conference Final Speech by dr Rashad Khalifa 1989,https://www.youtube.com/watch?v=oLFyMIlEPRM,00:51:56.441,00:52:08.430,billions. I really... I really don't care. I'm amazed how many people are believing. I'm amazed! I'm gratified and I'm very happy.,Dr. Khalifa
45 United Submitters International Conference Final Speech by dr Rashad Khalifa 1989,https://www.youtube.com/watch?v=oLFyMIlEPRM,00:52:08.430,00:52:22.689,"SURA 57, starting at verse 13, ""On that day"" on the Day of Judgement ""the hypocrite men and women""",Dr. Khalifa
45 United Submitters International Conference Final Speech by dr Rashad Khalifa 1989,https://www.youtube.com/watch?v=oLFyMIlEPRM,00:52:22.689,00:52:28.524,"These are hypocrite meaning people who claim to believe but in their hearts, they're not believers.",Dr. Khalifa
45 United Submitters International Conference Final Speech by dr Rashad Khalifa 1989,https://www.youtube.com/watch?v=oLFyMIlEPRM,00:52:28.524,00:52:38.186,"""the hypocrite men and women will say to those who believed,"" will say to the elite of the elite. ""Please allow us to absorb some of your light.""",Dr. Khalifa
45 United Submitters International Conference Final Speech by dr Rashad Khalifa 1989,https://www.youtube.com/watch?v=oLFyMIlEPRM,00:52:38.186,00:52:45.813,"In other words, we need energy. We need food. We're hungry. Give us some of your food, some energy, some light.",Dr. Khalifa
45 United Submitters International Conference Final Speech by dr Rashad Khalifa 1989,https://www.youtube.com/watch?v=oLFyMIlEPRM,00:52:45.813,00:52:59.561,"It will be said, ""Go back behind you, and seek light."" A barrier will be set up between them, whose gate separates mercy on the inner side, from retribution on the outer side.",Dr. Khalifa
45 United Submitters International Conference Final Speech by dr Rashad Khalifa 1989,https://www.youtube.com/watch?v=oLFyMIlEPRM,00:52:59.561,00:53:08.770,"[57:14]  They will call upon them, ""Were we not with you?"" Remember that day in Oracle, we were all sitting in the same meeting hall.",Dr. Khalifa
45 United Submitters International Conference Final Speech by dr Rashad Khalifa 1989,https://www.youtube.com/watch?v=oLFyMIlEPRM,00:53:08.770,00:53:10.770,"""Were we not with you?""",Dr. Khalifa
45 United Submitters International Conference Final Speech by dr Rashad Khalifa 1989,https://www.youtube.com/watch?v=oLFyMIlEPRM,00:53:12.700,00:53:30.000,"And ""They will answer, ""Yes"" You were with us. ""but you cheated your souls, hesitated, doubted, and became misled by wishful thinking,""",Dr. Khalifa
45 United Submitters International Conference Final Speech by dr Rashad Khalifa 1989,https://www.youtube.com/watch?v=oLFyMIlEPRM,00:53:30.000,00:53:37.449,"""until GOD's judgment came. You were diverted from GOD by illusions.""",Dr. Khalifa
45 United Submitters International Conference Final Speech by dr Rashad Khalifa 1989,https://www.youtube.com/watch?v=oLFyMIlEPRM,00:53:37.449,00:53:43.479,"So, you don't... just by being here doesn't mean you're gonna make it to the elite of the elite.",Dr. Khalifa
45 United Submitters International Conference Final Speech by dr Rashad Khalifa 1989,https://www.youtube.com/watch?v=oLFyMIlEPRM,00:53:43.479,00:53:57.228,God does not want wishy-washies or doubtful people. God wants solid believers. I know them and you know them. But,Dr. Khalifa
45 United Submitters International Conference Final Speech by dr Rashad Khalifa 1989,https://www.youtube.com/watch?v=oLFyMIlEPRM,00:53:57.228,00:54:04.052,They're people that are not very much and I want them all to be the elite of the elite. I want you all to be the elite of the elite.,Dr. Khalifa
45 United Submitters International Conference Final Speech by dr Rashad Khalifa 1989,https://www.youtube.com/watch?v=oLFyMIlEPRM,00:54:04.052,00:54:15.871,And I want to end this preach with a happy note that in this hall here exist the most important people on Earth.,Dr. Khalifa
45 United Submitters International Conference Final Speech by dr Rashad Khalifa 1989,https://www.youtube.com/watch?v=oLFyMIlEPRM,00:54:15.871,00:54:24.852,"And the most important people in the Hereafter for eternity, the elite of the elite and I congratulate you from my heart.",Dr. Khalifa
45 United Submitters International Conference Final Speech by dr Rashad Khalifa 1989,https://www.youtube.com/watch?v=oLFyMIlEPRM,00:54:24.852,00:54:31.336,Congratulations! Are there any questions or discussions? Can we give it 10 minutes Ismail?,Dr. Khalifa
45 United Submitters International Conference Final Speech by dr Rashad Khalifa 1989,https://www.youtube.com/watch?v=oLFyMIlEPRM,00:54:31.336,00:54:32.428,Ismail: Yeah.,Ismail
45 United Submitters International Conference Final Speech by dr Rashad Khalifa 1989,https://www.youtube.com/watch?v=oLFyMIlEPRM,00:54:32.428,00:54:45.000,"We have 10 minutes. If there are any objections, complaints. Anything unclear. Cecilia.",Ismail
45 United Submitters International Conference Final Speech by dr Rashad Khalifa 1989,https://www.youtube.com/watch?v=oLFyMIlEPRM,00:54:48.349,00:55:19.797,Cecilia: Salãmun ‘Alaykum everyone. I will start. Yesterday... yesterday Mohammad came in and he said that he saw his son going down this direction and we know to pray this way and I told him I was not sure of his... you know we pray this way. I asked him to see that.,Cecilia
45 United Submitters International Conference Final Speech by dr Rashad Khalifa 1989,https://www.youtube.com/watch?v=oLFyMIlEPRM,00:55:19.797,00:55:22.340,The messenger: Ok. Let me save time. Let me save time.,Dr. Khalifa
45 United Submitters International Conference Final Speech by dr Rashad Khalifa 1989,https://www.youtube.com/watch?v=oLFyMIlEPRM,00:55:22.340,00:55:25.872,"Cecilia: and then today this morning, the same subject came up.",Cecilia
45 United Submitters International Conference Final Speech by dr Rashad Khalifa 1989,https://www.youtube.com/watch?v=oLFyMIlEPRM,00:55:25.872,00:55:31.448,The messenger: Yeah. Let me save time. I'll tell you what the deal is. You can fly this way and go to Mecca. You can also fly this way,Dr. Khalifa
45 United Submitters International Conference Final Speech by dr Rashad Khalifa 1989,https://www.youtube.com/watch?v=oLFyMIlEPRM,00:55:31.448,00:55:38.499,"and go to Mecca. So, both directions are correct. I'm aware that this is west. But especially, here on the west coast",Dr. Khalifa
45 United Submitters International Conference Final Speech by dr Rashad Khalifa 1989,https://www.youtube.com/watch?v=oLFyMIlEPRM,00:55:38.499,00:55:46.459,"we can go this way. It's perfectly alright. However, if you go that way, you face the kitchen and the noise. You face this way, you're facing",Dr. Khalifa
45 United Submitters International Conference Final Speech by dr Rashad Khalifa 1989,https://www.youtube.com/watch?v=oLFyMIlEPRM,00:55:46.459,00:55:49.310,"the stage. So, it's OK. Don't worry.",Dr. Khalifa
45 United Submitters International Conference Final Speech by dr Rashad Khalifa 1989,https://www.youtube.com/watch?v=oLFyMIlEPRM,00:55:49.310,00:55:51.310,(2:115) فَأَيْنَمَا تُوَلُّوا۟ فَثَمَّ وَجْهُ ٱللَّهِ,Dr. Khalifa
45 United Submitters International Conference Final Speech by dr Rashad Khalifa 1989,https://www.youtube.com/watch?v=oLFyMIlEPRM,00:55:51.310,00:55:53.310,God says. Wherever you pray,Dr. Khalifa
45 United Submitters International Conference Final Speech by dr Rashad Khalifa 1989,https://www.youtube.com/watch?v=oLFyMIlEPRM,00:55:53.310,00:55:57.959,"Wherever you pray, there is the presence of God.",Dr. Khalifa
45 United Submitters International Conference Final Speech by dr Rashad Khalifa 1989,https://www.youtube.com/watch?v=oLFyMIlEPRM,00:55:57.959,00:56:00.236,Other issue?,Dr. Khalifa
45 United Submitters International Conference Final Speech by dr Rashad Khalifa 1989,https://www.youtube.com/watch?v=oLFyMIlEPRM,00:56:01.453,00:56:02.670,Edip: Rashad,Edip
45 United Submitters International Conference Final Speech by dr Rashad Khalifa 1989,https://www.youtube.com/watch?v=oLFyMIlEPRM,00:56:02.670,00:56:03.932,The messenger: Edip,Dr. Khalifa
45 United Submitters International Conference Final Speech by dr Rashad Khalifa 1989,https://www.youtube.com/watch?v=oLFyMIlEPRM,00:56:03.932,00:56:05.932,Edip: It's not a question,Edip
45 United Submitters International Conference Final Speech by dr Rashad Khalifa 1989,https://www.youtube.com/watch?v=oLFyMIlEPRM,00:56:13.367,00:56:17.102,The messenger: Am I gonna marry you here or over there? That's my question.,Dr. Khalifa
45 United Submitters International Conference Final Speech by dr Rashad Khalifa 1989,https://www.youtube.com/watch?v=oLFyMIlEPRM,00:56:17.102,00:56:19.102,Edip: Here but the ceremony will be there.,Edip
45 United Submitters International Conference Final Speech by dr Rashad Khalifa 1989,https://www.youtube.com/watch?v=oLFyMIlEPRM,00:56:19.102,00:56:24.833,The messenger: OK. We're gonna have the wedding ceremony here and the reception in the... what's name of the place?,Dr. Khalifa
45 United Submitters International Conference Final Speech by dr Rashad Khalifa 1989,https://www.youtube.com/watch?v=oLFyMIlEPRM,00:56:24.833,00:56:26.872,recreation hall,Dr. Khalifa
45 United Submitters International Conference Final Speech by dr Rashad Khalifa 1989,https://www.youtube.com/watch?v=oLFyMIlEPRM,00:56:26.872,00:56:29.610,Where's the bride? Where's the bride?,Dr. Khalifa
45 United Submitters International Conference Final Speech by dr Rashad Khalifa 1989,https://www.youtube.com/watch?v=oLFyMIlEPRM,00:56:29.610,00:56:30.531,Outside.,Dr. Khalifa
45 United Submitters International Conference Final Speech by dr Rashad Khalifa 1989,https://www.youtube.com/watch?v=oLFyMIlEPRM,00:56:30.531,00:56:33.320,"Rashad, she went back to the house",Dr. Khalifa
45 United Submitters International Conference Final Speech by dr Rashad Khalifa 1989,https://www.youtube.com/watch?v=oLFyMIlEPRM,00:56:39.620,00:56:40.981,The conference chairman is go...,Dr. Khalifa
