Video Title,Link,Start Time,End Time,Text,Speaker
05 Principles of Contact Prayers Salat,https://www.youtube.com/watch?v=tbxOH3KNOvA,00:02:30.000,00:02:35.700,"BISM ALLAH ARRAHMAN ARRAHIM
My dear lucky viewers, Al-Salaamu ‘Alaykum",
05 Principles of Contact Prayers Salat,https://www.youtube.com/watch?v=tbxOH3KNOvA,00:02:35.700,00:02:42.239,"This tape will present to you how to observe
the Contact Prayer, the Salat.",
05 Principles of Contact Prayers Salat,https://www.youtube.com/watch?v=tbxOH3KNOvA,00:02:42.239,00:02:49.379,"And you are very lucky because you are trying
to learn how to make contact with your creator,",
05 Principles of Contact Prayers Salat,https://www.youtube.com/watch?v=tbxOH3KNOvA,00:02:49.379,00:02:51.680,which is the greatest of all worships.,
05 Principles of Contact Prayers Salat,https://www.youtube.com/watch?v=tbxOH3KNOvA,00:02:52.403,00:02:56.980,"In this tape, I will explain to you the meaning
of the word Salat.",
05 Principles of Contact Prayers Salat,https://www.youtube.com/watch?v=tbxOH3KNOvA,00:02:56.980,00:02:59.711,You already heard me call it contact.,
05 Principles of Contact Prayers Salat,https://www.youtube.com/watch?v=tbxOH3KNOvA,00:02:59.711,00:03:05.060,"The word Salat (‏صلاة) is an Arabic
word derived from the root Silah (صلة),",
05 Principles of Contact Prayers Salat,https://www.youtube.com/watch?v=tbxOH3KNOvA,00:03:05.060,00:03:11.499,"which means connection or contact. So, when
you observe the Salat prayers, you make contact",
05 Principles of Contact Prayers Salat,https://www.youtube.com/watch?v=tbxOH3KNOvA,00:03:11.499,00:03:12.680,with your creator.,
05 Principles of Contact Prayers Salat,https://www.youtube.com/watch?v=tbxOH3KNOvA,00:03:12.680,00:03:16.620,It is wrong to translate it as pray.,
05 Principles of Contact Prayers Salat,https://www.youtube.com/watch?v=tbxOH3KNOvA,00:03:16.620,00:03:23.018,"As a Muslim, when you tell somebody “I pray
five times a day”, that is the wrong expression,",
05 Principles of Contact Prayers Salat,https://www.youtube.com/watch?v=tbxOH3KNOvA,00:03:23.018,00:03:26.730,"because other people can tell you “I pray
all day.”",
05 Principles of Contact Prayers Salat,https://www.youtube.com/watch?v=tbxOH3KNOvA,00:03:26.730,00:03:34.269,"The correct expression for the Muslim is “I
make contact with my creator five times a",
05 Principles of Contact Prayers Salat,https://www.youtube.com/watch?v=tbxOH3KNOvA,00:03:34.269,00:03:35.269,day.”,
05 Principles of Contact Prayers Salat,https://www.youtube.com/watch?v=tbxOH3KNOvA,00:03:35.269,00:03:37.870,This is the meaning of Salat.,
05 Principles of Contact Prayers Salat,https://www.youtube.com/watch?v=tbxOH3KNOvA,00:03:37.870,00:03:44.450,"In this program, I will present to you where
the Salat commandment comes from.",
05 Principles of Contact Prayers Salat,https://www.youtube.com/watch?v=tbxOH3KNOvA,00:03:44.450,00:03:50.238,"The Contact Prayer is mention in the Quran
more than seventy times.",
05 Principles of Contact Prayers Salat,https://www.youtube.com/watch?v=tbxOH3KNOvA,00:03:50.238,00:03:58.999,"And I will show you the crucial verses, like
where the times of Contact Prayers are mentioned",
05 Principles of Contact Prayers Salat,https://www.youtube.com/watch?v=tbxOH3KNOvA,00:03:58.999,00:04:00.543,in the Quran.,
05 Principles of Contact Prayers Salat,https://www.youtube.com/watch?v=tbxOH3KNOvA,00:04:00.543,00:04:06.209,"Then, I will go on to explain to you the source
of the Contact Prayers.",
05 Principles of Contact Prayers Salat,https://www.youtube.com/watch?v=tbxOH3KNOvA,00:04:06.209,00:04:12.660,"When was the first time that the contact commandment
came to us from God? And how did it come to",
05 Principles of Contact Prayers Salat,https://www.youtube.com/watch?v=tbxOH3KNOvA,00:04:12.660,00:04:16.395,our generation? I will explain this to you.,
05 Principles of Contact Prayers Salat,https://www.youtube.com/watch?v=tbxOH3KNOvA,00:04:16.395,00:04:22.230,"Then, I will move on to explain why does God
want us to establish contact with Him.",
05 Principles of Contact Prayers Salat,https://www.youtube.com/watch?v=tbxOH3KNOvA,00:04:22.230,00:04:27.620,"Why did God command us to observe the Contact
Prayers five times a day?",
05 Principles of Contact Prayers Salat,https://www.youtube.com/watch?v=tbxOH3KNOvA,00:04:27.620,00:04:29.392,What is the reason?,
05 Principles of Contact Prayers Salat,https://www.youtube.com/watch?v=tbxOH3KNOvA,00:04:29.392,00:04:34.630,"Does God need the Contact Prayers, or do we
need the Contact Prayers?",
05 Principles of Contact Prayers Salat,https://www.youtube.com/watch?v=tbxOH3KNOvA,00:04:34.630,00:04:42.950,"After this, I will go on to explain every aspect
of the Contact Prayer.",
05 Principles of Contact Prayers Salat,https://www.youtube.com/watch?v=tbxOH3KNOvA,00:04:42.950,00:04:47.950,"I’m gonna start with the call for the
Contact Prayer, the Azan (أَذَان).",
05 Principles of Contact Prayers Salat,https://www.youtube.com/watch?v=tbxOH3KNOvA,00:04:47.950,00:04:52.230,"I will go through the details, even the historical
development of it.",
05 Principles of Contact Prayers Salat,https://www.youtube.com/watch?v=tbxOH3KNOvA,00:04:52.230,00:04:57.684,"I will show you how the words are written
in English, the English transliteration.",
05 Principles of Contact Prayers Salat,https://www.youtube.com/watch?v=tbxOH3KNOvA,00:04:57.684,00:05:03.410,"Then, I will go on to the preparation for the
Contact Prayers, which is called Wuḍū (وضوء‎)",
05 Principles of Contact Prayers Salat,https://www.youtube.com/watch?v=tbxOH3KNOvA,00:05:03.410,00:05:05.060,or ablution.,
05 Principles of Contact Prayers Salat,https://www.youtube.com/watch?v=tbxOH3KNOvA,00:05:05.060,00:05:08.100,"And of course, my sources are always the Quran.",
05 Principles of Contact Prayers Salat,https://www.youtube.com/watch?v=tbxOH3KNOvA,00:05:08.100,00:05:14.270,"There's only one source, and it is this book
right here, the Quran.",
05 Principles of Contact Prayers Salat,https://www.youtube.com/watch?v=tbxOH3KNOvA,00:05:14.270,00:05:18.220,"God’s message to you, to me and to the whole
world.",
05 Principles of Contact Prayers Salat,https://www.youtube.com/watch?v=tbxOH3KNOvA,00:05:18.220,00:05:21.119,This is God’s final message to the world.,
05 Principles of Contact Prayers Salat,https://www.youtube.com/watch?v=tbxOH3KNOvA,00:05:21.119,00:05:25.500,"And this is our source, the only source.",
05 Principles of Contact Prayers Salat,https://www.youtube.com/watch?v=tbxOH3KNOvA,00:05:36.520,00:05:41.829,"I will show you where the Wuḍū is mentioned
in Quran and what the details are.",
05 Principles of Contact Prayers Salat,https://www.youtube.com/watch?v=tbxOH3KNOvA,00:05:41.829,00:05:46.274,"Then, I will demonstrate for you how to do
the Wuḍū.",
05 Principles of Contact Prayers Salat,https://www.youtube.com/watch?v=tbxOH3KNOvA,00:05:46.274,00:05:52.359,"And I will move on from there to demonstrate
for you and describe in detail how to do the",
05 Principles of Contact Prayers Salat,https://www.youtube.com/watch?v=tbxOH3KNOvA,00:05:52.359,00:05:55.872,five daily Contact Prayers.,
05 Principles of Contact Prayers Salat,https://www.youtube.com/watch?v=tbxOH3KNOvA,00:05:55.872,00:06:03.740,"The Morning Contact, the Noon Contact
Prayer, the afternoon, the sunset, and the",
05 Principles of Contact Prayers Salat,https://www.youtube.com/watch?v=tbxOH3KNOvA,00:06:03.740,00:06:04.910,night Contact Prayer.,
05 Principles of Contact Prayers Salat,https://www.youtube.com/watch?v=tbxOH3KNOvA,00:06:04.910,00:06:13.650,"I will explain also some of the fine details
of... for example, what happens when you miss",
05 Principles of Contact Prayers Salat,https://www.youtube.com/watch?v=tbxOH3KNOvA,00:06:13.650,00:06:16.540,part of the Contact Prayer in a group.,
05 Principles of Contact Prayers Salat,https://www.youtube.com/watch?v=tbxOH3KNOvA,00:06:16.540,00:06:21.470,"You're going to the mosque and you see a group of
people praying, you come in late, what to do?",
05 Principles of Contact Prayers Salat,https://www.youtube.com/watch?v=tbxOH3KNOvA,00:06:21.470,00:06:24.240,And some other fine detail.,
05 Principles of Contact Prayers Salat,https://www.youtube.com/watch?v=tbxOH3KNOvA,00:06:24.240,00:06:30.320,"So, I hope this will cover everything you need
to know about the Contact Prayer.",
05 Principles of Contact Prayers Salat,https://www.youtube.com/watch?v=tbxOH3KNOvA,00:06:30.320,00:06:33.300,The most important worship in Islam.,
05 Principles of Contact Prayers Salat,https://www.youtube.com/watch?v=tbxOH3KNOvA,00:07:06.340,00:07:13.260,"You heard me say that the Contact Prayers
must be observed five times every day.",
05 Principles of Contact Prayers Salat,https://www.youtube.com/watch?v=tbxOH3KNOvA,00:07:13.260,00:07:18.439,"Okay, where in the Quran do you find these
five times?",
05 Principles of Contact Prayers Salat,https://www.youtube.com/watch?v=tbxOH3KNOvA,00:07:18.439,00:07:22.020,They are specifically defined in the Quran.,
05 Principles of Contact Prayers Salat,https://www.youtube.com/watch?v=tbxOH3KNOvA,00:07:22.020,00:07:29.020,"For example, in Sura number 11, AYA
or verse number 114,",
05 Principles of Contact Prayers Salat,https://www.youtube.com/watch?v=tbxOH3KNOvA,00:07:29.020,00:07:32.990,we see three times of Contact Prayers.,
05 Principles of Contact Prayers Salat,https://www.youtube.com/watch?v=tbxOH3KNOvA,00:07:32.990,00:07:39.710,"This is what the verse says “You shall
observe the Contact Prayers at both ends of",
05 Principles of Contact Prayers Salat,https://www.youtube.com/watch?v=tbxOH3KNOvA,00:07:39.710,00:07:42.670,"the day, and at night.”",
05 Principles of Contact Prayers Salat,https://www.youtube.com/watch?v=tbxOH3KNOvA,00:07:42.670,00:07:45.270,"So, here you have three prayer.",
05 Principles of Contact Prayers Salat,https://www.youtube.com/watch?v=tbxOH3KNOvA,00:07:45.270,00:07:51.400,"At both ends of the day, this is the Morning
Prayer and the Sunset Prayer.",
05 Principles of Contact Prayers Salat,https://www.youtube.com/watch?v=tbxOH3KNOvA,00:07:51.400,00:07:59.050,"The Morning Prayer is before sunrise and the
Sunset Prayer is immediately after sunset.",
05 Principles of Contact Prayers Salat,https://www.youtube.com/watch?v=tbxOH3KNOvA,00:07:59.050,00:08:03.560,"And of course, the Night prayer is the last
prayer of the day.",
05 Principles of Contact Prayers Salat,https://www.youtube.com/watch?v=tbxOH3KNOvA,00:08:03.560,00:08:09.164,"So, here in this verse, we have three prayers.
We are commanded to do these three prayers.",
05 Principles of Contact Prayers Salat,https://www.youtube.com/watch?v=tbxOH3KNOvA,00:08:09.164,00:08:12.460,"The Morning, the Sunset and the Night.",
05 Principles of Contact Prayers Salat,https://www.youtube.com/watch?v=tbxOH3KNOvA,00:08:12.460,00:08:20.970,"Now, the Noon Prayer is mentioned in Sura
number 17, verse number 78",
05 Principles of Contact Prayers Salat,https://www.youtube.com/watch?v=tbxOH3KNOvA,00:08:20.970,00:08:26.810,"where it says “You shall observe
the Contact Prayer when the sun begins to",
05 Principles of Contact Prayers Salat,https://www.youtube.com/watch?v=tbxOH3KNOvA,00:08:26.810,00:08:31.310,decline from the highest point at noon.”,
05 Principles of Contact Prayers Salat,https://www.youtube.com/watch?v=tbxOH3KNOvA,00:08:31.310,00:08:38.139,"So, this is a very specific description of
the time of the Contact Prayer at noon.",
05 Principles of Contact Prayers Salat,https://www.youtube.com/watch?v=tbxOH3KNOvA,00:08:38.139,00:08:44.183,"As soon as the sun begins to decline from
its highest spot of the day at noon, you observe",
05 Principles of Contact Prayers Salat,https://www.youtube.com/watch?v=tbxOH3KNOvA,00:08:44.183,00:08:46.796,the Noon Contact Prayer.,
05 Principles of Contact Prayers Salat,https://www.youtube.com/watch?v=tbxOH3KNOvA,00:08:46.796,00:08:55.666,"This is Sura 17, verse 78. It says exactly the time of the Contact Prayer at noon.",
05 Principles of Contact Prayers Salat,https://www.youtube.com/watch?v=tbxOH3KNOvA,00:08:55.666,00:09:00.379,"So, now we see the Morning Prayer, the Noon Prayer,",
05 Principles of Contact Prayers Salat,https://www.youtube.com/watch?v=tbxOH3KNOvA,00:09:00.379,00:09:03.050,"the Sunset Prayer, and the Night Prayer.",
05 Principles of Contact Prayers Salat,https://www.youtube.com/watch?v=tbxOH3KNOvA,00:09:03.050,00:09:07.660,"Well, this accounts for 4 of the prayers.
Where is the fifth one?",
05 Principles of Contact Prayers Salat,https://www.youtube.com/watch?v=tbxOH3KNOvA,00:09:07.660,00:09:13.009,"We find the fifth prayer mentioned in
Sura number 2, AYA or verse number",
05 Principles of Contact Prayers Salat,https://www.youtube.com/watch?v=tbxOH3KNOvA,00:09:13.009,00:09:17.839,"238), two three eight, where it says “You shall observe",
05 Principles of Contact Prayers Salat,https://www.youtube.com/watch?v=tbxOH3KNOvA,00:09:17.839,00:09:22.660,"all the Contact Prayers, especially the middle
prayer.”",
05 Principles of Contact Prayers Salat,https://www.youtube.com/watch?v=tbxOH3KNOvA,00:09:22.660,00:09:27.119,The middle contact prayer has to be the Afternoon Prayer because we have the Morning,
05 Principles of Contact Prayers Salat,https://www.youtube.com/watch?v=tbxOH3KNOvA,00:09:27.119,00:09:31.074,"Prayer, the Noon
Prayer, the Sunset Prayer, and the Night Prayer.",
05 Principles of Contact Prayers Salat,https://www.youtube.com/watch?v=tbxOH3KNOvA,00:09:31.074,00:09:34.639,"These two prayers here and two prayers
here, so the middle prayer will be",
05 Principles of Contact Prayers Salat,https://www.youtube.com/watch?v=tbxOH3KNOvA,00:09:34.639,00:09:36.220,the Afternoon Prayer.,
05 Principles of Contact Prayers Salat,https://www.youtube.com/watch?v=tbxOH3KNOvA,00:09:36.220,00:09:41.760,"So, there you have it, all 5 Contact
Prayers mentioned in the Quran.",
05 Principles of Contact Prayers Salat,https://www.youtube.com/watch?v=tbxOH3KNOvA,00:09:41.760,00:09:47.959,"By the way, the Morning Prayer and the
Night Contact Prayer are mentioned by name",
05 Principles of Contact Prayers Salat,https://www.youtube.com/watch?v=tbxOH3KNOvA,00:09:47.959,00:09:52.525,in verse 58 of Sura 24.,
05 Principles of Contact Prayers Salat,https://www.youtube.com/watch?v=tbxOH3KNOvA,00:09:52.525,00:09:55.040,"Sura 24, the verse is 58.",
05 Principles of Contact Prayers Salat,https://www.youtube.com/watch?v=tbxOH3KNOvA,00:09:55.040,00:10:01.149,"It talks about Salat Al-fajr (صلاة الفجر‎).
This is the Morning Contact Prayer, and Salat",
05 Principles of Contact Prayers Salat,https://www.youtube.com/watch?v=tbxOH3KNOvA,00:10:01.149,00:10:05.056,"Al-isha (صلاة العشاء). This is the
Night Contact Prayer.",
05 Principles of Contact Prayers Salat,https://www.youtube.com/watch?v=tbxOH3KNOvA,00:10:05.056,00:10:12.000,"So, all five times of the Contact Prayers are
decreed in the Quran.",
05 Principles of Contact Prayers Salat,https://www.youtube.com/watch?v=tbxOH3KNOvA,00:12:10.327,00:12:17.749,"And now I would like to discuss with you the
source, the original source, of the Contact Prayers.",
05 Principles of Contact Prayers Salat,https://www.youtube.com/watch?v=tbxOH3KNOvA,00:12:17.749,00:12:25.636,"When you look in the Quran, you will notice
that before Abraham, there was no mention of",
05 Principles of Contact Prayers Salat,https://www.youtube.com/watch?v=tbxOH3KNOvA,00:12:25.636,00:12:28.970,"the Contact Prayers, the Salat.",
05 Principles of Contact Prayers Salat,https://www.youtube.com/watch?v=tbxOH3KNOvA,00:12:28.970,00:12:34.199,"You notice that Noah was telling his people
to just believe in God and ask His forgiveness,",
05 Principles of Contact Prayers Salat,https://www.youtube.com/watch?v=tbxOH3KNOvA,00:12:34.199,00:12:38.640,"but there is no mention of the Contact Prayers
before Abraham.",
05 Principles of Contact Prayers Salat,https://www.youtube.com/watch?v=tbxOH3KNOvA,00:12:38.640,00:12:45.509,"So, the original source of the Contact Prayers
is the prophet Abraham who is the father,",
05 Principles of Contact Prayers Salat,https://www.youtube.com/watch?v=tbxOH3KNOvA,00:12:45.509,00:12:47.629,the founder of Islam.,
05 Principles of Contact Prayers Salat,https://www.youtube.com/watch?v=tbxOH3KNOvA,00:12:47.629,00:12:53.800,"And we see this very clearly in Sura number 22, verse number 78,",
05 Principles of Contact Prayers Salat,https://www.youtube.com/watch?v=tbxOH3KNOvA,00:12:53.800,00:12:57.484,the last verse of Sura number 22.,
05 Principles of Contact Prayers Salat,https://www.youtube.com/watch?v=tbxOH3KNOvA,00:12:57.484,00:13:02.726,"We also see it in Sura 21, verse 73",
05 Principles of Contact Prayers Salat,https://www.youtube.com/watch?v=tbxOH3KNOvA,00:13:02.726,00:13:11.610,"where we learn that the Contact Prayers were
given to Abraham, as the original founder",
05 Principles of Contact Prayers Salat,https://www.youtube.com/watch?v=tbxOH3KNOvA,00:13:11.610,00:13:13.095,of Islam.,
05 Principles of Contact Prayers Salat,https://www.youtube.com/watch?v=tbxOH3KNOvA,00:13:13.095,00:13:18.529,"And we see in Sura 16, verse number 123 that the prophet",
05 Principles of Contact Prayers Salat,https://www.youtube.com/watch?v=tbxOH3KNOvA,00:13:18.529,00:13:21.439,Muhammad followed the ways of Abraham.,
05 Principles of Contact Prayers Salat,https://www.youtube.com/watch?v=tbxOH3KNOvA,00:13:21.439,00:13:27.538,"And then we see in Sura number 8
verses 33 to 35,",
05 Principles of Contact Prayers Salat,https://www.youtube.com/watch?v=tbxOH3KNOvA,00:13:27.538,00:13:33.279,"and in Sura 9, verse 54,
we see that the Salat, the Contact Prayers,",
05 Principles of Contact Prayers Salat,https://www.youtube.com/watch?v=tbxOH3KNOvA,00:13:33.279,00:13:36.953,were practiced before the prophet Muhammad.,
05 Principles of Contact Prayers Salat,https://www.youtube.com/watch?v=tbxOH3KNOvA,00:13:36.953,00:13:42.588,"So, all these... you know, a lot of people
are under the erroneous impression that the",
05 Principles of Contact Prayers Salat,https://www.youtube.com/watch?v=tbxOH3KNOvA,00:13:42.588,00:13:47.740,"prophet Muhammad brought these practices,
but they came through prophet Abraham, and this",
05 Principles of Contact Prayers Salat,https://www.youtube.com/watch?v=tbxOH3KNOvA,00:13:47.740,00:13:53.339,"is why we do not see the details of how many
units per prayer and these kind of details,",
05 Principles of Contact Prayers Salat,https://www.youtube.com/watch?v=tbxOH3KNOvA,00:13:53.339,00:13:55.190,we do not find it in the Quran.,
05 Principles of Contact Prayers Salat,https://www.youtube.com/watch?v=tbxOH3KNOvA,00:13:55.190,00:14:00.000,"Although the Quran is complete, perfect, and
fully detailed.",
05 Principles of Contact Prayers Salat,https://www.youtube.com/watch?v=tbxOH3KNOvA,00:14:00.000,00:14:07.110,"So, the reason the details of the Contact Prayers
are not in the Quran is because they were",
05 Principles of Contact Prayers Salat,https://www.youtube.com/watch?v=tbxOH3KNOvA,00:14:07.110,00:14:12.209,already in existence when the Quran was revealed.,
05 Principles of Contact Prayers Salat,https://www.youtube.com/watch?v=tbxOH3KNOvA,00:14:12.209,00:14:17.287,"I can tell you to go and buy Crest toothpaste, and you will... I don’t",
05 Principles of Contact Prayers Salat,https://www.youtube.com/watch?v=tbxOH3KNOvA,00:14:17.287,00:14:22.689,"have to explain to you what Crest toothpaste
is because Crest is already in existence,",
05 Principles of Contact Prayers Salat,https://www.youtube.com/watch?v=tbxOH3KNOvA,00:14:22.689,00:14:26.267,"all you need to do is go out in the market
and buy it.",
05 Principles of Contact Prayers Salat,https://www.youtube.com/watch?v=tbxOH3KNOvA,00:14:26.267,00:14:32.619,"And when the Quran came down, the Contact
Prayers, the Salat, were already in existence.",
05 Principles of Contact Prayers Salat,https://www.youtube.com/watch?v=tbxOH3KNOvA,00:14:32.619,00:14:38.859,"And this is exactly why in one of the very
early Suras, Sura number 73",
05 Principles of Contact Prayers Salat,https://www.youtube.com/watch?v=tbxOH3KNOvA,00:14:38.859,00:14:43.939,"Al-Muzzammil,
we see the commandment to observe the Contact",
05 Principles of Contact Prayers Salat,https://www.youtube.com/watch?v=tbxOH3KNOvA,00:14:43.939,00:14:48.699,"Prayers and the Zakat (the Obligatory Charity),
because they were already in existence.",
05 Principles of Contact Prayers Salat,https://www.youtube.com/watch?v=tbxOH3KNOvA,00:14:48.699,00:14:55.045,"Abraham being the founder of Islam, what
did he contribute to the religion?",
05 Principles of Contact Prayers Salat,https://www.youtube.com/watch?v=tbxOH3KNOvA,00:14:55.045,00:14:59.294,He contributed all the practices of the religion.,
05 Principles of Contact Prayers Salat,https://www.youtube.com/watch?v=tbxOH3KNOvA,00:14:59.294,00:15:05.685,"The Contact Prayer, The Zakat charity, The fasting of Ramadan. In fact, we see",
05 Principles of Contact Prayers Salat,https://www.youtube.com/watch?v=tbxOH3KNOvA,00:15:05.685,00:15:13.190,"that the fasting of Ramadan was slightly modified
in the Quran in Sura number 2, verse 187.",
05 Principles of Contact Prayers Salat,https://www.youtube.com/watch?v=tbxOH3KNOvA,00:15:13.190,00:15:18.420,"Also, Hajj. Hajj
in Sura number 22, we see that",
05 Principles of Contact Prayers Salat,https://www.youtube.com/watch?v=tbxOH3KNOvA,00:15:18.420,00:15:22.869,"it is directly decreed through the prophet
Abraham.",
05 Principles of Contact Prayers Salat,https://www.youtube.com/watch?v=tbxOH3KNOvA,00:15:22.869,00:15:27.899,"So, Abraham contributed all practices in Islam.
You must correct that impression.",
05 Principles of Contact Prayers Salat,https://www.youtube.com/watch?v=tbxOH3KNOvA,00:15:27.899,00:15:31.690,The prophet Muhammad contributed the Quran. That’s it.,
05 Principles of Contact Prayers Salat,https://www.youtube.com/watch?v=tbxOH3KNOvA,00:15:31.690,00:15:37.679,"But all the practices existed before the prophet
Muhammad. They were in existence when the",
05 Principles of Contact Prayers Salat,https://www.youtube.com/watch?v=tbxOH3KNOvA,00:15:37.679,00:15:39.571,Quran came down.,
05 Principles of Contact Prayers Salat,https://www.youtube.com/watch?v=tbxOH3KNOvA,00:15:51.884,00:15:55.290,"Now, we get to the question ""why should we pray?""",
05 Principles of Contact Prayers Salat,https://www.youtube.com/watch?v=tbxOH3KNOvA,00:15:55.290,00:16:00.000,"Why should we make contact with our creator
every day, five times?",
05 Principles of Contact Prayers Salat,https://www.youtube.com/watch?v=tbxOH3KNOvA,00:16:00.000,00:16:03.759,"Repeating the same thing, five times a day?",
05 Principles of Contact Prayers Salat,https://www.youtube.com/watch?v=tbxOH3KNOvA,00:16:03.759,00:16:08.579,"Well, the answer... the obvious answer
first is that we do it because our creator",
05 Principles of Contact Prayers Salat,https://www.youtube.com/watch?v=tbxOH3KNOvA,00:16:08.579,00:16:12.759,"commanded us to do so, in the Quran, as I
showed you.",
05 Principles of Contact Prayers Salat,https://www.youtube.com/watch?v=tbxOH3KNOvA,00:16:12.759,00:16:20.839,"But what is the mechanism? Why does God ask
us to contact Him five times a day?",
05 Principles of Contact Prayers Salat,https://www.youtube.com/watch?v=tbxOH3KNOvA,00:16:20.839,00:16:22.629,Does God benefit from it?,
05 Principles of Contact Prayers Salat,https://www.youtube.com/watch?v=tbxOH3KNOvA,00:16:22.629,00:16:24.869,Do we benefit from it?,
05 Principles of Contact Prayers Salat,https://www.youtube.com/watch?v=tbxOH3KNOvA,00:16:24.869,00:16:31.306,"And the answer immediately is ""God does not need our Contact Prayer. We need the Contact Prayer.""",
05 Principles of Contact Prayers Salat,https://www.youtube.com/watch?v=tbxOH3KNOvA,00:16:31.306,00:16:39.739,"And we fully understand the reason for decreeing
the Contact Prayers if we know who we are.",
05 Principles of Contact Prayers Salat,https://www.youtube.com/watch?v=tbxOH3KNOvA,00:16:39.739,00:16:42.491,"You see, most people do not even know who
they are.",
05 Principles of Contact Prayers Salat,https://www.youtube.com/watch?v=tbxOH3KNOvA,00:16:42.491,00:16:46.420,"You ask a person “who are you?” and
they look in the mirror.",
05 Principles of Contact Prayers Salat,https://www.youtube.com/watch?v=tbxOH3KNOvA,00:16:46.420,00:16:49.639,They say “this is me.” And you know something? They are wrong.,
05 Principles of Contact Prayers Salat,https://www.youtube.com/watch?v=tbxOH3KNOvA,00:16:49.639,00:16:53.300,This is not me. This is my body.,
05 Principles of Contact Prayers Salat,https://www.youtube.com/watch?v=tbxOH3KNOvA,00:16:53.300,00:16:57.716,"And the body is like a garment that we are
wearing temporarily.",
05 Principles of Contact Prayers Salat,https://www.youtube.com/watch?v=tbxOH3KNOvA,00:16:57.716,00:17:04.225,"The real person is invisible to us. The real
person, the soul, is in another dimension",
05 Principles of Contact Prayers Salat,https://www.youtube.com/watch?v=tbxOH3KNOvA,00:17:04.225,00:17:07.374,that is not visible to our eyes.,
05 Principles of Contact Prayers Salat,https://www.youtube.com/watch?v=tbxOH3KNOvA,00:17:07.374,00:17:10.334,"So, what does the real person look like?",
05 Principles of Contact Prayers Salat,https://www.youtube.com/watch?v=tbxOH3KNOvA,00:17:10.334,00:17:15.959,"This will lead us to understanding why should
we observe the Contact Prayer.",
05 Principles of Contact Prayers Salat,https://www.youtube.com/watch?v=tbxOH3KNOvA,00:17:15.959,00:17:23.852,"You see, you can consider the Contact Prayers
the meals for the real person, the food, the nutrition.",
05 Principles of Contact Prayers Salat,https://www.youtube.com/watch?v=tbxOH3KNOvA,00:17:23.852,00:17:28.126,"When we are born our mother feeds us milk
and we grow.",
05 Principles of Contact Prayers Salat,https://www.youtube.com/watch?v=tbxOH3KNOvA,00:17:28.126,00:17:34.250,"Then, we eat all kinds of food, rice and meat
and potatoes and so on, and our body grows",
05 Principles of Contact Prayers Salat,https://www.youtube.com/watch?v=tbxOH3KNOvA,00:17:34.250,00:17:38.134,"until it becomes five feet, six feet, whatever.",
05 Principles of Contact Prayers Salat,https://www.youtube.com/watch?v=tbxOH3KNOvA,00:17:38.134,00:17:41.070,And that is the limit of the body’s growth.,
05 Principles of Contact Prayers Salat,https://www.youtube.com/watch?v=tbxOH3KNOvA,00:17:41.070,00:17:45.800,"Okay. Meanwhile, what is happening to the
real person, the soul?",
05 Principles of Contact Prayers Salat,https://www.youtube.com/watch?v=tbxOH3KNOvA,00:17:45.800,00:17:53.874,"The body or the garment grows to five or six feet, but what happens to the real person?",
05 Principles of Contact Prayers Salat,https://www.youtube.com/watch?v=tbxOH3KNOvA,00:17:53.874,00:17:58.014,"Is the real person nourished just like the
body?",
05 Principles of Contact Prayers Salat,https://www.youtube.com/watch?v=tbxOH3KNOvA,00:17:58.014,00:18:06.116,"And this is where most people do not realize
the importance of making contact with their creator.",
05 Principles of Contact Prayers Salat,https://www.youtube.com/watch?v=tbxOH3KNOvA,00:18:06.116,00:18:11.716,"Making contact with our creator is the most
important nutrition for the soul.",
05 Principles of Contact Prayers Salat,https://www.youtube.com/watch?v=tbxOH3KNOvA,00:18:11.716,00:18:18.060,"We need it to grow and develop. And I'm talking here
about the real person.",
05 Principles of Contact Prayers Salat,https://www.youtube.com/watch?v=tbxOH3KNOvA,00:18:18.060,00:18:24.994,"The real person grows and develops by contacting
our creator daily.",
05 Principles of Contact Prayers Salat,https://www.youtube.com/watch?v=tbxOH3KNOvA,00:18:24.994,00:18:29.550,"Five times every day constitutes five meals
for the soul.",
05 Principles of Contact Prayers Salat,https://www.youtube.com/watch?v=tbxOH3KNOvA,00:18:29.550,00:18:34.346,"So, every time you do a Contact Prayer, your
soul grows and develops.",
05 Principles of Contact Prayers Salat,https://www.youtube.com/watch?v=tbxOH3KNOvA,00:18:34.346,00:18:38.509,"And this is why we are commanded to do the
Contact Prayer.",
05 Principles of Contact Prayers Salat,https://www.youtube.com/watch?v=tbxOH3KNOvA,00:18:38.509,00:18:45.877,"You can imagine the person who does not feed
his or her soul. At the end of living in this",
05 Principles of Contact Prayers Salat,https://www.youtube.com/watch?v=tbxOH3KNOvA,00:18:45.877,00:18:50.890,"world, they are still babies because they
never feed their soul.",
05 Principles of Contact Prayers Salat,https://www.youtube.com/watch?v=tbxOH3KNOvA,00:18:50.890,00:18:56.690,"But the Muslim, the person who observes
the duties and practices of worship,",
05 Principles of Contact Prayers Salat,https://www.youtube.com/watch?v=tbxOH3KNOvA,00:18:56.690,00:19:01.364,"this person feeds the soul, and the soul grows
and develops immensely.",
05 Principles of Contact Prayers Salat,https://www.youtube.com/watch?v=tbxOH3KNOvA,00:19:01.364,00:19:08.916,"And we end up our mission in this world, grown
and developed, and healthy, and fit for the",
05 Principles of Contact Prayers Salat,https://www.youtube.com/watch?v=tbxOH3KNOvA,00:19:08.916,00:19:12.869,"real life, the eternal life that comes after
this life.",
05 Principles of Contact Prayers Salat,https://www.youtube.com/watch?v=tbxOH3KNOvA,00:19:12.869,00:19:22.150,"The Contact Prayers therefore are very important.
Think of them as the meal for the soul, for the real person.",
05 Principles of Contact Prayers Salat,https://www.youtube.com/watch?v=tbxOH3KNOvA,00:19:22.150,00:19:28.770,"The Morning Prayer is the breakfast for the soul,
for you, the real you. Just like how you give",
05 Principles of Contact Prayers Salat,https://www.youtube.com/watch?v=tbxOH3KNOvA,00:19:28.770,00:19:34.756,"your body breakfast, lunch and dinner, you
need, for yourself, the real person, you",
05 Principles of Contact Prayers Salat,https://www.youtube.com/watch?v=tbxOH3KNOvA,00:19:34.756,00:19:37.050,need meals also.,
05 Principles of Contact Prayers Salat,https://www.youtube.com/watch?v=tbxOH3KNOvA,00:19:37.050,00:19:40.164,The Noon Prayer is lunch for the soul.,
05 Principles of Contact Prayers Salat,https://www.youtube.com/watch?v=tbxOH3KNOvA,00:19:40.164,00:19:42.577,And the Afternoon Prayer is another meal.,
05 Principles of Contact Prayers Salat,https://www.youtube.com/watch?v=tbxOH3KNOvA,00:19:42.577,00:19:47.050,"And the Sunset Prayer is an meal, nutrition
for the real person.",
05 Principles of Contact Prayers Salat,https://www.youtube.com/watch?v=tbxOH3KNOvA,00:19:47.050,00:19:53.027,"And the Night Contact Prayer is the dinner
for the soul.",
05 Principles of Contact Prayers Salat,https://www.youtube.com/watch?v=tbxOH3KNOvA,00:19:53.027,00:20:00.000,"So, nourishing, developing and growing the
soul is the reason for observing the Contact",
05 Principles of Contact Prayers Salat,https://www.youtube.com/watch?v=tbxOH3KNOvA,00:20:00.000,00:20:04.816,"Prayers, and we are the ones who need it. God
does not need it.",
05 Principles of Contact Prayers Salat,https://www.youtube.com/watch?v=tbxOH3KNOvA,00:20:19.330,00:20:26.876,"All practices of worship in Islam, without
exception, are designed to cause the soul,",
05 Principles of Contact Prayers Salat,https://www.youtube.com/watch?v=tbxOH3KNOvA,00:20:26.876,00:20:30.650,"the real person, the real you, to grow and
develop.",
05 Principles of Contact Prayers Salat,https://www.youtube.com/watch?v=tbxOH3KNOvA,00:20:30.650,00:20:35.302,"They're all designed to make you the boss
over your body.",
05 Principles of Contact Prayers Salat,https://www.youtube.com/watch?v=tbxOH3KNOvA,00:20:35.302,00:20:40.451,"A lot of people, in fact the majority
of people, are enslaved to their body,",
05 Principles of Contact Prayers Salat,https://www.youtube.com/watch?v=tbxOH3KNOvA,00:20:40.451,00:20:44.820,"their outer garment, that is temporary.",
05 Principles of Contact Prayers Salat,https://www.youtube.com/watch?v=tbxOH3KNOvA,00:20:44.820,00:20:52.260,"Some day this garment is going to vanish
and you, the real person, will remain forever, for eternity.",
05 Principles of Contact Prayers Salat,https://www.youtube.com/watch?v=tbxOH3KNOvA,00:20:52.260,00:20:58.260,"So, most people, unfortunately, are unaware
of nourishing and strengthening and developing",
05 Principles of Contact Prayers Salat,https://www.youtube.com/watch?v=tbxOH3KNOvA,00:20:58.260,00:21:00.389,"their soul, the real person.",
05 Principles of Contact Prayers Salat,https://www.youtube.com/watch?v=tbxOH3KNOvA,00:21:00.389,00:21:08.200,"But all practices of worship in Islam are
designed to cause the soul to grow and develop,",
05 Principles of Contact Prayers Salat,https://www.youtube.com/watch?v=tbxOH3KNOvA,00:21:08.200,00:21:09.820,nourish the soul.,
05 Principles of Contact Prayers Salat,https://www.youtube.com/watch?v=tbxOH3KNOvA,00:21:09.820,00:21:13.920,"For example, the Morning Prayer, let’s take
the Morning Contact Prayer.",
05 Principles of Contact Prayers Salat,https://www.youtube.com/watch?v=tbxOH3KNOvA,00:21:13.920,00:21:19.030,"Before sunrise, what does the body... what
does your body want?",
05 Principles of Contact Prayers Salat,https://www.youtube.com/watch?v=tbxOH3KNOvA,00:21:19.030,00:21:22.110,"Your body wants to sleep, right?",
05 Principles of Contact Prayers Salat,https://www.youtube.com/watch?v=tbxOH3KNOvA,00:21:22.110,00:21:30.000,"But your soul, you, the real you, the real
person, needs to get up, do the ablution,",
05 Principles of Contact Prayers Salat,https://www.youtube.com/watch?v=tbxOH3KNOvA,00:21:30.000,00:21:37.820,"and observe the Contact Prayer, make contact, the first contact of the day with your creator.",
05 Principles of Contact Prayers Salat,https://www.youtube.com/watch?v=tbxOH3KNOvA,00:21:37.820,00:21:43.960,"So, immediately you can see that there is a fight.
The body wants to sleep, and the soul needs",
05 Principles of Contact Prayers Salat,https://www.youtube.com/watch?v=tbxOH3KNOvA,00:21:43.960,00:21:49.112,to get up and nourish itself and have breakfast.,
05 Principles of Contact Prayers Salat,https://www.youtube.com/watch?v=tbxOH3KNOvA,00:21:49.112,00:21:56.790,"Now, who's going to win? If your body wins, you continue to sleep.",
05 Principles of Contact Prayers Salat,https://www.youtube.com/watch?v=tbxOH3KNOvA,00:21:56.790,00:22:04.346,"And the body is the temporary garment. It
is not very smart to let the body win, right?",
05 Principles of Contact Prayers Salat,https://www.youtube.com/watch?v=tbxOH3KNOvA,00:22:04.346,00:22:12.460,"If you win, you, the real person, win, your
body will obey and will say “yes, sir”",
05 Principles of Contact Prayers Salat,https://www.youtube.com/watch?v=tbxOH3KNOvA,00:22:12.460,00:22:19.409,"will listen to you, obey you, get up out of
bed, do the ablution, and observe the Contact Prayer.",
05 Principles of Contact Prayers Salat,https://www.youtube.com/watch?v=tbxOH3KNOvA,00:22:19.409,00:22:27.680,"So, you can see that the first Contact Prayer
is a struggle between you and your body.",
05 Principles of Contact Prayers Salat,https://www.youtube.com/watch?v=tbxOH3KNOvA,00:22:27.680,00:22:33.450,"By the way, this struggle becomes less and
less, as your body becomes more and more obedient",
05 Principles of Contact Prayers Salat,https://www.youtube.com/watch?v=tbxOH3KNOvA,00:22:33.450,00:22:40.750,"to you, as you become the boss. As you develop
and become stronger, your body becomes more and more",
05 Principles of Contact Prayers Salat,https://www.youtube.com/watch?v=tbxOH3KNOvA,00:22:40.750,00:22:46.929,"obedient, and with time, your body, when
you say “my body get up and do the Morning",
05 Principles of Contact Prayers Salat,https://www.youtube.com/watch?v=tbxOH3KNOvA,00:22:46.929,00:22:49.536,"Prayer”, your body will say “yes, sir”
obediently.",
05 Principles of Contact Prayers Salat,https://www.youtube.com/watch?v=tbxOH3KNOvA,00:22:49.536,00:22:57.962,"As a matter of fact, eventually, you will actually
enjoy getting up in the morning and doing the Contact Prayer.",
05 Principles of Contact Prayers Salat,https://www.youtube.com/watch?v=tbxOH3KNOvA,00:22:57.962,00:23:04.500,"And this is because the soul has grown and
developed, and became the boss, and enjoys",
05 Principles of Contact Prayers Salat,https://www.youtube.com/watch?v=tbxOH3KNOvA,00:23:04.500,00:23:07.814,observing the contact with our creator.,
05 Principles of Contact Prayers Salat,https://www.youtube.com/watch?v=tbxOH3KNOvA,00:23:07.814,00:23:13.520,"You look at the fasting, for example. One of
the important practices in Islam is fasting",
05 Principles of Contact Prayers Salat,https://www.youtube.com/watch?v=tbxOH3KNOvA,00:23:13.520,00:23:16.901,"the month of Ramadan, during the month of
Ramadan.",
05 Principles of Contact Prayers Salat,https://www.youtube.com/watch?v=tbxOH3KNOvA,00:23:16.901,00:23:27.302,"And, in Ramadan, your body, of course, wants to eat and drink, but you tell your body when you fast,",
05 Principles of Contact Prayers Salat,https://www.youtube.com/watch?v=tbxOH3KNOvA,00:23:27.302,00:23:30.290,“you're not gonna eat or drink until sunset.”,
05 Principles of Contact Prayers Salat,https://www.youtube.com/watch?v=tbxOH3KNOvA,00:23:30.290,00:23:37.060,"So, you can see that you are practicing, exercising
your soul, and this causes your soul to grow",
05 Principles of Contact Prayers Salat,https://www.youtube.com/watch?v=tbxOH3KNOvA,00:23:37.060,00:23:41.870,"and develop, and this is exactly the whole
idea of our being here in this world.",
05 Principles of Contact Prayers Salat,https://www.youtube.com/watch?v=tbxOH3KNOvA,00:23:41.870,00:23:49.403,"We want to grow and develop as much as possible in order to enter the real life, the eternal life",
05 Principles of Contact Prayers Salat,https://www.youtube.com/watch?v=tbxOH3KNOvA,00:23:49.403,00:23:55.826,"the Hereafter, in a state of fitness,
strength, growth and development.",
05 Principles of Contact Prayers Salat,https://www.youtube.com/watch?v=tbxOH3KNOvA,00:23:55.826,00:24:02.390,"Because in the Hereafter, you cannot hold
a responsible position in the eternal real",
05 Principles of Contact Prayers Salat,https://www.youtube.com/watch?v=tbxOH3KNOvA,00:24:02.390,00:24:05.952,"life if you are weak, unnourished, and
still a baby.",
05 Principles of Contact Prayers Salat,https://www.youtube.com/watch?v=tbxOH3KNOvA,00:24:05.952,00:24:10.686,"Will you hire a baby as a pilot, or an engineer?
Of course not.",
05 Principles of Contact Prayers Salat,https://www.youtube.com/watch?v=tbxOH3KNOvA,00:24:10.686,00:24:16.696,"So, God wants you to develop yourself and to
be strong enough to hold a responsible position,",
05 Principles of Contact Prayers Salat,https://www.youtube.com/watch?v=tbxOH3KNOvA,00:24:16.696,00:24:21.909,"a high rank, in the Hereafter, the eternal
real life.",
05 Principles of Contact Prayers Salat,https://www.youtube.com/watch?v=tbxOH3KNOvA,00:24:21.909,00:24:27.670,"And all practices of worship in Islam are
designed towards this end.",
05 Principles of Contact Prayers Salat,https://www.youtube.com/watch?v=tbxOH3KNOvA,00:24:27.670,00:24:30.479,"For example, the Zakat charity, what is it?",
05 Principles of Contact Prayers Salat,https://www.youtube.com/watch?v=tbxOH3KNOvA,00:24:30.479,00:24:36.560,"The Zakat charity is simply taking money away
from your body and giving it to the poor.",
05 Principles of Contact Prayers Salat,https://www.youtube.com/watch?v=tbxOH3KNOvA,00:24:36.560,00:24:42.519,"So, you can see that you are being the boss because
the body loves money. And you take something",
05 Principles of Contact Prayers Salat,https://www.youtube.com/watch?v=tbxOH3KNOvA,00:24:42.519,00:24:44.619,the the body loves and give it away.,
05 Principles of Contact Prayers Salat,https://www.youtube.com/watch?v=tbxOH3KNOvA,00:24:44.619,00:24:51.740,"So, all practices of worship in Islam are
designed to make your soul grow and develop,",
05 Principles of Contact Prayers Salat,https://www.youtube.com/watch?v=tbxOH3KNOvA,00:24:51.740,00:24:54.310,make you the boss over your body.,
05 Principles of Contact Prayers Salat,https://www.youtube.com/watch?v=tbxOH3KNOvA,00:24:54.310,00:24:58.706,"And the Contact Prayers are the most important
tool to do so.",
05 Principles of Contact Prayers Salat,https://www.youtube.com/watch?v=tbxOH3KNOvA,00:24:58.706,00:25:06.218,"You're gonna notice it the first time
you do the Morning Contact Prayer before sunrise.",
05 Principles of Contact Prayers Salat,https://www.youtube.com/watch?v=tbxOH3KNOvA,00:25:06.218,00:25:12.530,"Let us now get to the details of the Contact
Prayers and how to observe them.",
05 Principles of Contact Prayers Salat,https://www.youtube.com/watch?v=tbxOH3KNOvA,00:25:12.530,00:25:18.460,"There are a billion Muslims in the world today, 1000 million throughout",
05 Principles of Contact Prayers Salat,https://www.youtube.com/watch?v=tbxOH3KNOvA,00:25:18.460,00:25:21.070,"the world, in every country of the world.",
05 Principles of Contact Prayers Salat,https://www.youtube.com/watch?v=tbxOH3KNOvA,00:25:21.070,00:25:27.797,"But in the area that is recognized as the
Muslim world, you hear the call for the prayer",
05 Principles of Contact Prayers Salat,https://www.youtube.com/watch?v=tbxOH3KNOvA,00:25:27.797,00:25:33.620,"five times every day, the Morning, Noon, Afternoon,
Sunset and Night.",
05 Principles of Contact Prayers Salat,https://www.youtube.com/watch?v=tbxOH3KNOvA,00:25:33.620,00:25:37.966,"And you hear the MU'AZIN (مؤذن). This is the
name of the person that delivers the Azaan",
05 Principles of Contact Prayers Salat,https://www.youtube.com/watch?v=tbxOH3KNOvA,00:25:37.966,00:25:41.446,(أَذَان) or the call to Contact Prayer.,
05 Principles of Contact Prayers Salat,https://www.youtube.com/watch?v=tbxOH3KNOvA,00:25:41.446,00:25:48.270,"And before I get into explaining the Azaan,
I wish to remind you that in the last 1400",
05 Principles of Contact Prayers Salat,https://www.youtube.com/watch?v=tbxOH3KNOvA,00:25:48.270,00:25:55.520,"years, lots of customs, innovations,
prejudices, superstitions were added into",
05 Principles of Contact Prayers Salat,https://www.youtube.com/watch?v=tbxOH3KNOvA,00:25:55.520,00:25:56.580,the Azaan.,
05 Principles of Contact Prayers Salat,https://www.youtube.com/watch?v=tbxOH3KNOvA,00:25:56.580,00:26:02.420,"And what I am going to present to you now
is the Azaan of the prophet Muhammad",
05 Principles of Contact Prayers Salat,https://www.youtube.com/watch?v=tbxOH3KNOvA,00:26:02.420,00:26:04.649,that he approved.,
05 Principles of Contact Prayers Salat,https://www.youtube.com/watch?v=tbxOH3KNOvA,00:26:04.649,00:26:11.010,"And I'm going to remove all the additions,
and the superstitions, and nonsense from the Azaan",
05 Principles of Contact Prayers Salat,https://www.youtube.com/watch?v=tbxOH3KNOvA,00:26:11.010,00:26:13.061,and I will give you the pure Azaan.,
05 Principles of Contact Prayers Salat,https://www.youtube.com/watch?v=tbxOH3KNOvA,00:26:13.061,00:26:19.549,"I'm going to write it for you on the board,
so you can see how it is pronounced.",
05 Principles of Contact Prayers Salat,https://www.youtube.com/watch?v=tbxOH3KNOvA,00:26:19.549,00:26:27.076,And I will have professional Azaans. You're gonna hear recordings of professional MU'AZINs.,
05 Principles of Contact Prayers Salat,https://www.youtube.com/watch?v=tbxOH3KNOvA,00:26:27.076,00:26:32.839,"Now, at the beginning of Islam, the people
went to the prophet Muhammad and they said",
05 Principles of Contact Prayers Salat,https://www.youtube.com/watch?v=tbxOH3KNOvA,00:26:32.839,00:26:38.134,"“how can we call the people to come to the
prayer? You know, the Jews have the horn,",
05 Principles of Contact Prayers Salat,https://www.youtube.com/watch?v=tbxOH3KNOvA,00:26:38.134,00:26:42.400,"and the Christians use bells. What are we
going to use?”",
05 Principles of Contact Prayers Salat,https://www.youtube.com/watch?v=tbxOH3KNOvA,00:26:42.400,00:26:49.110,"And with time, the prophet’s companions
studied the matter and finally, it was suggested",
05 Principles of Contact Prayers Salat,https://www.youtube.com/watch?v=tbxOH3KNOvA,00:26:49.110,00:26:54.805,"that somebody stands on top of the mosque
and make the announcement,",
05 Principles of Contact Prayers Salat,https://www.youtube.com/watch?v=tbxOH3KNOvA,00:26:54.805,00:26:58.750,"Allahu akbar, which means God is great, 4 times.",
05 Principles of Contact Prayers Salat,https://www.youtube.com/watch?v=tbxOH3KNOvA,00:26:58.750,00:27:05.050,"Allahu akbar; Allahu akbar, Allahu akbar;
Allahu akbar, La elaha ella Allah, there is",
05 Principles of Contact Prayers Salat,https://www.youtube.com/watch?v=tbxOH3KNOvA,00:27:05.050,00:27:10.659,"no god except the one God, which is the message of all God’s messengers to the world.",
05 Principles of Contact Prayers Salat,https://www.youtube.com/watch?v=tbxOH3KNOvA,00:27:10.659,00:27:17.030,"There's really one message from all the messengers
that God sent to us. And this message is",
05 Principles of Contact Prayers Salat,https://www.youtube.com/watch?v=tbxOH3KNOvA,00:27:17.030,00:27:23.876,"la elaha ella allah, there is no god except
the God, Allah.",
05 Principles of Contact Prayers Salat,https://www.youtube.com/watch?v=tbxOH3KNOvA,00:27:23.876,00:27:31.730,"So the Azaan consists of: Allahu akbar, 4 times, followed by la elaha ella Allah.",
05 Principles of Contact Prayers Salat,https://www.youtube.com/watch?v=tbxOH3KNOvA,00:27:33.248,00:27:39.426,"This Azaan that has been approved by the prophet
consisting of Allahu akbar 4 times,",
05 Principles of Contact Prayers Salat,https://www.youtube.com/watch?v=tbxOH3KNOvA,00:27:39.426,00:27:48.451,"then la elaha ella Allah, with time, it
got so long that in my lifetime, in 1953, the",
05 Principles of Contact Prayers Salat,https://www.youtube.com/watch?v=tbxOH3KNOvA,00:27:48.451,00:27:56.250,"Minister of Religious Affairs in Egypt issued
a law to reduce the Azaan. It got so long",
05 Principles of Contact Prayers Salat,https://www.youtube.com/watch?v=tbxOH3KNOvA,00:27:56.250,00:28:00.499,"and so ridiculous, it took 10 to 15 minutes to deliver the Azaan.",
05 Principles of Contact Prayers Salat,https://www.youtube.com/watch?v=tbxOH3KNOvA,00:28:00.499,00:28:08.690,"And it had foolish things praising the prophet
and his red cheeks and these silly things. I mean,",
05 Principles of Contact Prayers Salat,https://www.youtube.com/watch?v=tbxOH3KNOvA,00:28:08.690,00:28:11.239,the Azaan got really ridiculous.,
05 Principles of Contact Prayers Salat,https://www.youtube.com/watch?v=tbxOH3KNOvA,00:28:11.239,00:28:19.100,"After a few years, some people added to the
Azaan “Ash-hadu an la elaha ella Allah",
05 Principles of Contact Prayers Salat,https://www.youtube.com/watch?v=tbxOH3KNOvA,00:28:19.100,00:28:21.600,wa ash-hadu anna Muḥammadan rasūlu Allah.”,
05 Principles of Contact Prayers Salat,https://www.youtube.com/watch?v=tbxOH3KNOvA,00:28:21.600,00:28:24.578,This was added to the original Azaan.,
05 Principles of Contact Prayers Salat,https://www.youtube.com/watch?v=tbxOH3KNOvA,00:28:24.578,00:28:30.795,"Some years later, they added the expression
“ḥayya ʿalā ṣ-ṣalāh” which supposedly",
05 Principles of Contact Prayers Salat,https://www.youtube.com/watch?v=tbxOH3KNOvA,00:28:30.795,00:28:36.964,"means “come to the prayer”, but it really
doesn't mean that. Apparently, some new",
05 Principles of Contact Prayers Salat,https://www.youtube.com/watch?v=tbxOH3KNOvA,00:28:36.964,00:28:42.910,"foreign Muslims, that is non Arab Muslims,
added that expression “ḥayya ʿalā ṣ-ṣalāh”",
05 Principles of Contact Prayers Salat,https://www.youtube.com/watch?v=tbxOH3KNOvA,00:28:42.910,00:28:47.770,"which is not a typical. The Arabic should
have been “ḥayya ʿilā ṣalāt”, but",
05 Principles of Contact Prayers Salat,https://www.youtube.com/watch?v=tbxOH3KNOvA,00:28:47.770,00:28:50.110,they said “ḥayya ʿalā ṣ-ṣalā.”,
05 Principles of Contact Prayers Salat,https://www.youtube.com/watch?v=tbxOH3KNOvA,00:28:50.110,00:28:56.502,"Then many years later, somebody added “ḥayya
ʿala l-falāḥ” which supposedly means",
05 Principles of Contact Prayers Salat,https://www.youtube.com/watch?v=tbxOH3KNOvA,00:28:56.502,00:28:58.972,“come to the success.”,
05 Principles of Contact Prayers Salat,https://www.youtube.com/watch?v=tbxOH3KNOvA,00:28:58.972,00:29:04.644,And some other people added “ash-hadu anna alīyyan walīyyu Allah.”,
05 Principles of Contact Prayers Salat,https://www.youtube.com/watch?v=tbxOH3KNOvA,00:29:04.644,00:29:07.810,in some parts of the Muslim world.,
05 Principles of Contact Prayers Salat,https://www.youtube.com/watch?v=tbxOH3KNOvA,00:29:07.810,00:29:12.380,"And until now, they use these... all these
additions are being used in different parts",
05 Principles of Contact Prayers Salat,https://www.youtube.com/watch?v=tbxOH3KNOvA,00:29:12.380,00:29:14.510,of the Muslim world.,
05 Principles of Contact Prayers Salat,https://www.youtube.com/watch?v=tbxOH3KNOvA,00:29:14.510,00:29:21.811,"Later on, some people added the ” ash-hadu anna ahlul bayt hojato Allāh” and so on.",
05 Principles of Contact Prayers Salat,https://www.youtube.com/watch?v=tbxOH3KNOvA,00:29:21.811,00:29:27.380,"So, the Azaan kept getting longer and longer,
as I told you, until the Minister of Religious",
05 Principles of Contact Prayers Salat,https://www.youtube.com/watch?v=tbxOH3KNOvA,00:29:27.380,00:29:34.236,"Affairs in Egypt issued a law reducing the
Azaan to its present form in the Muslim world.",
05 Principles of Contact Prayers Salat,https://www.youtube.com/watch?v=tbxOH3KNOvA,00:29:34.236,00:29:40.390,"But here at Masjid Tuscon, and hopefully you
will go back to the original Azaan that the",
05 Principles of Contact Prayers Salat,https://www.youtube.com/watch?v=tbxOH3KNOvA,00:29:40.390,00:29:48.395,"prophet Muhammad approved. Allahu akbar, Allahu
akbar, Allahu akbar, Allahu akbar, la elaha ella Allah.",
05 Principles of Contact Prayers Salat,https://www.youtube.com/watch?v=tbxOH3KNOvA,00:29:48.395,00:29:54.640,"This is the Azaan that we use here in Masjid
Tuscon, and hopefully it will spread all over",
05 Principles of Contact Prayers Salat,https://www.youtube.com/watch?v=tbxOH3KNOvA,00:29:54.640,00:29:55.640,the world.,
05 Principles of Contact Prayers Salat,https://www.youtube.com/watch?v=tbxOH3KNOvA,00:29:55.640,00:29:59.672,"We have it done like this in many mosques
around the world",
05 Principles of Contact Prayers Salat,https://www.youtube.com/watch?v=tbxOH3KNOvA,00:29:59.672,00:30:05.740,"that have seen the light and decided to take
the Azaan and the prayers to the original",
05 Principles of Contact Prayers Salat,https://www.youtube.com/watch?v=tbxOH3KNOvA,00:30:05.740,00:30:09.384,Azaan and prayer of the prophet Muhammad.,
05 Principles of Contact Prayers Salat,https://www.youtube.com/watch?v=tbxOH3KNOvA,00:30:09.384,00:30:12.320,You know the same thing is true with the Wuḍū.,
05 Principles of Contact Prayers Salat,https://www.youtube.com/watch?v=tbxOH3KNOvA,00:30:12.320,00:30:15.816,"Wuḍū is the ablution or the preparation
for Salat.",
05 Principles of Contact Prayers Salat,https://www.youtube.com/watch?v=tbxOH3KNOvA,00:30:15.816,00:30:24.187,"When people hear the Azaan or the call to
the Contact Prayer, they prepare for the prayer,",
05 Principles of Contact Prayers Salat,https://www.youtube.com/watch?v=tbxOH3KNOvA,00:30:24.187,00:30:25.800,the Contact Prayer.,
05 Principles of Contact Prayers Salat,https://www.youtube.com/watch?v=tbxOH3KNOvA,00:30:25.800,00:30:32.580,"And they do this by observing ablution. And
ablution is decreed in the Quran in Sura number 5",
05 Principles of Contact Prayers Salat,https://www.youtube.com/watch?v=tbxOH3KNOvA,00:30:32.580,00:30:34.749,verse number 6.,
05 Principles of Contact Prayers Salat,https://www.youtube.com/watch?v=tbxOH3KNOvA,00:30:34.749,00:30:42.081,"And it is very specific. It gives you 4 steps. Remember that, 4 steps of ablution.",
05 Principles of Contact Prayers Salat,https://www.youtube.com/watch?v=tbxOH3KNOvA,00:30:42.081,00:30:46.431,The average Muslim today has 8 or 9 or 10 steps,
05 Principles of Contact Prayers Salat,https://www.youtube.com/watch?v=tbxOH3KNOvA,00:30:46.431,00:30:52.930,"which constitutes actually in reality some
other god that added these steps, because",
05 Principles of Contact Prayers Salat,https://www.youtube.com/watch?v=tbxOH3KNOvA,00:30:52.930,00:30:56.761,"they do it religiously, and it constitutes
idolatry.",
05 Principles of Contact Prayers Salat,https://www.youtube.com/watch?v=tbxOH3KNOvA,00:30:56.761,00:31:02.210,"So, please be careful, and observe what the
Quran says, the Quran, the whole Quran",
05 Principles of Contact Prayers Salat,https://www.youtube.com/watch?v=tbxOH3KNOvA,00:31:02.210,00:31:03.800,and nothing but the Quran.,
05 Principles of Contact Prayers Salat,https://www.youtube.com/watch?v=tbxOH3KNOvA,00:31:03.800,00:31:06.720,And the Quran gives us 4 steps.,
05 Principles of Contact Prayers Salat,https://www.youtube.com/watch?v=tbxOH3KNOvA,00:31:06.720,00:31:13.640,"The first step is washing your face. The second
step is washing your arms to the elbow.",
05 Principles of Contact Prayers Salat,https://www.youtube.com/watch?v=tbxOH3KNOvA,00:31:13.640,00:31:20.309,The third step is to wipe your hair. And the fourth step is to wash your feet.,
05 Principles of Contact Prayers Salat,https://www.youtube.com/watch?v=tbxOH3KNOvA,00:31:20.309,00:31:29.670,"These are the 4 steps decreed in the
Quran, and it is actually a gross transgression",
05 Principles of Contact Prayers Salat,https://www.youtube.com/watch?v=tbxOH3KNOvA,00:31:29.670,00:31:34.380,"to add anything to the 4 steps, or
reduce anything.",
05 Principles of Contact Prayers Salat,https://www.youtube.com/watch?v=tbxOH3KNOvA,00:31:34.380,00:31:41.220,"Some people will say “what is wrong with washing my nose and my mouth and my neck and all the... my ears and so on?""",
05 Principles of Contact Prayers Salat,https://www.youtube.com/watch?v=tbxOH3KNOvA,00:31:41.220,00:31:46.801,"Of course, there's nothing wrong with extra
cleanliness. Go take a bath or a shower if you want to.",
05 Principles of Contact Prayers Salat,https://www.youtube.com/watch?v=tbxOH3KNOvA,00:31:46.801,00:31:55.631,"But when it comes to religious practices, we must adhere to what our creator dictated exactly.",
05 Principles of Contact Prayers Salat,https://www.youtube.com/watch?v=tbxOH3KNOvA,00:31:55.631,00:32:01.046,"We cannot increase it, reduce it, or increase
it by anything.",
05 Principles of Contact Prayers Salat,https://www.youtube.com/watch?v=tbxOH3KNOvA,00:32:01.046,00:32:06.574,"So, it is very crucial that we follow what
our creator said in the Quran.",
05 Principles of Contact Prayers Salat,https://www.youtube.com/watch?v=tbxOH3KNOvA,00:32:06.574,00:32:09.750,"These are the words that came out of the prophet
Muhammad’s mouth.",
05 Principles of Contact Prayers Salat,https://www.youtube.com/watch?v=tbxOH3KNOvA,00:32:09.750,00:32:15.503,"Ironically, those people think that they are
following the prophet Muhammad by increasing",
05 Principles of Contact Prayers Salat,https://www.youtube.com/watch?v=tbxOH3KNOvA,00:32:15.503,00:32:22.431,"the number of steps in ablution. And you
and I know that the prophet Muhammad could never disobey God.",
05 Principles of Contact Prayers Salat,https://www.youtube.com/watch?v=tbxOH3KNOvA,00:32:22.431,00:32:27.880,"So, if God said 4 steps, this is it.
The ablution is 4 steps.",
05 Principles of Contact Prayers Salat,https://www.youtube.com/watch?v=tbxOH3KNOvA,00:32:27.880,00:32:35.600,"So, now let us go to show you, demonstrate for you the 4 steps of ablution, the Wuḍū.",
05 Principles of Contact Prayers Salat,https://www.youtube.com/watch?v=tbxOH3KNOvA,00:32:54.600,00:33:00.000,"We find this commandment in Sura number 5, verse number 6.",
05 Principles of Contact Prayers Salat,https://www.youtube.com/watch?v=tbxOH3KNOvA,00:33:00.000,00:33:05.980,"And I will quote the verse for you. It says “O you who believe, when you get up for",
05 Principles of Contact Prayers Salat,https://www.youtube.com/watch?v=tbxOH3KNOvA,00:33:05.980,00:33:14.204,"the Salat prayer, you shall wash your face,
your arms to the elbows, wipe your hair,",
05 Principles of Contact Prayers Salat,https://www.youtube.com/watch?v=tbxOH3KNOvA,00:33:14.204,00:33:16.300,and wash your feet.”,
05 Principles of Contact Prayers Salat,https://www.youtube.com/watch?v=tbxOH3KNOvA,00:33:16.300,00:33:21.539,"4 steps, and these are the words that
came out of the prophet Muhammad’s mouth.",
05 Principles of Contact Prayers Salat,https://www.youtube.com/watch?v=tbxOH3KNOvA,00:33:21.539,00:33:23.480,These are the words of God.,
05 Principles of Contact Prayers Salat,https://www.youtube.com/watch?v=tbxOH3KNOvA,00:33:23.480,00:33:27.960,"And God is saying ""you shall observe the ablution 4 steps.""",
05 Principles of Contact Prayers Salat,https://www.youtube.com/watch?v=tbxOH3KNOvA,00:33:27.960,00:33:33.986,"Washing the face, arms to the elbows, wipe
your head, and wash your feet.",
05 Principles of Contact Prayers Salat,https://www.youtube.com/watch?v=tbxOH3KNOvA,00:33:33.986,00:33:38.860,"These are the 4 steps as dictated in
Quran.",
05 Principles of Contact Prayers Salat,https://www.youtube.com/watch?v=tbxOH3KNOvA,00:33:38.860,00:33:45.434,"However, like everything else, innovations,
superstitions, traditions crept into God’s",
05 Principles of Contact Prayers Salat,https://www.youtube.com/watch?v=tbxOH3KNOvA,00:33:45.434,00:33:49.660,commandment and Satan distorted the commandment.,
05 Principles of Contact Prayers Salat,https://www.youtube.com/watch?v=tbxOH3KNOvA,00:33:49.660,00:33:57.060,"Now, the vast majority of Muslims observe something
like 9 or 10 steps in ablution.",
05 Principles of Contact Prayers Salat,https://www.youtube.com/watch?v=tbxOH3KNOvA,00:33:57.060,00:34:02.740,"And this is very serious because it simply
means that there is some other god who told them",
05 Principles of Contact Prayers Salat,https://www.youtube.com/watch?v=tbxOH3KNOvA,00:34:02.740,00:34:09.720,"to do the ablution 9 steps. They wash
their hands, their mouth, their nose, their",
05 Principles of Contact Prayers Salat,https://www.youtube.com/watch?v=tbxOH3KNOvA,00:34:09.720,00:34:15.440,"face, their ears, their neck. They have all
kinds of innovations and additions.",
05 Principles of Contact Prayers Salat,https://www.youtube.com/watch?v=tbxOH3KNOvA,00:34:15.440,00:34:21.698,"And I would like to warn you that you must
never increase the steps or decrease them,",
05 Principles of Contact Prayers Salat,https://www.youtube.com/watch?v=tbxOH3KNOvA,00:34:21.698,00:34:28.739,"the steps of ablution. You must obey exactly
what God told you in Quran.",
05 Principles of Contact Prayers Salat,https://www.youtube.com/watch?v=tbxOH3KNOvA,00:34:28.739,00:34:34.500,"If you want to wash more, you might as well take
a shower or do whatever you want, but outside",
05 Principles of Contact Prayers Salat,https://www.youtube.com/watch?v=tbxOH3KNOvA,00:34:34.500,00:34:36.686,the ablution.,
05 Principles of Contact Prayers Salat,https://www.youtube.com/watch?v=tbxOH3KNOvA,00:34:36.686,00:34:43.560,"If you are taking a shower or a bath, you
can do the ablution after the shower or the bath",
05 Principles of Contact Prayers Salat,https://www.youtube.com/watch?v=tbxOH3KNOvA,00:34:43.560,00:34:45.400,while you are still in the shower.,
05 Principles of Contact Prayers Salat,https://www.youtube.com/watch?v=tbxOH3KNOvA,00:34:45.400,00:34:50.400,"But you have to go through the motions of
ablution as I will show you now.",
05 Principles of Contact Prayers Salat,https://www.youtube.com/watch?v=tbxOH3KNOvA,00:34:50.400,00:34:55.960,"So, let me show you, demonstrate to you
how to do the ablution.",
05 Principles of Contact Prayers Salat,https://www.youtube.com/watch?v=tbxOH3KNOvA,00:34:55.960,00:35:01.160,"First of all, you roll your sleeves so you
can wash your arms to the elbows.",
05 Principles of Contact Prayers Salat,https://www.youtube.com/watch?v=tbxOH3KNOvA,00:35:03.320,00:35:10.600,There we go. We are now demonstrating the ablution.,
05 Principles of Contact Prayers Salat,https://www.youtube.com/watch?v=tbxOH3KNOvA,00:35:10.720,00:35:20.880,"You go to the faucet, and the first step in
Quran is wash your face. So, you wash your face.",
05 Principles of Contact Prayers Salat,https://www.youtube.com/watch?v=tbxOH3KNOvA,00:35:20.880,00:35:25.880,Here we go. Bism Allah Al-rahman Al-raheem.,
05 Principles of Contact Prayers Salat,https://www.youtube.com/watch?v=tbxOH3KNOvA,00:35:25.880,00:35:29.360,"Okay, let me stop right here and remind you of something.",
05 Principles of Contact Prayers Salat,https://www.youtube.com/watch?v=tbxOH3KNOvA,00:35:29.360,00:35:37.480,"You should make an intention, that is you
say “I intend to observe the Wuḍū, or the ablution.”",
05 Principles of Contact Prayers Salat,https://www.youtube.com/watch?v=tbxOH3KNOvA,00:35:37.480,00:35:41.412,Before you do that and you say “Bism Allah Al-rahman Al-raheem.” And you commemorate God,
05 Principles of Contact Prayers Salat,https://www.youtube.com/watch?v=tbxOH3KNOvA,00:35:41.412,00:35:44.200,"in any way you want. You say “Alhamdu
Lillah”, “Subḥān Allāh”,",
05 Principles of Contact Prayers Salat,https://www.youtube.com/watch?v=tbxOH3KNOvA,00:35:44.200,00:35:48.480,"“Allahu akbar”, anything you want
to commemorate God.",
05 Principles of Contact Prayers Salat,https://www.youtube.com/watch?v=tbxOH3KNOvA,00:35:48.480,00:35:52.560,"But if you want to say it in Arabic, the intention should be;",
05 Principles of Contact Prayers Salat,https://www.youtube.com/watch?v=tbxOH3KNOvA,00:35:52.560,00:35:57.480,"“nawayatu al-wuḍū, Bism Allah Al-rahman Al-raheem.”",
05 Principles of Contact Prayers Salat,https://www.youtube.com/watch?v=tbxOH3KNOvA,00:35:57.480,00:36:01.000,"So, here we go. “Bism Allah Al-rahman Al-raheem,
nawayatu al-Wuḍū.”",
05 Principles of Contact Prayers Salat,https://www.youtube.com/watch?v=tbxOH3KNOvA,00:36:01.000,00:36:05.400,"Then the first step, you wash your face.",
05 Principles of Contact Prayers Salat,https://www.youtube.com/watch?v=tbxOH3KNOvA,00:36:10.600,00:36:17.560,"Okay, I washed my face twice, and I feel like
I did a good job. So, this is good enough.",
05 Principles of Contact Prayers Salat,https://www.youtube.com/watch?v=tbxOH3KNOvA,00:36:17.560,00:36:21.080,There is no set number of washing your face.,
05 Principles of Contact Prayers Salat,https://www.youtube.com/watch?v=tbxOH3KNOvA,00:36:21.600,00:36:25.920,"The second step, the arms to the elbows. So,
here we go,",
05 Principles of Contact Prayers Salat,https://www.youtube.com/watch?v=tbxOH3KNOvA,00:36:25.920,00:36:40.080,"washing the arm to the elbow. Right arm and then the left arm, the same thing.",
05 Principles of Contact Prayers Salat,https://www.youtube.com/watch?v=tbxOH3KNOvA,00:36:47.880,00:36:52.000,And this takes care of the second step.,
05 Principles of Contact Prayers Salat,https://www.youtube.com/watch?v=tbxOH3KNOvA,00:36:52.000,00:36:55.439,"The third step is you wipe your hair. So, what I will do is",
05 Principles of Contact Prayers Salat,https://www.youtube.com/watch?v=tbxOH3KNOvA,00:36:55.439,00:37:03.400,"I wet my hands and then I wipe my hair, my
head, like this. And this is the third step.",
05 Principles of Contact Prayers Salat,https://www.youtube.com/watch?v=tbxOH3KNOvA,00:37:03.400,00:37:10.680,"The final step is wash your
feet to the ankles. So, you put your foot there",
05 Principles of Contact Prayers Salat,https://www.youtube.com/watch?v=tbxOH3KNOvA,00:37:10.680,00:37:17.978,"wash it thoroughly. And this
takes care of the right foot.",
05 Principles of Contact Prayers Salat,https://www.youtube.com/watch?v=tbxOH3KNOvA,00:37:17.978,00:37:22.200,And then the left foot.,
05 Principles of Contact Prayers Salat,https://www.youtube.com/watch?v=tbxOH3KNOvA,00:37:32.160,00:37:35.480,"That's it. There you have it, the 4 steps of Wuḍū, very simple.",
05 Principles of Contact Prayers Salat,https://www.youtube.com/watch?v=tbxOH3KNOvA,00:37:35.480,00:37:39.080,"Don’t add any more steps, and don’t reduce
the steps.",
05 Principles of Contact Prayers Salat,https://www.youtube.com/watch?v=tbxOH3KNOvA,00:37:50.360,00:37:55.960,"Now that you finished the 4 steps
of Wuḍū, wash your face, your arms to the",
05 Principles of Contact Prayers Salat,https://www.youtube.com/watch?v=tbxOH3KNOvA,00:37:55.960,00:38:01.439,"elbows, wipe your head and wash your feet, you are ready for the Salat Prayer.",
05 Principles of Contact Prayers Salat,https://www.youtube.com/watch?v=tbxOH3KNOvA,00:38:01.439,00:38:10.908,"So, now let's go back to the masjid and show you how to observe the Salat Prayers, all 5 of them.",
05 Principles of Contact Prayers Salat,https://www.youtube.com/watch?v=tbxOH3KNOvA,00:38:50.880,00:38:57.294,"The innovations, superstitions, prejudices,
customs, and traditions did not hit the Azaan",
05 Principles of Contact Prayers Salat,https://www.youtube.com/watch?v=tbxOH3KNOvA,00:38:57.294,00:39:03.520,"and the Wuḍū only, brothers and sisters,
it also hit the Salat itself, the Contact Prayer.",
05 Principles of Contact Prayers Salat,https://www.youtube.com/watch?v=tbxOH3KNOvA,00:39:03.520,00:39:09.360,"There's so much garbage that we have to remove
from the Contact Prayers to make it pure,",
05 Principles of Contact Prayers Salat,https://www.youtube.com/watch?v=tbxOH3KNOvA,00:39:09.380,00:39:15.860,"and make it exactly the Contact Prayers that the
prophet Muhammad preached and practiced.",
05 Principles of Contact Prayers Salat,https://www.youtube.com/watch?v=tbxOH3KNOvA,00:39:15.860,00:39:22.670,"So, what I'm going to present to you is the
pure Contact Prayer without any innovations",
05 Principles of Contact Prayers Salat,https://www.youtube.com/watch?v=tbxOH3KNOvA,00:39:22.670,00:39:26.500,or additions that happened in the last 1400 years.,
05 Principles of Contact Prayers Salat,https://www.youtube.com/watch?v=tbxOH3KNOvA,00:39:26.500,00:39:31.599,"We are trying to take the Salat, the Contact
Prayers, all the way to the prophet Muhammad,",
05 Principles of Contact Prayers Salat,https://www.youtube.com/watch?v=tbxOH3KNOvA,00:39:31.599,00:39:35.119,"the way he preached it, and the way he practiced it.",
05 Principles of Contact Prayers Salat,https://www.youtube.com/watch?v=tbxOH3KNOvA,00:39:35.119,00:39:43.680,"And the most important point, please pay attention,
the most important point is never to mention",
05 Principles of Contact Prayers Salat,https://www.youtube.com/watch?v=tbxOH3KNOvA,00:39:43.690,00:39:49.150,"any name other than the name of Allah, the
name of God, in your Contact Prayer.",
05 Principles of Contact Prayers Salat,https://www.youtube.com/watch?v=tbxOH3KNOvA,00:39:49.160,00:39:52.320,This is dictated upon us in the Quran.,
05 Principles of Contact Prayers Salat,https://www.youtube.com/watch?v=tbxOH3KNOvA,00:39:52.320,00:39:57.860,"But you probably know that the average Muslim
today adds the names of Muhammad and his family,",
05 Principles of Contact Prayers Salat,https://www.youtube.com/watch?v=tbxOH3KNOvA,00:39:57.860,00:40:01.750,"Abraham and his family, and so on in the
Contact Prayer.",
05 Principles of Contact Prayers Salat,https://www.youtube.com/watch?v=tbxOH3KNOvA,00:40:01.750,00:40:08.000,"And this nullifies the Contact Prayer and makes
it absolutely useless, if not harmful.",
05 Principles of Contact Prayers Salat,https://www.youtube.com/watch?v=tbxOH3KNOvA,00:40:08.000,00:40:13.531,"So, you must be very careful. And this is my
responsibility to tell you that.",
05 Principles of Contact Prayers Salat,https://www.youtube.com/watch?v=tbxOH3KNOvA,00:40:13.531,00:40:18.650,"You must be very careful never to mention
any name other than the name of Allah, the",
05 Principles of Contact Prayers Salat,https://www.youtube.com/watch?v=tbxOH3KNOvA,00:40:18.650,00:40:21.299,"name of God, in the Contact Prayers.",
05 Principles of Contact Prayers Salat,https://www.youtube.com/watch?v=tbxOH3KNOvA,00:40:21.299,00:40:27.469,"We see this in the Quran in Sura 72, AYA or verse number 18,",
05 Principles of Contact Prayers Salat,https://www.youtube.com/watch?v=tbxOH3KNOvA,00:40:27.469,00:40:33.700,"where it says “the places of worship belong
to God, do not mention any other name besides",
05 Principles of Contact Prayers Salat,https://www.youtube.com/watch?v=tbxOH3KNOvA,00:40:33.700,00:40:37.064,the name of God.” This is a Quranic commandment.,
05 Principles of Contact Prayers Salat,https://www.youtube.com/watch?v=tbxOH3KNOvA,00:40:37.064,00:40:43.380,"And in Sura 20, verse 15,
we see the commandment
(20:14) أَقِمِ ٱلصَّلَوٰةَ لِذِكْرِىٓ",
05 Principles of Contact Prayers Salat,https://www.youtube.com/watch?v=tbxOH3KNOvA,00:40:43.380,00:40:49.030,"“observe the Contact Prayers
to commemorate Me” singular. God",
05 Principles of Contact Prayers Salat,https://www.youtube.com/watch?v=tbxOH3KNOvA,00:40:49.030,00:40:56.619,"is telling us that we must commemorate Him
alone in the Salat, in the Contact Prayer.",
05 Principles of Contact Prayers Salat,https://www.youtube.com/watch?v=tbxOH3KNOvA,00:40:56.620,00:41:03.880,"So, I will give you the details of the Contact
Prayers and we will go the mosque now and",
05 Principles of Contact Prayers Salat,https://www.youtube.com/watch?v=tbxOH3KNOvA,00:41:03.880,00:41:05.360,give you a demonstration.,
05 Principles of Contact Prayers Salat,https://www.youtube.com/watch?v=tbxOH3KNOvA,00:41:05.360,00:41:13.206,"But before I do this, I want to clarify that
the TASHAHUD or the recitation while sitting down",
05 Principles of Contact Prayers Salat,https://www.youtube.com/watch?v=tbxOH3KNOvA,00:41:13.206,00:41:18.768,"should be only “Ash-hadu Alla Elaha
Ella Allah Wahdahu La Shareeka Lah”",
05 Principles of Contact Prayers Salat,https://www.youtube.com/watch?v=tbxOH3KNOvA,00:41:18.768,00:41:23.690,"or just “Ash-hadu Alla Elaha Ella Allah”,
or just “La Elaha Ella Allah.” This is",
05 Principles of Contact Prayers Salat,https://www.youtube.com/watch?v=tbxOH3KNOvA,00:41:23.690,00:41:26.499,"enough. “There is no god except the one
God.”",
05 Principles of Contact Prayers Salat,https://www.youtube.com/watch?v=tbxOH3KNOvA,00:41:26.499,00:41:31.175,"And forget about all these names, Muhammad
and his family, Abraham and his family.",
05 Principles of Contact Prayers Salat,https://www.youtube.com/watch?v=tbxOH3KNOvA,00:41:31.175,00:41:38.369,"Muhammad and Abraham will be the first people
to denounce this use of their name in the Contact Prayer.",
05 Principles of Contact Prayers Salat,https://www.youtube.com/watch?v=tbxOH3KNOvA,00:41:38.369,00:41:45.119,"And you know something, all the Imams of Sunni
and Shia, all of them, unanimously agree that",
05 Principles of Contact Prayers Salat,https://www.youtube.com/watch?v=tbxOH3KNOvA,00:41:45.119,00:41:50.350,"this mentioning of Muhammad and his family,
Abraham and his family while sitting down",
05 Principles of Contact Prayers Salat,https://www.youtube.com/watch?v=tbxOH3KNOvA,00:41:50.350,00:41:55.330,"in the Contact Prayer, is not an obligatory
part of the prayer.",
05 Principles of Contact Prayers Salat,https://www.youtube.com/watch?v=tbxOH3KNOvA,00:41:55.330,00:42:01.640,"You heard me right. Unanimously, they agreed
that this is just a desirable, they think,",
05 Principles of Contact Prayers Salat,https://www.youtube.com/watch?v=tbxOH3KNOvA,00:42:01.640,00:42:07.095,"a desirable part, but it is not. It actually
kills your Contact Prayer, makes it useless",
05 Principles of Contact Prayers Salat,https://www.youtube.com/watch?v=tbxOH3KNOvA,00:42:07.095,00:42:13.490,"and actually does harm to you. Because God will be offended
to have other names mentioned besides Him",
05 Principles of Contact Prayers Salat,https://www.youtube.com/watch?v=tbxOH3KNOvA,00:42:13.490,00:42:19.946,"in the daily worship. You're worshiping God
alone. So, just be careful.",
05 Principles of Contact Prayers Salat,https://www.youtube.com/watch?v=tbxOH3KNOvA,00:42:19.946,00:42:26.450,"And this by the way led to the conclusion
that you must recite only Al-Fãtehah, the opening",
05 Principles of Contact Prayers Salat,https://www.youtube.com/watch?v=tbxOH3KNOvA,00:42:26.450,00:42:31.030,"Sura of the Quran while standing up in the
Contact Prayers.",
05 Principles of Contact Prayers Salat,https://www.youtube.com/watch?v=tbxOH3KNOvA,00:42:31.030,00:42:37.080,"Do not recite any Quran after the Al-Fãtehah.
And on the surface, this looks like abandoning",
05 Principles of Contact Prayers Salat,https://www.youtube.com/watch?v=tbxOH3KNOvA,00:42:37.080,00:42:44.230,"the Quran, it is not. It's the exact opposite. Because in the Contact Prayers, a lot of people end up memorizing",
05 Principles of Contact Prayers Salat,https://www.youtube.com/watch?v=tbxOH3KNOvA,00:42:44.230,00:42:49.260,"the short Suras: “qul huwa Allahu ahad”, and “qul
a’uzu…”, and that’s it. And they think",
05 Principles of Contact Prayers Salat,https://www.youtube.com/watch?v=tbxOH3KNOvA,00:42:49.260,00:42:50.860,they know Quran.,
05 Principles of Contact Prayers Salat,https://www.youtube.com/watch?v=tbxOH3KNOvA,00:42:50.860,00:42:56.260,"But I must tell you to read Quran every day.
You must read the Quran every day. This is",
05 Principles of Contact Prayers Salat,https://www.youtube.com/watch?v=tbxOH3KNOvA,00:42:56.270,00:43:02.430,"a commandment from our creator to read His
message, the Quran, every day, the whole Quran,",
05 Principles of Contact Prayers Salat,https://www.youtube.com/watch?v=tbxOH3KNOvA,00:43:02.430,00:43:04.439,not just the short Suras.,
05 Principles of Contact Prayers Salat,https://www.youtube.com/watch?v=tbxOH3KNOvA,00:43:04.439,00:43:09.789,"But in the Contact Prayers, please, you only
need recite Al-Fãtehah.",
05 Principles of Contact Prayers Salat,https://www.youtube.com/watch?v=tbxOH3KNOvA,00:43:09.789,00:43:14.640,"And this is a unifying force of all the Muslims
in the world.",
05 Principles of Contact Prayers Salat,https://www.youtube.com/watch?v=tbxOH3KNOvA,00:43:14.640,00:43:20.720,"I was praying in Mecca one time and the Imam
read Al-Fãtehah and then he read the whole",
05 Principles of Contact Prayers Salat,https://www.youtube.com/watch?v=tbxOH3KNOvA,00:43:20.720,00:43:24.979,"Sura number 32, Sura Al-Sajdah
after Al-Fãtehah.",
05 Principles of Contact Prayers Salat,https://www.youtube.com/watch?v=tbxOH3KNOvA,00:43:24.979,00:43:30.632,"And I was thinking, you know, there are a few
thousands of people in there around the Ka‘bah",
05 Principles of Contact Prayers Salat,https://www.youtube.com/watch?v=tbxOH3KNOvA,00:43:30.632,00:43:35.279,"praying behind this Imam, and the vast majority
of them didn’t know any Arabic.",
05 Principles of Contact Prayers Salat,https://www.youtube.com/watch?v=tbxOH3KNOvA,00:43:35.279,00:43:43.660,"What is their point? They just stand through all
this recitation in Arabic that they do not understand.",
05 Principles of Contact Prayers Salat,https://www.youtube.com/watch?v=tbxOH3KNOvA,00:43:43.660,00:43:46.294,What is required is only recite Al-Fãtehah.,
05 Principles of Contact Prayers Salat,https://www.youtube.com/watch?v=tbxOH3KNOvA,00:43:46.294,00:43:51.160,"And this will unify all the Muslims of the
world. They will do the same thing in all",
05 Principles of Contact Prayers Salat,https://www.youtube.com/watch?v=tbxOH3KNOvA,00:43:51.160,00:43:56.077,"the prayer. In Japan, they know Al-Fãtehah.
They read it in the Contact Prayer. In Sweden,",
05 Principles of Contact Prayers Salat,https://www.youtube.com/watch?v=tbxOH3KNOvA,00:43:56.077,00:44:02.240,"in America, in Canada, in Australia, in Mecca,
in Pakistan, all the Muslims of the world",
05 Principles of Contact Prayers Salat,https://www.youtube.com/watch?v=tbxOH3KNOvA,00:44:02.240,00:44:04.080,will do the same thing.,
05 Principles of Contact Prayers Salat,https://www.youtube.com/watch?v=tbxOH3KNOvA,00:44:04.080,00:44:10.670,"But this business of reciting long portions
of the Quran is wrong. It actually ruins the",
05 Principles of Contact Prayers Salat,https://www.youtube.com/watch?v=tbxOH3KNOvA,00:44:10.670,00:44:16.980,"Contact Prayer. God wants things to be easy
for us, but Satan wants to make things difficult",
05 Principles of Contact Prayers Salat,https://www.youtube.com/watch?v=tbxOH3KNOvA,00:44:16.980,00:44:23.371,"for us. So, he adds all things. Besides,
when you recite the Quran, you mention Moses and",
05 Principles of Contact Prayers Salat,https://www.youtube.com/watch?v=tbxOH3KNOvA,00:44:23.371,00:44:27.606,"Jesus and Muhammad and Pharaoh and the
devil and all these things.",
05 Principles of Contact Prayers Salat,https://www.youtube.com/watch?v=tbxOH3KNOvA,00:44:27.606,00:44:33.390,"You'll mention other names besides the name of
God in the prayer, and this is forbidden by",
05 Principles of Contact Prayers Salat,https://www.youtube.com/watch?v=tbxOH3KNOvA,00:44:33.390,00:44:34.739,commandment from God.,
05 Principles of Contact Prayers Salat,https://www.youtube.com/watch?v=tbxOH3KNOvA,00:44:34.739,00:44:36.980,We are not to mention any name.,
05 Principles of Contact Prayers Salat,https://www.youtube.com/watch?v=tbxOH3KNOvA,00:44:36.980,00:44:42.420,"When you recite the Quran in the mosque and
you mention other names, it's because God says",
05 Principles of Contact Prayers Salat,https://www.youtube.com/watch?v=tbxOH3KNOvA,00:44:42.420,00:44:48.045,"so in the Quran. It says
(19:16) وَٱذْكُرْ فِى ٱلْكِتَـٰبِ مَرْيَمَ
for example. This is God’s commandment.",
05 Principles of Contact Prayers Salat,https://www.youtube.com/watch?v=tbxOH3KNOvA,00:44:48.045,00:44:55.000,"You can mention the name of Mary in the Quran
in order to learn from the lessons of previous",
05 Principles of Contact Prayers Salat,https://www.youtube.com/watch?v=tbxOH3KNOvA,00:44:55.000,00:44:57.700,"prophets, messengers, and so on.",
05 Principles of Contact Prayers Salat,https://www.youtube.com/watch?v=tbxOH3KNOvA,00:44:57.700,00:45:03.020,"And it is a commandment from God to mention. So, when we read the Quran, we mention these",
05 Principles of Contact Prayers Salat,https://www.youtube.com/watch?v=tbxOH3KNOvA,00:45:03.030,00:45:06.360,"names only because God commanded us to do
so.",
05 Principles of Contact Prayers Salat,https://www.youtube.com/watch?v=tbxOH3KNOvA,00:45:06.360,00:45:12.780,"But in the Contact Prayers, in the Salat,
we are commanded never to mention any other",
05 Principles of Contact Prayers Salat,https://www.youtube.com/watch?v=tbxOH3KNOvA,00:45:12.780,00:45:16.255,"name but the name of Allah, the name of God.",
05 Principles of Contact Prayers Salat,https://www.youtube.com/watch?v=tbxOH3KNOvA,00:45:38.050,00:45:44.730,"After you have done the Wuḍū and you are
ready for the prayer, you go to a nice clean",
05 Principles of Contact Prayers Salat,https://www.youtube.com/watch?v=tbxOH3KNOvA,00:45:44.730,00:45:50.350,"place. You don’t necessarily need the
prayer rug. This is one of those innovations.",
05 Principles of Contact Prayers Salat,https://www.youtube.com/watch?v=tbxOH3KNOvA,00:45:50.350,00:45:57.789,"You can pray in any clean place, even bare
ground as long as it is dry and clean.",
05 Principles of Contact Prayers Salat,https://www.youtube.com/watch?v=tbxOH3KNOvA,00:45:57.789,00:46:04.390,"So, you go to a nice clean place and you find
the direction of Mecca, the direction of the",
05 Principles of Contact Prayers Salat,https://www.youtube.com/watch?v=tbxOH3KNOvA,00:46:04.390,00:46:09.560,"Sacred Mosque, because this is
a commandment in Quran that you must face.",
05 Principles of Contact Prayers Salat,https://www.youtube.com/watch?v=tbxOH3KNOvA,00:46:09.560,00:46:15.960,"This is an organizational point. There
is no other significance to it, except organizational.",
05 Principles of Contact Prayers Salat,https://www.youtube.com/watch?v=tbxOH3KNOvA,00:46:15.960,00:46:22.060,"You can imagine people going in a mosque and
facing in different directions, it'll be a mess.",
05 Principles of Contact Prayers Salat,https://www.youtube.com/watch?v=tbxOH3KNOvA,00:46:22.060,00:46:28.660,"So, this organizational point dictates on
us that we must face the direction of Mecca,",
05 Principles of Contact Prayers Salat,https://www.youtube.com/watch?v=tbxOH3KNOvA,00:46:28.670,00:46:30.300,wherever you might be.,
05 Principles of Contact Prayers Salat,https://www.youtube.com/watch?v=tbxOH3KNOvA,00:46:30.300,00:46:39.890,"So, in the United States, the direction generally
is slightly south of east, slightly south",
05 Principles of Contact Prayers Salat,https://www.youtube.com/watch?v=tbxOH3KNOvA,00:46:39.890,00:46:42.440,"of east, southeast.",
05 Principles of Contact Prayers Salat,https://www.youtube.com/watch?v=tbxOH3KNOvA,00:46:42.440,00:46:48.040,"So, find the direction of Mecca. You face that
direction and then you make your intention.",
05 Principles of Contact Prayers Salat,https://www.youtube.com/watch?v=tbxOH3KNOvA,00:46:48.040,00:46:50.070,This is the first step.,
05 Principles of Contact Prayers Salat,https://www.youtube.com/watch?v=tbxOH3KNOvA,00:46:50.070,00:46:55.189,"You must say “I intend to do the Morning Prayer”
in any language you like.",
05 Principles of Contact Prayers Salat,https://www.youtube.com/watch?v=tbxOH3KNOvA,00:46:55.189,00:47:01.210,"If you want it in Arabic, you can say “Nawaytu
Salat Al-Sobh.” This will be the NIYYA or",
05 Principles of Contact Prayers Salat,https://www.youtube.com/watch?v=tbxOH3KNOvA,00:47:01.210,00:47:03.937,the intention for the Morning Prayer.,
05 Principles of Contact Prayers Salat,https://www.youtube.com/watch?v=tbxOH3KNOvA,00:47:03.937,00:47:11.690,"Or if it is for the Noon Prayer, you say, in
your heart or in an audible voice “I intend",
05 Principles of Contact Prayers Salat,https://www.youtube.com/watch?v=tbxOH3KNOvA,00:47:11.690,00:47:16.750,"to do the Noon Prayer”, “Nawaytu Salat
Al-Zuhr” in Arabic.",
05 Principles of Contact Prayers Salat,https://www.youtube.com/watch?v=tbxOH3KNOvA,00:47:16.750,00:47:22.520,"If it is the Afternoon Prayer, it is “Nawaytu
Salat Al-Asr.”",
05 Principles of Contact Prayers Salat,https://www.youtube.com/watch?v=tbxOH3KNOvA,00:47:22.520,00:47:29.600,"And for the Sunset Prayer, the NIYYA or intention
is “Nawaytu Salat Al-Maghrib.”",
05 Principles of Contact Prayers Salat,https://www.youtube.com/watch?v=tbxOH3KNOvA,00:47:29.600,00:47:36.980,"For the Night Prayer, the intention or the NIYYA
is “Nawaytu Salat Al-'Eshaa.”",
05 Principles of Contact Prayers Salat,https://www.youtube.com/watch?v=tbxOH3KNOvA,00:47:36.980,00:47:41.409,"So, but you can do it in any language you
wish, secretly or loudly.",
05 Principles of Contact Prayers Salat,https://www.youtube.com/watch?v=tbxOH3KNOvA,00:47:41.409,00:47:46.450,"Now after you do the NIYYA, now you're facing the direction of Mecca, you make your intention",
05 Principles of Contact Prayers Salat,https://www.youtube.com/watch?v=tbxOH3KNOvA,00:47:46.450,00:47:52.420,"or NIYYA, then you open the Salat by raising
your hands to the sides of your face and saying",
05 Principles of Contact Prayers Salat,https://www.youtube.com/watch?v=tbxOH3KNOvA,00:47:52.420,00:47:57.500,"“Allahu akbar” like this “Allahu akbar.""",
05 Principles of Contact Prayers Salat,https://www.youtube.com/watch?v=tbxOH3KNOvA,00:47:57.500,00:48:00.435,There is your opening of the Salat.,
05 Principles of Contact Prayers Salat,https://www.youtube.com/watch?v=tbxOH3KNOvA,00:48:00.435,00:48:11.054,"Once you say “Allahu Akbar” in this manner, you have started your contact or Salat, your contact with your creator.",
05 Principles of Contact Prayers Salat,https://www.youtube.com/watch?v=tbxOH3KNOvA,00:48:11.054,00:48:18.916,"Now after you make the opening TAKBIR, Allahu akbar, you can either put your hands on the side",
05 Principles of Contact Prayers Salat,https://www.youtube.com/watch?v=tbxOH3KNOvA,00:48:18.916,00:48:22.369,"or you can choose to hold them like
this, with your left hand",
05 Principles of Contact Prayers Salat,https://www.youtube.com/watch?v=tbxOH3KNOvA,00:48:22.369,00:48:27.450,"on your stomach, and your right
hand on top of your left hand. It doesn’t",
05 Principles of Contact Prayers Salat,https://www.youtube.com/watch?v=tbxOH3KNOvA,00:48:27.450,00:48:32.080,"make any difference. Some people make a big
deal out of it, but there is no difference.",
05 Principles of Contact Prayers Salat,https://www.youtube.com/watch?v=tbxOH3KNOvA,00:48:32.080,00:48:33.856,Either way is correct.,
05 Principles of Contact Prayers Salat,https://www.youtube.com/watch?v=tbxOH3KNOvA,00:48:33.856,00:48:37.920,"So, this is the opening of the Salat,
the Contact Prayer.",
05 Principles of Contact Prayers Salat,https://www.youtube.com/watch?v=tbxOH3KNOvA,00:48:37.920,00:48:41.040,Allahu akbar.,
05 Principles of Contact Prayers Salat,https://www.youtube.com/watch?v=tbxOH3KNOvA,00:48:41.040,00:48:46.215,"Now, you are ready to recite Al-Fãtehah, the
opening Sura of Quran.",
05 Principles of Contact Prayers Salat,https://www.youtube.com/watch?v=tbxOH3KNOvA,00:48:48.131,00:48:55.820,"The easiest way for you is to have me write the words in English transliteration, English letters.",
05 Principles of Contact Prayers Salat,https://www.youtube.com/watch?v=tbxOH3KNOvA,00:48:55.820,00:49:02.570,"So, before you do the Wuḍū, the ablution,
you can say your intention “I intend to",
05 Principles of Contact Prayers Salat,https://www.youtube.com/watch?v=tbxOH3KNOvA,00:49:02.570,00:49:06.790,"make the ablution” or Wuḍū either in
English or in Arabic.",
05 Principles of Contact Prayers Salat,https://www.youtube.com/watch?v=tbxOH3KNOvA,00:49:06.790,00:49:12.130,"So “I intend to do the ablution” in English,
the Arabic would be “Nawaytu Al-Wuḍū”.",
05 Principles of Contact Prayers Salat,https://www.youtube.com/watch?v=tbxOH3KNOvA,00:49:12.130,00:49:28.720,"And you write it like this “Nawaytu.”
“Nawaytu” which means “I intend.”",
05 Principles of Contact Prayers Salat,https://www.youtube.com/watch?v=tbxOH3KNOvA,00:49:28.720,00:49:32.620,Nawaytu Al-Wuḍū.,
05 Principles of Contact Prayers Salat,https://www.youtube.com/watch?v=tbxOH3KNOvA,00:49:32.620,00:49:35.439,“Al” means “the.”,
05 Principles of Contact Prayers Salat,https://www.youtube.com/watch?v=tbxOH3KNOvA,00:49:35.439,00:49:45.380,"Ablution “Wuḍū”, “Al-Wuḍū.”",
05 Principles of Contact Prayers Salat,https://www.youtube.com/watch?v=tbxOH3KNOvA,00:49:45.380,00:49:50.522,“Nawaytu Al-Wuḍū”,
05 Principles of Contact Prayers Salat,https://www.youtube.com/watch?v=tbxOH3KNOvA,00:49:50.522,00:49:58.460,"Let me write the words of Azaan for you. “Allahu
Akbar, Allahu Akbar, Allahu Akbar Allahu Akbar,",
05 Principles of Contact Prayers Salat,https://www.youtube.com/watch?v=tbxOH3KNOvA,00:49:58.460,00:50:00.540,La Elaha Ella Allah.”,
05 Principles of Contact Prayers Salat,https://www.youtube.com/watch?v=tbxOH3KNOvA,00:50:00.540,00:50:04.960,"So, in the Azaan, we say “Allahu Akbar” 4 times.",
05 Principles of Contact Prayers Salat,https://www.youtube.com/watch?v=tbxOH3KNOvA,00:50:04.960,00:50:17.280,"“Allahu Akbar“ meaning “God is 
the greatest.” Allahu",
05 Principles of Contact Prayers Salat,https://www.youtube.com/watch?v=tbxOH3KNOvA,00:50:17.280,00:50:30.000,"“Allahu”, “God” “Akbar” (greatest).",
05 Principles of Contact Prayers Salat,https://www.youtube.com/watch?v=tbxOH3KNOvA,00:50:30.000,00:50:36.380,"Allahu Akbar, 4 times.",
05 Principles of Contact Prayers Salat,https://www.youtube.com/watch?v=tbxOH3KNOvA,00:50:36.380,00:50:39.139,"Then, “La Elaha Ella Allah.”",
05 Principles of Contact Prayers Salat,https://www.youtube.com/watch?v=tbxOH3KNOvA,00:50:39.139,00:50:41.960,“La” means no.,
05 Principles of Contact Prayers Salat,https://www.youtube.com/watch?v=tbxOH3KNOvA,00:50:44.120,00:50:45.340,La,
05 Principles of Contact Prayers Salat,https://www.youtube.com/watch?v=tbxOH3KNOvA,00:50:45.340,00:50:53.640,“Elaha” meaning god with a small g.,
05 Principles of Contact Prayers Salat,https://www.youtube.com/watch?v=tbxOH3KNOvA,00:51:00.900,00:51:04.940,"“La” means no. ""Elaha"" is god.",
05 Principles of Contact Prayers Salat,https://www.youtube.com/watch?v=tbxOH3KNOvA,00:51:04.940,00:51:06.380,no,
05 Principles of Contact Prayers Salat,https://www.youtube.com/watch?v=tbxOH3KNOvA,00:51:06.380,00:51:09.280,"""Elaha"" is god with a small g.",
05 Principles of Contact Prayers Salat,https://www.youtube.com/watch?v=tbxOH3KNOvA,00:51:12.140,00:51:15.140,“Ella” means except.,
05 Principles of Contact Prayers Salat,https://www.youtube.com/watch?v=tbxOH3KNOvA,00:51:19.180,00:51:23.460,"""Ella"", except",
05 Principles of Contact Prayers Salat,https://www.youtube.com/watch?v=tbxOH3KNOvA,00:51:28.700,00:51:39.300,"""Allah""
means God.",
05 Principles of Contact Prayers Salat,https://www.youtube.com/watch?v=tbxOH3KNOvA,00:51:43.264,00:51:45.974,“La Elaha Ella Allah“,
05 Principles of Contact Prayers Salat,https://www.youtube.com/watch?v=tbxOH3KNOvA,00:51:45.974,00:51:53.460,"So, this is the complete Azaan, the original
Azaan without any innovations or additions",
05 Principles of Contact Prayers Salat,https://www.youtube.com/watch?v=tbxOH3KNOvA,00:51:53.460,00:51:56.000,or traditions.,
05 Principles of Contact Prayers Salat,https://www.youtube.com/watch?v=tbxOH3KNOvA,00:51:56.000,00:52:02.640,"A lot of people think that Allah is the name
of God, but it is not. Allah simply means God.",
05 Principles of Contact Prayers Salat,https://www.youtube.com/watch?v=tbxOH3KNOvA,00:52:02.640,00:52:05.700,The English word for it is God.,
05 Principles of Contact Prayers Salat,https://www.youtube.com/watch?v=tbxOH3KNOvA,00:52:05.710,00:52:11.500,"The non-Muslims in the Arabic world say “Allah”
because this is the Arabic word for God",
05 Principles of Contact Prayers Salat,https://www.youtube.com/watch?v=tbxOH3KNOvA,00:52:11.500,00:52:13.376,even though they are not Muslims.,
05 Principles of Contact Prayers Salat,https://www.youtube.com/watch?v=tbxOH3KNOvA,00:52:13.376,00:52:18.900,"They will say “IN SHAA ALLAH.” They say “Allah” and because 
simply that is the language.",
05 Principles of Contact Prayers Salat,https://www.youtube.com/watch?v=tbxOH3KNOvA,00:52:18.900,00:52:25.780,"It is not the name of God. This is why I use
the word, the English word, “God” for ""Allah.""",
05 Principles of Contact Prayers Salat,https://www.youtube.com/watch?v=tbxOH3KNOvA,00:52:28.140,00:52:34.334,"Allahu Akbar
Allahu Akbar",
05 Principles of Contact Prayers Salat,https://www.youtube.com/watch?v=tbxOH3KNOvA,00:52:37.480,00:52:44.054,"Allahu Akbar
Allahu Akbar",
05 Principles of Contact Prayers Salat,https://www.youtube.com/watch?v=tbxOH3KNOvA,00:52:45.440,00:52:50.860,La Elaha Ella Allah,
05 Principles of Contact Prayers Salat,https://www.youtube.com/watch?v=tbxOH3KNOvA,00:52:52.820,00:52:57.780,"I'm going to write the NIYYA or intention
for every prayer for you, so you can see how",
05 Principles of Contact Prayers Salat,https://www.youtube.com/watch?v=tbxOH3KNOvA,00:52:57.780,00:52:59.880,it is spelled.,
05 Principles of Contact Prayers Salat,https://www.youtube.com/watch?v=tbxOH3KNOvA,00:52:59.880,00:53:04.300,"Here's the NIYYA or intention for the Morning
Prayer.",
05 Principles of Contact Prayers Salat,https://www.youtube.com/watch?v=tbxOH3KNOvA,00:53:04.300,00:53:16.940,"“Nawaytu” – “Nawaytu” which means
“I intend.""",
05 Principles of Contact Prayers Salat,https://www.youtube.com/watch?v=tbxOH3KNOvA,00:53:16.940,00:53:41.340,"“Salat” – “Salat Al-Subh” – “Al”
– “Subh” – “Al-Subh”",
05 Principles of Contact Prayers Salat,https://www.youtube.com/watch?v=tbxOH3KNOvA,00:53:41.340,00:53:47.246,"“I intend to do the Morning Prayer” – “Nawaytu
Salat Al-Subh.”",
05 Principles of Contact Prayers Salat,https://www.youtube.com/watch?v=tbxOH3KNOvA,00:53:47.246,00:53:56.131,"Now, to make it the Noon Prayer, you just... you say the same thing except you change",
05 Principles of Contact Prayers Salat,https://www.youtube.com/watch?v=tbxOH3KNOvA,00:53:56.131,00:54:02.880,“Al-Subh” to “Zuhr” which means “noon.”,
05 Principles of Contact Prayers Salat,https://www.youtube.com/watch?v=tbxOH3KNOvA,00:54:02.880,00:54:07.640,“Nawaytu” – “Nawaytu Salat Al-Zuhr.”,
05 Principles of Contact Prayers Salat,https://www.youtube.com/watch?v=tbxOH3KNOvA,00:54:07.640,00:54:16.800,"This will make it the Noon Prayer, “Al-Zuhr.”",
05 Principles of Contact Prayers Salat,https://www.youtube.com/watch?v=tbxOH3KNOvA,00:54:16.800,00:54:20.640,"For the Afternoon Prayer, you just make it
“Al-'Asr”",
05 Principles of Contact Prayers Salat,https://www.youtube.com/watch?v=tbxOH3KNOvA,00:54:20.640,00:54:38.265,"“Salat Al-'Asr.” You write 'A like this ""Al-'Asr."" “Nawaytu Salat Al-'Asr.”",
05 Principles of Contact Prayers Salat,https://www.youtube.com/watch?v=tbxOH3KNOvA,00:54:38.265,00:54:45.440,"The Sunset, you make it “Al-Maghrib.”",
05 Principles of Contact Prayers Salat,https://www.youtube.com/watch?v=tbxOH3KNOvA,00:54:45.440,00:55:03.980,"“Nawaytu Salat Al-Maghrib”, it's written
like this “Al-Maghrib.”",
05 Principles of Contact Prayers Salat,https://www.youtube.com/watch?v=tbxOH3KNOvA,00:55:03.980,00:55:08.599,"“Nawaytu Salat Al-Maghrib.” This is the
Sunset Prayer.",
05 Principles of Contact Prayers Salat,https://www.youtube.com/watch?v=tbxOH3KNOvA,00:55:08.599,00:55:13.330,And the Night Prayer is “Al-'Eshaa.”,
05 Principles of Contact Prayers Salat,https://www.youtube.com/watch?v=tbxOH3KNOvA,00:55:13.330,00:55:27.220,“Nawaytu Salat Al-'Eshaa” – “Al-'Eshaa.”,
05 Principles of Contact Prayers Salat,https://www.youtube.com/watch?v=tbxOH3KNOvA,00:55:27.220,00:55:34.240,“Nawaytu Salat Al-'Eshaa.”,
05 Principles of Contact Prayers Salat,https://www.youtube.com/watch?v=tbxOH3KNOvA,00:55:34.240,00:55:42.920,"By now you know how Allahu akbar is written,
the opening of the Contact Prayer “Allahu akbar.""",
05 Principles of Contact Prayers Salat,https://www.youtube.com/watch?v=tbxOH3KNOvA,00:55:42.920,00:55:45.880,This is followed by Sura Al-Fãtehah.,
05 Principles of Contact Prayers Salat,https://www.youtube.com/watch?v=tbxOH3KNOvA,00:55:45.880,00:56:02.860,"And it is written like this:
The first verse is “Bism Allah.”",
05 Principles of Contact Prayers Salat,https://www.youtube.com/watch?v=tbxOH3KNOvA,00:56:02.860,00:56:13.120,“Arrahman.”,
05 Principles of Contact Prayers Salat,https://www.youtube.com/watch?v=tbxOH3KNOvA,00:56:13.120,00:56:29.980,“Arraheem.”,
05 Principles of Contact Prayers Salat,https://www.youtube.com/watch?v=tbxOH3KNOvA,00:56:29.980,00:56:34.820,“Bism Allah Arrahman Arraheem.”,
05 Principles of Contact Prayers Salat,https://www.youtube.com/watch?v=tbxOH3KNOvA,00:56:34.820,00:56:46.260,“Al hamdu”,
05 Principles of Contact Prayers Salat,https://www.youtube.com/watch?v=tbxOH3KNOvA,00:56:46.260,00:56:54.320,“Lillahi”,
05 Principles of Contact Prayers Salat,https://www.youtube.com/watch?v=tbxOH3KNOvA,00:56:54.320,00:57:14.340,“Rabbil ‘Alameen”,
05 Principles of Contact Prayers Salat,https://www.youtube.com/watch?v=tbxOH3KNOvA,00:57:14.340,00:57:21.380,"Okay, “Bism Allah Arrahman Arraheem”
means “in the name of God, most Gracious,",
05 Principles of Contact Prayers Salat,https://www.youtube.com/watch?v=tbxOH3KNOvA,00:57:21.380,00:57:23.760,most Merciful.”,
05 Principles of Contact Prayers Salat,https://www.youtube.com/watch?v=tbxOH3KNOvA,00:57:23.760,00:57:28.760,"“Al hamdu Lillahi” means “praise be
to God.""",
05 Principles of Contact Prayers Salat,https://www.youtube.com/watch?v=tbxOH3KNOvA,00:57:28.760,00:57:34.740,"“Rabbil ‘Alameen” means “Lord of
the universe.”",
05 Principles of Contact Prayers Salat,https://www.youtube.com/watch?v=tbxOH3KNOvA,00:57:34.740,00:57:41.380,"“Bism Allah Arrahman Arraheem. Al hamdu
Lillahi Rabbil ‘Alameen”, “in the name",
05 Principles of Contact Prayers Salat,https://www.youtube.com/watch?v=tbxOH3KNOvA,00:57:41.380,00:57:49.080,"of God, most Gracious, most Merciful. Praise
be to God, Lord of the universe.”",
05 Principles of Contact Prayers Salat,https://www.youtube.com/watch?v=tbxOH3KNOvA,00:57:49.080,00:58:12.880,"And the next statement is familiar to you:
“Arrahman Arraheem”, “Most Gracious",
05 Principles of Contact Prayers Salat,https://www.youtube.com/watch?v=tbxOH3KNOvA,00:58:12.880,00:58:19.690,Most Merciful.”,
05 Principles of Contact Prayers Salat,https://www.youtube.com/watch?v=tbxOH3KNOvA,00:58:19.690,00:58:33.560,"And the next statement is: “Maliki” means
“Master” or “King.”",
05 Principles of Contact Prayers Salat,https://www.youtube.com/watch?v=tbxOH3KNOvA,00:58:33.560,00:58:51.240,"“Yawm” means day. “Eddeen”; recompense.
""Yawm Eddeen"" day of recompense.",
05 Principles of Contact Prayers Salat,https://www.youtube.com/watch?v=tbxOH3KNOvA,00:58:51.240,00:58:57.120,"So “Arrahman Arraheem”, “Most Gracious,
Most Merciful”, “Maliki Yawm Eddeen”,",
05 Principles of Contact Prayers Salat,https://www.youtube.com/watch?v=tbxOH3KNOvA,00:58:57.120,00:59:00.680,"“Master of 
the Day of Recompense.”",
05 Principles of Contact Prayers Salat,https://www.youtube.com/watch?v=tbxOH3KNOvA,00:59:00.680,00:59:30.820,"“Eyyaka Na’abudu” means “only You
we worship.”",
05 Principles of Contact Prayers Salat,https://www.youtube.com/watch?v=tbxOH3KNOvA,00:59:30.820,00:59:33.890,“Wa Eyyaka” means “and only You”,
05 Principles of Contact Prayers Salat,https://www.youtube.com/watch?v=tbxOH3KNOvA,00:59:33.890,00:59:36.340,“Wa” means “and.”,
05 Principles of Contact Prayers Salat,https://www.youtube.com/watch?v=tbxOH3KNOvA,00:59:36.340,00:59:59.900,"“Eyyaka Nasta’aeen” means “we ask
for help, only You we ask for help.”",
05 Principles of Contact Prayers Salat,https://www.youtube.com/watch?v=tbxOH3KNOvA,00:59:59.900,01:00:07.510,"“Wa Eyyaka Nasta’aeen”, “and only
You we ask for help.”",
05 Principles of Contact Prayers Salat,https://www.youtube.com/watch?v=tbxOH3KNOvA,01:00:07.510,01:00:15.959,"The next statement... now, of course, you can
always go back, reverse the tape and watch",
05 Principles of Contact Prayers Salat,https://www.youtube.com/watch?v=tbxOH3KNOvA,01:00:15.959,01:00:24.226,"all these words until you know them very
well by heart.",
05 Principles of Contact Prayers Salat,https://www.youtube.com/watch?v=tbxOH3KNOvA,01:00:24.226,01:00:31.080,"The next statement is “Ehdina Al-Serata
Al-Mustaqeem”, “guide us in the right path.""",
05 Principles of Contact Prayers Salat,https://www.youtube.com/watch?v=tbxOH3KNOvA,01:00:31.080,01:00:40.200,“Ehdina” means “guide us.”,
05 Principles of Contact Prayers Salat,https://www.youtube.com/watch?v=tbxOH3KNOvA,01:00:40.200,01:00:51.900,“Al-Serata” means “the path”.,
05 Principles of Contact Prayers Salat,https://www.youtube.com/watch?v=tbxOH3KNOvA,01:00:51.900,01:01:05.060,"“Al-Mustaqeem”, “the straight” or
the right path.",
05 Principles of Contact Prayers Salat,https://www.youtube.com/watch?v=tbxOH3KNOvA,01:01:08.140,01:01:14.980,"“Ehdina Al-Serata Al-Mustaqeem”, “guide
us in the right path.”",
05 Principles of Contact Prayers Salat,https://www.youtube.com/watch?v=tbxOH3KNOvA,01:01:14.980,01:01:26.920,“Serata” means “the path of”,
05 Principles of Contact Prayers Salat,https://www.youtube.com/watch?v=tbxOH3KNOvA,01:01:26.920,01:01:36.780,"“Al-Lazeena” means “the path
of those”",
05 Principles of Contact Prayers Salat,https://www.youtube.com/watch?v=tbxOH3KNOvA,01:01:36.780,01:01:44.340,“An’amta” means “those whom You blessed.”,
05 Principles of Contact Prayers Salat,https://www.youtube.com/watch?v=tbxOH3KNOvA,01:01:44.340,01:01:55.260,"“An’amta ‘Alayhim”, “You showered
Your blessings on them.”",
05 Principles of Contact Prayers Salat,https://www.youtube.com/watch?v=tbxOH3KNOvA,01:01:55.260,01:02:00.640,"“Ehdina Al-Serata Al-Mustaqeem”, “guide
us in the right path.”",
05 Principles of Contact Prayers Salat,https://www.youtube.com/watch?v=tbxOH3KNOvA,01:02:00.640,01:02:09.640,"“Serata Al-Lazeena An’amta ‘Alayhim”, 
“the path of those whom you blessed.”",
05 Principles of Contact Prayers Salat,https://www.youtube.com/watch?v=tbxOH3KNOvA,01:02:09.640,01:02:22.020,"And then we go to the last statement in 
the Al-Fãtehah, “Ghayri Al-Maghdoobi ‘Alayhim.”",
05 Principles of Contact Prayers Salat,https://www.youtube.com/watch?v=tbxOH3KNOvA,01:02:22.020,01:02:31.120,"“Ghayri” means “other than, or not.”",
05 Principles of Contact Prayers Salat,https://www.youtube.com/watch?v=tbxOH3KNOvA,01:02:31.120,01:02:54.060,"“Al-Maghdoobi ‘Alayhim” means “not
the path of those who incur wrath, or anger.”",
05 Principles of Contact Prayers Salat,https://www.youtube.com/watch?v=tbxOH3KNOvA,01:02:54.060,01:02:56.780,“Ghayri Al-Maghdoobi ‘Alayhim.”,
05 Principles of Contact Prayers Salat,https://www.youtube.com/watch?v=tbxOH3KNOvA,01:02:56.780,01:02:58.080,“Wa Laddaalleen” (not the strayers).,
05 Principles of Contact Prayers Salat,https://www.youtube.com/watch?v=tbxOH3KNOvA,01:02:58.080,01:03:00.480,“Wa” means “and.”,
05 Principles of Contact Prayers Salat,https://www.youtube.com/watch?v=tbxOH3KNOvA,01:03:00.480,01:03:03.820,"“La” means “no”, “nor” “Wa La”",
05 Principles of Contact Prayers Salat,https://www.youtube.com/watch?v=tbxOH3KNOvA,01:03:03.820,01:03:13.880,"“Wa Laddaalleen”, and this is the end of
it – “and not the strayers.”",
05 Principles of Contact Prayers Salat,https://www.youtube.com/watch?v=tbxOH3KNOvA,01:03:13.880,01:03:18.460,"“Ghayri Al-Maghdoobi ‘Alayhim”, “not
the path of those who incur wrath, or anger”",
05 Principles of Contact Prayers Salat,https://www.youtube.com/watch?v=tbxOH3KNOvA,01:03:18.460,01:03:22.550,"“Wa Laddaalleen”, “nor the strayers.”",
05 Principles of Contact Prayers Salat,https://www.youtube.com/watch?v=tbxOH3KNOvA,01:03:42.960,01:03:48.474,"After you recite Al-Fãtehah, then you make Ruku, bowing.",
05 Principles of Contact Prayers Salat,https://www.youtube.com/watch?v=tbxOH3KNOvA,01:03:48.474,01:03:54.554,"And as you bow you say “Allahu Akbar”
and you know what that looks like. I wrote it for you.",
05 Principles of Contact Prayers Salat,https://www.youtube.com/watch?v=tbxOH3KNOvA,01:03:54.554,01:04:00.240,"Then during the Ruku you say “Subhaana Rabbiya
Al-‘Azeem” about three times. It doesn’t",
05 Principles of Contact Prayers Salat,https://www.youtube.com/watch?v=tbxOH3KNOvA,01:04:00.240,01:04:02.500,"matter, two or three or four times.",
05 Principles of Contact Prayers Salat,https://www.youtube.com/watch?v=tbxOH3KNOvA,01:04:02.500,01:04:12.300,“Subhaana” means “glory be to.”,
05 Principles of Contact Prayers Salat,https://www.youtube.com/watch?v=tbxOH3KNOvA,01:04:12.300,01:04:22.500,"“Subhaana Rabbiya” means “Glory be
to my Lord.”",
05 Principles of Contact Prayers Salat,https://www.youtube.com/watch?v=tbxOH3KNOvA,01:04:22.500,01:04:31.560,“Al-‘Azeem” means “the Great.”,
05 Principles of Contact Prayers Salat,https://www.youtube.com/watch?v=tbxOH3KNOvA,01:04:31.560,01:04:38.700,"“Subhaana Rabbiya Al-‘Azeem”, “Glory
be to my Lord, the Great.”",
05 Principles of Contact Prayers Salat,https://www.youtube.com/watch?v=tbxOH3KNOvA,01:04:38.700,01:04:47.100,"Then, you stand up and in this position only
you say “Sami’a Allahu Leman Hamidah”",
05 Principles of Contact Prayers Salat,https://www.youtube.com/watch?v=tbxOH3KNOvA,01:04:47.100,01:04:50.980,means “God hears anyone who praises Him.”,
05 Principles of Contact Prayers Salat,https://www.youtube.com/watch?v=tbxOH3KNOvA,01:04:50.980,01:05:09.820,"And it is written like this
“Sami’a Allahu”",
05 Principles of Contact Prayers Salat,https://www.youtube.com/watch?v=tbxOH3KNOvA,01:05:09.820,01:05:17.220,"“Leman”, “anyone.”",
05 Principles of Contact Prayers Salat,https://www.youtube.com/watch?v=tbxOH3KNOvA,01:05:17.220,01:05:25.480,"“Hamidah”, “who praises him.”",
05 Principles of Contact Prayers Salat,https://www.youtube.com/watch?v=tbxOH3KNOvA,01:05:25.480,01:05:31.140,"“Sami’a Allahu Leman Hamidah” as you
stand up.",
05 Principles of Contact Prayers Salat,https://www.youtube.com/watch?v=tbxOH3KNOvA,01:05:31.140,01:05:39.400,"Then, you make the first prostration, Sujud.",
05 Principles of Contact Prayers Salat,https://www.youtube.com/watch?v=tbxOH3KNOvA,01:05:39.400,01:05:44.160,"And when you do that, you say “Allahu Akbar”
as you go down in prostration.",
05 Principles of Contact Prayers Salat,https://www.youtube.com/watch?v=tbxOH3KNOvA,01:05:44.160,01:05:58.640,"And during prostration, you say
“Subhaana Rabbiya Al-A‘alaa”",
05 Principles of Contact Prayers Salat,https://www.youtube.com/watch?v=tbxOH3KNOvA,01:05:58.640,01:06:05.920,"about three or four times, means “Glory be to my lord,
the Most High.”",
05 Principles of Contact Prayers Salat,https://www.youtube.com/watch?v=tbxOH3KNOvA,01:06:05.930,01:06:09.002,"“Al-A‘alaa”, “the Most High.”",
05 Principles of Contact Prayers Salat,https://www.youtube.com/watch?v=tbxOH3KNOvA,01:06:09.002,01:06:13.900,"And this takes care of all the words of the
Contact Prayers.",
05 Principles of Contact Prayers Salat,https://www.youtube.com/watch?v=tbxOH3KNOvA,01:06:13.900,01:06:19.420,"Now, you know how to say all the words and
if you play the tape over and over, you can",
05 Principles of Contact Prayers Salat,https://www.youtube.com/watch?v=tbxOH3KNOvA,01:06:19.420,01:06:23.653,"see how exactly they are written down and
how they are pronounced.",
05 Principles of Contact Prayers Salat,https://www.youtube.com/watch?v=tbxOH3KNOvA,01:07:17.440,01:07:24.840,"In the sitting position, you say “Ash-hadu
Alla Elaha Ella Allah, Wahdahu La Shareeka Lah""",
05 Principles of Contact Prayers Salat,https://www.youtube.com/watch?v=tbxOH3KNOvA,01:07:24.840,01:07:30.000,"which means “I bear witness that
there is no god except Allah, the one God,",
05 Principles of Contact Prayers Salat,https://www.youtube.com/watch?v=tbxOH3KNOvA,01:07:30.000,01:07:30.940,He is one.,
05 Principles of Contact Prayers Salat,https://www.youtube.com/watch?v=tbxOH3KNOvA,01:07:30.940,01:07:33.050,"“La Shareeka Lah”, “He has no partners.”",
05 Principles of Contact Prayers Salat,https://www.youtube.com/watch?v=tbxOH3KNOvA,01:07:33.050,01:07:43.620,"And this is how I write it
“Ash-hadu” means “I bear witness.”",
05 Principles of Contact Prayers Salat,https://www.youtube.com/watch?v=tbxOH3KNOvA,01:07:43.620,01:07:49.066,"“Ash-hadu Alla”,",
05 Principles of Contact Prayers Salat,https://www.youtube.com/watch?v=tbxOH3KNOvA,01:07:49.066,01:07:53.860,“Elaha” means “god with a small g.”,
05 Principles of Contact Prayers Salat,https://www.youtube.com/watch?v=tbxOH3KNOvA,01:07:53.860,01:07:56.660,“I bear witness that there is no god”,
05 Principles of Contact Prayers Salat,https://www.youtube.com/watch?v=tbxOH3KNOvA,01:07:56.660,01:08:01.880,"“Ella”, “except”",
05 Principles of Contact Prayers Salat,https://www.youtube.com/watch?v=tbxOH3KNOvA,01:08:01.880,01:08:08.160,"“Ella Allah”, “the one God”",
05 Principles of Contact Prayers Salat,https://www.youtube.com/watch?v=tbxOH3KNOvA,01:08:08.160,01:08:18.859,"“Wahdahu”, “He is one”",
05 Principles of Contact Prayers Salat,https://www.youtube.com/watch?v=tbxOH3KNOvA,01:08:18.860,01:08:22.900,"“Wahdahu La Shareeka Lah”, “He has
no partner.”",
05 Principles of Contact Prayers Salat,https://www.youtube.com/watch?v=tbxOH3KNOvA,01:08:22.900,01:08:25.280,“La” means “no.”,
05 Principles of Contact Prayers Salat,https://www.youtube.com/watch?v=tbxOH3KNOvA,01:08:25.280,01:08:28.260,“Shareek” means “partner.”,
05 Principles of Contact Prayers Salat,https://www.youtube.com/watch?v=tbxOH3KNOvA,01:08:28.260,01:08:38.860,"“La Shareeka Lah”, (He has no partner).",
05 Principles of Contact Prayers Salat,https://www.youtube.com/watch?v=tbxOH3KNOvA,01:08:38.860,01:08:44.440,"And this takes care of the Ta-shahud in the
sitting position,",
05 Principles of Contact Prayers Salat,https://www.youtube.com/watch?v=tbxOH3KNOvA,01:08:44.440,01:08:53.980,"“Ash-hadu Alla Elaha Ella Allah, Wahdahu La Shareeka Lah.”",
05 Principles of Contact Prayers Salat,https://www.youtube.com/watch?v=tbxOH3KNOvA,01:08:53.980,01:08:59.600,"And then of course to end the prayer, you look
at the right side and say “Al-Salaamu ‘Alaykum”,",
05 Principles of Contact Prayers Salat,https://www.youtube.com/watch?v=tbxOH3KNOvA,01:08:59.600,01:09:04.520,"and then on the left side saying “Al-Salaamu
‘Alaykum” and this ends the Contact Prayer.",
05 Principles of Contact Prayers Salat,https://www.youtube.com/watch?v=tbxOH3KNOvA,01:09:04.520,01:09:10.120,"So, let me write “Al-Salaamu ‘Alaykum”
for you.",
05 Principles of Contact Prayers Salat,https://www.youtube.com/watch?v=tbxOH3KNOvA,01:09:10.120,01:09:28.180,“Al-Salaamu ‘Alaykum”,
05 Principles of Contact Prayers Salat,https://www.youtube.com/watch?v=tbxOH3KNOvA,01:09:28.180,01:09:37.040,"There you have it, the complete words of the
Contact Prayers.",
05 Principles of Contact Prayers Salat,https://www.youtube.com/watch?v=tbxOH3KNOvA,01:09:37.040,01:09:42.766,"Now, let me explain a few fine details about
the Salat, the Contact Prayers.",
05 Principles of Contact Prayers Salat,https://www.youtube.com/watch?v=tbxOH3KNOvA,01:09:42.766,01:09:50.780,"One of the most important points is that
there is a myth among the average Muslims",
05 Principles of Contact Prayers Salat,https://www.youtube.com/watch?v=tbxOH3KNOvA,01:09:50.780,01:09:55.711,"that a woman who has her period or menstruation
cannot pray.",
05 Principles of Contact Prayers Salat,https://www.youtube.com/watch?v=tbxOH3KNOvA,01:09:55.711,01:10:01.151,"Now, this has to be from Satan because Satan
is the one who does not want you, the Muslim",
05 Principles of Contact Prayers Salat,https://www.youtube.com/watch?v=tbxOH3KNOvA,01:10:01.151,01:10:02.829,"woman, to pray.",
05 Principles of Contact Prayers Salat,https://www.youtube.com/watch?v=tbxOH3KNOvA,01:10:02.829,01:10:08.199,"God did not say in the Quran at all “do
not pray during menstruation.”",
05 Principles of Contact Prayers Salat,https://www.youtube.com/watch?v=tbxOH3KNOvA,01:10:08.199,01:10:10.426,There is nothing in the Quran that says that.,
05 Principles of Contact Prayers Salat,https://www.youtube.com/watch?v=tbxOH3KNOvA,01:10:10.426,01:10:15.934,"Even the Hadith... we learn from Hadith that
the prophet’s wives used to pray during",
05 Principles of Contact Prayers Salat,https://www.youtube.com/watch?v=tbxOH3KNOvA,01:10:15.934,01:10:17.616,their menstruation.,
05 Principles of Contact Prayers Salat,https://www.youtube.com/watch?v=tbxOH3KNOvA,01:10:17.616,01:10:22.066,"One Hadith even says ""they put a bucket
under one of his wives as she prayed.""",
05 Principles of Contact Prayers Salat,https://www.youtube.com/watch?v=tbxOH3KNOvA,01:10:22.066,01:10:28.650,"Ridiculous as this may be, but it demonstrates
that the Muslim woman should pray during her",
05 Principles of Contact Prayers Salat,https://www.youtube.com/watch?v=tbxOH3KNOvA,01:10:28.650,01:10:29.980,menstruation.,
05 Principles of Contact Prayers Salat,https://www.youtube.com/watch?v=tbxOH3KNOvA,01:10:29.980,01:10:36.660,"If a Muslim woman does not pray, during menstruation,
this means one week in the month without prayer,",
05 Principles of Contact Prayers Salat,https://www.youtube.com/watch?v=tbxOH3KNOvA,01:10:36.670,01:10:42.499,"and this is like 4 years every 10 years, 4 years without any",
05 Principles of Contact Prayers Salat,https://www.youtube.com/watch?v=tbxOH3KNOvA,01:10:42.499,01:10:44.340,"prayer, imagine that.",
05 Principles of Contact Prayers Salat,https://www.youtube.com/watch?v=tbxOH3KNOvA,01:10:44.340,01:10:50.640,"So, this will be a satanic innovation to stop
the women from praying during menstruation.",
05 Principles of Contact Prayers Salat,https://www.youtube.com/watch?v=tbxOH3KNOvA,01:10:50.640,01:10:57.890,"So, please, menstruation or not, the Contact
Prayer, the Salat prayer is the only worship",
05 Principles of Contact Prayers Salat,https://www.youtube.com/watch?v=tbxOH3KNOvA,01:10:57.890,01:11:03.769,"that must go on. There is absolutely no excuse
for not doing the Contact Prayer.",
05 Principles of Contact Prayers Salat,https://www.youtube.com/watch?v=tbxOH3KNOvA,01:11:03.769,01:11:09.880,"Even God provides that you can pray walking,
or riding in a car, or riding in a plane,",
05 Principles of Contact Prayers Salat,https://www.youtube.com/watch?v=tbxOH3KNOvA,01:11:09.880,01:11:16.739,"or in a bus, or even if a person is very sick,
very ill, cannot move, that person can pray",
05 Principles of Contact Prayers Salat,https://www.youtube.com/watch?v=tbxOH3KNOvA,01:11:16.740,01:11:21.660,"with his or her eyelids, or even
mentally.",
05 Principles of Contact Prayers Salat,https://www.youtube.com/watch?v=tbxOH3KNOvA,01:11:21.660,01:11:26.640,"If you are working in crowded place and you
cannot find a place to pray, you can pray",
05 Principles of Contact Prayers Salat,https://www.youtube.com/watch?v=tbxOH3KNOvA,01:11:26.640,01:11:31.309,"at your desk sitting down just mentally going
through the motions and the words.",
05 Principles of Contact Prayers Salat,https://www.youtube.com/watch?v=tbxOH3KNOvA,01:11:31.309,01:11:36.900,"So, there is absolutely no excuse for missing
any Contact Prayer.",
05 Principles of Contact Prayers Salat,https://www.youtube.com/watch?v=tbxOH3KNOvA,01:11:53.920,01:12:00.894,"So, whether the person is ill, unable to move,
or riding, trapped in a car or a bus or",
05 Principles of Contact Prayers Salat,https://www.youtube.com/watch?v=tbxOH3KNOvA,01:12:00.894,01:12:07.780,"a plane, or in a working place where there
is no place available for prayer,",
05 Principles of Contact Prayers Salat,https://www.youtube.com/watch?v=tbxOH3KNOvA,01:12:07.780,01:12:14.160,"or during menstruation, or the after birth bleeding,
any of these conditions cannot... nothing",
05 Principles of Contact Prayers Salat,https://www.youtube.com/watch?v=tbxOH3KNOvA,01:12:14.160,01:12:19.520,"stops your from performing, observing the
Contact Prayers.",
05 Principles of Contact Prayers Salat,https://www.youtube.com/watch?v=tbxOH3KNOvA,01:12:19.520,01:12:25.170,"Another point that I wish to mention is the
group prayer or the Jama’a.",
05 Principles of Contact Prayers Salat,https://www.youtube.com/watch?v=tbxOH3KNOvA,01:12:25.170,01:12:31.390,"In the Jama’a, one person leads the prayer
and the rest of the group stand behind him,",
05 Principles of Contact Prayers Salat,https://www.youtube.com/watch?v=tbxOH3KNOvA,01:12:31.390,01:12:39.750,"behind the imam, and do exactly what he does.
You do not have to recite Al-Fãtehah or the Quran",
05 Principles of Contact Prayers Salat,https://www.youtube.com/watch?v=tbxOH3KNOvA,01:12:39.750,01:12:42.820,after the imam.,
05 Principles of Contact Prayers Salat,https://www.youtube.com/watch?v=tbxOH3KNOvA,01:12:42.820,01:12:49.340,"Remember, all that is required in the Contact
Prayer is the Al-Fãtehah, the first Sura of Quran.",
05 Principles of Contact Prayers Salat,https://www.youtube.com/watch?v=tbxOH3KNOvA,01:12:49.340,01:12:56.340,"So, you just mentally follow the imam as he
recites Al-Fãtehah during the Contact Prayer.",
05 Principles of Contact Prayers Salat,https://www.youtube.com/watch?v=tbxOH3KNOvA,01:12:56.340,01:13:02.840,"And then of course in Ruku', the bowing position,
you say “Subhaana Rabbiya Al-‘Azeem” as usual.",
05 Principles of Contact Prayers Salat,https://www.youtube.com/watch?v=tbxOH3KNOvA,01:13:02.840,01:13:09.960,"And in the Sujood or prostration, you say “Subhaana
Rabbiya Al-A‘alaa”, as usual.",
05 Principles of Contact Prayers Salat,https://www.youtube.com/watch?v=tbxOH3KNOvA,01:13:09.960,01:13:16.980,"So, you only listen to the imam when he recites Al-Fãtehah in the standing position.",
05 Principles of Contact Prayers Salat,https://www.youtube.com/watch?v=tbxOH3KNOvA,01:13:16.980,01:13:23.320,"If a person comes late, and finds the Jama’a,
the group, already did one or two or three",
05 Principles of Contact Prayers Salat,https://www.youtube.com/watch?v=tbxOH3KNOvA,01:13:23.320,01:13:29.310,"Rak’as, units, you just – if you come
late, you just join the group in whatever",
05 Principles of Contact Prayers Salat,https://www.youtube.com/watch?v=tbxOH3KNOvA,01:13:29.310,01:13:33.900,"position they are in, and then after they
finish, when they say “Al-Salaamu ‘Alaykum”,",
05 Principles of Contact Prayers Salat,https://www.youtube.com/watch?v=tbxOH3KNOvA,01:13:33.900,01:13:39.730,"the first one, you stand up and you complete
the part that you missed.",
05 Principles of Contact Prayers Salat,https://www.youtube.com/watch?v=tbxOH3KNOvA,01:13:39.730,01:13:45.587,"So, this is how you make up for missing units,
or missing Rak’as when you join a group.",
05 Principles of Contact Prayers Salat,https://www.youtube.com/watch?v=tbxOH3KNOvA,01:14:04.900,01:14:08.719,"What happens if you miss one of the prayers,
one of the Contact Prayers?",
05 Principles of Contact Prayers Salat,https://www.youtube.com/watch?v=tbxOH3KNOvA,01:14:08.720,01:14:16.390,"You're supposed to do all five Contact Prayers
during each one of the five periods, the Morning",
05 Principles of Contact Prayers Salat,https://www.youtube.com/watch?v=tbxOH3KNOvA,01:14:16.390,01:14:21.580,"Contact before sunrise, the Noon between around 12:00 and four (16:00), the Afternoon",
05 Principles of Contact Prayers Salat,https://www.youtube.com/watch?v=tbxOH3KNOvA,01:14:21.590,01:14:26.430,"between four (16:00) and sunset, the Sunset
Contact immediately after sunset, and the",
05 Principles of Contact Prayers Salat,https://www.youtube.com/watch?v=tbxOH3KNOvA,01:14:26.430,01:14:34.231,"Night Prayer after all the twilight disappears
from the horizon, about two hours after sunset.",
05 Principles of Contact Prayers Salat,https://www.youtube.com/watch?v=tbxOH3KNOvA,01:14:34.231,01:14:37.860,"Now what happens if you miss one of these
prayers?",
05 Principles of Contact Prayers Salat,https://www.youtube.com/watch?v=tbxOH3KNOvA,01:14:37.860,01:14:43.420,"There is a myth that you can make it up or
combine prayers and it is just an innovation.",
05 Principles of Contact Prayers Salat,https://www.youtube.com/watch?v=tbxOH3KNOvA,01:14:43.420,01:14:46.040,You cannot make up missed prayer.,
05 Principles of Contact Prayers Salat,https://www.youtube.com/watch?v=tbxOH3KNOvA,01:14:46.040,01:14:51.460,"If you miss the Noon Prayer in any day, you
just cannot bring yesterday back.",
05 Principles of Contact Prayers Salat,https://www.youtube.com/watch?v=tbxOH3KNOvA,01:14:51.460,01:14:53.960,You missed it and it is too bad.,
05 Principles of Contact Prayers Salat,https://www.youtube.com/watch?v=tbxOH3KNOvA,01:14:53.960,01:15:00.320,"So, you just ask God for forgiveness, repent
and promise God that you will never, to the",
05 Principles of Contact Prayers Salat,https://www.youtube.com/watch?v=tbxOH3KNOvA,01:15:00.320,01:15:05.550,"best of your ability, miss anymore prayers,
and you just go on doing the prayers.",
05 Principles of Contact Prayers Salat,https://www.youtube.com/watch?v=tbxOH3KNOvA,01:15:05.560,01:15:13.060,"See, the idea of the Contact Prayer is to contact
our creator within a certain period of every day.",
05 Principles of Contact Prayers Salat,https://www.youtube.com/watch?v=tbxOH3KNOvA,01:15:13.060,01:15:17.170,"And when you miss that, it is gone. You
cannot bring it back, and you cannot make",
05 Principles of Contact Prayers Salat,https://www.youtube.com/watch?v=tbxOH3KNOvA,01:15:17.170,01:15:23.480,"it up, but you can ask forgives and repent.",
05 Principles of Contact Prayers Salat,https://www.youtube.com/watch?v=tbxOH3KNOvA,01:15:23.480,01:15:31.860,And now the best way to describe the Contact Prayers to you is to demonstrate exactly how it is done.,
05 Principles of Contact Prayers Salat,https://www.youtube.com/watch?v=tbxOH3KNOvA,01:15:31.860,01:15:37.480,"So, now I will demonstrate for you the Morning
Contact Prayer.",
05 Principles of Contact Prayers Salat,https://www.youtube.com/watch?v=tbxOH3KNOvA,01:15:49.520,01:15:55.640,"Do you remember the first thing you have to
do in order to observe the Contact Prayers?",
05 Principles of Contact Prayers Salat,https://www.youtube.com/watch?v=tbxOH3KNOvA,01:15:55.640,01:16:00.980,"That’s right, the intention. You declare
your intention, in Arabic “NIYYA.""",
05 Principles of Contact Prayers Salat,https://www.youtube.com/watch?v=tbxOH3KNOvA,01:16:00.980,01:16:06.296,"So, since this is the morning prayer, I will make
the intention for the Morning Contact Prayer,",
05 Principles of Contact Prayers Salat,https://www.youtube.com/watch?v=tbxOH3KNOvA,01:16:06.296,01:16:08.630,in English then in Arabic.,
05 Principles of Contact Prayers Salat,https://www.youtube.com/watch?v=tbxOH3KNOvA,01:16:08.630,01:16:13.340,"Then, I will proceed with the prayer and you
just watch everything I'm doing and this",
05 Principles of Contact Prayers Salat,https://www.youtube.com/watch?v=tbxOH3KNOvA,01:16:13.340,01:16:18.400,"is – this should be the correct way for
observing the Contact Prayer.",
05 Principles of Contact Prayers Salat,https://www.youtube.com/watch?v=tbxOH3KNOvA,01:16:18.400,01:16:25.014,"So, here I am facing the direction of Mecca,
and I'm going to make my intention.",
05 Principles of Contact Prayers Salat,https://www.youtube.com/watch?v=tbxOH3KNOvA,01:16:25.014,01:16:32.479,"I intend to do the Morning Contact Prayer, Nawaytu
Salat Al-Subh.",
05 Principles of Contact Prayers Salat,https://www.youtube.com/watch?v=tbxOH3KNOvA,01:16:32.479,01:16:38.271,"Allahu Akbar
Bism Allah Arrahman Arraheem (1:1)",
05 Principles of Contact Prayers Salat,https://www.youtube.com/watch?v=tbxOH3KNOvA,01:16:38.271,01:16:43.760,"Al hamdu Lillahi Rabbil ‘Alameen (1:2)
Arrahman Arraheem (1:3)",
05 Principles of Contact Prayers Salat,https://www.youtube.com/watch?v=tbxOH3KNOvA,01:16:43.760,01:16:49.840,"Maliki Yawm Eddeen (1:4)
Eyyaka Na’abudu Wa Eyyaka Nasta’aeen (1:5)",
05 Principles of Contact Prayers Salat,https://www.youtube.com/watch?v=tbxOH3KNOvA,01:16:49.840,01:16:52.371,Ehdina Al-Serata Al-Mustaqeem (1:6),
05 Principles of Contact Prayers Salat,https://www.youtube.com/watch?v=tbxOH3KNOvA,01:16:52.371,01:17:00.000,Serata Al-Lazeena An’amta ‘Alayhim Ghayri Al-Maghdoobi ‘Alayhim Wa Laddaalleen (1:7),
05 Principles of Contact Prayers Salat,https://www.youtube.com/watch?v=tbxOH3KNOvA,01:17:00.000,01:17:08.560,"Allahu Akbar
Subhaana Rabbiya Al-‘Azeem x 3",
05 Principles of Contact Prayers Salat,https://www.youtube.com/watch?v=tbxOH3KNOvA,01:17:08.560,01:17:14.000,"Sami’a Allahu Leman Hamidah
Allahu Akbar",
05 Principles of Contact Prayers Salat,https://www.youtube.com/watch?v=tbxOH3KNOvA,01:17:14.000,01:17:23.277,"Subhaana Rabbiya Al-A‘alaa x 3
Allahu Akbar",
05 Principles of Contact Prayers Salat,https://www.youtube.com/watch?v=tbxOH3KNOvA,01:17:23.277,01:17:33.054,"Allahu Akbar
Subhaana Rabbiya Al-A‘alaa x 3",
05 Principles of Contact Prayers Salat,https://www.youtube.com/watch?v=tbxOH3KNOvA,01:17:33.054,01:17:40.011,"Allahu Akbar
Bism Allah Arrahman Arraheem (1:1)",
05 Principles of Contact Prayers Salat,https://www.youtube.com/watch?v=tbxOH3KNOvA,01:17:40.011,01:17:45.800,"Al hamdu Lillahi Rabbil ‘Alameen (1:2)
Arrahman Arraheem (1:3)",
05 Principles of Contact Prayers Salat,https://www.youtube.com/watch?v=tbxOH3KNOvA,01:17:45.800,01:17:51.960,"Maliki Yawm Eddeen (1:4)
Eyyaka Na’abudu Wa Eyyaka Nasta’aeen (1:5)",
05 Principles of Contact Prayers Salat,https://www.youtube.com/watch?v=tbxOH3KNOvA,01:17:51.960,01:17:55.023,Ehdina Al-Serata Al-Mustaqeem (1:6),
05 Principles of Contact Prayers Salat,https://www.youtube.com/watch?v=tbxOH3KNOvA,01:17:55.023,01:18:02.726,Serata Al-Lazeena An’amta ‘Alayhim Ghayri Al-Maghdoobi ‘Alayhim Wa Laddaalleen (1:7),
05 Principles of Contact Prayers Salat,https://www.youtube.com/watch?v=tbxOH3KNOvA,01:18:02.726,01:18:11.531,"Allahu Akbar
Subhaana Rabbiya Al-‘Azeem x 3",
05 Principles of Contact Prayers Salat,https://www.youtube.com/watch?v=tbxOH3KNOvA,01:18:11.531,01:18:16.846,"Sami’a Allahu Leman Hamidah
Allahu Akbar",
05 Principles of Contact Prayers Salat,https://www.youtube.com/watch?v=tbxOH3KNOvA,01:18:16.846,01:18:27.106,"Subhaana Rabbiya Al-A‘alaa x 3
Allahu Akbar",
05 Principles of Contact Prayers Salat,https://www.youtube.com/watch?v=tbxOH3KNOvA,01:18:27.106,01:18:36.610,"Allahu Akbar
Subhaana Rabbiya Al-A‘alaa x 3",
05 Principles of Contact Prayers Salat,https://www.youtube.com/watch?v=tbxOH3KNOvA,01:18:36.610,01:18:45.699,"Allahu Akbar
Ash-hadu Alla Elaha Ella Allah, Wahdahu La Shareeka Lah",
05 Principles of Contact Prayers Salat,https://www.youtube.com/watch?v=tbxOH3KNOvA,01:18:45.699,01:18:52.359,"Al-Salaamu ‘Alaykum
Al-Salaamu ‘Alaykum",
05 Principles of Contact Prayers Salat,https://www.youtube.com/watch?v=tbxOH3KNOvA,01:18:52.359,01:18:55.620,And this completes the Morning Prayer. This is,
05 Principles of Contact Prayers Salat,https://www.youtube.com/watch?v=tbxOH3KNOvA,01:18:55.620,01:19:02.730,"the original contact Salat prayer as observed
by the prophet Muhammad and it came to us",
05 Principles of Contact Prayers Salat,https://www.youtube.com/watch?v=tbxOH3KNOvA,01:19:02.730,01:19:06.696,all the way from Abraham exactly this way.,
05 Principles of Contact Prayers Salat,https://www.youtube.com/watch?v=tbxOH3KNOvA,01:19:06.696,01:19:12.250,"And you notice in my prayer, I didn’t look
around, I didn’t laugh, I was not distracted,",
05 Principles of Contact Prayers Salat,https://www.youtube.com/watch?v=tbxOH3KNOvA,01:19:12.250,01:19:16.600,I concentrated on communicating with my creator.,
05 Principles of Contact Prayers Salat,https://www.youtube.com/watch?v=tbxOH3KNOvA,01:19:16.600,01:19:19.731,And now I will do the Noon Prayer.,
05 Principles of Contact Prayers Salat,https://www.youtube.com/watch?v=tbxOH3KNOvA,01:19:19.731,01:19:28.571,"Now, the Noon Prayer, the Afternoon Prayer, and the Night Contact Prayer are all identical, exactly the same.",
05 Principles of Contact Prayers Salat,https://www.youtube.com/watch?v=tbxOH3KNOvA,01:19:28.571,01:19:35.920,"So, the intention for the Noon Prayer is “Nawaytu
Salat Al-Zuhr.”",
05 Principles of Contact Prayers Salat,https://www.youtube.com/watch?v=tbxOH3KNOvA,01:19:35.920,01:19:41.051,"For the Asr, for the afternoon prayer “Nawaytu
Salat Al-Asr.”",
05 Principles of Contact Prayers Salat,https://www.youtube.com/watch?v=tbxOH3KNOvA,01:19:41.051,01:19:44.739,"And for the night prayer “Nawaytu Salat
Al-'Eshaa.”",
05 Principles of Contact Prayers Salat,https://www.youtube.com/watch?v=tbxOH3KNOvA,01:19:44.739,01:19:50.019,"So, what I’m going to demonstrate for you
is 4 Rak’as",
05 Principles of Contact Prayers Salat,https://www.youtube.com/watch?v=tbxOH3KNOvA,01:19:50.019,01:19:54.860,"which is suitable for the Noon, Afternoon,
and the Night Prayer.",
05 Principles of Contact Prayers Salat,https://www.youtube.com/watch?v=tbxOH3KNOvA,01:19:54.860,01:19:56.040,"So, here we go.",
05 Principles of Contact Prayers Salat,https://www.youtube.com/watch?v=tbxOH3KNOvA,01:19:56.040,01:20:02.450,"I face the direction of Mecca, and I make
my intention according to whichever Contact",
05 Principles of Contact Prayers Salat,https://www.youtube.com/watch?v=tbxOH3KNOvA,01:20:02.450,01:20:08.974,"Prayer it is, and I start my prayer by opening
with TAKBIR.",
05 Principles of Contact Prayers Salat,https://www.youtube.com/watch?v=tbxOH3KNOvA,01:20:08.974,01:20:14.380,"Allahu Akbar
Bism Allah Arrahman Arraheem (1:1)",
05 Principles of Contact Prayers Salat,https://www.youtube.com/watch?v=tbxOH3KNOvA,01:20:14.380,01:20:18.980,"Al hamdu Lillahi Rabbil ‘Alameen (1:2)
Arrahman Arraheem (1:3)",
05 Principles of Contact Prayers Salat,https://www.youtube.com/watch?v=tbxOH3KNOvA,01:20:18.980,01:20:24.122,"Maliki Yawm Eddeen (1:4)
Eyyaka Na’abudu Wa Eyyaka Nasta’aeen (1:5)",
05 Principles of Contact Prayers Salat,https://www.youtube.com/watch?v=tbxOH3KNOvA,01:20:24.122,01:20:26.696,Ehdina Al-Serata Al-Mustaqeem (1:6),
05 Principles of Contact Prayers Salat,https://www.youtube.com/watch?v=tbxOH3KNOvA,01:20:26.696,01:20:33.606,Serata Al-Lazeena An’amta ‘Alayhim Ghayri Al-Maghdoobi ‘Alayhim Wa Laddaalleen (1:7),
05 Principles of Contact Prayers Salat,https://www.youtube.com/watch?v=tbxOH3KNOvA,01:20:33.606,01:20:41.140,"Allahu Akbar
Subhaana Rabbiya Al-‘Azeem x 3",
05 Principles of Contact Prayers Salat,https://www.youtube.com/watch?v=tbxOH3KNOvA,01:20:41.140,01:20:46.080,"Sami’a Allahu Leman Hamidah
Allahu Akbar",
05 Principles of Contact Prayers Salat,https://www.youtube.com/watch?v=tbxOH3KNOvA,01:20:46.080,01:20:54.540,"Subhaana Rabbiya Al-A‘alaa x 3
Allahu Akbar",
05 Principles of Contact Prayers Salat,https://www.youtube.com/watch?v=tbxOH3KNOvA,01:20:54.550,01:21:02.630,"Allahu Akbar
Subhaana Rabbiya Al-A‘alaa x 3",
05 Principles of Contact Prayers Salat,https://www.youtube.com/watch?v=tbxOH3KNOvA,01:21:02.630,01:21:07.820,"Allahu Akbar
Bism Allah Arrahman Arraheem (1:1)",
05 Principles of Contact Prayers Salat,https://www.youtube.com/watch?v=tbxOH3KNOvA,01:21:07.820,01:21:12.860,"Al hamdu Lillahi Rabbil ‘Alameen (1:2)
Arrahman Arraheem (1:3)",
05 Principles of Contact Prayers Salat,https://www.youtube.com/watch?v=tbxOH3KNOvA,01:21:12.860,01:21:18.500,"Maliki Yawm Eddeen (1:4)
Eyyaka Na’abudu Wa Eyyaka Nasta’aeen (1:5)",
05 Principles of Contact Prayers Salat,https://www.youtube.com/watch?v=tbxOH3KNOvA,01:21:18.500,01:21:21.008,Ehdina Al-Serata Al-Mustaqeem (1:6),
05 Principles of Contact Prayers Salat,https://www.youtube.com/watch?v=tbxOH3KNOvA,01:21:21.008,01:21:28.179,Serata Al-Lazeena An’amta ‘Alayhim Ghayri Al-Maghdoobi ‘Alayhim Wa Laddaalleen (1:7),
05 Principles of Contact Prayers Salat,https://www.youtube.com/watch?v=tbxOH3KNOvA,01:21:28.179,01:21:36.980,"Allahu Akbar
Subhaana Rabbiya Al-‘Azeem x 3",
05 Principles of Contact Prayers Salat,https://www.youtube.com/watch?v=tbxOH3KNOvA,01:21:36.980,01:21:41.960,"Sami’a Allahu Leman Hamidah
Allahu Akbar",
05 Principles of Contact Prayers Salat,https://www.youtube.com/watch?v=tbxOH3KNOvA,01:21:41.960,01:21:50.474,"Subhaana Rabbiya Al-A‘alaa x 3
Allahu Akbar",
05 Principles of Contact Prayers Salat,https://www.youtube.com/watch?v=tbxOH3KNOvA,01:21:50.474,01:21:58.941,"Allahu Akbar
Subhaana Rabbiya Al-A‘alaa x 3",
05 Principles of Contact Prayers Salat,https://www.youtube.com/watch?v=tbxOH3KNOvA,01:21:58.941,01:22:06.260,"Allahu Akbar
Ash-hadu Alla Elaha Ella Allah, Wahdahu La Shareeka Lah",
05 Principles of Contact Prayers Salat,https://www.youtube.com/watch?v=tbxOH3KNOvA,01:22:06.260,01:22:09.520,Allahu Akbar,
05 Principles of Contact Prayers Salat,https://www.youtube.com/watch?v=tbxOH3KNOvA,01:22:09.520,01:22:14.580,"Bism Allah Arrahman Arraheem (1:1)
Al hamdu Lillahi Rabbil ‘Alameen (1:2)",
05 Principles of Contact Prayers Salat,https://www.youtube.com/watch?v=tbxOH3KNOvA,01:22:14.580,01:22:18.960,"Arrahman Arraheem (1:3)
Maliki Yawm Eddeen (1:4)",
05 Principles of Contact Prayers Salat,https://www.youtube.com/watch?v=tbxOH3KNOvA,01:22:18.960,01:22:25.040,"Eyyaka Na’abudu Wa Eyyaka Nasta’aeen (1:5)
Ehdina Al-Serata Al-Mustaqeem (1:6)",
05 Principles of Contact Prayers Salat,https://www.youtube.com/watch?v=tbxOH3KNOvA,01:22:25.040,01:22:32.380,Serata Al-Lazeena An’amta ‘Alayhim Ghayri Al-Maghdoobi ‘Alayhim Wa Laddaalleen (1:7),
05 Principles of Contact Prayers Salat,https://www.youtube.com/watch?v=tbxOH3KNOvA,01:22:32.390,01:22:40.100,"Allahu Akbar
Subhaana Rabbiya Al-‘Azeem x 3",
05 Principles of Contact Prayers Salat,https://www.youtube.com/watch?v=tbxOH3KNOvA,01:22:40.100,01:22:45.440,"Sami’a Allahu Leman Hamidah
Allahu Akbar",
05 Principles of Contact Prayers Salat,https://www.youtube.com/watch?v=tbxOH3KNOvA,01:22:45.440,01:22:53.439,"Subhaana Rabbiya Al-A‘alaa x 3
Allahu Akbar",
05 Principles of Contact Prayers Salat,https://www.youtube.com/watch?v=tbxOH3KNOvA,01:22:53.439,01:23:01.559,"Allahu Akbar
Subhaana Rabbiya Al-A‘alaa x 3",
05 Principles of Contact Prayers Salat,https://www.youtube.com/watch?v=tbxOH3KNOvA,01:23:01.559,01:23:06.670,"Allahu Akbar
Bism Allah Arrahman Arraheem (1:1)",
05 Principles of Contact Prayers Salat,https://www.youtube.com/watch?v=tbxOH3KNOvA,01:23:06.670,01:23:12.150,"Al hamdu Lillahi Rabbil ‘Alameen (1:2)
Arrahman Arraheem (1:3)",
05 Principles of Contact Prayers Salat,https://www.youtube.com/watch?v=tbxOH3KNOvA,01:23:12.150,01:23:17.780,"Maliki Yawm Eddeen (1:4)
Eyyaka Na’abudu Wa Eyyaka Nasta’aeen (1:5)",
05 Principles of Contact Prayers Salat,https://www.youtube.com/watch?v=tbxOH3KNOvA,01:23:17.780,01:23:20.348,Ehdina Al-Serata Al-Mustaqeem (1:6),
05 Principles of Contact Prayers Salat,https://www.youtube.com/watch?v=tbxOH3KNOvA,01:23:20.348,01:23:27.314,Serata Al-Lazeena An’amta ‘Alayhim Ghayri Al-Maghdoobi ‘Alayhim Wa Laddaalleen (1:7),
05 Principles of Contact Prayers Salat,https://www.youtube.com/watch?v=tbxOH3KNOvA,01:23:27.314,01:23:36.240,"Allahu Akbar
Subhaana Rabbiya Al-‘Azeem x 3",
05 Principles of Contact Prayers Salat,https://www.youtube.com/watch?v=tbxOH3KNOvA,01:23:36.240,01:23:40.783,"Sami’a Allahu Leman Hamidah
Allahu Akbar",
05 Principles of Contact Prayers Salat,https://www.youtube.com/watch?v=tbxOH3KNOvA,01:23:40.783,01:23:50.260,"Subhaana Rabbiya Al-A‘alaa x 3
Allahu Akbar",
05 Principles of Contact Prayers Salat,https://www.youtube.com/watch?v=tbxOH3KNOvA,01:23:50.260,01:23:58.360,"Allahu Akbar
Subhaana Rabbiya Al-A‘alaa x 3",
05 Principles of Contact Prayers Salat,https://www.youtube.com/watch?v=tbxOH3KNOvA,01:23:58.360,01:24:07.800,"Allahu Akbar
Ash-hadu Alla Elaha Ella Allah, Wahdahu La Shareeka Lah",
05 Principles of Contact Prayers Salat,https://www.youtube.com/watch?v=tbxOH3KNOvA,01:24:07.800,01:24:10.240,Al-Salaamu ‘Alaykum,
05 Principles of Contact Prayers Salat,https://www.youtube.com/watch?v=tbxOH3KNOvA,01:24:10.240,01:24:12.725,Al-Salaamu ‘Alaykum,
05 Principles of Contact Prayers Salat,https://www.youtube.com/watch?v=tbxOH3KNOvA,01:24:12.725,01:24:20.920,"And this takes care of the 4 Rak’a prayers, the Noon, the Afternoon or the Night Prayer.",
05 Principles of Contact Prayers Salat,https://www.youtube.com/watch?v=tbxOH3KNOvA,01:24:20.920,01:24:28.600,"And now I will demonstrate for you the 3 Rak’as of Salat Al-Maghrib, the Sunset Prayer.",
05 Principles of Contact Prayers Salat,https://www.youtube.com/watch?v=tbxOH3KNOvA,01:24:28.600,01:24:36.440,"It is of course the same except you do only 3 Rak’as, 3 units, and here we go.",
05 Principles of Contact Prayers Salat,https://www.youtube.com/watch?v=tbxOH3KNOvA,01:24:36.440,01:24:42.420,"I intend to do the Sunset Contact Prayer,
Nawayatu Salat Al-Maghrib.",
05 Principles of Contact Prayers Salat,https://www.youtube.com/watch?v=tbxOH3KNOvA,01:24:42.420,01:24:47.196,"Allahu Akbar
Bism Allah Arrahman Arraheem (1:1)",
05 Principles of Contact Prayers Salat,https://www.youtube.com/watch?v=tbxOH3KNOvA,01:24:47.196,01:24:52.520,"Al hamdu Lillahi Rabbil ‘Alameen (1:2)
Arrahman Arraheem (1:3)",
05 Principles of Contact Prayers Salat,https://www.youtube.com/watch?v=tbxOH3KNOvA,01:24:52.520,01:24:58.090,"Maliki Yawm Eddeen (1:4)
Eyyaka Na’abudu Wa Eyyaka Nasta’aeen (1:5)",
05 Principles of Contact Prayers Salat,https://www.youtube.com/watch?v=tbxOH3KNOvA,01:24:58.090,01:25:00.520,Ehdina Al-Serata Al-Mustaqeem (1:6),
05 Principles of Contact Prayers Salat,https://www.youtube.com/watch?v=tbxOH3KNOvA,01:25:00.520,01:25:08.100,Serata Al-Lazeena An’amta ‘Alayhim Ghayri Al-Maghdoobi ‘Alayhim Wa Laddaalleen (1:7),
05 Principles of Contact Prayers Salat,https://www.youtube.com/watch?v=tbxOH3KNOvA,01:25:08.100,01:25:15.140,"Allahu Akbar
Subhaana Rabbiya Al-‘Azeem x 3",
05 Principles of Contact Prayers Salat,https://www.youtube.com/watch?v=tbxOH3KNOvA,01:25:15.140,01:25:20.140,"Sami’a Allahu Leman Hamidah
Allahu Akbar",
05 Principles of Contact Prayers Salat,https://www.youtube.com/watch?v=tbxOH3KNOvA,01:25:20.140,01:25:28.471,"Subhaana Rabbiya Al-A‘alaa x 3
Allahu Akbar",
05 Principles of Contact Prayers Salat,https://www.youtube.com/watch?v=tbxOH3KNOvA,01:25:28.471,01:25:39.780,"Allahu Akbar
Subhaana Rabbiya Al-A‘alaa x 3
Allahu Akbar",
05 Principles of Contact Prayers Salat,https://www.youtube.com/watch?v=tbxOH3KNOvA,01:25:39.780,01:25:42.230,Bism Allah Arrahman Arraheem (1:1),
05 Principles of Contact Prayers Salat,https://www.youtube.com/watch?v=tbxOH3KNOvA,01:25:42.230,01:25:47.280,"Al hamdu Lillahi Rabbil ‘Alameen (1:2)
Arrahman Arraheem (1:3)",
05 Principles of Contact Prayers Salat,https://www.youtube.com/watch?v=tbxOH3KNOvA,01:25:47.280,01:25:53.000,"Maliki Yawm Eddeen (1:4)
Eyyaka Na’abudu Wa Eyyaka Nasta’aeen (1:5)",
05 Principles of Contact Prayers Salat,https://www.youtube.com/watch?v=tbxOH3KNOvA,01:25:53.000,01:25:55.692,Ehdina Al-Serata Al-Mustaqeem (1:6),
05 Principles of Contact Prayers Salat,https://www.youtube.com/watch?v=tbxOH3KNOvA,01:25:55.692,01:26:03.020,Serata Al-Lazeena An’amta ‘Alayhim Ghayri Al-Maghdoobi ‘Alayhim Wa Laddaalleen (1:7),
05 Principles of Contact Prayers Salat,https://www.youtube.com/watch?v=tbxOH3KNOvA,01:26:03.020,01:26:10.440,"Allahu Akbar
Subhaana Rabbiya Al-‘Azeem x 3",
05 Principles of Contact Prayers Salat,https://www.youtube.com/watch?v=tbxOH3KNOvA,01:26:10.440,01:26:15.640,"Sami’a Allahu Leman Hamidah
Allahu Akbar",
05 Principles of Contact Prayers Salat,https://www.youtube.com/watch?v=tbxOH3KNOvA,01:26:15.640,01:26:24.780,"Subhaana Rabbiya Al-A‘alaa x 3
Allahu Akbar",
05 Principles of Contact Prayers Salat,https://www.youtube.com/watch?v=tbxOH3KNOvA,01:26:24.780,01:26:33.090,"Allahu Akbar
Subhaana Rabbiya Al-A‘alaa x 3",
05 Principles of Contact Prayers Salat,https://www.youtube.com/watch?v=tbxOH3KNOvA,01:26:33.090,01:26:40.760,"Allahu Akbar
Ash-hadu Alla Elaha Ella Allah, Wahdahu La Shareeka Lah",
05 Principles of Contact Prayers Salat,https://www.youtube.com/watch?v=tbxOH3KNOvA,01:26:40.760,01:26:43.900,Allahu Akbar,
05 Principles of Contact Prayers Salat,https://www.youtube.com/watch?v=tbxOH3KNOvA,01:26:43.900,01:26:49.469,"Bism Allah Arrahman Arraheem (1:1)
Al hamdu Lillahi Rabbil ‘Alameen (1:2)",
05 Principles of Contact Prayers Salat,https://www.youtube.com/watch?v=tbxOH3KNOvA,01:26:49.469,01:26:54.020,"Arrahman Arraheem (1:3)
Maliki Yawm Eddeen (1:4)",
05 Principles of Contact Prayers Salat,https://www.youtube.com/watch?v=tbxOH3KNOvA,01:26:54.020,01:27:00.420,"Eyyaka Na’abudu Wa Eyyaka Nasta’aeen (1:5)
Ehdina Al-Serata Al-Mustaqeem (1:6)",
05 Principles of Contact Prayers Salat,https://www.youtube.com/watch?v=tbxOH3KNOvA,01:27:00.420,01:27:08.010,Serata Al-Lazeena An’amta ‘Alayhim Ghayri Al-Maghdoobi ‘Alayhim Wa Laddaalleen (1:7),
05 Principles of Contact Prayers Salat,https://www.youtube.com/watch?v=tbxOH3KNOvA,01:27:08.010,01:27:15.980,"Allahu Akbar
Subhaana Rabbiya Al-‘Azeem x 3",
05 Principles of Contact Prayers Salat,https://www.youtube.com/watch?v=tbxOH3KNOvA,01:27:15.980,01:27:21.180,"Sami’a Allahu Leman Hamidah
Allahu Akbar",
05 Principles of Contact Prayers Salat,https://www.youtube.com/watch?v=tbxOH3KNOvA,01:27:21.180,01:27:30.580,"Subhaana Rabbiya Al-A‘alaa x 3
Allahu Akbar",
05 Principles of Contact Prayers Salat,https://www.youtube.com/watch?v=tbxOH3KNOvA,01:27:30.580,01:27:39.440,"Allahu Akbar
Subhaana Rabbiya Al-A‘alaa x 3",
05 Principles of Contact Prayers Salat,https://www.youtube.com/watch?v=tbxOH3KNOvA,01:27:39.440,01:27:48.100,"Allahu Akbar
Ash-hadu Alla Elaha Ella Allah, Wahdahu La Shareeka Lah",
05 Principles of Contact Prayers Salat,https://www.youtube.com/watch?v=tbxOH3KNOvA,01:27:48.100,01:27:50.000,Al-Salaamu ‘Alaykum,
05 Principles of Contact Prayers Salat,https://www.youtube.com/watch?v=tbxOH3KNOvA,01:27:50.000,01:27:51.240,Al-Salaamu ‘Alaykum,
