Video Title,Link,Start Time,End Time,Text,Speaker
12 Quran Study From Behrouz 212 Behrouz's Khutba Edip  Yuksel's Exposure 01 25 1990,https://www.youtube.com/watch?v=jYTRnyx-9L0,00:00:00.361,00:00:00.861,A man: Yes.,A man
12 Quran Study From Behrouz 212 Behrouz's Khutba Edip  Yuksel's Exposure 01 25 1990,https://www.youtube.com/watch?v=jYTRnyx-9L0,00:00:00.861,00:00:01.657,Dr. Khalifa: Hmm?,Dr. Khalifa
12 Quran Study From Behrouz 212 Behrouz's Khutba Edip  Yuksel's Exposure 01 25 1990,https://www.youtube.com/watch?v=jYTRnyx-9L0,00:00:01.657,00:00:02.337,Dr. Khalifa: (unintelligible),Dr. Khalifa
12 Quran Study From Behrouz 212 Behrouz's Khutba Edip  Yuksel's Exposure 01 25 1990,https://www.youtube.com/watch?v=jYTRnyx-9L0,00:00:04.409,00:00:08.997,"Behrouz: Alhamdu Lillah, Wa Ash-hadu Alla Elaha Ella Allah Wahdahu La Shareeka Lah.",Behrouz
12 Quran Study From Behrouz 212 Behrouz's Khutba Edip  Yuksel's Exposure 01 25 1990,https://www.youtube.com/watch?v=jYTRnyx-9L0,00:00:11.585,00:00:17.773,"Behrouz: The reason for this Khutba is because we had
a visitor from San Francisco. And",Behrouz
12 Quran Study From Behrouz 212 Behrouz's Khutba Edip  Yuksel's Exposure 01 25 1990,https://www.youtube.com/watch?v=jYTRnyx-9L0,00:00:17.773,00:00:24.902,"she came by to check us out and unfortunately she got
shocked because the way we were treating the God's messenger.",Behrouz
12 Quran Study From Behrouz 212 Behrouz's Khutba Edip  Yuksel's Exposure 01 25 1990,https://www.youtube.com/watch?v=jYTRnyx-9L0,00:00:26.875,00:00:33.514,"According from Quran, the verse is 6:8 says",Behrouz
12 Quran Study From Behrouz 212 Behrouz's Khutba Edip  Yuksel's Exposure 01 25 1990,https://www.youtube.com/watch?v=jYTRnyx-9L0,00:00:33.514,00:00:47.673,"[6:8]  They also said, ""If only an angel could come down with him!"" Had we sent an angel, the whole matter would have been terminated, and they would not have been respited.",Behrouz
12 Quran Study From Behrouz 212 Behrouz's Khutba Edip  Yuksel's Exposure 01 25 1990,https://www.youtube.com/watch?v=jYTRnyx-9L0,00:00:47.673,00:00:48.884,6,Behrouz
12 Quran Study From Behrouz 212 Behrouz's Khutba Edip  Yuksel's Exposure 01 25 1990,https://www.youtube.com/watch?v=jYTRnyx-9L0,00:00:48.884,00:00:52.011,"Chapter 6, verse 9 says,",Behrouz
12 Quran Study From Behrouz 212 Behrouz's Khutba Edip  Yuksel's Exposure 01 25 1990,https://www.youtube.com/watch?v=jYTRnyx-9L0,00:00:52.011,00:01:00.271,"[6:9]  Had we sent an angel, we would have sent him in the form of a man, and we would have kept them confused.",Behrouz
12 Quran Study From Behrouz 212 Behrouz's Khutba Edip  Yuksel's Exposure 01 25 1990,https://www.youtube.com/watch?v=jYTRnyx-9L0,00:01:00.933,00:01:04.731,"43:53 and 6:50 say the same thing,",Behrouz
12 Quran Study From Behrouz 212 Behrouz's Khutba Edip  Yuksel's Exposure 01 25 1990,https://www.youtube.com/watch?v=jYTRnyx-9L0,00:01:04.731,00:01:24.333,"[6:50]  Say, ""I do not say to you that I possess the treasures of GOD. Nor do I know the future. Nor do I say to you that I am an angel. I simply follow what is revealed to me."" Say, ""Is the blind the same as the seer? Do you not think?""",Behrouz
12 Quran Study From Behrouz 212 Behrouz's Khutba Edip  Yuksel's Exposure 01 25 1990,https://www.youtube.com/watch?v=jYTRnyx-9L0,00:01:24.333,00:01:25.967,"6:158 says,",Behrouz
12 Quran Study From Behrouz 212 Behrouz's Khutba Edip  Yuksel's Exposure 01 25 1990,https://www.youtube.com/watch?v=jYTRnyx-9L0,00:01:25.967,00:01:45.843,"[6:158]  Are they waiting for the angels to come to them, or your Lord, or some manifestations of your Lord? The day this happens, no soul will benefit from believing if it did not believe before that. So, ""Keep on waiting; we too will wait.""",Behrouz
12 Quran Study From Behrouz 212 Behrouz's Khutba Edip  Yuksel's Exposure 01 25 1990,https://www.youtube.com/watch?v=jYTRnyx-9L0,00:01:49.560,00:02:08.781,"[2:210]  Are they waiting until GOD comes down to them in dense clouds, with the angels? The whole matter will then be terminated, and to GOD everything will be returned.*",Behrouz
12 Quran Study From Behrouz 212 Behrouz's Khutba Edip  Yuksel's Exposure 01 25 1990,https://www.youtube.com/watch?v=jYTRnyx-9L0,00:02:09.307,00:02:10.763,[16:33]  They are waiting for the angels ...,Behrouz
12 Quran Study From Behrouz 212 Behrouz's Khutba Edip  Yuksel's Exposure 01 25 1990,https://www.youtube.com/watch?v=jYTRnyx-9L0,00:02:10.763,00:02:26.337,"[16:33]  They are waiting for the angels to come to them, or until your Lord's judgment comes to pass. Those before them did the same thing. GOD is not the One who wronged them; they are the ones who wronged themselves.",Behrouz
12 Quran Study From Behrouz 212 Behrouz's Khutba Edip  Yuksel's Exposure 01 25 1990,https://www.youtube.com/watch?v=jYTRnyx-9L0,00:02:27.481,00:02:28.906,11:12,Behrouz
12 Quran Study From Behrouz 212 Behrouz's Khutba Edip  Yuksel's Exposure 01 25 1990,https://www.youtube.com/watch?v=jYTRnyx-9L0,00:02:28.906,00:02:47.482,"[11:12]  You may tend to disregard some of that which is revealed to you, and you may be annoyed by it. When they may say, ""How come no treasure comes down to him, or an angel?"" You are only a warner; GOD controls all things.",Behrouz
12 Quran Study From Behrouz 212 Behrouz's Khutba Edip  Yuksel's Exposure 01 25 1990,https://www.youtube.com/watch?v=jYTRnyx-9L0,00:02:51.250,00:02:52.847,"15:7 says,",Behrouz
12 Quran Study From Behrouz 212 Behrouz's Khutba Edip  Yuksel's Exposure 01 25 1990,https://www.youtube.com/watch?v=jYTRnyx-9L0,00:02:52.847,00:02:57.495,"[15:7]  ""Why do you not bring down the angels, if you are truthful?""",Behrouz
12 Quran Study From Behrouz 212 Behrouz's Khutba Edip  Yuksel's Exposure 01 25 1990,https://www.youtube.com/watch?v=jYTRnyx-9L0,00:02:57.495,00:02:58.661,"15:8 says,",Behrouz
12 Quran Study From Behrouz 212 Behrouz's Khutba Edip  Yuksel's Exposure 01 25 1990,https://www.youtube.com/watch?v=jYTRnyx-9L0,00:02:58.661,00:03:05.462,"[15:8]  We do not send down the angels except for specific purpose. Otherwise, no one will be respited.",Behrouz
12 Quran Study From Behrouz 212 Behrouz's Khutba Edip  Yuksel's Exposure 01 25 1990,https://www.youtube.com/watch?v=jYTRnyx-9L0,00:03:05.763,00:03:07.533,"17:92 says,",Behrouz
12 Quran Study From Behrouz 212 Behrouz's Khutba Edip  Yuksel's Exposure 01 25 1990,https://www.youtube.com/watch?v=jYTRnyx-9L0,00:03:07.870,00:03:17.555,"[17:92]  ""Or unless we cause masses from the sky to fall on us, as you claimed. Or unless you bring GOD and the angels before our eyes.",Behrouz
12 Quran Study From Behrouz 212 Behrouz's Khutba Edip  Yuksel's Exposure 01 25 1990,https://www.youtube.com/watch?v=jYTRnyx-9L0,00:03:17.555,00:03:19.153,"17:95 says,",Behrouz
12 Quran Study From Behrouz 212 Behrouz's Khutba Edip  Yuksel's Exposure 01 25 1990,https://www.youtube.com/watch?v=jYTRnyx-9L0,00:03:19.300,00:03:26.884,"[17:95]  ""If the earth were inhabited by angels, we could have sent down to them from the sky an angel messenger.""",Behrouz
12 Quran Study From Behrouz 212 Behrouz's Khutba Edip  Yuksel's Exposure 01 25 1990,https://www.youtube.com/watch?v=jYTRnyx-9L0,00:03:27.727,00:03:38.895,"[25:22]  The day they see the angels, it will not be good news for the guilty; they will say, ""We are irreversibly confused.""",Behrouz
12 Quran Study From Behrouz 212 Behrouz's Khutba Edip  Yuksel's Exposure 01 25 1990,https://www.youtube.com/watch?v=jYTRnyx-9L0,00:03:38.895,00:03:45.614,"[43:60]  If we willed, we could have made you angels colonizing the earth.",Behrouz
12 Quran Study From Behrouz 212 Behrouz's Khutba Edip  Yuksel's Exposure 01 25 1990,https://www.youtube.com/watch?v=jYTRnyx-9L0,00:03:48.225,00:03:53.675,"Behrouz: I wish to God that among us there would be
anyone that would not believe in God's messenger",Behrouz
12 Quran Study From Behrouz 212 Behrouz's Khutba Edip  Yuksel's Exposure 01 25 1990,https://www.youtube.com/watch?v=jYTRnyx-9L0,00:03:53.675,00:04:04.320,"because God's messenger, Alhamdu Lillah, is live and well among us and we just have to obey.",Behrouz
12 Quran Study From Behrouz 212 Behrouz's Khutba Edip  Yuksel's Exposure 01 25 1990,https://www.youtube.com/watch?v=jYTRnyx-9L0,00:04:05.199,00:04:11.406,"And constantly, Quran repeated, you have
to believe in God and obey His messenger.",Behrouz
12 Quran Study From Behrouz 212 Behrouz's Khutba Edip  Yuksel's Exposure 01 25 1990,https://www.youtube.com/watch?v=jYTRnyx-9L0,00:04:11.406,00:04:14.352,"Right after ""God"" comes the word of ""messenger.""",Behrouz
12 Quran Study From Behrouz 212 Behrouz's Khutba Edip  Yuksel's Exposure 01 25 1990,https://www.youtube.com/watch?v=jYTRnyx-9L0,00:04:14.352,00:04:16.053,You have to follow the messenger.,Behrouz
12 Quran Study From Behrouz 212 Behrouz's Khutba Edip  Yuksel's Exposure 01 25 1990,https://www.youtube.com/watch?v=jYTRnyx-9L0,00:04:17.236,00:04:18.135,Excuse me.,Behrouz
12 Quran Study From Behrouz 212 Behrouz's Khutba Edip  Yuksel's Exposure 01 25 1990,https://www.youtube.com/watch?v=jYTRnyx-9L0,00:04:18.135,00:04:19.204,Obey the messenger.,Behrouz
12 Quran Study From Behrouz 212 Behrouz's Khutba Edip  Yuksel's Exposure 01 25 1990,https://www.youtube.com/watch?v=jYTRnyx-9L0,00:04:24.401,00:04:31.289,"Now, a couple of weeks ago, our brother Muhtesem
talked about the responsibility, but today,",Behrouz
12 Quran Study From Behrouz 212 Behrouz's Khutba Edip  Yuksel's Exposure 01 25 1990,https://www.youtube.com/watch?v=jYTRnyx-9L0,00:04:31.289,00:04:38.962,"God willing, I'm gonna specify our responsibilities,
which is God's will that's the time we are in this world now.",Behrouz
12 Quran Study From Behrouz 212 Behrouz's Khutba Edip  Yuksel's Exposure 01 25 1990,https://www.youtube.com/watch?v=jYTRnyx-9L0,00:04:39.750,00:04:44.421,"And believe me, anything happens in this Masjid,
I have seen it with my own eyes.",Behrouz
12 Quran Study From Behrouz 212 Behrouz's Khutba Edip  Yuksel's Exposure 01 25 1990,https://www.youtube.com/watch?v=jYTRnyx-9L0,00:04:45.000,00:04:51.816,"Just last week, in computer room, Dr.
Khalifa was writing the new perspective,",Behrouz
12 Quran Study From Behrouz 212 Behrouz's Khutba Edip  Yuksel's Exposure 01 25 1990,https://www.youtube.com/watch?v=jYTRnyx-9L0,00:04:51.816,00:04:54.957,"and there was a word, it would not go to the computer.",Behrouz
12 Quran Study From Behrouz 212 Behrouz's Khutba Edip  Yuksel's Exposure 01 25 1990,https://www.youtube.com/watch?v=jYTRnyx-9L0,00:04:55.258,00:04:56.918,That was not God's will.,Behrouz
12 Quran Study From Behrouz 212 Behrouz's Khutba Edip  Yuksel's Exposure 01 25 1990,https://www.youtube.com/watch?v=jYTRnyx-9L0,00:04:57.302,00:05:00.556,"It took some time, either it was shorter or a long.",Behrouz
12 Quran Study From Behrouz 212 Behrouz's Khutba Edip  Yuksel's Exposure 01 25 1990,https://www.youtube.com/watch?v=jYTRnyx-9L0,00:05:00.556,00:05:04.839,That it took some times till it eventually (unintelligible). That was God's will. Alhamdu Lillah.,Behrouz
12 Quran Study From Behrouz 212 Behrouz's Khutba Edip  Yuksel's Exposure 01 25 1990,https://www.youtube.com/watch?v=jYTRnyx-9L0,00:05:04.839,00:05:12.696,"So, anything happening over here, Alhamdu Lillah, it's just like God is looking at us, all of us, right in here, and it's a very, very",Behrouz
12 Quran Study From Behrouz 212 Behrouz's Khutba Edip  Yuksel's Exposure 01 25 1990,https://www.youtube.com/watch?v=jYTRnyx-9L0,00:05:12.696,00:05:14.335,crucial moment.,Behrouz
12 Quran Study From Behrouz 212 Behrouz's Khutba Edip  Yuksel's Exposure 01 25 1990,https://www.youtube.com/watch?v=jYTRnyx-9L0,00:05:16.432,00:05:22.325,"Now, so, we have to obey this responsibility.",Behrouz
12 Quran Study From Behrouz 212 Behrouz's Khutba Edip  Yuksel's Exposure 01 25 1990,https://www.youtube.com/watch?v=jYTRnyx-9L0,00:05:22.325,00:05:27.354,"Now, God is telling us how to fulfill this
responsibility about our messenger.",Behrouz
12 Quran Study From Behrouz 212 Behrouz's Khutba Edip  Yuksel's Exposure 01 25 1990,https://www.youtube.com/watch?v=jYTRnyx-9L0,00:05:29.325,00:05:31.650,We shall not argue with the messenger.,Behrouz
12 Quran Study From Behrouz 212 Behrouz's Khutba Edip  Yuksel's Exposure 01 25 1990,https://www.youtube.com/watch?v=jYTRnyx-9L0,00:05:32.202,00:05:35.873,"There is no way whatsoever we can argue with
the messenger.",Behrouz
12 Quran Study From Behrouz 212 Behrouz's Khutba Edip  Yuksel's Exposure 01 25 1990,https://www.youtube.com/watch?v=jYTRnyx-9L0,00:05:35.873,00:05:39.508,"That's arguing with the word of God, with
God's messenger.",Behrouz
12 Quran Study From Behrouz 212 Behrouz's Khutba Edip  Yuksel's Exposure 01 25 1990,https://www.youtube.com/watch?v=jYTRnyx-9L0,00:05:40.382,00:05:49.547,"And when a verse says that after, if you die
before age of 40, you go to Heaven, that's it.",Behrouz
12 Quran Study From Behrouz 212 Behrouz's Khutba Edip  Yuksel's Exposure 01 25 1990,https://www.youtube.com/watch?v=jYTRnyx-9L0,00:05:49.547,00:05:51.719,We cannot ask him why.,Behrouz
12 Quran Study From Behrouz 212 Behrouz's Khutba Edip  Yuksel's Exposure 01 25 1990,https://www.youtube.com/watch?v=jYTRnyx-9L0,00:05:51.719,00:05:57.446,"If you have any problem, you can ask God,
because his job is to just deliver the message.",Behrouz
12 Quran Study From Behrouz 212 Behrouz's Khutba Edip  Yuksel's Exposure 01 25 1990,https://www.youtube.com/watch?v=jYTRnyx-9L0,00:05:58.966,00:06:00.304,"6:33 says,",Behrouz
12 Quran Study From Behrouz 212 Behrouz's Khutba Edip  Yuksel's Exposure 01 25 1990,https://www.youtube.com/watch?v=jYTRnyx-9L0,00:06:00.304,00:06:12.115,[6:33]  We know that you may sadden by what they say. You should know that it is not you that they reject; it is GOD's revelations that the wicked disregard.,Behrouz
12 Quran Study From Behrouz 212 Behrouz's Khutba Edip  Yuksel's Exposure 01 25 1990,https://www.youtube.com/watch?v=jYTRnyx-9L0,00:06:14.001,00:06:22.598,"Unfortunately, last week, that is fortunate
actually, Dr. Shakira came from San Francisco,",Behrouz
12 Quran Study From Behrouz 212 Behrouz's Khutba Edip  Yuksel's Exposure 01 25 1990,https://www.youtube.com/watch?v=jYTRnyx-9L0,00:06:22.598,00:06:28.510,"and she was, she is a beautiful, Mã Shã Allãh,
a very, very strong believer.",Behrouz
12 Quran Study From Behrouz 212 Behrouz's Khutba Edip  Yuksel's Exposure 01 25 1990,https://www.youtube.com/watch?v=jYTRnyx-9L0,00:06:28.510,00:06:35.644,"If she was not, she would have left the message, Masjid
because she actually said it herself that",Behrouz
12 Quran Study From Behrouz 212 Behrouz's Khutba Edip  Yuksel's Exposure 01 25 1990,https://www.youtube.com/watch?v=jYTRnyx-9L0,00:06:35.644,00:06:38.850,"""I'm confused"", the way we are treating the
messenger.",Behrouz
12 Quran Study From Behrouz 212 Behrouz's Khutba Edip  Yuksel's Exposure 01 25 1990,https://www.youtube.com/watch?v=jYTRnyx-9L0,00:06:41.499,00:06:44.899,We cannot have any opinion or any suggestions.,Behrouz
12 Quran Study From Behrouz 212 Behrouz's Khutba Edip  Yuksel's Exposure 01 25 1990,https://www.youtube.com/watch?v=jYTRnyx-9L0,00:06:45.862,00:06:47.640,It's just the word of God.,Behrouz
12 Quran Study From Behrouz 212 Behrouz's Khutba Edip  Yuksel's Exposure 01 25 1990,https://www.youtube.com/watch?v=jYTRnyx-9L0,00:06:48.301,00:06:55.461,"And if you all remember the story of Moses
and his teacher, he kept interrupting him,",Behrouz
12 Quran Study From Behrouz 212 Behrouz's Khutba Edip  Yuksel's Exposure 01 25 1990,https://www.youtube.com/watch?v=jYTRnyx-9L0,00:06:55.461,00:07:00.000,"Why did you kill that? Why did you take the, made a
hole in the ship?",Behrouz
12 Quran Study From Behrouz 212 Behrouz's Khutba Edip  Yuksel's Exposure 01 25 1990,https://www.youtube.com/watch?v=jYTRnyx-9L0,00:07:00.000,00:07:02.587,"We, we are not supposed to ask these questions.",Behrouz
12 Quran Study From Behrouz 212 Behrouz's Khutba Edip  Yuksel's Exposure 01 25 1990,https://www.youtube.com/watch?v=jYTRnyx-9L0,00:07:02.587,00:07:06.061,"When the right time comes, we will find out
ourselves, IN SHAA ALLAH.",Behrouz
12 Quran Study From Behrouz 212 Behrouz's Khutba Edip  Yuksel's Exposure 01 25 1990,https://www.youtube.com/watch?v=jYTRnyx-9L0,00:07:08.890,00:07:09.987,"49:1 says,",Behrouz
12 Quran Study From Behrouz 212 Behrouz's Khutba Edip  Yuksel's Exposure 01 25 1990,https://www.youtube.com/watch?v=jYTRnyx-9L0,00:07:09.987,00:07:19.511,"[49:1]  O you who believe, do not place your opinion above that of GOD and His messenger. You shall reverence GOD. GOD is Hearer, Omniscient.",Behrouz
12 Quran Study From Behrouz 212 Behrouz's Khutba Edip  Yuksel's Exposure 01 25 1990,https://www.youtube.com/watch?v=jYTRnyx-9L0,00:07:20.885,00:07:23.523,The reason is because we might help the messenger.,Behrouz
12 Quran Study From Behrouz 212 Behrouz's Khutba Edip  Yuksel's Exposure 01 25 1990,https://www.youtube.com/watch?v=jYTRnyx-9L0,00:07:23.523,00:07:25.162,9:61 says,Behrouz
12 Quran Study From Behrouz 212 Behrouz's Khutba Edip  Yuksel's Exposure 01 25 1990,https://www.youtube.com/watch?v=jYTRnyx-9L0,00:07:25.162,00:07:36.852,"[9:61]  ... He is a mercy for those among you who believe."" Those who hurt GOD's messenger have incurred a painful retribution.",Behrouz
12 Quran Study From Behrouz 212 Behrouz's Khutba Edip  Yuksel's Exposure 01 25 1990,https://www.youtube.com/watch?v=jYTRnyx-9L0,00:07:38.658,00:07:40.017,"33:57 says,",Behrouz
12 Quran Study From Behrouz 212 Behrouz's Khutba Edip  Yuksel's Exposure 01 25 1990,https://www.youtube.com/watch?v=jYTRnyx-9L0,00:07:40.017,00:07:48.578,"[33:57]  Surely, those who oppose GOD and His messenger, GOD condemns them in this life, and in the Hereafter; ...",Behrouz
12 Quran Study From Behrouz 212 Behrouz's Khutba Edip  Yuksel's Exposure 01 25 1990,https://www.youtube.com/watch?v=jYTRnyx-9L0,00:07:49.601,00:08:03.639,"[33:69]  O you who believe, do not be like those who hurt Moses, then GOD absolved him of what they said. He was, in the sight of GOD, honorable.",Behrouz
12 Quran Study From Behrouz 212 Behrouz's Khutba Edip  Yuksel's Exposure 01 25 1990,https://www.youtube.com/watch?v=jYTRnyx-9L0,00:08:04.421,00:08:05.648,"61:5 says,",Behrouz
12 Quran Study From Behrouz 212 Behrouz's Khutba Edip  Yuksel's Exposure 01 25 1990,https://www.youtube.com/watch?v=jYTRnyx-9L0,00:08:05.648,00:08:24.621,"[61:5]  Recall that Moses said to his people, ""O my people, why do you hurt me, even though you know that I am GOD's messenger?"" When they deviated, GOD diverted their hearts. For GOD does not guide the wicked people.",Behrouz
12 Quran Study From Behrouz 212 Behrouz's Khutba Edip  Yuksel's Exposure 01 25 1990,https://www.youtube.com/watch?v=jYTRnyx-9L0,00:08:25.163,00:08:42.972,"[49:2]  O you who believe, do not raise your voices above the voice of the prophet,* nor shall you shout at him as you shout at each other, lest your works become nullified while you do not perceive.",Behrouz
12 Quran Study From Behrouz 212 Behrouz's Khutba Edip  Yuksel's Exposure 01 25 1990,https://www.youtube.com/watch?v=jYTRnyx-9L0,00:08:45.861,00:08:48.764,"[49:3]  Surely, those who lower ...",Behrouz
12 Quran Study From Behrouz 212 Behrouz's Khutba Edip  Yuksel's Exposure 01 25 1990,https://www.youtube.com/watch?v=jYTRnyx-9L0,00:08:48.764,00:08:50.222,"This is 49:3,",Behrouz
12 Quran Study From Behrouz 212 Behrouz's Khutba Edip  Yuksel's Exposure 01 25 1990,https://www.youtube.com/watch?v=jYTRnyx-9L0,00:08:50.222,00:09:04.320,[49:3]  ... who lower their voices at the messenger of GOD are the ones whose hearts are prepared by GOD to become righteous.* They deserve forgiveness and a great recompense.,Behrouz
12 Quran Study From Behrouz 212 Behrouz's Khutba Edip  Yuksel's Exposure 01 25 1990,https://www.youtube.com/watch?v=jYTRnyx-9L0,00:09:06.908,00:09:16.287,"[49:4]  As for those who call on you from outside the walls, most of them do not understand.",Behrouz
12 Quran Study From Behrouz 212 Behrouz's Khutba Edip  Yuksel's Exposure 01 25 1990,https://www.youtube.com/watch?v=jYTRnyx-9L0,00:09:16.651,00:09:23.939,"We cannot call ""Dr. Khalifa, come over here. We wanna go, let's do the prayer.""",Behrouz
12 Quran Study From Behrouz 212 Behrouz's Khutba Edip  Yuksel's Exposure 01 25 1990,https://www.youtube.com/watch?v=jYTRnyx-9L0,00:09:23.939,00:09:25.219,We cannot do that.,Behrouz
12 Quran Study From Behrouz 212 Behrouz's Khutba Edip  Yuksel's Exposure 01 25 1990,https://www.youtube.com/watch?v=jYTRnyx-9L0,00:09:25.821,00:09:33.544,"This is, it doesn't bother him personally,
but this is, it's gonna nullify our, our work, whatever we have done.",Behrouz
12 Quran Study From Behrouz 212 Behrouz's Khutba Edip  Yuksel's Exposure 01 25 1990,https://www.youtube.com/watch?v=jYTRnyx-9L0,00:09:36.132,00:09:38.132,"God says on 49:5,",Behrouz
12 Quran Study From Behrouz 212 Behrouz's Khutba Edip  Yuksel's Exposure 01 25 1990,https://www.youtube.com/watch?v=jYTRnyx-9L0,00:09:38.132,00:09:45.248,"[49:5]  Had they been patient until you came out to them, it would have been better for them. GOD is Forgiver, Most Merciful.",Behrouz
12 Quran Study From Behrouz 212 Behrouz's Khutba Edip  Yuksel's Exposure 01 25 1990,https://www.youtube.com/watch?v=jYTRnyx-9L0,00:09:48.348,00:09:54.969,"As for any communities, this community, we
have to have discipline,",Behrouz
12 Quran Study From Behrouz 212 Behrouz's Khutba Edip  Yuksel's Exposure 01 25 1990,https://www.youtube.com/watch?v=jYTRnyx-9L0,00:09:54.969,00:09:58.926,"disciplines according to the God's law that
we have to follow.",Behrouz
12 Quran Study From Behrouz 212 Behrouz's Khutba Edip  Yuksel's Exposure 01 25 1990,https://www.youtube.com/watch?v=jYTRnyx-9L0,00:10:00.551,00:10:07.988,"Now, I'm just gonna give you an example,
that is outside example.",Behrouz
12 Quran Study From Behrouz 212 Behrouz's Khutba Edip  Yuksel's Exposure 01 25 1990,https://www.youtube.com/watch?v=jYTRnyx-9L0,00:10:07.988,00:10:19.565,"It's probably the human and devil kingdom,
but you cannot and you will not call President Bush by his first name.",Behrouz
12 Quran Study From Behrouz 212 Behrouz's Khutba Edip  Yuksel's Exposure 01 25 1990,https://www.youtube.com/watch?v=jYTRnyx-9L0,00:10:19.856,00:10:22.358,"Have you seen anyone call him by his first
name?",Behrouz
12 Quran Study From Behrouz 212 Behrouz's Khutba Edip  Yuksel's Exposure 01 25 1990,https://www.youtube.com/watch?v=jYTRnyx-9L0,00:10:22.720,00:10:26.962,"If he was here right now with us, we would
wear all suit and tie,",Behrouz
12 Quran Study From Behrouz 212 Behrouz's Khutba Edip  Yuksel's Exposure 01 25 1990,https://www.youtube.com/watch?v=jYTRnyx-9L0,00:10:26.962,00:10:31.054,"he had millions of bodyguards, and you would come and sit just
like that.",Behrouz
12 Quran Study From Behrouz 212 Behrouz's Khutba Edip  Yuksel's Exposure 01 25 1990,https://www.youtube.com/watch?v=jYTRnyx-9L0,00:10:31.361,00:10:41.846,"Now, but messenger is a position that God
has given, and this is the highest point, position in this world.",Behrouz
12 Quran Study From Behrouz 212 Behrouz's Khutba Edip  Yuksel's Exposure 01 25 1990,https://www.youtube.com/watch?v=jYTRnyx-9L0,00:10:42.600,00:10:47.195,And we have to follow God's word. God called him messenger.,Behrouz
12 Quran Study From Behrouz 212 Behrouz's Khutba Edip  Yuksel's Exposure 01 25 1990,https://www.youtube.com/watch?v=jYTRnyx-9L0,00:10:48.418,00:10:54.893,"For the newcomers, they come outside, they
see us, we have Friday classes.",Behrouz
12 Quran Study From Behrouz 212 Behrouz's Khutba Edip  Yuksel's Exposure 01 25 1990,https://www.youtube.com/watch?v=jYTRnyx-9L0,00:10:57.070,00:11:01.514,"When they leave, they don't know who was the
messenger, who was the student, who was the teacher.",Behrouz
12 Quran Study From Behrouz 212 Behrouz's Khutba Edip  Yuksel's Exposure 01 25 1990,https://www.youtube.com/watch?v=jYTRnyx-9L0,00:11:02.028,00:11:05.107,"Everybody is laying down, some people are
sleeping.",Behrouz
12 Quran Study From Behrouz 212 Behrouz's Khutba Edip  Yuksel's Exposure 01 25 1990,https://www.youtube.com/watch?v=jYTRnyx-9L0,00:11:05.107,00:11:11.122,"Please, we have to cut this off, because this
is against God's law, against God's rules.",Behrouz
12 Quran Study From Behrouz 212 Behrouz's Khutba Edip  Yuksel's Exposure 01 25 1990,https://www.youtube.com/watch?v=jYTRnyx-9L0,00:11:12.089,00:11:18.732,"Please, over here, this side of this door,
be very formal.",Behrouz
12 Quran Study From Behrouz 212 Behrouz's Khutba Edip  Yuksel's Exposure 01 25 1990,https://www.youtube.com/watch?v=jYTRnyx-9L0,00:11:19.094,00:11:27.281,"When we go outside, when we go inside to RASOOL ALLAH, just call him Rashad, or whatever you want as a friend.",Behrouz
12 Quran Study From Behrouz 212 Behrouz's Khutba Edip  Yuksel's Exposure 01 25 1990,https://www.youtube.com/watch?v=jYTRnyx-9L0,00:11:27.619,00:11:34.051,"But when we are here, on this side of the
door, please let us be example for the newcomers.",Behrouz
12 Quran Study From Behrouz 212 Behrouz's Khutba Edip  Yuksel's Exposure 01 25 1990,https://www.youtube.com/watch?v=jYTRnyx-9L0,00:11:34.051,00:11:39.882,"We don't want someone, as a reporter, come
over here, they call him RASOOL ALLAH, and then call him, Rashad.",Behrouz
12 Quran Study From Behrouz 212 Behrouz's Khutba Edip  Yuksel's Exposure 01 25 1990,https://www.youtube.com/watch?v=jYTRnyx-9L0,00:11:39.882,00:11:44.472,"Don't you feel funny when there is someone coming from outside,
they tell us what to tell him?",Behrouz
12 Quran Study From Behrouz 212 Behrouz's Khutba Edip  Yuksel's Exposure 01 25 1990,https://www.youtube.com/watch?v=jYTRnyx-9L0,00:11:45.000,00:11:47.680,Like God already called him RASOOL ALLAH.,Behrouz
12 Quran Study From Behrouz 212 Behrouz's Khutba Edip  Yuksel's Exposure 01 25 1990,https://www.youtube.com/watch?v=jYTRnyx-9L0,00:11:47.720,00:11:50.603,God positioned him as a RASOOL ALLAH.,Behrouz
12 Quran Study From Behrouz 212 Behrouz's Khutba Edip  Yuksel's Exposure 01 25 1990,https://www.youtube.com/watch?v=jYTRnyx-9L0,00:11:50.603,00:11:57.335,"So, we have to, I mean, this is up to everybody,
whatever they want, we think about it, but",Behrouz
12 Quran Study From Behrouz 212 Behrouz's Khutba Edip  Yuksel's Exposure 01 25 1990,https://www.youtube.com/watch?v=jYTRnyx-9L0,00:11:57.335,00:12:02.766,"this is God's rule. This is God's law. This
is the rule we should have among us.",Behrouz
12 Quran Study From Behrouz 212 Behrouz's Khutba Edip  Yuksel's Exposure 01 25 1990,https://www.youtube.com/watch?v=jYTRnyx-9L0,00:12:03.074,00:12:08.494,"This is a very, very crucial moment that we
have to take heed, and understand it.",Behrouz
12 Quran Study From Behrouz 212 Behrouz's Khutba Edip  Yuksel's Exposure 01 25 1990,https://www.youtube.com/watch?v=jYTRnyx-9L0,00:12:08.494,00:12:13.527,"We are so busy with the miracle of 19, we
forgot the small things over here.",Behrouz
12 Quran Study From Behrouz 212 Behrouz's Khutba Edip  Yuksel's Exposure 01 25 1990,https://www.youtube.com/watch?v=jYTRnyx-9L0,00:12:14.128,00:12:20.552,"And one is, please, you can call him RASOOL ALLAH,
Mr. Khalifa, Dr. Khalifa.",Behrouz
12 Quran Study From Behrouz 212 Behrouz's Khutba Edip  Yuksel's Exposure 01 25 1990,https://www.youtube.com/watch?v=jYTRnyx-9L0,00:12:20.552,00:12:25.870,"Please, when we are having on a study group,
don't, don't call by the first name.",Behrouz
12 Quran Study From Behrouz 212 Behrouz's Khutba Edip  Yuksel's Exposure 01 25 1990,https://www.youtube.com/watch?v=jYTRnyx-9L0,00:12:25.870,00:12:30.253,"First name is me, or you, or others, but he
is RASOOL ALLAH.",Behrouz
12 Quran Study From Behrouz 212 Behrouz's Khutba Edip  Yuksel's Exposure 01 25 1990,https://www.youtube.com/watch?v=jYTRnyx-9L0,00:12:35.971,00:12:46.953,"God is teaching us everything, all for the, even the manners,
how to treat each other, and RASOOL ALLAH, His messenger.",Behrouz
12 Quran Study From Behrouz 212 Behrouz's Khutba Edip  Yuksel's Exposure 01 25 1990,https://www.youtube.com/watch?v=jYTRnyx-9L0,00:12:48.254,00:12:53.854,"Last conference, that was my first conference,
I didn't know many people, I only knew Dr. Khalifa,",Behrouz
12 Quran Study From Behrouz 212 Behrouz's Khutba Edip  Yuksel's Exposure 01 25 1990,https://www.youtube.com/watch?v=jYTRnyx-9L0,00:12:53.854,00:12:59.389,"and Susan, Lisa, and few other
people, because of my last visit for a couple of days.",Behrouz
12 Quran Study From Behrouz 212 Behrouz's Khutba Edip  Yuksel's Exposure 01 25 1990,https://www.youtube.com/watch?v=jYTRnyx-9L0,00:13:00.287,00:13:06.669,"At the time of conference, I was sitting on
the right hand side, facing the microphone,",Behrouz
12 Quran Study From Behrouz 212 Behrouz's Khutba Edip  Yuksel's Exposure 01 25 1990,https://www.youtube.com/watch?v=jYTRnyx-9L0,00:13:06.669,00:13:16.845,"I was leaning to the bookshelf, and I was
watching the whole group, there was a gentleman among us.",Behrouz
12 Quran Study From Behrouz 212 Behrouz's Khutba Edip  Yuksel's Exposure 01 25 1990,https://www.youtube.com/watch?v=jYTRnyx-9L0,00:13:17.544,00:13:25.869,"He would not leave the meeting. He would not come in unless Dr. Khalifa turned to him, or accidentally see him, he said ""can I go?""",Behrouz
12 Quran Study From Behrouz 212 Behrouz's Khutba Edip  Yuksel's Exposure 01 25 1990,https://www.youtube.com/watch?v=jYTRnyx-9L0,00:13:25.869,00:13:27.109,"Then, he would go.",Behrouz
12 Quran Study From Behrouz 212 Behrouz's Khutba Edip  Yuksel's Exposure 01 25 1990,https://www.youtube.com/watch?v=jYTRnyx-9L0,00:13:27.109,00:13:30.767,And that gentleman was Sammy. That is his son.,Behrouz
12 Quran Study From Behrouz 212 Behrouz's Khutba Edip  Yuksel's Exposure 01 25 1990,https://www.youtube.com/watch?v=jYTRnyx-9L0,00:13:31.498,00:13:38.913,"And we all, I just have to thank you, this
is the thing that every one of us, we have to know this, is to learn it.",Behrouz
12 Quran Study From Behrouz 212 Behrouz's Khutba Edip  Yuksel's Exposure 01 25 1990,https://www.youtube.com/watch?v=jYTRnyx-9L0,00:13:38.913,00:13:41.050,We have to learn this lesson.,Behrouz
12 Quran Study From Behrouz 212 Behrouz's Khutba Edip  Yuksel's Exposure 01 25 1990,https://www.youtube.com/watch?v=jYTRnyx-9L0,00:13:41.679,00:13:46.214,"This is and mine, and all of you, I'm sure, is
the first messenger.",Behrouz
12 Quran Study From Behrouz 212 Behrouz's Khutba Edip  Yuksel's Exposure 01 25 1990,https://www.youtube.com/watch?v=jYTRnyx-9L0,00:13:46.214,00:13:48.443,We do not know how to treat.,Behrouz
12 Quran Study From Behrouz 212 Behrouz's Khutba Edip  Yuksel's Exposure 01 25 1990,https://www.youtube.com/watch?v=jYTRnyx-9L0,00:13:48.859,00:13:55.641,"And last time, I, I probably said something wrong,
and I called Dr. Khalifa, I said",Behrouz
12 Quran Study From Behrouz 212 Behrouz's Khutba Edip  Yuksel's Exposure 01 25 1990,https://www.youtube.com/watch?v=jYTRnyx-9L0,00:13:55.641,00:14:01.176,"""I'm very sorry, you are my first messenger, and I don't have
no experience about it, just forgive me, please.""",Behrouz
12 Quran Study From Behrouz 212 Behrouz's Khutba Edip  Yuksel's Exposure 01 25 1990,https://www.youtube.com/watch?v=jYTRnyx-9L0,00:14:01.867,00:14:08.259,"And so as for all of us, it's no problem,
we just don't know, but that doesn't mean that",Behrouz
12 Quran Study From Behrouz 212 Behrouz's Khutba Edip  Yuksel's Exposure 01 25 1990,https://www.youtube.com/watch?v=jYTRnyx-9L0,00:14:08.259,00:14:11.509,"we just have to keep following whatever
we have been doing.",Behrouz
12 Quran Study From Behrouz 212 Behrouz's Khutba Edip  Yuksel's Exposure 01 25 1990,https://www.youtube.com/watch?v=jYTRnyx-9L0,00:14:14.128,00:14:17.617,"Now, God says on 24:62,",Behrouz
12 Quran Study From Behrouz 212 Behrouz's Khutba Edip  Yuksel's Exposure 01 25 1990,https://www.youtube.com/watch?v=jYTRnyx-9L0,00:14:18.520,00:14:30.872,"[24:62]  The true believers are those who believe in GOD and His messenger,* and when they are with him in a community meeting, they do not leave him without permission.",Behrouz
12 Quran Study From Behrouz 212 Behrouz's Khutba Edip  Yuksel's Exposure 01 25 1990,https://www.youtube.com/watch?v=jYTRnyx-9L0,00:14:31.431,00:14:34.715,"Again, God says exactly the same thing,",Behrouz
12 Quran Study From Behrouz 212 Behrouz's Khutba Edip  Yuksel's Exposure 01 25 1990,https://www.youtube.com/watch?v=jYTRnyx-9L0,00:14:34.715,00:14:44.479,"Those who ask your permission are the ones who do not believe in God, who, I'm sorry, who do believe in God and His messenger.",Behrouz
12 Quran Study From Behrouz 212 Behrouz's Khutba Edip  Yuksel's Exposure 01 25 1990,https://www.youtube.com/watch?v=jYTRnyx-9L0,00:14:44.759,00:14:50.617,"He put the God and His messenger first sentence,
and then get the permission, and then the second sentence,",Behrouz
12 Quran Study From Behrouz 212 Behrouz's Khutba Edip  Yuksel's Exposure 01 25 1990,https://www.youtube.com/watch?v=jYTRnyx-9L0,00:14:50.617,00:14:53.404,"He said, these are the ones, they believe in God and His messenger.",Behrouz
12 Quran Study From Behrouz 212 Behrouz's Khutba Edip  Yuksel's Exposure 01 25 1990,https://www.youtube.com/watch?v=jYTRnyx-9L0,00:14:53.404,00:14:56.618,"I mean, this is very, very crucial and important.",Behrouz
12 Quran Study From Behrouz 212 Behrouz's Khutba Edip  Yuksel's Exposure 01 25 1990,https://www.youtube.com/watch?v=jYTRnyx-9L0,00:14:56.618,00:15:04.714,"And just from this, this verse, we get millions
of things about how to treat the messenger.",Behrouz
12 Quran Study From Behrouz 212 Behrouz's Khutba Edip  Yuksel's Exposure 01 25 1990,https://www.youtube.com/watch?v=jYTRnyx-9L0,00:15:04.714,00:15:09.370,"It's just completely different with, with anyone
else on this earth.",Behrouz
12 Quran Study From Behrouz 212 Behrouz's Khutba Edip  Yuksel's Exposure 01 25 1990,https://www.youtube.com/watch?v=jYTRnyx-9L0,00:15:15.662,00:15:24.925,"My brother, Mahmood JAN, just mentioned to
me, verse 7, Sura 7:31.",Behrouz
12 Quran Study From Behrouz 212 Behrouz's Khutba Edip  Yuksel's Exposure 01 25 1990,https://www.youtube.com/watch?v=jYTRnyx-9L0,00:15:31.726,00:15:32.921,"God says,",Behrouz
12 Quran Study From Behrouz 212 Behrouz's Khutba Edip  Yuksel's Exposure 01 25 1990,https://www.youtube.com/watch?v=jYTRnyx-9L0,00:15:32.921,00:15:46.056,"[7:31]  O children of Adam, you shall be clean and dress nicely when you go to the mosque. You shall eat and drink moderately. God does not love excess.",Behrouz
12 Quran Study From Behrouz 212 Behrouz's Khutba Edip  Yuksel's Exposure 01 25 1990,https://www.youtube.com/watch?v=jYTRnyx-9L0,00:15:47.310,00:15:54.020,"Now, please again, brothers, sisters, just,
I love you, that's why I'm talking about this.",Behrouz
12 Quran Study From Behrouz 212 Behrouz's Khutba Edip  Yuksel's Exposure 01 25 1990,https://www.youtube.com/watch?v=jYTRnyx-9L0,00:15:54.020,00:15:56.030,"If there was someone outside, I would not.",Behrouz
12 Quran Study From Behrouz 212 Behrouz's Khutba Edip  Yuksel's Exposure 01 25 1990,https://www.youtube.com/watch?v=jYTRnyx-9L0,00:15:56.030,00:16:01.355,"I would tell my children, I would tell my
mom, because I care about them.",Behrouz
12 Quran Study From Behrouz 212 Behrouz's Khutba Edip  Yuksel's Exposure 01 25 1990,https://www.youtube.com/watch?v=jYTRnyx-9L0,00:16:02.270,00:16:11.716,"And please, when you come in, freedom, it's
a beautiful word.",Behrouz
12 Quran Study From Behrouz 212 Behrouz's Khutba Edip  Yuksel's Exposure 01 25 1990,https://www.youtube.com/watch?v=jYTRnyx-9L0,00:16:11.716,00:16:17.730,"But when you are in a group, when you are
in a society, when you are in a, this community,",Behrouz
12 Quran Study From Behrouz 212 Behrouz's Khutba Edip  Yuksel's Exposure 01 25 1990,https://www.youtube.com/watch?v=jYTRnyx-9L0,00:16:17.730,00:16:21.353,it's completely freedom. But being having respect is different.,Behrouz
12 Quran Study From Behrouz 212 Behrouz's Khutba Edip  Yuksel's Exposure 01 25 1990,https://www.youtube.com/watch?v=jYTRnyx-9L0,00:16:22.114,00:16:25.690,"So please, I wanna ask you, I love you, especially the ones,",Behrouz
12 Quran Study From Behrouz 212 Behrouz's Khutba Edip  Yuksel's Exposure 01 25 1990,https://www.youtube.com/watch?v=jYTRnyx-9L0,00:16:25.690,00:16:32.622,"I, I know they have the same feeling about me too, but this is the word of God. Please do not lay down.",Behrouz
12 Quran Study From Behrouz 212 Behrouz's Khutba Edip  Yuksel's Exposure 01 25 1990,https://www.youtube.com/watch?v=jYTRnyx-9L0,00:16:32.622,00:16:39.542,"We have the, I know for some of us, it's very uncomfortable to sit down. But believe me, it's very uncomfortable in the Hell, too.",Behrouz
12 Quran Study From Behrouz 212 Behrouz's Khutba Edip  Yuksel's Exposure 01 25 1990,https://www.youtube.com/watch?v=jYTRnyx-9L0,00:16:40.068,00:16:42.468,To be (unintelligible) it's only two hours.,Behrouz
12 Quran Study From Behrouz 212 Behrouz's Khutba Edip  Yuksel's Exposure 01 25 1990,https://www.youtube.com/watch?v=jYTRnyx-9L0,00:16:42.468,00:16:49.233,"And you are, if you are sleeping, please sleep at home, and come later. I mean, this is, it's, it's not bad.",Behrouz
12 Quran Study From Behrouz 212 Behrouz's Khutba Edip  Yuksel's Exposure 01 25 1990,https://www.youtube.com/watch?v=jYTRnyx-9L0,00:16:49.814,00:16:50.829,I'm sorry.,Behrouz
12 Quran Study From Behrouz 212 Behrouz's Khutba Edip  Yuksel's Exposure 01 25 1990,https://www.youtube.com/watch?v=jYTRnyx-9L0,00:16:52.455,00:16:58.245,"Please don't get mad at me, because we all, if, he, he does not, 
we don't know it.",Behrouz
12 Quran Study From Behrouz 212 Behrouz's Khutba Edip  Yuksel's Exposure 01 25 1990,https://www.youtube.com/watch?v=jYTRnyx-9L0,00:16:58.726,00:17:00.480,We just do not notice these things.,Behrouz
12 Quran Study From Behrouz 212 Behrouz's Khutba Edip  Yuksel's Exposure 01 25 1990,https://www.youtube.com/watch?v=jYTRnyx-9L0,00:17:00.841,00:17:09.188,"We think, if you go to a class, do you lay down and make a position like you are in a Hollywood and then take a movie?",Behrouz
12 Quran Study From Behrouz 212 Behrouz's Khutba Edip  Yuksel's Exposure 01 25 1990,https://www.youtube.com/watch?v=jYTRnyx-9L0,00:17:10.248,00:17:13.587,"If you just sit down properly, the teacher
is over there, we have to follow him.",Behrouz
12 Quran Study From Behrouz 212 Behrouz's Khutba Edip  Yuksel's Exposure 01 25 1990,https://www.youtube.com/watch?v=jYTRnyx-9L0,00:17:14.614,00:17:20.990,"Believe me, back home, we could never ever
put our foot on the, on the top of the table.",Behrouz
12 Quran Study From Behrouz 212 Behrouz's Khutba Edip  Yuksel's Exposure 01 25 1990,https://www.youtube.com/watch?v=jYTRnyx-9L0,00:17:21.280,00:17:24.842,"Every time you put it down. So, these are the rules.",Behrouz
12 Quran Study From Behrouz 212 Behrouz's Khutba Edip  Yuksel's Exposure 01 25 1990,https://www.youtube.com/watch?v=jYTRnyx-9L0,00:17:24.842,00:17:30.917,"Please, this is, we learn it from each other, from the society, from God, especially forgive me, God,",Behrouz
12 Quran Study From Behrouz 212 Behrouz's Khutba Edip  Yuksel's Exposure 01 25 1990,https://www.youtube.com/watch?v=jYTRnyx-9L0,00:17:30.917,00:17:34.963,"that we have to follow for, especially for our messenger.",Behrouz
12 Quran Study From Behrouz 212 Behrouz's Khutba Edip  Yuksel's Exposure 01 25 1990,https://www.youtube.com/watch?v=jYTRnyx-9L0,00:17:42.844,00:17:46.884,"And also something else I wanna give as
the parents.",Behrouz
12 Quran Study From Behrouz 212 Behrouz's Khutba Edip  Yuksel's Exposure 01 25 1990,https://www.youtube.com/watch?v=jYTRnyx-9L0,00:17:47.968,00:17:53.528,"Believe me, if you are in that room, if one
child runs from here to there, it's like an airport over there.",Behrouz
12 Quran Study From Behrouz 212 Behrouz's Khutba Edip  Yuksel's Exposure 01 25 1990,https://www.youtube.com/watch?v=jYTRnyx-9L0,00:17:54.026,00:18:00.443,"Believe me. I, I was there two days ago, in the afternoon,
there was no one in the office, I was taking care of",Behrouz
12 Quran Study From Behrouz 212 Behrouz's Khutba Edip  Yuksel's Exposure 01 25 1990,https://www.youtube.com/watch?v=jYTRnyx-9L0,00:18:00.443,00:18:06.938,"Ahmad's children, beautiful, but they just went to get the pillow, bring it back over here and sleep. And they slept.",Behrouz
12 Quran Study From Behrouz 212 Behrouz's Khutba Edip  Yuksel's Exposure 01 25 1990,https://www.youtube.com/watch?v=jYTRnyx-9L0,00:18:06.938,00:18:07.856,I couldn't believe it.,Behrouz
12 Quran Study From Behrouz 212 Behrouz's Khutba Edip  Yuksel's Exposure 01 25 1990,https://www.youtube.com/watch?v=jYTRnyx-9L0,00:18:08.452,00:18:16.097,"But as soon as they run over there, it's, I don't know
what happened, the reaction over there, it's just like an airport.",Behrouz
12 Quran Study From Behrouz 212 Behrouz's Khutba Edip  Yuksel's Exposure 01 25 1990,https://www.youtube.com/watch?v=jYTRnyx-9L0,00:18:16.097,00:18:26.562,"Now, Friday nights, RASOOL ALLAH, Susan, Lisa,
Emily, they are here, they work 19, 20 hours a day.",Behrouz
12 Quran Study From Behrouz 212 Behrouz's Khutba Edip  Yuksel's Exposure 01 25 1990,https://www.youtube.com/watch?v=jYTRnyx-9L0,00:18:27.557,00:18:29.116,They need the rest.,Behrouz
12 Quran Study From Behrouz 212 Behrouz's Khutba Edip  Yuksel's Exposure 01 25 1990,https://www.youtube.com/watch?v=jYTRnyx-9L0,00:18:29.357,00:18:34.431,"Now, after this last meeting, everybody, every, all the kids, they get up,",Behrouz
12 Quran Study From Behrouz 212 Behrouz's Khutba Edip  Yuksel's Exposure 01 25 1990,https://www.youtube.com/watch?v=jYTRnyx-9L0,00:18:34.431,00:18:37.802,"they bring the pillows, they have fun over there. Please take care of them.",Behrouz
12 Quran Study From Behrouz 212 Behrouz's Khutba Edip  Yuksel's Exposure 01 25 1990,https://www.youtube.com/watch?v=jYTRnyx-9L0,00:18:37.802,00:18:40.907,"Please let them, you know, have them, quiet them down, please.",Behrouz
12 Quran Study From Behrouz 212 Behrouz's Khutba Edip  Yuksel's Exposure 01 25 1990,https://www.youtube.com/watch?v=jYTRnyx-9L0,00:18:48.147,00:18:50.211,"Now, we repent.",Behrouz
12 Quran Study From Behrouz 212 Behrouz's Khutba Edip  Yuksel's Exposure 01 25 1990,https://www.youtube.com/watch?v=jYTRnyx-9L0,00:19:01.045,00:19:04.917,"Alhamdu Lillah, Ash-hadu Alla Elaha Ella Allah Wahdahu La Shareeka Lah.",Behrouz
12 Quran Study From Behrouz 212 Behrouz's Khutba Edip  Yuksel's Exposure 01 25 1990,https://www.youtube.com/watch?v=jYTRnyx-9L0,00:19:07.956,00:19:12.436,"Last time, I forgot on my notes that is today
I have everything from (unintelligible).",Behrouz
12 Quran Study From Behrouz 212 Behrouz's Khutba Edip  Yuksel's Exposure 01 25 1990,https://www.youtube.com/watch?v=jYTRnyx-9L0,00:19:13.330,00:19:19.434,"The other point, the subject that I wanna
talk about is, it's about ego, the ego as a god.",Behrouz
12 Quran Study From Behrouz 212 Behrouz's Khutba Edip  Yuksel's Exposure 01 25 1990,https://www.youtube.com/watch?v=jYTRnyx-9L0,00:19:19.735,00:19:40.050,"[45:23]  Have you noted the one whose god is his ego? Consequently, GOD sends him astray, knowingly and seals his hearing and his mind, and places a veil on his eyes. Who then can guide him, after such a decision by GOD? Would you not take heed?",Behrouz
12 Quran Study From Behrouz 212 Behrouz's Khutba Edip  Yuksel's Exposure 01 25 1990,https://www.youtube.com/watch?v=jYTRnyx-9L0,00:19:42.063,00:19:51.375,"Please, this is, this is a very very sensitive point,
very sensitive action that most of the time,",Behrouz
12 Quran Study From Behrouz 212 Behrouz's Khutba Edip  Yuksel's Exposure 01 25 1990,https://www.youtube.com/watch?v=jYTRnyx-9L0,00:19:51.375,00:19:54.993,"knowing, without knowing it, we just pass through it,",Behrouz
12 Quran Study From Behrouz 212 Behrouz's Khutba Edip  Yuksel's Exposure 01 25 1990,https://www.youtube.com/watch?v=jYTRnyx-9L0,00:19:54.993,00:19:58.979,"then later on we find out about it, then we're gonna be, feel sorry about it.",Behrouz
12 Quran Study From Behrouz 212 Behrouz's Khutba Edip  Yuksel's Exposure 01 25 1990,https://www.youtube.com/watch?v=jYTRnyx-9L0,00:20:01.059,00:20:12.231,"The other point is, out there, there is a word, they call it intelligent, smart, entrepreneur, so and so, genius, whatever.",Behrouz
12 Quran Study From Behrouz 212 Behrouz's Khutba Edip  Yuksel's Exposure 01 25 1990,https://www.youtube.com/watch?v=jYTRnyx-9L0,00:20:12.568,00:20:16.776,This is not this place's word. This is not God's word.,Behrouz
12 Quran Study From Behrouz 212 Behrouz's Khutba Edip  Yuksel's Exposure 01 25 1990,https://www.youtube.com/watch?v=jYTRnyx-9L0,00:20:17.054,00:20:31.883,"Behrouz: The only intelligent to God is repeated in
1,2,3,4,5,6,7,8,9,10,11,12,13,14,15,17...16,17",Behrouz
12 Quran Study From Behrouz 212 Behrouz's Khutba Edip  Yuksel's Exposure 01 25 1990,https://www.youtube.com/watch?v=jYTRnyx-9L0,00:20:31.883,00:20:32.846,"Dr. Khalifa: 16, 17",Dr. Khalifa
12 Quran Study From Behrouz 212 Behrouz's Khutba Edip  Yuksel's Exposure 01 25 1990,https://www.youtube.com/watch?v=jYTRnyx-9L0,00:20:33.508,00:20:37.132,Behrouz: About 18 verses that I could have find,Behrouz
12 Quran Study From Behrouz 212 Behrouz's Khutba Edip  Yuksel's Exposure 01 25 1990,https://www.youtube.com/watch?v=jYTRnyx-9L0,00:20:37.132,00:20:43.632,that God calls intelligent only to the one they believe in God and follow God's system.,Behrouz
12 Quran Study From Behrouz 212 Behrouz's Khutba Edip  Yuksel's Exposure 01 25 1990,https://www.youtube.com/watch?v=jYTRnyx-9L0,00:20:44.053,00:20:45.271,That's it.,Behrouz
12 Quran Study From Behrouz 212 Behrouz's Khutba Edip  Yuksel's Exposure 01 25 1990,https://www.youtube.com/watch?v=jYTRnyx-9L0,00:20:45.271,00:20:49.679,"God doesn't, He doesn't care if you are in real estate, you make billions of dollars,",Behrouz
12 Quran Study From Behrouz 212 Behrouz's Khutba Edip  Yuksel's Exposure 01 25 1990,https://www.youtube.com/watch?v=jYTRnyx-9L0,00:20:49.679,00:20:53.170,"good for you, if you are genius, good for your parents, that's fine.",Behrouz
12 Quran Study From Behrouz 212 Behrouz's Khutba Edip  Yuksel's Exposure 01 25 1990,https://www.youtube.com/watch?v=jYTRnyx-9L0,00:20:53.170,00:21:00.000,"If, but when you come to this masjid, please,
as you take off your shoes, please take off you ego,",Behrouz
12 Quran Study From Behrouz 212 Behrouz's Khutba Edip  Yuksel's Exposure 01 25 1990,https://www.youtube.com/watch?v=jYTRnyx-9L0,00:21:00.000,00:21:02.896,"take off your genius, hang it on
a tree and come in.",Behrouz
12 Quran Study From Behrouz 212 Behrouz's Khutba Edip  Yuksel's Exposure 01 25 1990,https://www.youtube.com/watch?v=jYTRnyx-9L0,00:21:03.445,00:21:10.867,"I'm just telling you as a friend, because
I try my best to do it, and believe me, every night when I go home,",Behrouz
12 Quran Study From Behrouz 212 Behrouz's Khutba Edip  Yuksel's Exposure 01 25 1990,https://www.youtube.com/watch?v=jYTRnyx-9L0,00:21:10.867,00:21:15.359,"I repent and I ask God,
if I did something wrong today, please forgive me.",Behrouz
12 Quran Study From Behrouz 212 Behrouz's Khutba Edip  Yuksel's Exposure 01 25 1990,https://www.youtube.com/watch?v=jYTRnyx-9L0,00:21:15.878,00:21:21.016,"I ask God for four months to be in here in this
masjid, to be close to His messenger.",Behrouz
12 Quran Study From Behrouz 212 Behrouz's Khutba Edip  Yuksel's Exposure 01 25 1990,https://www.youtube.com/watch?v=jYTRnyx-9L0,00:21:21.437,00:21:22.890,"And Alhamdu Lillah, He granted it.",Behrouz
12 Quran Study From Behrouz 212 Behrouz's Khutba Edip  Yuksel's Exposure 01 25 1990,https://www.youtube.com/watch?v=jYTRnyx-9L0,00:21:23.371,00:21:30.241,"But now, I'm just going by the rule that please
God, if I make something, some mistake, please let me know.",Behrouz
12 Quran Study From Behrouz 212 Behrouz's Khutba Edip  Yuksel's Exposure 01 25 1990,https://www.youtube.com/watch?v=jYTRnyx-9L0,00:21:30.638,00:21:36.347,"So, if someone tells you this and that, this
is because we are brothers, we are sisters,",Behrouz
12 Quran Study From Behrouz 212 Behrouz's Khutba Edip  Yuksel's Exposure 01 25 1990,https://www.youtube.com/watch?v=jYTRnyx-9L0,00:21:36.347,00:21:44.053,"and I really appreciate the ladies, they, we, men,
have to learn from them, please become a gentleman.",Behrouz
12 Quran Study From Behrouz 212 Behrouz's Khutba Edip  Yuksel's Exposure 01 25 1990,https://www.youtube.com/watch?v=jYTRnyx-9L0,00:21:44.053,00:21:49.331,"Because I haven't seen any ladies to lay down or,
I just love it.",Behrouz
12 Quran Study From Behrouz 212 Behrouz's Khutba Edip  Yuksel's Exposure 01 25 1990,https://www.youtube.com/watch?v=jYTRnyx-9L0,00:21:50.234,00:21:51.386,Aqem Al-Salat.,Behrouz
12 Quran Study From Behrouz 212 Behrouz's Khutba Edip  Yuksel's Exposure 01 25 1990,https://www.youtube.com/watch?v=jYTRnyx-9L0,00:21:51.386,00:21:55.125,"Allahu Akbar
Allahu Akbar
La Elaha Ella Allah",Behrouz
12 Quran Study From Behrouz 212 Behrouz's Khutba Edip  Yuksel's Exposure 01 25 1990,https://www.youtube.com/watch?v=jYTRnyx-9L0,00:22:14.024,00:22:15.459,Behrouz: Allahu Akbar,Behrouz
12 Quran Study From Behrouz 212 Behrouz's Khutba Edip  Yuksel's Exposure 01 25 1990,https://www.youtube.com/watch?v=jYTRnyx-9L0,00:22:15.459,00:22:17.325,Audience: Allahu Akbar,Audience
12 Quran Study From Behrouz 212 Behrouz's Khutba Edip  Yuksel's Exposure 01 25 1990,https://www.youtube.com/watch?v=jYTRnyx-9L0,00:22:17.325,00:22:34.011,"Bism Allah Arrahman Arraheem (1:1)
Al hamdu Lillahi Rabbil ‘Alameen (1:2)
Arrahman Arraheem (1:3)
Maliki Yawm Eddeen (1:4)
Eyyaka Na’abudu Wa Eyyaka Nasta’aeen (1:5)
Ehdina Al-Serata Al-Mustaqeem (1:6)
Serata Al-Lazeena An’amta ‘Alayhim Ghayri Al-Maghdoobi ‘Alayhim Wa Laddaalleen (1:7)",Audience
12 Quran Study From Behrouz 212 Behrouz's Khutba Edip  Yuksel's Exposure 01 25 1990,https://www.youtube.com/watch?v=jYTRnyx-9L0,00:22:34.011,00:22:34.942,Behrouz: Allahu Akbar,Behrouz
12 Quran Study From Behrouz 212 Behrouz's Khutba Edip  Yuksel's Exposure 01 25 1990,https://www.youtube.com/watch?v=jYTRnyx-9L0,00:22:34.942,00:22:36.146,Audience: Allahu Akbar,Audience
12 Quran Study From Behrouz 212 Behrouz's Khutba Edip  Yuksel's Exposure 01 25 1990,https://www.youtube.com/watch?v=jYTRnyx-9L0,00:22:36.146,00:22:37.787,Subhaana Rabbiya Al-‘Azeem x 3,Audience
12 Quran Study From Behrouz 212 Behrouz's Khutba Edip  Yuksel's Exposure 01 25 1990,https://www.youtube.com/watch?v=jYTRnyx-9L0,00:22:37.787,00:22:40.088,"Sami’a Allahu Leman Hamidah
Allahu Akbar",Audience
12 Quran Study From Behrouz 212 Behrouz's Khutba Edip  Yuksel's Exposure 01 25 1990,https://www.youtube.com/watch?v=jYTRnyx-9L0,00:22:40.088,00:22:44.167,Subhaana Rabbiya Al-A‘alaa x 3,Audience
12 Quran Study From Behrouz 212 Behrouz's Khutba Edip  Yuksel's Exposure 01 25 1990,https://www.youtube.com/watch?v=jYTRnyx-9L0,00:22:44.167,00:22:45.288,Behrouz: Allahu Akbar,Behrouz
12 Quran Study From Behrouz 212 Behrouz's Khutba Edip  Yuksel's Exposure 01 25 1990,https://www.youtube.com/watch?v=jYTRnyx-9L0,00:22:45.288,00:22:46.205,Audience: Allahu Akbar,Audience
12 Quran Study From Behrouz 212 Behrouz's Khutba Edip  Yuksel's Exposure 01 25 1990,https://www.youtube.com/watch?v=jYTRnyx-9L0,00:22:46.205,00:22:47.034,Behrouz: Allahu Akbar,Behrouz
12 Quran Study From Behrouz 212 Behrouz's Khutba Edip  Yuksel's Exposure 01 25 1990,https://www.youtube.com/watch?v=jYTRnyx-9L0,00:22:47.034,00:22:47.997,Audience: Allahu Akbar,Audience
12 Quran Study From Behrouz 212 Behrouz's Khutba Edip  Yuksel's Exposure 01 25 1990,https://www.youtube.com/watch?v=jYTRnyx-9L0,00:22:47.997,00:22:50.238,Subhaana Rabbiya Al-A‘alaa x 3,Audience
12 Quran Study From Behrouz 212 Behrouz's Khutba Edip  Yuksel's Exposure 01 25 1990,https://www.youtube.com/watch?v=jYTRnyx-9L0,00:22:50.238,00:22:51.456,Behrouz: Allahu Akbar,Behrouz
12 Quran Study From Behrouz 212 Behrouz's Khutba Edip  Yuksel's Exposure 01 25 1990,https://www.youtube.com/watch?v=jYTRnyx-9L0,00:22:51.456,00:22:53.155,Audience: Allahu Akbar,Audience
12 Quran Study From Behrouz 212 Behrouz's Khutba Edip  Yuksel's Exposure 01 25 1990,https://www.youtube.com/watch?v=jYTRnyx-9L0,00:22:53.683,00:23:10.670,"Bism Allah Arrahman Arraheem (1:1)
Al hamdu Lillahi Rabbil ‘Alameen (1:2)
Arrahman Arraheem (1:3)
Maliki Yawm Eddeen (1:4)
Eyyaka Na’abudu Wa Eyyaka Nasta’aeen (1:5)
Ehdina Al-Serata Al-Mustaqeem (1:6)
Serata Al-Lazeena An’amta ‘Alayhim Ghayri Al-Maghdoobi ‘Alayhim Wa Laddaalleen (1:7)",Audience
12 Quran Study From Behrouz 212 Behrouz's Khutba Edip  Yuksel's Exposure 01 25 1990,https://www.youtube.com/watch?v=jYTRnyx-9L0,00:23:10.670,00:23:11.526,Behrouz: Allahu Akbar,Behrouz
12 Quran Study From Behrouz 212 Behrouz's Khutba Edip  Yuksel's Exposure 01 25 1990,https://www.youtube.com/watch?v=jYTRnyx-9L0,00:23:11.526,00:23:12.489,Audience: Allahu Akbar,Audience
12 Quran Study From Behrouz 212 Behrouz's Khutba Edip  Yuksel's Exposure 01 25 1990,https://www.youtube.com/watch?v=jYTRnyx-9L0,00:23:12.489,00:23:14.128,Subhaana Rabbiya Al-‘Azeem x 3,Audience
12 Quran Study From Behrouz 212 Behrouz's Khutba Edip  Yuksel's Exposure 01 25 1990,https://www.youtube.com/watch?v=jYTRnyx-9L0,00:23:14.128,00:23:16.128,Sami’a Allahu Leman Hamidah,Audience
12 Quran Study From Behrouz 212 Behrouz's Khutba Edip  Yuksel's Exposure 01 25 1990,https://www.youtube.com/watch?v=jYTRnyx-9L0,00:23:16.128,00:23:17.104,Behrouz: Allahu Akbar,Behrouz
12 Quran Study From Behrouz 212 Behrouz's Khutba Edip  Yuksel's Exposure 01 25 1990,https://www.youtube.com/watch?v=jYTRnyx-9L0,00:23:17.104,00:23:17.994,Audience: Allahu Akbar,Audience
12 Quran Study From Behrouz 212 Behrouz's Khutba Edip  Yuksel's Exposure 01 25 1990,https://www.youtube.com/watch?v=jYTRnyx-9L0,00:23:17.994,00:23:20.837,Subhaana Rabbiya Al-A‘alaa x 3,Audience
12 Quran Study From Behrouz 212 Behrouz's Khutba Edip  Yuksel's Exposure 01 25 1990,https://www.youtube.com/watch?v=jYTRnyx-9L0,00:23:20.837,00:23:21.888,Behrouz: Allahu Akbar,Behrouz
12 Quran Study From Behrouz 212 Behrouz's Khutba Edip  Yuksel's Exposure 01 25 1990,https://www.youtube.com/watch?v=jYTRnyx-9L0,00:23:21.888,00:23:22.865,Audience: Allahu Akbar,Audience
12 Quran Study From Behrouz 212 Behrouz's Khutba Edip  Yuksel's Exposure 01 25 1990,https://www.youtube.com/watch?v=jYTRnyx-9L0,00:23:22.865,00:23:23.842,Behrouz: Allahu Akbar,Behrouz
12 Quran Study From Behrouz 212 Behrouz's Khutba Edip  Yuksel's Exposure 01 25 1990,https://www.youtube.com/watch?v=jYTRnyx-9L0,00:23:23.842,00:23:24.897,Audience: Allahu Akbar,Audience
12 Quran Study From Behrouz 212 Behrouz's Khutba Edip  Yuksel's Exposure 01 25 1990,https://www.youtube.com/watch?v=jYTRnyx-9L0,00:23:24.897,00:23:26.897,Subhaana Rabbiya Al-A‘alaa x 3,Audience
12 Quran Study From Behrouz 212 Behrouz's Khutba Edip  Yuksel's Exposure 01 25 1990,https://www.youtube.com/watch?v=jYTRnyx-9L0,00:23:26.897,00:23:27.874,Behrouz: Allahu Akbar,Behrouz
12 Quran Study From Behrouz 212 Behrouz's Khutba Edip  Yuksel's Exposure 01 25 1990,https://www.youtube.com/watch?v=jYTRnyx-9L0,00:23:27.874,00:23:28.897,Audience: Allahu Akbar,Audience
12 Quran Study From Behrouz 212 Behrouz's Khutba Edip  Yuksel's Exposure 01 25 1990,https://www.youtube.com/watch?v=jYTRnyx-9L0,00:23:28.897,00:23:33.401,"Ash-hadu Alla Elaha Ella Allah, Wahdahu La Shareeka Lah",Audience
12 Quran Study From Behrouz 212 Behrouz's Khutba Edip  Yuksel's Exposure 01 25 1990,https://www.youtube.com/watch?v=jYTRnyx-9L0,00:23:33.401,00:23:36.244,"Behrouz: Al-Salaamu ‘Alaykum
Al-Salaamu ‘Alaykum",Behrouz
12 Quran Study From Behrouz 212 Behrouz's Khutba Edip  Yuksel's Exposure 01 25 1990,https://www.youtube.com/watch?v=jYTRnyx-9L0,00:23:36.244,00:23:38.605,"Audience: Al-Salaamu ‘Alaykum
Al-Salaamu ‘Alaykum",Audience
12 Quran Study From Behrouz 212 Behrouz's Khutba Edip  Yuksel's Exposure 01 25 1990,https://www.youtube.com/watch?v=jYTRnyx-9L0,00:23:43.887,00:23:45.000,Dr. Khalifa: Congratualtions.,Dr. Khalifa
12 Quran Study From Behrouz 212 Behrouz's Khutba Edip  Yuksel's Exposure 01 25 1990,https://www.youtube.com/watch?v=jYTRnyx-9L0,00:23:47.992,00:23:49.381,"Dr. Sabahi: Rashad,
Dr. Khalifa: Mã Shã Allãh.",Dr. Sabahi
12 Quran Study From Behrouz 212 Behrouz's Khutba Edip  Yuksel's Exposure 01 25 1990,https://www.youtube.com/watch?v=jYTRnyx-9L0,00:23:49.381,00:23:54.136,"Dr. Sabahi: I have, I, I have, to make some comments before what he said, on this Khutba before I go.",Dr. Sabahi
12 Quran Study From Behrouz 212 Behrouz's Khutba Edip  Yuksel's Exposure 01 25 1990,https://www.youtube.com/watch?v=jYTRnyx-9L0,00:23:54.136,00:23:55.414,"Dr. Khalifa: Okay, go ahead.",Dr. Khalifa
12 Quran Study From Behrouz 212 Behrouz's Khutba Edip  Yuksel's Exposure 01 25 1990,https://www.youtube.com/watch?v=jYTRnyx-9L0,00:23:55.896,00:24:02.584,"Dr. Sabahi: Just, listen please. No, Quranic study is not the
place because other people come in.",Dr. Sabahi
12 Quran Study From Behrouz 212 Behrouz's Khutba Edip  Yuksel's Exposure 01 25 1990,https://www.youtube.com/watch?v=jYTRnyx-9L0,00:24:03.066,00:24:12.330,"What this Khutba reminded me was the Islam
that I have been giving away all my life.",Dr. Sabahi
12 Quran Study From Behrouz 212 Behrouz's Khutba Edip  Yuksel's Exposure 01 25 1990,https://www.youtube.com/watch?v=jYTRnyx-9L0,00:24:13.202,00:24:18.744,"This reminded me of my teacher in my grade
school who told me to shut up.",Dr. Sabahi
12 Quran Study From Behrouz 212 Behrouz's Khutba Edip  Yuksel's Exposure 01 25 1990,https://www.youtube.com/watch?v=jYTRnyx-9L0,00:24:18.744,00:24:24.212,"""Put your intelligence outside and come in
and listen to what I tell you and what God is telling you.""",Dr. Sabahi
12 Quran Study From Behrouz 212 Behrouz's Khutba Edip  Yuksel's Exposure 01 25 1990,https://www.youtube.com/watch?v=jYTRnyx-9L0,00:24:24.212,00:24:25.812,We are intelligent people.,Dr. Sabahi
12 Quran Study From Behrouz 212 Behrouz's Khutba Edip  Yuksel's Exposure 01 25 1990,https://www.youtube.com/watch?v=jYTRnyx-9L0,00:24:26.446,00:24:30.515,"We have....I tell my friend, Behrouz, you are just a newcomer.",Dr. Sabahi
12 Quran Study From Behrouz 212 Behrouz's Khutba Edip  Yuksel's Exposure 01 25 1990,https://www.youtube.com/watch?v=jYTRnyx-9L0,00:24:30.515,00:24:33.839,Sit down. Listen. This system is working.,Dr. Sabahi
12 Quran Study From Behrouz 212 Behrouz's Khutba Edip  Yuksel's Exposure 01 25 1990,https://www.youtube.com/watch?v=jYTRnyx-9L0,00:24:33.839,00:24:36.742,"If you wanna make changes, don't push it.",Dr. Sabahi
12 Quran Study From Behrouz 212 Behrouz's Khutba Edip  Yuksel's Exposure 01 25 1990,https://www.youtube.com/watch?v=jYTRnyx-9L0,00:24:36.742,00:24:44.705,Don't ask us to change everything in overnight and go to a system that is all the religious establishment outside is like that.,Dr. Sabahi
12 Quran Study From Behrouz 212 Behrouz's Khutba Edip  Yuksel's Exposure 01 25 1990,https://www.youtube.com/watch?v=jYTRnyx-9L0,00:24:44.705,00:24:48.760,"You go to any religious establishment, you
can't see the guy, whoever it is.",Dr. Sabahi
12 Quran Study From Behrouz 212 Behrouz's Khutba Edip  Yuksel's Exposure 01 25 1990,https://www.youtube.com/watch?v=jYTRnyx-9L0,00:24:48.760,00:24:51.434,You have to go through steps to see the person.,Dr. Sabahi
12 Quran Study From Behrouz 212 Behrouz's Khutba Edip  Yuksel's Exposure 01 25 1990,https://www.youtube.com/watch?v=jYTRnyx-9L0,00:24:51.794,00:24:55.419,"You wanna create that, we have it outside, we don't have to come here.",Dr. Sabahi
12 Quran Study From Behrouz 212 Behrouz's Khutba Edip  Yuksel's Exposure 01 25 1990,https://www.youtube.com/watch?v=jYTRnyx-9L0,00:24:56.123,00:25:01.813,"I, I don't agree with 99% of what he said personally
and I would love to hear Rashad.",Dr. Sabahi
12 Quran Study From Behrouz 212 Behrouz's Khutba Edip  Yuksel's Exposure 01 25 1990,https://www.youtube.com/watch?v=jYTRnyx-9L0,00:25:02.145,00:25:10.634,"Dr. Sabahi: I usually call him Dr. Khalifa to come out
and say whether he really believes that this is the system he wants.",Dr. Sabahi
12 Quran Study From Behrouz 212 Behrouz's Khutba Edip  Yuksel's Exposure 01 25 1990,https://www.youtube.com/watch?v=jYTRnyx-9L0,00:25:10.634,00:25:14.234,Susan: How come you object (unintelligible) Quran?,Susan
12 Quran Study From Behrouz 212 Behrouz's Khutba Edip  Yuksel's Exposure 01 25 1990,https://www.youtube.com/watch?v=jYTRnyx-9L0,00:25:14.234,00:25:15.861,Dr. Sabahi: I don't object to Quran.,Dr. Sabahi
12 Quran Study From Behrouz 212 Behrouz's Khutba Edip  Yuksel's Exposure 01 25 1990,https://www.youtube.com/watch?v=jYTRnyx-9L0,00:25:15.861,00:25:22.593,"I, I can sit down and, and read Quran and follow it
and see whether I am doing something wrong.",Dr. Sabahi
12 Quran Study From Behrouz 212 Behrouz's Khutba Edip  Yuksel's Exposure 01 25 1990,https://www.youtube.com/watch?v=jYTRnyx-9L0,00:25:22.593,00:25:28.324,"But if I come here and I see Khalifa, Dr.
Khalifa is available for me, this is something",Dr. Sabahi
12 Quran Study From Behrouz 212 Behrouz's Khutba Edip  Yuksel's Exposure 01 25 1990,https://www.youtube.com/watch?v=jYTRnyx-9L0,00:25:28.324,00:25:34.056,that people see different from others. I'm not saying that I can insult him. Have you seen me treating him or calling him?,Dr. Sabahi
12 Quran Study From Behrouz 212 Behrouz's Khutba Edip  Yuksel's Exposure 01 25 1990,https://www.youtube.com/watch?v=jYTRnyx-9L0,00:25:34.323,00:25:38.533,"But other things that ""you put your intelligence
outside and come in.""",Dr. Sabahi
12 Quran Study From Behrouz 212 Behrouz's Khutba Edip  Yuksel's Exposure 01 25 1990,https://www.youtube.com/watch?v=jYTRnyx-9L0,00:25:38.533,00:25:45.855,"Dr. Sabahi: That is asking me to be a follower closed eyes, eyes closed,
ear closed and just follow.",Dr. Sabahi
12 Quran Study From Behrouz 212 Behrouz's Khutba Edip  Yuksel's Exposure 01 25 1990,https://www.youtube.com/watch?v=jYTRnyx-9L0,00:25:45.855,00:25:49.841,"Behrouz: No, God describes intelligence different.
Dr. Sabahi: This is not right. You cannot, ego, yes.",Behrouz
12 Quran Study From Behrouz 212 Behrouz's Khutba Edip  Yuksel's Exposure 01 25 1990,https://www.youtube.com/watch?v=jYTRnyx-9L0,00:25:50.134,00:25:51.848,"Dr. Sabahi: I, I say ego, yes.",Dr. Sabahi
12 Quran Study From Behrouz 212 Behrouz's Khutba Edip  Yuksel's Exposure 01 25 1990,https://www.youtube.com/watch?v=jYTRnyx-9L0,00:25:51.848,00:25:57.020,"Dr. Sabahi: But intelligence, this is what God gave to
me and to everyone to do that.",Dr. Sabahi
12 Quran Study From Behrouz 212 Behrouz's Khutba Edip  Yuksel's Exposure 01 25 1990,https://www.youtube.com/watch?v=jYTRnyx-9L0,00:25:57.020,00:26:03.789,"Dr. Khalifa: We'll, we'll discuss it tonight and there's very good reason for saying what he said and like Susan said ""he only read Quran.""",Dr. Khalifa
12 Quran Study From Behrouz 212 Behrouz's Khutba Edip  Yuksel's Exposure 01 25 1990,https://www.youtube.com/watch?v=jYTRnyx-9L0,00:26:04.400,00:26:07.979,"Dr. Khalifa: So, together we're gonna read this and
our choices to follow what God is saying.",Dr. Khalifa
12 Quran Study From Behrouz 212 Behrouz's Khutba Edip  Yuksel's Exposure 01 25 1990,https://www.youtube.com/watch?v=jYTRnyx-9L0,00:26:07.979,00:26:09.598,Dr. Sabahi: I would love to hear what you have to say.,Dr. Sabahi
12 Quran Study From Behrouz 212 Behrouz's Khutba Edip  Yuksel's Exposure 01 25 1990,https://www.youtube.com/watch?v=jYTRnyx-9L0,00:26:09.598,00:26:12.742,"Dr. Sabahi: If you wanna put it in Quranic study to discuss, that would be great.
Dr. Khalifa: Yeah, we'll, we'll...",Dr. Sabahi
12 Quran Study From Behrouz 212 Behrouz's Khutba Edip  Yuksel's Exposure 01 25 1990,https://www.youtube.com/watch?v=jYTRnyx-9L0,00:26:12.742,00:26:14.270,Dr. Khalifa: I'll discuss it for about 10 minutes.,Dr. Khalifa
12 Quran Study From Behrouz 212 Behrouz's Khutba Edip  Yuksel's Exposure 01 25 1990,https://www.youtube.com/watch?v=jYTRnyx-9L0,00:26:14.270,00:26:17.543,Behrouz: I'm not breaking the rules. I just read it from Quran.,Behrouz
12 Quran Study From Behrouz 212 Behrouz's Khutba Edip  Yuksel's Exposure 01 25 1990,https://www.youtube.com/watch?v=jYTRnyx-9L0,00:26:17.543,00:26:20.877,Edip: Nowhere in the Quran doesn't say don't call with name.,Edip
12 Quran Study From Behrouz 212 Behrouz's Khutba Edip  Yuksel's Exposure 01 25 1990,https://www.youtube.com/watch?v=jYTRnyx-9L0,00:26:20.877,00:26:24.001,"Edip: We call Muhammad with his name. We call Moses
with his name.",Edip
12 Quran Study From Behrouz 212 Behrouz's Khutba Edip  Yuksel's Exposure 01 25 1990,https://www.youtube.com/watch?v=jYTRnyx-9L0,00:26:24.001,00:26:26.281,"Dr. Khalifa: No, it's not true. It's not true.
Edip: God, God...",Dr. Khalifa
12 Quran Study From Behrouz 212 Behrouz's Khutba Edip  Yuksel's Exposure 01 25 1990,https://www.youtube.com/watch?v=jYTRnyx-9L0,00:26:26.281,00:26:28.732,"Dr. Khalifa:
(24:63) لَّا تَجْعَلُوا۟ دُعَآءَ ٱلرَّسُولِ بَيْنَكُمْ كَدُعَآءِ بَعْضِكُم",Dr. Khalifa
12 Quran Study From Behrouz 212 Behrouz's Khutba Edip  Yuksel's Exposure 01 25 1990,https://www.youtube.com/watch?v=jYTRnyx-9L0,00:26:28.732,00:26:30.001,"Dr. Khalifa: It's in the Quran.
Edip: But we call,",Dr. Khalifa
12 Quran Study From Behrouz 212 Behrouz's Khutba Edip  Yuksel's Exposure 01 25 1990,https://www.youtube.com/watch?v=jYTRnyx-9L0,00:26:30.001,00:26:34.079,"Edip: But we shouldn't say that Muhammad only by
itself. We shouldn't say Moses by itself.",Edip
12 Quran Study From Behrouz 212 Behrouz's Khutba Edip  Yuksel's Exposure 01 25 1990,https://www.youtube.com/watch?v=jYTRnyx-9L0,00:26:34.079,00:26:37.938,"Edip: We shouldn't make distinction between messengers.
Dr. Khalifa: They're not, they're not here. They're not here.",Edip
12 Quran Study From Behrouz 212 Behrouz's Khutba Edip  Yuksel's Exposure 01 25 1990,https://www.youtube.com/watch?v=jYTRnyx-9L0,00:26:37.938,00:26:39.661,"Dr. Khalifa: I will discuss it,
Edip: But all the same mistake.",Dr. Khalifa
12 Quran Study From Behrouz 212 Behrouz's Khutba Edip  Yuksel's Exposure 01 25 1990,https://www.youtube.com/watch?v=jYTRnyx-9L0,00:26:39.661,00:26:43.166,Dr. Khalifa: I will discuss it tonight. But you can leave your ego outside or stay with it outside.,Dr. Khalifa
12 Quran Study From Behrouz 212 Behrouz's Khutba Edip  Yuksel's Exposure 01 25 1990,https://www.youtube.com/watch?v=jYTRnyx-9L0,00:26:43.828,00:26:45.000,"You can't,",Dr. Khalifa
12 Quran Study From Behrouz 212 Behrouz's Khutba Edip  Yuksel's Exposure 01 25 1990,https://www.youtube.com/watch?v=jYTRnyx-9L0,00:26:45.000,00:26:46.766,"If you have any ego, don't come in here.",Dr. Khalifa
12 Quran Study From Behrouz 212 Behrouz's Khutba Edip  Yuksel's Exposure 01 25 1990,https://www.youtube.com/watch?v=jYTRnyx-9L0,00:26:46.766,00:26:48.392,"Dr. Khalifa: You can stay with it outside.
Edip: Not ego, Rashad.",Dr. Khalifa
12 Quran Study From Behrouz 212 Behrouz's Khutba Edip  Yuksel's Exposure 01 25 1990,https://www.youtube.com/watch?v=jYTRnyx-9L0,00:26:48.392,00:26:50.898,Edip: I want to discuss the subject because...,Edip
12 Quran Study From Behrouz 212 Behrouz's Khutba Edip  Yuksel's Exposure 01 25 1990,https://www.youtube.com/watch?v=jYTRnyx-9L0,00:26:50.898,00:26:52.236,"Dr. Khalifa: Tonight, we'll discuss it, Edip.",Dr. Khalifa
12 Quran Study From Behrouz 212 Behrouz's Khutba Edip  Yuksel's Exposure 01 25 1990,https://www.youtube.com/watch?v=jYTRnyx-9L0,00:26:53.486,00:27:00.668,"Dr. Khalifa: Humans insisted on it. So, the human being generally is just a hard core criminal.",Dr. Khalifa
12 Quran Study From Behrouz 212 Behrouz's Khutba Edip  Yuksel's Exposure 01 25 1990,https://www.youtube.com/watch?v=jYTRnyx-9L0,00:27:02.893,00:27:04.576,And we have to know that...,Dr. Khalifa
12 Quran Study From Behrouz 212 Behrouz's Khutba Edip  Yuksel's Exposure 01 25 1990,https://www.youtube.com/watch?v=jYTRnyx-9L0,00:27:09.030,00:27:10.777,....in order to solve our problems.,Dr. Khalifa
12 Quran Study From Behrouz 212 Behrouz's Khutba Edip  Yuksel's Exposure 01 25 1990,https://www.youtube.com/watch?v=jYTRnyx-9L0,00:27:10.777,00:27:20.468,"Obviously, we have a problem that caused our
dismissal from God's kingdom,",Dr. Khalifa
12 Quran Study From Behrouz 212 Behrouz's Khutba Edip  Yuksel's Exposure 01 25 1990,https://www.youtube.com/watch?v=jYTRnyx-9L0,00:27:20.468,00:27:24.443,"not once or twice, but a few times.",Dr. Khalifa
12 Quran Study From Behrouz 212 Behrouz's Khutba Edip  Yuksel's Exposure 01 25 1990,https://www.youtube.com/watch?v=jYTRnyx-9L0,00:27:26.685,00:27:34.508,"And then, God gives us lessons in the Quran
to teach us that we are rebels.",Dr. Khalifa
12 Quran Study From Behrouz 212 Behrouz's Khutba Edip  Yuksel's Exposure 01 25 1990,https://www.youtube.com/watch?v=jYTRnyx-9L0,00:27:36.976,00:27:44.032,"Otherwise, why, why does God put in the Quran those
lessons, those examples from life?",Dr. Khalifa
12 Quran Study From Behrouz 212 Behrouz's Khutba Edip  Yuksel's Exposure 01 25 1990,https://www.youtube.com/watch?v=jYTRnyx-9L0,00:27:45.537,00:27:52.356,"The biggest Sura in the Quran, the longest
Sura, is entitled ""the Heifer.""",Dr. Khalifa
12 Quran Study From Behrouz 212 Behrouz's Khutba Edip  Yuksel's Exposure 01 25 1990,https://www.youtube.com/watch?v=jYTRnyx-9L0,00:27:53.966,00:28:03.132,"Even though it's a Sura that is full of,
all the five so-called pillars of Islam are in Sura number two.",Dr. Khalifa
12 Quran Study From Behrouz 212 Behrouz's Khutba Edip  Yuksel's Exposure 01 25 1990,https://www.youtube.com/watch?v=jYTRnyx-9L0,00:28:04.593,00:28:12.580,"The order to Pray, the orders to Fast Ramadan,
the orders to give Zakat, the orders to make pilgrimage,",Dr. Khalifa
12 Quran Study From Behrouz 212 Behrouz's Khutba Edip  Yuksel's Exposure 01 25 1990,https://www.youtube.com/watch?v=jYTRnyx-9L0,00:28:19.059,00:28:24.149,"the rules of marriage, divorce,
war, they're all in Sura number two.",Dr. Khalifa
12 Quran Study From Behrouz 212 Behrouz's Khutba Edip  Yuksel's Exposure 01 25 1990,https://www.youtube.com/watch?v=jYTRnyx-9L0,00:28:24.811,00:28:31.987,"But the title indicates the importance of, of
the subject that is within every Sura.",Dr. Khalifa
12 Quran Study From Behrouz 212 Behrouz's Khutba Edip  Yuksel's Exposure 01 25 1990,https://www.youtube.com/watch?v=jYTRnyx-9L0,00:28:33.266,00:28:35.959,"And God chose the title ""the Heifer.""",Dr. Khalifa
12 Quran Study From Behrouz 212 Behrouz's Khutba Edip  Yuksel's Exposure 01 25 1990,https://www.youtube.com/watch?v=jYTRnyx-9L0,00:28:36.982,00:28:38.440,"So, what is the Heifer?",Dr. Khalifa
12 Quran Study From Behrouz 212 Behrouz's Khutba Edip  Yuksel's Exposure 01 25 1990,https://www.youtube.com/watch?v=jYTRnyx-9L0,00:28:39.302,00:28:48.521,"The Heifer symbolizes the people who, who are with
the messenger, but they are rebels.",Dr. Khalifa
12 Quran Study From Behrouz 212 Behrouz's Khutba Edip  Yuksel's Exposure 01 25 1990,https://www.youtube.com/watch?v=jYTRnyx-9L0,00:28:50.688,00:28:53.262,And they give the messenger a hell of a time.,Dr. Khalifa
12 Quran Study From Behrouz 212 Behrouz's Khutba Edip  Yuksel's Exposure 01 25 1990,https://www.youtube.com/watch?v=jYTRnyx-9L0,00:28:54.526,00:28:56.677,This is what the Heifer is all about.,Dr. Khalifa
12 Quran Study From Behrouz 212 Behrouz's Khutba Edip  Yuksel's Exposure 01 25 1990,https://www.youtube.com/watch?v=jYTRnyx-9L0,00:28:57.218,00:29:00.368,"So, if we are fortunate, we will learn from
this.",Dr. Khalifa
12 Quran Study From Behrouz 212 Behrouz's Khutba Edip  Yuksel's Exposure 01 25 1990,https://www.youtube.com/watch?v=jYTRnyx-9L0,00:29:01.451,00:29:04.980,And we will catch our rebellious nature,Dr. Khalifa
12 Quran Study From Behrouz 212 Behrouz's Khutba Edip  Yuksel's Exposure 01 25 1990,https://www.youtube.com/watch?v=jYTRnyx-9L0,00:29:04.980,00:29:13.420,"and correct it in order to be redeemed back to God's kingdom, to, to get rid of the rebellion, and to correct it.",Dr. Khalifa
12 Quran Study From Behrouz 212 Behrouz's Khutba Edip  Yuksel's Exposure 01 25 1990,https://www.youtube.com/watch?v=jYTRnyx-9L0,00:29:18.883,00:29:21.490,"Moses told his people, God orders",Dr. Khalifa
12 Quran Study From Behrouz 212 Behrouz's Khutba Edip  Yuksel's Exposure 01 25 1990,https://www.youtube.com/watch?v=jYTRnyx-9L0,00:29:21.490,00:29:24.573,[2:67] ... you to sacrifice a heifer. ...,Dr. Khalifa
12 Quran Study From Behrouz 212 Behrouz's Khutba Edip  Yuksel's Exposure 01 25 1990,https://www.youtube.com/watch?v=jYTRnyx-9L0,00:29:27.689,00:29:29.324,"So, what did they do?",Dr. Khalifa
12 Quran Study From Behrouz 212 Behrouz's Khutba Edip  Yuksel's Exposure 01 25 1990,https://www.youtube.com/watch?v=jYTRnyx-9L0,00:29:34.200,00:29:36.160,"They said ""are you kidding?""",Dr. Khalifa
12 Quran Study From Behrouz 212 Behrouz's Khutba Edip  Yuksel's Exposure 01 25 1990,https://www.youtube.com/watch?v=jYTRnyx-9L0,00:29:37.845,00:29:44.238,"He said, I seek refuge in God, lest I be that
ignorant.",Dr. Khalifa
12 Quran Study From Behrouz 212 Behrouz's Khutba Edip  Yuksel's Exposure 01 25 1990,https://www.youtube.com/watch?v=jYTRnyx-9L0,00:29:48.812,00:29:56.456,And you know the rest of the story. I'm not gonna tell you the story of the Heifer again. But why is God putting it there? Why God is putting so much importance on it?,Dr. Khalifa
12 Quran Study From Behrouz 212 Behrouz's Khutba Edip  Yuksel's Exposure 01 25 1990,https://www.youtube.com/watch?v=jYTRnyx-9L0,00:29:58.109,00:30:03.709,"And giving the name of the, the title of the Sura
from that incident, why?",Dr. Khalifa
12 Quran Study From Behrouz 212 Behrouz's Khutba Edip  Yuksel's Exposure 01 25 1990,https://www.youtube.com/watch?v=jYTRnyx-9L0,00:30:04.792,00:30:06.109,It's for us to learn.,Dr. Khalifa
12 Quran Study From Behrouz 212 Behrouz's Khutba Edip  Yuksel's Exposure 01 25 1990,https://www.youtube.com/watch?v=jYTRnyx-9L0,00:30:07.132,00:30:09.892,The same story happened this afternoon.,Dr. Khalifa
12 Quran Study From Behrouz 212 Behrouz's Khutba Edip  Yuksel's Exposure 01 25 1990,https://www.youtube.com/watch?v=jYTRnyx-9L0,00:30:11.035,00:30:12.675,Very similar story.,Dr. Khalifa
12 Quran Study From Behrouz 212 Behrouz's Khutba Edip  Yuksel's Exposure 01 25 1990,https://www.youtube.com/watch?v=jYTRnyx-9L0,00:30:15.000,00:30:25.890,"And the fortunate ones are the ones who learn
from their, their, their God-given lessons.",Dr. Khalifa
12 Quran Study From Behrouz 212 Behrouz's Khutba Edip  Yuksel's Exposure 01 25 1990,https://www.youtube.com/watch?v=jYTRnyx-9L0,00:30:28.260,00:30:36.030,"I mean, we, we love each other very much, and we know
that we are in the, in the purification process.",Dr. Khalifa
12 Quran Study From Behrouz 212 Behrouz's Khutba Edip  Yuksel's Exposure 01 25 1990,https://www.youtube.com/watch?v=jYTRnyx-9L0,00:30:36.752,00:30:38.272,We're being purified.,Dr. Khalifa
12 Quran Study From Behrouz 212 Behrouz's Khutba Edip  Yuksel's Exposure 01 25 1990,https://www.youtube.com/watch?v=jYTRnyx-9L0,00:30:39.115,00:30:41.717,I love Hamid very much. I don't know if he's here or not.,Dr. Khalifa
12 Quran Study From Behrouz 212 Behrouz's Khutba Edip  Yuksel's Exposure 01 25 1990,https://www.youtube.com/watch?v=jYTRnyx-9L0,00:30:42.522,00:30:50.674,"But today, he, after a discussion with some people
about the way he was dressed.",Dr. Khalifa
12 Quran Study From Behrouz 212 Behrouz's Khutba Edip  Yuksel's Exposure 01 25 1990,https://www.youtube.com/watch?v=jYTRnyx-9L0,00:30:51.878,00:30:56.988,He was dressed in a short and a sweatshirt.,Dr. Khalifa
12 Quran Study From Behrouz 212 Behrouz's Khutba Edip  Yuksel's Exposure 01 25 1990,https://www.youtube.com/watch?v=jYTRnyx-9L0,00:30:58.492,00:31:04.847,"And then, they asked me ""what does God say
about dressing for the, for the mosque, for the masjid?""",Dr. Khalifa
12 Quran Study From Behrouz 212 Behrouz's Khutba Edip  Yuksel's Exposure 01 25 1990,https://www.youtube.com/watch?v=jYTRnyx-9L0,00:31:05.810,00:31:10.721,"I said ""there are two things in the Quran,
one of them says, dress up for the, for the mosque.""",Dr. Khalifa
12 Quran Study From Behrouz 212 Behrouz's Khutba Edip  Yuksel's Exposure 01 25 1990,https://www.youtube.com/watch?v=jYTRnyx-9L0,00:31:12.286,00:31:16.992,"And one says ""dress modestly.""",Dr. Khalifa
12 Quran Study From Behrouz 212 Behrouz's Khutba Edip  Yuksel's Exposure 01 25 1990,https://www.youtube.com/watch?v=jYTRnyx-9L0,00:31:18.737,00:31:22.174,"Okay, so God says, it's like God says,",Dr. Khalifa
12 Quran Study From Behrouz 212 Behrouz's Khutba Edip  Yuksel's Exposure 01 25 1990,https://www.youtube.com/watch?v=jYTRnyx-9L0,00:31:22.174,00:31:23.438,[2:67] ... sacrifice a heifer. ...,Dr. Khalifa
12 Quran Study From Behrouz 212 Behrouz's Khutba Edip  Yuksel's Exposure 01 25 1990,https://www.youtube.com/watch?v=jYTRnyx-9L0,00:31:24.100,00:31:26.278,"God says, dress up for the mosque.",Dr. Khalifa
12 Quran Study From Behrouz 212 Behrouz's Khutba Edip  Yuksel's Exposure 01 25 1990,https://www.youtube.com/watch?v=jYTRnyx-9L0,00:31:26.760,00:31:28.390,"So, what did he say?",Dr. Khalifa
12 Quran Study From Behrouz 212 Behrouz's Khutba Edip  Yuksel's Exposure 01 25 1990,https://www.youtube.com/watch?v=jYTRnyx-9L0,00:31:29.052,00:31:31.819,"He said ""how do you dress up for the mosque?""",Dr. Khalifa
12 Quran Study From Behrouz 212 Behrouz's Khutba Edip  Yuksel's Exposure 01 25 1990,https://www.youtube.com/watch?v=jYTRnyx-9L0,00:31:34.528,00:31:38.645,"It's the same answer that was given to Moses, right?",Dr. Khalifa
12 Quran Study From Behrouz 212 Behrouz's Khutba Edip  Yuksel's Exposure 01 25 1990,https://www.youtube.com/watch?v=jYTRnyx-9L0,00:31:38.946,00:31:43.053,"We are human beings. Those were human beings.
And these are human beings.",Dr. Khalifa
12 Quran Study From Behrouz 212 Behrouz's Khutba Edip  Yuksel's Exposure 01 25 1990,https://www.youtube.com/watch?v=jYTRnyx-9L0,00:31:44.738,00:31:48.603,"You know, we're applying for a job in God's
kingdom.",Dr. Khalifa
12 Quran Study From Behrouz 212 Behrouz's Khutba Edip  Yuksel's Exposure 01 25 1990,https://www.youtube.com/watch?v=jYTRnyx-9L0,00:31:50.603,00:31:56.094,"This is why we're trying, we're trying to go back, and we are applying
for a job.",Dr. Khalifa
12 Quran Study From Behrouz 212 Behrouz's Khutba Edip  Yuksel's Exposure 01 25 1990,https://www.youtube.com/watch?v=jYTRnyx-9L0,00:31:56.094,00:32:02.608,"So, if you, if you are, have an interview for a job, how
will you dress?",Dr. Khalifa
12 Quran Study From Behrouz 212 Behrouz's Khutba Edip  Yuksel's Exposure 01 25 1990,https://www.youtube.com/watch?v=jYTRnyx-9L0,00:32:02.608,00:32:06.074,Will you go in a short and slippers?,Dr. Khalifa
12 Quran Study From Behrouz 212 Behrouz's Khutba Edip  Yuksel's Exposure 01 25 1990,https://www.youtube.com/watch?v=jYTRnyx-9L0,00:32:07.513,00:32:13.326,"Of course, we don't wanna be that formal,
but I mean, we have to be reasonable.",Dr. Khalifa
12 Quran Study From Behrouz 212 Behrouz's Khutba Edip  Yuksel's Exposure 01 25 1990,https://www.youtube.com/watch?v=jYTRnyx-9L0,00:32:15.689,00:32:20.625,"So, I have to explain how you, how you dress up for, for
the mosque.",Dr. Khalifa
12 Quran Study From Behrouz 212 Behrouz's Khutba Edip  Yuksel's Exposure 01 25 1990,https://www.youtube.com/watch?v=jYTRnyx-9L0,00:32:24.658,00:32:25.453,"God says,",Dr. Khalifa
12 Quran Study From Behrouz 212 Behrouz's Khutba Edip  Yuksel's Exposure 01 25 1990,https://www.youtube.com/watch?v=jYTRnyx-9L0,00:32:25.453,00:32:27.935,(7:31) يَـٰبَنِىٓ ءَادَمَ خُذُوا۟ زِينَتَكُمْ عِندَ كُلِّ مَسْجِدٍۢ,Dr. Khalifa
12 Quran Study From Behrouz 212 Behrouz's Khutba Edip  Yuksel's Exposure 01 25 1990,https://www.youtube.com/watch?v=jYTRnyx-9L0,00:32:29.139,00:32:29.639,"He says,",Dr. Khalifa
12 Quran Study From Behrouz 212 Behrouz's Khutba Edip  Yuksel's Exposure 01 25 1990,https://www.youtube.com/watch?v=jYTRnyx-9L0,00:32:29.639,00:32:31.097,"[7:31]  O children of Adam, ...",Dr. Khalifa
12 Quran Study From Behrouz 212 Behrouz's Khutba Edip  Yuksel's Exposure 01 25 1990,https://www.youtube.com/watch?v=jYTRnyx-9L0,00:32:32.722,00:32:36.287,"dress up is a
good, is a good translation for that.",Dr. Khalifa
12 Quran Study From Behrouz 212 Behrouz's Khutba Edip  Yuksel's Exposure 01 25 1990,https://www.youtube.com/watch?v=jYTRnyx-9L0,00:32:36.917,00:32:38.917,Every time you go to the mosque.,Dr. Khalifa
12 Quran Study From Behrouz 212 Behrouz's Khutba Edip  Yuksel's Exposure 01 25 1990,https://www.youtube.com/watch?v=jYTRnyx-9L0,00:32:40.482,00:32:41.708,"I mean, why?",Dr. Khalifa
12 Quran Study From Behrouz 212 Behrouz's Khutba Edip  Yuksel's Exposure 01 25 1990,https://www.youtube.com/watch?v=jYTRnyx-9L0,00:32:42.370,00:32:47.680,"Why is God telling us to dress up every, every time
we go to the mosque?",Dr. Khalifa
12 Quran Study From Behrouz 212 Behrouz's Khutba Edip  Yuksel's Exposure 01 25 1990,https://www.youtube.com/watch?v=jYTRnyx-9L0,00:32:52.315,00:33:01.417,"I mean, is God, is He finicky or what? I mean, Astaghfirullah.",Dr. Khalifa
12 Quran Study From Behrouz 212 Behrouz's Khutba Edip  Yuksel's Exposure 01 25 1990,https://www.youtube.com/watch?v=jYTRnyx-9L0,00:33:02.427,00:33:04.659,Why is He telling us to dress up for the mosque?,Dr. Khalifa
12 Quran Study From Behrouz 212 Behrouz's Khutba Edip  Yuksel's Exposure 01 25 1990,https://www.youtube.com/watch?v=jYTRnyx-9L0,00:33:04.659,00:33:10.590,"How would you like to go to the mosque and
find that everybody is, looks terrible and stinks?",Dr. Khalifa
12 Quran Study From Behrouz 212 Behrouz's Khutba Edip  Yuksel's Exposure 01 25 1990,https://www.youtube.com/watch?v=jYTRnyx-9L0,00:33:13.367,00:33:17.167,"How, how will, what, what will happen?",Dr. Khalifa
12 Quran Study From Behrouz 212 Behrouz's Khutba Edip  Yuksel's Exposure 01 25 1990,https://www.youtube.com/watch?v=jYTRnyx-9L0,00:33:17.167,00:33:18.931,"I mean, this is what....",Dr. Khalifa
12 Quran Study From Behrouz 212 Behrouz's Khutba Edip  Yuksel's Exposure 01 25 1990,https://www.youtube.com/watch?v=jYTRnyx-9L0,00:33:21.344,00:33:24.747,"What we're doing, we're not following God's commands.",Dr. Khalifa
12 Quran Study From Behrouz 212 Behrouz's Khutba Edip  Yuksel's Exposure 01 25 1990,https://www.youtube.com/watch?v=jYTRnyx-9L0,00:33:29.017,00:33:36.567,"So, we have to learn from our lessons that
God has given us.",Dr. Khalifa
12 Quran Study From Behrouz 212 Behrouz's Khutba Edip  Yuksel's Exposure 01 25 1990,https://www.youtube.com/watch?v=jYTRnyx-9L0,00:33:37.233,00:33:42.934,"There are reasons for calling it the Heifer
and emphasizing this story.",Dr. Khalifa
12 Quran Study From Behrouz 212 Behrouz's Khutba Edip  Yuksel's Exposure 01 25 1990,https://www.youtube.com/watch?v=jYTRnyx-9L0,00:33:42.934,00:33:47.306,And over and over and over throughout,Dr. Khalifa
12 Quran Study From Behrouz 212 Behrouz's Khutba Edip  Yuksel's Exposure 01 25 1990,https://www.youtube.com/watch?v=jYTRnyx-9L0,00:33:47.306,00:33:52.904,"the Quran, we see the children of Israel, the story of the children of Israel. Believe me, it's happening. Everything they did.",Dr. Khalifa
12 Quran Study From Behrouz 212 Behrouz's Khutba Edip  Yuksel's Exposure 01 25 1990,https://www.youtube.com/watch?v=jYTRnyx-9L0,00:33:52.904,00:33:55.577,"This is why God put the children of Israel
in the Quran.",Dr. Khalifa
12 Quran Study From Behrouz 212 Behrouz's Khutba Edip  Yuksel's Exposure 01 25 1990,https://www.youtube.com/watch?v=jYTRnyx-9L0,00:33:56.059,00:34:00.346,Because we are doing the same things. And these are God's chosen people.,Dr. Khalifa
12 Quran Study From Behrouz 212 Behrouz's Khutba Edip  Yuksel's Exposure 01 25 1990,https://www.youtube.com/watch?v=jYTRnyx-9L0,00:34:03.492,00:34:04.692,"""What color is she?""",Dr. Khalifa
12 Quran Study From Behrouz 212 Behrouz's Khutba Edip  Yuksel's Exposure 01 25 1990,https://www.youtube.com/watch?v=jYTRnyx-9L0,00:34:05.545,00:34:07.264,These are God's chosen people.,Dr. Khalifa
12 Quran Study From Behrouz 212 Behrouz's Khutba Edip  Yuksel's Exposure 01 25 1990,https://www.youtube.com/watch?v=jYTRnyx-9L0,00:34:07.551,00:34:11.382,"We are not talking about the rebels of the
rebels.",Dr. Khalifa
12 Quran Study From Behrouz 212 Behrouz's Khutba Edip  Yuksel's Exposure 01 25 1990,https://www.youtube.com/watch?v=jYTRnyx-9L0,00:34:11.687,00:34:14.500,"We're talking the chosen ones among
the rebels.",Dr. Khalifa
12 Quran Study From Behrouz 212 Behrouz's Khutba Edip  Yuksel's Exposure 01 25 1990,https://www.youtube.com/watch?v=jYTRnyx-9L0,00:34:18.328,00:34:27.404,"So, with this introduction, I'm going to have,
see how we, all of us collectively feel about this.",Dr. Khalifa
12 Quran Study From Behrouz 212 Behrouz's Khutba Edip  Yuksel's Exposure 01 25 1990,https://www.youtube.com/watch?v=jYTRnyx-9L0,00:34:27.404,00:34:28.742,"Dr. Khalifa: Laurie, what's you said?",Dr. Khalifa
12 Quran Study From Behrouz 212 Behrouz's Khutba Edip  Yuksel's Exposure 01 25 1990,https://www.youtube.com/watch?v=jYTRnyx-9L0,00:34:28.742,00:34:31.915,"Laurie: I think I can see that a word that to
me is very important.",Laurie
12 Quran Study From Behrouz 212 Behrouz's Khutba Edip  Yuksel's Exposure 01 25 1990,https://www.youtube.com/watch?v=jYTRnyx-9L0,00:34:31.915,00:34:34.397,(unintelligible),Laurie
12 Quran Study From Behrouz 212 Behrouz's Khutba Edip  Yuksel's Exposure 01 25 1990,https://www.youtube.com/watch?v=jYTRnyx-9L0,00:34:34.397,00:34:36.397,"Men have to be modest, too.",Laurie
12 Quran Study From Behrouz 212 Behrouz's Khutba Edip  Yuksel's Exposure 01 25 1990,https://www.youtube.com/watch?v=jYTRnyx-9L0,00:34:36.397,00:34:38.949,"We're here at Quranic sitting, we're at Juma'.",Laurie
12 Quran Study From Behrouz 212 Behrouz's Khutba Edip  Yuksel's Exposure 01 25 1990,https://www.youtube.com/watch?v=jYTRnyx-9L0,00:34:38.949,00:34:41.190,"And it's really hot and people are speaking,",Laurie
12 Quran Study From Behrouz 212 Behrouz's Khutba Edip  Yuksel's Exposure 01 25 1990,https://www.youtube.com/watch?v=jYTRnyx-9L0,00:34:41.190,00:34:43.718,and you look around and all you see is legs.,Laurie
12 Quran Study From Behrouz 212 Behrouz's Khutba Edip  Yuksel's Exposure 01 25 1990,https://www.youtube.com/watch?v=jYTRnyx-9L0,00:34:43.840,00:34:46.444,"You know, just bare legs.",Laurie
12 Quran Study From Behrouz 212 Behrouz's Khutba Edip  Yuksel's Exposure 01 25 1990,https://www.youtube.com/watch?v=jYTRnyx-9L0,00:34:46.444,00:34:52.073,"So, you turn away, over here is another pair of bare legs. And you look over here and there's another pair of bare legs.",Laurie
12 Quran Study From Behrouz 212 Behrouz's Khutba Edip  Yuksel's Exposure 01 25 1990,https://www.youtube.com/watch?v=jYTRnyx-9L0,00:34:52.073,00:34:54.281,And the shorts are short and it's like...,Laurie
12 Quran Study From Behrouz 212 Behrouz's Khutba Edip  Yuksel's Exposure 01 25 1990,https://www.youtube.com/watch?v=jYTRnyx-9L0,00:34:54.525,00:34:57.225,"You know, women have the same feelings
as men.",Laurie
12 Quran Study From Behrouz 212 Behrouz's Khutba Edip  Yuksel's Exposure 01 25 1990,https://www.youtube.com/watch?v=jYTRnyx-9L0,00:34:57.225,00:34:59.533,"And, you know, if we all came in shorts,",Laurie
12 Quran Study From Behrouz 212 Behrouz's Khutba Edip  Yuksel's Exposure 01 25 1990,https://www.youtube.com/watch?v=jYTRnyx-9L0,00:34:59.533,00:35:03.369,nobody would be able to concentrate on anything. This is such (unintelligible).,Laurie
12 Quran Study From Behrouz 212 Behrouz's Khutba Edip  Yuksel's Exposure 01 25 1990,https://www.youtube.com/watch?v=jYTRnyx-9L0,00:35:03.369,00:35:10.008,"I'm so glad to hear it finally brought up that modesty in men is just as important, you know, as it is for women.",Laurie
12 Quran Study From Behrouz 212 Behrouz's Khutba Edip  Yuksel's Exposure 01 25 1990,https://www.youtube.com/watch?v=jYTRnyx-9L0,00:35:10.008,00:35:11.389,Laurie: (unintelligible),Laurie
12 Quran Study From Behrouz 212 Behrouz's Khutba Edip  Yuksel's Exposure 01 25 1990,https://www.youtube.com/watch?v=jYTRnyx-9L0,00:35:11.991,00:35:13.987,"Dr. Khalifa: Mã Shã Allãh.
Laurie: It's been, you know, very distracting.",Dr. Khalifa
12 Quran Study From Behrouz 212 Behrouz's Khutba Edip  Yuksel's Exposure 01 25 1990,https://www.youtube.com/watch?v=jYTRnyx-9L0,00:35:13.987,00:35:18.862,"Laurie: Sometimes, it's really hard to concentrate (unintelligible) bare legs.",Laurie
12 Quran Study From Behrouz 212 Behrouz's Khutba Edip  Yuksel's Exposure 01 25 1990,https://www.youtube.com/watch?v=jYTRnyx-9L0,00:35:18.862,00:35:20.862,"Laurie: So, (unintelligible)",Laurie
12 Quran Study From Behrouz 212 Behrouz's Khutba Edip  Yuksel's Exposure 01 25 1990,https://www.youtube.com/watch?v=jYTRnyx-9L0,00:35:20.907,00:35:24.981,"Dr. Khalifa: And God addressed both the men and 
the women to subdue their eyes, both of them.",Dr. Khalifa
12 Quran Study From Behrouz 212 Behrouz's Khutba Edip  Yuksel's Exposure 01 25 1990,https://www.youtube.com/watch?v=jYTRnyx-9L0,00:35:25.445,00:35:30.551,"So, so, God wants us to help each other in this
way.",Dr. Khalifa
12 Quran Study From Behrouz 212 Behrouz's Khutba Edip  Yuksel's Exposure 01 25 1990,https://www.youtube.com/watch?v=jYTRnyx-9L0,00:35:30.551,00:35:31.551,Dr. Khalifa: Linda.,Dr. Khalifa
12 Quran Study From Behrouz 212 Behrouz's Khutba Edip  Yuksel's Exposure 01 25 1990,https://www.youtube.com/watch?v=jYTRnyx-9L0,00:35:31.551,00:35:42.459,Linda: (unintelligible),Linda
12 Quran Study From Behrouz 212 Behrouz's Khutba Edip  Yuksel's Exposure 01 25 1990,https://www.youtube.com/watch?v=jYTRnyx-9L0,00:35:42.459,00:35:43.106,A man: (unintelligible),A man
12 Quran Study From Behrouz 212 Behrouz's Khutba Edip  Yuksel's Exposure 01 25 1990,https://www.youtube.com/watch?v=jYTRnyx-9L0,00:35:43.106,00:35:44.746,"Dr. Khalifa: That, that, you speak louder.",Dr. Khalifa
12 Quran Study From Behrouz 212 Behrouz's Khutba Edip  Yuksel's Exposure 01 25 1990,https://www.youtube.com/watch?v=jYTRnyx-9L0,00:35:46.251,00:35:47.154,Linda: Are you saying...,Linda
12 Quran Study From Behrouz 212 Behrouz's Khutba Edip  Yuksel's Exposure 01 25 1990,https://www.youtube.com/watch?v=jYTRnyx-9L0,00:35:47.154,00:35:49.214,Dr. Khalifa: Did I think the same thing that Laurie is saying.,Dr. Khalifa
12 Quran Study From Behrouz 212 Behrouz's Khutba Edip  Yuksel's Exposure 01 25 1990,https://www.youtube.com/watch?v=jYTRnyx-9L0,00:35:49.214,00:35:51.996,"Linda: Yeah, (unintelligible)
Dr. Khalifa: Oh.",Linda
12 Quran Study From Behrouz 212 Behrouz's Khutba Edip  Yuksel's Exposure 01 25 1990,https://www.youtube.com/watch?v=jYTRnyx-9L0,00:35:51.996,00:35:53.045,"Linda: (unintelligible) this room.
Dr. Khalifa: Right.",Linda
12 Quran Study From Behrouz 212 Behrouz's Khutba Edip  Yuksel's Exposure 01 25 1990,https://www.youtube.com/watch?v=jYTRnyx-9L0,00:35:53.045,00:35:54.954,Dr. Khalifa: They can be distracted as well.,Dr. Khalifa
12 Quran Study From Behrouz 212 Behrouz's Khutba Edip  Yuksel's Exposure 01 25 1990,https://www.youtube.com/watch?v=jYTRnyx-9L0,00:35:54.954,00:35:56.579,Linda: (unintelligible),Linda
12 Quran Study From Behrouz 212 Behrouz's Khutba Edip  Yuksel's Exposure 01 25 1990,https://www.youtube.com/watch?v=jYTRnyx-9L0,00:35:56.579,00:36:05.339,"A woman: (unintelligible) Rashad. I, I really, (unintelligible) think, I think the first responsibility lies within each one of us,",A woman
12 Quran Study From Behrouz 212 Behrouz's Khutba Edip  Yuksel's Exposure 01 25 1990,https://www.youtube.com/watch?v=jYTRnyx-9L0,00:36:05.339,00:36:09.086,A woman: with your eyes. (unintelligible) any kind of distraction.,A woman
12 Quran Study From Behrouz 212 Behrouz's Khutba Edip  Yuksel's Exposure 01 25 1990,https://www.youtube.com/watch?v=jYTRnyx-9L0,00:36:09.568,00:36:10.230,"Dr. Khalifa: Right.
A woman: And, and",Dr. Khalifa
12 Quran Study From Behrouz 212 Behrouz's Khutba Edip  Yuksel's Exposure 01 25 1990,https://www.youtube.com/watch?v=jYTRnyx-9L0,00:36:10.230,00:36:15.299,"A woman: And that, I mean, the, the fact that we see that right, we need (unintelligible)",A woman
12 Quran Study From Behrouz 212 Behrouz's Khutba Edip  Yuksel's Exposure 01 25 1990,https://www.youtube.com/watch?v=jYTRnyx-9L0,00:36:15.299,00:36:19.994,"A woman: in order to help each other. We need not to
present situations. Especially,",A woman
12 Quran Study From Behrouz 212 Behrouz's Khutba Edip  Yuksel's Exposure 01 25 1990,https://www.youtube.com/watch?v=jYTRnyx-9L0,00:36:19.994,00:36:20.596,Dr. Khalifa: Right.,Dr. Khalifa
12 Quran Study From Behrouz 212 Behrouz's Khutba Edip  Yuksel's Exposure 01 25 1990,https://www.youtube.com/watch?v=jYTRnyx-9L0,00:36:20.596,00:36:24.385,"A woman: within our community, it will hinder
each other because we are brothers and sisters.",A woman
12 Quran Study From Behrouz 212 Behrouz's Khutba Edip  Yuksel's Exposure 01 25 1990,https://www.youtube.com/watch?v=jYTRnyx-9L0,00:36:24.385,00:36:28.920,"We need to recognize our weaknesses and help each other not to,",A woman
12 Quran Study From Behrouz 212 Behrouz's Khutba Edip  Yuksel's Exposure 01 25 1990,https://www.youtube.com/watch?v=jYTRnyx-9L0,00:36:28.920,00:36:33.374,"A woman: to be in situations where our, where the devil can bring our weaknesses out.",A woman
12 Quran Study From Behrouz 212 Behrouz's Khutba Edip  Yuksel's Exposure 01 25 1990,https://www.youtube.com/watch?v=jYTRnyx-9L0,00:36:33.374,00:36:35.723,Dr. Khalifa: Uhum. Mã Shã Allãh.,Dr. Khalifa
12 Quran Study From Behrouz 212 Behrouz's Khutba Edip  Yuksel's Exposure 01 25 1990,https://www.youtube.com/watch?v=jYTRnyx-9L0,00:36:38.010,00:36:42.986,"Edip: Rashad, (unintelligible) the reason I want to (unintelligible) is because",Edip
12 Quran Study From Behrouz 212 Behrouz's Khutba Edip  Yuksel's Exposure 01 25 1990,https://www.youtube.com/watch?v=jYTRnyx-9L0,00:36:43.287,00:36:44.190,"Dr. Khalifa: Yeah, go ahead.
Edip: I",Dr. Khalifa
12 Quran Study From Behrouz 212 Behrouz's Khutba Edip  Yuksel's Exposure 01 25 1990,https://www.youtube.com/watch?v=jYTRnyx-9L0,00:36:44.190,00:36:46.311,Edip: I (unintelligible),Edip
12 Quran Study From Behrouz 212 Behrouz's Khutba Edip  Yuksel's Exposure 01 25 1990,https://www.youtube.com/watch?v=jYTRnyx-9L0,00:36:46.311,00:36:46.866,"Dr. Khalifa: That's right.
Edip: And",Dr. Khalifa
12 Quran Study From Behrouz 212 Behrouz's Khutba Edip  Yuksel's Exposure 01 25 1990,https://www.youtube.com/watch?v=jYTRnyx-9L0,00:36:46.866,00:36:53.413,Edip: some people knows and some people doesn't know (unintelligible) and some people,Edip
12 Quran Study From Behrouz 212 Behrouz's Khutba Edip  Yuksel's Exposure 01 25 1990,https://www.youtube.com/watch?v=jYTRnyx-9L0,00:36:53.413,00:36:59.747,I know they are (unintelligible) and they are brightened and,Edip
12 Quran Study From Behrouz 212 Behrouz's Khutba Edip  Yuksel's Exposure 01 25 1990,https://www.youtube.com/watch?v=jYTRnyx-9L0,00:36:59.747,00:37:02.590,just really very disturbing.,Edip
12 Quran Study From Behrouz 212 Behrouz's Khutba Edip  Yuksel's Exposure 01 25 1990,https://www.youtube.com/watch?v=jYTRnyx-9L0,00:37:04.590,00:37:16.220,"I just want to share with you this few pages. First of all, I honestly I am a sincere believer. I know myself. I will say it. It is not ego.",Edip
12 Quran Study From Behrouz 212 Behrouz's Khutba Edip  Yuksel's Exposure 01 25 1990,https://www.youtube.com/watch?v=jYTRnyx-9L0,00:37:16.220,00:37:20.611,"You know, if you are sincere, people around you can judge that we are sincere.",Edip
12 Quran Study From Behrouz 212 Behrouz's Khutba Edip  Yuksel's Exposure 01 25 1990,https://www.youtube.com/watch?v=jYTRnyx-9L0,00:37:21.333,00:37:29.593,"In Turkey, when I heard this, this message, thank
God, from Rashad, I, God put me in the greatest.",Edip
12 Quran Study From Behrouz 212 Behrouz's Khutba Edip  Yuksel's Exposure 01 25 1990,https://www.youtube.com/watch?v=jYTRnyx-9L0,00:37:29.593,00:37:33.510,"I gave up everything that I had until that
time.",Edip
12 Quran Study From Behrouz 212 Behrouz's Khutba Edip  Yuksel's Exposure 01 25 1990,https://www.youtube.com/watch?v=jYTRnyx-9L0,00:37:33.510,00:37:37.078,I gave up from my thousands of readers.,Edip
12 Quran Study From Behrouz 212 Behrouz's Khutba Edip  Yuksel's Exposure 01 25 1990,https://www.youtube.com/watch?v=jYTRnyx-9L0,00:37:37.078,00:37:44.714,"I gave up from my job. I gave up from my family, from my father,
mother, sisters, each friend.",Edip
12 Quran Study From Behrouz 212 Behrouz's Khutba Edip  Yuksel's Exposure 01 25 1990,https://www.youtube.com/watch?v=jYTRnyx-9L0,00:37:46.447,00:37:54.693,"And I accepted when I first heard that Rashad says ""I'm messenger of God"", I accepted without any doubt. I said ""yes, okay.""",Edip
12 Quran Study From Behrouz 212 Behrouz's Khutba Edip  Yuksel's Exposure 01 25 1990,https://www.youtube.com/watch?v=jYTRnyx-9L0,00:37:56.600,00:37:59.736,I had no ego in this case.,Edip
12 Quran Study From Behrouz 212 Behrouz's Khutba Edip  Yuksel's Exposure 01 25 1990,https://www.youtube.com/watch?v=jYTRnyx-9L0,00:38:00.458,00:38:06.419,"And now some people just want to accuse me
that I have great ego and I am idol worship.",Edip
12 Quran Study From Behrouz 212 Behrouz's Khutba Edip  Yuksel's Exposure 01 25 1990,https://www.youtube.com/watch?v=jYTRnyx-9L0,00:38:06.419,00:38:10.344,I worship my ego. It is very easy accusation.,Edip
12 Quran Study From Behrouz 212 Behrouz's Khutba Edip  Yuksel's Exposure 01 25 1990,https://www.youtube.com/watch?v=jYTRnyx-9L0,00:38:10.344,00:38:15.432,"Oh, somebody who takes questions or discusses
a subject if he doesn't understand.",Edip
12 Quran Study From Behrouz 212 Behrouz's Khutba Edip  Yuksel's Exposure 01 25 1990,https://www.youtube.com/watch?v=jYTRnyx-9L0,00:38:15.432,00:38:18.637,"""Oh, you are egoistic. You are worshiping your ego.""",Edip
12 Quran Study From Behrouz 212 Behrouz's Khutba Edip  Yuksel's Exposure 01 25 1990,https://www.youtube.com/watch?v=jYTRnyx-9L0,00:38:18.637,00:38:19.495,It is very easy.,Edip
12 Quran Study From Behrouz 212 Behrouz's Khutba Edip  Yuksel's Exposure 01 25 1990,https://www.youtube.com/watch?v=jYTRnyx-9L0,00:38:20.169,00:38:26.632,"And for some people, they want to show that
they are protector of the messenger. From whom? From believer.",Edip
12 Quran Study From Behrouz 212 Behrouz's Khutba Edip  Yuksel's Exposure 01 25 1990,https://www.youtube.com/watch?v=jYTRnyx-9L0,00:38:26.946,00:38:32.077,"And backbite a believer and accuse a believer. At that time, show yourself,",Edip
12 Quran Study From Behrouz 212 Behrouz's Khutba Edip  Yuksel's Exposure 01 25 1990,https://www.youtube.com/watch?v=jYTRnyx-9L0,00:38:32.077,00:38:34.094,you are protector of the messenger.,Edip
12 Quran Study From Behrouz 212 Behrouz's Khutba Edip  Yuksel's Exposure 01 25 1990,https://www.youtube.com/watch?v=jYTRnyx-9L0,00:38:34.094,00:38:36.277,You love messenger more than everybody.,Edip
12 Quran Study From Behrouz 212 Behrouz's Khutba Edip  Yuksel's Exposure 01 25 1990,https://www.youtube.com/watch?v=jYTRnyx-9L0,00:38:36.730,00:38:38.129,What kind of race is this?,Edip
12 Quran Study From Behrouz 212 Behrouz's Khutba Edip  Yuksel's Exposure 01 25 1990,https://www.youtube.com/watch?v=jYTRnyx-9L0,00:38:38.432,00:38:40.112,Is that righteous race?,Edip
12 Quran Study From Behrouz 212 Behrouz's Khutba Edip  Yuksel's Exposure 01 25 1990,https://www.youtube.com/watch?v=jYTRnyx-9L0,00:38:40.951,00:38:43.288,I want to share some verses from Quran.,Edip
12 Quran Study From Behrouz 212 Behrouz's Khutba Edip  Yuksel's Exposure 01 25 1990,https://www.youtube.com/watch?v=jYTRnyx-9L0,00:38:43.288,00:38:44.566,Bism Allah Arrahman Arraheem,Edip
12 Quran Study From Behrouz 212 Behrouz's Khutba Edip  Yuksel's Exposure 01 25 1990,https://www.youtube.com/watch?v=jYTRnyx-9L0,00:38:44.566,00:38:46.552,أعوذ بِٱللَّهِ مِنَ ٱلشَّيْطَـٰنِ ٱلرَّجِيمِ,Edip
12 Quran Study From Behrouz 212 Behrouz's Khutba Edip  Yuksel's Exposure 01 25 1990,https://www.youtube.com/watch?v=jYTRnyx-9L0,00:38:46.552,00:38:50.297,[2:269] ... Only those who possess intelligence will take heed.,Edip
12 Quran Study From Behrouz 212 Behrouz's Khutba Edip  Yuksel's Exposure 01 25 1990,https://www.youtube.com/watch?v=jYTRnyx-9L0,00:38:51.115,00:38:54.475,"God always says, intelligent people will take heed.",Edip
12 Quran Study From Behrouz 212 Behrouz's Khutba Edip  Yuksel's Exposure 01 25 1990,https://www.youtube.com/watch?v=jYTRnyx-9L0,00:38:55.318,00:38:56.509,"The other verse,",Edip
12 Quran Study From Behrouz 212 Behrouz's Khutba Edip  Yuksel's Exposure 01 25 1990,https://www.youtube.com/watch?v=jYTRnyx-9L0,00:38:56.509,00:39:10.126,"[17:36] You shall not accept any information, unless you verify it for yourself. I have given you the hearing, the eyesight, and the brain, and you are responsible for using them.",Edip
12 Quran Study From Behrouz 212 Behrouz's Khutba Edip  Yuksel's Exposure 01 25 1990,https://www.youtube.com/watch?v=jYTRnyx-9L0,00:39:10.384,00:39:12.262,These are two verses from Quran.,Edip
12 Quran Study From Behrouz 212 Behrouz's Khutba Edip  Yuksel's Exposure 01 25 1990,https://www.youtube.com/watch?v=jYTRnyx-9L0,00:39:12.262,00:39:16.408,"And God says in Quran, believers are brothers.",Edip
12 Quran Study From Behrouz 212 Behrouz's Khutba Edip  Yuksel's Exposure 01 25 1990,https://www.youtube.com/watch?v=jYTRnyx-9L0,00:39:16.889,00:39:17.943,"And,",Edip
12 Quran Study From Behrouz 212 Behrouz's Khutba Edip  Yuksel's Exposure 01 25 1990,https://www.youtube.com/watch?v=jYTRnyx-9L0,00:39:17.943,00:39:33.485,"[49:12] O you who believe, you shall avoid any suspicion, for even a little bit of suspicion is sinful. You shall not spy, nor shall you backbite one another; this is as abominable as eating the flesh of your dead brother.",Edip
12 Quran Study From Behrouz 212 Behrouz's Khutba Edip  Yuksel's Exposure 01 25 1990,https://www.youtube.com/watch?v=jYTRnyx-9L0,00:39:33.485,00:39:38.069,"Because he cannot defend himself when you
are backbiting him.",Edip
12 Quran Study From Behrouz 212 Behrouz's Khutba Edip  Yuksel's Exposure 01 25 1990,https://www.youtube.com/watch?v=jYTRnyx-9L0,00:39:39.476,00:39:45.241,"Now in this, Rashad, if I have your permission, just
I want to talk on the Khutba.",Edip
12 Quran Study From Behrouz 212 Behrouz's Khutba Edip  Yuksel's Exposure 01 25 1990,https://www.youtube.com/watch?v=jYTRnyx-9L0,00:39:45.241,00:39:51.265,"There are some points which I'm not only to
ask questions.",Edip
12 Quran Study From Behrouz 212 Behrouz's Khutba Edip  Yuksel's Exposure 01 25 1990,https://www.youtube.com/watch?v=jYTRnyx-9L0,00:39:51.265,00:39:58.183,"First, Behrouz brother said ""we shouldn't call
him by his name, as Rashad.""",Edip
12 Quran Study From Behrouz 212 Behrouz's Khutba Edip  Yuksel's Exposure 01 25 1990,https://www.youtube.com/watch?v=jYTRnyx-9L0,00:39:59.076,00:40:03.537,"Which, there is a mistranslation of verse
24:63.",Edip
12 Quran Study From Behrouz 212 Behrouz's Khutba Edip  Yuksel's Exposure 01 25 1990,https://www.youtube.com/watch?v=jYTRnyx-9L0,00:40:03.537,00:40:05.554,"Which, could you please open it?",Edip
12 Quran Study From Behrouz 212 Behrouz's Khutba Edip  Yuksel's Exposure 01 25 1990,https://www.youtube.com/watch?v=jYTRnyx-9L0,00:40:06.095,00:40:07.998,24:63.,Edip
12 Quran Study From Behrouz 212 Behrouz's Khutba Edip  Yuksel's Exposure 01 25 1990,https://www.youtube.com/watch?v=jYTRnyx-9L0,00:40:10.045,00:40:14.119,"It doesn't say ""don't call him by name like
you each other.""",Edip
12 Quran Study From Behrouz 212 Behrouz's Khutba Edip  Yuksel's Exposure 01 25 1990,https://www.youtube.com/watch?v=jYTRnyx-9L0,00:40:14.119,00:40:19.966,"Don't take his invitation, his request like
your invitation.",Edip
12 Quran Study From Behrouz 212 Behrouz's Khutba Edip  Yuksel's Exposure 01 25 1990,https://www.youtube.com/watch?v=jYTRnyx-9L0,00:40:19.966,00:40:23.685,"Because he is leader, he is messenger of God, you must obey him.",Edip
12 Quran Study From Behrouz 212 Behrouz's Khutba Edip  Yuksel's Exposure 01 25 1990,https://www.youtube.com/watch?v=jYTRnyx-9L0,00:40:23.959,00:40:28.094,"But in respect of calling him with name, it
is human being like us.",Edip
12 Quran Study From Behrouz 212 Behrouz's Khutba Edip  Yuksel's Exposure 01 25 1990,https://www.youtube.com/watch?v=jYTRnyx-9L0,00:40:28.396,00:40:31.591,"Then, all messenger has been called with their
name.",Edip
12 Quran Study From Behrouz 212 Behrouz's Khutba Edip  Yuksel's Exposure 01 25 1990,https://www.youtube.com/watch?v=jYTRnyx-9L0,00:40:31.591,00:40:35.242,"And even now, you call Muhammad as Muhammad,
Moses as Moses.",Edip
12 Quran Study From Behrouz 212 Behrouz's Khutba Edip  Yuksel's Exposure 01 25 1990,https://www.youtube.com/watch?v=jYTRnyx-9L0,00:40:35.242,00:40:37.677,"God says, they are human being like you.",Edip
12 Quran Study From Behrouz 212 Behrouz's Khutba Edip  Yuksel's Exposure 01 25 1990,https://www.youtube.com/watch?v=jYTRnyx-9L0,00:40:37.677,00:40:40.719,"Which, what kind of difference God show us?",Edip
12 Quran Study From Behrouz 212 Behrouz's Khutba Edip  Yuksel's Exposure 01 25 1990,https://www.youtube.com/watch?v=jYTRnyx-9L0,00:40:40.719,00:40:46.228,"Which respect is they are different we must
respect? And which respect they are like us?",Edip
12 Quran Study From Behrouz 212 Behrouz's Khutba Edip  Yuksel's Exposure 01 25 1990,https://www.youtube.com/watch?v=jYTRnyx-9L0,00:40:46.881,00:40:49.677,"They are walking in the city. They eat like
us.",Edip
12 Quran Study From Behrouz 212 Behrouz's Khutba Edip  Yuksel's Exposure 01 25 1990,https://www.youtube.com/watch?v=jYTRnyx-9L0,00:40:51.663,00:40:55.655,"This is not what, which is mistranslated.",Edip
12 Quran Study From Behrouz 212 Behrouz's Khutba Edip  Yuksel's Exposure 01 25 1990,https://www.youtube.com/watch?v=jYTRnyx-9L0,00:40:56.076,00:41:01.189,[24:63] Do not treat the messenger's requests as you treat each others' requests. ...,Edip
12 Quran Study From Behrouz 212 Behrouz's Khutba Edip  Yuksel's Exposure 01 25 1990,https://www.youtube.com/watch?v=jYTRnyx-9L0,00:41:01.189,00:41:09.382,"Because, and also in the context, if you look, some people they do not take serious invitation of the messenger. And they are waver.",Edip
12 Quran Study From Behrouz 212 Behrouz's Khutba Edip  Yuksel's Exposure 01 25 1990,https://www.youtube.com/watch?v=jYTRnyx-9L0,00:41:10.013,00:41:15.317,"And the second point, ""we shouldn't discuss
with him"", brother said. Why?",Edip
12 Quran Study From Behrouz 212 Behrouz's Khutba Edip  Yuksel's Exposure 01 25 1990,https://www.youtube.com/watch?v=jYTRnyx-9L0,00:41:16.738,00:41:18.460,Doesn't he make mistakes?,Edip
12 Quran Study From Behrouz 212 Behrouz's Khutba Edip  Yuksel's Exposure 01 25 1990,https://www.youtube.com/watch?v=jYTRnyx-9L0,00:41:20.266,00:41:22.506,Only God doesn't make mistakes.,Edip
12 Quran Study From Behrouz 212 Behrouz's Khutba Edip  Yuksel's Exposure 01 25 1990,https://www.youtube.com/watch?v=jYTRnyx-9L0,00:41:22.747,00:41:25.389,What about verses 60:12?,Edip
12 Quran Study From Behrouz 212 Behrouz's Khutba Edip  Yuksel's Exposure 01 25 1990,https://www.youtube.com/watch?v=jYTRnyx-9L0,00:41:28.399,00:41:31.060,What about that verse 60:12?,Edip
12 Quran Study From Behrouz 212 Behrouz's Khutba Edip  Yuksel's Exposure 01 25 1990,https://www.youtube.com/watch?v=jYTRnyx-9L0,00:41:34.370,00:41:46.187,"Here, from Hadith... Quran, Hadith and Islam, the verse 60:12, the title is ""Obeying the messenger is conditioned"" Underlined.",Edip
12 Quran Study From Behrouz 212 Behrouz's Khutba Edip  Yuksel's Exposure 01 25 1990,https://www.youtube.com/watch?v=jYTRnyx-9L0,00:41:46.761,00:41:49.295,(60:12) وَلَا يَعْصِينَكَ فِى مَعْرُوفٍۢ,Edip
12 Quran Study From Behrouz 212 Behrouz's Khutba Edip  Yuksel's Exposure 01 25 1990,https://www.youtube.com/watch?v=jYTRnyx-9L0,00:41:50.318,00:41:53.401,nor disobey you when you are right.,Edip
12 Quran Study From Behrouz 212 Behrouz's Khutba Edip  Yuksel's Exposure 01 25 1990,https://www.youtube.com/watch?v=jYTRnyx-9L0,00:41:55.013,00:42:00.395,"That means, believers sometimes they may see
something wrong and they can criticize.",Edip
12 Quran Study From Behrouz 212 Behrouz's Khutba Edip  Yuksel's Exposure 01 25 1990,https://www.youtube.com/watch?v=jYTRnyx-9L0,00:42:01.479,00:42:06.477,"Edip: Even they can, that time they can, they can disobey. This is conditioned.",Edip
12 Quran Study From Behrouz 212 Behrouz's Khutba Edip  Yuksel's Exposure 01 25 1990,https://www.youtube.com/watch?v=jYTRnyx-9L0,00:42:06.959,00:42:10.091,"A woman: 60:12?
Edip: 60 and 12.",A woman
12 Quran Study From Behrouz 212 Behrouz's Khutba Edip  Yuksel's Exposure 01 25 1990,https://www.youtube.com/watch?v=jYTRnyx-9L0,00:42:12.162,00:42:13.162,Mahmood Abib: What chapter?,Mahmoud Abib
12 Quran Study From Behrouz 212 Behrouz's Khutba Edip  Yuksel's Exposure 01 25 1990,https://www.youtube.com/watch?v=jYTRnyx-9L0,00:42:13.764,00:42:16.006,"Edip: Chapter 60, verse 12.",Edip
12 Quran Study From Behrouz 212 Behrouz's Khutba Edip  Yuksel's Exposure 01 25 1990,https://www.youtube.com/watch?v=jYTRnyx-9L0,00:42:16.006,00:42:17.793,"Mahmood Abib: (unintelligible)
Edip: 60.",Mahmoud Abib
12 Quran Study From Behrouz 212 Behrouz's Khutba Edip  Yuksel's Exposure 01 25 1990,https://www.youtube.com/watch?v=jYTRnyx-9L0,00:42:18.335,00:42:19.472,A man: 6 0.,A man
12 Quran Study From Behrouz 212 Behrouz's Khutba Edip  Yuksel's Exposure 01 25 1990,https://www.youtube.com/watch?v=jYTRnyx-9L0,00:42:19.472,00:42:20.495,"Edip: Yes, 6 0.",Edip
12 Quran Study From Behrouz 212 Behrouz's Khutba Edip  Yuksel's Exposure 01 25 1990,https://www.youtube.com/watch?v=jYTRnyx-9L0,00:42:20.495,00:42:21.412,A man: 6 0?,A man
12 Quran Study From Behrouz 212 Behrouz's Khutba Edip  Yuksel's Exposure 01 25 1990,https://www.youtube.com/watch?v=jYTRnyx-9L0,00:42:21.412,00:42:22.088,Edip: Yes.,Edip
12 Quran Study From Behrouz 212 Behrouz's Khutba Edip  Yuksel's Exposure 01 25 1990,https://www.youtube.com/watch?v=jYTRnyx-9L0,00:42:23.699,00:42:26.621,"Edip: Here, in the, in this book, it is underlined,",Edip
12 Quran Study From Behrouz 212 Behrouz's Khutba Edip  Yuksel's Exposure 01 25 1990,https://www.youtube.com/watch?v=jYTRnyx-9L0,00:42:26.621,00:42:31.871,"""Nor disobey you, nor disobey you, messenger, when you are right.""",Edip
12 Quran Study From Behrouz 212 Behrouz's Khutba Edip  Yuksel's Exposure 01 25 1990,https://www.youtube.com/watch?v=jYTRnyx-9L0,00:42:32.820,00:42:34.760,"Or in your translation I'm reading,",Edip
12 Quran Study From Behrouz 212 Behrouz's Khutba Edip  Yuksel's Exposure 01 25 1990,https://www.youtube.com/watch?v=jYTRnyx-9L0,00:42:34.760,00:42:36.760,"[60:12]  ... righteous commands, ...",Edip
12 Quran Study From Behrouz 212 Behrouz's Khutba Edip  Yuksel's Exposure 01 25 1990,https://www.youtube.com/watch?v=jYTRnyx-9L0,00:42:37.783,00:42:40.084,Obeying the messenger is conditioned,Edip
12 Quran Study From Behrouz 212 Behrouz's Khutba Edip  Yuksel's Exposure 01 25 1990,https://www.youtube.com/watch?v=jYTRnyx-9L0,00:42:40.357,00:42:42.478,"What is the condition? God says,",Edip
12 Quran Study From Behrouz 212 Behrouz's Khutba Edip  Yuksel's Exposure 01 25 1990,https://www.youtube.com/watch?v=jYTRnyx-9L0,00:42:42.478,00:42:48.677,"[4:79]  Anything good that happens to you is from GOD, and anything bad that happens to you is from you. ...",Edip
12 Quran Study From Behrouz 212 Behrouz's Khutba Edip  Yuksel's Exposure 01 25 1990,https://www.youtube.com/watch?v=jYTRnyx-9L0,00:42:48.677,00:42:54.944,"That's messengers, like human, they make mistakes, and these not from God.",Edip
12 Quran Study From Behrouz 212 Behrouz's Khutba Edip  Yuksel's Exposure 01 25 1990,https://www.youtube.com/watch?v=jYTRnyx-9L0,00:42:55.305,00:43:00.000,"Edip: These are from themselves, and God may change later, forgive them. It's...",Edip
12 Quran Study From Behrouz 212 Behrouz's Khutba Edip  Yuksel's Exposure 01 25 1990,https://www.youtube.com/watch?v=jYTRnyx-9L0,00:43:01.424,00:43:05.193,"Laurie: Is it okay if we, we have to discuss this briefly.",Laurie
12 Quran Study From Behrouz 212 Behrouz's Khutba Edip  Yuksel's Exposure 01 25 1990,https://www.youtube.com/watch?v=jYTRnyx-9L0,00:43:06.457,00:43:07.193,Dr. Khalifa: Yes.,Dr. Khalifa
12 Quran Study From Behrouz 212 Behrouz's Khutba Edip  Yuksel's Exposure 01 25 1990,https://www.youtube.com/watch?v=jYTRnyx-9L0,00:43:07.193,00:43:08.383,Mahmood Abib: (unintelligible),Mahmoud Abib
12 Quran Study From Behrouz 212 Behrouz's Khutba Edip  Yuksel's Exposure 01 25 1990,https://www.youtube.com/watch?v=jYTRnyx-9L0,00:43:08.383,00:43:11.838,"Laurie: There are some differences between discussion
and argument.",Laurie
12 Quran Study From Behrouz 212 Behrouz's Khutba Edip  Yuksel's Exposure 01 25 1990,https://www.youtube.com/watch?v=jYTRnyx-9L0,00:43:13.042,00:43:14.664,Laurie: And what would happen if...,Laurie
12 Quran Study From Behrouz 212 Behrouz's Khutba Edip  Yuksel's Exposure 01 25 1990,https://www.youtube.com/watch?v=jYTRnyx-9L0,00:43:14.664,00:43:16.590,"Edip: I'm coming to the subject, thank you.",Edip
12 Quran Study From Behrouz 212 Behrouz's Khutba Edip  Yuksel's Exposure 01 25 1990,https://www.youtube.com/watch?v=jYTRnyx-9L0,00:43:16.590,00:43:19.127,"Edip: Laurie, you are right, I'm coming to subject.",Edip
12 Quran Study From Behrouz 212 Behrouz's Khutba Edip  Yuksel's Exposure 01 25 1990,https://www.youtube.com/watch?v=jYTRnyx-9L0,00:43:21.309,00:43:26.600,"Edip: What about verse 3, chapter 3, verse 159?",Edip
12 Quran Study From Behrouz 212 Behrouz's Khutba Edip  Yuksel's Exposure 01 25 1990,https://www.youtube.com/watch?v=jYTRnyx-9L0,00:43:27.142,00:43:33.236,"God says, messenger must consult people around
him. This is duty of messenger.",Edip
12 Quran Study From Behrouz 212 Behrouz's Khutba Edip  Yuksel's Exposure 01 25 1990,https://www.youtube.com/watch?v=jYTRnyx-9L0,00:43:33.690,00:43:42.198,"And if people around him are zero, they have
no idea, they don't, frankly, they don't say",Edip
12 Quran Study From Behrouz 212 Behrouz's Khutba Edip  Yuksel's Exposure 01 25 1990,https://www.youtube.com/watch?v=jYTRnyx-9L0,00:43:42.198,00:43:47.799,"their idea, they're only, they just, messenger
whatever he says, okay, accept, true.",Edip
12 Quran Study From Behrouz 212 Behrouz's Khutba Edip  Yuksel's Exposure 01 25 1990,https://www.youtube.com/watch?v=jYTRnyx-9L0,00:43:48.169,00:43:51.713,"Messenger, 1 plus 0 is 1.",Edip
12 Quran Study From Behrouz 212 Behrouz's Khutba Edip  Yuksel's Exposure 01 25 1990,https://www.youtube.com/watch?v=jYTRnyx-9L0,00:43:51.713,00:43:55.731,"Messenger says 12, 12 plus 0 is 12.",Edip
12 Quran Study From Behrouz 212 Behrouz's Khutba Edip  Yuksel's Exposure 01 25 1990,https://www.youtube.com/watch?v=jYTRnyx-9L0,00:43:56.513,00:43:59.331,"6, messenger says 6, he says 0.",Edip
12 Quran Study From Behrouz 212 Behrouz's Khutba Edip  Yuksel's Exposure 01 25 1990,https://www.youtube.com/watch?v=jYTRnyx-9L0,00:43:59.331,00:44:03.179,6 plus 0 is 6. There is no change.,Edip
12 Quran Study From Behrouz 212 Behrouz's Khutba Edip  Yuksel's Exposure 01 25 1990,https://www.youtube.com/watch?v=jYTRnyx-9L0,00:44:03.179,00:44:06.941,"What is the reason of consultation of messenger
with believer?",Edip
12 Quran Study From Behrouz 212 Behrouz's Khutba Edip  Yuksel's Exposure 01 25 1990,https://www.youtube.com/watch?v=jYTRnyx-9L0,00:44:07.236,00:44:11.039,"According to Quran, believers has also personality.",Edip
12 Quran Study From Behrouz 212 Behrouz's Khutba Edip  Yuksel's Exposure 01 25 1990,https://www.youtube.com/watch?v=jYTRnyx-9L0,00:44:11.039,00:44:13.076,They have all their idea.,Edip
12 Quran Study From Behrouz 212 Behrouz's Khutba Edip  Yuksel's Exposure 01 25 1990,https://www.youtube.com/watch?v=jYTRnyx-9L0,00:44:13.076,00:44:15.000,They are not fool people.,Edip
12 Quran Study From Behrouz 212 Behrouz's Khutba Edip  Yuksel's Exposure 01 25 1990,https://www.youtube.com/watch?v=jYTRnyx-9L0,00:44:15.856,00:44:17.819,Dr. Khalifa: Wow! Wow!,Dr. Khalifa
12 Quran Study From Behrouz 212 Behrouz's Khutba Edip  Yuksel's Exposure 01 25 1990,https://www.youtube.com/watch?v=jYTRnyx-9L0,00:44:18.722,00:44:19.278,A woman: Wow!,A woman
12 Quran Study From Behrouz 212 Behrouz's Khutba Edip  Yuksel's Exposure 01 25 1990,https://www.youtube.com/watch?v=jYTRnyx-9L0,00:44:19.278,00:44:20.195,Dr. Khalifa: Mã Shã Allãh.,Dr. Khalifa
12 Quran Study From Behrouz 212 Behrouz's Khutba Edip  Yuksel's Exposure 01 25 1990,https://www.youtube.com/watch?v=jYTRnyx-9L0,00:44:20.677,00:44:21.473,A man: Wow!,A man
12 Quran Study From Behrouz 212 Behrouz's Khutba Edip  Yuksel's Exposure 01 25 1990,https://www.youtube.com/watch?v=jYTRnyx-9L0,00:44:26.621,00:44:29.689,"Dr. Khalifa: Mã Shã Allãh. Congratulations, Behrouz. It worked. It worked.",Dr. Khalifa
12 Quran Study From Behrouz 212 Behrouz's Khutba Edip  Yuksel's Exposure 01 25 1990,https://www.youtube.com/watch?v=jYTRnyx-9L0,00:44:29.689,00:44:30.411,Mahmood Abib: (unintelligible),Mahmoud Abib
12 Quran Study From Behrouz 212 Behrouz's Khutba Edip  Yuksel's Exposure 01 25 1990,https://www.youtube.com/watch?v=jYTRnyx-9L0,00:44:31.254,00:44:32.291,Dr. Khalifa: Come here.,Dr. Khalifa
12 Quran Study From Behrouz 212 Behrouz's Khutba Edip  Yuksel's Exposure 01 25 1990,https://www.youtube.com/watch?v=jYTRnyx-9L0,00:44:32.578,00:44:34.060,Mahmood Abib: Don't go over there. Come here.,Mahmoud Abib
12 Quran Study From Behrouz 212 Behrouz's Khutba Edip  Yuksel's Exposure 01 25 1990,https://www.youtube.com/watch?v=jYTRnyx-9L0,00:44:35.324,00:44:37.257,Behrouz: Mã Shã Allãh. God bless you.,Behrouz
12 Quran Study From Behrouz 212 Behrouz's Khutba Edip  Yuksel's Exposure 01 25 1990,https://www.youtube.com/watch?v=jYTRnyx-9L0,00:44:38.458,00:44:48.817,"Edip: The other point, we must, one lady, one sincere lady, believer, because of last week,",Edip
12 Quran Study From Behrouz 212 Behrouz's Khutba Edip  Yuksel's Exposure 01 25 1990,https://www.youtube.com/watch?v=jYTRnyx-9L0,00:44:48.817,00:44:51.980,"we had discussion with Rashad, I, and Ismail Barakat,",Edip
12 Quran Study From Behrouz 212 Behrouz's Khutba Edip  Yuksel's Exposure 01 25 1990,https://www.youtube.com/watch?v=jYTRnyx-9L0,00:44:51.980,00:44:56.384,"really according to Quran, we made mistake and I repented because of this.",Edip
12 Quran Study From Behrouz 212 Behrouz's Khutba Edip  Yuksel's Exposure 01 25 1990,https://www.youtube.com/watch?v=jYTRnyx-9L0,00:44:56.384,00:45:01.333,"But, I will tell you something which, more important
than this mistake,",Edip
12 Quran Study From Behrouz 212 Behrouz's Khutba Edip  Yuksel's Exposure 01 25 1990,https://www.youtube.com/watch?v=jYTRnyx-9L0,00:45:01.333,00:45:08.580,"more important than this mistake, but we forget this, some, we, we want to cover the subject.",Edip
12 Quran Study From Behrouz 212 Behrouz's Khutba Edip  Yuksel's Exposure 01 25 1990,https://www.youtube.com/watch?v=jYTRnyx-9L0,00:45:08.580,00:45:10.561,Why a person shouts?,Edip
12 Quran Study From Behrouz 212 Behrouz's Khutba Edip  Yuksel's Exposure 01 25 1990,https://www.youtube.com/watch?v=jYTRnyx-9L0,00:45:11.524,00:45:14.526,Every shouting person are not the same.,Edip
12 Quran Study From Behrouz 212 Behrouz's Khutba Edip  Yuksel's Exposure 01 25 1990,https://www.youtube.com/watch?v=jYTRnyx-9L0,00:45:15.000,00:45:20.208,"If you punch.... person comes here, shout, because
he is....",Edip
12 Quran Study From Behrouz 212 Behrouz's Khutba Edip  Yuksel's Exposure 01 25 1990,https://www.youtube.com/watch?v=jYTRnyx-9L0,00:45:22.503,00:45:28.410,"Edip: So, God needs angels for other things.",Edip
12 Quran Study From Behrouz 212 Behrouz's Khutba Edip  Yuksel's Exposure 01 25 1990,https://www.youtube.com/watch?v=jYTRnyx-9L0,00:45:31.118,00:45:36.500,"Third claim, third verse, God is the Alpha...",Edip
12 Quran Study From Behrouz 212 Behrouz's Khutba Edip  Yuksel's Exposure 01 25 1990,https://www.youtube.com/watch?v=jYTRnyx-9L0,00:45:41.917,00:45:43.586,(57:3) هُوَ ٱلْأَوَّلُ وَٱلْـَٔاخِرُ,Edip
12 Quran Study From Behrouz 212 Behrouz's Khutba Edip  Yuksel's Exposure 01 25 1990,https://www.youtube.com/watch?v=jYTRnyx-9L0,00:45:43.586,00:45:44.743,He is the beginning...,Edip
12 Quran Study From Behrouz 212 Behrouz's Khutba Edip  Yuksel's Exposure 01 25 1990,https://www.youtube.com/watch?v=jYTRnyx-9L0,00:45:45.512,00:45:56.901,"And also this verse 57:3, and other verse,
God is the Creator, is the Creator of everything.",Edip
12 Quran Study From Behrouz 212 Behrouz's Khutba Edip  Yuksel's Exposure 01 25 1990,https://www.youtube.com/watch?v=jYTRnyx-9L0,00:46:02.438,00:46:06.725,"There are many verses about this, for example,
13.16.",Edip
12 Quran Study From Behrouz 212 Behrouz's Khutba Edip  Yuksel's Exposure 01 25 1990,https://www.youtube.com/watch?v=jYTRnyx-9L0,00:46:08.499,00:46:17.210,"Edip: God didn't create, did not create, or could not create hydrogen.",Edip
12 Quran Study From Behrouz 212 Behrouz's Khutba Edip  Yuksel's Exposure 01 25 1990,https://www.youtube.com/watch?v=jYTRnyx-9L0,00:46:18.955,00:46:19.751,A woman: What?!,A woman
12 Quran Study From Behrouz 212 Behrouz's Khutba Edip  Yuksel's Exposure 01 25 1990,https://www.youtube.com/watch?v=jYTRnyx-9L0,00:46:19.751,00:46:20.547,Edip: Hydrogen.,Edip
12 Quran Study From Behrouz 212 Behrouz's Khutba Edip  Yuksel's Exposure 01 25 1990,https://www.youtube.com/watch?v=jYTRnyx-9L0,00:46:20.547,00:46:21.484,A man: What?!,A man
12 Quran Study From Behrouz 212 Behrouz's Khutba Edip  Yuksel's Exposure 01 25 1990,https://www.youtube.com/watch?v=jYTRnyx-9L0,00:46:21.484,00:46:23.845,"A woman: (unintelligible)
Edip: Yes.",A woman
12 Quran Study From Behrouz 212 Behrouz's Khutba Edip  Yuksel's Exposure 01 25 1990,https://www.youtube.com/watch?v=jYTRnyx-9L0,00:46:24.146,00:46:25.363,Dr. Khalifa: On the Quran?,Dr. Khalifa
12 Quran Study From Behrouz 212 Behrouz's Khutba Edip  Yuksel's Exposure 01 25 1990,https://www.youtube.com/watch?v=jYTRnyx-9L0,00:46:25.363,00:46:28.419,"A woman: Honestly, what does it, what does it have ...
Edip: Wait. Wait.",A woman
12 Quran Study From Behrouz 212 Behrouz's Khutba Edip  Yuksel's Exposure 01 25 1990,https://www.youtube.com/watch?v=jYTRnyx-9L0,00:46:28.419,00:46:29.174,Mahmood Abib: (unintelligible),Mahmoud Abib
12 Quran Study From Behrouz 212 Behrouz's Khutba Edip  Yuksel's Exposure 01 25 1990,https://www.youtube.com/watch?v=jYTRnyx-9L0,00:46:29.174,00:46:31.799,"Edip: That discussion, we made...",Edip
12 Quran Study From Behrouz 212 Behrouz's Khutba Edip  Yuksel's Exposure 01 25 1990,https://www.youtube.com/watch?v=jYTRnyx-9L0,00:46:31.799,00:46:33.679,"Dr. Khalifa: Who said, who said all those black things?",Dr. Khalifa
12 Quran Study From Behrouz 212 Behrouz's Khutba Edip  Yuksel's Exposure 01 25 1990,https://www.youtube.com/watch?v=jYTRnyx-9L0,00:46:33.679,00:46:36.642,"Edip: This Behrouz said, and you accepted, Rashad.",Edip
12 Quran Study From Behrouz 212 Behrouz's Khutba Edip  Yuksel's Exposure 01 25 1990,https://www.youtube.com/watch?v=jYTRnyx-9L0,00:46:37.008,00:46:40.283,"Dr. Khalifa: So, I said, I said that God is not Omnipotent?
Edip: I asked some questions.",Dr. Khalifa
12 Quran Study From Behrouz 212 Behrouz's Khutba Edip  Yuksel's Exposure 01 25 1990,https://www.youtube.com/watch?v=jYTRnyx-9L0,00:46:40.524,00:46:41.501,Edip: Excuse me?,Edip
12 Quran Study From Behrouz 212 Behrouz's Khutba Edip  Yuksel's Exposure 01 25 1990,https://www.youtube.com/watch?v=jYTRnyx-9L0,00:46:41.501,00:46:44.283,"Dr. Khalifa: You, you, you heard, you heard me say ""God is not Omnipotent.""",Dr. Khalifa
12 Quran Study From Behrouz 212 Behrouz's Khutba Edip  Yuksel's Exposure 01 25 1990,https://www.youtube.com/watch?v=jYTRnyx-9L0,00:46:44.283,00:46:47.788,"Edip: God... no, no, I only, I don't say you didn't say God is...
Dr. Khalifa: No, wait, wait, wait.",Edip
12 Quran Study From Behrouz 212 Behrouz's Khutba Edip  Yuksel's Exposure 01 25 1990,https://www.youtube.com/watch?v=jYTRnyx-9L0,00:46:47.788,00:46:52.366,"Dr. Khalifa: Does anybody in this room believe that God
is not Omnipotent? Raise your hand, please. Anyone?",Dr. Khalifa
12 Quran Study From Behrouz 212 Behrouz's Khutba Edip  Yuksel's Exposure 01 25 1990,https://www.youtube.com/watch?v=jYTRnyx-9L0,00:46:52.366,00:46:54.630,"Edip: I only want...
Dr. Khalifa: Wait, wait. Hold it. Hold it.",Edip
12 Quran Study From Behrouz 212 Behrouz's Khutba Edip  Yuksel's Exposure 01 25 1990,https://www.youtube.com/watch?v=jYTRnyx-9L0,00:46:54.630,00:46:58.255,"Dr. Khalifa: Does anyone in this room believe that God
is not Omnipotent? He is able to do anything.",Dr. Khalifa
12 Quran Study From Behrouz 212 Behrouz's Khutba Edip  Yuksel's Exposure 01 25 1990,https://www.youtube.com/watch?v=jYTRnyx-9L0,00:46:59.120,00:47:00.391,Does anyone here believe that?,Dr. Khalifa
12 Quran Study From Behrouz 212 Behrouz's Khutba Edip  Yuksel's Exposure 01 25 1990,https://www.youtube.com/watch?v=jYTRnyx-9L0,00:47:00.812,00:47:02.689,"Dr. Khalifa: Okay, there's the first issue is finished.",Dr. Khalifa
12 Quran Study From Behrouz 212 Behrouz's Khutba Edip  Yuksel's Exposure 01 25 1990,https://www.youtube.com/watch?v=jYTRnyx-9L0,00:47:02.689,00:47:04.882,"Dr. Khalifa: There is nobody here who does not believe....
Edip: But God is witness, Rashad,",Dr. Khalifa
12 Quran Study From Behrouz 212 Behrouz's Khutba Edip  Yuksel's Exposure 01 25 1990,https://www.youtube.com/watch?v=jYTRnyx-9L0,00:47:04.882,00:47:08.012,"Edip: The only is, is (unintelligible).
Dr. Khalifa: Yes.",Edip
12 Quran Study From Behrouz 212 Behrouz's Khutba Edip  Yuksel's Exposure 01 25 1990,https://www.youtube.com/watch?v=jYTRnyx-9L0,00:47:08.012,00:47:11.846,"Dr. Khalifa: There is nobody in this room who believes
that God is not Omnipotent. So, this is finished.",Dr. Khalifa
12 Quran Study From Behrouz 212 Behrouz's Khutba Edip  Yuksel's Exposure 01 25 1990,https://www.youtube.com/watch?v=jYTRnyx-9L0,00:47:11.846,00:47:18.665,"Edip: What about this God cannot do this, this, without this. If we say God cannot do, even if He wants, cannot do this.",Edip
12 Quran Study From Behrouz 212 Behrouz's Khutba Edip  Yuksel's Exposure 01 25 1990,https://www.youtube.com/watch?v=jYTRnyx-9L0,00:47:18.665,00:47:24.261,"Edip: Isn't this really reduced God's condition,
the Omnipotence of God?",Edip
12 Quran Study From Behrouz 212 Behrouz's Khutba Edip  Yuksel's Exposure 01 25 1990,https://www.youtube.com/watch?v=jYTRnyx-9L0,00:47:24.261,00:47:26.088,"Edip: This contradicts itself.
Dr. Khalifa: No.",Edip
12 Quran Study From Behrouz 212 Behrouz's Khutba Edip  Yuksel's Exposure 01 25 1990,https://www.youtube.com/watch?v=jYTRnyx-9L0,00:47:26.088,00:47:30.000,Dr. Khalifa: You have to go talk to some people who don't believe that is Omnipotent. We all believe God is Omnipotent.,Dr. Khalifa
12 Quran Study From Behrouz 212 Behrouz's Khutba Edip  Yuksel's Exposure 01 25 1990,https://www.youtube.com/watch?v=jYTRnyx-9L0,00:47:30.000,00:47:32.972,"Edip: Okay, can we say God can do whatever He wants?",Edip
12 Quran Study From Behrouz 212 Behrouz's Khutba Edip  Yuksel's Exposure 01 25 1990,https://www.youtube.com/watch?v=jYTRnyx-9L0,00:47:32.972,00:47:33.972,"Dr. Khalifa: Yes.
Edip: God can do?",Dr. Khalifa
12 Quran Study From Behrouz 212 Behrouz's Khutba Edip  Yuksel's Exposure 01 25 1990,https://www.youtube.com/watch?v=jYTRnyx-9L0,00:47:33.972,00:47:35.903,Edip: Alhamdu Lillah. Thank God.,Edip
12 Quran Study From Behrouz 212 Behrouz's Khutba Edip  Yuksel's Exposure 01 25 1990,https://www.youtube.com/watch?v=jYTRnyx-9L0,00:47:35.903,00:47:38.729,"Edip: Please, we erase this, this problem. Ok.",Edip
12 Quran Study From Behrouz 212 Behrouz's Khutba Edip  Yuksel's Exposure 01 25 1990,https://www.youtube.com/watch?v=jYTRnyx-9L0,00:47:39.866,00:47:41.288,Edip: This was the discussion.,Edip
12 Quran Study From Behrouz 212 Behrouz's Khutba Edip  Yuksel's Exposure 01 25 1990,https://www.youtube.com/watch?v=jYTRnyx-9L0,00:47:41.288,00:47:43.529,Dr. Khalifa: This was always the case. It was never otherwise.,Dr. Khalifa
12 Quran Study From Behrouz 212 Behrouz's Khutba Edip  Yuksel's Exposure 01 25 1990,https://www.youtube.com/watch?v=jYTRnyx-9L0,00:47:43.529,00:47:48.817,"A woman: That's right. The rest of us that were at the discussion,
Edip, didn't take it that way at all.",A woman
12 Quran Study From Behrouz 212 Behrouz's Khutba Edip  Yuksel's Exposure 01 25 1990,https://www.youtube.com/watch?v=jYTRnyx-9L0,00:47:48.817,00:47:50.674,"Dr. Khalifa: Go ahead, what was the second point?",Dr. Khalifa
12 Quran Study From Behrouz 212 Behrouz's Khutba Edip  Yuksel's Exposure 01 25 1990,https://www.youtube.com/watch?v=jYTRnyx-9L0,00:47:50.674,00:47:57.772,"Edip: Okay, thank God. Yes, I want to be liar. Really, I want to be, in this case, liar. Because I don't want to make trouble.",Edip
12 Quran Study From Behrouz 212 Behrouz's Khutba Edip  Yuksel's Exposure 01 25 1990,https://www.youtube.com/watch?v=jYTRnyx-9L0,00:47:57.772,00:47:59.675,But God knows. God knows everything.,Edip
12 Quran Study From Behrouz 212 Behrouz's Khutba Edip  Yuksel's Exposure 01 25 1990,https://www.youtube.com/watch?v=jYTRnyx-9L0,00:47:59.675,00:48:05.831,"Edip: IN SHAA ALLAH, even if Rashad said he must repent,
if he doesn't remember, it is better for him.",Edip
12 Quran Study From Behrouz 212 Behrouz's Khutba Edip  Yuksel's Exposure 01 25 1990,https://www.youtube.com/watch?v=jYTRnyx-9L0,00:48:05.831,00:48:09.566,"Edip: But I remember, I heard from my ears, the discussion was about this.
A woman: There were other people there.",Edip
12 Quran Study From Behrouz 212 Behrouz's Khutba Edip  Yuksel's Exposure 01 25 1990,https://www.youtube.com/watch?v=jYTRnyx-9L0,00:48:09.857,00:48:15.402,"Edip: Any, anyway, God needs angels. We cannot say this, IN SHAA ALLAH. That's correct?
A woman: Edip, nobody says you're a liar.",Edip
12 Quran Study From Behrouz 212 Behrouz's Khutba Edip  Yuksel's Exposure 01 25 1990,https://www.youtube.com/watch?v=jYTRnyx-9L0,00:48:15.763,00:48:20.767,Behrouz: But you're missing the point. Let's bring up the subject that we were talking about.,Behrouz
12 Quran Study From Behrouz 212 Behrouz's Khutba Edip  Yuksel's Exposure 01 25 1990,https://www.youtube.com/watch?v=jYTRnyx-9L0,00:48:20.767,00:48:26.211,"Chapter 15, starting from 74 to 78. Just read the whole thing.",Behrouz
12 Quran Study From Behrouz 212 Behrouz's Khutba Edip  Yuksel's Exposure 01 25 1990,https://www.youtube.com/watch?v=jYTRnyx-9L0,00:48:26.512,00:48:33.524,Behrouz: It's gonna tell you that God turned upside down the city of Lot by the angels.,Behrouz
12 Quran Study From Behrouz 212 Behrouz's Khutba Edip  Yuksel's Exposure 01 25 1990,https://www.youtube.com/watch?v=jYTRnyx-9L0,00:48:33.524,00:48:39.436,Behrouz: That is God's system. God's system never change. And that's it. You wanna go into it....,Behrouz
12 Quran Study From Behrouz 212 Behrouz's Khutba Edip  Yuksel's Exposure 01 25 1990,https://www.youtube.com/watch?v=jYTRnyx-9L0,00:48:39.844,00:48:48.766,"Dr. Khalifa: [49:1] O you who believe, do not place your opinion above that of GOD and His messenger. You shall reverence GOD. GOD is Hearer, Omniscient.",Dr. Khalifa
12 Quran Study From Behrouz 212 Behrouz's Khutba Edip  Yuksel's Exposure 01 25 1990,https://www.youtube.com/watch?v=jYTRnyx-9L0,00:48:49.669,00:48:54.197,"[49:2] O you who believe, do not raise your voices above the voice of the prophet, ...",Dr. Khalifa
12 Quran Study From Behrouz 212 Behrouz's Khutba Edip  Yuksel's Exposure 01 25 1990,https://www.youtube.com/watch?v=jYTRnyx-9L0,00:48:54.197,00:48:58.123,"This is the prophet Muhammad, and it is set
as an example for us.",Dr. Khalifa
12 Quran Study From Behrouz 212 Behrouz's Khutba Edip  Yuksel's Exposure 01 25 1990,https://www.youtube.com/watch?v=jYTRnyx-9L0,00:48:58.123,00:49:01.929,"[49:2] ... nor shall you shout at him as you shout at each other, ...",Dr. Khalifa
12 Quran Study From Behrouz 212 Behrouz's Khutba Edip  Yuksel's Exposure 01 25 1990,https://www.youtube.com/watch?v=jYTRnyx-9L0,00:49:02.471,00:49:05.434,Why is God saying this? Why? He tells us why.,Dr. Khalifa
12 Quran Study From Behrouz 212 Behrouz's Khutba Edip  Yuksel's Exposure 01 25 1990,https://www.youtube.com/watch?v=jYTRnyx-9L0,00:49:05.434,00:49:10.805,[49:2] ... lest your works become nullified while you do not perceive.,Dr. Khalifa
12 Quran Study From Behrouz 212 Behrouz's Khutba Edip  Yuksel's Exposure 01 25 1990,https://www.youtube.com/watch?v=jYTRnyx-9L0,00:49:11.688,00:49:15.264,"Why will my work be nullified if I shout at
the messenger?",Dr. Khalifa
12 Quran Study From Behrouz 212 Behrouz's Khutba Edip  Yuksel's Exposure 01 25 1990,https://www.youtube.com/watch?v=jYTRnyx-9L0,00:49:15.264,00:49:20.296,"Or if I raise my opinion above the opinion
of the messenger? How will my work be nullified?",Dr. Khalifa
12 Quran Study From Behrouz 212 Behrouz's Khutba Edip  Yuksel's Exposure 01 25 1990,https://www.youtube.com/watch?v=jYTRnyx-9L0,00:49:20.296,00:49:24.403,"""I Pray five times a day. I Fast the month
of Ramadan. I worship God alone.""",Dr. Khalifa
12 Quran Study From Behrouz 212 Behrouz's Khutba Edip  Yuksel's Exposure 01 25 1990,https://www.youtube.com/watch?v=jYTRnyx-9L0,00:49:24.885,00:49:33.626,"What God is telling me, if you raise, place your opinion above that of God and the messenger, your works are nullified.",Dr. Khalifa
12 Quran Study From Behrouz 212 Behrouz's Khutba Edip  Yuksel's Exposure 01 25 1990,https://www.youtube.com/watch?v=jYTRnyx-9L0,00:49:34.143,00:49:38.679,"How, what is the mechanism of nullifying my works
by doing this?",Dr. Khalifa
12 Quran Study From Behrouz 212 Behrouz's Khutba Edip  Yuksel's Exposure 01 25 1990,https://www.youtube.com/watch?v=jYTRnyx-9L0,00:49:39.341,00:49:40.860,Here's the mechanism.,Dr. Khalifa
12 Quran Study From Behrouz 212 Behrouz's Khutba Edip  Yuksel's Exposure 01 25 1990,https://www.youtube.com/watch?v=jYTRnyx-9L0,00:49:41.281,00:49:46.898,"Because when I do this to the messenger, and
there is an outsider who will come and see this,",Dr. Khalifa
12 Quran Study From Behrouz 212 Behrouz's Khutba Edip  Yuksel's Exposure 01 25 1990,https://www.youtube.com/watch?v=jYTRnyx-9L0,00:49:46.898,00:49:52.547,"now the outsider comes and sees that
one of the closest persons to the messenger is telling him",Dr. Khalifa
12 Quran Study From Behrouz 212 Behrouz's Khutba Edip  Yuksel's Exposure 01 25 1990,https://www.youtube.com/watch?v=jYTRnyx-9L0,00:49:52.547,00:49:57.416,"""you don't believe in God's
Omnipotence. You don't believe that this and that.""",Dr. Khalifa
12 Quran Study From Behrouz 212 Behrouz's Khutba Edip  Yuksel's Exposure 01 25 1990,https://www.youtube.com/watch?v=jYTRnyx-9L0,00:49:57.657,00:50:01.273,"So, the outsider will leave. Okay, and
become a disbeliever, for example.",Dr. Khalifa
12 Quran Study From Behrouz 212 Behrouz's Khutba Edip  Yuksel's Exposure 01 25 1990,https://www.youtube.com/watch?v=jYTRnyx-9L0,00:50:02.116,00:50:07.341,"If I do this and drive the outsider away,
I will carry this person's sins.",Dr. Khalifa
12 Quran Study From Behrouz 212 Behrouz's Khutba Edip  Yuksel's Exposure 01 25 1990,https://www.youtube.com/watch?v=jYTRnyx-9L0,00:50:08.064,00:50:10.001,This is how my works should be nullified.,Dr. Khalifa
12 Quran Study From Behrouz 212 Behrouz's Khutba Edip  Yuksel's Exposure 01 25 1990,https://www.youtube.com/watch?v=jYTRnyx-9L0,00:50:10.964,00:50:12.967,"Why, why is God saying this?",Dr. Khalifa
12 Quran Study From Behrouz 212 Behrouz's Khutba Edip  Yuksel's Exposure 01 25 1990,https://www.youtube.com/watch?v=jYTRnyx-9L0,00:50:13.628,00:50:16.548,"Is, is God advocating idol worship, or what?",Dr. Khalifa
12 Quran Study From Behrouz 212 Behrouz's Khutba Edip  Yuksel's Exposure 01 25 1990,https://www.youtube.com/watch?v=jYTRnyx-9L0,00:50:16.548,00:50:17.948,Of course not.,Dr. Khalifa
12 Quran Study From Behrouz 212 Behrouz's Khutba Edip  Yuksel's Exposure 01 25 1990,https://www.youtube.com/watch?v=jYTRnyx-9L0,00:50:17.948,00:50:19.649,"So, there is a reason for it.",Dr. Khalifa
12 Quran Study From Behrouz 212 Behrouz's Khutba Edip  Yuksel's Exposure 01 25 1990,https://www.youtube.com/watch?v=jYTRnyx-9L0,00:50:19.649,00:50:22.635,"But, see, you see now what the point is.",Dr. Khalifa
12 Quran Study From Behrouz 212 Behrouz's Khutba Edip  Yuksel's Exposure 01 25 1990,https://www.youtube.com/watch?v=jYTRnyx-9L0,00:50:23.117,00:50:29.917,"Edip came to a certain conclusion, and he
made an opinion, and he didn't wanna give it up.",Dr. Khalifa
12 Quran Study From Behrouz 212 Behrouz's Khutba Edip  Yuksel's Exposure 01 25 1990,https://www.youtube.com/watch?v=jYTRnyx-9L0,00:50:30.315,00:50:31.995,Dr. Khalifa: He still doesn't want to give it up.,Dr. Khalifa
12 Quran Study From Behrouz 212 Behrouz's Khutba Edip  Yuksel's Exposure 01 25 1990,https://www.youtube.com/watch?v=jYTRnyx-9L0,00:50:32.236,00:50:38.269,"Edip: I just, Rashad, if this is correct, this is wrong. This is...",Edip
12 Quran Study From Behrouz 212 Behrouz's Khutba Edip  Yuksel's Exposure 01 25 1990,https://www.youtube.com/watch?v=jYTRnyx-9L0,00:50:38.269,00:50:43.033,"Whatever people you ask, if some person, if
any being...",Edip
12 Quran Study From Behrouz 212 Behrouz's Khutba Edip  Yuksel's Exposure 01 25 1990,https://www.youtube.com/watch?v=jYTRnyx-9L0,00:50:43.033,00:50:46.191,"Dr. Khalifa: Okay, you're still on number one. So, let me go to number one.
Edip: (unintelligible)",Dr. Khalifa
12 Quran Study From Behrouz 212 Behrouz's Khutba Edip  Yuksel's Exposure 01 25 1990,https://www.youtube.com/watch?v=jYTRnyx-9L0,00:50:46.191,00:50:46.913,Edip: Yes.,Edip
12 Quran Study From Behrouz 212 Behrouz's Khutba Edip  Yuksel's Exposure 01 25 1990,https://www.youtube.com/watch?v=jYTRnyx-9L0,00:50:46.913,00:50:49.373,Dr. Khalifa: Edip says that I say that God is not Omnipotent.,Dr. Khalifa
12 Quran Study From Behrouz 212 Behrouz's Khutba Edip  Yuksel's Exposure 01 25 1990,https://www.youtube.com/watch?v=jYTRnyx-9L0,00:50:49.373,00:50:51.576,"Dr. Khalifa: Of course, I, I never said that.
Edip: No, no, the second one.",Dr. Khalifa
12 Quran Study From Behrouz 212 Behrouz's Khutba Edip  Yuksel's Exposure 01 25 1990,https://www.youtube.com/watch?v=jYTRnyx-9L0,00:50:51.576,00:50:56.462,"Edip: The second one contradicts God.
Dr. Khalifa: I said that God cannot turn Sodom upside down
without the angels.",Edip
12 Quran Study From Behrouz 212 Behrouz's Khutba Edip  Yuksel's Exposure 01 25 1990,https://www.youtube.com/watch?v=jYTRnyx-9L0,00:50:56.462,00:50:58.024,Dr. Khalifa: Is this what you are saying?,Dr. Khalifa
12 Quran Study From Behrouz 212 Behrouz's Khutba Edip  Yuksel's Exposure 01 25 1990,https://www.youtube.com/watch?v=jYTRnyx-9L0,00:50:58.024,00:50:59.024,Edip: Excuse me?,Edip
12 Quran Study From Behrouz 212 Behrouz's Khutba Edip  Yuksel's Exposure 01 25 1990,https://www.youtube.com/watch?v=jYTRnyx-9L0,00:50:59.024,00:51:03.410,"Edip: If God wants, He is Omnipotent, He can, He can do.
Dr. Khalifa: without angels.",Edip
12 Quran Study From Behrouz 212 Behrouz's Khutba Edip  Yuksel's Exposure 01 25 1990,https://www.youtube.com/watch?v=jYTRnyx-9L0,00:51:03.410,00:51:04.975,Edip: He can do without angels.,Edip
12 Quran Study From Behrouz 212 Behrouz's Khutba Edip  Yuksel's Exposure 01 25 1990,https://www.youtube.com/watch?v=jYTRnyx-9L0,00:51:04.975,00:51:09.105,"Dr. Khalifa: Okay, then let us look at this. Let's see
what God says, and we cannot be more godly than God.",Dr. Khalifa
12 Quran Study From Behrouz 212 Behrouz's Khutba Edip  Yuksel's Exposure 01 25 1990,https://www.youtube.com/watch?v=jYTRnyx-9L0,00:51:09.480,00:51:14.003,"I'm going to use an example that is, that is identical.",Dr. Khalifa
12 Quran Study From Behrouz 212 Behrouz's Khutba Edip  Yuksel's Exposure 01 25 1990,https://www.youtube.com/watch?v=jYTRnyx-9L0,00:51:14.665,00:51:18.976,"And this, God says that the creation of Jesus is like the creation of Adam,",Dr. Khalifa
12 Quran Study From Behrouz 212 Behrouz's Khutba Edip  Yuksel's Exposure 01 25 1990,https://www.youtube.com/watch?v=jYTRnyx-9L0,00:51:18.976,00:51:21.819,equal to the creation of Adam. We're all familiar with this verse.,Dr. Khalifa
12 Quran Study From Behrouz 212 Behrouz's Khutba Edip  Yuksel's Exposure 01 25 1990,https://www.youtube.com/watch?v=jYTRnyx-9L0,00:51:22.360,00:51:24.627,"And then, God goes on in the verse and says, I",Dr. Khalifa
12 Quran Study From Behrouz 212 Behrouz's Khutba Edip  Yuksel's Exposure 01 25 1990,https://www.youtube.com/watch?v=jYTRnyx-9L0,00:51:24.627,00:51:26.627,"[3:59]  ... said to him, ""Be,""and he was.",Dr. Khalifa
12 Quran Study From Behrouz 212 Behrouz's Khutba Edip  Yuksel's Exposure 01 25 1990,https://www.youtube.com/watch?v=jYTRnyx-9L0,00:51:27.035,00:51:34.191,"So, this is how God gets things done. God can get anything done, by saying ""be"", and it is, right?",Dr. Khalifa
12 Quran Study From Behrouz 212 Behrouz's Khutba Edip  Yuksel's Exposure 01 25 1990,https://www.youtube.com/watch?v=jYTRnyx-9L0,00:51:35.124,00:51:42.091,"Yet, we, we look at the Quran consistently about the creation of Adam. We see that God says, I blew into Adam",Dr. Khalifa
12 Quran Study From Behrouz 212 Behrouz's Khutba Edip  Yuksel's Exposure 01 25 1990,https://www.youtube.com/watch?v=jYTRnyx-9L0,00:51:42.091,00:51:43.609,"[15:29]  ... from My spirit, ...",Dr. Khalifa
12 Quran Study From Behrouz 212 Behrouz's Khutba Edip  Yuksel's Exposure 01 25 1990,https://www.youtube.com/watch?v=jYTRnyx-9L0,00:51:43.806,00:51:46.182,Because that was up there in the first heaven.,Dr. Khalifa
12 Quran Study From Behrouz 212 Behrouz's Khutba Edip  Yuksel's Exposure 01 25 1990,https://www.youtube.com/watch?v=jYTRnyx-9L0,00:51:46.784,00:51:51.201,"Adam was up there. God was up there. And God
blew into Adam from His spirit.",Dr. Khalifa
12 Quran Study From Behrouz 212 Behrouz's Khutba Edip  Yuksel's Exposure 01 25 1990,https://www.youtube.com/watch?v=jYTRnyx-9L0,00:51:52.104,00:51:56.443,"Now, the identical creation of Jesus, God said
to Jesus, ""be"", and he was.",Dr. Khalifa
12 Quran Study From Behrouz 212 Behrouz's Khutba Edip  Yuksel's Exposure 01 25 1990,https://www.youtube.com/watch?v=jYTRnyx-9L0,00:51:57.405,00:51:59.285,"God said ""be"" and he was.",Dr. Khalifa
12 Quran Study From Behrouz 212 Behrouz's Khutba Edip  Yuksel's Exposure 01 25 1990,https://www.youtube.com/watch?v=jYTRnyx-9L0,00:51:59.706,00:52:09.731,"But God tells us in the Quran, He sent the
angel to Mary, carrying this command ""to be.""",Dr. Khalifa
12 Quran Study From Behrouz 212 Behrouz's Khutba Edip  Yuksel's Exposure 01 25 1990,https://www.youtube.com/watch?v=jYTRnyx-9L0,00:52:10.152,00:52:12.152,"And, and God speaks in the plural.",Dr. Khalifa
12 Quran Study From Behrouz 212 Behrouz's Khutba Edip  Yuksel's Exposure 01 25 1990,https://www.youtube.com/watch?v=jYTRnyx-9L0,00:52:12.152,00:52:15.296,"Dr. Khalifa: He said, ""we blew into"" Mary ""from our spirit.""",Dr. Khalifa
12 Quran Study From Behrouz 212 Behrouz's Khutba Edip  Yuksel's Exposure 01 25 1990,https://www.youtube.com/watch?v=jYTRnyx-9L0,00:52:15.296,00:52:16.560,"Edip: The question, Rashad. Does He...",Edip
12 Quran Study From Behrouz 212 Behrouz's Khutba Edip  Yuksel's Exposure 01 25 1990,https://www.youtube.com/watch?v=jYTRnyx-9L0,00:52:16.560,00:52:23.014,"Dr. Khalifa: So, therefore, therefore, God is teaching us that there
is a system of be, and it is.",Dr. Khalifa
12 Quran Study From Behrouz 212 Behrouz's Khutba Edip  Yuksel's Exposure 01 25 1990,https://www.youtube.com/watch?v=jYTRnyx-9L0,00:52:23.796,00:52:30.671,"God, God didn't, didn't just sit up there in the first
universe, He said ""be"", and Jesus was.",Dr. Khalifa
12 Quran Study From Behrouz 212 Behrouz's Khutba Edip  Yuksel's Exposure 01 25 1990,https://www.youtube.com/watch?v=jYTRnyx-9L0,00:52:31.393,00:52:38.269,"The mechanism was that the angel Gabriel came down to the planet earth, which cannot stand the physical presence of God,",Dr. Khalifa
12 Quran Study From Behrouz 212 Behrouz's Khutba Edip  Yuksel's Exposure 01 25 1990,https://www.youtube.com/watch?v=jYTRnyx-9L0,00:52:38.269,00:52:40.931,and Gabriel carried that command.,Dr. Khalifa
12 Quran Study From Behrouz 212 Behrouz's Khutba Edip  Yuksel's Exposure 01 25 1990,https://www.youtube.com/watch?v=jYTRnyx-9L0,00:52:42.000,00:52:42.500,"And,",Dr. Khalifa
12 Quran Study From Behrouz 212 Behrouz's Khutba Edip  Yuksel's Exposure 01 25 1990,https://www.youtube.com/watch?v=jYTRnyx-9L0,00:52:42.500,00:52:45.000,"[21:91]  ... we blew into her from our spirit, ...",Dr. Khalifa
12 Quran Study From Behrouz 212 Behrouz's Khutba Edip  Yuksel's Exposure 01 25 1990,https://www.youtube.com/watch?v=jYTRnyx-9L0,00:52:45.000,00:52:45.927,"So, this is the difference.",Dr. Khalifa
12 Quran Study From Behrouz 212 Behrouz's Khutba Edip  Yuksel's Exposure 01 25 1990,https://www.youtube.com/watch?v=jYTRnyx-9L0,00:52:45.927,00:52:55.932,"God tells us about the system. Now, I cannot say that God said, be to Jesus, and Jesus was, without the intervention of the angel.",Dr. Khalifa
12 Quran Study From Behrouz 212 Behrouz's Khutba Edip  Yuksel's Exposure 01 25 1990,https://www.youtube.com/watch?v=jYTRnyx-9L0,00:52:56.353,00:52:58.557,"Dr. Khalifa: I cannot say that, because it will be a lie.",Dr. Khalifa
12 Quran Study From Behrouz 212 Behrouz's Khutba Edip  Yuksel's Exposure 01 25 1990,https://www.youtube.com/watch?v=jYTRnyx-9L0,00:52:58.557,00:52:59.580,A man: Sure.,A man
12 Quran Study From Behrouz 212 Behrouz's Khutba Edip  Yuksel's Exposure 01 25 1990,https://www.youtube.com/watch?v=jYTRnyx-9L0,00:52:59.580,00:53:06.455,"Dr. Khalifa: Satan, when Satan failed to stop you from worshipping
God, he will push you to the other extreme.",Dr. Khalifa
12 Quran Study From Behrouz 212 Behrouz's Khutba Edip  Yuksel's Exposure 01 25 1990,https://www.youtube.com/watch?v=jYTRnyx-9L0,00:53:07.538,00:53:12.365,"He will, he will make you demand of God more than what
God Himself said.",Dr. Khalifa
12 Quran Study From Behrouz 212 Behrouz's Khutba Edip  Yuksel's Exposure 01 25 1990,https://www.youtube.com/watch?v=jYTRnyx-9L0,00:53:14.351,00:53:22.304,"So, this is the situation that we have here. In other words, God said He sent the angel to create Jesus,",Dr. Khalifa
12 Quran Study From Behrouz 212 Behrouz's Khutba Edip  Yuksel's Exposure 01 25 1990,https://www.youtube.com/watch?v=jYTRnyx-9L0,00:53:22.304,00:53:25.013,"and then, we say ""God doesn't need the angels.""",Dr. Khalifa
12 Quran Study From Behrouz 212 Behrouz's Khutba Edip  Yuksel's Exposure 01 25 1990,https://www.youtube.com/watch?v=jYTRnyx-9L0,00:53:25.013,00:53:34.111,"Well, who am I, who am I to decide that? God Himself told us that He sent the angel with the command. These are two identical things.",Dr. Khalifa
12 Quran Study From Behrouz 212 Behrouz's Khutba Edip  Yuksel's Exposure 01 25 1990,https://www.youtube.com/watch?v=jYTRnyx-9L0,00:53:34.111,00:53:39.241,"And you can... God also said He sent the angels
to turn Sodom upside down.",Dr. Khalifa
12 Quran Study From Behrouz 212 Behrouz's Khutba Edip  Yuksel's Exposure 01 25 1990,https://www.youtube.com/watch?v=jYTRnyx-9L0,00:53:39.903,00:53:44.708,"So, I cannot say otherwise. I have to abide by what God said.",Dr. Khalifa
12 Quran Study From Behrouz 212 Behrouz's Khutba Edip  Yuksel's Exposure 01 25 1990,https://www.youtube.com/watch?v=jYTRnyx-9L0,00:53:46.092,00:53:54.532,"If God said He sent the angels to turn it upside down, I can't say that God can sit up there and say ""be"", and it is upside down.",Dr. Khalifa
12 Quran Study From Behrouz 212 Behrouz's Khutba Edip  Yuksel's Exposure 01 25 1990,https://www.youtube.com/watch?v=jYTRnyx-9L0,00:53:55.555,00:53:58.369,"God is teaching us that there is a system,
there is a mechanism.",Dr. Khalifa
12 Quran Study From Behrouz 212 Behrouz's Khutba Edip  Yuksel's Exposure 01 25 1990,https://www.youtube.com/watch?v=jYTRnyx-9L0,00:54:00.000,00:54:04.949,"But the point that Behrouz was talking about
is nullifying our works.",Dr. Khalifa
12 Quran Study From Behrouz 212 Behrouz's Khutba Edip  Yuksel's Exposure 01 25 1990,https://www.youtube.com/watch?v=jYTRnyx-9L0,00:54:05.852,00:54:12.908,"And it brings out this very serious idol worship
that is idolizing our opinion.",Dr. Khalifa
12 Quran Study From Behrouz 212 Behrouz's Khutba Edip  Yuksel's Exposure 01 25 1990,https://www.youtube.com/watch?v=jYTRnyx-9L0,00:54:12.908,00:54:15.690,"We must give up our opinion in favor of God's
opinion.",Dr. Khalifa
12 Quran Study From Behrouz 212 Behrouz's Khutba Edip  Yuksel's Exposure 01 25 1990,https://www.youtube.com/watch?v=jYTRnyx-9L0,00:54:16.111,00:54:22.746,"God said He sent the angel to blow into Mary from, from God's Spirit,",Dr. Khalifa
12 Quran Study From Behrouz 212 Behrouz's Khutba Edip  Yuksel's Exposure 01 25 1990,https://www.youtube.com/watch?v=jYTRnyx-9L0,00:54:22.746,00:54:25.274,"Dr. Khalifa: through the mediation of the angel, we have to believe that.",Dr. Khalifa
12 Quran Study From Behrouz 212 Behrouz's Khutba Edip  Yuksel's Exposure 01 25 1990,https://www.youtube.com/watch?v=jYTRnyx-9L0,00:54:25.274,00:54:28.779,"Edip: Rashad, did I say, please, did I say ""God didn't send angels?""",Edip
12 Quran Study From Behrouz 212 Behrouz's Khutba Edip  Yuksel's Exposure 01 25 1990,https://www.youtube.com/watch?v=jYTRnyx-9L0,00:54:28.779,00:54:31.381,"Did I say ""God doesn't use angels?""",Edip
12 Quran Study From Behrouz 212 Behrouz's Khutba Edip  Yuksel's Exposure 01 25 1990,https://www.youtube.com/watch?v=jYTRnyx-9L0,00:54:31.381,00:54:39.882,"I only say ""God uses angels, but this doesn't
mean God need, needs angels."" God has obligation, needs them.",Edip
12 Quran Study From Behrouz 212 Behrouz's Khutba Edip  Yuksel's Exposure 01 25 1990,https://www.youtube.com/watch?v=jYTRnyx-9L0,00:54:39.882,00:54:43.780,Edip: God doesn't need anybody. But God.... may God selected angels.,Edip
12 Quran Study From Behrouz 212 Behrouz's Khutba Edip  Yuksel's Exposure 01 25 1990,https://www.youtube.com/watch?v=jYTRnyx-9L0,00:54:43.780,00:54:45.000,Dr. Khalifa: What did you say now?,Dr. Khalifa
12 Quran Study From Behrouz 212 Behrouz's Khutba Edip  Yuksel's Exposure 01 25 1990,https://www.youtube.com/watch?v=jYTRnyx-9L0,00:54:45.345,00:54:50.656,"A woman: I think maybe it's different. The difference between the words, God wants to use the angels, and
Edip: Yes.",A woman
12 Quran Study From Behrouz 212 Behrouz's Khutba Edip  Yuksel's Exposure 01 25 1990,https://www.youtube.com/watch?v=jYTRnyx-9L0,00:54:50.656,00:54:53.138,"A woman: God, that God
Edip: (unintelligible)",A woman
12 Quran Study From Behrouz 212 Behrouz's Khutba Edip  Yuksel's Exposure 01 25 1990,https://www.youtube.com/watch?v=jYTRnyx-9L0,00:54:53.138,00:54:58.601,"A woman: won't, maybe God won't control without angels, but it's not that God cannot.",A woman
12 Quran Study From Behrouz 212 Behrouz's Khutba Edip  Yuksel's Exposure 01 25 1990,https://www.youtube.com/watch?v=jYTRnyx-9L0,00:54:58.601,00:55:02.346,"A woman: Do you know what I mean? Like, God can do everything, but God has chosen His system,
Edip: Yes.",A woman
12 Quran Study From Behrouz 212 Behrouz's Khutba Edip  Yuksel's Exposure 01 25 1990,https://www.youtube.com/watch?v=jYTRnyx-9L0,00:55:02.346,00:55:06.018,"A woman: that He will use them.
Dr. Khalifa: Ok. We have a linguist, we have a linguist here.",A woman
12 Quran Study From Behrouz 212 Behrouz's Khutba Edip  Yuksel's Exposure 01 25 1990,https://www.youtube.com/watch?v=jYTRnyx-9L0,00:55:06.018,00:55:08.266,"Dr. Khalifa: What is the difference of ""want"" and ""need"", Martha?",Dr. Khalifa
12 Quran Study From Behrouz 212 Behrouz's Khutba Edip  Yuksel's Exposure 01 25 1990,https://www.youtube.com/watch?v=jYTRnyx-9L0,00:55:09.169,00:55:11.336,Martha: (unintelligible),Martha
12 Quran Study From Behrouz 212 Behrouz's Khutba Edip  Yuksel's Exposure 01 25 1990,https://www.youtube.com/watch?v=jYTRnyx-9L0,00:55:11.336,00:55:14.058,"Dr. Khalifa: No, I want you to answer this first, then go on.",Dr. Khalifa
12 Quran Study From Behrouz 212 Behrouz's Khutba Edip  Yuksel's Exposure 01 25 1990,https://www.youtube.com/watch?v=jYTRnyx-9L0,00:55:14.058,00:55:16.900,"Edip: God wanted this, or God needed this.",Edip
12 Quran Study From Behrouz 212 Behrouz's Khutba Edip  Yuksel's Exposure 01 25 1990,https://www.youtube.com/watch?v=jYTRnyx-9L0,00:55:16.900,00:55:20.271,Martha: (unintelligible) I think we don't need a linguist to answer that question.,Martha
12 Quran Study From Behrouz 212 Behrouz's Khutba Edip  Yuksel's Exposure 01 25 1990,https://www.youtube.com/watch?v=jYTRnyx-9L0,00:55:20.271,00:55:21.970,Dr. Khalifa: OK. Tell us what you think.,Dr. Khalifa
12 Quran Study From Behrouz 212 Behrouz's Khutba Edip  Yuksel's Exposure 01 25 1990,https://www.youtube.com/watch?v=jYTRnyx-9L0,00:55:22.692,00:55:24.692,Martha: (unintelligible) Can I just back up?,Martha
12 Quran Study From Behrouz 212 Behrouz's Khutba Edip  Yuksel's Exposure 01 25 1990,https://www.youtube.com/watch?v=jYTRnyx-9L0,00:55:24.692,00:55:28.678,"Dr. Khalifa: No, just tell us the difference between ""need"" and
""want"", first.",Dr. Khalifa
12 Quran Study From Behrouz 212 Behrouz's Khutba Edip  Yuksel's Exposure 01 25 1990,https://www.youtube.com/watch?v=jYTRnyx-9L0,00:55:28.979,00:55:33.386,"Martha: ""Need"" implies a certain dependency on something else.",Martha
12 Quran Study From Behrouz 212 Behrouz's Khutba Edip  Yuksel's Exposure 01 25 1990,https://www.youtube.com/watch?v=jYTRnyx-9L0,00:55:34.590,00:55:42.007,"Martha: ""Want"" is something that you have a decision about, meaning, you're choosing to do one thing as opposed to another.",Martha
12 Quran Study From Behrouz 212 Behrouz's Khutba Edip  Yuksel's Exposure 01 25 1990,https://www.youtube.com/watch?v=jYTRnyx-9L0,00:55:43.151,00:55:45.000,"Dr. Khalifa: Okay, what's the question?",Dr. Khalifa
12 Quran Study From Behrouz 212 Behrouz's Khutba Edip  Yuksel's Exposure 01 25 1990,https://www.youtube.com/watch?v=jYTRnyx-9L0,00:55:45.662,00:55:48.204,"Martha: I wasn't here for the original thing, right.",Martha
12 Quran Study From Behrouz 212 Behrouz's Khutba Edip  Yuksel's Exposure 01 25 1990,https://www.youtube.com/watch?v=jYTRnyx-9L0,00:55:48.565,00:55:53.274,"Martha: I just have this fear that what's happening is that the devil is just kind of
Dr. Khalifa: Yep.",Martha
12 Quran Study From Behrouz 212 Behrouz's Khutba Edip  Yuksel's Exposure 01 25 1990,https://www.youtube.com/watch?v=jYTRnyx-9L0,00:55:53.274,00:55:59.427,"Martha: getting in between us here based on, on just a real, maybe a misunderstanding.
Dr. Khalifa: Yes.",Martha
12 Quran Study From Behrouz 212 Behrouz's Khutba Edip  Yuksel's Exposure 01 25 1990,https://www.youtube.com/watch?v=jYTRnyx-9L0,00:55:59.427,00:56:00.316,"Dr. Khalifa: Yes.
A woman: No.",Dr. Khalifa
12 Quran Study From Behrouz 212 Behrouz's Khutba Edip  Yuksel's Exposure 01 25 1990,https://www.youtube.com/watch?v=jYTRnyx-9L0,00:56:00.316,00:56:01.039,A man: No.,A man
12 Quran Study From Behrouz 212 Behrouz's Khutba Edip  Yuksel's Exposure 01 25 1990,https://www.youtube.com/watch?v=jYTRnyx-9L0,00:56:01.039,00:56:08.876,"Martha: Are you saying that Rashad said, number one,
two, and the ones that are in black there?",Martha
12 Quran Study From Behrouz 212 Behrouz's Khutba Edip  Yuksel's Exposure 01 25 1990,https://www.youtube.com/watch?v=jYTRnyx-9L0,00:56:08.876,00:56:11.358,Edip: The black is that Rashad said.,Edip
12 Quran Study From Behrouz 212 Behrouz's Khutba Edip  Yuksel's Exposure 01 25 1990,https://www.youtube.com/watch?v=jYTRnyx-9L0,00:56:11.358,00:56:14.201,"Martha: Ok. Wait a second, wait a second, wait a second.
Edip: That (unintelligible) God",Martha
12 Quran Study From Behrouz 212 Behrouz's Khutba Edip  Yuksel's Exposure 01 25 1990,https://www.youtube.com/watch?v=jYTRnyx-9L0,00:56:14.201,00:56:16.003,"Martha: Rashad, did you say those things?
Dr. Khalifa: No.",Martha
12 Quran Study From Behrouz 212 Behrouz's Khutba Edip  Yuksel's Exposure 01 25 1990,https://www.youtube.com/watch?v=jYTRnyx-9L0,00:56:16.003,00:56:17.252,Martha: It's the end.,Martha
12 Quran Study From Behrouz 212 Behrouz's Khutba Edip  Yuksel's Exposure 01 25 1990,https://www.youtube.com/watch?v=jYTRnyx-9L0,00:56:17.252,00:56:25.154,"Edip: You didn't say that God cannot control without angels, cannot do this without angels, Rashad, that day. Lisa, he didn't say this?",Edip
12 Quran Study From Behrouz 212 Behrouz's Khutba Edip  Yuksel's Exposure 01 25 1990,https://www.youtube.com/watch?v=jYTRnyx-9L0,00:56:25.154,00:56:29.279,"Edip: Behrouz, he didn't say this? Thank God. You, you forgot. Alhamdu Lillah.",Edip
12 Quran Study From Behrouz 212 Behrouz's Khutba Edip  Yuksel's Exposure 01 25 1990,https://www.youtube.com/watch?v=jYTRnyx-9L0,00:56:29.279,00:56:30.323,Edip: I will foget.,Edip
12 Quran Study From Behrouz 212 Behrouz's Khutba Edip  Yuksel's Exposure 01 25 1990,https://www.youtube.com/watch?v=jYTRnyx-9L0,00:56:30.323,00:56:32.008,"Behrouz: That is God...
Dr. Khalifa: No, we didn't forget.",Behrouz
12 Quran Study From Behrouz 212 Behrouz's Khutba Edip  Yuksel's Exposure 01 25 1990,https://www.youtube.com/watch?v=jYTRnyx-9L0,00:56:32.008,00:56:33.332,A woman: Edip.,A woman
12 Quran Study From Behrouz 212 Behrouz's Khutba Edip  Yuksel's Exposure 01 25 1990,https://www.youtube.com/watch?v=jYTRnyx-9L0,00:56:33.332,00:56:35.332,A woman: You're the only one that is saying that.,A woman
12 Quran Study From Behrouz 212 Behrouz's Khutba Edip  Yuksel's Exposure 01 25 1990,https://www.youtube.com/watch?v=jYTRnyx-9L0,00:56:35.332,00:56:36.369,"Dr. Khalifa: Ahmad.
Mahmood Abib: (unintelligible)",Dr. Khalifa
12 Quran Study From Behrouz 212 Behrouz's Khutba Edip  Yuksel's Exposure 01 25 1990,https://www.youtube.com/watch?v=jYTRnyx-9L0,00:56:36.369,00:56:43.531,"Ahmad: There is another Aya in the Quran that says
that God wants all the big people to believe, He can do it, right?",Ahmad
12 Quran Study From Behrouz 212 Behrouz's Khutba Edip  Yuksel's Exposure 01 25 1990,https://www.youtube.com/watch?v=jYTRnyx-9L0,00:56:43.531,00:56:47.457,"Ahmad: So, there is a big difference between me and God.
Edip: Sure. Mã Shã Allãh.",Ahmad
12 Quran Study From Behrouz 212 Behrouz's Khutba Edip  Yuksel's Exposure 01 25 1990,https://www.youtube.com/watch?v=jYTRnyx-9L0,00:56:47.457,00:56:52.526,"Ahmad: So, be careful. He can want, He can, He can do all of these things without angels,",Ahmad
12 Quran Study From Behrouz 212 Behrouz's Khutba Edip  Yuksel's Exposure 01 25 1990,https://www.youtube.com/watch?v=jYTRnyx-9L0,00:56:52.526,00:56:57.174,"Ahmad: but His system specifies angels to do this.
A woman: Sure He can.",Ahmad
12 Quran Study From Behrouz 212 Behrouz's Khutba Edip  Yuksel's Exposure 01 25 1990,https://www.youtube.com/watch?v=jYTRnyx-9L0,00:56:57.174,00:56:58.860,"Ahmad: And to do that, and to do that.",Ahmad
12 Quran Study From Behrouz 212 Behrouz's Khutba Edip  Yuksel's Exposure 01 25 1990,https://www.youtube.com/watch?v=jYTRnyx-9L0,00:56:58.860,00:57:01.691,Dr. Khalifa: This is exactly what we were saying. That's what I said.,Dr. Khalifa
12 Quran Study From Behrouz 212 Behrouz's Khutba Edip  Yuksel's Exposure 01 25 1990,https://www.youtube.com/watch?v=jYTRnyx-9L0,00:57:02.515,00:57:03.015,Dr. Khalifa: Yes.,Dr. Khalifa
12 Quran Study From Behrouz 212 Behrouz's Khutba Edip  Yuksel's Exposure 01 25 1990,https://www.youtube.com/watch?v=jYTRnyx-9L0,00:57:03.015,00:57:08.748,"A man: I think the whole problem, the whole problem with everything that's being said is that everybody in this room believes number one.",A man
12 Quran Study From Behrouz 212 Behrouz's Khutba Edip  Yuksel's Exposure 01 25 1990,https://www.youtube.com/watch?v=jYTRnyx-9L0,00:57:08.748,00:57:09.831,A man: Everybody does.,A man
12 Quran Study From Behrouz 212 Behrouz's Khutba Edip  Yuksel's Exposure 01 25 1990,https://www.youtube.com/watch?v=jYTRnyx-9L0,00:57:09.831,00:57:12.539,"Edip: You don't believe number 2, number 2?",Edip
12 Quran Study From Behrouz 212 Behrouz's Khutba Edip  Yuksel's Exposure 01 25 1990,https://www.youtube.com/watch?v=jYTRnyx-9L0,00:57:12.539,00:57:14.359,"A man: Hold on, hold on, hold on, hold on, hold on.",A man
12 Quran Study From Behrouz 212 Behrouz's Khutba Edip  Yuksel's Exposure 01 25 1990,https://www.youtube.com/watch?v=jYTRnyx-9L0,00:57:14.359,00:57:22.137,"A man: So then words, so then verbs like, verbs like we use, can, or need, or has to, they don't, they don't apply.",A man
12 Quran Study From Behrouz 212 Behrouz's Khutba Edip  Yuksel's Exposure 01 25 1990,https://www.youtube.com/watch?v=jYTRnyx-9L0,00:57:22.137,00:57:26.846,"A man: They don't, you just can't, you can't say, like Rashad said,....",A man
12 Quran Study From Behrouz 212 Behrouz's Khutba Edip  Yuksel's Exposure 01 25 1990,https://www.youtube.com/watch?v=jYTRnyx-9L0,00:57:30.879,00:57:36.430,"A man: ....God in a different way, or can do things, or needs to do things. These are verbs that we don't apply to God.",A man
12 Quran Study From Behrouz 212 Behrouz's Khutba Edip  Yuksel's Exposure 01 25 1990,https://www.youtube.com/watch?v=jYTRnyx-9L0,00:57:36.851,00:57:39.846,"A woman: I don't think any of this (unintelligible)
Edip: Okay.",A woman
12 Quran Study From Behrouz 212 Behrouz's Khutba Edip  Yuksel's Exposure 01 25 1990,https://www.youtube.com/watch?v=jYTRnyx-9L0,00:57:39.846,00:57:47.443,"Edip: This was the discussion, this was the discussion, and many times has been used word can. You can't call...
A woman: Edip, don't, don't allow the devil to continue...",Edip
12 Quran Study From Behrouz 212 Behrouz's Khutba Edip  Yuksel's Exposure 01 25 1990,https://www.youtube.com/watch?v=jYTRnyx-9L0,00:57:47.443,00:57:49.142,"Edip: Alhamdu Lillah.
A woman: Because",Edip
12 Quran Study From Behrouz 212 Behrouz's Khutba Edip  Yuksel's Exposure 01 25 1990,https://www.youtube.com/watch?v=jYTRnyx-9L0,00:57:49.142,00:57:51.687,"A woman: No, but (unintelligible) we're all worried, right?",A woman
12 Quran Study From Behrouz 212 Behrouz's Khutba Edip  Yuksel's Exposure 01 25 1990,https://www.youtube.com/watch?v=jYTRnyx-9L0,00:57:51.687,00:57:55.479,"Dr. Khalifa: Right. You hit the nail on the head.
Apamea: (unintelligible) Edip (unintelligible)",Dr. Khalifa
12 Quran Study From Behrouz 212 Behrouz's Khutba Edip  Yuksel's Exposure 01 25 1990,https://www.youtube.com/watch?v=jYTRnyx-9L0,00:57:55.479,00:57:58.923,Apamea: Okay. And there are many people here that cannot speak it. And it's...,Apamea
12 Quran Study From Behrouz 212 Behrouz's Khutba Edip  Yuksel's Exposure 01 25 1990,https://www.youtube.com/watch?v=jYTRnyx-9L0,00:57:58.923,00:58:03.558,"Apamea: his people, does he believe, are his brothers, turn against him.",Apamea
12 Quran Study From Behrouz 212 Behrouz's Khutba Edip  Yuksel's Exposure 01 25 1990,https://www.youtube.com/watch?v=jYTRnyx-9L0,00:58:03.558,00:58:06.401,"A woman: Nobody is turning against him. (unintelligible)
Behrouz: No one is turn against him.",A woman
12 Quran Study From Behrouz 212 Behrouz's Khutba Edip  Yuksel's Exposure 01 25 1990,https://www.youtube.com/watch?v=jYTRnyx-9L0,00:58:06.401,00:58:15.124,"Behrouz: No one is racing with him. He's making up these things. I am not racing with him. None of us over here, we're racing with him.",Behrouz
12 Quran Study From Behrouz 212 Behrouz's Khutba Edip  Yuksel's Exposure 01 25 1990,https://www.youtube.com/watch?v=jYTRnyx-9L0,00:58:15.124,00:58:16.748,Apamea: Edip is not the kind of,Apamea
12 Quran Study From Behrouz 212 Behrouz's Khutba Edip  Yuksel's Exposure 01 25 1990,https://www.youtube.com/watch?v=jYTRnyx-9L0,00:58:16.748,00:58:18.748,"Edip: Okay, Rashad, what is the...
Apamea: (unintelligible)",Edip
12 Quran Study From Behrouz 212 Behrouz's Khutba Edip  Yuksel's Exposure 01 25 1990,https://www.youtube.com/watch?v=jYTRnyx-9L0,00:58:18.748,00:58:21.530,"Dr. Khalifa: Edip has a severe problem, and we're trying
to help him.",Dr. Khalifa
12 Quran Study From Behrouz 212 Behrouz's Khutba Edip  Yuksel's Exposure 01 25 1990,https://www.youtube.com/watch?v=jYTRnyx-9L0,00:58:21.530,00:58:22.880,"A man: Yeah.
Behrouz: That's all.",A man
12 Quran Study From Behrouz 212 Behrouz's Khutba Edip  Yuksel's Exposure 01 25 1990,https://www.youtube.com/watch?v=jYTRnyx-9L0,00:58:22.880,00:58:26.746,"Dr. Khalifa: We are his brothers, we are his brothers and sisters, and we're trying to help him.",Dr. Khalifa
12 Quran Study From Behrouz 212 Behrouz's Khutba Edip  Yuksel's Exposure 01 25 1990,https://www.youtube.com/watch?v=jYTRnyx-9L0,00:58:26.746,00:58:28.084,"Dr. Khalifa: He has, he has a real,
Edip: Rashad, why don't you...",Dr. Khalifa
12 Quran Study From Behrouz 212 Behrouz's Khutba Edip  Yuksel's Exposure 01 25 1990,https://www.youtube.com/watch?v=jYTRnyx-9L0,00:58:28.084,00:58:31.784,"Dr. Khalifa: he has a severe, has a very severer problem that
Edip: in the last, in the last question, my last question.",Dr. Khalifa
12 Quran Study From Behrouz 212 Behrouz's Khutba Edip  Yuksel's Exposure 01 25 1990,https://www.youtube.com/watch?v=jYTRnyx-9L0,00:58:31.784,00:58:36.075,"Dr. Khalifa: that may destroy...
Edip: I shouted at you, Rashad, please.
Apamea: He, he needed to know that he heard the word (unintelligible).",Dr. Khalifa
12 Quran Study From Behrouz 212 Behrouz's Khutba Edip  Yuksel's Exposure 01 25 1990,https://www.youtube.com/watch?v=jYTRnyx-9L0,00:58:36.075,00:58:42.710,"Behrouz: Now, the one thing happened. Wait, wait. How come Ismail Barakat does not have any linguistic problem?",Behrouz
12 Quran Study From Behrouz 212 Behrouz's Khutba Edip  Yuksel's Exposure 01 25 1990,https://www.youtube.com/watch?v=jYTRnyx-9L0,00:58:42.710,00:58:47.238,"Behrouz: His English is perfect. He understood it, and he repented. He said ""I'm sorry.""",Behrouz
12 Quran Study From Behrouz 212 Behrouz's Khutba Edip  Yuksel's Exposure 01 25 1990,https://www.youtube.com/watch?v=jYTRnyx-9L0,00:58:47.238,00:58:49.841,"Edip: No, he all didn't accept it.",Edip
12 Quran Study From Behrouz 212 Behrouz's Khutba Edip  Yuksel's Exposure 01 25 1990,https://www.youtube.com/watch?v=jYTRnyx-9L0,00:58:49.841,00:58:51.586,"Edip: You can, in fact, you cannot use
Behrouz: Come on. (unintelligible)",Edip
12 Quran Study From Behrouz 212 Behrouz's Khutba Edip  Yuksel's Exposure 01 25 1990,https://www.youtube.com/watch?v=jYTRnyx-9L0,00:58:51.586,00:58:54.489,"Edip: ""God cannot do this.""
Behrouz: He, at latest, he said ""I'm sorry""",Edip
12 Quran Study From Behrouz 212 Behrouz's Khutba Edip  Yuksel's Exposure 01 25 1990,https://www.youtube.com/watch?v=jYTRnyx-9L0,00:58:54.489,00:58:57.573,"Edip: Oh, he did not, he actually shouted at messenger.",Edip
12 Quran Study From Behrouz 212 Behrouz's Khutba Edip  Yuksel's Exposure 01 25 1990,https://www.youtube.com/watch?v=jYTRnyx-9L0,00:58:57.573,00:58:58.957,"Behrouz: Well, his English is perfect.",Behrouz
12 Quran Study From Behrouz 212 Behrouz's Khutba Edip  Yuksel's Exposure 01 25 1990,https://www.youtube.com/watch?v=jYTRnyx-9L0,00:58:58.957,00:59:02.101,"Dr. Khalifa: Well, he shouts at everybody. Ok, the man is...
Edip: But he discussed...",Dr. Khalifa
12 Quran Study From Behrouz 212 Behrouz's Khutba Edip  Yuksel's Exposure 01 25 1990,https://www.youtube.com/watch?v=jYTRnyx-9L0,00:59:02.823,00:59:04.462,"Edip: Rashad, one question.
Dr. Khalifa: Yes.",Edip
12 Quran Study From Behrouz 212 Behrouz's Khutba Edip  Yuksel's Exposure 01 25 1990,https://www.youtube.com/watch?v=jYTRnyx-9L0,00:59:04.462,00:59:07.418,"Edip: Why don't you worry about this brother?
Dr. Khalifa: It was (unintelligible)",Edip
12 Quran Study From Behrouz 212 Behrouz's Khutba Edip  Yuksel's Exposure 01 25 1990,https://www.youtube.com/watch?v=jYTRnyx-9L0,00:59:07.418,00:59:12.833,"Edip: You're worried about me because I shouted at
you because I may misunderstand,",Edip
12 Quran Study From Behrouz 212 Behrouz's Khutba Edip  Yuksel's Exposure 01 25 1990,https://www.youtube.com/watch?v=jYTRnyx-9L0,00:59:12.833,00:59:15.000,"Edip: I may understand according to Quran, I see....",Edip
12 Quran Study From Behrouz 212 Behrouz's Khutba Edip  Yuksel's Exposure 01 25 1990,https://www.youtube.com/watch?v=jYTRnyx-9L0,00:59:15.000,00:59:18.626,"Dr. Khalifa: No, I worry about you because you worship your opinion to the point of
Edip: Ok. Now,",Dr. Khalifa
12 Quran Study From Behrouz 212 Behrouz's Khutba Edip  Yuksel's Exposure 01 25 1990,https://www.youtube.com/watch?v=jYTRnyx-9L0,00:59:18.626,00:59:21.770,"Dr. Khalifa: destroying you. Dr. Sabahi wants to say something.
Edip: That question. That brother...",Dr. Khalifa
12 Quran Study From Behrouz 212 Behrouz's Khutba Edip  Yuksel's Exposure 01 25 1990,https://www.youtube.com/watch?v=jYTRnyx-9L0,00:59:21.770,00:59:23.200,"Edip: Excuse me, only this part is not good.",Edip
12 Quran Study From Behrouz 212 Behrouz's Khutba Edip  Yuksel's Exposure 01 25 1990,https://www.youtube.com/watch?v=jYTRnyx-9L0,00:59:23.200,00:59:28.596,Edip: Did you say that God did not create hydrogen? Did you say that day? God is witness.,Edip
12 Quran Study From Behrouz 212 Behrouz's Khutba Edip  Yuksel's Exposure 01 25 1990,https://www.youtube.com/watch?v=jYTRnyx-9L0,00:59:28.596,00:59:34.268,"Behrouz: Edip, JAN, you were telling me millions of
crazy things. You brought it from your mind. I don't know where.
Edip: Did you say? Yes or no? You said things and (unintelligible)",Behrouz
12 Quran Study From Behrouz 212 Behrouz's Khutba Edip  Yuksel's Exposure 01 25 1990,https://www.youtube.com/watch?v=jYTRnyx-9L0,00:59:34.268,00:59:38.659,"Edip: Rashad warned me, but you said ""God cannot
create, He didn't create hydrogen.""",Edip
12 Quran Study From Behrouz 212 Behrouz's Khutba Edip  Yuksel's Exposure 01 25 1990,https://www.youtube.com/watch?v=jYTRnyx-9L0,00:59:38.659,00:59:43.511,"Dr. Khalifa: Nobody will say that, Edip. Nobody will say that. Nobody will say that.
Edip: I know you. You are... He said, he said, you said.",Dr. Khalifa
12 Quran Study From Behrouz 212 Behrouz's Khutba Edip  Yuksel's Exposure 01 25 1990,https://www.youtube.com/watch?v=jYTRnyx-9L0,00:59:43.511,00:59:46.760,"Dr. Khalifa: You thought he said. You thought he said that.
Behrouz: The only reason I'm worried about you",Dr. Khalifa
12 Quran Study From Behrouz 212 Behrouz's Khutba Edip  Yuksel's Exposure 01 25 1990,https://www.youtube.com/watch?v=jYTRnyx-9L0,00:59:46.760,00:59:48.204,Behrouz: is because I love you.,Behrouz
12 Quran Study From Behrouz 212 Behrouz's Khutba Edip  Yuksel's Exposure 01 25 1990,https://www.youtube.com/watch?v=jYTRnyx-9L0,00:59:48.204,00:59:49.783,"Dr. Khalifa: God created everything.
Edip: Gid is witness. Don't you lie.",Dr. Khalifa
12 Quran Study From Behrouz 212 Behrouz's Khutba Edip  Yuksel's Exposure 01 25 1990,https://www.youtube.com/watch?v=jYTRnyx-9L0,00:59:50.084,00:59:52.385,"Behrouz: I love you and I know you know a lot.
Edip: Did you say...",Behrouz
12 Quran Study From Behrouz 212 Behrouz's Khutba Edip  Yuksel's Exposure 01 25 1990,https://www.youtube.com/watch?v=jYTRnyx-9L0,00:59:52.385,00:59:55.408,"Behrouz: I sit over there, I ask you all the Arabic.
Edip: Did he say it or not?",Behrouz
12 Quran Study From Behrouz 212 Behrouz's Khutba Edip  Yuksel's Exposure 01 25 1990,https://www.youtube.com/watch?v=jYTRnyx-9L0,00:59:55.408,00:59:57.408,"Dr. Khalifa: No, he did not. I was there.",Dr. Khalifa
12 Quran Study From Behrouz 212 Behrouz's Khutba Edip  Yuksel's Exposure 01 25 1990,https://www.youtube.com/watch?v=jYTRnyx-9L0,00:59:57.408,01:00:00.000,"Edip: Please, for the (unintelligible) of God.",Edip
12 Quran Study From Behrouz 212 Behrouz's Khutba Edip  Yuksel's Exposure 01 25 1990,https://www.youtube.com/watch?v=jYTRnyx-9L0,01:00:00.000,01:00:00.861,A man: Edip wants to know...,A man
12 Quran Study From Behrouz 212 Behrouz's Khutba Edip  Yuksel's Exposure 01 25 1990,https://www.youtube.com/watch?v=jYTRnyx-9L0,01:00:00.861,01:00:05.297,"Dr. Khalifa: There's a statement in the Quran. Hold it. Okay, Muhtesem.",Dr. Khalifa
12 Quran Study From Behrouz 212 Behrouz's Khutba Edip  Yuksel's Exposure 01 25 1990,https://www.youtube.com/watch?v=jYTRnyx-9L0,01:00:05.297,01:00:08.618,"Edip: I give up. I lied.
Dr. Khalifa: Muhtesem. Edip, Edip.",Edip
12 Quran Study From Behrouz 212 Behrouz's Khutba Edip  Yuksel's Exposure 01 25 1990,https://www.youtube.com/watch?v=jYTRnyx-9L0,01:00:08.919,01:00:10.484,"Dr. Khalifa: Edip, Behrouz.
Apamea (Speaking Farsi): Edip, be quiet.",Dr. Khalifa
12 Quran Study From Behrouz 212 Behrouz's Khutba Edip  Yuksel's Exposure 01 25 1990,https://www.youtube.com/watch?v=jYTRnyx-9L0,01:00:10.484,01:00:11.854,"Dr. Khalifa: There's a statement in the Quran says,",Dr. Khalifa
12 Quran Study From Behrouz 212 Behrouz's Khutba Edip  Yuksel's Exposure 01 25 1990,https://www.youtube.com/watch?v=jYTRnyx-9L0,01:00:11.854,01:00:13.359,(39:62) ٱللَّهُ خَـٰلِقُ كُلِّ شَىْءٍۢ,Dr. Khalifa
12 Quran Study From Behrouz 212 Behrouz's Khutba Edip  Yuksel's Exposure 01 25 1990,https://www.youtube.com/watch?v=jYTRnyx-9L0,01:00:13.359,01:00:14.058,Okay?,Dr. Khalifa
12 Quran Study From Behrouz 212 Behrouz's Khutba Edip  Yuksel's Exposure 01 25 1990,https://www.youtube.com/watch?v=jYTRnyx-9L0,01:00:14.058,01:00:16.016,God is the Creator of all things.,Dr. Khalifa
12 Quran Study From Behrouz 212 Behrouz's Khutba Edip  Yuksel's Exposure 01 25 1990,https://www.youtube.com/watch?v=jYTRnyx-9L0,01:00:16.377,01:00:18.859,"Dr. Khalifa: Everybody believes that. We all believe that.
Edip: Subhan Allah. Mã Shã Allãh.",Dr. Khalifa
12 Quran Study From Behrouz 212 Behrouz's Khutba Edip  Yuksel's Exposure 01 25 1990,https://www.youtube.com/watch?v=jYTRnyx-9L0,01:00:18.859,01:00:21.396,"Edip: God is witness, he said this.
Dr. Khalifa: You think He said this.",Edip
12 Quran Study From Behrouz 212 Behrouz's Khutba Edip  Yuksel's Exposure 01 25 1990,https://www.youtube.com/watch?v=jYTRnyx-9L0,01:00:21.396,01:00:24.855,"Edip: No, he said. From his face, you understand he's lying now.",Edip
12 Quran Study From Behrouz 212 Behrouz's Khutba Edip  Yuksel's Exposure 01 25 1990,https://www.youtube.com/watch?v=jYTRnyx-9L0,01:00:24.855,01:00:32.874,"Behrouz: No, I'm not lying. You said, you said, ""God..."", you said ""God create everything from nothing.""",Behrouz
12 Quran Study From Behrouz 212 Behrouz's Khutba Edip  Yuksel's Exposure 01 25 1990,https://www.youtube.com/watch?v=jYTRnyx-9L0,01:00:32.874,01:00:37.650,"And I said ""so if something created from nothing,
that must be nothing."" That was your reason.",Behrouz
12 Quran Study From Behrouz 212 Behrouz's Khutba Edip  Yuksel's Exposure 01 25 1990,https://www.youtube.com/watch?v=jYTRnyx-9L0,01:00:37.650,01:00:40.774,"Dr. Khalifa: Yes.
Behrouz: Did you understand it? So, ""God is nothing.""",Dr. Khalifa
12 Quran Study From Behrouz 212 Behrouz's Khutba Edip  Yuksel's Exposure 01 25 1990,https://www.youtube.com/watch?v=jYTRnyx-9L0,01:00:40.774,01:00:42.486,"Behrouz: You, you said ""God is nothing.""",Behrouz
12 Quran Study From Behrouz 212 Behrouz's Khutba Edip  Yuksel's Exposure 01 25 1990,https://www.youtube.com/watch?v=jYTRnyx-9L0,01:00:42.486,01:00:43.329,Edip: No.,Edip
12 Quran Study From Behrouz 212 Behrouz's Khutba Edip  Yuksel's Exposure 01 25 1990,https://www.youtube.com/watch?v=jYTRnyx-9L0,01:00:43.329,01:00:44.306,Dr. Khalifa: See?,Dr. Khalifa
12 Quran Study From Behrouz 212 Behrouz's Khutba Edip  Yuksel's Exposure 01 25 1990,https://www.youtube.com/watch?v=jYTRnyx-9L0,01:00:44.306,01:00:45.000,Behrouz: Come on.,Behrouz
12 Quran Study From Behrouz 212 Behrouz's Khutba Edip  Yuksel's Exposure 01 25 1990,https://www.youtube.com/watch?v=jYTRnyx-9L0,01:00:45.000,01:00:48.083,"Dr. Khalifa: It's the same... It's the same problem.
Behrouz: Everybody is witness (unintelligible) It's the same thing.",Dr. Khalifa
12 Quran Study From Behrouz 212 Behrouz's Khutba Edip  Yuksel's Exposure 01 25 1990,https://www.youtube.com/watch?v=jYTRnyx-9L0,01:00:48.456,01:00:52.179,"Dr. Khalifa: You can, you can take a statement out of context.",Dr. Khalifa
12 Quran Study From Behrouz 212 Behrouz's Khutba Edip  Yuksel's Exposure 01 25 1990,https://www.youtube.com/watch?v=jYTRnyx-9L0,01:00:52.480,01:00:55.022,"Behrouz: I don't understand (unintelligible)
Dr. Khalifa: Dr. Sabahi.",Behrouz
12 Quran Study From Behrouz 212 Behrouz's Khutba Edip  Yuksel's Exposure 01 25 1990,https://www.youtube.com/watch?v=jYTRnyx-9L0,01:00:55.022,01:01:02.272,"Apamea: It's just a misunderstanding of the words. We all agree that the black things they are not correct. And whoever,
Edip: Alhamdu Lillah. There's no problem.",Apamea
12 Quran Study From Behrouz 212 Behrouz's Khutba Edip  Yuksel's Exposure 01 25 1990,https://www.youtube.com/watch?v=jYTRnyx-9L0,01:01:02.272,01:01:07.796,"Apamea: Someone here heard it wrong or used the wrong vocabulary, but we all agree that the black is not right.",Apamea
12 Quran Study From Behrouz 212 Behrouz's Khutba Edip  Yuksel's Exposure 01 25 1990,https://www.youtube.com/watch?v=jYTRnyx-9L0,01:01:07.796,01:01:12.264,"Apamea: And that the red is in the Quran
and it's the right thing. So, we all agree.
Dr. Khalifa: Right. Mã Shã Allãh.",Apamea
12 Quran Study From Behrouz 212 Behrouz's Khutba Edip  Yuksel's Exposure 01 25 1990,https://www.youtube.com/watch?v=jYTRnyx-9L0,01:01:13.107,01:01:14.541,Dr. Khalifa: Dr. Sabahi.,Dr. Khalifa
12 Quran Study From Behrouz 212 Behrouz's Khutba Edip  Yuksel's Exposure 01 25 1990,https://www.youtube.com/watch?v=jYTRnyx-9L0,01:01:15.805,01:01:20.213,Dr. Sabahi: I wanna read Sura 114,Dr. Sabahi
12 Quran Study From Behrouz 212 Behrouz's Khutba Edip  Yuksel's Exposure 01 25 1990,https://www.youtube.com/watch?v=jYTRnyx-9L0,01:01:20.815,01:01:23.039,أعوذ بِٱللَّهِ مِنَ ٱلشَّيْطَـٰنِ ٱلرَّجِيمِ,Dr. Sabahi
12 Quran Study From Behrouz 212 Behrouz's Khutba Edip  Yuksel's Exposure 01 25 1990,https://www.youtube.com/watch?v=jYTRnyx-9L0,01:01:23.039,01:01:24.845,Bism Allah Arrahman Arraheem,Dr. Sabahi
12 Quran Study From Behrouz 212 Behrouz's Khutba Edip  Yuksel's Exposure 01 25 1990,https://www.youtube.com/watch?v=jYTRnyx-9L0,01:01:24.845,01:01:28.170,"[114:1] Say, ""I seek refuge in the Lord of the people.",Dr. Sabahi
12 Quran Study From Behrouz 212 Behrouz's Khutba Edip  Yuksel's Exposure 01 25 1990,https://www.youtube.com/watch?v=jYTRnyx-9L0,01:01:28.170,01:01:30.000,"[114:2] ""The King of the people.",Dr. Sabahi
12 Quran Study From Behrouz 212 Behrouz's Khutba Edip  Yuksel's Exposure 01 25 1990,https://www.youtube.com/watch?v=jYTRnyx-9L0,01:01:30.000,01:01:31.518,"[114:3] ""The god of the people.",Dr. Sabahi
12 Quran Study From Behrouz 212 Behrouz's Khutba Edip  Yuksel's Exposure 01 25 1990,https://www.youtube.com/watch?v=jYTRnyx-9L0,01:01:33.888,01:01:36.492,"[114:4] ""From the evils of sneaky whisperers.",Dr. Sabahi
12 Quran Study From Behrouz 212 Behrouz's Khutba Edip  Yuksel's Exposure 01 25 1990,https://www.youtube.com/watch?v=jYTRnyx-9L0,01:01:37.094,01:01:40.779,"[114:5] ""Who whisper into the chests of the people.",Dr. Sabahi
12 Quran Study From Behrouz 212 Behrouz's Khutba Edip  Yuksel's Exposure 01 25 1990,https://www.youtube.com/watch?v=jYTRnyx-9L0,01:01:41.261,01:01:44.016,"[114:6] ""Be they of the jinns, or the people.""",Dr. Sabahi
12 Quran Study From Behrouz 212 Behrouz's Khutba Edip  Yuksel's Exposure 01 25 1990,https://www.youtube.com/watch?v=jYTRnyx-9L0,01:01:44.016,01:01:47.160,I just speak in interpretation for yourself.,Dr. Sabahi
12 Quran Study From Behrouz 212 Behrouz's Khutba Edip  Yuksel's Exposure 01 25 1990,https://www.youtube.com/watch?v=jYTRnyx-9L0,01:01:47.642,01:01:57.887,"I was the teacher last Friday. And I read verse 110, Sura 3.",Dr. Sabahi
12 Quran Study From Behrouz 212 Behrouz's Khutba Edip  Yuksel's Exposure 01 25 1990,https://www.youtube.com/watch?v=jYTRnyx-9L0,01:01:57.887,01:01:59.887,The Best Community.,Dr. Sabahi
12 Quran Study From Behrouz 212 Behrouz's Khutba Edip  Yuksel's Exposure 01 25 1990,https://www.youtube.com/watch?v=jYTRnyx-9L0,01:02:00.000,01:02:03.384,"And then, I referred you to verse 103.",Dr. Sabahi
12 Quran Study From Behrouz 212 Behrouz's Khutba Edip  Yuksel's Exposure 01 25 1990,https://www.youtube.com/watch?v=jYTRnyx-9L0,01:02:03.384,01:02:25.246,"[3:103] You shall hold fast to the rope of GOD, all of you, and do not be divided. Recall GOD's blessings upon you—you used to be enemies and He reconciled your hearts. By His grace, you became brethren. You were at the brink of a pit of fire, and He saved you. GOD thus explains His revelations for you, that you may be guided.",Dr. Sabahi
12 Quran Study From Behrouz 212 Behrouz's Khutba Edip  Yuksel's Exposure 01 25 1990,https://www.youtube.com/watch?v=jYTRnyx-9L0,01:02:25.487,01:02:33.747,"[3:104] Let there be a community of you who invite to goodness, advocate righteousness, and forbid evil. These are the successful ones.",Dr. Sabahi
12 Quran Study From Behrouz 212 Behrouz's Khutba Edip  Yuksel's Exposure 01 25 1990,https://www.youtube.com/watch?v=jYTRnyx-9L0,01:02:33.988,01:02:43.090,"[3:105] Do not be like those who became divided and disputed, despite the clear proofs that comes to them. These have incurred a terrible retribution.",Dr. Sabahi
12 Quran Study From Behrouz 212 Behrouz's Khutba Edip  Yuksel's Exposure 01 25 1990,https://www.youtube.com/watch?v=jYTRnyx-9L0,01:02:43.451,01:02:59.114,"[3:106] The day will come when some faces will be brightened (with joy), while other faces will be darkened (with misery). As for those whose faces are darkened, they will be asked, ""Did you not disbelieve after believing? Consequently, taste the retribution for your disbelief.""",Dr. Sabahi
12 Quran Study From Behrouz 212 Behrouz's Khutba Edip  Yuksel's Exposure 01 25 1990,https://www.youtube.com/watch?v=jYTRnyx-9L0,01:02:59.565,01:03:07.975,"Dr. Sabahi: I guess if we are good students of the Quran,
this would never happen to us.",Dr. Sabahi
12 Quran Study From Behrouz 212 Behrouz's Khutba Edip  Yuksel's Exposure 01 25 1990,https://www.youtube.com/watch?v=jYTRnyx-9L0,01:03:07.975,01:03:09.058,Dr. Khalifa: That's right.,Dr. Khalifa
12 Quran Study From Behrouz 212 Behrouz's Khutba Edip  Yuksel's Exposure 01 25 1990,https://www.youtube.com/watch?v=jYTRnyx-9L0,01:03:09.058,01:03:21.864,"Dr. Sabahi: Believe me, I call you Rashad, Dr. Khalifa, before, before this Khutba, I didn't know anything about what has happened.",Dr. Sabahi
12 Quran Study From Behrouz 212 Behrouz's Khutba Edip  Yuksel's Exposure 01 25 1990,https://www.youtube.com/watch?v=jYTRnyx-9L0,01:03:21.864,01:03:27.032,"And tonight, when he explained, Edip, I didn't see
a big thing about it.",Dr. Sabahi
12 Quran Study From Behrouz 212 Behrouz's Khutba Edip  Yuksel's Exposure 01 25 1990,https://www.youtube.com/watch?v=jYTRnyx-9L0,01:03:27.032,01:03:34.766,"Because what I understood is a misunderstanding,
and the rest of it is whispering and making it big.",Dr. Sabahi
12 Quran Study From Behrouz 212 Behrouz's Khutba Edip  Yuksel's Exposure 01 25 1990,https://www.youtube.com/watch?v=jYTRnyx-9L0,01:03:34.766,01:03:43.246,"Looking at Edip and this mosque for the last
year and a half or so, or even more, I know that",Dr. Sabahi
12 Quran Study From Behrouz 212 Behrouz's Khutba Edip  Yuksel's Exposure 01 25 1990,https://www.youtube.com/watch?v=jYTRnyx-9L0,01:03:43.246,01:03:47.062,we put God's Omnipotence in front of everything else.,Dr. Sabahi
12 Quran Study From Behrouz 212 Behrouz's Khutba Edip  Yuksel's Exposure 01 25 1990,https://www.youtube.com/watch?v=jYTRnyx-9L0,01:03:47.434,01:03:53.022,"I know what you stand for, and I know what
everybody here, most of the people, at least",Dr. Sabahi
12 Quran Study From Behrouz 212 Behrouz's Khutba Edip  Yuksel's Exposure 01 25 1990,https://www.youtube.com/watch?v=jYTRnyx-9L0,01:03:53.022,01:03:59.018,"the ones that I, stand for, and I think I know
what Edip stands for.",Dr. Sabahi
12 Quran Study From Behrouz 212 Behrouz's Khutba Edip  Yuksel's Exposure 01 25 1990,https://www.youtube.com/watch?v=jYTRnyx-9L0,01:03:59.570,01:04:04.306,"And if he has an ego, I guess all of us have
more or less.",Dr. Sabahi
12 Quran Study From Behrouz 212 Behrouz's Khutba Edip  Yuksel's Exposure 01 25 1990,https://www.youtube.com/watch?v=jYTRnyx-9L0,01:04:04.667,01:04:16.557,"But at the same time, I guess, I never doubt his belief in, in Quran or in God's Omnipotence or you as being the messenger.",Dr. Sabahi
12 Quran Study From Behrouz 212 Behrouz's Khutba Edip  Yuksel's Exposure 01 25 1990,https://www.youtube.com/watch?v=jYTRnyx-9L0,01:04:16.915,01:04:24.115,"But if something comes up, and we make it
bigger and bigger, so I, I'm surprised, and I agree with Naghmeh.",Dr. Sabahi
12 Quran Study From Behrouz 212 Behrouz's Khutba Edip  Yuksel's Exposure 01 25 1990,https://www.youtube.com/watch?v=jYTRnyx-9L0,01:04:24.115,01:04:31.397,"As, as someone who doesn't know anything,
how can all of a sudden things turn from day to night?",Dr. Sabahi
12 Quran Study From Behrouz 212 Behrouz's Khutba Edip  Yuksel's Exposure 01 25 1990,https://www.youtube.com/watch?v=jYTRnyx-9L0,01:04:32.048,01:04:40.400,"You know, if you're telling me that somebody's shouting
at Rashad, he's gonna, you know, think that what is going on in here.",Dr. Sabahi
12 Quran Study From Behrouz 212 Behrouz's Khutba Edip  Yuksel's Exposure 01 25 1990,https://www.youtube.com/watch?v=jYTRnyx-9L0,01:04:40.400,01:04:46.270,"Imagine if somebody comes in, last week he
was sitting next to Rashad, he was giving",Dr. Sabahi
12 Quran Study From Behrouz 212 Behrouz's Khutba Edip  Yuksel's Exposure 01 25 1990,https://www.youtube.com/watch?v=jYTRnyx-9L0,01:04:46.270,01:04:51.858,"all the opinions, and he was, he's a knowledgeable
person, all of a sudden, now we don't even let him talk.",Dr. Sabahi
12 Quran Study From Behrouz 212 Behrouz's Khutba Edip  Yuksel's Exposure 01 25 1990,https://www.youtube.com/watch?v=jYTRnyx-9L0,01:04:51.858,01:05:04.602,"I don't, I don't support this anger, this excitement, you know,
but, what, what I'm saying is, if we believe that we are believers here,",Dr. Sabahi
12 Quran Study From Behrouz 212 Behrouz's Khutba Edip  Yuksel's Exposure 01 25 1990,https://www.youtube.com/watch?v=jYTRnyx-9L0,01:05:04.602,01:05:10.078,"respect each other,
as that God is saying is this, don't dispute among yourselves.",Dr. Sabahi
12 Quran Study From Behrouz 212 Behrouz's Khutba Edip  Yuksel's Exposure 01 25 1990,https://www.youtube.com/watch?v=jYTRnyx-9L0,01:05:10.078,01:05:14.422,"Dr. Sabahi: He did something wrong, you have to call him in, sit down, and try to,",Dr. Sabahi
12 Quran Study From Behrouz 212 Behrouz's Khutba Edip  Yuksel's Exposure 01 25 1990,https://www.youtube.com/watch?v=jYTRnyx-9L0,01:05:14.422,01:05:16.649,"Dr. Sabahi: he's a logical person.
Dr. Khalifa: Exactly, that's what we're doing here.",Dr. Sabahi
12 Quran Study From Behrouz 212 Behrouz's Khutba Edip  Yuksel's Exposure 01 25 1990,https://www.youtube.com/watch?v=jYTRnyx-9L0,01:05:16.649,01:05:25.209,"Dr. Sabahi: So, now, I'm telling the truth, this is not
the, the feeling that I get from sitting here for about 45 minutes.",Dr. Sabahi
12 Quran Study From Behrouz 212 Behrouz's Khutba Edip  Yuksel's Exposure 01 25 1990,https://www.youtube.com/watch?v=jYTRnyx-9L0,01:05:25.209,01:05:30.963,"Everybody is, you know, attacking him, at least the people
who have seen his outbursts in that day.",Dr. Sabahi
12 Quran Study From Behrouz 212 Behrouz's Khutba Edip  Yuksel's Exposure 01 25 1990,https://www.youtube.com/watch?v=jYTRnyx-9L0,01:05:30.963,01:05:32.229,Dr. Sabahi: It is not fair.,Dr. Sabahi
12 Quran Study From Behrouz 212 Behrouz's Khutba Edip  Yuksel's Exposure 01 25 1990,https://www.youtube.com/watch?v=jYTRnyx-9L0,01:05:32.229,01:05:34.664,"Dr. Sabahi: It is
A woman: (unintelligible)",Dr. Sabahi
12 Quran Study From Behrouz 212 Behrouz's Khutba Edip  Yuksel's Exposure 01 25 1990,https://www.youtube.com/watch?v=jYTRnyx-9L0,01:05:34.664,01:05:42.457,"Dr. Sabahi: No, that is... I agree. You see, I, I, that's why I, I objected very strongly to Behrouz's Khutba because",Dr. Sabahi
12 Quran Study From Behrouz 212 Behrouz's Khutba Edip  Yuksel's Exposure 01 25 1990,https://www.youtube.com/watch?v=jYTRnyx-9L0,01:05:42.457,01:05:43.962,we didn't know what is going on.,Dr. Sabahi
12 Quran Study From Behrouz 212 Behrouz's Khutba Edip  Yuksel's Exposure 01 25 1990,https://www.youtube.com/watch?v=jYTRnyx-9L0,01:05:43.962,01:05:48.028,Dr. Sabahi: You come in and you drop the bomb. If something went on...,Dr. Sabahi
12 Quran Study From Behrouz 212 Behrouz's Khutba Edip  Yuksel's Exposure 01 25 1990,https://www.youtube.com/watch?v=jYTRnyx-9L0,01:05:48.028,01:05:49.969,Dr. Khalifa: He read the Quran. He read the Quran.,Dr. Khalifa
12 Quran Study From Behrouz 212 Behrouz's Khutba Edip  Yuksel's Exposure 01 25 1990,https://www.youtube.com/watch?v=jYTRnyx-9L0,01:05:49.969,01:05:51.714,"Dr. Sabahi: No, I agree. But I didn't like...
The messenger: No, let's,",Dr. Sabahi
12 Quran Study From Behrouz 212 Behrouz's Khutba Edip  Yuksel's Exposure 01 25 1990,https://www.youtube.com/watch?v=jYTRnyx-9L0,01:05:51.714,01:05:58.398,"Dr. Khalifa: Okay, let me say something here, because we
just witnessed a commandment of God being broken, and we,",Dr. Khalifa
12 Quran Study From Behrouz 212 Behrouz's Khutba Edip  Yuksel's Exposure 01 25 1990,https://www.youtube.com/watch?v=jYTRnyx-9L0,01:05:58.398,01:06:04.372,"Whatever you do, your nice words will not fix the wound that he's
been stabbed with. This is a very nice, very gentle man.",Dr. Khalifa
12 Quran Study From Behrouz 212 Behrouz's Khutba Edip  Yuksel's Exposure 01 25 1990,https://www.youtube.com/watch?v=jYTRnyx-9L0,01:06:04.372,01:06:08.089,"And somebody told him ""you're a liar."" And we're all sitting here indifferent.",Dr. Khalifa
12 Quran Study From Behrouz 212 Behrouz's Khutba Edip  Yuksel's Exposure 01 25 1990,https://www.youtube.com/watch?v=jYTRnyx-9L0,01:06:08.560,01:06:10.455,How can we fix his wound now?,Dr. Khalifa
12 Quran Study From Behrouz 212 Behrouz's Khutba Edip  Yuksel's Exposure 01 25 1990,https://www.youtube.com/watch?v=jYTRnyx-9L0,01:06:10.877,01:06:15.703,"Dr. Khalifa: You think everything will be alright? If we, we read, we read here.
Edip: Rashad, I have one, I think...",Dr. Khalifa
12 Quran Study From Behrouz 212 Behrouz's Khutba Edip  Yuksel's Exposure 01 25 1990,https://www.youtube.com/watch?v=jYTRnyx-9L0,01:06:15.703,01:06:21.237,"Dr. Khalifa: Let me finish. See what God is saying... God is saying
Edip: (unintelligible) God....",Dr. Khalifa
12 Quran Study From Behrouz 212 Behrouz's Khutba Edip  Yuksel's Exposure 01 25 1990,https://www.youtube.com/watch?v=jYTRnyx-9L0,01:06:21.237,01:06:22.441,[17:53] Tell My servants ...,Dr. Khalifa
12 Quran Study From Behrouz 212 Behrouz's Khutba Edip  Yuksel's Exposure 01 25 1990,https://www.youtube.com/watch?v=jYTRnyx-9L0,01:06:22.441,01:06:23.538,"This is 287,",Dr. Khalifa
12 Quran Study From Behrouz 212 Behrouz's Khutba Edip  Yuksel's Exposure 01 25 1990,https://www.youtube.com/watch?v=jYTRnyx-9L0,01:06:23.538,01:06:34.236,"[17:53] Tell My servants to treat each other in the best possible manner, for the devil will always try to drive a wedge among them. Surely, the devil is man's most ardent enemy.",Dr. Khalifa
12 Quran Study From Behrouz 212 Behrouz's Khutba Edip  Yuksel's Exposure 01 25 1990,https://www.youtube.com/watch?v=jYTRnyx-9L0,01:06:34.896,01:06:39.022,"Now, I want you to put yourself in Behrouz's
place, and somebody is calling you a liar.",Dr. Khalifa
12 Quran Study From Behrouz 212 Behrouz's Khutba Edip  Yuksel's Exposure 01 25 1990,https://www.youtube.com/watch?v=jYTRnyx-9L0,01:06:40.142,01:06:42.231,I'll correct it. Is this what God is saying,Dr. Khalifa
12 Quran Study From Behrouz 212 Behrouz's Khutba Edip  Yuksel's Exposure 01 25 1990,https://www.youtube.com/watch?v=jYTRnyx-9L0,01:06:42.231,01:06:45.000,"[17:53] Tell My servants to treat each other in the best possible manner, ...",Dr. Khalifa
12 Quran Study From Behrouz 212 Behrouz's Khutba Edip  Yuksel's Exposure 01 25 1990,https://www.youtube.com/watch?v=jYTRnyx-9L0,01:06:45.481,01:06:48.283,"He's getting deeper and deeper in trouble
with God.",Dr. Khalifa
12 Quran Study From Behrouz 212 Behrouz's Khutba Edip  Yuksel's Exposure 01 25 1990,https://www.youtube.com/watch?v=jYTRnyx-9L0,01:06:48.885,01:06:51.316,"And, and what you just read is to",Dr. Khalifa
12 Quran Study From Behrouz 212 Behrouz's Khutba Edip  Yuksel's Exposure 01 25 1990,https://www.youtube.com/watch?v=jYTRnyx-9L0,01:06:51.316,01:06:53.316,"[3:104]  ... advocate righteousness, and forbid evil. ...",Dr. Khalifa
12 Quran Study From Behrouz 212 Behrouz's Khutba Edip  Yuksel's Exposure 01 25 1990,https://www.youtube.com/watch?v=jYTRnyx-9L0,01:06:53.362,01:07:05.915,"We cannot sit indifferently and watch Edip blaspheme against God and, and hurt one of our people, his brother, in this way.",Dr. Khalifa
12 Quran Study From Behrouz 212 Behrouz's Khutba Edip  Yuksel's Exposure 01 25 1990,https://www.youtube.com/watch?v=jYTRnyx-9L0,01:07:06.607,01:07:10.710,"Dr. Khalifa: I mean, do you think Behrouz will sleep tonight? I mean, do you have any consideration for his feelings?",Dr. Khalifa
12 Quran Study From Behrouz 212 Behrouz's Khutba Edip  Yuksel's Exposure 01 25 1990,https://www.youtube.com/watch?v=jYTRnyx-9L0,01:07:10.710,01:07:12.710,"Edip: What about my feelings?
Dr. Khalifa: Can we just pass it up?",Edip
12 Quran Study From Behrouz 212 Behrouz's Khutba Edip  Yuksel's Exposure 01 25 1990,https://www.youtube.com/watch?v=jYTRnyx-9L0,01:07:13.489,01:07:20.415,"Dr. Khalifa: Can we, can we pass up the fact that he was called
a liar unjustly? Or even justly?",Dr. Khalifa
12 Quran Study From Behrouz 212 Behrouz's Khutba Edip  Yuksel's Exposure 01 25 1990,https://www.youtube.com/watch?v=jYTRnyx-9L0,01:07:21.980,01:07:22.542,Edip: Rashad.,Edip
12 Quran Study From Behrouz 212 Behrouz's Khutba Edip  Yuksel's Exposure 01 25 1990,https://www.youtube.com/watch?v=jYTRnyx-9L0,01:07:22.542,01:07:23.926,"Dr. Khalifa: So,... yes?",Dr. Khalifa
12 Quran Study From Behrouz 212 Behrouz's Khutba Edip  Yuksel's Exposure 01 25 1990,https://www.youtube.com/watch?v=jYTRnyx-9L0,01:07:23.926,01:07:28.771,A woman: I think the messenger has some feelings. You are a human being and he was very (unintelligible).,A woman
12 Quran Study From Behrouz 212 Behrouz's Khutba Edip  Yuksel's Exposure 01 25 1990,https://www.youtube.com/watch?v=jYTRnyx-9L0,01:07:29.310,01:07:31.547,Dr. Khalifa: There is one of the witnesses there.,Dr. Khalifa
12 Quran Study From Behrouz 212 Behrouz's Khutba Edip  Yuksel's Exposure 01 25 1990,https://www.youtube.com/watch?v=jYTRnyx-9L0,01:07:31.547,01:07:35.918,"Edip: Rashad, excuse me, Rashad. There is one person who has not listened to this conversation.",Edip
12 Quran Study From Behrouz 212 Behrouz's Khutba Edip  Yuksel's Exposure 01 25 1990,https://www.youtube.com/watch?v=jYTRnyx-9L0,01:07:35.918,01:07:37.062,Dr. Khalifa: Who?,Dr. Khalifa
12 Quran Study From Behrouz 212 Behrouz's Khutba Edip  Yuksel's Exposure 01 25 1990,https://www.youtube.com/watch?v=jYTRnyx-9L0,01:07:37.062,01:07:41.289,"Edip: Ismail Barakat. He, he doesn't know whatever I say or Behrouz
says.",Edip
12 Quran Study From Behrouz 212 Behrouz's Khutba Edip  Yuksel's Exposure 01 25 1990,https://www.youtube.com/watch?v=jYTRnyx-9L0,01:07:41.289,01:07:48.630,"Edip: Just like record, ask him what was the conversation,
why we discussed, why he shouted at you like me.",Edip
12 Quran Study From Behrouz 212 Behrouz's Khutba Edip  Yuksel's Exposure 01 25 1990,https://www.youtube.com/watch?v=jYTRnyx-9L0,01:07:48.630,01:07:54.438,"Dr. Khalifa: Well, first of all, you owe Behrouz an apology
because you committed a breaking of the commandment right here.
Edip: First of all, Behrouz, I am ready.",Dr. Khalifa
12 Quran Study From Behrouz 212 Behrouz's Khutba Edip  Yuksel's Exposure 01 25 1990,https://www.youtube.com/watch?v=jYTRnyx-9L0,01:07:54.438,01:08:01.890,"Edip: I know that now I say and you are here, I
know exactly Behrouz said ""God didn't create hydrogen.""",Edip
12 Quran Study From Behrouz 212 Behrouz's Khutba Edip  Yuksel's Exposure 01 25 1990,https://www.youtube.com/watch?v=jYTRnyx-9L0,01:08:02.178,01:08:03.976,Edip: I'm sure like my belief.,Edip
12 Quran Study From Behrouz 212 Behrouz's Khutba Edip  Yuksel's Exposure 01 25 1990,https://www.youtube.com/watch?v=jYTRnyx-9L0,01:08:03.976,01:08:05.656,Edip: If you let witness God...,Edip
12 Quran Study From Behrouz 212 Behrouz's Khutba Edip  Yuksel's Exposure 01 25 1990,https://www.youtube.com/watch?v=jYTRnyx-9L0,01:08:05.656,01:08:08.216,"Dr. Khalifa: Ok. I can tell you God says here...
Edip: (unintelligible)",Dr. Khalifa
12 Quran Study From Behrouz 212 Behrouz's Khutba Edip  Yuksel's Exposure 01 25 1990,https://www.youtube.com/watch?v=jYTRnyx-9L0,01:08:08.216,01:08:11.322,"Edip: Let, are you ready? Are you ready that you didn't say that God...
Mahmood Abib: No, no, no.",Edip
12 Quran Study From Behrouz 212 Behrouz's Khutba Edip  Yuksel's Exposure 01 25 1990,https://www.youtube.com/watch?v=jYTRnyx-9L0,01:08:11.322,01:08:13.188,"Edip: I'm ready.
Mahmood Abib: Don't shout. Don't shout.",Edip
12 Quran Study From Behrouz 212 Behrouz's Khutba Edip  Yuksel's Exposure 01 25 1990,https://www.youtube.com/watch?v=jYTRnyx-9L0,01:08:13.188,01:08:18.137,"Edip: I'm ready. I leave, I leave to God. I will not speak English. I leave to God.
Mahmood Abib: No, no, no.",Edip
12 Quran Study From Behrouz 212 Behrouz's Khutba Edip  Yuksel's Exposure 01 25 1990,https://www.youtube.com/watch?v=jYTRnyx-9L0,01:08:18.137,01:08:20.702,"Edip: Whoever is liar, God will curse him.",Edip
12 Quran Study From Behrouz 212 Behrouz's Khutba Edip  Yuksel's Exposure 01 25 1990,https://www.youtube.com/watch?v=jYTRnyx-9L0,01:08:20.702,01:08:22.702,"Behrouz: What are you doing?!
Mahmood Abib: No, don't say that.",Behrouz
12 Quran Study From Behrouz 212 Behrouz's Khutba Edip  Yuksel's Exposure 01 25 1990,https://www.youtube.com/watch?v=jYTRnyx-9L0,01:08:22.809,01:08:24.110,Edip: This is accusation.,Edip
12 Quran Study From Behrouz 212 Behrouz's Khutba Edip  Yuksel's Exposure 01 25 1990,https://www.youtube.com/watch?v=jYTRnyx-9L0,01:08:24.110,01:08:30.000,"Dr. Khalifa: No, see, I can tell you what God said. OK? You wanna, you wanna see what God said in the Quran?",Dr. Khalifa
12 Quran Study From Behrouz 212 Behrouz's Khutba Edip  Yuksel's Exposure 01 25 1990,https://www.youtube.com/watch?v=jYTRnyx-9L0,01:08:30.662,01:08:34.468,A man: (unintelligible),A man
12 Quran Study From Behrouz 212 Behrouz's Khutba Edip  Yuksel's Exposure 01 25 1990,https://www.youtube.com/watch?v=jYTRnyx-9L0,01:08:35.357,01:08:38.376,A woman: God knows what he said. (unintelligible),A woman
12 Quran Study From Behrouz 212 Behrouz's Khutba Edip  Yuksel's Exposure 01 25 1990,https://www.youtube.com/watch?v=jYTRnyx-9L0,01:08:38.376,01:08:41.380,"Edip: He must repent, he must repent like me. I repent to God.",Edip
12 Quran Study From Behrouz 212 Behrouz's Khutba Edip  Yuksel's Exposure 01 25 1990,https://www.youtube.com/watch?v=jYTRnyx-9L0,01:08:41.681,01:08:42.692,Behrouz: You did?,Behrouz
12 Quran Study From Behrouz 212 Behrouz's Khutba Edip  Yuksel's Exposure 01 25 1990,https://www.youtube.com/watch?v=jYTRnyx-9L0,01:08:42.692,01:08:43.595,"Edip: Yes, sure.",Edip
12 Quran Study From Behrouz 212 Behrouz's Khutba Edip  Yuksel's Exposure 01 25 1990,https://www.youtube.com/watch?v=jYTRnyx-9L0,01:08:43.595,01:08:45.000,"Behrouz: For these past seven, eight days?",Behrouz
12 Quran Study From Behrouz 212 Behrouz's Khutba Edip  Yuksel's Exposure 01 25 1990,https://www.youtube.com/watch?v=jYTRnyx-9L0,01:08:45.000,01:08:45.614,Edip: Sure.,Edip
12 Quran Study From Behrouz 212 Behrouz's Khutba Edip  Yuksel's Exposure 01 25 1990,https://www.youtube.com/watch?v=jYTRnyx-9L0,01:08:45.614,01:08:46.775,Behrouz: None of us saw it.,Behrouz
12 Quran Study From Behrouz 212 Behrouz's Khutba Edip  Yuksel's Exposure 01 25 1990,https://www.youtube.com/watch?v=jYTRnyx-9L0,01:08:46.775,01:08:49.784,"Behrouz: And you didn't show anything. You didn't talk to any of us.
A man: I think the lessons is (unintelligible).",Behrouz
12 Quran Study From Behrouz 212 Behrouz's Khutba Edip  Yuksel's Exposure 01 25 1990,https://www.youtube.com/watch?v=jYTRnyx-9L0,01:08:49.784,01:08:51.938,"Behrouz: OK?
Apamea: I've seen him at home, Behrouz.",Behrouz
12 Quran Study From Behrouz 212 Behrouz's Khutba Edip  Yuksel's Exposure 01 25 1990,https://www.youtube.com/watch?v=jYTRnyx-9L0,01:08:51.938,01:08:55.790,Apamea: I've seen him. He's been suffering as much as everybody else.,Apamea
12 Quran Study From Behrouz 212 Behrouz's Khutba Edip  Yuksel's Exposure 01 25 1990,https://www.youtube.com/watch?v=jYTRnyx-9L0,01:08:55.790,01:08:56.627,Behrouz: I know he is.,Behrouz
12 Quran Study From Behrouz 212 Behrouz's Khutba Edip  Yuksel's Exposure 01 25 1990,https://www.youtube.com/watch?v=jYTRnyx-9L0,01:08:56.627,01:08:58.252,"Dr. Khalifa: Ok.
Behrouz: But why,
Apamea: I have been suffering along with him.",Dr. Khalifa
12 Quran Study From Behrouz 212 Behrouz's Khutba Edip  Yuksel's Exposure 01 25 1990,https://www.youtube.com/watch?v=jYTRnyx-9L0,01:08:58.252,01:09:01.321,"Behrouz: Why all this didn't help him? Why is that?
Dr. Khalifa: OK, God said, God said in the Quran",Behrouz
12 Quran Study From Behrouz 212 Behrouz's Khutba Edip  Yuksel's Exposure 01 25 1990,https://www.youtube.com/watch?v=jYTRnyx-9L0,01:09:01.321,01:09:08.196,"Dr. Khalifa: after the people die and they turn into dust and bones, they come back to life? This is ridiculous. This is what God said.",Dr. Khalifa
12 Quran Study From Behrouz 212 Behrouz's Khutba Edip  Yuksel's Exposure 01 25 1990,https://www.youtube.com/watch?v=jYTRnyx-9L0,01:09:09.181,01:09:10.181,Is it true?,Dr. Khalifa
12 Quran Study From Behrouz 212 Behrouz's Khutba Edip  Yuksel's Exposure 01 25 1990,https://www.youtube.com/watch?v=jYTRnyx-9L0,01:09:12.406,01:09:15.000,"Dr. Khalifa: God said, this is what you're saying Behrouz
said.",Dr. Khalifa
12 Quran Study From Behrouz 212 Behrouz's Khutba Edip  Yuksel's Exposure 01 25 1990,https://www.youtube.com/watch?v=jYTRnyx-9L0,01:09:15.760,01:09:19.107,"Edip: This is quotation.
Dr. Khalifa: Because God is saying in the Quran,",Edip
12 Quran Study From Behrouz 212 Behrouz's Khutba Edip  Yuksel's Exposure 01 25 1990,https://www.youtube.com/watch?v=jYTRnyx-9L0,01:09:19.107,01:09:21.057,"Dr. Khalifa: I can show you, God said,",Dr. Khalifa
12 Quran Study From Behrouz 212 Behrouz's Khutba Edip  Yuksel's Exposure 01 25 1990,https://www.youtube.com/watch?v=jYTRnyx-9L0,01:09:21.057,01:09:25.886,"after the people die and become dust and bones, do they come back to life? This is ridiculous.",Dr. Khalifa
12 Quran Study From Behrouz 212 Behrouz's Khutba Edip  Yuksel's Exposure 01 25 1990,https://www.youtube.com/watch?v=jYTRnyx-9L0,01:09:26.479,01:09:28.281,"Dr. Khalifa: So, you think God said that?
Edip: This quotation...",Dr. Khalifa
12 Quran Study From Behrouz 212 Behrouz's Khutba Edip  Yuksel's Exposure 01 25 1990,https://www.youtube.com/watch?v=jYTRnyx-9L0,01:09:28.281,01:09:29.364,"Edip: Yes, God quotes.",Edip
12 Quran Study From Behrouz 212 Behrouz's Khutba Edip  Yuksel's Exposure 01 25 1990,https://www.youtube.com/watch?v=jYTRnyx-9L0,01:09:29.364,01:09:33.818,"Dr. Khalifa: Right, this is how you are misquoting Behrouz,
because we were all there.
Edip: Oh.",Dr. Khalifa
12 Quran Study From Behrouz 212 Behrouz's Khutba Edip  Yuksel's Exposure 01 25 1990,https://www.youtube.com/watch?v=jYTRnyx-9L0,01:09:34.235,01:09:36.629,"Dr. Khalifa: We all know that God created everything.
Edip: Rashad.",Dr. Khalifa
12 Quran Study From Behrouz 212 Behrouz's Khutba Edip  Yuksel's Exposure 01 25 1990,https://www.youtube.com/watch?v=jYTRnyx-9L0,01:09:36.629,01:09:42.361,"Dr. Khalifa: It is not fair to take something out of context just to defend your opinion.
Edip: Yes, summarize...",Dr. Khalifa
12 Quran Study From Behrouz 212 Behrouz's Khutba Edip  Yuksel's Exposure 01 25 1990,https://www.youtube.com/watch?v=jYTRnyx-9L0,01:09:42.890,01:09:47.288,"Dr. Khalifa: You just wipe out your friends and your brothers
just to hold you to your opinion.",Dr. Khalifa
12 Quran Study From Behrouz 212 Behrouz's Khutba Edip  Yuksel's Exposure 01 25 1990,https://www.youtube.com/watch?v=jYTRnyx-9L0,01:09:47.288,01:09:48.643,Dr. Khalifa: You don't wanna say you're wrong.,Dr. Khalifa
12 Quran Study From Behrouz 212 Behrouz's Khutba Edip  Yuksel's Exposure 01 25 1990,https://www.youtube.com/watch?v=jYTRnyx-9L0,01:09:48.643,01:09:50.363,"Edip: OK, I accept I'm wrong.
Dr. Khalifa: Ali.",Edip
12 Quran Study From Behrouz 212 Behrouz's Khutba Edip  Yuksel's Exposure 01 25 1990,https://www.youtube.com/watch?v=jYTRnyx-9L0,01:09:50.363,01:09:52.446,"Edip: Alhamdu Lillah, (unintelligible)
Dr. Khalifa: Ali.",Edip
12 Quran Study From Behrouz 212 Behrouz's Khutba Edip  Yuksel's Exposure 01 25 1990,https://www.youtube.com/watch?v=jYTRnyx-9L0,01:09:52.446,01:09:54.048,Edip: But God knows what happens.,Edip
12 Quran Study From Behrouz 212 Behrouz's Khutba Edip  Yuksel's Exposure 01 25 1990,https://www.youtube.com/watch?v=jYTRnyx-9L0,01:09:54.048,01:09:56.048,"Edip: But...
Dr. Khalifa: But, who's but?",Edip
12 Quran Study From Behrouz 212 Behrouz's Khutba Edip  Yuksel's Exposure 01 25 1990,https://www.youtube.com/watch?v=jYTRnyx-9L0,01:09:56.576,01:09:57.433,Dr. Khalifa: Ali.,Dr. Khalifa
12 Quran Study From Behrouz 212 Behrouz's Khutba Edip  Yuksel's Exposure 01 25 1990,https://www.youtube.com/watch?v=jYTRnyx-9L0,01:09:58.155,01:10:00.299,Ali: I thought it was just something else.,Ali
12 Quran Study From Behrouz 212 Behrouz's Khutba Edip  Yuksel's Exposure 01 25 1990,https://www.youtube.com/watch?v=jYTRnyx-9L0,01:10:00.299,01:10:04.850,"Ali: He saw there was maybe something wrong and
he just kind of stepped back and let it build up.",Ali
12 Quran Study From Behrouz 212 Behrouz's Khutba Edip  Yuksel's Exposure 01 25 1990,https://www.youtube.com/watch?v=jYTRnyx-9L0,01:10:04.850,01:10:08.619,"Ali: Maybe if there was something wrong, you know,
he brought it up.",Ali
12 Quran Study From Behrouz 212 Behrouz's Khutba Edip  Yuksel's Exposure 01 25 1990,https://www.youtube.com/watch?v=jYTRnyx-9L0,01:10:08.619,01:10:10.080,"Ali: He brought it up in front of all of us.
Dr. Khalifa: Yes.",Ali
12 Quran Study From Behrouz 212 Behrouz's Khutba Edip  Yuksel's Exposure 01 25 1990,https://www.youtube.com/watch?v=jYTRnyx-9L0,01:10:10.080,01:10:12.735,"Ali: He didn't say anything behind your back or
his back.",Ali
12 Quran Study From Behrouz 212 Behrouz's Khutba Edip  Yuksel's Exposure 01 25 1990,https://www.youtube.com/watch?v=jYTRnyx-9L0,01:10:12.735,01:10:15.000,"Ali: He just said it right here.
Dr. Khalifa: Well...",Ali
12 Quran Study From Behrouz 212 Behrouz's Khutba Edip  Yuksel's Exposure 01 25 1990,https://www.youtube.com/watch?v=jYTRnyx-9L0,01:10:15.000,01:10:15.899,"Ali: No, I'm just saying.",Ali
12 Quran Study From Behrouz 212 Behrouz's Khutba Edip  Yuksel's Exposure 01 25 1990,https://www.youtube.com/watch?v=jYTRnyx-9L0,01:10:15.899,01:10:18.242,He said there was something. He thought there was something wrong.,Ali
12 Quran Study From Behrouz 212 Behrouz's Khutba Edip  Yuksel's Exposure 01 25 1990,https://www.youtube.com/watch?v=jYTRnyx-9L0,01:10:18.242,01:10:21.099,I don't even know what it's about. But he thought there was something wrong.,Ali
12 Quran Study From Behrouz 212 Behrouz's Khutba Edip  Yuksel's Exposure 01 25 1990,https://www.youtube.com/watch?v=jYTRnyx-9L0,01:10:21.099,01:10:24.002,I don't know if it is or it's not. And I'm not taking sides.,Ali
12 Quran Study From Behrouz 212 Behrouz's Khutba Edip  Yuksel's Exposure 01 25 1990,https://www.youtube.com/watch?v=jYTRnyx-9L0,01:10:24.623,01:10:30.256,"And he got up and he talked. And I think about courage to talk in
front of people. Then, all of a sudden, all you people",Ali
12 Quran Study From Behrouz 212 Behrouz's Khutba Edip  Yuksel's Exposure 01 25 1990,https://www.youtube.com/watch?v=jYTRnyx-9L0,01:10:30.256,01:10:34.363,"whispering, saying that he's laughing at, smiling, going ""ha ha"" this is your right.",Ali
12 Quran Study From Behrouz 212 Behrouz's Khutba Edip  Yuksel's Exposure 01 25 1990,https://www.youtube.com/watch?v=jYTRnyx-9L0,01:10:34.837,01:10:36.619,"Ali: They said ""he's confident."" Of course, he...",Ali
12 Quran Study From Behrouz 212 Behrouz's Khutba Edip  Yuksel's Exposure 01 25 1990,https://www.youtube.com/watch?v=jYTRnyx-9L0,01:10:36.619,01:10:38.244,Dr. Khalifa: Who told you we were whispering?,Dr. Khalifa
12 Quran Study From Behrouz 212 Behrouz's Khutba Edip  Yuksel's Exposure 01 25 1990,https://www.youtube.com/watch?v=jYTRnyx-9L0,01:10:38.244,01:10:40.666,"Ali: Man, I can look. I can understand. I,",Ali
12 Quran Study From Behrouz 212 Behrouz's Khutba Edip  Yuksel's Exposure 01 25 1990,https://www.youtube.com/watch?v=jYTRnyx-9L0,01:10:40.666,01:10:45.000,"How many times do you think all the great
men of our century,",Ali
12 Quran Study From Behrouz 212 Behrouz's Khutba Edip  Yuksel's Exposure 01 25 1990,https://www.youtube.com/watch?v=jYTRnyx-9L0,01:10:45.000,01:10:50.449,"the people who stood up for their rights, guys, I mean, if Martin
Luther King didn't stand up, what would have happened?",Ali
12 Quran Study From Behrouz 212 Behrouz's Khutba Edip  Yuksel's Exposure 01 25 1990,https://www.youtube.com/watch?v=jYTRnyx-9L0,01:10:50.942,01:10:55.023,"You know, if all those people didn't stand
up for their rights, what would have happened?",Ali
12 Quran Study From Behrouz 212 Behrouz's Khutba Edip  Yuksel's Exposure 01 25 1990,https://www.youtube.com/watch?v=jYTRnyx-9L0,01:10:55.023,01:11:00.000,"He stood up and he saw something, was maybe something's wrong, and he tried to fix it before it got bigger.",Ali
12 Quran Study From Behrouz 212 Behrouz's Khutba Edip  Yuksel's Exposure 01 25 1990,https://www.youtube.com/watch?v=jYTRnyx-9L0,01:11:00.000,01:11:04.118,"Ali: And I think you guys should be thankful for
this man for being here and standing up and saying...",Ali
12 Quran Study From Behrouz 212 Behrouz's Khutba Edip  Yuksel's Exposure 01 25 1990,https://www.youtube.com/watch?v=jYTRnyx-9L0,01:11:04.118,01:11:05.600,"Dr. Khalifa: No, you got to pull it offside.",Dr. Khalifa
12 Quran Study From Behrouz 212 Behrouz's Khutba Edip  Yuksel's Exposure 01 25 1990,https://www.youtube.com/watch?v=jYTRnyx-9L0,01:11:05.600,01:11:09.079,"Ali: I don't think, I don't think that you should be mad at him.",Ali
12 Quran Study From Behrouz 212 Behrouz's Khutba Edip  Yuksel's Exposure 01 25 1990,https://www.youtube.com/watch?v=jYTRnyx-9L0,01:11:09.079,01:11:10.655,"Ali: I think if there is...
Dr. Khalifa: No, I'm not...
A woman: He's making",Ali
12 Quran Study From Behrouz 212 Behrouz's Khutba Edip  Yuksel's Exposure 01 25 1990,https://www.youtube.com/watch?v=jYTRnyx-9L0,01:11:10.655,01:11:13.979,"A woman: false accusations of Behrouz
Ali: No, if there's false... Then what?",A woman
12 Quran Study From Behrouz 212 Behrouz's Khutba Edip  Yuksel's Exposure 01 25 1990,https://www.youtube.com/watch?v=jYTRnyx-9L0,01:11:14.490,01:11:15.583,Ali: How do you know it's false?,Ali
12 Quran Study From Behrouz 212 Behrouz's Khutba Edip  Yuksel's Exposure 01 25 1990,https://www.youtube.com/watch?v=jYTRnyx-9L0,01:11:15.583,01:11:21.333,"A woman: Because I was there. I was there. I was there.
Behrouz: There were seven people seated over here watching.
Ali: But also, also,",A woman
12 Quran Study From Behrouz 212 Behrouz's Khutba Edip  Yuksel's Exposure 01 25 1990,https://www.youtube.com/watch?v=jYTRnyx-9L0,01:11:21.333,01:11:23.441,"Ali: we're all human beings, we're all
allowed to make mistakes.",Ali
12 Quran Study From Behrouz 212 Behrouz's Khutba Edip  Yuksel's Exposure 01 25 1990,https://www.youtube.com/watch?v=jYTRnyx-9L0,01:11:23.441,01:11:26.071,"Ali: To me, it just means to make one mistake isn't...",Ali
12 Quran Study From Behrouz 212 Behrouz's Khutba Edip  Yuksel's Exposure 01 25 1990,https://www.youtube.com/watch?v=jYTRnyx-9L0,01:11:26.071,01:11:28.147,"A woman: If serious mistakes, then it's wrong.",A woman
12 Quran Study From Behrouz 212 Behrouz's Khutba Edip  Yuksel's Exposure 01 25 1990,https://www.youtube.com/watch?v=jYTRnyx-9L0,01:11:28.765,01:11:30.000,"Ali: So, we're all humans.",Ali
12 Quran Study From Behrouz 212 Behrouz's Khutba Edip  Yuksel's Exposure 01 25 1990,https://www.youtube.com/watch?v=jYTRnyx-9L0,01:11:30.000,01:11:30.938,A woman: The most serious is...,A woman
12 Quran Study From Behrouz 212 Behrouz's Khutba Edip  Yuksel's Exposure 01 25 1990,https://www.youtube.com/watch?v=jYTRnyx-9L0,01:11:30.938,01:11:32.999,"A man: No excuse, no compromise.",A man
12 Quran Study From Behrouz 212 Behrouz's Khutba Edip  Yuksel's Exposure 01 25 1990,https://www.youtube.com/watch?v=jYTRnyx-9L0,01:11:32.999,01:11:34.022,Apamea: Idol worship.,Apamea
12 Quran Study From Behrouz 212 Behrouz's Khutba Edip  Yuksel's Exposure 01 25 1990,https://www.youtube.com/watch?v=jYTRnyx-9L0,01:11:34.022,01:11:38.832,"Dr. Khalifa: That's exactly what he's doing, Apamea. This is exactly what he's doing, idol worship. He's worshiping his opinion.",Dr. Khalifa
12 Quran Study From Behrouz 212 Behrouz's Khutba Edip  Yuksel's Exposure 01 25 1990,https://www.youtube.com/watch?v=jYTRnyx-9L0,01:11:39.130,01:11:46.107,"My, my estimate of the situation from all the
things I learned in my life is that Edip is in a serious, serious trouble.",Dr. Khalifa
12 Quran Study From Behrouz 212 Behrouz's Khutba Edip  Yuksel's Exposure 01 25 1990,https://www.youtube.com/watch?v=jYTRnyx-9L0,01:11:46.505,01:11:49.009,"He, he idolizes his opinion.",Dr. Khalifa
12 Quran Study From Behrouz 212 Behrouz's Khutba Edip  Yuksel's Exposure 01 25 1990,https://www.youtube.com/watch?v=jYTRnyx-9L0,01:11:49.009,01:11:51.711,"And unless he changes, he's gonna go to
Hell.",Dr. Khalifa
12 Quran Study From Behrouz 212 Behrouz's Khutba Edip  Yuksel's Exposure 01 25 1990,https://www.youtube.com/watch?v=jYTRnyx-9L0,01:11:52.012,01:11:54.035,This is just the summary of the whole thing.,Dr. Khalifa
12 Quran Study From Behrouz 212 Behrouz's Khutba Edip  Yuksel's Exposure 01 25 1990,https://www.youtube.com/watch?v=jYTRnyx-9L0,01:11:54.999,01:11:59.009,"His opinion is, is, has more value than God Himself.",Dr. Khalifa
12 Quran Study From Behrouz 212 Behrouz's Khutba Edip  Yuksel's Exposure 01 25 1990,https://www.youtube.com/watch?v=jYTRnyx-9L0,01:11:59.550,01:12:02.837,"Dr. Khalifa: This is what we see in Sura 25, I forget the verse.",Dr. Khalifa
12 Quran Study From Behrouz 212 Behrouz's Khutba Edip  Yuksel's Exposure 01 25 1990,https://www.youtube.com/watch?v=jYTRnyx-9L0,01:12:02.837,01:12:04.235,"Dr. Khalifa: Remember...
Edip: Please state the verse.",Dr. Khalifa
12 Quran Study From Behrouz 212 Behrouz's Khutba Edip  Yuksel's Exposure 01 25 1990,https://www.youtube.com/watch?v=jYTRnyx-9L0,01:12:04.235,01:12:05.462,Edip: Please state the (unintelligible),Edip
12 Quran Study From Behrouz 212 Behrouz's Khutba Edip  Yuksel's Exposure 01 25 1990,https://www.youtube.com/watch?v=jYTRnyx-9L0,01:12:05.462,01:12:08.888,"Dr. Khalifa: Remember, do you know the person whose opinion
is his god?",Dr. Khalifa
12 Quran Study From Behrouz 212 Behrouz's Khutba Edip  Yuksel's Exposure 01 25 1990,https://www.youtube.com/watch?v=jYTRnyx-9L0,01:12:09.249,01:12:11.867,"And in Arabic, which he understands very well,",Dr. Khalifa
12 Quran Study From Behrouz 212 Behrouz's Khutba Edip  Yuksel's Exposure 01 25 1990,https://www.youtube.com/watch?v=jYTRnyx-9L0,01:12:11.867,01:12:13.867,(25:43) أَرَءَيْتَ مَنِ ٱتَّخَذَ إِلَـٰهَهُۥ هَوَىٰهُ,Dr. Khalifa
12 Quran Study From Behrouz 212 Behrouz's Khutba Edip  Yuksel's Exposure 01 25 1990,https://www.youtube.com/watch?v=jYTRnyx-9L0,01:12:14.349,01:12:17.487,"His god, right now, is his opinion and I'm hoping that",Dr. Khalifa
12 Quran Study From Behrouz 212 Behrouz's Khutba Edip  Yuksel's Exposure 01 25 1990,https://www.youtube.com/watch?v=jYTRnyx-9L0,01:12:17.487,01:12:22.557,"he will snap out of it someday
and, and give in to God's opinion.",Dr. Khalifa
12 Quran Study From Behrouz 212 Behrouz's Khutba Edip  Yuksel's Exposure 01 25 1990,https://www.youtube.com/watch?v=jYTRnyx-9L0,01:12:22.557,01:12:23.835,Dr. Khalifa: This is what was happening.,Dr. Khalifa
12 Quran Study From Behrouz 212 Behrouz's Khutba Edip  Yuksel's Exposure 01 25 1990,https://www.youtube.com/watch?v=jYTRnyx-9L0,01:12:24.617,01:12:28.423,Edip: Mahmood also at that time was witness of conversation.,Edip
12 Quran Study From Behrouz 212 Behrouz's Khutba Edip  Yuksel's Exposure 01 25 1990,https://www.youtube.com/watch?v=jYTRnyx-9L0,01:12:28.664,01:12:31.266,"He was, he is a sincere believer, also.",Edip
12 Quran Study From Behrouz 212 Behrouz's Khutba Edip  Yuksel's Exposure 01 25 1990,https://www.youtube.com/watch?v=jYTRnyx-9L0,01:12:31.928,01:12:33.928,Edip: Why not ask him or ask,Edip
12 Quran Study From Behrouz 212 Behrouz's Khutba Edip  Yuksel's Exposure 01 25 1990,https://www.youtube.com/watch?v=jYTRnyx-9L0,01:12:33.928,01:12:34.724,Dr. Khalifa: About what?,Dr. Khalifa
12 Quran Study From Behrouz 212 Behrouz's Khutba Edip  Yuksel's Exposure 01 25 1990,https://www.youtube.com/watch?v=jYTRnyx-9L0,01:12:34.724,01:12:39.433,"Dr. Khalifa: Ask him, go ahead.
Edip: He's, he's suffering now because there is something",Dr. Khalifa
12 Quran Study From Behrouz 212 Behrouz's Khutba Edip  Yuksel's Exposure 01 25 1990,https://www.youtube.com/watch?v=jYTRnyx-9L0,01:12:39.433,01:12:41.720,Edip: which Rashad is not clear.,Edip
12 Quran Study From Behrouz 212 Behrouz's Khutba Edip  Yuksel's Exposure 01 25 1990,https://www.youtube.com/watch?v=jYTRnyx-9L0,01:12:41.720,01:12:43.479,"Dr. Khalifa: Ask him, ask him.
Mahmood Abib: Edip, you are making (unintelligible).",Dr. Khalifa
12 Quran Study From Behrouz 212 Behrouz's Khutba Edip  Yuksel's Exposure 01 25 1990,https://www.youtube.com/watch?v=jYTRnyx-9L0,01:12:43.479,01:12:45.000,"Edip: No, no, what happened?",Edip
12 Quran Study From Behrouz 212 Behrouz's Khutba Edip  Yuksel's Exposure 01 25 1990,https://www.youtube.com/watch?v=jYTRnyx-9L0,01:12:45.000,01:12:51.798,"Edip: Did somebody say ""God cannot control this?"" Did somebody say ""God didn't create?"" Am I lying? Let, let this guy...",Edip
12 Quran Study From Behrouz 212 Behrouz's Khutba Edip  Yuksel's Exposure 01 25 1990,https://www.youtube.com/watch?v=jYTRnyx-9L0,01:12:51.798,01:12:54.038,"Dr. Khalifa: Well, did God say, after, after we die,
Edip: I'm lying?",Dr. Khalifa
12 Quran Study From Behrouz 212 Behrouz's Khutba Edip  Yuksel's Exposure 01 25 1990,https://www.youtube.com/watch?v=jYTRnyx-9L0,01:12:54.038,01:12:57.770,"Dr. Khalifa: we're resurrected? This is ridiculous.
Edip: If I am lying, Ismail Barakat will not hear my lie.",Dr. Khalifa
12 Quran Study From Behrouz 212 Behrouz's Khutba Edip  Yuksel's Exposure 01 25 1990,https://www.youtube.com/watch?v=jYTRnyx-9L0,01:12:57.770,01:13:02.178,"Edip: Please ask Isamil, Ismail Barakat ""what happened?"" He will say exactly what I said.",Edip
12 Quran Study From Behrouz 212 Behrouz's Khutba Edip  Yuksel's Exposure 01 25 1990,https://www.youtube.com/watch?v=jYTRnyx-9L0,01:13:02.178,01:13:03.359,Edip: There is a truth.,Edip
12 Quran Study From Behrouz 212 Behrouz's Khutba Edip  Yuksel's Exposure 01 25 1990,https://www.youtube.com/watch?v=jYTRnyx-9L0,01:13:03.359,01:13:04.502,A woman: (unintelligible),A woman
12 Quran Study From Behrouz 212 Behrouz's Khutba Edip  Yuksel's Exposure 01 25 1990,https://www.youtube.com/watch?v=jYTRnyx-9L0,01:13:04.502,01:13:05.988,"Edip: Yes, I am ready for this truth.
Dr. Khalifa: The fact...",Edip
12 Quran Study From Behrouz 212 Behrouz's Khutba Edip  Yuksel's Exposure 01 25 1990,https://www.youtube.com/watch?v=jYTRnyx-9L0,01:13:05.988,01:13:08.734,"A woman: Maybe, you heard it wrong, Edip. You were...",A woman
12 Quran Study From Behrouz 212 Behrouz's Khutba Edip  Yuksel's Exposure 01 25 1990,https://www.youtube.com/watch?v=jYTRnyx-9L0,01:13:08.734,01:13:10.363,"Edip: Isamil Barakat heard it wrong?
A woman: At least, at least",Edip
12 Quran Study From Behrouz 212 Behrouz's Khutba Edip  Yuksel's Exposure 01 25 1990,https://www.youtube.com/watch?v=jYTRnyx-9L0,01:13:10.363,01:13:14.192,"A woman: now we know that the fact is God did create hydrogen.
Edip: (unintelligible) I'm happy.",A woman
12 Quran Study From Behrouz 212 Behrouz's Khutba Edip  Yuksel's Exposure 01 25 1990,https://www.youtube.com/watch?v=jYTRnyx-9L0,01:13:14.192,01:13:19.044,"Edip: I'm happy, if I agreed, I am happy. I accept that they made mistake, now they repent.",Edip
12 Quran Study From Behrouz 212 Behrouz's Khutba Edip  Yuksel's Exposure 01 25 1990,https://www.youtube.com/watch?v=jYTRnyx-9L0,01:13:19.044,01:13:23.475,"Dr. Khalifa: Behrouz never said ""God did not create hydrogen."" Behrouz never said that.",Dr. Khalifa
12 Quran Study From Behrouz 212 Behrouz's Khutba Edip  Yuksel's Exposure 01 25 1990,https://www.youtube.com/watch?v=jYTRnyx-9L0,01:13:23.475,01:13:26.148,Edip thought that Behrouz said that.,Dr. Khalifa
12 Quran Study From Behrouz 212 Behrouz's Khutba Edip  Yuksel's Exposure 01 25 1990,https://www.youtube.com/watch?v=jYTRnyx-9L0,01:13:26.148,01:13:26.844,Apamea: Why did he think?,Apamea
12 Quran Study From Behrouz 212 Behrouz's Khutba Edip  Yuksel's Exposure 01 25 1990,https://www.youtube.com/watch?v=jYTRnyx-9L0,01:13:26.844,01:13:30.696,Dr. Khalifa: Or Edip misunderstood what Behrouz is saying. As simple as that.,Dr. Khalifa
12 Quran Study From Behrouz 212 Behrouz's Khutba Edip  Yuksel's Exposure 01 25 1990,https://www.youtube.com/watch?v=jYTRnyx-9L0,01:13:30.696,01:13:31.196,Apamea: Ok.,Apamea
12 Quran Study From Behrouz 212 Behrouz's Khutba Edip  Yuksel's Exposure 01 25 1990,https://www.youtube.com/watch?v=jYTRnyx-9L0,01:13:31.196,01:13:31.754,Dr. Khalifa: Nobody....,Dr. Khalifa
12 Quran Study From Behrouz 212 Behrouz's Khutba Edip  Yuksel's Exposure 01 25 1990,https://www.youtube.com/watch?v=jYTRnyx-9L0,01:13:31.754,01:13:33.018,"Edip: (unintelligible) Rashad, (unintelligible)",Edip
12 Quran Study From Behrouz 212 Behrouz's Khutba Edip  Yuksel's Exposure 01 25 1990,https://www.youtube.com/watch?v=jYTRnyx-9L0,01:13:33.018,01:13:33.657,Dr. Khalifa: Well...,Dr. Khalifa
12 Quran Study From Behrouz 212 Behrouz's Khutba Edip  Yuksel's Exposure 01 25 1990,https://www.youtube.com/watch?v=jYTRnyx-9L0,01:13:33.657,01:13:37.643,"Edip: And you were just next to him, you were there, Rashad. You cannot witness like this.",Edip
12 Quran Study From Behrouz 212 Behrouz's Khutba Edip  Yuksel's Exposure 01 25 1990,https://www.youtube.com/watch?v=jYTRnyx-9L0,01:13:37.643,01:13:38.245,Dr. Khalifa: Yes.,Dr. Khalifa
12 Quran Study From Behrouz 212 Behrouz's Khutba Edip  Yuksel's Exposure 01 25 1990,https://www.youtube.com/watch?v=jYTRnyx-9L0,01:13:39.088,01:13:40.991,"Dr. Khalifa: Listen, I don't have,",Dr. Khalifa
12 Quran Study From Behrouz 212 Behrouz's Khutba Edip  Yuksel's Exposure 01 25 1990,https://www.youtube.com/watch?v=jYTRnyx-9L0,01:13:40.991,01:13:46.181,"Dr. Khalifa: I don't have really, I really don't have to be there to know that Behrouz will never say ""God did not create hydrogen.""",Dr. Khalifa
12 Quran Study From Behrouz 212 Behrouz's Khutba Edip  Yuksel's Exposure 01 25 1990,https://www.youtube.com/watch?v=jYTRnyx-9L0,01:13:47.084,01:13:48.783,"Apamea: You know, but why?",Apamea
12 Quran Study From Behrouz 212 Behrouz's Khutba Edip  Yuksel's Exposure 01 25 1990,https://www.youtube.com/watch?v=jYTRnyx-9L0,01:13:48.783,01:13:49.907,Dr. Khalifa: Dr. Sabahi.,Dr. Khalifa
12 Quran Study From Behrouz 212 Behrouz's Khutba Edip  Yuksel's Exposure 01 25 1990,https://www.youtube.com/watch?v=jYTRnyx-9L0,01:13:50.560,01:13:57.940,"Dr. Sabahi: I guess, Edip, you are making a few mistakes because you are speaking to something that you believe beside.",Dr. Sabahi
12 Quran Study From Behrouz 212 Behrouz's Khutba Edip  Yuksel's Exposure 01 25 1990,https://www.youtube.com/watch?v=jYTRnyx-9L0,01:13:57.940,01:14:03.491,Dr. Sabahi: You don't give even a one part per million or billion chance,Dr. Sabahi
12 Quran Study From Behrouz 212 Behrouz's Khutba Edip  Yuksel's Exposure 01 25 1990,https://www.youtube.com/watch?v=jYTRnyx-9L0,01:14:03.491,01:14:08.444,"Dr. Sabahi: that you may be wrong, or you may have heard it wrong, or Satan might have intervened.
Dr. Khalifa: Exactly.",Dr. Sabahi
12 Quran Study From Behrouz 212 Behrouz's Khutba Edip  Yuksel's Exposure 01 25 1990,https://www.youtube.com/watch?v=jYTRnyx-9L0,01:14:08.444,01:14:09.185,Dr. Khalifa: Exactly.,Dr. Khalifa
12 Quran Study From Behrouz 212 Behrouz's Khutba Edip  Yuksel's Exposure 01 25 1990,https://www.youtube.com/watch?v=jYTRnyx-9L0,01:14:09.185,01:14:13.579,"Dr. Sabahi: And this, if you dig more and more into it, it is gonna turn ugly.",Dr. Sabahi
12 Quran Study From Behrouz 212 Behrouz's Khutba Edip  Yuksel's Exposure 01 25 1990,https://www.youtube.com/watch?v=jYTRnyx-9L0,01:14:13.579,01:14:19.936,"Dr. Sabahi: Because you want him to say that he, he said so, so that you'll be relieved.",Dr. Sabahi
12 Quran Study From Behrouz 212 Behrouz's Khutba Edip  Yuksel's Exposure 01 25 1990,https://www.youtube.com/watch?v=jYTRnyx-9L0,01:14:19.936,01:14:20.436,Dr. Khalifa: Right.,Dr. Khalifa
12 Quran Study From Behrouz 212 Behrouz's Khutba Edip  Yuksel's Exposure 01 25 1990,https://www.youtube.com/watch?v=jYTRnyx-9L0,01:14:20.436,01:14:23.404,"Dr. Sabahi: And he is saying that he didn't say so.
Edip: Alhamdu Lillah,",Dr. Sabahi
12 Quran Study From Behrouz 212 Behrouz's Khutba Edip  Yuksel's Exposure 01 25 1990,https://www.youtube.com/watch?v=jYTRnyx-9L0,01:14:23.404,01:14:25.548,"Dr. Sabahi: Hold on. Listen, listen,
Edip: (unintelligible)",Dr. Sabahi
12 Quran Study From Behrouz 212 Behrouz's Khutba Edip  Yuksel's Exposure 01 25 1990,https://www.youtube.com/watch?v=jYTRnyx-9L0,01:14:25.548,01:14:28.030,"Dr. Sabahi: you say that and then again you get (unintelligible)
Dr. Khalifa: Right.",Dr. Sabahi
12 Quran Study From Behrouz 212 Behrouz's Khutba Edip  Yuksel's Exposure 01 25 1990,https://www.youtube.com/watch?v=jYTRnyx-9L0,01:14:28.692,01:14:30.692,"Dr. Sabahi: It's not fun but I may,",Dr. Sabahi
12 Quran Study From Behrouz 212 Behrouz's Khutba Edip  Yuksel's Exposure 01 25 1990,https://www.youtube.com/watch?v=jYTRnyx-9L0,01:14:30.724,01:14:36.479,"Dr. Sabahi: You have to seriously, all of us, have to
seriously think about this and analyze the situation.",Dr. Sabahi
12 Quran Study From Behrouz 212 Behrouz's Khutba Edip  Yuksel's Exposure 01 25 1990,https://www.youtube.com/watch?v=jYTRnyx-9L0,01:14:36.479,01:14:36.979,Dr. Khalifa: Yes.,Dr. Khalifa
12 Quran Study From Behrouz 212 Behrouz's Khutba Edip  Yuksel's Exposure 01 25 1990,https://www.youtube.com/watch?v=jYTRnyx-9L0,01:14:36.979,01:14:43.257,"Dr. Sabahi: And if you really, really deep down believe
that God is the Omnipotent, then He's gonna take care of it.",Dr. Sabahi
12 Quran Study From Behrouz 212 Behrouz's Khutba Edip  Yuksel's Exposure 01 25 1990,https://www.youtube.com/watch?v=jYTRnyx-9L0,01:14:43.257,01:14:48.771,"Dr. Sabahi: If somebody is doing something wrong, if somebody
has wrong beliefs, He's gonna be exposed.",Dr. Sabahi
12 Quran Study From Behrouz 212 Behrouz's Khutba Edip  Yuksel's Exposure 01 25 1990,https://www.youtube.com/watch?v=jYTRnyx-9L0,01:14:48.771,01:14:50.855,"Dr. Khalifa: Exactly.
Dr. Sabahi: if you believe that God is capable of it.",Dr. Khalifa
12 Quran Study From Behrouz 212 Behrouz's Khutba Edip  Yuksel's Exposure 01 25 1990,https://www.youtube.com/watch?v=jYTRnyx-9L0,01:14:50.855,01:14:54.503,"Dr. Sabahi: So, we don't have to take it in our hands. So, let it drop.",Dr. Sabahi
12 Quran Study From Behrouz 212 Behrouz's Khutba Edip  Yuksel's Exposure 01 25 1990,https://www.youtube.com/watch?v=jYTRnyx-9L0,01:14:54.503,01:15:04.256,"You can, you know, cool down, get to your work, and let's, you know, you can, you can discuss the issue, discuss it, find the problem.",Dr. Sabahi
12 Quran Study From Behrouz 212 Behrouz's Khutba Edip  Yuksel's Exposure 01 25 1990,https://www.youtube.com/watch?v=jYTRnyx-9L0,01:15:04.256,01:15:07.141,"Dr. Sabahi: But you cannot find the guilty if this is not
the cause.",Dr. Sabahi
12 Quran Study From Behrouz 212 Behrouz's Khutba Edip  Yuksel's Exposure 01 25 1990,https://www.youtube.com/watch?v=jYTRnyx-9L0,01:15:07.141,01:15:07.882,Dr. Khalifa: Exactly.,Dr. Khalifa
12 Quran Study From Behrouz 212 Behrouz's Khutba Edip  Yuksel's Exposure 01 25 1990,https://www.youtube.com/watch?v=jYTRnyx-9L0,01:15:07.882,01:15:10.423,Dr. Sabahi: You cannot find someone. Let God take care of it.,Dr. Sabahi
12 Quran Study From Behrouz 212 Behrouz's Khutba Edip  Yuksel's Exposure 01 25 1990,https://www.youtube.com/watch?v=jYTRnyx-9L0,01:15:10.724,01:15:17.152,"(unintelligible) things are clear, the things that you were
worried about, that God is not Omnipotent, I can't see what you think.",Dr. Sabahi
12 Quran Study From Behrouz 212 Behrouz's Khutba Edip  Yuksel's Exposure 01 25 1990,https://www.youtube.com/watch?v=jYTRnyx-9L0,01:15:17.152,01:15:17.799,"Dr. Sabahi: So,",Dr. Sabahi
12 Quran Study From Behrouz 212 Behrouz's Khutba Edip  Yuksel's Exposure 01 25 1990,https://www.youtube.com/watch?v=jYTRnyx-9L0,01:15:17.799,01:15:20.100,"Dr. Khalifa: Mã Shã Allãh.
Dr. Sabahi: I was surprised that you brought that up.",Dr. Khalifa
12 Quran Study From Behrouz 212 Behrouz's Khutba Edip  Yuksel's Exposure 01 25 1990,https://www.youtube.com/watch?v=jYTRnyx-9L0,01:15:20.100,01:15:23.315,"Dr. Sabahi: Because from what I understand this is not the case, here.",Dr. Sabahi
12 Quran Study From Behrouz 212 Behrouz's Khutba Edip  Yuksel's Exposure 01 25 1990,https://www.youtube.com/watch?v=jYTRnyx-9L0,01:15:23.315,01:15:31.297,"These are, sometimes you may hear something, I wait, and then say ""oh, I made a mistake."" You hear it, or somebody made a mistake.",Dr. Sabahi
12 Quran Study From Behrouz 212 Behrouz's Khutba Edip  Yuksel's Exposure 01 25 1990,https://www.youtube.com/watch?v=jYTRnyx-9L0,01:15:31.297,01:15:32.899,Let them correct themselves.,Dr. Sabahi
12 Quran Study From Behrouz 212 Behrouz's Khutba Edip  Yuksel's Exposure 01 25 1990,https://www.youtube.com/watch?v=jYTRnyx-9L0,01:15:32.899,01:15:35.178,But you are asking too much now.,Dr. Sabahi
12 Quran Study From Behrouz 212 Behrouz's Khutba Edip  Yuksel's Exposure 01 25 1990,https://www.youtube.com/watch?v=jYTRnyx-9L0,01:15:35.178,01:15:42.053,"Dr. Sabahi: You want someone to come out and say ""I made this mistake. I'm sorry. You are right."" No, this is not gonna happen.",Dr. Sabahi
12 Quran Study From Behrouz 212 Behrouz's Khutba Edip  Yuksel's Exposure 01 25 1990,https://www.youtube.com/watch?v=jYTRnyx-9L0,01:15:43.364,01:15:45.364,Behrouz: And another thing I wanna...,Behrouz
12 Quran Study From Behrouz 212 Behrouz's Khutba Edip  Yuksel's Exposure 01 25 1990,https://www.youtube.com/watch?v=jYTRnyx-9L0,01:15:45.364,01:15:50.654,"Dr. Khalifa: Mã Shã Allãh, we, I have to, I have to compliment you for, you, you found out exactly what the problem is.",Dr. Khalifa
12 Quran Study From Behrouz 212 Behrouz's Khutba Edip  Yuksel's Exposure 01 25 1990,https://www.youtube.com/watch?v=jYTRnyx-9L0,01:15:50.654,01:15:56.710,"And you just, you put it really better than anyone can, can possibly put it.",Dr. Khalifa
12 Quran Study From Behrouz 212 Behrouz's Khutba Edip  Yuksel's Exposure 01 25 1990,https://www.youtube.com/watch?v=jYTRnyx-9L0,01:15:59.690,01:16:01.713,"Dr. Khalifa: Were you, were you talking?",Dr. Khalifa
12 Quran Study From Behrouz 212 Behrouz's Khutba Edip  Yuksel's Exposure 01 25 1990,https://www.youtube.com/watch?v=jYTRnyx-9L0,01:16:01.713,01:16:10.477,"Behrouz: Excuse me. I want to tell Apamea that we all love Edip. And all over the world, they know Edip.",Behrouz
12 Quran Study From Behrouz 212 Behrouz's Khutba Edip  Yuksel's Exposure 01 25 1990,https://www.youtube.com/watch?v=jYTRnyx-9L0,01:16:10.782,01:16:18.885,"He is knowledgeable. We appreciate it. And I appreciate it myself because I sit there, and he is, he's knowledgeable.",Behrouz
12 Quran Study From Behrouz 212 Behrouz's Khutba Edip  Yuksel's Exposure 01 25 1990,https://www.youtube.com/watch?v=jYTRnyx-9L0,01:16:18.885,01:16:23.378,"Ok? And believe me, I suggested to Mahmood and Muhtesem",Behrouz
12 Quran Study From Behrouz 212 Behrouz's Khutba Edip  Yuksel's Exposure 01 25 1990,https://www.youtube.com/watch?v=jYTRnyx-9L0,01:16:23.378,01:16:29.110,"from the day that happened, that let's, guys, sit, let's sit down and talk to him.",Behrouz
12 Quran Study From Behrouz 212 Behrouz's Khutba Edip  Yuksel's Exposure 01 25 1990,https://www.youtube.com/watch?v=jYTRnyx-9L0,01:16:30.000,01:16:31.721,But God is witness.,Behrouz
12 Quran Study From Behrouz 212 Behrouz's Khutba Edip  Yuksel's Exposure 01 25 1990,https://www.youtube.com/watch?v=jYTRnyx-9L0,01:16:31.721,01:16:36.189,"That was not a day that we could have get him, you know, by
himself.",Behrouz
12 Quran Study From Behrouz 212 Behrouz's Khutba Edip  Yuksel's Exposure 01 25 1990,https://www.youtube.com/watch?v=jYTRnyx-9L0,01:16:36.189,01:16:39.634,"You were here. We didn't wanna talk to him
in front of you.",Behrouz
12 Quran Study From Behrouz 212 Behrouz's Khutba Edip  Yuksel's Exposure 01 25 1990,https://www.youtube.com/watch?v=jYTRnyx-9L0,01:16:39.634,01:16:43.703,"And we were, all wanted to talk to him, three of
us together.",Behrouz
12 Quran Study From Behrouz 212 Behrouz's Khutba Edip  Yuksel's Exposure 01 25 1990,https://www.youtube.com/watch?v=jYTRnyx-9L0,01:16:43.703,01:16:47.569,"Because if someone talked to him, all the
things he says, he says ""no.""",Behrouz
12 Quran Study From Behrouz 212 Behrouz's Khutba Edip  Yuksel's Exposure 01 25 1990,https://www.youtube.com/watch?v=jYTRnyx-9L0,01:16:47.569,01:16:49.569,"Whatever you say, he says ""no.""",Behrouz
12 Quran Study From Behrouz 212 Behrouz's Khutba Edip  Yuksel's Exposure 01 25 1990,https://www.youtube.com/watch?v=jYTRnyx-9L0,01:16:49.569,01:16:53.916,"And then, it takes him two days and half
""I found out."" That say ""okay, you're right.""",Behrouz
12 Quran Study From Behrouz 212 Behrouz's Khutba Edip  Yuksel's Exposure 01 25 1990,https://www.youtube.com/watch?v=jYTRnyx-9L0,01:16:54.277,01:16:57.421,"But us, me to him, I'm just stupid.",Behrouz
12 Quran Study From Behrouz 212 Behrouz's Khutba Edip  Yuksel's Exposure 01 25 1990,https://www.youtube.com/watch?v=jYTRnyx-9L0,01:16:58.023,01:16:59.541,I don't know nothing.,Behrouz
12 Quran Study From Behrouz 212 Behrouz's Khutba Edip  Yuksel's Exposure 01 25 1990,https://www.youtube.com/watch?v=jYTRnyx-9L0,01:16:59.541,01:17:02.323,"Behrouz: Okay, now see, this is the impression everybody's getting.",Behrouz
12 Quran Study From Behrouz 212 Behrouz's Khutba Edip  Yuksel's Exposure 01 25 1990,https://www.youtube.com/watch?v=jYTRnyx-9L0,01:17:02.323,01:17:07.597,"Behrouz: Everybody, to him, he does, everybody does not understand but him. Okay, thanks.
Apamea: But every individual (unintelligible)",Behrouz
12 Quran Study From Behrouz 212 Behrouz's Khutba Edip  Yuksel's Exposure 01 25 1990,https://www.youtube.com/watch?v=jYTRnyx-9L0,01:17:07.597,01:17:09.380,"Behrouz: Now, we tried to help him.",Behrouz
12 Quran Study From Behrouz 212 Behrouz's Khutba Edip  Yuksel's Exposure 01 25 1990,https://www.youtube.com/watch?v=jYTRnyx-9L0,01:17:09.727,01:17:13.375,"Three days in a row, we tried to get him in
a corner.",Behrouz
12 Quran Study From Behrouz 212 Behrouz's Khutba Edip  Yuksel's Exposure 01 25 1990,https://www.youtube.com/watch?v=jYTRnyx-9L0,01:17:13.857,01:17:15.339,"""Hey, this is it, brother.""",Behrouz
12 Quran Study From Behrouz 212 Behrouz's Khutba Edip  Yuksel's Exposure 01 25 1990,https://www.youtube.com/watch?v=jYTRnyx-9L0,01:17:15.339,01:17:17.001,"""We are worried about you.""",Behrouz
12 Quran Study From Behrouz 212 Behrouz's Khutba Edip  Yuksel's Exposure 01 25 1990,https://www.youtube.com/watch?v=jYTRnyx-9L0,01:17:17.001,01:17:19.205,"""Let's repent and forget about it.""",Behrouz
12 Quran Study From Behrouz 212 Behrouz's Khutba Edip  Yuksel's Exposure 01 25 1990,https://www.youtube.com/watch?v=jYTRnyx-9L0,01:17:20.221,01:17:22.665,"And there were seven people witnessing that
day.",Behrouz
12 Quran Study From Behrouz 212 Behrouz's Khutba Edip  Yuksel's Exposure 01 25 1990,https://www.youtube.com/watch?v=jYTRnyx-9L0,01:17:22.929,01:17:26.277,I'm not taking sides. I'm not politician.,Behrouz
12 Quran Study From Behrouz 212 Behrouz's Khutba Edip  Yuksel's Exposure 01 25 1990,https://www.youtube.com/watch?v=jYTRnyx-9L0,01:17:26.277,01:17:28.120,"If I was, I wouldn't be here.",Behrouz
12 Quran Study From Behrouz 212 Behrouz's Khutba Edip  Yuksel's Exposure 01 25 1990,https://www.youtube.com/watch?v=jYTRnyx-9L0,01:17:28.120,01:17:30.384,I would have a beautiful job.,Behrouz
12 Quran Study From Behrouz 212 Behrouz's Khutba Edip  Yuksel's Exposure 01 25 1990,https://www.youtube.com/watch?v=jYTRnyx-9L0,01:17:30.384,01:17:32.768,I was making a lot of money like the others they're doing.,Behrouz
12 Quran Study From Behrouz 212 Behrouz's Khutba Edip  Yuksel's Exposure 01 25 1990,https://www.youtube.com/watch?v=jYTRnyx-9L0,01:17:33.208,01:17:36.435,I'm not the smart outside.,Behrouz
12 Quran Study From Behrouz 212 Behrouz's Khutba Edip  Yuksel's Exposure 01 25 1990,https://www.youtube.com/watch?v=jYTRnyx-9L0,01:17:36.435,01:17:40.023,"I'm just, my heart is very open.",Behrouz
12 Quran Study From Behrouz 212 Behrouz's Khutba Edip  Yuksel's Exposure 01 25 1990,https://www.youtube.com/watch?v=jYTRnyx-9L0,01:17:40.023,01:17:41.444,You will find out later on.,Behrouz
12 Quran Study From Behrouz 212 Behrouz's Khutba Edip  Yuksel's Exposure 01 25 1990,https://www.youtube.com/watch?v=jYTRnyx-9L0,01:17:41.444,01:17:45.000,And I think this is the reason that I'm here. This is the reason he's here.,Behrouz
12 Quran Study From Behrouz 212 Behrouz's Khutba Edip  Yuksel's Exposure 01 25 1990,https://www.youtube.com/watch?v=jYTRnyx-9L0,01:17:45.000,01:17:49.371,"But when you get over here, you wanna say
""hey, I'm this and that."" You're gonna lose it.",Behrouz
12 Quran Study From Behrouz 212 Behrouz's Khutba Edip  Yuksel's Exposure 01 25 1990,https://www.youtube.com/watch?v=jYTRnyx-9L0,01:17:49.371,01:17:52.658,And this is what's gonna happen. It's going to happen.,Behrouz
12 Quran Study From Behrouz 212 Behrouz's Khutba Edip  Yuksel's Exposure 01 25 1990,https://www.youtube.com/watch?v=jYTRnyx-9L0,01:17:52.658,01:17:55.584,But we care about him. We don't want this to happen to him.,Behrouz
12 Quran Study From Behrouz 212 Behrouz's Khutba Edip  Yuksel's Exposure 01 25 1990,https://www.youtube.com/watch?v=jYTRnyx-9L0,01:17:55.584,01:17:59.714,"And I'm sure as much as us, you worry about
him more,",Behrouz
12 Quran Study From Behrouz 212 Behrouz's Khutba Edip  Yuksel's Exposure 01 25 1990,https://www.youtube.com/watch?v=jYTRnyx-9L0,01:17:59.714,01:18:01.557,Behrouz: and so as Naghmeh and other friends.,Behrouz
12 Quran Study From Behrouz 212 Behrouz's Khutba Edip  Yuksel's Exposure 01 25 1990,https://www.youtube.com/watch?v=jYTRnyx-9L0,01:18:01.557,01:18:05.025,"Apamea: I'm his wife, and I have never seen him opinionated
with me.",Apamea
12 Quran Study From Behrouz 212 Behrouz's Khutba Edip  Yuksel's Exposure 01 25 1990,https://www.youtube.com/watch?v=jYTRnyx-9L0,01:18:05.025,01:18:10.720,"Behrouz: Because you're his wife. Right.
Apamea: If anyone's opinionated, it's me. I would be the one all the time and he humbles me.",Behrouz
12 Quran Study From Behrouz 212 Behrouz's Khutba Edip  Yuksel's Exposure 01 25 1990,https://www.youtube.com/watch?v=jYTRnyx-9L0,01:18:10.720,01:18:12.329,"Behrouz: Yes, that's the love.",Behrouz
12 Quran Study From Behrouz 212 Behrouz's Khutba Edip  Yuksel's Exposure 01 25 1990,https://www.youtube.com/watch?v=jYTRnyx-9L0,01:18:12.329,01:18:17.885,"Behrouz: But the love between you and him....
Apamea: So, I can't comprehend the fact that he's being blamed for being opinionated.",Behrouz
12 Quran Study From Behrouz 212 Behrouz's Khutba Edip  Yuksel's Exposure 01 25 1990,https://www.youtube.com/watch?v=jYTRnyx-9L0,01:18:17.885,01:18:20.029,Apamea: Because he is so humble.,Apamea
12 Quran Study From Behrouz 212 Behrouz's Khutba Edip  Yuksel's Exposure 01 25 1990,https://www.youtube.com/watch?v=jYTRnyx-9L0,01:18:20.029,01:18:21.337,"Behrouz: To you it is.
Apamea: And he is...",Behrouz
12 Quran Study From Behrouz 212 Behrouz's Khutba Edip  Yuksel's Exposure 01 25 1990,https://www.youtube.com/watch?v=jYTRnyx-9L0,01:18:21.337,01:18:24.360,"Behrouz: If I was his wife, he would be humbling.",Behrouz
12 Quran Study From Behrouz 212 Behrouz's Khutba Edip  Yuksel's Exposure 01 25 1990,https://www.youtube.com/watch?v=jYTRnyx-9L0,01:18:24.781,01:18:27.082,"Dr. Khalifa: Edip is in deep trouble.
Behrouz: This relationship is different.",Dr. Khalifa
12 Quran Study From Behrouz 212 Behrouz's Khutba Edip  Yuksel's Exposure 01 25 1990,https://www.youtube.com/watch?v=jYTRnyx-9L0,01:18:27.082,01:18:28.253,Behrouz: This is different.,Behrouz
12 Quran Study From Behrouz 212 Behrouz's Khutba Edip  Yuksel's Exposure 01 25 1990,https://www.youtube.com/watch?v=jYTRnyx-9L0,01:18:28.253,01:18:28.753,Dr. Khalifa: Ok.,Dr. Khalifa
12 Quran Study From Behrouz 212 Behrouz's Khutba Edip  Yuksel's Exposure 01 25 1990,https://www.youtube.com/watch?v=jYTRnyx-9L0,01:18:28.753,01:18:34.828,"Behrouz: But to him and me and us sitting over here. We're not proving anything that ""I'm smart, you're smart."" No.",Behrouz
12 Quran Study From Behrouz 212 Behrouz's Khutba Edip  Yuksel's Exposure 01 25 1990,https://www.youtube.com/watch?v=jYTRnyx-9L0,01:18:34.828,01:18:36.573,"Behrouz: ""I'm God's....""
Apamea: You're smart for yourself.",Behrouz
12 Quran Study From Behrouz 212 Behrouz's Khutba Edip  Yuksel's Exposure 01 25 1990,https://www.youtube.com/watch?v=jYTRnyx-9L0,01:18:36.573,01:18:40.619,"Behrouz: Well, unfortunately, this is the impression everybody is getting.
Dr. Khalifa: (unintelligible) it's Ok. Ok. Let me,",Behrouz
12 Quran Study From Behrouz 212 Behrouz's Khutba Edip  Yuksel's Exposure 01 25 1990,https://www.youtube.com/watch?v=jYTRnyx-9L0,01:18:40.619,01:18:44.425,Dr. Khalifa: Let's see what God is saying. Let's see what God is saying.,Dr. Khalifa
12 Quran Study From Behrouz 212 Behrouz's Khutba Edip  Yuksel's Exposure 01 25 1990,https://www.youtube.com/watch?v=jYTRnyx-9L0,01:18:44.425,01:18:48.288,"Wait, Martha. Let's, let's see, let's see what God is saying.",Dr. Khalifa
12 Quran Study From Behrouz 212 Behrouz's Khutba Edip  Yuksel's Exposure 01 25 1990,https://www.youtube.com/watch?v=jYTRnyx-9L0,01:18:49.612,01:18:55.489,"I wanna reiterate what Behrouz said that we, we all love Edip. We're trying to step him out of it. He's in deep, deep trouble.",Dr. Khalifa
12 Quran Study From Behrouz 212 Behrouz's Khutba Edip  Yuksel's Exposure 01 25 1990,https://www.youtube.com/watch?v=jYTRnyx-9L0,01:18:56.091,01:18:58.332,"Satan, remember Satan believed in God.",Dr. Khalifa
12 Quran Study From Behrouz 212 Behrouz's Khutba Edip  Yuksel's Exposure 01 25 1990,https://www.youtube.com/watch?v=jYTRnyx-9L0,01:18:59.175,01:19:00.754,Satan knew God.,Dr. Khalifa
12 Quran Study From Behrouz 212 Behrouz's Khutba Edip  Yuksel's Exposure 01 25 1990,https://www.youtube.com/watch?v=jYTRnyx-9L0,01:19:01.081,01:19:05.210,But he was kicked out of God's kingdom because of ego.,Dr. Khalifa
12 Quran Study From Behrouz 212 Behrouz's Khutba Edip  Yuksel's Exposure 01 25 1990,https://www.youtube.com/watch?v=jYTRnyx-9L0,01:19:05.843,01:19:10.635,"We read in, on page 465, verse 65, Sura 39.",Dr. Khalifa
12 Quran Study From Behrouz 212 Behrouz's Khutba Edip  Yuksel's Exposure 01 25 1990,https://www.youtube.com/watch?v=jYTRnyx-9L0,01:19:10.936,01:19:12.635,"[39:65]  It has been revealed to you, ...",Dr. Khalifa
12 Quran Study From Behrouz 212 Behrouz's Khutba Edip  Yuksel's Exposure 01 25 1990,https://www.youtube.com/watch?v=jYTRnyx-9L0,01:19:13.919,01:19:16.063,And this means every messenger.,Dr. Khalifa
12 Quran Study From Behrouz 212 Behrouz's Khutba Edip  Yuksel's Exposure 01 25 1990,https://www.youtube.com/watch?v=jYTRnyx-9L0,01:19:17.808,01:19:19.450,[39:65]  ... and to those before you ...,Dr. Khalifa
12 Quran Study From Behrouz 212 Behrouz's Khutba Edip  Yuksel's Exposure 01 25 1990,https://www.youtube.com/watch?v=jYTRnyx-9L0,01:19:19.932,01:19:20.908,every messenger,Dr. Khalifa
12 Quran Study From Behrouz 212 Behrouz's Khutba Edip  Yuksel's Exposure 01 25 1990,https://www.youtube.com/watch?v=jYTRnyx-9L0,01:19:21.149,01:19:28.074,"[39:65]  ... that if you ever commit idol worship, all your works will be nullified, and you will be with the losers.",Dr. Khalifa
12 Quran Study From Behrouz 212 Behrouz's Khutba Edip  Yuksel's Exposure 01 25 1990,https://www.youtube.com/watch?v=jYTRnyx-9L0,01:19:30.000,01:19:35.936,"To, to idolize one's opinion is stated in the
Quran as idol worship, stated very clearly.",Dr. Khalifa
12 Quran Study From Behrouz 212 Behrouz's Khutba Edip  Yuksel's Exposure 01 25 1990,https://www.youtube.com/watch?v=jYTRnyx-9L0,01:19:36.769,01:19:42.584,"Idolize one's opinion means you hold fast
to it. Just like Dr. Sabahi spotted it.",Dr. Khalifa
12 Quran Study From Behrouz 212 Behrouz's Khutba Edip  Yuksel's Exposure 01 25 1990,https://www.youtube.com/watch?v=jYTRnyx-9L0,01:19:44.366,01:19:51.144,"And, and, and nothing will stand in your, nothing will stand in the way of your opinion. You just hold, this is, this is idol worship.",Dr. Khalifa
12 Quran Study From Behrouz 212 Behrouz's Khutba Edip  Yuksel's Exposure 01 25 1990,https://www.youtube.com/watch?v=jYTRnyx-9L0,01:19:52.061,01:19:54.265,Everybody knows Edip is a believer.,Dr. Khalifa
12 Quran Study From Behrouz 212 Behrouz's Khutba Edip  Yuksel's Exposure 01 25 1990,https://www.youtube.com/watch?v=jYTRnyx-9L0,01:19:54.566,01:19:56.649,Everybody knows Edip is knowledgeable.,Dr. Khalifa
12 Quran Study From Behrouz 212 Behrouz's Khutba Edip  Yuksel's Exposure 01 25 1990,https://www.youtube.com/watch?v=jYTRnyx-9L0,01:19:58.996,01:20:00.661,Everybody knows he's sincere.,Dr. Khalifa
12 Quran Study From Behrouz 212 Behrouz's Khutba Edip  Yuksel's Exposure 01 25 1990,https://www.youtube.com/watch?v=jYTRnyx-9L0,01:20:00.661,01:20:06.235,"But the danger he's in now is that he may
fall into this, 65. He may nullify all his work.",Dr. Khalifa
12 Quran Study From Behrouz 212 Behrouz's Khutba Edip  Yuksel's Exposure 01 25 1990,https://www.youtube.com/watch?v=jYTRnyx-9L0,01:20:07.481,01:20:10.046,We have to remember that Satan believed in God.,Dr. Khalifa
12 Quran Study From Behrouz 212 Behrouz's Khutba Edip  Yuksel's Exposure 01 25 1990,https://www.youtube.com/watch?v=jYTRnyx-9L0,01:20:10.046,01:20:15.740,"And out of love, all of us, we are, we are trying to help him. In fact, they made a committee,",Dr. Khalifa
12 Quran Study From Behrouz 212 Behrouz's Khutba Edip  Yuksel's Exposure 01 25 1990,https://www.youtube.com/watch?v=jYTRnyx-9L0,01:20:15.740,01:20:19.305,"Behrouz, Muhtesem and Mahood and they wanted to talk to him.",Dr. Khalifa
12 Quran Study From Behrouz 212 Behrouz's Khutba Edip  Yuksel's Exposure 01 25 1990,https://www.youtube.com/watch?v=jYTRnyx-9L0,01:20:20.616,01:20:22.315,"Dr. Khalifa: To, to help him.",Dr. Khalifa
12 Quran Study From Behrouz 212 Behrouz's Khutba Edip  Yuksel's Exposure 01 25 1990,https://www.youtube.com/watch?v=jYTRnyx-9L0,01:20:22.857,01:20:25.866,"Dr. Khalifa: Not to attack him.
Edip: Rashad, why you didn't inquire (unintelligible)",Dr. Khalifa
12 Quran Study From Behrouz 212 Behrouz's Khutba Edip  Yuksel's Exposure 01 25 1990,https://www.youtube.com/watch?v=jYTRnyx-9L0,01:20:25.866,01:20:28.167,Dr. Khalifa: Dr. Masoud is trying to talk for a long time.,Dr. Khalifa
12 Quran Study From Behrouz 212 Behrouz's Khutba Edip  Yuksel's Exposure 01 25 1990,https://www.youtube.com/watch?v=jYTRnyx-9L0,01:20:28.167,01:20:29.552,Dr. Masoud: Yes. (unintelligible),Dr. Masoud
12 Quran Study From Behrouz 212 Behrouz's Khutba Edip  Yuksel's Exposure 01 25 1990,https://www.youtube.com/watch?v=jYTRnyx-9L0,01:20:29.552,01:20:32.696,"Dr. Khalifa: Go ahead.
Dr. Masoud: Dr. Khalifa, as a new believer, Alhamdu Lillah.",Dr. Khalifa
12 Quran Study From Behrouz 212 Behrouz's Khutba Edip  Yuksel's Exposure 01 25 1990,https://www.youtube.com/watch?v=jYTRnyx-9L0,01:20:32.696,01:20:36.742,"Dr. Masoud: One of the side attractions of this place, I call it side attraction,",Dr. Masoud
12 Quran Study From Behrouz 212 Behrouz's Khutba Edip  Yuksel's Exposure 01 25 1990,https://www.youtube.com/watch?v=jYTRnyx-9L0,01:20:36.742,01:20:40.849,"Because the main attraction here for me is
God's word, God's message.",Dr. Masoud
12 Quran Study From Behrouz 212 Behrouz's Khutba Edip  Yuksel's Exposure 01 25 1990,https://www.youtube.com/watch?v=jYTRnyx-9L0,01:20:41.270,01:20:45.000,"The side attraction for me here was the closeness,",Dr. Masoud
12 Quran Study From Behrouz 212 Behrouz's Khutba Edip  Yuksel's Exposure 01 25 1990,https://www.youtube.com/watch?v=jYTRnyx-9L0,01:20:45.000,01:20:48.385,"Dr. Masoud: the family, atmosphere that I saw with you.
Dr. Khalifa: Yes. Right.",Dr. Masoud
12 Quran Study From Behrouz 212 Behrouz's Khutba Edip  Yuksel's Exposure 01 25 1990,https://www.youtube.com/watch?v=jYTRnyx-9L0,01:20:48.385,01:20:54.357,"Dr. Masoud: You know, being from Iran, being a Shia, Shia
that they taught us,",Dr. Masoud
12 Quran Study From Behrouz 212 Behrouz's Khutba Edip  Yuksel's Exposure 01 25 1990,https://www.youtube.com/watch?v=jYTRnyx-9L0,01:20:54.357,01:20:56.839,I haven't seen anything like this.,Dr. Masoud
12 Quran Study From Behrouz 212 Behrouz's Khutba Edip  Yuksel's Exposure 01 25 1990,https://www.youtube.com/watch?v=jYTRnyx-9L0,01:20:56.839,01:21:01.270,"And this was very, very attractive for me. I brought all my family over here.",Dr. Masoud
12 Quran Study From Behrouz 212 Behrouz's Khutba Edip  Yuksel's Exposure 01 25 1990,https://www.youtube.com/watch?v=jYTRnyx-9L0,01:21:01.270,01:21:07.807,"But what I saw today in the Khutba, and
what I saw today here, is completely different",Dr. Masoud
12 Quran Study From Behrouz 212 Behrouz's Khutba Edip  Yuksel's Exposure 01 25 1990,https://www.youtube.com/watch?v=jYTRnyx-9L0,01:21:07.807,01:21:11.395,"from what I have been thinking during these
past two months of coming over here.",Dr. Masoud
12 Quran Study From Behrouz 212 Behrouz's Khutba Edip  Yuksel's Exposure 01 25 1990,https://www.youtube.com/watch?v=jYTRnyx-9L0,01:21:13.065,01:21:15.931,You taught me that the prophet is a human.,Dr. Masoud
12 Quran Study From Behrouz 212 Behrouz's Khutba Edip  Yuksel's Exposure 01 25 1990,https://www.youtube.com/watch?v=jYTRnyx-9L0,01:21:15.931,01:21:18.376,"I did never, really never thought that the prophet was
human.",Dr. Masoud
12 Quran Study From Behrouz 212 Behrouz's Khutba Edip  Yuksel's Exposure 01 25 1990,https://www.youtube.com/watch?v=jYTRnyx-9L0,01:21:18.376,01:21:23.950,"I thought prophet was walking with a halo, you know,
over his head. You couldn't see his face. All these things.",Dr. Masoud
12 Quran Study From Behrouz 212 Behrouz's Khutba Edip  Yuksel's Exposure 01 25 1990,https://www.youtube.com/watch?v=jYTRnyx-9L0,01:21:23.950,01:21:30.000,"Dr. Masoud: I came over here and I saw that the prophet
is somebody like me, and somebody like you. You can talk to him.
Dr. Khalifa: Messenger.",Dr. Masoud
12 Quran Study From Behrouz 212 Behrouz's Khutba Edip  Yuksel's Exposure 01 25 1990,https://www.youtube.com/watch?v=jYTRnyx-9L0,01:21:30.000,01:21:31.843,Dr. Masoud: You can go and ask him questions.,Dr. Masoud
12 Quran Study From Behrouz 212 Behrouz's Khutba Edip  Yuksel's Exposure 01 25 1990,https://www.youtube.com/watch?v=jYTRnyx-9L0,01:21:31.843,01:21:34.505,"Dr. Masoud: But now you are just completely different.
Dr. Khalifa: This will never change.",Dr. Masoud
12 Quran Study From Behrouz 212 Behrouz's Khutba Edip  Yuksel's Exposure 01 25 1990,https://www.youtube.com/watch?v=jYTRnyx-9L0,01:21:34.505,01:21:35.482,Dr. Khalifa: This will never change.,Dr. Khalifa
12 Quran Study From Behrouz 212 Behrouz's Khutba Edip  Yuksel's Exposure 01 25 1990,https://www.youtube.com/watch?v=jYTRnyx-9L0,01:21:35.482,01:21:37.482,"Dr. Masoud: And this is really, really disappointing.",Dr. Masoud
12 Quran Study From Behrouz 212 Behrouz's Khutba Edip  Yuksel's Exposure 01 25 1990,https://www.youtube.com/watch?v=jYTRnyx-9L0,01:21:37.515,01:21:41.141,"Dr. Khalifa: What do you think Behrouz said, and what do
you think should be done?",Dr. Khalifa
12 Quran Study From Behrouz 212 Behrouz's Khutba Edip  Yuksel's Exposure 01 25 1990,https://www.youtube.com/watch?v=jYTRnyx-9L0,01:21:41.141,01:21:46.030,"Dr. Masoud: I cannot judge on that because I don't know really, I cannot retroactive, you know, what happened over there.",Dr. Masoud
12 Quran Study From Behrouz 212 Behrouz's Khutba Edip  Yuksel's Exposure 01 25 1990,https://www.youtube.com/watch?v=jYTRnyx-9L0,01:21:46.030,01:21:52.725,"So, I'm not going, I'm going to leave these two together. But we are going to go back to the community that Dr. Sabahi was in.",Dr. Masoud
12 Quran Study From Behrouz 212 Behrouz's Khutba Edip  Yuksel's Exposure 01 25 1990,https://www.youtube.com/watch?v=jYTRnyx-9L0,01:21:52.966,01:21:54.484,Dr. Masoud: We are going to love each other.,Dr. Masoud
12 Quran Study From Behrouz 212 Behrouz's Khutba Edip  Yuksel's Exposure 01 25 1990,https://www.youtube.com/watch?v=jYTRnyx-9L0,01:21:54.484,01:21:56.183,"Dr. Masoud: We are going to respect each other.
Dr. Khalifa: Yes.",Dr. Masoud
12 Quran Study From Behrouz 212 Behrouz's Khutba Edip  Yuksel's Exposure 01 25 1990,https://www.youtube.com/watch?v=jYTRnyx-9L0,01:21:56.183,01:21:59.146,"Dr. Masoud: And we are going to apologize to each other, every one of us.",Dr. Masoud
12 Quran Study From Behrouz 212 Behrouz's Khutba Edip  Yuksel's Exposure 01 25 1990,https://www.youtube.com/watch?v=jYTRnyx-9L0,01:21:59.146,01:22:02.771,"Dr. Masoud: For what happened over here today and what
we are teaching our children today.",Dr. Masoud
12 Quran Study From Behrouz 212 Behrouz's Khutba Edip  Yuksel's Exposure 01 25 1990,https://www.youtube.com/watch?v=jYTRnyx-9L0,01:22:03.171,01:22:09.697,"Dr. Khalifa: This is exactly what Behrouz was calling for. He doesn't want, he wants to follow what, what God is saying",Dr. Khalifa
12 Quran Study From Behrouz 212 Behrouz's Khutba Edip  Yuksel's Exposure 01 25 1990,https://www.youtube.com/watch?v=jYTRnyx-9L0,01:22:09.697,01:22:13.225,to ensure that we are a family. Because God said the believers are a family.,Dr. Khalifa
12 Quran Study From Behrouz 212 Behrouz's Khutba Edip  Yuksel's Exposure 01 25 1990,https://www.youtube.com/watch?v=jYTRnyx-9L0,01:22:13.225,01:22:14.077,Dr. Khalifa: Douglas.,Dr. Khalifa
12 Quran Study From Behrouz 212 Behrouz's Khutba Edip  Yuksel's Exposure 01 25 1990,https://www.youtube.com/watch?v=jYTRnyx-9L0,01:22:14.833,01:22:18.276,"Douglas: In Sura 39, verse 18, God says,",Douglas
12 Quran Study From Behrouz 212 Behrouz's Khutba Edip  Yuksel's Exposure 01 25 1990,https://www.youtube.com/watch?v=jYTRnyx-9L0,01:22:18.276,01:22:27.138,"[39:18]  They are the ones who examine all words, then follow the best. These are the ones whom GOD has guided; these are the ones who possess intelligence.",Douglas
12 Quran Study From Behrouz 212 Behrouz's Khutba Edip  Yuksel's Exposure 01 25 1990,https://www.youtube.com/watch?v=jYTRnyx-9L0,01:22:27.731,01:22:36.435,And I think that one of the things that Satan's doing here is that he is making people feel that their words are better than someone else's.,Douglas
12 Quran Study From Behrouz 212 Behrouz's Khutba Edip  Yuksel's Exposure 01 25 1990,https://www.youtube.com/watch?v=jYTRnyx-9L0,01:22:36.773,01:22:40.727,And what we're supposed to do is that whenever we discuss anything or follow,Douglas
12 Quran Study From Behrouz 212 Behrouz's Khutba Edip  Yuksel's Exposure 01 25 1990,https://www.youtube.com/watch?v=jYTRnyx-9L0,01:22:40.727,01:22:45.000,"the messenger of God or what have you, the ultimate is always God's words.",Douglas
12 Quran Study From Behrouz 212 Behrouz's Khutba Edip  Yuksel's Exposure 01 25 1990,https://www.youtube.com/watch?v=jYTRnyx-9L0,01:22:45.273,01:22:50.427,"Another verse in the Quran is in Sura 58,
verse 10. It says,",Douglas
12 Quran Study From Behrouz 212 Behrouz's Khutba Edip  Yuksel's Exposure 01 25 1990,https://www.youtube.com/watch?v=jYTRnyx-9L0,01:22:50.427,01:22:55.339,"[58:10]  Secret conspiracy is the devil's idea, through which he seeks to hurt those who believed. ...",Douglas
12 Quran Study From Behrouz 212 Behrouz's Khutba Edip  Yuksel's Exposure 01 25 1990,https://www.youtube.com/watch?v=jYTRnyx-9L0,01:22:55.917,01:22:58.121,He seeks to hurt those who believe.,Douglas
12 Quran Study From Behrouz 212 Behrouz's Khutba Edip  Yuksel's Exposure 01 25 1990,https://www.youtube.com/watch?v=jYTRnyx-9L0,01:22:58.422,01:23:03.070,"[58:10] ... However, he cannot hurt them against GOD's will. In GOD the believers shall trust.",Douglas
12 Quran Study From Behrouz 212 Behrouz's Khutba Edip  Yuksel's Exposure 01 25 1990,https://www.youtube.com/watch?v=jYTRnyx-9L0,01:23:03.343,01:23:09.038,"And I think we all should remember that God
says in the Quran that He's aware of the innermost thoughts.",Douglas
12 Quran Study From Behrouz 212 Behrouz's Khutba Edip  Yuksel's Exposure 01 25 1990,https://www.youtube.com/watch?v=jYTRnyx-9L0,01:23:09.038,01:23:14.191,"And He will cause to come
forth in us all of our weaknesses.",Douglas
12 Quran Study From Behrouz 212 Behrouz's Khutba Edip  Yuksel's Exposure 01 25 1990,https://www.youtube.com/watch?v=jYTRnyx-9L0,01:23:14.519,01:23:21.598,"That He will bring out our weaknesses according
to His will and that when these weaknesses come out,",Douglas
12 Quran Study From Behrouz 212 Behrouz's Khutba Edip  Yuksel's Exposure 01 25 1990,https://www.youtube.com/watch?v=jYTRnyx-9L0,01:23:21.598,01:23:30.904,"if we are really sincere and we worship God alone, we will pray to Allah to face them in ourselves and we will follow what is best.",Douglas
12 Quran Study From Behrouz 212 Behrouz's Khutba Edip  Yuksel's Exposure 01 25 1990,https://www.youtube.com/watch?v=jYTRnyx-9L0,01:23:31.154,01:23:35.043,"We will follow and examine the words and follow what, what is best",Douglas
12 Quran Study From Behrouz 212 Behrouz's Khutba Edip  Yuksel's Exposure 01 25 1990,https://www.youtube.com/watch?v=jYTRnyx-9L0,01:23:35.043,01:23:40.534,and we will not try to defend our own weaknesses and our own opinions and our own words.,Douglas
12 Quran Study From Behrouz 212 Behrouz's Khutba Edip  Yuksel's Exposure 01 25 1990,https://www.youtube.com/watch?v=jYTRnyx-9L0,01:23:41.135,01:23:47.191,"Because I, I think all of us do and God knows
this. This is an extremely critical time.",Douglas
12 Quran Study From Behrouz 212 Behrouz's Khutba Edip  Yuksel's Exposure 01 25 1990,https://www.youtube.com/watch?v=jYTRnyx-9L0,01:23:47.191,01:23:53.728,"Not just this situation, but in a very short
time and I think all of us feel this.",Douglas
12 Quran Study From Behrouz 212 Behrouz's Khutba Edip  Yuksel's Exposure 01 25 1990,https://www.youtube.com/watch?v=jYTRnyx-9L0,01:23:54.495,01:24:02.417,"The miracle in the Quran, the awareness that Rashad is the Messenger of the Covenant is going to spread like wildfire.",Douglas
12 Quran Study From Behrouz 212 Behrouz's Khutba Edip  Yuksel's Exposure 01 25 1990,https://www.youtube.com/watch?v=jYTRnyx-9L0,01:24:03.056,01:24:08.691,It is going to spread like wildfire. It's almost as if we are on the verge,Douglas
12 Quran Study From Behrouz 212 Behrouz's Khutba Edip  Yuksel's Exposure 01 25 1990,https://www.youtube.com/watch?v=jYTRnyx-9L0,01:24:08.691,01:24:12.037,"Douglas: of major events that, and so the family",Douglas
12 Quran Study From Behrouz 212 Behrouz's Khutba Edip  Yuksel's Exposure 01 25 1990,https://www.youtube.com/watch?v=jYTRnyx-9L0,01:24:12.037,01:24:14.218,"Douglas: has to be prepared.
Dr. Khalifa: And Satan doesn't like,",Douglas
12 Quran Study From Behrouz 212 Behrouz's Khutba Edip  Yuksel's Exposure 01 25 1990,https://www.youtube.com/watch?v=jYTRnyx-9L0,01:24:14.218,01:24:15.408,"Dr. Khalifa: Satan doesn't like it.
Douglas: When you,",Dr. Khalifa
12 Quran Study From Behrouz 212 Behrouz's Khutba Edip  Yuksel's Exposure 01 25 1990,https://www.youtube.com/watch?v=jYTRnyx-9L0,01:24:15.408,01:24:21.403,"Douglas: when you know that people are coming to your house, what do you do? You run and pick up the trash and straighten up and try to make it look good.",Douglas
12 Quran Study From Behrouz 212 Behrouz's Khutba Edip  Yuksel's Exposure 01 25 1990,https://www.youtube.com/watch?v=jYTRnyx-9L0,01:24:21.403,01:24:25.871,"Douglas: We have to be prepared for what is about to
take place.",Douglas
12 Quran Study From Behrouz 212 Behrouz's Khutba Edip  Yuksel's Exposure 01 25 1990,https://www.youtube.com/watch?v=jYTRnyx-9L0,01:24:26.653,01:24:30.699,Dr. Khalifa: Alhamdu Lillah. Let us now turn to God and ask him. God never turns us down.,Dr. Khalifa
12 Quran Study From Behrouz 212 Behrouz's Khutba Edip  Yuksel's Exposure 01 25 1990,https://www.youtube.com/watch?v=jYTRnyx-9L0,01:24:30.699,01:24:35.769,"We're going to recite Al-Fãtehah that He may
keep us all in His path and not a single one in this place,",Dr. Khalifa
12 Quran Study From Behrouz 212 Behrouz's Khutba Edip  Yuksel's Exposure 01 25 1990,https://www.youtube.com/watch?v=jYTRnyx-9L0,01:24:35.769,01:24:40.899,"not a single one is to, to, to be driven away from the path of God.",Dr. Khalifa
12 Quran Study From Behrouz 212 Behrouz's Khutba Edip  Yuksel's Exposure 01 25 1990,https://www.youtube.com/watch?v=jYTRnyx-9L0,01:24:41.260,01:24:45.482,"So, we'll leave it in God's hand. He is the only One who can solve our problems.",Dr. Khalifa
12 Quran Study From Behrouz 212 Behrouz's Khutba Edip  Yuksel's Exposure 01 25 1990,https://www.youtube.com/watch?v=jYTRnyx-9L0,01:24:45.482,01:24:46.700,Al-Fãtehah,Dr. Khalifa
12 Quran Study From Behrouz 212 Behrouz's Khutba Edip  Yuksel's Exposure 01 25 1990,https://www.youtube.com/watch?v=jYTRnyx-9L0,01:24:46.941,01:25:06.877,"Bism Allah Arrahman Arraheem (1:1)
Al hamdu Lillahi Rabbil ‘Alameen (1:2)
Arrahman Arraheem (1:3)
Maliki Yawm Eddeen (1:4)
Eyyaka Na’abudu Wa Eyyaka Nasta’aeen (1:5)
Ehdina Al-Serata Al-Mustaqeem (1:6)
Serata Al-Lazeena An’amta ‘Alayhim Ghayri Al-Maghdoobi ‘Alayhim Wa Laddaalleen (1:7)",Dr. Khalifa
12 Quran Study From Behrouz 212 Behrouz's Khutba Edip  Yuksel's Exposure 01 25 1990,https://www.youtube.com/watch?v=jYTRnyx-9L0,01:25:06.877,01:25:09.081,Our teacher tonight is Apamea.,Dr. Khalifa
12 Quran Study From Behrouz 212 Behrouz's Khutba Edip  Yuksel's Exposure 01 25 1990,https://www.youtube.com/watch?v=jYTRnyx-9L0,01:25:09.081,01:25:10.984,And we're at verse...,Dr. Khalifa
12 Quran Study From Behrouz 212 Behrouz's Khutba Edip  Yuksel's Exposure 01 25 1990,https://www.youtube.com/watch?v=jYTRnyx-9L0,01:25:11.893,01:25:13.254,Dr. Khalifa: What is the verse?,Dr. Khalifa
12 Quran Study From Behrouz 212 Behrouz's Khutba Edip  Yuksel's Exposure 01 25 1990,https://www.youtube.com/watch?v=jYTRnyx-9L0,01:25:13.615,01:25:16.264,"Apamea: Only I don't wanna teach. I don't wanna teach.
Lisa: (unintelligible) out of it.",Apamea
12 Quran Study From Behrouz 212 Behrouz's Khutba Edip  Yuksel's Exposure 01 25 1990,https://www.youtube.com/watch?v=jYTRnyx-9L0,01:25:16.565,01:25:17.709,Dr. Khalifa: Yes.,Dr. Khalifa
12 Quran Study From Behrouz 212 Behrouz's Khutba Edip  Yuksel's Exposure 01 25 1990,https://www.youtube.com/watch?v=jYTRnyx-9L0,01:25:17.709,01:25:19.250,Dr. Khalifa: We're at verse number what?,Dr. Khalifa
12 Quran Study From Behrouz 212 Behrouz's Khutba Edip  Yuksel's Exposure 01 25 1990,https://www.youtube.com/watch?v=jYTRnyx-9L0,01:25:19.250,01:25:20.536,Apamea: 130.,Apamea
12 Quran Study From Behrouz 212 Behrouz's Khutba Edip  Yuksel's Exposure 01 25 1990,https://www.youtube.com/watch?v=jYTRnyx-9L0,01:25:21.740,01:25:25.082,Dr. Khalifa: Page 66. Verse 130.,Dr. Khalifa
12 Quran Study From Behrouz 212 Behrouz's Khutba Edip  Yuksel's Exposure 01 25 1990,https://www.youtube.com/watch?v=jYTRnyx-9L0,01:25:28.212,01:25:30.994,Apamea: Bism Allah Arrahman Arraheem.,Apamea
12 Quran Study From Behrouz 212 Behrouz's Khutba Edip  Yuksel's Exposure 01 25 1990,https://www.youtube.com/watch?v=jYTRnyx-9L0,01:25:34.605,01:25:37.117,أعوذ بِٱللَّهِ مِنَ ٱلشَّيْطَـٰنِ ٱلرَّجِيمِ,Apamea
12 Quran Study From Behrouz 212 Behrouz's Khutba Edip  Yuksel's Exposure 01 25 1990,https://www.youtube.com/watch?v=jYTRnyx-9L0,01:25:38.946,01:25:40.233,Apamea: Verse 130.,Apamea
12 Quran Study From Behrouz 212 Behrouz's Khutba Edip  Yuksel's Exposure 01 25 1990,https://www.youtube.com/watch?v=jYTRnyx-9L0,01:25:40.233,01:25:49.095,"[3:130]  O you who believe, you shall not take usury, compounded over and over. You shall observe GOD, that you may succeed.",Apamea
12 Quran Study From Behrouz 212 Behrouz's Khutba Edip  Yuksel's Exposure 01 25 1990,https://www.youtube.com/watch?v=jYTRnyx-9L0,01:25:49.637,01:25:53.443,[3:131]  Beware of the hellfire that awaits the disbelievers.,Apamea
12 Quran Study From Behrouz 212 Behrouz's Khutba Edip  Yuksel's Exposure 01 25 1990,https://www.youtube.com/watch?v=jYTRnyx-9L0,01:25:53.804,01:25:58.392,"[3:132]  You shall obey GOD and the messenger, that you may attain mercy.",Apamea
12 Quran Study From Behrouz 212 Behrouz's Khutba Edip  Yuksel's Exposure 01 25 1990,https://www.youtube.com/watch?v=jYTRnyx-9L0,01:26:00.860,01:26:02.860,I'll stop here.,Apamea
12 Quran Study From Behrouz 212 Behrouz's Khutba Edip  Yuksel's Exposure 01 25 1990,https://www.youtube.com/watch?v=jYTRnyx-9L0,01:26:03.389,01:26:09.144,"We have discussed in great deal, detail about usury
a few weeks ago.",Apamea
12 Quran Study From Behrouz 212 Behrouz's Khutba Edip  Yuksel's Exposure 01 25 1990,https://www.youtube.com/watch?v=jYTRnyx-9L0,01:26:09.505,01:26:15.000,"But going back to one of the verses, chapter
2, verse 275.",Apamea
12 Quran Study From Behrouz 212 Behrouz's Khutba Edip  Yuksel's Exposure 01 25 1990,https://www.youtube.com/watch?v=jYTRnyx-9L0,01:26:17.874,01:26:20.619,There is a good section about this.,Apamea
12 Quran Study From Behrouz 212 Behrouz's Khutba Edip  Yuksel's Exposure 01 25 1990,https://www.youtube.com/watch?v=jYTRnyx-9L0,01:26:21.064,01:26:48.306,"[2:275]  Those who take usury are in the same position as those who are possessed by the devil. This is because they claim that usury is the same as trade. GOD has made trade lawful, and has made usury unlawful. Whoever heeds this commandment from his Lord, and refrains from usury, he may keep his past earnings, and his judgment rests with GOD. As for those who persist, they incur Hell, they abide therein forever.",Apamea
12 Quran Study From Behrouz 212 Behrouz's Khutba Edip  Yuksel's Exposure 01 25 1990,https://www.youtube.com/watch?v=jYTRnyx-9L0,01:26:48.306,01:26:50.450,This is exactly what God is telling us here.,Apamea
12 Quran Study From Behrouz 212 Behrouz's Khutba Edip  Yuksel's Exposure 01 25 1990,https://www.youtube.com/watch?v=jYTRnyx-9L0,01:26:50.450,01:26:54.557,"And we should realize what the difference
is between trade and usury,",Apamea
12 Quran Study From Behrouz 212 Behrouz's Khutba Edip  Yuksel's Exposure 01 25 1990,https://www.youtube.com/watch?v=jYTRnyx-9L0,01:26:54.557,01:26:59.687,"where usury is lending money at excessive
interest and taking advantage of the situation.",Apamea
12 Quran Study From Behrouz 212 Behrouz's Khutba Edip  Yuksel's Exposure 01 25 1990,https://www.youtube.com/watch?v=jYTRnyx-9L0,01:26:59.687,01:27:04.997,"Especially in this section, where God is teaching
us about the war. It was war time.",Apamea
12 Quran Study From Behrouz 212 Behrouz's Khutba Edip  Yuksel's Exposure 01 25 1990,https://www.youtube.com/watch?v=jYTRnyx-9L0,01:27:05.971,01:27:09.017,We have talked about the battle of Badr last week.,Apamea
12 Quran Study From Behrouz 212 Behrouz's Khutba Edip  Yuksel's Exposure 01 25 1990,https://www.youtube.com/watch?v=jYTRnyx-9L0,01:27:09.679,01:27:15.947,"And some people, because of the economic situation,
could very much take advantage of that,",Apamea
12 Quran Study From Behrouz 212 Behrouz's Khutba Edip  Yuksel's Exposure 01 25 1990,https://www.youtube.com/watch?v=jYTRnyx-9L0,01:27:15.947,01:27:17.549,and hurt others.,Apamea
12 Quran Study From Behrouz 212 Behrouz's Khutba Edip  Yuksel's Exposure 01 25 1990,https://www.youtube.com/watch?v=jYTRnyx-9L0,01:27:17.971,01:27:21.920,And God teaches us that that is evil.,Apamea
12 Quran Study From Behrouz 212 Behrouz's Khutba Edip  Yuksel's Exposure 01 25 1990,https://www.youtube.com/watch?v=jYTRnyx-9L0,01:27:21.920,01:27:30.805,"And the people who commit this wicked act,
their place is in the hellfire and they are disbelievers.",Apamea
12 Quran Study From Behrouz 212 Behrouz's Khutba Edip  Yuksel's Exposure 01 25 1990,https://www.youtube.com/watch?v=jYTRnyx-9L0,01:27:31.684,01:27:38.282,"And definitely, this is given to us many times
from God and the messenger confirms it.",Apamea
12 Quran Study From Behrouz 212 Behrouz's Khutba Edip  Yuksel's Exposure 01 25 1990,https://www.youtube.com/watch?v=jYTRnyx-9L0,01:27:38.282,01:27:46.204,"And we should attain certainty about it and have... so that
we can have mercy from God.",Apamea
12 Quran Study From Behrouz 212 Behrouz's Khutba Edip  Yuksel's Exposure 01 25 1990,https://www.youtube.com/watch?v=jYTRnyx-9L0,01:27:47.949,01:27:49.949,(unintelligible),Apamea
12 Quran Study From Behrouz 212 Behrouz's Khutba Edip  Yuksel's Exposure 01 25 1990,https://www.youtube.com/watch?v=jYTRnyx-9L0,01:27:51.079,01:27:52.440,Do you have any comments?,Apamea
12 Quran Study From Behrouz 212 Behrouz's Khutba Edip  Yuksel's Exposure 01 25 1990,https://www.youtube.com/watch?v=jYTRnyx-9L0,01:27:53.162,01:27:55.546,"A man: I have a quick comment.
A woman: He has a (unintelligible)",A man
12 Quran Study From Behrouz 212 Behrouz's Khutba Edip  Yuksel's Exposure 01 25 1990,https://www.youtube.com/watch?v=jYTRnyx-9L0,01:27:56.329,01:28:02.200,A man: The very concept of usury. Usury as a practice...,A man
