pdf_page,printed_page,blank_page,transcription_text,arabic_text
1,,False,"VOLUME 1  •  Jumādā II, 1394 / July, 1974  •  NUMBER 2

ISLAM

An International Journal Expressing the Islamic Point of View

EDITORS
Dr. Muḥammad 'Abdul-Rauf (Washington, D.C., U.S.A.)
Dr. Mujāhid Al-Ṣawwāf (Mecca, Saudi Arabia)
Dr. Rashād Khalīfa (St. Louis, Missouri, U.S.A.)
S. Shāhid Mufassir (Palmer Park, Maryland, U.S.A.)
Dr. Hārūn Nasution (Jakarta, Indonesia)
Dr. Altān Necioĝlu (Ankara, Turkey)
Dr. Aḥmad H. Ṣaqr (Lombard, Illinois U.S.A.)
Muḥammad Sirājuddīn (Hyderabad, India)
Dr. Yūsuf Amīn Wālī (Cairo, Egypt)

PUBLISHED QUARTERLY by Islamic Productions International, Inc.
COPYRIGHT © 1974, ISLAMIC PRODUCTIONS INTERNATIONAL, INC.
PRINTED IN THE UNITED STATES OF AMERICA",بسم الله الرحمن الرحيم
2,,False,"IN TH[E NAME OF...] (text bleeding through from the following page, only a fragment visible at the right edge)","حسبنا الله ونعم الوكيل

لا حول ولا قوة إلا بالله العلي العظيم

وصل الله على سيدنا محمد النبي الأمي وعلى آله وصحبه وسلم"
3,,False,"IN THE NAME OF GOD, THE COMPASSIONATE, THE MERCIFUL

Say, ""If the ocean were an ink-well for the words of my Lord, the ocean would run out before the words of my Lord run out, even if twice as much ink were provided.""

(Qur'an 18:109)","بسم الله الرحمن الرحيم
قل لو كان البحر مدادا لكلمات ربي لنفد البحر قبل أن تنفد كلمات ربي ولو جئنا بمثله مددا"
4,,False,"Notes to Authors

It the policy of this Journal to publish articles in English in all fields of ISLAM provided they are of a high caliber and contribute to the fundamental knowledge of the religion. In keeping with the universal nature of Islam, this journal is not intended to reflect any political, regional, or nationalistic bias. Articles containing unwarranted attacks, direct or implied, against any other religion, sect, belief, or ideology, shall not be accepted for publication. The journal's sole objective is to work within the framework of ISLAM towards a full appreciation of God's message to all humanity.

The journal recognizes the sources of Islamic knowledge to be the Qur'an, the Sunna, analogy (Qiyas), consensus (Ijma'), and personal thought (Ijtihad). However, THE QUR'AN shall be the ultimate reference. Only statements in full agreement with the Qur'an shall represent the journal's official stand. All other statements, or statements subject to various interpretations shall represent only the author's personal viewpoint.

Manuscripts submitted for publication should be typed, double spaced. Only one copy is required. All Qur'anic quotations must be accompanied by the number(s) of sura(s), and the number(s) of verse(s). Colons should separate the number of sura from the number(s) of verse(s) (e.g. 17:28-33). A group of verses from the same sura should be separated from each other by commas (e.g. 17:28-33, 51, 60-62). When more than one sura are involved, a semi-colon should separate the different suras (e.g. 17:28-33, 51, 60-62; 23:16; 36:9-11, 19-25, 44). The journal will undertake to add the Arabic text to all Qur'anic translations. This is to avoid the inadvertent mental re-translation to an Arabic composition which is different from the original.

Every Hadith should be accompanied by its sources (transmitters) and the reference book where it may be found. If the transmitter(s) and/or the reference book were not known, this should be stated clearly.",
5,v,False,"Transliteration of Arabic words and names should follow the convention shown below. The only vowels should be: i (as in ibn), a (as in Ahmad), u (as in ummah), i-long (as in tafsir), a-long (as in ayat), and u-long (as in Hud).

A Convention for the Pronunciation and Transliteration of the Arabic Alphabet

Alphabet / Pronunciation / English Equivalent
Alif — A
Ba — B
Ta — T (as in Table)
Tha — Th (as in Think)
Jim — G, J
Ha (emphatic) — H
Kha — Kh
Dal — D (as in Doubt)
Dhal — Th (as in Then)
Ra — R
Zayn — Z (as in Zoo)
Sin — S (as in Sit)
Shin — Sh
Sad (emphatic) — S (as in Sun)
Dad (emphatic) — D (as in Double)
Ta (emphatic) — T (as in Tub)
Za (emphatic) — Z (as in Zombi)
'Ayn — 'A, 'U, 'I
Ghayn — Gh (French R)
Fa — F
Qaf — Q
Kaf — K
Lam — L
Mim — M
Nun — N
Ha — H
Wow — W
Ya — Y",ا ب ت ث ج ح خ د ذ ر ز س ش ص ض ط ظ ع غ ف ق ك ل م ن ه و ي
6,vi,False,"ISLAM
An International Journal Expressing the Islamic Point of View

Manuscripts should be sent to one of the following editors:

Dr. Muhammad Abdul-Rauf, Director, The Islamic Center, 2551 Massachusetts Ave., N.W., Washington, D.C. 20008

Dr. Mujahid Al-Sawwaf, Professor of Qur'anic Science, College of Islamic Law, Mecca, Saudi Arabia

Dr. Rashad Khalifa, Islamic Productions International, P.O. Box 12202, St. Louis, Missouri 63157

S. Shahid Mufassir, 8411 Barlowe Road, Palmer Park, Maryland 20785

Dr. Harun Nasution, Chancellor, State Islamic Institute, Ciputat Kebajoram Lama, Jakarta, Indonesia

Dr. Altan Necioglu, Middle East Technical University, Ankara, Turkey

Dr. Ahmad H. Saqr, Founder, Muslim Students Association of USA & Canada, P.O. Box 140, Lombard, Illinois 60148

Muhammad Sirajuddin, 5-6-266-1 New Aghabura Road, Hyderabad, India

Dr. Yusuf Amin Wali, University of 'Ain Shams, Shubral Khaima, Cairo, Egypt

The Editorial Office, ISLAM, P.O. Box 12202, St. Louis, Mo. 63157

PUBLISHED BY
Islamic Productions International, Inc.
P.O. BOX 12202, ST. LOUIS, MISSOURI 63157

Annual Subscription Rates:
U.S.A. & Canada / All Other Countries
Institutional Subscription: $18.00 / $22.00
Personal Subscription: $12.00 / $14.00",بسم الله الرحمن الرحيم
7,vii,False,"ISLAM
A publication of Islamic Productions International, Inc.

VOLUME 1  •  Jumādā II, 1394 / July, 1974  •  NUMBER 2

CONTENTS

Islam: Its Mission in the World .......... 85
Professor M. Farid Wajdi

God's Message to Humanity .......... 91
Dr. Yusuf Amin Wali

Race, Racism and Islam.......... 106
S. Shahid Mufassir

English Meanings of the Qur'an .......... 120
Rashad Khalifa

The Origin of Islamic Jurisprudence .......... 138
Dr. 'Abdul-Halim Mahmud

Islamic Concentrates:
The Aphorisms of Salamah Al-Radi .......... 142
The Invocations of 'Abdullah Ansari .......... 145
Index to the Qur'an .......... 151
The Islamic Calendar Conversion Table .......... 155

Book Review .......... 160",بسم الله الرحمن الرحيم
8,85,False,"ISLAM: Its Mission in the World
2. CONDEMNATION OF THE PRINCIPLE OF BLIND IMITATION
by Professor M. Farid Wajdi

Of all his achievements as writer, editor of Nour-el-Islam, and Professor at Al-Azhar University, Dr. Wajdi is better known for his famous Qur'anic commentary. This series of articles, which were written by him in Arabic, promises to be a most cherished feature by ALL readers of Islam.

In all ages throughout the human history, reformers were never confronted with a stronger obstacle than that of blind imitation of forefathers and leaders of old religions. This inaction has been the cause of the persistence to this day of corrupted religions whose survival in our times is a slur on the human intellect. It was equally responsible for the continual existence of certain sects which exploited the ignorance of people who were otherwise well-fitted to take their place among the rising nations but have for this reason remained in stygian darkness down to the present day.

Only one who has made a thorough study of the religions professed by the majority of contemporary nations as well as of the few hundred minor divisions derived therefrom, could appreciate the pernicious influence exercised by blind imitation over the life of people and the harm involved in the consequent antagonism to learning and reason. Next to the establishment of its principal beliefs, Islam has striven against the tendency of blind imitation into which people have long lapsed without having it examined or assayed by reason.

Indeed, this rational idea could never have been conceived by minds in those dark and remote times when humanity was yet under age. But when humanity attained maturity in the generations that followed, this idea became an essential element of the universal religion which was ordained by the Lord in His last dispensation, not only to conform with the momentous intellectual development that took place, but also to rouse the religious sentiment in the hearts of men and inspire them to still greater and higher attainments.

Those interested in the investigation of human affairs of recent times will find out that souls have discarded all moral restraints and have fallen an easy prey to unbridled passion and wickedness while the religious sentiment

ISLAM 1394/1974, 1(2): 85-90",
9,86,False,"ISLAM: ITS MISSION IN THE WORLD

which constitutes the supreme moral power mitigating those excesses, has become incapable to discharge its function in many a nation. It was on account of this that other agents were sought to counteract those excesses. Some have sought such agents in science, in the power of public opinion or in some human instinct. But the investigator who goes deeply into the initial causes of things, will soon realize that, of all human instincts, the religious sentiment is best suited to counteract those excesses and to wield the most beneficial influence over the souls of men. If, however, it has become unequal to the task in certain nations, it is only on account of the weakness which affected their religions and which was the outcome of what was impressed on the people as being traditional matters to be followed or disregarded as a whole. But if they knew that a religion existed which severely censures imitation and imitators, and insists on reasoning and consideration, a religion whose beliefs are founded on evidence and truth, and is withal framed in a system which surpasses that of modern scientific investigation in reasoning and accuracy, their hopes in regaining the influence of religion will be roused again. For once this influence is regained the religious sentiment is awakened and its power will once more be felt in the guidance of men and in setting up a virtuous civilization for the world.

It was for this reason that Islam has striven hard to overcome the obstacle of blind imitation and has attempted to do this by different ways of reasoning aiming thereby at three objects:
1. To spread its life-giving principles calculated to revive humanity in its later days.
2. To conserve for the religious sentiment its intrinsic power which enables it to restrain the human passions and safeguard the people from being carried away by wickedness.
3. To render the system of religious investigation more advanced and more accurate than that of scientific investigation so that the latter may not overwhelm the former and put it into insignificance.

This is a great objective at which Islam aimed so that reason may not hold undisputed sway over souls independent of the religious sentiment which the Lord has set to mitigate the brutal tendencies attendant on the human state and which no intellectual culture could restrain.

This could only come about by convincing reason, by proof, to give due regard to that sentiment and to admit the power exercised by it. Thus, reason will not concede unless that sentiment is established on a like system of research and investigation and is equally free of any traces of imitation unsupported by material or mental evidence.

ISLAM 1394/1974, 1(2)",
10,87,False,"M. Farid Wajdi

By so doing, Islam has succeeded to associate reason with the religious sentiment for the first time in the history of religions. It has succeeded, on the strength of these two great principles, to raise a nation which attained to the height of human progress and took the lead in both moral and scientific culture as well as in the religious leadership of the world. Islam was thus rendered equal to establish the highest civilization on earth without the conflict between religion and reason and without people degenerating in their morals and propensities as is the case in the present day civilization.

Let us now consider how far has Islam succeeded to fulfill this great project.

Islam was revealed at a time when people were the slaves of false and corrupted religions which they inherited from their forefathers and from which they could not be moved. Any one who wished to move them therefrom was regarded by them as a bitter enemy merely because he attempted to bring about a reform.

The campaign was first opened by admonitions and threats thus awakening in men the instinct of reasoning and urging them to reflection and consideration of the sad end to which past nations have come. This done, Islam began to attack the main cause which prevented them to consider any reform viz. the blind imitation of their forefathers even though they were completely in the wrong. In this connection the Lord says:

And when they are told, ""You shall follow what God has sent down,"" they say, ""We follow only what we found our forefathers doing."" What if their forefathers lacked both knowledge and guidance?
The allegory of those who disbelieve is like those who parrot whatever they hear without any understanding. They are deaf, dumb, and blind. Thus, they fail to understand. (2:170-171)

In the preceding verses, the Lord has given a representation of the state of those who were blinded by imitation. He who calls them to righteousness is likened to one who parrots whatever he hears without any comprehension. They are deaf, dumb, blind and devoid of understanding on account of their holding fast to the practices of their forefathers and refusing to put them to the test of reason.

ISLAM 1394/1974, 1(2)",وإذا قيل لهم اتبعوا ما أنزل الله قالوا بل نتبع ما ألفينا عليه آباءنا أولو كان آباؤهم لا يعقلون شيئا ولا يهتدون ومثل الذين كفروا كمثل الذي ينعق بما لا يسمع إلا دعاء ونداء صم بكم عمي فهم لا يعقلون
11,88,False,"ISLAM: ITS MISSION IN THE WORLD

The Lord says that if those unbelievers were asked to follow what the Lord has sent down, they will say ""We follow only what we found our forefathers doing,"" to which the Lord replies rousing the instinct of reason in them: ""What if their forefathers lacked both the knowledge and the guidance?""

Then the Lord gave the above representation of them which no one with a whit of pride would tolerate, provoking them thereby to seek an outlet to their sorry state.

In order to move them from this inaction, the Lord then applies different reasoning.

And when they are told, ""Come to what God has sent down; come to this Messenger,"" they say, ""Enough for us is what we found our forefathers doing."" What if their forefathers had neither knowledge, nor guidance? (5:104)

That is, if the unbelievers were called to follow the guidance of the Qur'an they say the knowledge which we inherited from our forefathers is sufficient for us to which the Lord says:

""Will you still say so if your forefathers lacked both the knowledge and the guidance?""

And in this connection the Lord demanded of the unbelievers to support their claim of the so-called knowledge of their forefathers:

Have you any certain knowledge to substantiate your claim that you may produce to us? (6:148)

In another verse the Lord says [printed as ""days"" in the original, apparent typo]:

Bring me a scripture before the Qur'an or some vestiges of ancient knowledge to support your claim if you are truthful. (46:4)

In describing the end of those who imitate their forefathers without any knowledge or a book to guide them, the Lord says:

ISLAM 1394/1974, 1(2)","وإذا قيل لهم تعالوا إلى ما أنزل الله وإلى الرسول قالوا حسبنا ما وجدنا عليه آباءنا أولو كان آباؤهم لا يعلمون شيئا ولا يهتدون

هل عندكم من علم فتخرجوه لنا

ائتوني بكتاب من قبل هذا أو أثارة من علم إن كنتم صادقين"
12,89,False,"M. Farid Wajdi

That is when the leaders shall disown their followers. They shall undergo the punishment and no help shall come to them. The followers shall then say, ""If we only get a second chance, we shall disown them as they have disowned us."" Thus, God will show them the consequences of their deeds; nothing but sorrow for them, and they shall never exit from the hellfire. (2:166,167)

And:

The Lord will say unto the unbelievers on the Judgment day: ""Enter ye into Hell together with nations of jinn and of men who have preceded you;"" so oft as one nation enters, it shall curse its sister, until they have all entered in succession, the last of them shall say unto the first: ""O Lord, these have led us astray, deal Thou unto them a double punishment of hell-fire;"" and the Lord will say: ""It shall be doubled unto all, but ye know not.""
And the first of them shall say unto the last: ""Ye have no advantage over us and we have both been in error; taste ye therefore the punishment for that which ye have done."" (7:38-39)

In the preceding verses, the Lord points out that the followers of disbelief are just as culpable as the leaders, for the Lord has endowed all men with reason and required them to distinguish between truth and falsehood. They are therefore equally responsible for their deeds and none of them has an advantage over the other. And when the imitators have asked the Lord to deal a double punishment to their leaders whose example they have imitated, the Lord has adjudged them both responsible and has doubled the punishment to them all. Such was the Lord's warning against persistence in blind imitation.

In another chapter of the Qur'an the Lord says:

ISLAM 1394/1974, 1(2)","الذين اتبعوا وتبرأ الذين اتبعوا كما رأوا العذاب وتقطعت بهم الأسباب

قال ادخلوا في أمم قد خلت من قبلكم من الجن والإنس في النار كلما دخلت أمة لعنت أختها حتى إذا اداركوا فيها جميعا قالت أخراهم لأولاهم ربنا هؤلاء أضلونا فآتهم عذابا ضعفا من النار قال لكل ضعف ولكن لا تعلمون وقالت أولاهم لأخراهم فما كان لكم علينا من فضل فذوقوا العذاب بما كنتم تكسبون

قال هذا فوج مقتحم معكم لا مرحبا بهم إنهم صالوا النار قالوا بل أنتم لا مرحبا بكم أنتم قدمتموه لنا فبئس القرار"
13,90,False,"ISLAM: ITS MISSION IN THE WORLD

Unto the leaders it shall be said:
""This is a company which shall be plunged with you into Hell,"" to which they shall say: ""No welcome is there for them, they shall burn in hell-fire like us."" And the followers shall say unto the leaders: ""But ye, too! There shall be no welcome for you. It was ye who brought us to this and wretched is the abode."" (38:59-60)

On the entry of the unbelievers into Hell, angels shall say to the leaders: ""This is a company of your followers that shall be plunged with you into Hell."" The leaders shall say: ""No welcome is there for them, they have had minds to distinguish between truth and falsehood and their punishment is hell-fire like us."" The followers will retort: ""No welcome for you either, you have enticed us into this delusion and wretched indeed is our ending.""

The Lord (may He be praised and glorified!) has seen fit to impress on us by such variegated forms of eloquence the fact that leaders and followers will come to the one and same evil end, and it avails the latter not to be followers of others so long as they have had minds by which to distinguish between truth and falsehood.

By these solemn admonitions, Islam has demolished the principle of blind imitation of forefathers and has awakened the conciousness of individual responsibility. It has delivered the weak from their bondage to the strong and smashed down the invulnerable walls of exclusiveness which the leaders raised for their own ends.

By demolishing blind imitation Islam has aimed at abolishing a state of ignorance in which men were enslaved to certain sects that made learning and religion an exclusive right only to themselves, and arbitrarily ruled the people even as absolute masters do. They suffered no censure or criticism to be passed on their actions and declined the admission, into their exclusive body, of any outsider though he may have been a noted man of learning and genius.

Should this state of things become established in a nation, learning and religion will be rendered the exclusive right of a sect which will exploit them in their own interest and subject them to the dictates of their passion. In course of time, they will become a collection of stereotyped forms which will check the onward march of progress and stand between nations and the realization of their objectives.

Freedom from the shackles of imitation was the objective of Islam and it has led its people to a perfect state of cooperation between learning and religion as well as between sentiment and reason. Through this cooperation Muslims have attained to the height of progress which gave them the world-leadership for many a century and it is assured that they will regain that leadership once they follow faithfully, the tenets of their glorious religion.

ISLAM 1394/1974, 1(2)",
14,91,False,"GOD'S MESSAGE TO HUMANITY: THE ULTIMATE PROOF OF AUTHENTICITY*
by Yusuf Amin Wali, Ph.D.
Treasurer, Supreme Council of the Muslim Young Men's Association, Cairo, Egypt

God's finalized and completed message delivered in the Arabic language.** However, since it is intended for all the people, in all places, at all the times, it carries within its composition the proof of authenticity which can be understood and fully appreciated by anyone regardless of his tongue. On these pages, the reader is presented with physical, examinable, and indisputable evidence that the Qur'an is the unaltered message from the Almighty to His creation. Seekers of the truth shall find herein sure guidance towards their goal. The unfortunate souls who are afflicted with various prejudices shall be utterly blinded (Qur'an 18:57)

The greatest affliction of man is the lack of identity and purpose. Once a correct identity is established, and once the purpose behind our existence is defined, such affliction can, sequentially, be removed. The vast majority of people spend their lives under the pretense that the body constitutes one's identity. Thus, they spend their lives caring for the body, the mere shell of their real self; working, laboring, fighting among themselves, hating, loving, and struggling in the service of their vanishing entity. When it is too late, i.e., when they shed the shell, they discover that their real self was left unfed, undeveloped, and miserably neglected. Their eternal existence in such a feeble state can be rightly described as ""hell."" On the other hand, those who are fortunate enough to overcome this identity crisis will be able to define their purpose, place the emphasis during their earthly existence on the right goal, and live and act accordingly. They will realize that developing their eternal entity requires putting the body in the service of the soul, and not the other way around.

*Condensed from the book ""Miracle of the Qur'an: Significance of the Mysterious Alphabets"" by Rashad Khalifa, Islamic Productions International, Inc., St. Louis, Missouri, USA. 1973.
**It had to be delivered in some language. The Qur'an itself states that its language is immaterial; that the believers shall grasp the full message therein, regardless of their mother tongue; and that even the Arabic-speaking people will not understand it unless they qualify therefor by sincerity and devotion (6:25, 18:57; 4:44; 56:77-79.)

ISLAM 1394/1974, 1(2): 91-104",
15,92,False,"GOD'S MESSAGE TO HUMANITY

Our Creator has informed us of the ways and means of developing and caring for the soul. His message, the one and only message, started with the creation of Adam, the first man; the first messenger. Subsequent messengers, such as Noah, Abraham, Moses, Jesus, and Muhammad (may God bestow His blessings and peace upon them), delivered the same message whereby man can feed and develop his real self. With the arrival of God's final messenger, THE MESSAGE was finalized, and the Almighty Himself vowed to preserve it for all subsequent generations, and to protect it from alteration or distortion(1). Moreover, the Almighty has vowed to embed in His message such proof of authenticity that each generation can witness; leaving no excuse for anyone to disbelieve(2). This article, which is but a glimpse from a vast computerized study of the Qur'an (3), offers an example of the visible miracles which are embedded in the Qur'an to prove its authenticity. Only those completely enslaved by worldly matters will deny the indisputable proof presented here. To appreciate this evidence which comes to all of humanity from their Creator, one needs no special knowledge of the Qur'an's language.

The Qur'anic Initials

One of the unique features of the Qur'an is the occurrence at the beginning of certain suras of alphabets which bear no apparent meanings. These alphabets, henceforth called ""Qur'anic Initials,"" are not known in any other literary work.

Of the 114 suras in the Qur'an 28 begin with one set of Qur'anic initials, and one sura is prefixed with two sets of Qur'anic initials. Each set of Qur'anic initials consists of a number of letters ranging between one and five. The different sets of Qur'anic initials and the suras where they occur are listed in Table 1. As shown in that table, there are 14 different sets of Qur'anic initials, and the number of letters which participate in the make-up of these initials is also 14. The 14 letters involved in the formation of Qur'anic initials are Alif (A), Ha (H), Ra (R), Sin (S), Sad (S), Ta (T), 'Ayn ('A), Qaf (Q), Kaf (K), Lam (L), Mim (M), Nun (N), Ha (H), and Ya (Y). These letters are known in the Muslim literature, more specifically among the Sufi mystics, as ""the illumination letters."" The other half of the alphabet, the 14 letters not involved, are known as ""the darkness letters.""

The suras which contain Qur'anic initials are listed in their recorded sequence in Table 2.

ISLAM 1394/1974, 1(2)","الحروف النورانية

الحروف الظلمانية"
16,93,False,"Yusuf Amin Wali

TABLE 1
The Qur'anic Initials and Their Suras

Qur'anic Initial — Sura(s)
1. Sad (S) — Sad (S)
2. Qaf (Q) — Qaf (Q)
3. Nun (N) — Al-Qalam (The Pen)
4. Ta Ha (T.H.) — Ta Ha (T.H.)
5. Ta Sin (T.S.) — Al-Naml (The Ant)
6. Ya Sin (Y.S.) — Ya Sin (Y.S.)
7. Ha Mim (H.M.) — Ghafir (Forgiver); Fussilat (Elucidated); Al-Shura (Consensus); Al-Zukhruf (Vanities); Al-Dukhan (Air Pollution); Al-Jathiya (Amenability); Al-Ahqaf (The Dunes)
8. Alif Lam Mim (A.L.M.) — Al-Baqara (The Heifer); Ali-'Imran (The 'Imran Family); Al-'Ankabut (The Spider); Al-Rum (The Romans); Luqman (Prophet Luqman); Al-Sajda (Prostration)
9. Alif Lam Ra (A.L.R.) — Yunus (Jonah); Hud (Prophet Hud); Yusuf (Joseph); Ibrahim (Abraham); Al-Hijr (The Hijr Valley)
10. Ta Sin Mim — Al-Shu'ara' (Poets); Al-Qasas (History)
11. Alif Lam Mim Sad (A.L.M.S.) — Al-A'araf (The Purgatory)
12. Alif Lam Mim Ra (A.L.M.R.) — Al-Ra'ad (Thunder)
13. Kaf Ha Ya 'Ayn Sad (K.H.Y.'A.S.) — Maryam (Mary)
14. Ha Mim; 'Ayn Sin Qaf (HM-'ASQ) — Al-Shura (Consensus)

ISLAM 1394/1974, 1(2)",
17,94,False,"GOD'S MESSAGE TO HUMANITY

TABLE 2
The Suras Which Contain Qur'anic Initials, Arranged in Their Recorded Sequence.

Sura — Recorded Order — Qur'anic Initials
1. Al-Baqara — 2 — Alif Lam Mim (A.L.M.)
2. Ali 'Imran — 3 — "" "" ""
3. Al-A'araf — 7 — Alif Lam Mim Sad (A.L.M.S.)
4. Yunus — 10 — Alif Lam Ra (A.L.R.)
5. Hud — 11 — "" "" ""
6. Yusuf — 12 — "" "" ""
7. Al-Ra'ad — 13 — Alif Lam Mim Ra (A.L.M.R.)
8. Ibrahim — 14 — Alif Lam Ra (A.L.R.)
9. Al-Hijr — 15 — "" "" ""
10. Maryam — 19 — Kaf Ha Ya 'Ayn Sad (KHYAS)
11. Ta Ha — 20 — Ta Ha (T.H.)
12. Al-Shu'ara' — 26 — Ta Sin Mim (T.S.M.)
13. Al-Naml — 27 — Ta Sin (T.S.)
14. Al-Qasas — 28 — Ta Sin Mim (T.S.M.)
15. Al-'Ankabut — 29 — Alif Lam Mim (A.L.M.)
16. Al-Rum — 30 — "" "" ""
17. Luqman — 31 — "" "" ""
18. Al-Sajda — 32 — "" "" ""
19. Ya Sin — 36 — Ya Sin (Y.S.)
20. Sad (S) — 38 — Sad (S)
21. Ghafir — 40 — Ha Mim (H.M.)
22. Fussilat — 41 — "" "" ""
23. Al-Shura — 42 — "" "" — 'Ayn Sin Qaf ('ASQ)
24. Al-Zukhruf — 43 — "" "" ""
25. Al-Dukhan — 44 — "" "" ""
26. Al-Jathiya — 45 — "" "" ""
27. Al-Ahqaf — 46 — "" "" ""
28. Qaf — 50 — Qaf (Q)
29. Al-Qalam — 68 — Nun (N)

ISLAM 1394/1974, 1(2)",
18,95,False,"Yusuf Amin Wali

This article will deal with the miraculous features embedded in only two sets of these Qur'anic initials, namely, Qaf (Q) and Ta Sin Mim (TSM). For the complete computerized study of all 14 sets of Qur'anic initials, the reader may consult reference 3 listed below.

The Qur'anic Initial Qaf (Q)

There are two suras in the Qur'an which bear this initial, namely, sura Al-Shura (number 42) and sura Qaf (number 50). Although sura Al-Shura is more than twice as long as sura Qaf, these two Qaf-initialed suras contain the same number of the letter Qaf (Q), 57. At this point, we must stop and reflect on the significance of this observation. To derive correct conclusions, the following points should be borne in mind:
1. This observation is an undeniable fact; no speculation or guesswork is involved. It is a fact that anyone, anywhere in the world, can establish for himself, regardless of his language. The only prerequisite would be familiarity with one letter of the Arabic alphabet; the letter Qaf (Q). The letter looks like this: ق. When placed at the beginning of a word, it looks like this: قـ. When placed in the middle of the word, the letter Qaf (Q) looks like this: ـقـ. At the end of a word, the letter looks like this: ـق.
With this minute amount of information, any person can look up the Qur'an, count the frequency of the letter Qaf in sura Al-Shura (No. 42) and in sura Qaf (No. 50). This person will physically establish THE FACT that the only two suras in the Qur'an which are initiated with letter Qaf contain the same number of this letter, namely 57.
2. The second fact one must bear in mind is that the Qur'an was revealed over a period of 23 years. Its verses came to us widely separated from each other both in time and place. Thus, sura Al-Shura, for example, contains 4 verses which were revealed in Medina, namely, verses 23, 24, 25, and 27. The other 49 verses were revealed, separately, in Mecca (300 miles from Medina). Sura Qaf consists of 44 Meccan verses and one Medinian verse (No. 38).
These historical facts are significant, since they point out to us that the Author of the Qur'an knew in advance the alphabetical distribution within the Qur'an. One can readily see from the revelation system that such knowledge is beyond the ability of any human or group of humans(4). The evidence is overwhelmingly presented in this minute glimpse of the total study that the Qur'an could not be man-made. To indicate this advance knowledge to the recipients of His message, the Almighty Author placed the initial Qaf (Q) at the beginning of these two suras which contain the same number of this particular letter.

ISLAM 1394/1974, 1(2)",ق
19,96,False,"GOD'S MESSAGE TO HUMANITY

TABLE 3
The Absolute Frequency of Occurrence of the Letter Qaf (Q) in All Suras of the Qur'an; in Ascending Order.

CHAPTER — Q — Name
CXI — 0 — Al-Masad (Thorny Fibers)
CV — 0 — Al-Fil (The Elephant)
CVIII — 0 — Al-Kawthar (Bounty)
CVII — 0 — Al-Ma'un (Food for Charity)
CX — 0 — Al-Nasr (Support)
CIX — 1 — Al-Kafirun (The Disbelievers)
CVI — 1 — Quraish (The Quraish Tribe)
CXII — 1 — Al-Ikhlas (Absoluteness)
CIII — 1 — Al-'Asr (The Afternoon)
CIV — 1 — Al-Humaza (The Niggardly)
CXIV — 1 — Al-Nas (Mankind)
XCIV — 1 — Al-Sharh (Delight)
I — 1 — Al-Fatiha (The Opener)
XCIII — 2 — Al-Duha (The Forenoon)
LXXXII — 3 — Al-Infitar (The Disintigration)
C — 3 — Al-'Adiyat (The Runners)
CII — 3 — Al-Takathur (Hoarding)
XCV — 3 — Al-Tin (The Fig)
XCVII — 3 — Al-Qadr (Power)
LXXXVIII — 3 — Al-Ghashiya (Overwhelming)
XCVIII — 4 — Al-Bayyina (The Evidence)
CI — 4 — Al-Qari'a (The Shocker)
XCIX — 4 — Al-Zalzala (The Quake)
XCII — 5 — Al-Layl (The Night)
LXXXV — 6 — Al-Buruj (The Constellations)
LXXXVII — 6 — Al-A'la (The Most High)
CXIII — 6 — Al-Falaq (Daybreak)
LXXXI — 8 — Al-Takwir (The Folding)
XCVI — 9 — Al-'Alaq (The Hanging Clot)
LXXXVI — 9 — Al-Tariq (The Bright Star)
LXXXIX — 10 — Al-Fajr (Dawn)
XCI — 10 — Al-Shams (The Sun)
XC — 10 — Al-Balad (Hometown)
LXXIX — 11 — Al-Nazi'at (The Soul Snatchers)
LXXXIII — 13 — Al-Mutaffifin (The Cheaters)
LXXX — 13 — 'Abasa (He Frowned)
LXII — 14 — Al-Jumu'a (Friday)
LXIV — 14 — Al-Taghabun (Requital)
LXXVI — 15 — Al-Insan (Man)
LXXXIV — 15 — Al-Inshiqaq (The Splitting)
LXX — 16 — Al-Ma'arij (Infinite Heights)
LXXVIII — 17 — Al-Naba' (The News)
LIII — 17 — Al-Najm (The Star)
LXVI — 17 — Al-Tahrim (Prohibition)
LXXVII — 18 — Al-Mursalat (The Wended Winds)
LXI — 19 — Al-Saff (The Column)
LXXI — 21 — Nuh (Noah)
LXVIII — 21 — Al-Qalam (The Pen)
LV — 22 — Al-Rahman (The Compassionate)
LXIII — 23 — Al-Munafiqun (The Hypocrites)
LXXIII — 24 — Al-Muzzammil (Wrapped Up)
LXXII — 25 — Al-Jinn (The Jinns)
LXXIV — 25 — Al-Muddathir (Bundled Up)
(list continues on facing page)

ISLAM 1394/1974, 1(2)",ق
20,97,False,"Yusuf Amin Wali

TABLE 3 (continued)

LXXV 27 Al-Qiyama (Resurrection)
LX 27 Al-Mumtahina (The Test)
LVIII 27 Al-Mujadala (The Argument)
LXV 28 Al-Talaq (Divorce)
LII 28 Al-Tur (Mount Sinai)
LXIX 29 Al-Haqqa (Retribution)
XXXI 31 Luqman (Prophet Luqman)
XLIX 32 Al-Hujurat (The Walls)
LVI 35 Al-Waqi'a (The Inevitable)
XLIV 35 Al-Dukhan (Air Pollution)
XLV 36 Al-Jathiya (Amenability)
LXVII 38 Al-Mulk (Kingship)
XLVII 38 Muhammad
XXXII 42 Al-Sajda (Prostration)
XXXV 44 Fatir (Initiator)
LIX 46 Al-Hashr (The Thronging)
LI 47 Al-Dhariyat (The Blowing Winds)
XLVIII 48 Al-Fat-h (Victory)
LIV 50 Al-Qamar (The Moon)
LVII 57 Al-Hadid (Iron)
L 57 Qaf (Q)
XIV 57 Ibrahim (Abraham)
XLII 61 Al-Shura (Consensus)
XXIV 61 Al-Nur (The Light)
XXXVI 72 Ya Sin (Y.S.)
XLVI 73 Al-Ahqaf (The Dunes)
XXXVIII 74 Sad (S)
XXX 77 Al-Rum (The Romans)
XXXVII 80 Al-Saffat (The Line-up)
XLIII 81 Al-Zukhruf (Vanities)
XLI 81 Fussilat (Elucidated)
XV 83 Al-Hijr (The Hijr Valley)
XIII 88 Al-Ra'd (Thunder)
XIX 88 Maryam (Mary)
XXV 90 Al-Furqan (The Statute Book)
XXIX 92 Al-Ankabut (The Spider)
XXXIV 93 Saba' (Sheba)
XXII 98 Al-Hajj (Pilgrimage)
XXI 103 Al-Anbia' (The Prophets)
XXIII 108 Al-Muminun (The Believers)
XL 108 Ghafir (Forgiver)
VIII 109 Al-Anfal (The Spoils)
XXXIII 111 Al-Ahzab (The Allies)
XXXIX 117 Al-Zumur (The Throngs)
XXVII 120 Al-Naml (The Ant)
XVI 131 Al-Nahl (The Bee)
XXVI 132 Al-Shu'ara' (The Poets)
XXVIII 147 Al-Qasas (History)
XVIII 151 Al-Kahf (The Cave)
XVII 155 Al-Isra' (The Night Journey)
XX 163 Ta Ha (T.H.)
X 179 Yunus (Jonah)
XI 180 Hud (Prophet Hud)
XII 193 Yusuf (Joseph)
IX 216 Al-Tawba (Repentance)
IV 255 Al-Nisa' (Women)
V 266 Al-Ma-eda (The Table)
VI 272 Al-An'am (Livestock)
III 306 Ali-Imran (The Imran Family)
VII 356 Al-A'raf (The Purgatory)
II 553 Al-Baqara (The Heifer)

ISLAM 1394/1974, 1(2)",
21,98,False,"GOD'S MESSAGE TO HUMANITY

3. The fact that the two Qaf-initialed suras contain exactly the same number of the letter Qaf, provides physical evidence that the Qur'an was protected from human tampering throughout the past 14 centuries. Any alteration or distortion involving words such as Qad, Qala, Qawm etc., which are essential and very frequently used words, would have resulted in variability between these two suras with regard to their initial Qaf. The number 57 itself, being 50% of 114 (see 4(ii) below), provides a double-check that no alteration or distortion took place in the past. Of course, this is only a reflection, and undisputable confirmation, of the divine pledge that the Qur'an shall be preserved; protected from any distortion.(5)

4. The computer printout, shown in Table 3, reveals that there is one more sura which also contains 57 of the letter Qaf, namely, sura Ibrahim (No. 14). Some readers may ask the question, ""Why didn't the Qur'an's author place the initial Qaf at the beginning of sura Ibrahim as well?"" There are numerous reasons which one can infer from the complete study:

i. As mentioned above, having the same number of the letter Qaf (Q) is by no means the only characteristic of the Qaf-initialed suras. For example, the overall relative frequency of occurrence of the letter Qaf was found highest in the Qaf-initialed and Qaf-titled sura No. 50; higher than any other sura(3). Undoubtedly sura Ibrahim did not qualify for bearing the initial Qaf. The complete study (3) revealed that the initialed suras possessed certain characteristics; certain distribution patterns of the alphabetic constituents, which qualified the sura for bearing specific initials. Thus, sura Ibrahim, which happens to be one of the 29 initialed suras, starts with the Qur'anic initials Alif (A), Lam (L), and Ra (R). On the other hand, the initial Qaf (Q) exists in sura Al-Shura in conjunction with 4 other Qur'anic initials, namely, Ha (H), Mim (M), 'Ayn ('A), and Sin (S). The letter Qaf is interlocked with these other 4 initials of sura Al-Shura, and the sura itself is interlocked with its 6 sister suras which bear the initials Ha Mim (HM) (these are suras No. 40 through No. 46). The first verse in each one of these seven suras consists of the initials Ha Mim. Only sura Al-Shura (No. 42) has three additional initials, 'Ayn Sin Qaf ('ASQ), which constitute verse No. 2 of the sura. The detailed study of the initials showed that the presence of 'Ayn Sin Qaf in sura Al-Shura serves as a specific indicator for a specific frequency distribution of these 3 letters, not only within sura Al-Shura, but within the seven sister suras (the Ha Mim-initiated suras) (see reference No. 3). These interlocking relationships point out the impossibility of composing a mathematically controlled literary work like the Qur'an(4). The presence of the initial

ISLAM 1394/1974, 1(2)",
22,99,False,"Yusuf Amin Wali

Qaf in sura Al-Shura, therefore, serves a specific function. Sura Ibrahim, on the other hand, does not qualify as a bearer of the initial Qaf.

ii. Why did the Almighty choose to place 57 Qafs in the alphabetical structure of the two Qaf-initialed suras? Why 57, and not any other number? Does the number 57 in each of the Qaf-initialed suras represent a random choice, or a coincidental occurrence? No chance of either possibility. When we add the 57 Qafs of sura Al-Shura plus the 57 Qafs of sura Qaf, the product is 114, same as the total number of suras in the Qur'an. If the letter Qaf (Q) stands for ""Qur'an"", which is by no means a far-fetched assumption, then the number 57 in each of two suras would be the ONLY choice. The product, 114, tells us in clear language that the 114 suras do represent the Qur'an, and nothing but the Qur'an.

The reader can see here another reason for restricting the initial Qaf to these two 57-Qafed suras.

These are by no means all the miraculous features of the Qur'anic initial Qaf. Presentation is made here of only a fraction of those features; a fraction which can be easily scrutinized, examined, and verified by any reader who has no access to electronic computers. For details dealing with the distribution of the letter Qaf throughout the Qur'an, the reader may consult reference 3.

The Qur'anic Initials Ta Sin Mim (T.S.M.)

This group of initials occurs in three suras which are consecutive both in the recording sequence and the chronological revelation sequence of Qur'an. Two suras are initialed with the three letters Ta Sin Mim. These are Al-Shu'ara' (No. 26) and Al-Qasas (No. 28). The Qur'anic initials constitute an independent verse in these two suras. The two letters Ta Sin occur in sura Al-Naml (No. 27), and they make up only part of the first verse, rather than an independent verse. Thus, we have here three consecutive suras where the two-lettered set of Qur'anic initials separates the three-lettered sets of initials.

The computer printouts of the percentage values of Ta Sin Mim, and their absolute frequency of occurrence values throughout the Qur'an are shown in Tables 4 and 5. The percentage values were calculated by dividing the total number of occurrences of the letters Ta (T), Sin (S), and Mim (M) by the total number of alphabetic letters which make up the sura. This was done for each one of the Qur'an's 114 suras. When we look at the ascending order of percentage values of Ta Sin Mim (Table 4), we note that sura Al-Qasas (XXVIII) ranks 36, and sura Al-Shu'ara' (XXVI) ranks 79, out of the Qur'an's 114 suras. It takes little thinking to realize that exactly

ISLAM 1394/1974, 1(2)",
23,100,False,"TABLE 4

The Percent Occurrence of the Letters Ta Sin Mim in Each Sura.
The Suras are Arranged in an Ascending Order.

(dense computer-printout numeric table of chapter numbers and percentage values; see original scan for exact figures — column alignment reconstructed from a skewed, partly out-of-focus photo and several entries could not be fully disambiguated)

ISLAM 1394/1974, 1(2)",
24,101,False,"Yusuf Amin Wali

TABLE 5

The Frequency of Occurrence of the Qur'anic Initials Ta Sin Mim Throughout the Qur'an. The Suras are in Ascending order.

(dense computer-printout numeric table of chapter numbers and frequency counts; photographed at an angle with poor focus in places, several values in the higher-frequency rows were difficult to read with confidence — see original scan for exact figures)

ISLAM 1394/1974, 1(2)",
25,102,False,"GOD'S MESSAGE TO HUMANITY

35 suras have a higher percentage of Ta Sin Mim than that of sura Al-Shu'ara' and exactly 35 suras have a lower percentage of Ta Sin Mim than sura Al-Qasas.

The arrangement of the three Ta Sin/Ta Sin Mim suras, gives a special sense of balance. The observation that 35 suras contain a higher proportion of Ta Sin Mim than sura Al-Shu'ara', and the same number of suras contain a lower percentage than sura Al-Qasas, leaves little doubt that the omission of Mim in sura Al-Naml's Qur'anic initials was not coincidental. The balanced distribution of the proportion of these 3 letters throughout the Qur'an, and the specific positioning of the two Ta Sin Mim-initialed suras leaves little doubt that the Author of the Qur'an had advance knowledge of the mathematical distribution of the Qur'an's alphabetic letters. The fact that this mathematical balance, manifested through the use of electronic computers, depends on the relative frequency of occurrence of Ta Sin Mim throughout the Qur'an is an undeniable evidence that the Qur'an could never be man-made, let alone man-made by an illiterate man 14 centuries ago when the concepts of ""percentage"" and ""proportion"" were not known. In order to appreciate this miraculous phenomenon, let us go back in time 1400 years. A sizeable book is being constructed over a period of 23 years. The component sentences are widely separated from each other both in time and place. In advance, someone knew the exact relative frequency of the letters Ta (T), Sin (S), and Mim (M) (we have expressed this relative frequency by the 'percent' concept which was unknown in those days). Thus, that ""Someone"" knew that out of 114 chapters, exactly 35 will have a higher relative frequency of Ta Sin Mim than chapter X, and exactly 35 will have a lower relative frequency than chapter Z. To indicate this fact, chapters X and Z were ""tagged"" with the letters Ta Sin Mim. And to convey the sense of balance inherent in this observation, chapter Y was ""tagged"" with the less powerful initials Ta Sin (only 2 initials, and only part of the verse). Obviously, this kind of advance knowledge, and this kind of control over the distribution of individual alphabets, are unattainable by man.

Just as we did with the initial Qaf and the number 57, the reader is entitled to ask the question, ""Why the number 35, and not any other number?"" Why do we find exactly 35 suras containing a higher proportion of Ta Sin Mim than sura Al-Shu'ara', and exactly 35 suras containing a lower proportion of these letters than sura Al-Qasas? Could this be a mere coincidence? Again, the divine proof is so overwhelming, the possibility of coincidence is eliminated. And again, the proof is physical, touchable, and examinable. Thus, if we look up the computer printout showing the simple frequency of occurrence of the letters Ta, Sin, and Mim (Table 5), we discover that sura Al-Shu'ara' (XXVI) contains 615 of these letters, while sura Al-Qasas

ISLAM 1394/1974, 1(2)",
26,103,False,"Yusuf Amin Wali

(XXVIII) contains 580. When we subtract 615-580, the product is none other than 35, the same number associated with the percentage values and arrangement of information from the suras were all carried out by the computer, away from human bias. It would take the reader less than five minutes to count the number of suras above and/or below suras Al-Shu'ara' and/or Al-Qasas. It would take less than half an hour to count the letters Ta, Sin, and Mim in these two suras, and discover for one's self that the difference between them is exactly 35. These relationships are summarized in the figure below.

The Mathematical Properties of the Suras Initiated
with the Letters Ta Sin Mim.

[Diagram, boxed flowchart:]
EXACTLY 35 SURAS CONTAIN A HIGHER
PERCENTAGE OF THE LETTERS TA SIN MIM
THAN SURA AL-SHU'ARA'.

Number of Ta Sin Mim in Al-Shu'ara' = 615

26. Sura Al-Shu'ara'......Ta Sin Mim
27. Sura Al-Naml.........Ta Sin
28. Sura Al-Qasas.........Ta Sin Mim

[box] 35

Number of Ta Sin Mim in Al-Qasas = 580

EXACTLY 35 SURAS CONTAIN A LOWER
PERCENTAGE OF THE LETTERS TA SIN MIM
THAN SURA AL-QASAS.

ISLAM 1394/1974, 1(2)",
27,104,False,"GOD'S MESSAGE TO HUMANITY

The mathematical evidence presented above for the authenticity of the Qur'an, as God's unaltered message to humanity, leaves no excuse for anyone to be other than a Muslim.

References

1. Qur'an 15:9.
2. Qur'an 29:50-51.
3. Khalifa, R. A. 1973. Miracle of the Qur'an. Islamic Productions, St. Louis, Missouri, USA.
4. Qur'an 17:88.
5. Qur'an 15:9.

ISLAM 1394/1974, 1(2)",
28,105,False,"God will say, ""O Jesus, son of Mary, have you told the people, 'Worship me and my mother instead of God?'"" Jesus shall say, ""All glory belongs to You. How could I tell them what is not right? If I did say it, then You already know it; You know my innermost thoughts while I know not Your thoughts. Surely, You are the Knower of all secrets. I told them but what You commanded me to say; that 'you shall worship God, my Lord and your Lord.' I remained a witness upon them for as long as I stayed with them. When You terminated my mission, You were the Watcher over them; You are the witness over all things.""

(Sura Al-A'raf 7:116-117)

ISLAM 1394/1974, 1(2)",وَإِذْ قَالَ اللَّهُ يَا عِيسَى ابْنَ مَرْيَمَ أَأَنتَ قُلْتَ لِلنَّاسِ اتَّخِذُونِي وَأُمِّيَ إِلَٰهَيْنِ مِن دُونِ اللَّهِ قَالَ سُبْحَانَكَ مَا يَكُونُ لِي أَنْ أَقُولَ مَا لَيْسَ لِي بِحَقٍّ إِن كُنتُ قُلْتُهُ فَقَدْ عَلِمْتَهُ تَعْلَمُ مَا فِي نَفْسِي وَلَا أَعْلَمُ مَا فِي نَفْسِكَ إِنَّكَ أَنتَ عَلَّامُ الْغُيُوبِ مَا قُلْتُ لَهُمْ إِلَّا مَا أَمَرْتَنِي بِهِ أَنِ اعْبُدُوا اللَّهَ رَبِّي وَرَبَّكُمْ وَكُنتُ عَلَيْهِمْ شَهِيدًا مَّا دُمْتُ فِيهِمْ فَلَمَّا تَوَفَّيْتَنِي كُنتَ أَنتَ الرَّقِيبَ عَلَيْهِمْ وَأَنتَ عَلَىٰ كُلِّ شَيْءٍ شَهِيدٌ
29,106,False,"by S. Shahid Mufassir

Race, Racism and Islam

The phenomenal scientific and sociological development of the 20th century Western world has had little effect on the growing problem of race relations. Man reaches for the moon and stars, but finds it difficult to extend the hand of brotherhood to fellow travellers on space ship Earth. Islam provided solutions to the racial problem 1400 years ago, in theory and in practice, without the need for demonstrations or civil rights bills. It established a society based on racial respect and mutual appreciation. Islamic principles thus contain the unfaltering light necessary to lead mankind out of the darkness and ignorance of racial discord.

Racial Concepts

Racism has reference to a socio-political policy or system which is based on the exaggeration of racial differences or on prejudice in favor of a certain race. Race itself is difficult to define. Many writers have spoken customarily of a Greek ""race"", a Nordic ""race"", an Anglo-Saxon ""race"", an Aryan ""race"" and so on, but racial nomenclature is illusive. Though mankind is comprised of a number of different groups which are physically distinguishable in some degree from one another, ""the differences between the four major groups of man and between the ethnic groups comprising them merely represent a distribution of variations which... occur more frequently in one group than they do in another... Not one of the major groups of man is unmixed, nor is any one of its ethnic groups pure; all are, indeed, much mixed and of exceedingly complex descent. Nor is there any scientific justification for overzealous or emotional claims that any one of them is in any way superior to another.""(1) In general, ""race"" means the major divisions of mankind which share certain common physical characteristics such as skin color, facial structure and texture of hair. But such has been the distribution and free mingling of mankind over the millenia that these classifications are more arbitrary than absolute. There are no pure races. Those who decry or bemoan ""race mixing"" are several thousand years too late.

Although there is no scientific justification for a dogma of either racial superiority or racial inferiority, the past century has witnessed increasing efforts to invest racism with a scientific sanction. ""In the universities... Southern whites received substantial though indirect support by racist scholars

ISLAM 1394/1974, 1(2): 106-117",
30,107,False,"S. Shahid Mufassir

... these eminent men perverted their scholarly pursuits in ways which would develop and enforce negative racial myths condoning Jim Crow (segregation) and lynching. Some of the 'scientific' support for racism came from the 'American School' of anthropology... as Melvin Drimmer has written, 'the nineteenth-century view of inequality became recognized as a scientific theory, justified by academic and scholarly opinion.'""(2)

Theoreticians of Hitler's Third Reich enunciated his dogma that ""all human culture, all the results of art, science and technology that we see before us today are almost exclusively the creative product of the Aryan (race)... If we were to divide mankind into three groups — the founders of culture, the bearers of culture, and the destoyers of culture, only the Aryan could be considered as representatives of the first group... True genius is always inborn and never cultivated, let alone learned. This applies not only to the individual but also to the race.""(3) Current champions of scientific racism are typified by William Shockley and John Baker, who continue the quest to prove, scientifically, that Caucasians or ""Europids"" are superior in intelligence, ""cognitive ability"" and civilization than all other races. One may question whether this phenomenal search for ""proof"" of Caucasian superstatus is no more than a mask for a deep-seated inferiority or guilt complex. Baker, for example, proudly asserts that Caucasians are superior by reason of their more civilized behavior, overlooking the obvious contradictions to this theory to be found in the slave trade, colonialism, and the concentration camps of the Third Reich.(4)

Other peoples and cultures have sought at times to explain differences between themselves and others in a chauvinistic manner, but this imputation of inherent, biological inferiority to any race is classically a Caucasian effort of modern times. ""The objection to any people on 'racial' or biological grounds is virtually a purely modern innovation... What is of the greatest interest and importance for an understanding of this matter is that the concept developed as a direct result of the trade in slaves by European merchants.""(5) Historically speaking, the doctrine that the African race is inferior arose from the need to justify slavery in Christian minds, especially the unusual brutality and dehumanization of the European slave trade with its attendant social and economic exploitation of slave labor. Slaveholders tranquilized any guilt pangs about slavery by postulating that the African was an inferior who deserved to be enslaved by virtue of his intrinsic nature and color.

Islam and Africans

Some noted authors have asserted incorrectly that Muslim travelers did not think highly of Africans, with special reference to the manner in which some

ISLAM 1394/1974, 1(2)",
31,108,False,"RACE, RACISM AND ISLAM

of them characterized the Zanj.(6) But the term Zanj in Muslim writing does not refer to all Africans. Primarily, Zanj denotes the pagan Bantus of East Africa, whose idolatrous practices Muslim writers described and objected to. What they found offensive was certain aspects of the pagan culture of the Zanj, not their race, and the Muslim writers never connected blackness of skin with inherent inferiority. Instead, they sought to explain the variations of skin color in terms of geography. They wrote that the racial characteristics of Europeans resulted from a cool, northern clime, while the racial traits of Africans derived from the hot, southern clime. Their observations convinced them that neither whites nor blacks had a monopoly on either intelligence or ignorance. Muslim travelers noted that Caucasians like the Slavs and Bulgars were unfriendly, lacking in civility and ""are overcome by ignorance and dullness, lack of discernment, and stupidity,"" just as certain Africans were ""overcome by fickleness, foolishness and ignorance.""(7) At the same time, a number of Muslim historians noted with admiration and great respect the accomplishments of black African kingdoms in the western Sudan. Ibn Battuta (1304-1377 CE) reported that the Mande people of West Africa ""possess admirable qualities. They are seldom unjust and have a greater abhorrence of injustice than any other people. There is complete and general safety throughout their country. Neither traveler nor inhabitant in it has anything to fear from robbers or men of violence.""(8) Not even the Zanj were portrayed as universally ignorant. According to Al-Mas'udi they enjoyed a thriving trade with China, India and Malaya and were skilled workers in metal. In the 10th century CE, Muslims from Oman settled among the coastal Zanj, intermarried with them and developed the well-known Afro-Arabic Swahili culture.(9)

Contrarily, European travelers like George Best in 1577 were quick to allege that ""the cause of the Ethiopian's (i.e., African's) blackness is the curse and natural infection of the blood, and not the distemperature of the climate.""(10) Thus, as far back as 1577, the theory was going around in European circles that blackness was a sign of inherent inferiority, the ""natural infection of the blood,"" and was not merely a matter of climate or geography. Some were groping for a justification for discrimination based on the nature of things so that their aberrations would be considered a sign of learning or intelligence. The actual enshrining of discrimination on the pedestal of science, however, awaited later centuries.

Race in the Early Muslim Community

No proper assessment of the Islamic attitude on race can be made without primary reference to the examples of the prophet Muhammad (peace be

ISLAM 1394/1974, 1(2)",
32,109,False,"S. Shahid Mufassir

upon him) and his companions (may God be pleased with them). These examples, together with the guidance of God in the Qur'an are what constitute the Islamic position on race. It is not sufficient to scrutinize the concepts of a certain traveler, merchant, wali or sultan 300 or 700 years after the Hijrah to formulate an indication of Islam's racial standards. Confusing the personal attitudes of individual Muslims with that of the Islamic law or community inevitably leads to incomplete and incorrect conclusions.

We are met first of all with the striking observation that of all the great prophets ONLY Muhammad had an intimate companion of the African race. Therefore, the prophet (peace be upon him) provided an excellent, instructive example of Islamic racial attitudes in his companionship with Bilal b. Rabah, the Ethiopian whom Abu Bakr ransomed from slavery to pagan Arabs. Consequent to the Hijrah to Madinah, the prophet joined the Muhajirun with ansari families in a socio-economic brotherhood which abolished all distinction between Makkan and Madinan Muslims, between Quraysh and Aus or Khazraj tribes, between freeman and former slave. Bilal was joined in brotherhood with Abu Ruwayha of the Arab family of Khas'am. There was no social segregation; there were no frantic efforts to find another black family with which to join Bilal. In 20th century industrialized societies minorities are often assigned to menial positions reserved for social outcasts or inferiors. The Muslims did not treat Bilal in this manner. Indeed, he was appointed the treasurer of the Muslim community, a position of utmost responsibility and trust. Bilal was renowned also as the first mu'adhdhin, which was a position of respected spiritual leadership. He was an active participant — not an orderly or attendant — in all of the battles fought to defend the Muslim community, slaying in the battle of Badr his former owner, Umayyah. There is no analogy at all to the degrading references to blacks even in America in the case of Bilal. The Muslims never called him a ""nigger"", a ""coon"" or a ""Sambo"". Rather, this former slave was affectionately called ""Sayyiduna Bilal"" — our master Bilal — by the Muslims.

Similarly, in America and most European countries, racial intermarriage has long been legally taboo, just as it still is in white-ruled nations like Rhodesia and South Africa. Despite the claims to being representative of the greatest civilzation, sophistication and Christian brotherhood, many American whites continue to denounce intermarriage between blacks and whites as undesirable. When they refer to it as miscegenation they infer that the mis- is the prefix for bad or wrong (though the real derivation is from Latin miscere, to mix). For them, all race mixing is bad and wrong, even though mankind has been doing just that since time immemorial. Here also the example of Bilal is instructive. The Muslims set up no barriers of law or custom to ""protect"" the noble Arab ladies from marriage to non-Arabs

ISLAM 1394/1974, 1(2)",
33,110,False,"RACE, RACISM AND ISLAM

generally or Africans in particular. Bilal married not one, but several Arab ladies of respected lineage before his death in Damascus at 63 years of age.(11) There can be no reasonable doubt as to the sincerity of the Muslims in treating all people with dignity and equality.

Those writers who assert that traditions in which Bilal is given permission to marry an Arab girl are ""probably not authentic"" call their own scholarship into serious question, especially since they accept without question obviously spurious traditions such as the one in which the prophet is supposed to have said, ""Do not bring black into your pedigree,"" or another ridiculous tradition which warned, ""Do not intermarry with the sons of Ham."" Even before Islam, black Arabs like 'Antar were considered heroes and the doctrine that the sons of Ham, allegedly the black race, were cursed is not a Muslim legend, as erroneously stated by some writers.(12) This theory is based on a misunderstanding of words recorded in the Bible at Genesis 9:25, 26 where the curse is actually put upon Canaan, not Ham. However, the Jewish Babylonian Talmud of the 6th century CE transmitted the misconception that ""the descendants of Ham are cursed by being black"". Benjamin of Tudela, a Spanish rabbi of the 12th century CE inscribed that ""there is a people... who, like animals... go about naked and have not the intelligence of ordinary men... these sons of Ham are black slaves.""(13) Likewise, Christian writers picked up this mistaken theme from the Bible. In 1577, George Best explained the black skin of the African as ultimately the result of the curse on Ham, whose son Cush and ""all his posterity after him should be so black and loathesome that it might remain a spectacle of disobedience to all the world. And of this black and cursed Cush came all these black Moors which are in Africa.""(14) Interestingly, in his religious bias, Best included the ""Moors"" (African Muslims) in the curse.

There are clear, authentic traditions in which the Prophet declares unreservedly that there is no superiority for an Arab over a non-Arab so far as race is concerned.(15) Furthermore, no intelligent Arab would specifically condemn intermarriage with the ""sons of Ham"" because the ""sons of Ham"" include the Egyptians of old. (Egypt is called the ""land of Ham"" in the Bible at Psalms 78:51 and elsewhere.) Hajira (Hagar), the mother of the Arabs, was Egyptian and so was Mariya, the wife of Muhammad. Egypt, of course, is geographically African and racially heterogeneous, and has been racially mixed since the days of the early pharoahs.(16) In 1933, discoveries of prehistoric paintings in North Africa (near present-day Djanet in Algerian sahara) cast interesting light on the racial heterogeneity of that entire area. ""At Tin Aboteka there is the figure of a huge archer, almost two meters tall, with Negroid features... From a careful study of details and features, it is evident that the first authors of the paintings were a Negroid

ISLAM 1394/1974, 1(2)",
34,111,False,"S. Shahid Mufassir

hunting people. This is a very interesting fact because it proves that the range of the Negroid element in Africa in prehistoric times reached much farther northward* than it does today... the paintings, characterized by human figures with round heads, date back to circa 6000-7000 B.C.... Another noticeable element in these paintings is the variety of racial types coexisting as of a certain period. Side by side with the original Negroid element are figures with clearly Mediterranean profiles, or Ethiopians, a fact which confirms what was already known about the ethnic composition of the ancient Saharan peoples but which sheds new light on the relations between them. At a certain point these groups lived side by side in this region."" (Dr. Giorgio Gualco, ""The Rock Paintings of Tassili,"" in Mankind magazine, vol. 4, no. 6, April, 1974, pp. 41-47. emphasis added.) Much the same can be said of the ancient Egyptian paintings. Pharoahs and commoners alike were often portrayed with ""Negroid"" features. (See Egyptian Art, ed. by Francesco Abbate, Octopus Books: London, 1972.)

As reported by a ninth century C.E. Muslim writer of African descent, Muslim society imposed no barriers to intermarriage. According to Al-Jahiz of Basra, ""the deserts swarm with the number of our (African) men who married your (Arab) women and who became chiefs and defended you against your enemies."" (Kitab al-Sudan wa 'l-Bidan). The Muslim world did not need civil rights bills or affirmative action plans in order to provide Africans with equal advancement opportunity in the realm. Afro-Arabs gained prominence on all levels. Their renowned number included the above-mentioned Al-Jahiz (d. 869 C.E.), one of the greatest prose writers in classical Arabic literature and pioneer biologist; the poet Nusayb bin Riah; the financier Faraj Abu Kub; the black rulers of Muslim India, Malik Andil (d. 1494) and Malik Ambar (d. 1628); Yakub bin Yusuf al-Mansur (d. 1199), one of the greatest Moorish rulers of Spain; and Abu Hasan 'Ali (d. 1351), also known as Al-Sultan Al-Aswad, ""The Black Sultan"", who was patron of the arts and master of the Mediterranean after defeating the fleet of Admiral Godfrey Tenorio. (For these and many more, see J. A. Rogers, World's Great Men of Color, vol. I, Collier Books, N.Y., rev. ed. 1972.)

Racism is Ignorance

The sound tradition found at Bukhari 2:21 refutes decisively the contention that Islam sanctions any racial prejudice or discrimination. In this tradition, the prophet (peace be upon him) cogently identified racial abuse with ignorance. The Arabic word here, jahiliyyah, signifies foolisness, irrationality and any behavior in disregard to the facts. In Muslim terminology, jahiliyyah

*Incidentally, this refutes the claim that the obvious ""Negroid"" features of North Africans are merely the result of slavery. Rather, it is an ancient and indigenous phenomenon.

ISLAM 1394/1974, 1(2)",
35,112,False,"RACE, RACISM AND ISLAM

refers to the days of unbelief prior to the enlightenment of Islam; therefore, it is equivalent to kufr (unbelief). The verdict of the prophet shows that racism or racial discrimination is an act of unbelief as well as an indication of ignorance. Racial discrimination disregards the fact that all men are brothers racially. Since the prophet has pronounced racial discrimination to be ignorance, Islam cannot view any form of racism as scientific, intelligent or cultured. Rather, it is an act unworthy of a Muslim who has professed belief in the Creator of all mankind and in the Messenger whom He sent for the blessing of all mankind.

Categorically condemned as a jahiliy concept, racial discrimination has never been the policy of any Islamic state nor an approved practice of any Muslim. ""People did not ask about race or origin but about deeds, character and righteousness. Among the Mamluks (slaves) who attained the highest state positions we find Armenian, Russian, Sicilian, Georgian, Circassian Tartar, Turk, Frank, Sudanese and Ethiopian... they represented all the colors of mankind... Racism, or a fanatic attachment to tribe, color, language, or culture, is rejected by the Message (of Muhammad) as a product of pre-Islamic idolatry. The prophet declares, 'He is not of us who preaches bigotry.' Islam rejects every form of bigotry. All loyalties are directed to the word of God, and no relation above the spiritual is recognized... no set of distinct racial traits with which we are familiar possessed at any time in human history a monopoly over intelligence, knowledge and originality.""(17)

The Islamic Record in Africa

Muslim contributions to the development of Africa and African culture are many. Muslims refused to treat the African as an inferior, but, following the example of the prophet (peace be upon him), extended to him the hand of brotherhood and equality. The poor example of a small number of Muslim slave traders does not invalidate this. They obviously were following other than an Islamic example and were led by other than Islamic principles or motives. The overwhelming majority of Muslims refrained from such practices and in the true Islamic spirit continued to emancipate people from slavery and to liberate colonized people from colonization. Africans mastered Arabic and several native African languages adopted Arabic terms and expressions, such as Hausa, Yoruba and Swahili. ""In providing a written language, a literate and learned administrative class, and above all, a bond of union that cut across ethnic considerations, Islam was a powerful factor in nation building in West Africa.""(18) For example, ""Northern Nigeria... (had) a well established system of government with laws and law courts and a fi-

ISLAM 1394/1974, 1(2)",
36,113,False,"S. Shahid Mufassir

nancial administration based on Islamic law.""(19) African Muslims established international relations with the Islamic world, set up Islamic schools and colleges which gained wide fame. ""Youth from all over the Muslim world came to Timbuktu (Mali, West Africa) to study law and surgery at the University of Sankore; scholars came from North Africa and Europe to confer with the learned historians and writers of the black empire. ('Abd al-Rahman) Al-Sa'di, a Timbuktu intellectual who wrote a history of the Sudan (Ta'rikh al-Sudan, 1655 CE)... had a private library of 1,600 volumes... The University of Sankore and other intellectual centers in Timbuktu had large and valuable collections of manuscripts in several languages. Scholars traveled to the Songhay city to check their Greek and Latin manuscripts.""(20)

Ahmad Baba, born in Mali in 1556, composed many works on Islamic law and at least 13 of these are still in use by the 'ulama of West Africa. Another history of the western Sudan, Ta'rikh al-Fattash (History of the Seeker) had been composed in Arabic by the Malian Mahmud Kati, who was born in 1468. ""This capacious activity of Muslim scholarship and writing has never ceased in West Africa, but has grown and spread with the passing of the years."" (21) ""The history of Islam in North Africa teems with examples of black rulers who achieved greatness in the opinion of contemporaries, irrespective of color or race. The history of Africa is full of examples of Sudanese jurists who attained the position of Imams, Qadis and Muftis, and whose books are known in the whole Muslim world. In Africa, Islam was an element of unification which stood in the face of attempts at disunity.""(22)

Scholars agree that Islam played a fundamental role in nation building in Africa by providing the basis for unity and social justice. Even in the issue where Islam is much maligned by Western writers, that of slavery, Islam played a positive role. Because the goal of Islam is the emancipation of all men from the yokes of every type of servitude to men the Prophet and his companions liberated slaves and the Qur'an commends the emancipation of slaves in six separate verses. The abuses which are characteristic of slavery did not exist even when circumstances called for Muslims to take captives of war. Whether the slaves of Muslims were white or black, the condition of servitude carried no racial stigmas. Slavery was not rationalized on the basis of ""innate inferiority"" and the laws of Islamic states made emancipation easy. Among the Muslims, slavery never became a business enterprise or the staple of the economy and the trade in slaves has always been held to be contrary to Islamic teaching. By contrast, the official documents and pronouncements of the Church ""supported the slave trade... Jesuits, Dominicans and Franciscans were heavily involved... The Moravian missionaries in the Islands held slaves without hesitation; the Baptists...

ISLAM 1394/1974, 1(2)",
37,114,False,"RACE, RACISM AND ISLAM

would not allow their earlier missionaries to deprecate ownership of slaves... Slave dealing was one of the most lucrative investments of English as of American Quakers.""(23) It was not until the European slave trade that ""slavery reached massive proportions, decimating whole tribes... Also, the Europeans were quick to formulate racial theories to jusitfy the traffic, classifying Africans as 'natural' slaves, foredoomed to such a lowly state by their inborn backwardness.""(24)

The British abolished slavery in 1807, after it had become ""less profitable and less vital to England... Prior to 1783, however, all classes in English society presented a united front with regard to the slave trade. The monarchy, the governed, the churches, public opinion in general, supported the slave trade.""(25) Even afterward, this abolition was strongly objected to by men like Benjamin Disraeli, the Jewish prime minister (elected in 1868) who condemned the emancipation of slaves as ""the greatest blunder ever committed by the English people."" He wrote, ""the movement of the middle class for the abolition of slavery was virtuous, but it was not wise. It was an ignorant movement."" (Life of Lord George Bentinck)(26) But even before this British move, and long before the emancipation of slaves in America (1863), the Muslim government of Futa Toro in Senegal, West Africa, abolished slavery by law in 1788, despite the fierce opposition of French slave traders. The French ""compalined to the Almamy (the Imam) asking him to change his mind and do away with the law. The Almamy refused to do so, and followed this refusal by sending back to the agents of the French slave-trading company a number of presents they had given him, adding that 'all the riches of that company would not make him change his mind.'""(27)

According to the Sierra Leone Studies, vol. 21, 1939, Muslim Africans had for long ""participated in the suppression of the slave trade... the Sharif of Mecca had sent a letter to the king of the Fulas for circulation through all these Mandingo tribes, strictly prohibiting the selling of slaves — and which letter was also promulgated among the Yorubas, Fulanis and other neighboring tribes. The slave traffic was declared to be contrary to the teachings of Mohammed, which pronounce the most fearful denunciations of Allah's wrath in the world hereafter against those who persist in the traffic with the European nations."" (pp. 18, 19)

God's Verdict on Race

While there is no ""curse of Ham"" in the Noble Qur'an, it does mention a black man rather prominently. This makes the Qur'an the only religious text in the world which has a whole chapter named after a member of the

ISLAM 1394/1974, 1(2)",
38,115,False,"S. Shahid Mufassir

African race: Luqman, upon whom God bestowed wisdom despite his humble status. ""He is the type of perfect wisdom. It is said that he belonged to a humble station in life, being a slave or carpenter."" (Qur'an translation by Yusuf Ali, p. 1082, note 3593.) According to Al-Mas'udi, he was a freed black slave. Other Arab traditions specify that he was a coal-black Ethiopian with wooly hair. (Cf. Qur'an translation by A. M. Daryabadi, vol. V, p. 656, note 264.) Eight verses of the holy book transmit the wisdom which God gave to Luqman (31:12-19). God's favor knows no racial boundaries.

The Qur'an, the word of man's Creator, has declared that racial differences exist for purely pleasant, positive reasons which are diametrically opposed to any form of discrimination or racism. There is not a single verse in the Qur'an which implies or says that racial differences are to be a natural means of segregation. God says:

We have honored (karramna) the children of Adam... and conferred on them special favors, above a great part of our creation.

(17:70)

No race or ethnic group comprising ""the children of Adam"" has been excluded from this honor or nobility (karamah) and superiority or preference (fadl) which God has conferred on mankind over the rest of creation.

As for varieties of color, Islam does not consider any hue of skin as being the result of a curse. All complexions are signs of God's creative power.

Among His signs (or, miracles: ayat) is the creation of the heavens and the earth, and the differences in your languages and complexions. Truly these are signs for those who reflect.

(30:22)

No language or color is considered inferior and the very existence of diversity is indicative of God's miraculous, complex creative ability. The brown or black complexion is equally a miracle or marvel (ayah) as the white or yellow complexion.

Giving the greatest blow to all theories of racial discrimination, whether ""scientific"" or bigoted, God says further:

O mankind. We created you all from a single pair, and made you various races (shu'ub) and tribes so that you may be mutually acquainted.

(49:13)

""The accent is totally posivitive. The emphatic point, 'so that you (mankind) may be mutually acquainted,' is just one expression in Arabic: lita'arafu.

ISLAM 1394/1974, 1(2)",
39,116,False,"RACE, RACISM AND ISLAM

In grammatical terms ta'arafa is a Form VI verb which emphasizes the mutual application of the verb sense. The verb root itself is 'arafa, which means 'to be acquainted with; to approve of; to appreciate; to be positive about.' The Qur'an, employing this expression lita'arafu, is making the revolutionary statement that God made the different races and peoples so that the variety in mankind would lead to mutual acquaintance, mutual approval, mutual appreciation, a positive attitude.""(28)

Bernard Lewis passes over this phenomenal statement, having blurred its import by translating shu'ub (races) as the vague term ""confederacies"" and asserting that the main point being made by it is ""clearly social rather than racial.""(29) This assumption is incorrect. Shu'ub does refer to ""races"". Dr. A. J. Arberry so translates it in his The Koran Interpreted: ""O mankind, We have created you male and female, and appointed you races and tribes . . ."" The Muslim scholar Hafiz Ghulam Sarwar likewise renders this verse: ""O ye mankind! Surely We have made you out of male and female. And We have made into races and tribes . . .""(30) In his commentary on this verse Maulana 'Abdul Majid Daryabadi (Vol. 6, The Taj Co., Karachi, Pakistan, 1957, p. 818) writes: ""In plain speech, all races of men, Europeans, Asiatics and Africans; white, brown and black are equally His creation . . . This verse equally well demolishes the myth of a 'master race,' and completely supports the scientific finding that racial discrimination has no foundation in biological fact . . . this puts an end to the vast pseudo-science of 'racial biology' seeking to justify political ambitions (and) economic ends."" And, according to Dr. Muhammad 'Abdul-Ra'uf, the essential point being made here is that ""all people are equal in the eyes of God, and He wants them to treat each other as equal. Distinction between people on the basis of race, color or wealth or on any other basis is artificial and should not be tolerated.""(31)

Islam insists that racial variety should be a means of mutual attraction, and this has been the function of racial variety during the many millenia in which the human population interbred extensively. Islam condemns racial discrimination as ignorance and goes beyond the requirement of mere racial tolerance. Islam calls for racial appreciation, mutual respect, a positive human brotherhood based on love for God and man.

Footnotes

1. Ashley Montagu, The Fallacy of Race (New York, 1967), p. 29.
2. B. N. Schwartz and R. Disch, eds., White Racism (New York, 1970), pp. 30, 31.
3. Adolf Hitler, Mein Kamph (Boston, 1943), pp. 284-290.
4. ""Scientific Racialism,"" Impact International Fortnightly, 4:7 (12-25 April, 1974), London, p. 10.
5. Montagu, op. cit., pp. 37, 38.",
40,,False,"S. Shahid Mufassir

6. Bernard Lewis, Race and Color in Islam (New York, 1971), p. 17.
7. Ibid., p. 36, quoting Sa'id al-Andalusi.
8. Ebony Pictorial History of Black America (Chicago, 1971) I, 26.
9. Ibid., p. 34. ""Swahili"" is from Arabic sawahila, ""coastal inhabitant.""
10. Schwartz and Disch, op. cit., pp. 8, 9.
11. S. Haq, ""Hazrat Bilal bin Rabah,"" Al-Ittihad 6:1 (August, 1969), 28.
12. Lewis, op. cit., p. 66.
13. E. R. Sanders, ""Rape of African History: The Hamitic Hypothesis,"" Liberator 10:4 (April, 1970), 5-7.
14. Schwartz and Disch, op. cit., p. 9.
15. (Imam) Tirmidhi, Sunan, Bab al-Tafsir, hadith no. 49; Ibn Hanbal, Musnad, vol. 5, 411.
16. J. E. Harris and K. R. Weeks, X-Raying the Pharoahs (New York, 1973), pp. 72, 123, 127.
17. 'Abd al-Rahman Azzam, The Eternal Message of Muhammad (New York, 1965), pp. 202, 205, 221.
18. J. F. Ajayi and Ian Espie, eds., A Thousand Years of West African History (Ibadan, Nigeria, 1965), p. 265.
19. Ibid., p. 393.
20. Lerone Bennett, Jr., Before the Mayflower (Baltimore, 1968), p. 19.
21. Basil Davidson, A History of West Africa (New York, 1966), pp. 167, 168.
22. M. S. Muhammad, Islam Condemns Racial Discrimination (Cairo, Egypt, 1967), p. 63.
23. Eric Williams, Capitalism and Slavery (New York, 1966) 4th ed., p. 43.
24. L. H. Fishel and B. Quarles, eds., The Negro American (Illinois, 1967), p. 5.
25. Williams, op. cit., p. 39.
26. Ibid., p. 194.
27. Davidson, op. cit., p. 297.
28. S. S. Mufassir, ""Beyond Tolerance: A new appreciation of Race,"" Impact International Fornightly, 3:11 (26 Oct.-8 Nov. 1973), London, p. 8.
29. Lewis, op. cit., p. 7.
30. H. G. Sarwar, Muhammad the Holy Prophet (Lahore, Pakistan, 1961), p. 307.
31. M. A. Rauf, Islamic Religious Knowledge (New York, 1968) II, 70.

Principal References

1. Ajayi, J. F. A Thousand Years of West African History. Ibadan, Nigeria: Ibadan U. Press, 1965.
2. Azzam, A. R. The Eternal Message of Muhammad. New York: New American Library, 1965.
3. ""Beyond Tolerance: A new appreciation of Race,"" Impact International Fortnightly, London, 3:11 (26 Oct.-8 Nov. 1973).
4. Davidson, Basil. A History of West Africa. New York: Doubleday & Co., 1966.
5. Harris, J. E. X-Raying the Pharoahs. New York: Chas. Scribner's Sons, 1973.
6. Montagu, Ashley. The Fallacy of Race. New York: Meridian Books, 1967.
7. Rogers, J. A. World's Great Men of Color. New York: Collier Books, ed. of 1972.
8. Schwartz, B. N. White Racism. New York: Dell Publishing Co., 1970.
9. Williams, Eric. Capitalism and Slavery. New York: Capricorn Books (4th ed.), 1966.",
41,118,False,,"بسم الله الرحمن الرحيم
محمد رسول الله والذين معه أشداء على الكفار رحماء بينهم

Circular border text in small script surrounding the central calligraphy, partially illegible due to script density and small size"
42,119,False,,"بسم الله الرحمن الرحيم
الله نور السماوات والأرض مثل نوره كمشكاة فيها مصباح"
43,120,False,"English Meanings of the Qur'an : 2
by Rashad Khalifa, Ph.D.

Sura Al-Baqarah (The Heifer) 2:30-98

In the Name of God, the Compassionate, the Merciful
(The Creation of Man)
30 When your Lord said to the angels, ""I will place on earth a viceroy,"" they said, ""Will you place therein one who may spread corruption and bloodshed; while we praise Your glory and hold You sacred?"" He said, ""I know what you know not."" 31 He taught Adam the names of all things, then presented them to the angels, saying, ""Tell Me the names of these if you are right."" 32 They said, ""All glory belongs to You. We have no knowledge, except that which You bestowed upon us. Surely, You are the Omniscient, the Wise."" 33 God said, ""O Adam, inform them of their names."" When he informed them of their names, God said, ""Did I not tell you that I know the future of the heavens and the earth; that I know what you reveal as well as what you conceal?"" 34 Then when I told the angels, ""Fall prostrate before Adam,"" they fell prostrate, except Iblis; he refused, due to arrogance, and thus, he became a rebel. 35 I said, ""O Adam, dwell with your wife in Paradise; eat therefrom and enjoy whatever you like, but do not approach this one tree lest you become wrong-doers."" 36 However, Satan duped them, and caused their eviction therefrom. Thus, I said, ""Go down as enemies of one another. On earth, there shall be your abode and provision for a finite period.""",
44,121,False,"A true understanding of Islam requires, as a minimum, a reasonable understanding of its message, the Qur'an. While many people acquire a distorted picture of the religion by observing some aspects of the actions, history, or personal conduct of its professed followers, the readers of this series are presented with an opportunity to grasp the basic principles of true Islam. Readers who are familiar with the various Qur'anic translations will appreciate the fact that this is the first English rendering of the Qur'an's meanings by a Muslim Arab.. It is being printed for the first time.",وَإِذْ قَالَ رَبُّكَ لِلْمَلَائِكَةِ إِنِّي جَاعِلٌ فِي الْأَرْضِ خَلِيفَةً قَالُوا أَتَجْعَلُ فِيهَا مَن يُفْسِدُ فِيهَا وَيَسْفِكُ الدِّمَاءَ وَنَحْنُ نُسَبِّحُ بِحَمْدِكَ وَنُقَدِّسُ لَكَ قَالَ إِنِّي أَعْلَمُ مَا لَا تَعْلَمُونَ (٣٠) وَعَلَّمَ آدَمَ الْأَسْمَاءَ كُلَّهَا ثُمَّ عَرَضَهُمْ عَلَى الْمَلَائِكَةِ فَقَالَ أَنبِئُونِي بِأَسْمَاءِ هَٰؤُلَاءِ إِن كُنتُمْ صَادِقِينَ (٣١) قَالُوا سُبْحَانَكَ لَا عِلْمَ لَنَا إِلَّا مَا عَلَّمْتَنَا إِنَّكَ أَنتَ الْعَلِيمُ الْحَكِيمُ (٣٢) قَالَ يَا آدَمُ أَنبِئْهُم بِأَسْمَائِهِمْ فَلَمَّا أَنبَأَهُم بِأَسْمَائِهِمْ قَالَ أَلَمْ أَقُل لَّكُمْ إِنِّي أَعْلَمُ غَيْبَ السَّمَاوَاتِ وَالْأَرْضِ وَأَعْلَمُ مَا تُبْدُونَ وَمَا كُنتُمْ تَكْتُمُونَ (٣٣) وَإِذْ قُلْنَا لِلْمَلَائِكَةِ اسْجُدُوا لِآدَمَ فَسَجَدُوا إِلَّا إِبْلِيسَ أَبَىٰ وَاسْتَكْبَرَ وَكَانَ مِنَ الْكَافِرِينَ (٣٤) وَقُلْنَا يَا آدَمُ اسْكُنْ أَنتَ وَزَوْجُكَ الْجَنَّةَ وَكُلَا مِنْهَا رَغَدًا حَيْثُ شِئْتُمَا وَلَا تَقْرَبَا هَٰذِهِ الشَّجَرَةَ فَتَكُونَا مِنَ الظَّالِمِينَ (٣٥) فَأَزَلَّهُمَا الشَّيْطَانُ عَنْهَا فَأَخْرَجَهُمَا مِمَّا كَانَا فِيهِ وَقُلْنَا اهْبِطُوا بَعْضُكُمْ لِبَعْضٍ عَدُوٌّ وَلَكُمْ فِي الْأَرْضِ مُسْتَقَرٌّ وَمَتَاعٌ إِلَىٰ حِينٍ (٣٦)
45,122,False,"SURA AL-BAQARAH  2:37-50

37 Then Adam received from his Lord certain commands whereby God redeemed him. Surely, He is the Redeemer, the Merciful. 38 I said, ""Go down therefrom, all of you, and when My guidance comes to you, those who follow My guidance shall have no fear, nor shall they grieve. 39 As for those who disbelieve and reject My Revelations, they shall deserve the hellfire. They shall abide therein eternally.""

(The Children of Israel)
40 O Children of Israel, be appreciative of the favors which I bestowed upon you; fulfill My covenant, that I may fulfill your covenant; you shall reverence Me; 41 You shall believe in what I reveal herein confirming what you have; do not be the first to reject it; you shall not trade away My revelations for a cheap material gain; you shall observe piety towards Me. 42 Do not confound the truth with falsehood, nor conceal the truth deliberately. 43 You shall observe the Salat prayers, pay the Zakat charity (due alms), and bow (in prayer) with those who bow. 44 Do you order people to be righteous, while forgetting your own selves, even though you know the scripture? Have you not any understanding? 45 Seek help in perseverence and in the Salat. Such is a difficult task, but not so for those who humble themselves; 46 who believe that they shall face their Lord; that they shall return to Him. 47 O Children of Israel, be appreciative of the favors which I bestowed upon you; I set you apart from all beings. 48 Beware of the day when no soul can avail another soul, no intercession can be accepted therefrom, no ransom can be paid, and no one can be helped.

(Deliverance from Egypt)
49 Recall that I saved you from the Pharaoh's people who inflicted severe persecution upon you; they slaughtered your sons and spared your daughters. Such was an exacting trial from your Lord. 50 Recall that I parted the sea for you; thus, I saved you and drowned the Pharaoh's people as you watched.",
46,123,False,,فَتَلَقَّىٰ آدَمُ مِن رَّبِّهِ كَلِمَاتٍ فَتَابَ عَلَيْهِ إِنَّهُ هُوَ التَّوَّابُ الرَّحِيمُ (٣٧) قُلْنَا اهْبِطُوا مِنْهَا جَمِيعًا فَإِمَّا يَأْتِيَنَّكُم مِّنِّي هُدًى فَمَن تَبِعَ هُدَايَ فَلَا خَوْفٌ عَلَيْهِمْ وَلَا هُمْ يَحْزَنُونَ (٣٨) وَالَّذِينَ كَفَرُوا وَكَذَّبُوا بِآيَاتِنَا أُولَٰئِكَ أَصْحَابُ النَّارِ هُمْ فِيهَا خَالِدُونَ (٣٩) يَا بَنِي إِسْرَائِيلَ اذْكُرُوا نِعْمَتِيَ الَّتِي أَنْعَمْتُ عَلَيْكُمْ وَأَوْفُوا بِعَهْدِي أُوفِ بِعَهْدِكُمْ وَإِيَّايَ فَارْهَبُونِ (٤٠) وَآمِنُوا بِمَا أَنزَلْتُ مُصَدِّقًا لِّمَا مَعَكُمْ وَلَا تَكُونُوا أَوَّلَ كَافِرٍ بِهِ وَلَا تَشْتَرُوا بِآيَاتِي ثَمَنًا قَلِيلًا وَإِيَّايَ فَاتَّقُونِ (٤١) وَلَا تَلْبِسُوا الْحَقَّ بِالْبَاطِلِ وَتَكْتُمُوا الْحَقَّ وَأَنتُمْ تَعْلَمُونَ (٤٢) وَأَقِيمُوا الصَّلَاةَ وَآتُوا الزَّكَاةَ وَارْكَعُوا مَعَ الرَّاكِعِينَ (٤٣) أَتَأْمُرُونَ النَّاسَ بِالْبِرِّ وَتَنسَوْنَ أَنفُسَكُمْ وَأَنتُمْ تَتْلُونَ الْكِتَابَ أَفَلَا تَعْقِلُونَ (٤٤) وَاسْتَعِينُوا بِالصَّبْرِ وَالصَّلَاةِ وَإِنَّهَا لَكَبِيرَةٌ إِلَّا عَلَى الْخَاشِعِينَ (٤٥) الَّذِينَ يَظُنُّونَ أَنَّهُم مُّلَاقُو رَبِّهِمْ وَأَنَّهُمْ إِلَيْهِ رَاجِعُونَ (٤٦) يَا بَنِي إِسْرَائِيلَ اذْكُرُوا نِعْمَتِيَ الَّتِي أَنْعَمْتُ عَلَيْكُمْ وَأَنِّي فَضَّلْتُكُمْ عَلَى الْعَالَمِينَ (٤٧) وَاتَّقُوا يَوْمًا لَّا تَجْزِي نَفْسٌ عَن نَّفْسٍ شَيْئًا وَلَا يُقْبَلُ مِنْهَا شَفَاعَةٌ وَلَا يُؤْخَذُ مِنْهَا عَدْلٌ وَلَا هُمْ يُنصَرُونَ (٤٨) وَإِذْ نَجَّيْنَاكُم مِّنْ آلِ فِرْعَوْنَ يَسُومُونَكُمْ سُوءَ الْعَذَابِ يُذَبِّحُونَ أَبْنَاءَكُمْ وَيَسْتَحْيُونَ نِسَاءَكُمْ وَفِي ذَٰلِكُم بَلَاءٌ مِّن رَّبِّكُمْ عَظِيمٌ (٤٩) وَإِذْ فَرَقْنَا بِكُمُ الْبَحْرَ فَأَنجَيْنَاكُمْ وَأَغْرَقْنَا آلَ فِرْعَوْنَ وَأَنتُمْ تَنظُرُونَ (٥٠)
47,124,False,"SURA AL-BAQARAH  2:51-60

51 Recall that when I summoned Moses for forty nights, you worshiped the calf in his absence, and you turned wicked. 52 Yet, I pardoned you thereafter, that you may be appreciative. 53 Recall that I gave Moses the scripture and the statute book, that you may be guided. 54 Recall that Moses told his followers, ""You have wronged your souls by worshiping the calf. Therefore, you shall repent to your Creator; you shall kill your ego. This would be best for you with your Creator."" Subsequently, God absolved you. Surely, He is the Absolver, most-Merciful. 55 When you said, ""O Moses, we shall not believe unless we see God in person,"" the lightning struck you as you looked. 56 Then, I revived you after you died, that you may be appreciative.

(In Sinai)

57 I shaded you with clouds, and sent down to you manna and quails; ""Eat from the good things I provide for you."" Indeed, they did no harm to Me, but rather they harmed themselves. 58 When I said, ""Go into this village and eat therefrom as you please; enter the gate in humbleness, and speak gently, that I may forgive your sins and reward the virtuous,"" 59 the evil ones distorted My commandments. Consequently, I showered the evil ones with wrath from the sky due to their wickedness. 60 Recall that when Moses sought water for his followers, I said, ""Strike the rock with your staff."" Whereupon, twelve springs gushed out therefrom. Thus, each of the tribes had their own water; ""Eat and drink from God's provisions, and roam not the earth in corruption.""",
48,125,False,,وَإِذْ وَاعَدْنَا مُوسَىٰ أَرْبَعِينَ لَيْلَةً ثُمَّ اتَّخَذْتُمُ الْعِجْلَ مِن بَعْدِهِ وَأَنتُمْ ظَالِمُونَ (٥١) ثُمَّ عَفَوْنَا عَنكُم مِّن بَعْدِ ذَٰلِكَ لَعَلَّكُمْ تَشْكُرُونَ (٥٢) وَإِذْ آتَيْنَا مُوسَى الْكِتَابَ وَالْفُرْقَانَ لَعَلَّكُمْ تَهْتَدُونَ (٥٣) وَإِذْ قَالَ مُوسَىٰ لِقَوْمِهِ يَا قَوْمِ إِنَّكُمْ ظَلَمْتُمْ أَنفُسَكُم بِاتِّخَاذِكُمُ الْعِجْلَ فَتُوبُوا إِلَىٰ بَارِئِكُمْ فَاقْتُلُوا أَنفُسَكُمْ ذَٰلِكُمْ خَيْرٌ لَّكُمْ عِندَ بَارِئِكُمْ فَتَابَ عَلَيْكُمْ إِنَّهُ هُوَ التَّوَّابُ الرَّحِيمُ (٥٤) وَإِذْ قُلْتُمْ يَا مُوسَىٰ لَن نُّؤْمِنَ لَكَ حَتَّىٰ نَرَى اللَّهَ جَهْرَةً فَأَخَذَتْكُمُ الصَّاعِقَةُ وَأَنتُمْ تَنظُرُونَ (٥٥) ثُمَّ بَعَثْنَاكُم مِّن بَعْدِ مَوْتِكُمْ لَعَلَّكُمْ تَشْكُرُونَ (٥٦) وَظَلَّلْنَا عَلَيْكُمُ الْغَمَامَ وَأَنزَلْنَا عَلَيْكُمُ الْمَنَّ وَالسَّلْوَىٰ كُلُوا مِن طَيِّبَاتِ مَا رَزَقْنَاكُمْ وَمَا ظَلَمُونَا وَلَٰكِن كَانُوا أَنفُسَهُمْ يَظْلِمُونَ (٥٧) وَإِذْ قُلْنَا ادْخُلُوا هَٰذِهِ الْقَرْيَةَ فَكُلُوا مِنْهَا حَيْثُ شِئْتُمْ رَغَدًا وَادْخُلُوا الْبَابَ سُجَّدًا وَقُولُوا حِطَّةٌ نَّغْفِرْ لَكُمْ خَطَايَاكُمْ وَسَنَزِيدُ الْمُحْسِنِينَ (٥٨) فَبَدَّلَ الَّذِينَ ظَلَمُوا قَوْلًا غَيْرَ الَّذِي قِيلَ لَهُمْ فَأَنزَلْنَا عَلَى الَّذِينَ ظَلَمُوا رِجْزًا مِّنَ السَّمَاءِ بِمَا كَانُوا يَفْسُقُونَ (٥٩) وَإِذِ اسْتَسْقَىٰ مُوسَىٰ لِقَوْمِهِ فَقُلْنَا اضْرِب بِّعَصَاكَ الْحَجَرَ فَانفَجَرَتْ مِنْهُ اثْنَتَا عَشْرَةَ عَيْنًا قَدْ عَلِمَ كُلُّ أُنَاسٍ مَّشْرَبَهُمْ كُلُوا وَاشْرَبُوا مِن رِّزْقِ اللَّهِ وَلَا تَعْثَوْا فِي الْأَرْضِ مُفْسِدِينَ (٦٠)
49,126,False,"SURA AL-BAQARAH  2:61-68

61 When you told Moses, ""We can no longer tolerate one kind of food; ask your Lord to produce for us earthly crops such as beans, cucumber, garlic, lentils, and onions,"" he said, ""Do you wish to substitute that which is inferior for that which is good? Go down to the countryside wherein you may find your request."" Thus, humiliation and poverty became their lot, and they incurred wrath from God. That, because they rejected God's commandments and because they slew the prophets unjustly; because they rebelled and transgressed. 62 Surely, those who believe; those who were Jewish, Christian, or Sabian; any among them who did believe in God and the hereafter, and did good works, shall receive their recompense from their Lord; they shall have no fear, nor shall they grieve.

(The Covenant)
63 Recall that I made a covenant with you, and raised Mount Sinai above you, saying, ""You shall uphold this covenant strongly, and remember the contents thereof, that you may achieve piety."" 64 But you turned away thereafter, and were it not for God's grace towards you and His mercy, you would have been destroyed. 65 You know what happened to those among you who desecrated the Sabbath; I said unto them, ""You shall be despicable apes."" 66 Thus, I set them up as an example for their generation, as well as subsequent generations, and an admonition for the pious.

(The Heifer)
67 When Moses said to his followers, ""God commands you to sacrifice a heifer,"" they said, ""Are you kidding us?"" He said, ""God forbid that I may be so ignorant."" 68 They said, ""Ask your Lord to show us what kind of heifer."" Moses said, ""He says that she is a heifer which is neither too old, nor too young; of an average age. You shall carry out this command.""",
50,127,False,,وَإِذْ قُلْتُمْ يَا مُوسَىٰ لَن نَّصْبِرَ عَلَىٰ طَعَامٍ وَاحِدٍ فَادْعُ لَنَا رَبَّكَ يُخْرِجْ لَنَا مِمَّا تُنبِتُ الْأَرْضُ مِن بَقْلِهَا وَقِثَّائِهَا وَفُومِهَا وَعَدَسِهَا وَبَصَلِهَا قَالَ أَتَسْتَبْدِلُونَ الَّذِي هُوَ أَدْنَىٰ بِالَّذِي هُوَ خَيْرٌ اهْبِطُوا مِصْرًا فَإِنَّ لَكُم مَّا سَأَلْتُمْ وَضُرِبَتْ عَلَيْهِمُ الذِّلَّةُ وَالْمَسْكَنَةُ وَبَاءُوا بِغَضَبٍ مِّنَ اللَّهِ ذَٰلِكَ بِأَنَّهُمْ كَانُوا يَكْفُرُونَ بِآيَاتِ اللَّهِ وَيَقْتُلُونَ النَّبِيِّينَ بِغَيْرِ الْحَقِّ ذَٰلِكَ بِمَا عَصَوا وَّكَانُوا يَعْتَدُونَ (٦١) إِنَّ الَّذِينَ آمَنُوا وَالَّذِينَ هَادُوا وَالنَّصَارَىٰ وَالصَّابِئِينَ مَنْ آمَنَ بِاللَّهِ وَالْيَوْمِ الْآخِرِ وَعَمِلَ صَالِحًا فَلَهُمْ أَجْرُهُمْ عِندَ رَبِّهِمْ وَلَا خَوْفٌ عَلَيْهِمْ وَلَا هُمْ يَحْزَنُونَ (٦٢) وَإِذْ أَخَذْنَا مِيثَاقَكُمْ وَرَفَعْنَا فَوْقَكُمُ الطُّورَ خُذُوا مَا آتَيْنَاكُم بِقُوَّةٍ وَاذْكُرُوا مَا فِيهِ لَعَلَّكُمْ تَتَّقُونَ (٦٣) ثُمَّ تَوَلَّيْتُم مِّن بَعْدِ ذَٰلِكَ فَلَوْلَا فَضْلُ اللَّهِ عَلَيْكُمْ وَرَحْمَتُهُ لَكُنتُم مِّنَ الْخَاسِرِينَ (٦٤) وَلَقَدْ عَلِمْتُمُ الَّذِينَ اعْتَدَوْا مِنكُمْ فِي السَّبْتِ فَقُلْنَا لَهُمْ كُونُوا قِرَدَةً خَاسِئِينَ (٦٥) فَجَعَلْنَاهَا نَكَالًا لِّمَا بَيْنَ يَدَيْهَا وَمَا خَلْفَهَا وَمَوْعِظَةً لِّلْمُتَّقِينَ (٦٦) وَإِذْ قَالَ مُوسَىٰ لِقَوْمِهِ إِنَّ اللَّهَ يَأْمُرُكُمْ أَن تَذْبَحُوا بَقَرَةً قَالُوا أَتَتَّخِذُنَا هُزُوًا قَالَ أَعُوذُ بِاللَّهِ أَنْ أَكُونَ مِنَ الْجَاهِلِينَ (٦٧) قَالُوا ادْعُ لَنَا رَبَّكَ يُبَيِّن لَّنَا مَا هِيَ قَالَ إِنَّهُ يَقُولُ إِنَّهَا بَقَرَةٌ لَّا فَارِضٌ وَلَا بِكْرٌ عَوَانٌ بَيْنَ ذَٰلِكَ فَافْعَلُوا مَا تُؤْمَرُونَ (٦٨)
51,128,False,"SURA AL-BAQARAH  2:69-79

69 They said, ""Ask your Lord to inform us of her color."" Moses said, ""He says that she shall be a yellow heifer; bright-colored and pleasant looking."" 70 They said, ""Ask your Lord to point her out for us. The heifers look alike; with God's help we shall find her."" 71 Moses said, ""He says that she is a heifer never humiliated in plowing the land or watering the crops; safe from any blemish."" They said, ""Now you have brought the truth;"" they sacrificed her, though reluctantly. 72 Then, when you committed a murder and disputed among yourselves, God decided to uncover what you tried to conceal. 73 Thus, I said, ""Strike the victim with part of that heifer."" Whereupon, God revived the victim and showed you His signs, that you may understand. 74 Yet, your hearts hardened thereafter and became like rocks or even harder. For there are rocks from which rivers gush out; some rocks crack and gently release water; some rocks even stoop out of reverence for God. God is never unaware of anything you do.

(Distortion of the Scriptures)
75 How do you expect them to believe with you? Some of them used to hear the word of God then deliberately distort it with full understanding thereof. 76 When they meet the believers, they say, ""We believe in this,"" but when in private with each other, they say, ""Inform them not of the scripture revealed to you from God, lest they may use it to support their argument. Do you not understand?"" 77 Do they not realize that God knows whatever they hide, as well as whatever they disclose? 78 Among them there are those who have no knowledge of the scripture; they may think that they know it, but in fact they do not. 79 Therefore, woe to those who fabricate the scripture with their own hands, then claim that such writings came from God, seeking thereby a cheap material gain. Woe to them as a consequence of their fabrications; woe to them as a consequence of their deeds.",
52,129,False,,قَالُوا ادْعُ لَنَا رَبَّكَ يُبَيِّن لَّنَا مَا لَوْنُهَا قَالَ إِنَّهُ يَقُولُ إِنَّهَا بَقَرَةٌ صَفْرَاءُ فَاقِعٌ لَّوْنُهَا تَسُرُّ النَّاظِرِينَ (٦٩) قَالُوا ادْعُ لَنَا رَبَّكَ يُبَيِّن لَّنَا مَا هِيَ إِنَّ الْبَقَرَ تَشَابَهَ عَلَيْنَا وَإِنَّا إِن شَاءَ اللَّهُ لَمُهْتَدُونَ (٧٠) قَالَ إِنَّهُ يَقُولُ إِنَّهَا بَقَرَةٌ لَّا ذَلُولٌ تُثِيرُ الْأَرْضَ وَلَا تَسْقِي الْحَرْثَ مُسَلَّمَةٌ لَّا شِيَةَ فِيهَا قَالُوا الْآنَ جِئْتَ بِالْحَقِّ فَذَبَحُوهَا وَمَا كَادُوا يَفْعَلُونَ (٧١) وَإِذْ قَتَلْتُمْ نَفْسًا فَادَّارَأْتُمْ فِيهَا وَاللَّهُ مُخْرِجٌ مَّا كُنتُمْ تَكْتُمُونَ (٧٢) فَقُلْنَا اضْرِبُوهُ بِبَعْضِهَا كَذَٰلِكَ يُحْيِي اللَّهُ الْمَوْتَىٰ وَيُرِيكُمْ آيَاتِهِ لَعَلَّكُمْ تَعْقِلُونَ (٧٣) ثُمَّ قَسَتْ قُلُوبُكُم مِّن بَعْدِ ذَٰلِكَ فَهِيَ كَالْحِجَارَةِ أَوْ أَشَدُّ قَسْوَةً وَإِنَّ مِنَ الْحِجَارَةِ لَمَا يَتَفَجَّرُ مِنْهُ الْأَنْهَارُ وَإِنَّ مِنْهَا لَمَا يَشَّقَّقُ فَيَخْرُجُ مِنْهُ الْمَاءُ وَإِنَّ مِنْهَا لَمَا يَهْبِطُ مِنْ خَشْيَةِ اللَّهِ وَمَا اللَّهُ بِغَافِلٍ عَمَّا تَعْمَلُونَ (٧٤) أَفَتَطْمَعُونَ أَن يُؤْمِنُوا لَكُمْ وَقَدْ كَانَ فَرِيقٌ مِّنْهُمْ يَسْمَعُونَ كَلَامَ اللَّهِ ثُمَّ يُحَرِّفُونَهُ مِن بَعْدِ مَا عَقَلُوهُ وَهُمْ يَعْلَمُونَ (٧٥) وَإِذَا لَقُوا الَّذِينَ آمَنُوا قَالُوا آمَنَّا وَإِذَا خَلَا بَعْضُهُمْ إِلَىٰ بَعْضٍ قَالُوا أَتُحَدِّثُونَهُم بِمَا فَتَحَ اللَّهُ عَلَيْكُمْ لِيُحَاجُّوكُم بِهِ عِندَ رَبِّكُمْ أَفَلَا تَعْقِلُونَ (٧٦) أَوَلَا يَعْلَمُونَ أَنَّ اللَّهَ يَعْلَمُ مَا يُسِرُّونَ وَمَا يُعْلِنُونَ (٧٧) وَمِنْهُمْ أُمِّيُّونَ لَا يَعْلَمُونَ الْكِتَابَ إِلَّا أَمَانِيَّ وَإِنْ هُمْ إِلَّا يَظُنُّونَ (٧٨) فَوَيْلٌ لِّلَّذِينَ يَكْتُبُونَ الْكِتَابَ بِأَيْدِيهِمْ ثُمَّ يَقُولُونَ هَٰذَا مِنْ عِندِ اللَّهِ لِيَشْتَرُوا بِهِ ثَمَنًا قَلِيلًا فَوَيْلٌ لَّهُم مِّمَّا كَتَبَتْ أَيْدِيهِمْ وَوَيْلٌ لَّهُم مِّمَّا يَكْسِبُونَ (٧٩)
53,130,False,"SURA AL-BAQARAH  2:80-87

(God's Chosen People?)
80 They say, ""The hellfire will not touch us, save for a limited number of days."" Say, ""Have you taken such a promise from God, and God never breaks His promise? Or, do you attribute to God what you know not?"" 81 Yes indeed, anyone who commits sin, and becomes surrounded by his misdeeds, these shall be dwellers of the hellfire; they shall abide therein eternally. 82 As for those who believe and do good works, they shall be dwellers of Paradise; they shall abide therein eternally.

(Transgressions of the Israelites)
83 Recall that I made a covenant with the Children of Israel that they shall not worship any except God; to be kind to the parents, the relatives, the orphans, and the poor; to speak with the people amicably; to observe the Salat and pay the Zakat. But you turned away, except a few of you, and you became averse. 84 I made a covenant with you that you shall not shed your blood, nor shall you evict one another from your homes; you agreed and bore witness. 85 Yet, here you are slaying one another, and evicting some of you from their homes, banding together against them sinfully and defiantly. When they come to you as captives you demand ransom from them; evicting them was prohibited for you in the first place. Do you then believe in part of the scripture and disregard the other? What should be the requital for such deeds, except humiliation in this life and, on the Day of Resurrection, even worse retribution? God is never unaware of anything you do. 86 Such are they who traded away the hereafter for this lowly life. Therefore, their retribution shall not be commuted, nor shall they receive any help. 87 I have given Moses the scripture and subsequent to him I dispatched many messengers. Similarly, I gave Jesus the son of Mary manifest signs, and I supported him with the holy spirit. Is it ever so that whenever a messenger comes to you with what you do not like, you resort to arrogance? Thus, some messengers you rejected, and some you slew.",
54,131,False,,وَقَالُوا لَن تَمَسَّنَا النَّارُ إِلَّا أَيَّامًا مَّعْدُودَةً قُلْ أَتَّخَذْتُمْ عِندَ اللَّهِ عَهْدًا فَلَن يُخْلِفَ اللَّهُ عَهْدَهُ أَمْ تَقُولُونَ عَلَى اللَّهِ مَا لَا تَعْلَمُونَ (٨٠) بَلَىٰ مَن كَسَبَ سَيِّئَةً وَأَحَاطَتْ بِهِ خَطِيئَتُهُ فَأُولَٰئِكَ أَصْحَابُ النَّارِ هُمْ فِيهَا خَالِدُونَ (٨١) وَالَّذِينَ آمَنُوا وَعَمِلُوا الصَّالِحَاتِ أُولَٰئِكَ أَصْحَابُ الْجَنَّةِ هُمْ فِيهَا خَالِدُونَ (٨٢) وَإِذْ أَخَذْنَا مِيثَاقَ بَنِي إِسْرَائِيلَ لَا تَعْبُدُونَ إِلَّا اللَّهَ وَبِالْوَالِدَيْنِ إِحْسَانًا وَذِي الْقُرْبَىٰ وَالْيَتَامَىٰ وَالْمَسَاكِينِ وَقُولُوا لِلنَّاسِ حُسْنًا وَأَقِيمُوا الصَّلَاةَ وَآتُوا الزَّكَاةَ ثُمَّ تَوَلَّيْتُمْ إِلَّا قَلِيلًا مِّنكُمْ وَأَنتُم مُّعْرِضُونَ (٨٣) وَإِذْ أَخَذْنَا مِيثَاقَكُمْ لَا تَسْفِكُونَ دِمَاءَكُمْ وَلَا تُخْرِجُونَ أَنفُسَكُم مِّن دِيَارِكُمْ ثُمَّ أَقْرَرْتُمْ وَأَنتُمْ تَشْهَدُونَ (٨٤) ثُمَّ أَنتُمْ هَٰؤُلَاءِ تَقْتُلُونَ أَنفُسَكُمْ وَتُخْرِجُونَ فَرِيقًا مِّنكُم مِّن دِيَارِهِمْ تَظَاهَرُونَ عَلَيْهِم بِالْإِثْمِ وَالْعُدْوَانِ وَإِن يَأْتُوكُمْ أُسَارَىٰ تُفَادُوهُمْ وَهُوَ مُحَرَّمٌ عَلَيْكُمْ إِخْرَاجُهُمْ أَفَتُؤْمِنُونَ بِبَعْضِ الْكِتَابِ وَتَكْفُرُونَ بِبَعْضٍ فَمَا جَزَاءُ مَن يَفْعَلُ ذَٰلِكَ مِنكُمْ إِلَّا خِزْيٌ فِي الْحَيَاةِ الدُّنْيَا وَيَوْمَ الْقِيَامَةِ يُرَدُّونَ إِلَىٰ أَشَدِّ الْعَذَابِ وَمَا اللَّهُ بِغَافِلٍ عَمَّا تَعْمَلُونَ (٨٥) أُولَٰئِكَ الَّذِينَ اشْتَرَوُا الْحَيَاةَ الدُّنْيَا بِالْآخِرَةِ فَلَا يُخَفَّفُ عَنْهُمُ الْعَذَابُ وَلَا هُمْ يُنصَرُونَ (٨٦) وَلَقَدْ آتَيْنَا مُوسَى الْكِتَابَ وَقَفَّيْنَا مِن بَعْدِهِ بِالرُّسُلِ وَآتَيْنَا عِيسَى ابْنَ مَرْيَمَ الْبَيِّنَاتِ وَأَيَّدْنَاهُ بِرُوحِ الْقُدُسِ أَفَكُلَّمَا جَاءَكُمْ رَسُولٌ بِمَا لَا تَهْوَىٰ أَنفُسُكُمُ اسْتَكْبَرْتُمْ فَفَرِيقًا كَذَّبْتُمْ وَفَرِيقًا تَقْتُلُونَ (٨٧)
55,132,False,"SURA AL-BAQARAH  2:88-98

88 They said, ""Our hearts are saturated."" Nay, it is but a curse from God, due to their heathenism, that causes them to believe but rarely. 89 Thus, when this scripture came to them from God, confirming what they have, and though they used to predict to the disbelievers its coming, they rejected it when they realized it had come. Such is the curse of God upon the rejectors. 90 Miserable indeed is what they traded their souls for; disbelieving in these revelations of God, out of sheer jealousy that God should bestow His grace upon whomever He wills among His creatures. Therefore, they incur wrath after wrath; the disbelievers shall suffer a humiliating punishment. 91 When they are told, ""You shall believe in these revelations of God,"" they say, ""We believe only in what was revealed to us."" Thus, they reject subsequent scripture even though it is the truth; even though it confirms what they have. Say, ""Why did you slay the prophets of God in the olden times, if you were really believers?"" 92 Moses had come to you with manifest signs, but you worshiped the calf in his absence and you turned wicked. 93 Recall that I made a covenant with you, and raised Mount Sinai over you, saying, ""You shall uphold this covenant strongly, and hearken."" They said, ""We hearken, but we shall not obey."" Thus, their hearts were filled with adoration for the calf, due to their rebellion. Say, ""Miserable is what your convictions dictate upon you, if you do have any convictions."" 94 Say, ""If the abode in the hereafter is guaranteed by God for you alone, to the exclusion of all others, then you should long for death if you are truthful."" 95 However, they never long for it, due to what their hands have committed. God is fully aware of the wrong-doers. 96 In fact, you shall find them the most covetous of life, even more so than the heathens; the one of them would wish to survive a thousand years. But this shall not move him any further from his due retribution, even if he does live long. God is Seer of everything they do. 97 Say to those who resent (the archangel) Gabriel that he conveyed this Qur'an into your heart, by God's leave, confirming previous scriptures and providing guidance and good news for the believers. 98 If anyone chooses to oppose God, His angels, and His messengers, including Gabriel and Michael, then God will oppose such disbelievers.",
56,133,False,,وَقَالُوا قُلُوبُنَا غُلْفٌ بَل لَّعَنَهُمُ اللَّهُ بِكُفْرِهِمْ فَقَلِيلًا مَّا يُؤْمِنُونَ (٨٨) وَلَمَّا جَاءَهُمْ كِتَابٌ مِّنْ عِندِ اللَّهِ مُصَدِّقٌ لِّمَا مَعَهُمْ وَكَانُوا مِن قَبْلُ يَسْتَفْتِحُونَ عَلَى الَّذِينَ كَفَرُوا فَلَمَّا جَاءَهُم مَّا عَرَفُوا كَفَرُوا بِهِ فَلَعْنَةُ اللَّهِ عَلَى الْكَافِرِينَ (٨٩) بِئْسَمَا اشْتَرَوْا بِهِ أَنفُسَهُمْ أَن يَكْفُرُوا بِمَا أَنزَلَ اللَّهُ بَغْيًا أَن يُنَزِّلَ اللَّهُ مِن فَضْلِهِ عَلَىٰ مَن يَشَاءُ مِنْ عِبَادِهِ فَبَاءُوا بِغَضَبٍ عَلَىٰ غَضَبٍ وَلِلْكَافِرِينَ عَذَابٌ مُّهِينٌ (٩٠) وَإِذَا قِيلَ لَهُمْ آمِنُوا بِمَا أَنزَلَ اللَّهُ قَالُوا نُؤْمِنُ بِمَا أُنزِلَ عَلَيْنَا وَيَكْفُرُونَ بِمَا وَرَاءَهُ وَهُوَ الْحَقُّ مُصَدِّقًا لِّمَا مَعَهُمْ قُلْ فَلِمَ تَقْتُلُونَ أَنبِيَاءَ اللَّهِ مِن قَبْلُ إِن كُنتُم مُّؤْمِنِينَ (٩١) وَلَقَدْ جَاءَكُم مُّوسَىٰ بِالْبَيِّنَاتِ ثُمَّ اتَّخَذْتُمُ الْعِجْلَ مِن بَعْدِهِ وَأَنتُمْ ظَالِمُونَ (٩٢) وَإِذْ أَخَذْنَا مِيثَاقَكُمْ وَرَفَعْنَا فَوْقَكُمُ الطُّورَ خُذُوا مَا آتَيْنَاكُم بِقُوَّةٍ وَاسْمَعُوا قَالُوا سَمِعْنَا وَعَصَيْنَا وَأُشْرِبُوا فِي قُلُوبِهِمُ الْعِجْلَ بِكُفْرِهِمْ قُلْ بِئْسَمَا يَأْمُرُكُم بِهِ إِيمَانُكُمْ إِن كُنتُم مُّؤْمِنِينَ (٩٣) قُلْ إِن كَانَتْ لَكُمُ الدَّارُ الْآخِرَةُ عِندَ اللَّهِ خَالِصَةً مِّن دُونِ النَّاسِ فَتَمَنَّوُا الْمَوْتَ إِن كُنتُمْ صَادِقِينَ (٩٤) وَلَن يَتَمَنَّوْهُ أَبَدًا بِمَا قَدَّمَتْ أَيْدِيهِمْ وَاللَّهُ عَلِيمٌ بِالظَّالِمِينَ (٩٥) وَلَتَجِدَنَّهُمْ أَحْرَصَ النَّاسِ عَلَىٰ حَيَاةٍ وَمِنَ الَّذِينَ أَشْرَكُوا يَوَدُّ أَحَدُهُمْ لَوْ يُعَمَّرُ أَلْفَ سَنَةٍ وَمَا هُوَ بِمُزَحْزِحِهِ مِنَ الْعَذَابِ أَن يُعَمَّرَ وَاللَّهُ بَصِيرٌ بِمَا يَعْمَلُونَ (٩٦) قُلْ مَن كَانَ عَدُوًّا لِّجِبْرِيلَ فَإِنَّهُ نَزَّلَهُ عَلَىٰ قَلْبِكَ بِإِذْنِ اللَّهِ مُصَدِّقًا لِّمَا بَيْنَ يَدَيْهِ وَهُدًى وَبُشْرَىٰ لِلْمُؤْمِنِينَ (٩٧) مَن كَانَ عَدُوًّا لِّلَّهِ وَمَلَائِكَتِهِ وَرُسُلِهِ وَجِبْرِيلَ وَمِيكَالَ فَإِنَّ اللَّهَ عَدُوٌّ لِّلْكَافِرِينَ (٩٨)
57,134,False,"COMMENTARY

Predestination:

In verse 30 of sura Al-Baqarah, the Almighty announces His intention to create man. A most significant statement in this verse, though invariably overlooked by most people, is the divine declaration, ""I will place on earth . . ."" Thus, the temporary abode of man on earth had been predestined, even before his creation. God knew in advance that Adam and Eve were going to break His law by eating from the forbidden tree (verse 36). He knew that they were going to sin; thereby disqualifying themselves from abiding in heaven, and deserving to be sent down to earth (verses 36 and 38). Man, on the other hand, did not possess such advance knowledge. As far as Adam and Eve were concerned, they were placed in heaven, and given a law to live by. Therefore, in a most profound way, these verses teach us that predestination is a quality of God; Man's life, every aspect of it is indeed predestined, BUT ONLY AS FAR AS GOD IS CONCERNED. As far as we are concerned, we have the absolute freedom of thought; the absolute freedom to believe in God or disbelieve (18:29; 25:57; 39:15; 41:40; 73:19; 74:37,55; 76:29; 78:39; 80:12; 81:28). It just happens that the Almighty has foreknowledge of what course each one of us is going to choose. The dimension of ""time"" represents one of the limitations within which the finite man lives. But it is a nonexistent dimension with regard to the infinite God. The Almighty, therefore, exists in the past, present, and future simultaneously. Because He is in the future now, He knows the exact destiny of each one of His Creatures.

Predestination is one of the most misunderstood concepts in Islam; both by Muslims and non-Muslims. It is also one of the most abused concepts by the enemies of God; the enemies of Islam. They abuse it to project Islam as a fatalistic faith, implying the absence of freedom of choice. Consequently, such fatalistic conception of Islam is a piece of ignorance common among too many teachers and students of theology in the West.

The law given to Adam and Eve is symbolized by the forbidden tree in verse 35. Since heaven is described in the Qur'an (2:25-26; 13:35; 47:15) in allegorical terms (see also the first issue of ISLAM, page 56), the tree mentioned in verse 35 must be an allegorical representation of God's law.

The facts about man's creation as stated in verses 30 through 39 provide another example of finalization of God's message in the Qur'an. Thus, the exact reasons behind the fall of Iblis (= Lucifer = Satan) are presented to mankind for the first time. No record of such facts exists in any of the previous scriptures. As mentioned in verse 34, Iblis refused to fall prostrate before",
58,135,False,"Adam along with the other angels, due to sheer arrogance. Even such prominent Christians as evangelist Billy Graham never knew the reasons behind the fall of Lucifer. In his 1974 Arizona Crusade (aired on television June 3, 1974 in the St. Louis, Missouri area), Mr. Graham declared, ""We do not know why Lucifer rebelled. It seems that he led a group of angels in rebellion against God.""

That Iblis is a fallen angel is abundantly clear from verse 34, ""I said to the angels, 'Fall prostrate before Adam.'"" Thus, the command to fall prostrate was directed to the angels. Had Iblis been other than an angel, therefore, he would not have been expected to obey such command. The fact that Iblis was held responsible for disobedience is clear evidence that he is a fallen angel. Some students of the Qur'an maintain that Iblis is a jinn; that angels do not disobey divine commands. They base their argument on verses 12 of sura Al-A'raf (No.7) and 76 of sura Sad (No. 38) which state,

Iblis said, ""I am better than him; You created me from fire and created him from mud.""

verse 15 of sura Al-Rahman (No. 55):

He created jinn from blazing fire

and verse 50 of sura Al-Kahf (No. 18):

I said to the angels, ""Fall prostrate before Adam."" They fell prostrate, except Iblis; he was a jinn; he disobeyed the command of his Lord.

However, the statement that Iblis was created from fire does not necessarily mean that he was different from the angels (who supposedly were created from light). The common belief that the angels were created from light is not supported by a single verse in the Qur'an; nowhere in the Qur'an are we told that the angels were created from light. If the source of this general belief is a Hadith or a tradition of which this commentator is unaware, this still does not necessitate that Iblis was not an angel. The Qur'an commonly refers to the various stages of man's creation [dust (3:59; 18:37; 22:5; 30:20; 38:71; 38:76; 17:61), clay (6:2; 7:12; 23:12; 32:7; 37:11; 38:76; 53:46), mud (35:11; 40:67), drop of semen (16:4; 23:13-14; 15:26; 15:28; 15:33; 55:14), hanging clot (75:37; 76:2; 80:19; 96:2)]. Similarly, it is not inconceivable to describe the creation of angels at any stage (fire, light). Furthermore, from","قَالَ أَنَا خَيْرٌ مِنْهُ خَلَقْتَنِي مِنْ نَارٍ وَخَلَقْتَهُ مِنْ طِينٍ

وَخَلَقَ الْجَانَّ مِنْ مَارِجٍ مِنْ نَارٍ

وَإِذْ قُلْنَا لِلْمَلَائِكَةِ اسْجُدُوا لِآدَمَ فَسَجَدُوا إِلَّا إِبْلِيسَ كَانَ مِنَ الْجِنِّ فَفَسَقَ عَنْ أَمْرِ رَبِّهِ"
59,,False,"the verses discussed here we may infer that a jinn is a rebellious angel, and that the jinns are descendants of Iblis, just as we are descendants of Adam. As stated in the Qur'an, the jinns are subject to tests, judgment, heaven, and hell, exactly as we are (6:112,130; 7:38, 179; 11:119; 17:88; 32:13; 41:25,29; 46:18; 51:56; sura 55; sura 72; 114:6).

Another lesson we derive from verses 30-39 is the grossness of the sin of PRIDE. It is because of pride, and pride alone, that an angel was doomed, and is destined for Hell. Today, there are humans who are too proud to fall prostrate even before the Almighty Himself. Satan's pride caused his refusal to fall prostrate before a creature, Adam, and hence his condemnation. Man's refusal to surrender his will to the Creator; to fall prostrate before the Creator (not a creature), must be at least equally disastrous.

Original Sin!?

Islam holds that each individual is solely responsible for his or her deeds (6:164; 17:15; 35:18; 39:7; 53:38). This doctrine applies of course to Adam, as stated in verse 37 of sura Al-Baqarah. Adam and Eve sinned (verse 36), and they alone were held responsible. The concept of ""repentance"" was taught to Adam (verse 37); he exercised this concept, and his repentance was accepted by the Almighty. Thus, Adam was completely exonerated; his sin was forgiven and erased. ""Original sin"" (a foreign concept introduced into ""Christianity""), therefore, is an unacceptable doctrine in Islam; unacceptable to the all-encompassing justice of God. Likewise, the commonly believed concept in the Judaeo-Christian world that Adam and Eve's sin of ""eating the apple"" refers euphemistically to sexual intercourse is unacceptable to Islam. This idea has caused millions to believe that sexual relations, even between a man and wife, are inherently sinful, and it is in part responsible for much of the sexual aberration and perversion which plagues the West.

The detailed account of the Israelites' plight, deliverance, and rebellion, as stated in verses 40 through 123 need no comment.",
60,137,False,"IN THE NAME OF GOD, THE COMPASSIONATE, THE MERCIFUL

My mercy encompasses all things. But I will designate it for those who maintain righteousness, observe charity, and believe in My revelations; Those who follow the messenger, the illiterate prophet (Muhammad) whom they find written in their Torah as well as the Gospel. He enjoins upon them but righteousness, and prohibits but evil; he permits for them but the good, and forbids for them but the bad; he unburdens them and breaks the chains which bind them. Indeed, those who believe in him, honor him, support him, and follow the light which was revealed through him, shall be the winners. Say (O Muhammad), ""O mankind, I am the messenger of God to you; all of you.""
(Sura Al-A'raf 7:156-158)",بِسْمِ اللَّهِ الرَّحْمَٰنِ الرَّحِيمِ وَرَحْمَتِي وَسِعَتْ كُلَّ شَيْءٍ فَسَأَكْتُبُهَا لِلَّذِينَ يَتَّقُونَ وَيُؤْتُونَ الزَّكَاةَ وَالَّذِينَ هُمْ بِآيَاتِنَا يُؤْمِنُونَ الَّذِينَ يَتَّبِعُونَ الرَّسُولَ النَّبِيَّ الْأُمِّيَّ الَّذِي يَجِدُونَهُ مَكْتُوبًا عِنْدَهُمْ فِي التَّوْرَاةِ وَالْإِنْجِيلِ يَأْمُرُهُم بِالْمَعْرُوفِ وَيَنْهَاهُمْ عَنِ الْمُنكَرِ وَيُحِلُّ لَهُمُ الطَّيِّبَاتِ وَيُحَرِّمُ عَلَيْهِمُ الْخَبَائِثَ وَيَضَعُ عَنْهُمْ إِصْرَهُمْ وَالْأَغْلَالَ الَّتِي كَانَتْ عَلَيْهِمْ فَالَّذِينَ آمَنُوا بِهِ وَعَزَّرُوهُ وَنَصَرُوهُ وَاتَّبَعُوا النُّورَ الَّذِي أُنزِلَ مَعَهُ أُولَٰئِكَ هُمُ الْمُفْلِحُونَ قُلْ يَا أَيُّهَا النَّاسُ إِنِّي رَسُولُ اللَّهِ إِلَيْكُمْ جَمِيعًا
61,138,False,"by Dr. 'Abdul-Halim Mahmud
Grand Shaykh of Al-Azhar

The Origin of
Islamic Jurisprudence

What some have erroneously termed ""Islamic sects"" are merely branches of one tree. There is but one school of jurisprudence in Islam, that based on the life and personal conduct of the prophet Muhammad (God's blessings and peace be upon him). It is from the extensive record of his exemplary life that the four well-known branches of Islamic jurisprudence evolved. The very initiation of these branches was approved by the Prophet himself. Thus, when he appointed Mu'adh b. Jabal as a viceroy in Yemen, the Prophet asked him, ""How will you rule?"" Mu'adh replied, ""According to the Qur'an."" The Prophet said, ""What if you do not find a related rule in the Qur'an?"" Mu'adh replied, ""I will rule according to the sunnah (the Prophet's tradions)."" The Prophet proceeded, ""What if you do not find the ruling there?"" Mu'adh said, ""Then, I will have to depend on my personal thought and reasoning (ajtahidu)."" The Prophet is reported to have been pleased and approved of Mu'adh's line of thinking.
In this article, the grand imam of Azhar reports on the origin and nature of the one tree of Islamic jurisprudence.

The final messenger of God (may God bestow peace and blessings upon him) practiced Islam as the Almighty wanted it to be practiced. He applied Islam to all aspects of his life; his actions, reactions, talk, feelings, and his daily conduct were all governed by Islam. The Prophet's companions followed his example very closely. This example of the Prophet was transmitted to us from his companions to their contemporaries and then onwards from generation to generation.

The companions of the Prophet explained the Islamic way of life as they saw the Prophet live it. They narrated everything he did or said with regard to all kinds of circumstances. As the Muslim nation expanded, the Muslims transmitted these traditions to the new areas. Eventually, many outstanding scholars evolved who specialized in researching, collecting, and recording the Prophet's traditions. Most of those scholars observed the highest",المذاهب الفقهية
62,139,False,"principles of scientific investigations to assure the accuracy and truthfulness of their sources. Their methods of collection and authentication of the Prophet's life have been highly esteemed by even the modern historians.

The Prophet's example was consistent with regard to certain specific situations. In other situations, however, he deliberately varied his mode of behavior. The situations where he was consistent include all the fard (the obligatory rites of worship). These encompass such rites as the method of fasting, the recitation of Qur'an during the salat, and the kneeling for ""tashuhhud"" recitation.

The variability in the Prophet's example was observed only with regard to the nonobligatory functions which are designated today as ""sunnah."" Thus, his conduct did not follow one specific methodology in such sunnahs as reciting supplications between the initial takbir of salat (saying, ""Allah Akbar"") and the opening sura (Al-Fatihah), and in his supplications as he fell prostrate in salat, and in the manner of placing the arms and hands during salat, and so forth. Such variations were observed also in many situations of daily life involving commerce, crimes, loans, usury, and personal relations. it is only around these variations in sunnah that the four branches of jurisprudence evolved. No differences whatsoever exist among the opinions of the imams Al-Shafi'i, Malik, Abu Hanifah, and ibn Hanbal concerning the obligatory duties. Their differences are found only in their personal interpretation and reasoning with regard to the nonobligatory actions and behavior of the Prophet.

These non-doctrinal differences of opinion among the four great imams have been grossly exaggerated by various groups who sought to create imaginary sects or divisions within Islam. Such exaggerations were intended mainly to divert the Muslims from their basic Islamic doctrines and, hence, from establishing the perfect society as inculcated by Islam. It was such groups who created, for example, the question of whether one should fold or unfold the arms while standing in salat. In the folding situation, the worshiper places the left hand on the stomach and the right hand on the back of the left hand. In the unfolding situation, the worshiper simply lets the arms hang down freely on the sides. This minor issue was magnified by some researchers beyond reasonable proportions, and led to lengthy and hot debates in certain Muslim countries. These arguments were finally terminated when one enlightened scholar raised the following questions to those involved in the controversy:
1. If the worshiper stood in salat with his arms extended straight forward, would that nullify the prayer?
2. If the arms were lifted completely upward, would that nullify the prayer?",
63,140,False,"THE ORIGIN OF ISLAMIC JURISPRUDENCE

3. If the arms were folded, would the prayer be nullified?
4. If the arms hang down on the sides, would that nullify the prayer?
When the debators unanimously agreed that the answer to each of these questions was ""No"", they realized the insignificance of their differences.

This question of placing one's arms during the salat prayer is a typical example of the subjects in which the great imams of jurisprudence expressed varied opinions. It is such differences of opinion, originating from the traditions of the Prophet, that became the basis of the branches in Islamic jurisprudence.

Clearly, all these branches, reflecting different personal interpretations, belong to one and the same tree. All the imams of jurisprudence had but a single model from which they derived their opinions. Only ignorance and narrow-mindedness would create separate schools of jurisprudence out of the one school, namely, the school of prophet Muhammad (God's peace and blessings be upon him). It is heartening to note that the era of false divisions within the school of Islamic jurisprudence has passed. It is a rarity nowadays to meet a Muslim who describes himself as a Shafi'i, Maliki, Hanafi, or Hanbali; the trend has been towards the one essential description: Muslim.

Who Qualifies as a Mujtahid?

By a mujtahid here is meant one who is scholarly qualified to set new rules and regulations to be followed by the Muslims everywhere. Some scholars have contended that the door of ijtihad (personal thought and reasoning which leads to new rules) has been closed; that the last mujtahids were the four well-known imams. Other scholars maintain that the door of ijtihad is always open. Some among the latter group, however, talk about ijtihad as if it were attainable by anyone. It is inconceivable that God's grace was limited to the four great imams with regard to ijtihad, since new circumstances are founded with each generation of humans. Therefore, any Muslim who satisfies certain exacting requirements can contribute to the rules and regulations known as Islamic jurisprudence, i.e., become a mujtahid. These requirements include:
1. Mastery of the Arabic language: The great imams of jurisprudence (e.g. Malik and Al-Shafi'i) were unrivaled masters of the Arabic linguistic sciences.
2. Memorization of the Qur'an, with full awareness of the complete message and regulations therein. This includes a high degree of knowledge of the various Qur'anic sciences such as the circumstances associated with the revelation of each verse or group of verses. Although the Qur'an was revealed for the guidance of all the people in all places and at all times, knowledge of the specific circumstances of revelation does help in reaching",
64,141,False,"'Abdul-Halim Mahmud

the correct interpretation.
3. Knowledge of the spoken sunnah, as well as the practical traditions of the Prophet (God's peace and blessings be upon him).
These requirements form the basic background needed by a Muslim before he or she can contribute correctly to Islamic jurisprudence.

The seriousness and the awesomeness of responsiblity in issuing new rules of jurisprudence can be appreciated if we reflect upon some of the Prophet's teachings in this regard. In Sahih Al-Shaykhan (well-known record of Hadith), the Prophet (may God bestow peace and blessings upon him) is reported as saying, ""Whoever fabricates false rules from my teachings shall be committing a gross offense."" Abu Hurayrah reported the Prophet's saying, ""Whoever establishes a righteous tradition shall receive a reward equal to that due to all followers of such tradition, without reduction in their rewards. And whoever establishes an evil tradition shall incur sins equal to all the sins of those who follow such evil tradition, without reducing their guilt (reported in Sahih Muslim).

The overall purpose of ijtihad can be divided into 2 areas:
1. Establishing rules of Islamic jurisprudence relating to matters which took place during the Prophet's time. In this case, the purpose would be to find the Prophet's judgment regarding the matter in question. An example here would be the search for the exact manner of making ablution (wudu'), as performed by the Prophet (may God bestow peace and blessings upon him).
2. Establishing rules of Islamic jurisprudence dealing with current matters which did not exist during the Prophet's time. Even here, the rule-making process must depend on the Prophet's example through Qiyas (analogy).
The Qur'an and the sunnah of the holy Prophet provide an unlimited array of situations which can be used directly or indirectly in establishing current rules of Islamic jurisprudence. Thus, the Muslim never lacks the reference materials he needs to establish a given rule. Under all circumstances, the mujtahid must be a ""follower,"" rather than an ""initiator."" For the Prophet's instructions to the mujtahids are, ""you shall follow, not invent"" when dealing with rules of Islamic jurisprudence.

Finally, it must be pointed out that ijtihad cannot succeed through knowledge alone. A mujtahid must be characterized first and foremost by a high standard of piety and righteousness. All the great imams who contributed positively to Islamic jurisprudence had in common a high level of genuine piety. Thus, the rules they have established for us represent no less than guidance from God to His sincere servants. Knowledge alone can never invoke such divine guidance, for God tells us, ""only those who stand by God shall receive right guidance."" (Qur'an 3:101).",
65,142,False,"Islamic Concentrates

The Aphorisms
of Salamah Al-Radi : 2

These aphorisms, with their esoteric connotations, are derived from the Qur'an, the sunna, teachings of the great imams, and the principles of Sufism. Published for the first time in English, these particular aphorisms are valuable pieces of advice delivered by one of the greatest Sufis of all time, Shaykh Salamah Al-Radi, to his dervishes.

11. My beloved in (the cause of) God: If anyone of you wishes God to heed his prayers, he shall first heed God's commands. When you heed Him, He heeds you.

12. My beloved ones: Whoever claims to have acquired dignity on his own, reveals but sinful pride. But whoever humbles himself before his Master, derives his dignity from his Lord. When The Reality sees you humbling yourself before Him, He permits no humiliation to ever touch you; He guarantees your dignity.

13. My beloved in (the cause of) God: Once your hearts are fully content with your Master, you enter the court of His grace. For as long as you are hesitant, you remain strangers to Him. He is only with those who are fully with him.

14. O you beloved ones: If your heart truly loves your Master, it will not grieve over parting with anything else. So long as you grieve over parting with other than your Master, this should be your indicator that you are not yet in His court. Rather, you would be in the court of whatever diverted you from your Master.

15. O you beloved ones: If you are saddened by the people's criticism, and rejoice when they flatter you, beware. This would indicate that your ego is still alive and thus still competing with the Master in His divine attributes.",
66,143,False,"THE APHORISMS OF SALAMAH AL-RADI : 2

16. O you beloved ones: If you spend your lives worshiping your Master, while at the same time being dissatisfied with Him, not humbling yourselves before His dignity, staying away from His company, keeping your thoughts with the devils and the far-removed individuals, how do you expect your worship to attain any light? It would be spiritless worship; dead.

17. O you beloved ones: You care too much for feeding vanishing shells, and pay little attention to feeding your eternal entity. Consequently, you end up with great bodies, but diminished souls.

18. O you beloved ones: Your hearts are like empty containers. You strive and even pay monies to fill them with darkness, while the light is within your reach, free of charge. Instead of helping yourselves to the light, you keep pushing your hearts further and further therefrom. Would a wise person fill his eyes with darkness, until he sees but darkness? Or, would he rather fill them with light in order to become a seer?

19. O beloved ones: The love of this life has a certain sweetness which causes intoxication of the heart. Thus, it becomes distracted from the love of its Master, and adores but illusions. This world is no more than an illusion. Therefore, you shall not imbibe this particular wine; it is far more evil than the grape's wine which masks the mind from physical objects.

20. My beloved in (the path to) God: Whenever you see one who obeys the devil & does his deeds, you shall stay clear of him; he is a devil himself. Whoever befriends him shall in turn become a devil like him.

21. O you beloved ones: Whoever is filled with goodness, nothing but goodness comes out of him. Whoever is filled with evil, nothing but evil comes out of him. How could evil ever spill out of one who is filled with goodness?

22. O you beloved ones: Whoever adorns himself with virtue exhibits but virtue. Therefore, you shall strive to become virtuous people, so that only virtuous traits may be reflected from you.

23. My beloved ones: The poor, by definition, is one who is in need. Thus, if one possesses tremendous wealth but still seeks more wealth, he is poor. He continues to labor in order to acquire more riches. If he is never satisfied, his poverty will last all his life.",
67,144,False,"THE APHORISMS OF SALAMAH AL-RADI : 2

24. O you beloved ones: Whoever seeks power tires himself, for power is beloved by all, and the people fight among themselves over it. Therefore, you should not seek power. It will seek you so long as you shun seeking it, and when anyone opposes you in this case, many will stand by you and support you.

25. My beloved ones: If anyone claims superiority over you, do not fight him. If you fight him over it, it will abandon both you and him. But if you allow him to claim superiority, it will abandon him and come to you.

26. My beloved ones: If anyone fights you over what belongs to God, you shall not fight him. God cares for whatever belongs to Him, & if you take the matter in your hands and fight over His belongings, you yourselves belong to God no more.

27. My beloved ones: You gain God's love if you are persecuted in His cause. Thus, you shall seek victory for His cause. You shall never seek victory for yourselves. If you do, you fall from your Master's grace.

28. My beloved ones: You shall persevere in the face of persecution, injustice, and tribulation. Do not ever execrate or curse. Instead, you shall be exemplars of mercy and pardon on earth, in order to earn the love of your Master. The Almighty is always with those whose hearts are broken in His cause.

29. My beloved ones: While the people are busy with the affairs of this life, you shall busy yourselves with your Master. While they are busy with the given, you shall be busy with the Giver.

30. My beloved ones: Habituate yourselves with doing good, & respond not to evil by evil. God loves the good-doers.",
68,145,False,"Islamic Concentrates

The Invocations of
'Abdullah Ansari : 2

'Abdullah Ansari, a famous Persian Sufi, was born in Herat 396 AH (1005 C.E.). It is said that one of his ancestors was a companion of the prophet Muhammad (God's blessings and peace be upon him) who moved to Herat with 'Asaf, son of Qays. Ansari's father, Abu Mansur Muhammad Ansari, became a permanent resident of Herat.

These invocations, translated into English by Sir Jogendra Singh, contain true advice to guide the Pilgrim along the path of discipleship to the temple of peace. They come from a man who himself had trodden the path and found what his heart desired.

When 'Abdullah Ansari departed from this world, he was 85 years old, leaving behind a wealth of Sufi knowledge. Among his well-known works are Risala Munajat (The Book of Prayer), Tabaqat-ul-Sufiyyah (The Book of Sufis), Zad-ul-'Arifin (Provisions of the Sufi Teachers), and Kitab-i-Israr (The Book of Mysteries).

O Lord, give me a heart
That I may pour it out in thanksgiving.
Give me life
That I may spend it
in working for the salvation of the world.

O Lord, give me that right discrimination
That the Lure of the world may cheat me no more.
Give me strength
That my faith suffer no eclipse.

O Lord, give me understanding,
That I stray not from the path.
Give me light
To avoid pitfalls.

O Lord, keep watch over me
That I stray not.
Keep me on the path of righteousness
That I escape from the pangs of repentance.",
69,146,False,"THE INVOCATIONS OF 'ABDULLAH ANSARI : 2

O Lord, judge me not by my actions.
Of Thy mercy, save me,
And make my humble efforts fruitful.

O Lord, give me a heart
Free from the flames of desire.
Give me a mind
Free from the waves of dissimulation.

O Lord, give me eyes
Which see nothing but Thy glory.
Give me a mind
That finds delight in Thy service.
Give me a soul
Drunk in the wine of Thy wisdom.

O Lord, to find Thee is my desire
But to comprehend Thee
Is beyond my strength.
Remembering Thee is solace
to my sorrowing heart,
Thoughts of Thee are my Constant Companions
I call upon Thee night and day.
The flame of Thy love glows
In the darkness of my night.

O Lord, he whom Thou killest doth not smell of blood,
And he whom Thou burnest doth not smell of smoke,

For he whom Thou burnest is happy in
The burning,
And he whom Thou killest, rejoiceth
In being killed.

O Lord, though the blue flower be poisonous
It is of Thy garden,
And if 'Abdullah be a sinner
He is of Thy people.

O Lord, when I think of Thy compassion
I feel like a crowned king;
When I think of my sins
I am as dust, nay, less than dust.",
70,147,False,"THE INVOCATIONS OF 'ABDULLAH ANSARI : 2

Life in my body pulsates only for Thee,
My heart beats in resignation to Thy will.
If on my dust a tuft of grass were
To grow
Every blade would tremble with my devotion
For Thee.

O Lord, every one desires to behold Thee,
I desire
That Thou mayest cast a glance at me.

Let me not disgrace myself.
If Thy forgiveness awaits me in the end
Lower not the standard of forgiveness
Which Thou hast unfurled.

O Lord, if Thou sendest me to Hell
I raise no protest.
And if Thou takest me to Paradise,
I go there, but not of my own choice.

If in Hell I obtain union with Thee
What care I for those who dwell in Paradise?
And were I called to Heaven without Thee
The pleasures of Paradise would then
Be worse than the fires of Hell.

O Lord, prayer at Thy gate
Is a mere formality:
Thou knowest what Thy slave desires.

O Lord, better for me to be dust,
And my name effaced
From the records of the world,
Than that Thou forget me.

He knoweth all our good and evil
Nothing is hidden from Him.
He knoweth what is best medicine
To cure the pain,
And to rescue the fallen.
Be humble, for He exalteth the humble.

I am intoxicated with love of Thee
And need no fermented wine.",
71,148,False,"THE INVOCATIONS OF 'ABDULLAH ANSARI : 2

I am Thy bird
Free from need of seed
And safe from the snare of the fowler.
In the Ka'ba and in the Temple
Thou art the object of my search.
Else I am freed
From both these places of worship.

O Lord, when the fire of separation was burning me
Why didst Thou light the fire of Hell?

Lord, when Thou wert hidden from me
The fever of life possessed me.
When Thou revealest Thyself
This fever of life departeth.

O Lord, other men are afraid of Thee
But I — I am afraid of myself,
From Thee flows good alone,
From me flows evil.

Each day I recall the day,
That is left behind.
Sorrowing over my misdeeds
The dread of my doings drives me to despair.
The thought of Thy mercy
Is the only solace of my heart.

Others fear what the morrow
May bring.
I am afraid of what happened yesterday.

O Lord, if Thou holdest me responsible for
My sins
I shall cling to Thee for Thy Grace.

I with my sin, am an insignificant atom.
Thy Grace is resplendent as the Sun.

O Lord, out of regard for Thy name,
The qualities which are Thine,
Out of regard for Thy greatness,
Listen to my cry
For Thou alone canst redeem me.",
72,149,False,"THE INVOCATIONS OF 'ABDULLAH ANSARI : 2

O Lord, intoxicate me with the wine
Of Thy love.
Place the chains of Thy slavery on
My feet;
Make me empty of all but Thy love,
And in it destroy me and bring me
Back to life.
The hunger Thou has awakened, culminates
In fulfillment.

Make my body impervious to the fires
Of Hell;
Vouchsafe to me a vision of Thee in heaven.
The spark Thou has kindled make it
Everlasting.

I think of no other,
And in Thy love care for none else.
None has a place in my heart but Thee.
My heart has become Thy abode,
It has no place for another.

O Lord, Thou cherishest the helpless
And I am helpless,
Apply Thy balm to my bleeding heart
For Thou art the physician.

O Lord, I, a beggar, ask of Thee
More than what a thousand kings may ask of Thee;
Each one has something he needs to ask of Thee,
I have come to ask Thee to give me Thyself.

If words can establish a claim I claim a crown.
But if deeds are wanted, I am as helpless as
The ant.

Urged by desire I wandered in the streets
Of good and evil,
I gained nothing except feeding the fire of desire.

As long as in me remains the breath of life
Help me, for Thou alone canst hear my prayer.

My friend, wisdom lies
In abandoning heedlessness,",
73,,False,"THE INVOCATIONS OF 'ABDULLAH ANSARI : 2

In turning the heart away from the worldly objects,
And in gathering provision for the hereafter
Before departure from this earth.

Someone asked the Holy Prophet —
""What dost thou say concerning the things of the world?""
The Prophet said — ""What can I say about them:
Things which are acquired with hard labour,
Preserved with perpetual watchfulness,
And left with regret.""

My friend, the world is not a place
For enjoyment,
But a place where humanity is on trial.
The world is a mere crossing
And not an abiding city of delight.

O mendicant, man is doomed to death
And has to leave the world.

Dost thou take the world for a friend
Or foe?
If thou holdest it a friend,
Know that it will not last,
If thou holdest it to be a foe, consume it,
So that it may not last.

Behold what thou art, and whence thou
Hast come.
Beware what thou doest and whither
Thou wouldest go,
If thou treadest the path of lust and longing
Thou shalt go without fruit and without good name.

My friend, put not thy reliance
On three things:
On heart, on time and on life.
The heart is easily tempted,
Time is always in a state of flux,
The sands of life run out.",
74,151,False,"Islamic Concentrates

Index to the Qur'an : 2

Tells you where to find what in the Qur'an. Since some translators have arbitrarily changed the sequence of the verses and/or suras of their renditions, this index applies only to those Qur'anic printings which adhere to the original Qur'an as approved by Al-Azhar University.

[Table: Key Word | Frequency of Occurrence | Subject | Sura | Verse No.]

Absolution | 17 | Adam absolved after eating from the forbidden tree | 2. Al-Baqarah / 20. Ta Ha | 37 / 122
Absolution | 17 | Children of Israel absolved after worshiping the calf | 2. Al-Baqarah | 54
Absolution | 17 | Those who conceal God's message, but then repent, reform, and declare the message shall be absolved | 2. Al-Baqarah | 160
Absolution | 17 | Those who did not abstain from sexual intercourse during the fasting period, prior to their knowledge of this rule, shall be absolved | 2. Al-Baqarah | 187
Absolution | 17 | Those who repent and reform shall be absolved | 3. Ali-'Imran / 24. Al-Nur | 89 / 5
Absolution | 17 | Those who repent immediately upon realizing that they have erred (due to ignorance) shall be absolved | 4. Al-Nisa' | 17
Absolution | 17 | Those who wait until the time of death to declare their repentance shall not be absolved | 4. Al-Nisa' | 18
Absolution | 17 | God wants to absolve you | 4. Al-Nisa' | 26-27
Absolution | 17 | Those who repent voluntarily before being defeated shall be absolved | 5. Al-Ma'idah | 34
Absolution | 17 | Those who repent after sinning shall be absolved | 5. Al-Ma'idah | 39
Absolution | 17 | Children of Israel repeatedly absolved, but persisted in sinning | 5. Al-Ma'idah | 71",
75,152,False,"INDEX TO THE QUR'AN : 2

[Table: Key Word | Frequency of Occurrence | Subject | Sura | Verse No.]

Absolution (cont'd.) | 17 | Those who fall in sin due to ignorance, then repent and reform shall be absolved | 6. Al-An'am / 16. Al-Nahl | 54 / 119
Absolution (cont'd.) | 17 | Those who repent after committing sin, and turn into true believers, shall be absolved | 7. Al-A'raf | 153
Absolution (cont'd.) | 17 | The Prophet, the Muhajirin (Meccan immigrants), and the Ansar (the hosts in Medina) were absolved after almost losing confidence due to diffucult times | 9. Al-Tawbah | 117-118

Absolver | 11 | A quality of God (Tawwab). | 2. Al-Baqarah (37) / 2. Al-Baqarah (54) / 2. Al-Baqarah (128) / 2. Al-Baqarah (160) / 4. Al-Nisa' (16) / 4. Al-Nisa' (64) / 9. Al-Tawbah (104) / 9. Al-Tawbah (118) / 24. Al-Nur (10) / 49. Al-Hujurat (12) / 110. Al-Nasr (6)

Abstain | * | From adultery | 4. Al-Nisa' (15-25) / 17. Al-Isra' (32) / 24. Al-Nur (2-3) / 25. Al-Furqan (68) / 60. Al-Mumtahinah (12) / 65. Al-Talaq (1)
Abstain | * | From bribery | 2. Al-Baqarah | 188
Abstain | * | From cheating | 2. Al-Baqarah (188) / 4. Al-Nisa' (2) / 4. Al-Nisa' (6) / 4. Al-Nisa' (10) / 4. Al-Nisa' (29) / 4. Al-Nisa' (161) / 5. Al-Ma'idah (42) / 5. Al-Ma'idah (62-63) / 83. Al-Mutaffifin (1-3) / 89. Al-Fajr (19)
Abstain | * | From eating animals which die as a result of strangulation, burning, falling from height, goring, or attack by wild animals | 5. Al-Ma'idah | 3

* Only major abstensions are mentioned.",
76,153,False,"INDEX TO THE QUR'AN : 2

[Table: Key Word | Frequency of Occurrence | Subject | Sura | Verse No.]

Abstain (cont'd.) | | From eating animals which die of themselves, blood, pork, and animals sacrificed in the name of an idol. | 2. Al-Baqarah (173) / 5. Al-Ma'idah (3) / 16. Al-Nahl (115)
Abstain (cont'd.) | | From eating, drinking, and sexual intercourse between dawn and sunset when fasting | 2. Al-Baqarah | 187
Abstain (cont'd.) | | From extravagance | 6. Al-An'am (141) / 7. Al-A'raf (31) / 17. Al-Isra' (26-27) / 25. Al-Furqan (67)
Abstain (cont'd.) | | From false witnessing | 2. Al-Baqarah (282-283) / 5. Al-Ma'idah (106-108) / 22. Al-Hajj (30) / 24. Al-Nur (4) / 25. Al-Furqan (72) / 58. Al-Mujadalah (2) / 65. Al-Talaq (2) / 70. Al-Ma'arij (33)
Abstain (cont'd.) | | From hunting during pilgrimage | 5. Al-Ma'idah (1) / 5. Al-Ma'idah (95-96)
Abstain (cont'd.) | | From intoxicants and gambling | 2. Al-Baqarah (219) / 5. Al-Ma'idah (90-91)
Abstain (cont'd.) | | From lying | 2. Al-Baqarah (10) / 3. Ali-'Imran (75-78) / 6. Al-An'am (93) / 6. Al-An'am (144)
Abstain (cont'd.) | | From marrying certain relatives | 4. Al-Nisa' | 23
Abstain (cont'd.) | | From marrying pagans | 2. Al-Baqarah | 221
Abstain (cont'd.) | | From murder | 2. Al-Baqarah (84) / 3. Ali-'Imran (21) / 4. Al-Nisa' (92-93) / 5. Al-Ma'idah (32) / 6. Al-An'am (151) / 17. Al-Isra' (33) / 18. Al-Kahf (74) / 25. Al-Furqan (68)
Abstain (cont'd.) | | From sexual intercourse during pilgrimage | 2. Al-Baqarah | 197",
77,154,False,"Key Word | Frequency of Occurrence | Subject | Sura | Verse No.

Abstain (cont'd.)
From sexual intercourse during the menstrual period ... 2. Al-Baqarah, 222
From Spying and backbiting ... 49. Al-Hujurat, 12
From Stealing ... 5. Al-Ma'idah, 38; 60. Al-Mumtahinah, 12
From suicide ... 4. Al-Nisa', 29
From usury ... 2. Al-Baqarah, 275-278; 3. Ali-'Imran, 130; 4. Al-Nisa', 161; 30. Al-Rum, 39

Adam | 18
Given knowledge even the angels did not have ... 2. Al-Baqarah, 31-33
Honored because of that knowledge; God asks the angels to fall prostrate before him ... 2. Al-Baqarah, 34; 7. Al-A'raf, 11; 17. Al-Isra', 61; 18. Al-Kahf, 50; 20. Ta Ha, 116
He and his wife admitted to Paradise ... 2. Al-Baqarah, 35; 7. Al-A'raf, 19
The devil dupes Adam and Eve, causing their eviction from Paradise ... 2. Al-Baqarah, 36; 7. Al-A'raf, 27; 20. Ta Ha, 115
Adam absolved; no original sin ... 2. Al-Baqarah, 37
Chosen as messenger of God ... 3. Ali-'Imran, 33
The creation of Jesus is no different from the creation of Adam ... 3. Ali-'Imran, 59
The story of his sons Cain and Abel ... 5. Al-Ma'idah, 27-28
Satan, an enemy of Adam and Eve; an enemy of man ... 20. Ta Ha, 117
Satan entices Adam to eat from the forbidden tree, claiming that it is in fact the tree of eternal life ... 20. Ta Ha, 120
Adam disobeys the Lord; falls into sin ... 20. Ta Ha, 121

ISLAM 1394/1974, 1(2)",
78,155,False,"Islamic Concentrates

The Islamic Calendar Conversion Table : 2

(Hijra / Gregorian)

Over the first five issues of ISLAM, the Journal will publish this table for convenient conversion of dates from either of the two calendar systems. Such chronological conversion tables have been difficult to find yet most indispensible for the Western scholar of Islam. Since all great works of Islamic literature refer exclusively to Hijra dates, the Editors feel that thes tables will be useful to many readers.

According to the historians, the prophet Muhammad (God's blessings be upon him) arrived at Medina on the 12th day of Rabi' I, coincident with September 24, 622 CE (Christian Era). This sets the first day of the first Hijra year (Muharram 1, 1) as July 16, 622. Fifteen hundred Hijra years will be covered in these tables (622-2076 CE).

[Table: First Day of the Hijra Year No. | Coincides With (Gregorian Date)]
301 August 7, 913
302 July 27, 914
303 July 17, 915
304 July 5, 916
305 June 24, 917
306 June 14, 918
307 June 3, 919
308 May 23, 920
309 May 12, 921
310 May 1, 922
311 April 21, 923
312 April 9, 924
313 March 29, 925
314 March 19, 926
315 March 8, 927
316 February 25, 928
317 February 14, 929
318 February 3, 930
319 January 24, 931
320 January 13, 932
321 January 1, 933
322 December 22, 933
323 December 11, 934
324 November 30, 935
325 November 19, 936
326 November 8, 937
327 October 29, 938
328 October 18, 939
329 October 6, 940
330 September 26, 941
331 September 15, 942
332 September 4, 943
333 August 24, 944
334 August 13, 945
335 August 2, 946
336 July 23, 947
337 July 11, 948
338 July 1, 949
339 June 20, 950
340 June 9, 951
341 May 29, 952
342 May 18, 953

ISLAM 1394/1974, 1(2): 155-158",
79,156,False,"THE ISLAMIC CALENDAR CONVERSION TABLE : 2

[Table: First Day of the Hijra Year No. | Coincides With (Gregorian Date)]
343 May 7, 954
344 April 27, 955
345 April 15, 956
346 April 4, 957
347 March 25, 958
348 March 14, 959
349 March 3, 960
350 February 20, 961
351 February 9, 962
352 January 30, 963
353 January 19, 964
354 January 7, 965
355 December 28, 965
356 December 17, 966
357 December 7, 967
358 November 25, 968
359 November 14, 969
360 November 4, 970
361 October 24, 971
362 October 12, 972
363 October 2, 973
364 September 21, 974
365 September 10, 975
366 August 30, 976
367 August 19, 977
368 August 9, 978
369 July 29, 979
370 July 17, 980
371 July 7, 981
372 June 26, 982
373 June 15, 983
374 June 4, 984
375 May 24, 985
376 May 13, 986
377 May 3, 987
378 April 21, 988
379 April 11, 989
380 March 31, 990
381 March 20, 991
382 March 9, 992
383 February 26, 993
384 February 15, 994
385 February 5, 995
386 January 25, 996
387 January 12, 997
388 January 3, 998
389 December 23, 998
390 December 13, 999
391 December 1, 1000

392 November 20, 1001
393 November 10, 1002
394 October 30, 1003
395 October 18, 1004
396 October 8, 1005
397 September 27, 1006
398 September 17, 1007
399 September 5, 1008
400 August 25, 1009
401 August 15, 1010
402 August 4, 1011
403 July 23, 1012
404 July 13, 1013
405 July 2, 1014
406 June 21, 1015
407 June 10, 1016
408 May 30, 1017
409 May 20, 1018
410 May 9, 1019
411 April 27, 1020
412 April 17, 1021
413 April 6, 1022
414 March 26, 1023
415 March 15, 1024
416 March 4, 1025
417 February 22, 1026
418 February 11, 1027
419 January 30, 1028
420 January 20, 1029
421 January 9, 1030
422 December 29, 1030
423 December 19, 1031
424 December 7, 1032
425 November 26, 1033
426 November 16, 1034
427 November 5, 1035
428 October 25, 1036
429 October 14, 1037
430 October 3, 1038
431 September 23, 1039
432 September 11, 1040
433 August 31, 1041
434 August 21, 1042
435 August 10, 1043
436 July 29, 1044
437 July 19, 1045
438 July 8, 1046
439 June 28, 1047
440 June 16, 1048

ISLAM 1394/1974, 1(2)",
80,157,False,"THE ISLAMIC CALENDAR CONVERSION TABLE : 2

[Table: First Day of the Hijra Year No. | Coincides With (Gregorian Date)]
441 June 5, 1049
442 May 26, 1050
443 May 15, 1051
444 May 3, 1052
445 April 23, 1053
446 April 12, 1054
447 April 2, 1055
448 March 21, 1056
449 March 10, 1057
450 February 28, 1058
451 February 17, 1059
452 February 6, 1060
453 January 26, 1061
454 January 15, 1062
455 January 4, 1063
456 December 25, 1063
457 December 13, 1064
458 December 3, 1065
459 November 22, 1066
460 November 11, 1067
461 October 31, 1068
462 October 20, 1069
463 October 9, 1070
464 September 29, 1071
465 September 17, 1072
466 September 6, 1073
467 August 27, 1074
468 August 16, 1075
469 August 5, 1076
470 July 25, 1077
471 July 14, 1078
472 July 4, 1079
473 June 22, 1080
474 June 11, 1081
475 June 1, 1082
476 May 21, 1083
477 May 10, 1084
478 April 29, 1085
479 April 18, 1086
480 April 8, 1087
481 March 27, 1088
482 March 16, 1089
483 March 6, 1090
484 February 23, 1091
485 February 12, 1092
486 February 1, 1093
487 January 21, 1094
488 January 11, 1095
489 December 31, 1095

490 December 19, 1096
491 December 9, 1097
492 November 28, 1098
493 November 17, 1099
494 November 6, 1100
495 October 26, 1101
496 October 15, 1102
497 October 5, 1103
498 September 23, 1104
499 September 13, 1105
500 September 2, 1106
501 August 22, 1107
502 August 11, 1108
503 July 31, 1109
504 July 20, 1110
505 July 10, 1111
506 June 28, 1112
507 June 18, 1113
508 June 7, 1114
509 May 27, 1115
510 May 16, 1116
511 May 5, 1117
512 April 24, 1118
513 April 14, 1119
514 April 2, 1120
515 March 22, 1121
516 March 12, 1122
517 March 1, 1123
518 February 19, 1124
519 February 7, 1125
520 January 27, 1126
521 January 17, 1127
522 January 6, 1128
523 December 25, 1128
524 December 15, 1129
525 December 4, 1130
526 November 23, 1131
527 November 12, 1132
528 November 1, 1133
529 October 22, 1134
530 October 11, 1135
531 September 29, 1136
532 September 19, 1137
533 September 8, 1138
534 August 28, 1139
535 August 17, 1140
536 August 6, 1141
537 July 27, 1142
538 July 16, 1143

ISLAM 1394/1974, 1(2)",
81,158,False,"THE ISLAMIC CALENDAR CONVERSION TABLE : 2

[Table: First Day of the Hijra Year No. | Coincides With (Gregorian Date)]
539 July 4, 1144
540 June 24, 1145
541 June 13, 1146
542 June 2, 1147
543 May 22, 1148
544 May 11, 1149
545 April 30, 1150
546 April 20, 1151
547 April 8, 1152
548 March 29, 1153
549 March 18, 1154
550 March 7, 1155
551 February 25, 1156
552 February 12, 1157
553 February 2, 1158
554 January 23, 1159
555 January 12, 1160
556 December 31, 1160
557 December 21, 1161
558 December 10, 1162
559 November 30, 1163
560 November 18, 1164
561 November 7, 1165
562 October 28, 1166
563 October 17, 1167
564 October 5, 1168
565 September 25, 1169
566 September 14, 1170
567 September 4, 1171
568 August 23, 1172
569 August 12, 1173

570 August 2, 1174
571 July 22, 1175
572 July 10, 1176
573 June 30, 1177
574 June 19, 1178
575 June 8, 1179
576 May 28, 1180
577 May 17, 1181
578 May 7, 1182
579 April 26, 1183
580 April 14, 1184
581 April 4, 1185
582 March 24, 1186
583 March 13, 1187
584 March 2, 1188
585 February 19, 1189
586 February 8, 1190
587 January 29, 1191
588 January 18, 1192
589 January 7, 1193
590 December 27, 1193
591 December 16, 1194
592 December 6, 1195
593 November 24, 1196
594 November 13, 1197
595 November 3, 1198
596 October 23, 1199
597 October 12, 1200
598 October 1, 1201
599 September 20, 1202
600 September 10, 1203

ISLAM 1394/1974, 1(2)",
82,159,False,"Faith is necessary for religions, but it ceases to be so for those who go further and who achieve self-realization in God. Then one no longer believes because one sees. There is no longer any need to believe, when one sees the Truth.

Ahmad b. Mustafa Al-'Alawi

ISLAM 1394/1974, 1(2)",
83,160,False,"Book Review

The Late Great Planet Earth by Hal Lindsey. Bantam Books, New York, (30th printing) 1973. 180 pages, $1.25.

This fascinating book about Bible prophecies and the author's version of their modern fulfillment has gone through 30 impressions since its release in 1970 and boasts of having over 2 million copies in print. Lindsey has a pleasant, chatty style and has gathered a plethora of facts which supposedly support his major contention that Christianity is still relevant because the return of Christ is near. He makes use of the present anxiety over world affairs and points to matters as current as the daily paper as sure signs of the End.

The obvious problem with Lindsey's theory is that most of the ground he covers has been covered many times before in age after age. Eschatological speculation and millenialist expectation have occupied the minds of men since Jesus ended his mission. There have been untold hundreds of ""prophets"" who predicted doomsday for their own times. Bible scholars and Christian sects have used the very same verses quoted by Lindsey to predict the End for the years 1843, 1879 and 1914, among other dates. Some Christian sects currently warn that the End is sure to come in 1976. Lindsey himself leans toward 1988 (p. 43).

However, Lindsey is confident that he has found the one necessary histoircal ingredient missing in all previous predictions about the Last Day: the establishment of the state of ""Israel"" in the year 1948 (p. 33). The rebirth of ""Israel"" is the ""fuse of Armageddon"", the proof that our generation is living on borrowed time. But this conclusion produces in Lindsey's book the weird dogma best described as Christian Zionism. This states that Christ cannot come again and Christian hopes for the Kingdom of God cannot be fulfilled, until ""Israel"" is in complete control of Palestine, including Jerusalem, and the Temple of Solomon is rebuilt. ""It is certain that the Temple will be rebuilt. Prophecy demands it,"" Lindsey argues on page 45. This puts him in the position of condoning the Israeli occupation of Palestine, the dispossession of the Arabs, Zionist terrorism against Palestinians and Zionist attempts to rebuild the Jewish Temple — which means the destruction of Qubbat al-Sakhrah. Of this he flippantly suggests, ""Who knows, maybe there will be an earthquake."" (p. 47) Man-made, perhaps???

Lindsey's Christian Zionism has uprooted the expected Christian compassion over the awful human misery of the refugee camps, the horrible napalming of Arab children by the Zionists and the terrible denial of Arab rights perpetrated by ""Israel"". But Christian Zionism has no basis in fact.

ISLAM 1394/1974, 1(2): 160-162",
84,161,False,"Every one of the biblical verses which he quotes in support of it actually has reference to events a thousand years old, not to events of our day! For example, the prophet Ezekiel predicted the restoration of Israel and the reconstruction of the Temple about 598 B.C. His prophecy was fulfilled in 538 B.C., when the Jews returned from dispersal to Jerusalem and in 520 B.C., when the Temple was rebuilt. Thus, within 80 years of his prediction, Ezekiel's prophecy was completely fulfilled. To extend any part of his prophecy to our time, as Lindsey attempts to do, is idle speculation. What he calls ""current history"" is really ancient history!

The same is true regarding the New Testament prophecies of Jesus manipulated by Lindsey. Some of these are highly allegorical; others were fulfilled within a generation or two after Jesus' departure, such as the predictions of the destruction of the Jewish Temple and its desecration by the Romans. (Matthew, chapter 24) These things occurred between 70 and 134 C.E. After 134 C.E. the Romans made Jerusalem a colony, renamed Aelia, and forbade Jewish settlement there. The Temple site was rededicated to the Roman gods Jupiter and Zeus.

Rather than foretelling a Jewish return to Palestine, Jesus instead pronounced God's rejection of the Jews as a nation and God's abandonment of the Jewish Temple: ""The kingdom of God will be taken away from you, and given to a nation that yields the proper fruit . . . O Jerusalem, Jerusalem, the city that murders the prophets and stones the messengers sent to her . . . Look, look! there is your temple, forsaken by God."" (Matthew 21:43 and 23:37, New English Bible) As the last prophet sent specifically to Israel, the verdict of Jesus carries infinitely more weight than Lindsey's conjectures and interpretations of the words of prior prophets.

There are also serious holes in Lindsey's argument that current history supports his interpretation of events marking the End. To cite just two of many examples, he predicts a Russian attack on ""Israel"" and the wholesale conversion of the Arabs to Communism. This looked plausible a few years back, before Nixonian detente and Kissingerian diplomacy, the Arab world is now making now. And, far from turning to Communism, the Arab world is now making overtures to the West.

Lindsey appears to have a real concern for the rebuilding of the Jewish Temple. He insists on it in several passages of his book. But this is impossible. For the Temple to be inaugurated anew, according to the Bible (Ezekiel 43:19-27), the priesthood must exist and the priesthood has not existed for 1900 years. This proves also that the Roman destruction of Jerusalem began in 70 C.E., after Jesus' warning to the Jews, was an act of Divine judgment on their nation. In previous tribulations, the priesthood had survived. But in 70 C.E. the Romans destroyed all the priestly records, in effect, destroying the priesthood. To this day, there is no priesthood in modern ""Israel"". There",
85,162,False,"can be no priesthood with the records which no longer exist. No priesthood, no Temple.

There are many prophecies in the Old Testament which were fulfilled with the coming of Jesus. His manner and place of birth, lineage, message and miracles were all recorded in advance so that believers would recognize him when he came. Lindsey is correct to charge the Jews with disobedience when they rejected Jesus despite these clear prophecies. But Christians, including Lindsey are guilty of doing exactly the same thing. The New Testament as well as the Old Testament contain many prophecies which were fulfilled with the coming of Muhammad. Similarly, prominent aspects of his lineage, personality, message and achievements were all recorded in advance. (See Islam, vol. I, no. 1, April 1974, pp. 1-13.) Christians have no more excuse for rejecting Muhammad than Jews have for rejecting Jesus (peace be upon them both), Jews and Christians are equally chargeable with persisting in the same error.

Rather than fantasizing over ancient history, Christians with a real interest in prophecy should heed the prophecy of Jesus concerning the P-R-KL-TOS (periklytos, Muhammad) who would come after him (John 14 and 16) who would reveal ""the whole truth"" and set the record straight. As a nation, the Jews have rejected both Jesus and Muhammad (peace be upon them). What, then, is the basis for any Divine favor upon a reborn Jewish nation? In surah Bani Isra'il (17:2-8) God shows that in the days of the prophet, the Jews had a last chance to return (since acceptance of Muhammad would mean acceptance of Jesus also, of whom Muhammad preached): ""It may be that your Lord will yet show Mercy to you; but if you revert to your sins, We shall revert to our punishments, and We have made Hell a prison for those who reject faith."" Again the nation chose disobedience.

The most insidious aspect of this book is its dogma that anyone who helps the Arab or Muslim cause against Zionism is courting the disfavor of God and sure disaster, regardless of the oppressive nature of Israeli occupation of Palestine. For Lindsey, the struggle against Zionism is tantamount to war against God!

But the fatal flaw in his whole attempt to promote Christian Zionism is that he himself finally shows its utter futility. After predicting that the Jews will be converted to belief in Christ just before the End (p. 156), he says, on the basis of his interpretation of prophecy, that only 1/3 of the Jews will be saved. The majority — 2/3 — will be lost. Therefore, according to Lindsey, even after Christ returns, even after God supposedly blesses Israeli aggression in Palestine, the majority of the Jews will go right on rejecting Jesus!

What a waste of 180 pages!

S. Shahid Mufassir

ISLAM 1394/1974, 1(2)",
86,,False,"Advertising Rates

Cover & Special Positions ... $135
Full Page ... $105
Half Page ... $50
Quarter Page ... $35

All communications regarding advertising matters should be addressed to:

ADVERTISEMENT SECTION
ISLAM
P. O. Box 12202
St. Louis, Missouri 63157

Announcing a NEW Book from a NEW Publisher

MIRACLE OF THE QUR'AN: Significance of the Mysterious Alphabets
RASHAD KHALIFA, Ph.D.

First computerized study of the Qur'an. Providing physical, examinable evidence that the Qur'an is the Word of God. Undisputable proof that the scriptural miracles such as the virgin birth of Christ and Moses' miracles in Egypt, did indeed take place.

A book for all people of all faiths. $6.80

Published by:
ISLAMIC PRODUCTIONS INTERNATIONAL
Box 12202, St. Louis, Missouri 63157
A clearing house of information about Islam.

Inquire about our Islamic Sound Recordings.
Let your students HEAR the sounds of Islam as they learn about it.
ESSENTIALS OF ISLAM on Tape Cassettes. $5.50",
87,,False,"Islamic Productions International, Inc.
Phone 314 567-3296 / P.O. Box 12202, St. Louis, Missouri 63157

Printed Publications & Sound Recordings

1. HOLY QUR'AN:
Recited in the chanting method by the four great reciters Al-Husari, Al-Banna, 'Abdul-Basit, & Mustafa Isma'il. These top reciters of the Muslim world take turns reciting one-quarter of a para (Juz') each to the completion of Qur'an. Great spiritual as well as listening enjoyment. The complete Qur'an is recorded on 70 units, 60 minutes per unit.
Tape Cassettes ... $3.50/unit
Open-reel Tapes ... $4.00/unit
Complete Qur'an on Cassettes ... $200
Complete Qur'an on Open-reel Tapes ... $250

2. HOLY QUR'AN:
Recited in the teaching method by the renowned reciter Shaykh Al-Husari, Professor of the Qur'anic Recitation Science at Al-Azhar University. These tapes teach the proper way of reading and reciting the Qur'an. The rules of tajwid are observed and clarified. Repetition of these rules throughout the Qur'an should help the listener master the proper way of reading Qur'an. The complete Qur'an is recorded on 50 units.
Tape Cassettes ... $3.50/unit
Open-reel Tapes ... $4.00/unit
Complete set of 50 Cassettes ... $150
Complete set of 50 Open-reel Tapes ... $175
Sample tape of the two methods ... $4.00

3. ENGLISH MEANINGS OF THE QUR'AN:
This series is in progress, starting from Al-Fatihah towards the end of Qur'an. Subscribers receive one unit each month as they become available. The Arabic text is recited in the teaching method by Sheikh Al-Husari. Verse by verse translation is rendered in contemporary English, clarifying the meanings of Qur'an as never before. Every 5 units, one unit of tafsir is given free of charge. With printed material in Arabic/English.
LP Records / Open-reel tapes ... $5.00/unit
Tape cassettes ... $4.00/unit",
88,,False,"4. ENGLISH MEANINGS OF THE SHORT SURAS:
Since the systematic preparation of item No. 3 (English Meanings of the Qur'an) starts with Al-Fatihah, the short suras of the Qur'an will not be ready for some time. Therefore, this series of 3 units has been prepared to overcome this delay. Starting from Sura Al-Nas at the end of Qur'an, this series helps us to understand everything we say in the salat prayers. The 3 units cover the complete last para (Juz' #30) of the Qur'an [Sura Al-Naba' (No. 78) through Sura Al-Nas (No. 114)]. Printed material in Arabic/English included.
Tape Cassettes ... $4.00/unit
Open-reel Tapes ... $5.00/unit

5. PRINCIPLES OF THE MUSLIM PRAYER (Children's Version) One Unit
6. PRINCIPLES OF THE MUSLIM PRAYER (Adult's Version) One Unit
Details all aspects of the salat prayers, including ablution, azan, sunnas, congregational prayers, etc. Illustrated, printed material includes transliteration of all the words of salat in English. You follow the sound by reading the words.
Tape Cassettes ... $4.00/unit  Open-reel Tapes ... $5.00/unit

7. ESSENTIALS OF ISLAM: One Unit.
Explains all the basic beliefs, the five pillars of Islam (creed, prayer, due alms, fasting, and pilgrimage), diet regulations, and the basic commandments. Explains not only the HOW's of religious rites in Islam, but also the WHY's. Most people who took for granted that they knew everything about Islam were amazed, fascinated, and informed by this concentrated unit. Authentic sounds of worship are included. Ideal for the religion teachers. Lets the students hear the sounds of Islam as they learn.
Tape Cassette ... $5.50
Open-reel Tape ... $6.00

8. ARABIC LANGUAGE LESSONS: (Read the Qur'an in two weeks)
With printed material. By following this easy method, and doing your homework, you can read the Qur'an in two weeks. One 60-minute unit. By the end of this unit you should be able to read, write, and understand some of the Qur'an's short suras.
Tape Cassette ... $5.00
Open-reel Tape ... $5.50",
89,,False,"9. LIFE-HISTORY OF THE PROPHET MUHAMMAD (God's blessings and peace be upon him):
One unit on LP Records as well as tapes. Includes 13 informative and entertaining short stories covering the Prophet's life-history from pre-Islamic Arabia through the internationalization of Islam. Important dates and personalities in the life of the Prophet (pbuh) are printed on each unit.
LP Record / Open-reel tapes ... $5.00
Tape cassette ... $4.00

10. STORIES OF THE PROPHETS:
A series of 3 units relating the true life stories of the prophets. Includes the stories of Adam and Eve, Cain and Abel, Noah, Hud, Salih, Abraham, Ishmail, Joseph, Moses, David, Solomon, Jonah, Job, Mary, and Jesus (peace be upon them). Complete with sound effects. Ideal for the Islamic Sunday schools. Extensive research with the children (ages 5-12) indicated their thorough enjoyment as well as teaching. All stories derived from and based on the Qur'an.
Tape Cassettes ... $4.00/unit
Open-reel Tapes ... $5.00/unit

11. Book
MIRACLE OF THE QUR'AN: Significance of the Mysterious Alphabets
RASHAD KHALIFA, Ph.D.
First computerized study of the Qur'an. Providing physical, examinable evidence that the Qur'an is the Word of God. Undisputable proof that the scriptural miracles such as the virgin birth of Christ and Moses' miracles in Egypt, did indeed take place.
A book for all people of all faiths ... $6.80

12. ISLAM: An International Journal Expressing the Islamic Viewpoint
Presenting objective, unbiased, and authoritative articles by the world's most outstanding scholars.
TOPICS TO BE COVERED
Islam & Secularism; Islam's Penal Code; Religious Duties & Rites; Sufism; Islamic Law & Jurisprudence; History; Islam & the Western Culture; The Woman in Islam; Islam & Social Problems; Muhammad in the Bible; Jesus in the Qur'an; Islam & the Modern Banking Systems; Islam & Insurance; Islam & Racial Discrimination; Comparative Religion; Other Provocative Subjects. ALSO, New Outstanding Translations of Qur'an, Hadith, and Great Islamic Literature.

Publication Dates:
Rabi' I (April 1974)   Ramadan (October 1974)
Jumad II (July 1974)   Dhul-Hijja (January 1975)

Annual Subscription Rates:            U.S.A. & Canada   All Other Countries
Institutional Subscription           $18.00            $22.00
Personal Subscription                $12.00            $14.00",
90,,False,"ORDER FORM

I wish to order .......... unit(s) of item No. ..........
on LP Record .... [ ]     Tape-cassette ...... [ ]     Open-reel Tape ...... [ ]
Specific Instructions (what sections of the Qur'an, etc.):
______________________
______________________
______________________
Name: ______________________          Telephone: ______________________
Address: ______________________ (Street) ______________________ (City) ______________________ (Zip Code)

- - - - - - - - - - - - - - - - - - - -

ORDER FORM

I wish to order .......... unit(s) of item No. ..........
on LP Record .... [ ]     Tape-cassette ...... [ ]     Open-reel Tape ...... [ ]
Specific Instructions (what sections of the Qur'an, etc.):
______________________
______________________
______________________
Name: ______________________          Telephone: ______________________
Address: ______________________ (Street) ______________________ (City) ______________________ (Zip Code)

- - - - - - - - - - - - - - - - - - - -

ORDER FORM

I wish to order .......... unit(s) of item No. ..........
on LP Record .... [ ]     Tape-cassette ...... [ ]     Open-reel Tape ...... [ ]
Specific Instructions (what sections of the Qur'an, etc.):
______________________
______________________
______________________
Name: ______________________          Telephone: ______________________
Address: ______________________ (Street) ______________________ (City) ______________________ (Zip Code)",
91,,False,"IT is held that when a Seeker gives his heart and mind to the search, and disperses the mists that arise from tumultuous passions, Truth becomes brighter and brighter and fills the Soul with its light.

It is asserted that while reason is puzzling itself about mystery of consciousness, time, and space, the man of Faith is going forward from discovery to discovery, in the growing illumination of his heart.

But it must be recognised that this knowledge is only available to those whose eyes are fixed, like an archer, on the arrow and the object at which he aims, and that without purity of purpose and unceasing effort deliverance cannot be obtained.

In all ages and in all times men have sought and found truth. They have shown the way and means of attainment. But men have listened to the message with incredulity and continued the mad pursuit of sense objects.

Passions of body and mind govern men and kindle fires of desire, of greed, attachment, egoism and anger. These enslave and obscure the mind which must be freed, and restored to its pristine purity to reflect truth. The seekers of truth, therefore, concentrate all their strength in drawing away the mind from sense objects and to set it free from the dominations of fear and hate. Some follow the path of knowledge, and others the path of devotion, hoping to lose all sense of duality in the supreme uprising of love.

(from Preface of ""The Invocations of 'Abdullah Ansari"")",
92,,False,"[Arabic calligraphy: Bismillah al-Rahman al-Rahim, in ornamental blue border]

THE ISLAMIC CALENDAR 1394

6 — JUMADA II, 1394
JUNE 21 — JULY 20, 1974
[Calendar grid: FRI. SAT. SUN. MON. TUE. WED. THU.]
Row: 1(June 21) 2(22) 3(23) 4(24) 5(25) 6(26) 7(27)
Row: 8(28) 9(29) 10(30) 11(July 1) 12(2) 13(3) 14(4)
Row: 15(5) 16(6) 17(7) 18(8) 19(9) 20(10) 21(11)
Row: 22(12) 23(13) 24(14) 25(15) 26(16) 27(17) 28(18)
Row: 29(19) 30(20)

7 — RAJAB, 1394
JULY 21 — AUGUST 18, 1974
Row: 1(July 21) 2(22) 3(23) 4(24) 5(25)
Row: 6(26) 7(27) 8(28) 9(29) 10(30) 11(31) 12(Aug 1)
Row: 13(2) 14(3) 15(4) 16(5) 17(6) 18(7) 19(8)
Row: 20(9) 21(10) 22(11) 23(12) 24(13) 25(14) 26(15)
Row: 27(16, marked Isra' & Mi'raj) 28(17) 29(18)

8 — SHA'BAN 1394
AUGUST 19 — SEPTEMBER 17, 1974
Row: 1(Aug 19) 2(20) 3(21) 4(22)
Row: 5(23) 6(24) 7(25) 8(26) 9(27) 10(28) 11(29)
Row: 12(30) 13(31) 14(Sept 1) 15(2, marked Nisfu Sha'ban) 16(3) 17(4) 18(5)
Row: 19(6) 20(7) 21(8) 22(9) 23(10) 24(11) 25(12)
Row: 26(13) 27(14) 28(15) 29(16) 30(17)",بسم الله الرحمن الرحيم
