record_id,category,type,title,asset_kind,local_path,r2_key,public_url,size_bytes,sha256,content_type,upload_status
video-program/What_Is_Life_All_About,Videos,video-program,What is Life All About?,media,content/video/What_Is_Life_All_About/What is Life All About.mp4,content/video/What_Is_Life_All_About/What is Life All About.mp4,https://pub-f29cecbaf0f845e2b4565f356f98d18d.r2.dev/content/video/What_Is_Life_All_About/What%20is%20Life%20All%20About.mp4,55850595,3407f6db89843c5f225ce0033e4e7809068a8501186fd4ebbfa1404132c505c0,video/mp4,pending
video-program/What_Is_Life_All_About,Videos,video-program,What is Life All About?,transcript,content/video/What_Is_Life_All_About/What is Life All About.en-US.vtt,content/video/What_Is_Life_All_About/What is Life All About.en-US.vtt,https://pub-f29cecbaf0f845e2b4565f356f98d18d.r2.dev/content/video/What_Is_Life_All_About/What%20is%20Life%20All%20About.en-US.vtt,23194,1623840b72daf63643e8426eb6de8dcadb9a474235b03e6c702871ddcdc0d965,text/vtt; charset=utf-8,pending
video-program/What_Is_Life_All_About,Videos,video-program,What is Life All About?,thumbnail,content/video/What_Is_Life_All_About/thumbnail.jpg,content/video/What_Is_Life_All_About/thumbnail.jpg,https://pub-f29cecbaf0f845e2b4565f356f98d18d.r2.dev/content/video/What_Is_Life_All_About/thumbnail.jpg,7323,016e60548d09e4752ce638a2aed30a60a07ab7a951f61a5a4cde3c4d9c44fdd5,image/jpeg,pending
video-program/Who_Is_GOD,Videos,video-program,Who is GOD?,media,content/video/Who_Is_GOD/Who is GOD.mp4,content/video/Who_Is_GOD/Who is GOD.mp4,https://pub-f29cecbaf0f845e2b4565f356f98d18d.r2.dev/content/video/Who_Is_GOD/Who%20is%20GOD.mp4,50154817,c3b475c4474a3a9ba185db1a03e8a8e5e966df6211a634c7931f83837078a61c,video/mp4,pending
video-program/Who_Is_GOD,Videos,video-program,Who is GOD?,transcript,content/video/Who_Is_GOD/Who is GOD.en-US.vtt,content/video/Who_Is_GOD/Who is GOD.en-US.vtt,https://pub-f29cecbaf0f845e2b4565f356f98d18d.r2.dev/content/video/Who_Is_GOD/Who%20is%20GOD.en-US.vtt,16135,e3dfb871848451e7944f3d04f9091aa731f54c1e83f6ff081b23d920cd3390dd,text/vtt; charset=utf-8,pending
video-program/Who_Is_GOD,Videos,video-program,Who is GOD?,thumbnail,content/video/Who_Is_GOD/thumbnail.jpg,content/video/Who_Is_GOD/thumbnail.jpg,https://pub-f29cecbaf0f845e2b4565f356f98d18d.r2.dev/content/video/Who_Is_GOD/thumbnail.jpg,735844,43e9635d6428c061b7733f447db1c5cd393df7360edd142c9cfab78080d448a1,image/jpeg,pending
video-program/Witness_a_Miracle_World_News_Bulletin,Videos,video-program,Witness a Miracle & World News Bulletin,media,content/video/Witness_a_Miracle_World_News_Bulletin/Witness a Miracle  World News Bulletin.mp4,content/video/Witness_a_Miracle_World_News_Bulletin/Witness a Miracle  World News Bulletin.mp4,https://pub-f29cecbaf0f845e2b4565f356f98d18d.r2.dev/content/video/Witness_a_Miracle_World_News_Bulletin/Witness%20a%20Miracle%20%20World%20News%20Bulletin.mp4,26386360,aa15d6e06c52aaefc3e249a0fd045de20a4b93b328a1a89b8016b5b5053415ec,video/mp4,pending
video-program/Witness_a_Miracle_World_News_Bulletin,Videos,video-program,Witness a Miracle & World News Bulletin,transcript,content/video/Witness_a_Miracle_World_News_Bulletin/Witness a Miracle  World News Bulletin.en-US.vtt,content/video/Witness_a_Miracle_World_News_Bulletin/Witness a Miracle  World News Bulletin.en-US.vtt,https://pub-f29cecbaf0f845e2b4565f356f98d18d.r2.dev/content/video/Witness_a_Miracle_World_News_Bulletin/Witness%20a%20Miracle%20%20World%20News%20Bulletin.en-US.vtt,7532,01cacd5ca98d5ce75de7b63776c37135e3c2d04b6fa47d67d71211663708b7f2,text/vtt; charset=utf-8,pending
video-program/Witness_a_Miracle_World_News_Bulletin,Videos,video-program,Witness a Miracle & World News Bulletin,thumbnail,content/video/Witness_a_Miracle_World_News_Bulletin/thumbnail.jpg,content/video/Witness_a_Miracle_World_News_Bulletin/thumbnail.jpg,https://pub-f29cecbaf0f845e2b4565f356f98d18d.r2.dev/content/video/Witness_a_Miracle_World_News_Bulletin/thumbnail.jpg,9556,ab90a74f477503e79a9563e5042bad1cd2cbcae7939ad806c26746c91cae9050,image/jpeg,pending
video-program/Mathematical_Miracle_of_Quran,Videos,video-program,Mathematical Miracle of Quran,media,content/video/Mathematical_Miracle_of_Quran/Mathematical Miracle of Quran.mp4,content/video/Mathematical_Miracle_of_Quran/Mathematical Miracle of Quran.mp4,https://pub-f29cecbaf0f845e2b4565f356f98d18d.r2.dev/content/video/Mathematical_Miracle_of_Quran/Mathematical%20Miracle%20of%20Quran.mp4,132504855,abe93e64b9afcd41dfa041075d742baff449cc169182caaa7421b5d5d9d27a2f,video/mp4,pending
video-program/Mathematical_Miracle_of_Quran,Videos,video-program,Mathematical Miracle of Quran,transcript,content/video/Mathematical_Miracle_of_Quran/Mathematical Miracle of Quran.en-US.vtt,content/video/Mathematical_Miracle_of_Quran/Mathematical Miracle of Quran.en-US.vtt,https://pub-f29cecbaf0f845e2b4565f356f98d18d.r2.dev/content/video/Mathematical_Miracle_of_Quran/Mathematical%20Miracle%20of%20Quran.en-US.vtt,34005,e3b425c8fe8e33dc7ec0225b2341c9848d602a223110e34ca6ea68a83a028137,text/vtt; charset=utf-8,pending
video-program/Mathematical_Miracle_of_Quran,Videos,video-program,Mathematical Miracle of Quran,thumbnail,content/video/Mathematical_Miracle_of_Quran/thumbnail.jpg,content/video/Mathematical_Miracle_of_Quran/thumbnail.jpg,https://pub-f29cecbaf0f845e2b4565f356f98d18d.r2.dev/content/video/Mathematical_Miracle_of_Quran/thumbnail.jpg,7244,11fa4cd82f66d60085b3dd41bfcb050a09d1a9281a36728e61f94e18c1d9096c,image/jpeg,pending
video-program/Essentials_of_Submission_(Islam),Videos,video-program,Essentials of Submission (Islam),media,content/video/Essentials_of_Submission_(Islam)/Essentials of Submission (Islam).mp4,content/video/Essentials_of_Submission_(Islam)/Essentials of Submission (Islam).mp4,https://pub-f29cecbaf0f845e2b4565f356f98d18d.r2.dev/content/video/Essentials_of_Submission_(Islam)/Essentials%20of%20Submission%20(Islam).mp4,132780200,a7ee68e37fa90fa0e657b2dff030ef678e6fe62e00dc6257f84ab5d58d8c2c83,video/mp4,pending
video-program/Essentials_of_Submission_(Islam),Videos,video-program,Essentials of Submission (Islam),transcript,content/video/Essentials_of_Submission_(Islam)/Essentials of Submission (Islam).en-US.vtt,content/video/Essentials_of_Submission_(Islam)/Essentials of Submission (Islam).en-US.vtt,https://pub-f29cecbaf0f845e2b4565f356f98d18d.r2.dev/content/video/Essentials_of_Submission_(Islam)/Essentials%20of%20Submission%20(Islam).en-US.vtt,47954,1786c7d2a57b1bb29bb42ed1852d03e764aa4f0b4b70a9072a68e836b1f59e1d,text/vtt; charset=utf-8,pending
video-program/Essentials_of_Submission_(Islam),Videos,video-program,Essentials of Submission (Islam),thumbnail,content/video/Essentials_of_Submission_(Islam)/thumbnail.jpg,content/video/Essentials_of_Submission_(Islam)/thumbnail.jpg,https://pub-f29cecbaf0f845e2b4565f356f98d18d.r2.dev/content/video/Essentials_of_Submission_(Islam)/thumbnail.jpg,7948,c5fd04c866cf2838b45e59f405c159d5f34ba3a8383fef93a8570ddfabb92914,image/jpeg,pending
video-program/Principles_of_Contact_Prayers_Salat,Videos,video-program,Principles of Contact Prayers Salat,media,content/video/Principles_of_Contact_Prayers_Salat/Principles of Contact Prayers Salat.mp4,content/video/Principles_of_Contact_Prayers_Salat/Principles of Contact Prayers Salat.mp4,https://pub-f29cecbaf0f845e2b4565f356f98d18d.r2.dev/content/video/Principles_of_Contact_Prayers_Salat/Principles%20of%20Contact%20Prayers%20Salat.mp4,194907809,48fec34395a383b09f793b31f0de7d469096776febf5553c5c37fd942a2cc519,video/mp4,pending
video-program/Principles_of_Contact_Prayers_Salat,Videos,video-program,Principles of Contact Prayers Salat,transcript,content/video/Principles_of_Contact_Prayers_Salat/Principles of Contact Prayers Salat.en-US.vtt,content/video/Principles_of_Contact_Prayers_Salat/Principles of Contact Prayers Salat.en-US.vtt,https://pub-f29cecbaf0f845e2b4565f356f98d18d.r2.dev/content/video/Principles_of_Contact_Prayers_Salat/Principles%20of%20Contact%20Prayers%20Salat.en-US.vtt,78092,4acb39bb7d19268bcfd2216f66d90603206445668ad482d3028cd22b7e8fb122,text/vtt; charset=utf-8,pending
video-program/Principles_of_Contact_Prayers_Salat,Videos,video-program,Principles of Contact Prayers Salat,thumbnail,content/video/Principles_of_Contact_Prayers_Salat/thumbnail.jpg,content/video/Principles_of_Contact_Prayers_Salat/thumbnail.jpg,https://pub-f29cecbaf0f845e2b4565f356f98d18d.r2.dev/content/video/Principles_of_Contact_Prayers_Salat/thumbnail.jpg,5587,90011eb28a9324e3331aa99550d808841213306c7f92b6d499791c41a59dbaca,image/jpeg,pending
video-program/Principles_of_Friday_Prayer,Videos,video-program,Principles of Friday Prayer,media,content/video/Principles_of_Friday_Prayer/Principles of Friday Prayer.mp4,content/video/Principles_of_Friday_Prayer/Principles of Friday Prayer.mp4,https://pub-f29cecbaf0f845e2b4565f356f98d18d.r2.dev/content/video/Principles_of_Friday_Prayer/Principles%20of%20Friday%20Prayer.mp4,130459515,36afb4cbfb78a9805f6b751ad1b2a4f0eaa012b7e5a70d0ba7cbd6d4012b8cdf,video/mp4,pending
video-program/Principles_of_Friday_Prayer,Videos,video-program,Principles of Friday Prayer,transcript,content/video/Principles_of_Friday_Prayer/Principles of Friday Prayer.en-US.vtt,content/video/Principles_of_Friday_Prayer/Principles of Friday Prayer.en-US.vtt,https://pub-f29cecbaf0f845e2b4565f356f98d18d.r2.dev/content/video/Principles_of_Friday_Prayer/Principles%20of%20Friday%20Prayer.en-US.vtt,55116,d9e977a8037f02eded65dcf61fd44c15c12c0da9a82cd7d121cac6441039b93d,text/vtt; charset=utf-8,pending
video-program/Principles_of_Friday_Prayer,Videos,video-program,Principles of Friday Prayer,thumbnail,content/video/Principles_of_Friday_Prayer/thumbnail.jpg,content/video/Principles_of_Friday_Prayer/thumbnail.jpg,https://pub-f29cecbaf0f845e2b4565f356f98d18d.r2.dev/content/video/Principles_of_Friday_Prayer/thumbnail.jpg,7845,2d727c8ddc021cc86984fe93d6211b5ff90a9f07d91e4c42d3bb513ee6458454,image/jpeg,pending
"video-program/Old_Message,_New_Messenger",Videos,video-program,"Old Message, New Messenger",media,"content/video/Old_Message,_New_Messenger/Old Message, New Messenger.mp4","content/video/Old_Message,_New_Messenger/Old Message, New Messenger.mp4",https://pub-f29cecbaf0f845e2b4565f356f98d18d.r2.dev/content/video/Old_Message%2C_New_Messenger/Old%20Message%2C%20New%20Messenger.mp4,187601916,ecfc7a99e7e5c72ada7c7975f0e62a1a6cb6cbf59162e256ca8fa0e1196f6f13,video/mp4,pending
"video-program/Old_Message,_New_Messenger",Videos,video-program,"Old Message, New Messenger",transcript,"content/video/Old_Message,_New_Messenger/Old Message, New Messenger.en-US.vtt","content/video/Old_Message,_New_Messenger/Old Message, New Messenger.en-US.vtt",https://pub-f29cecbaf0f845e2b4565f356f98d18d.r2.dev/content/video/Old_Message%2C_New_Messenger/Old%20Message%2C%20New%20Messenger.en-US.vtt,77843,991419fddce35b3fb195a6415a129163a81ce8ebf518c86bd0cfd58e44138080,text/vtt; charset=utf-8,pending
"video-program/Old_Message,_New_Messenger",Videos,video-program,"Old Message, New Messenger",thumbnail,"content/video/Old_Message,_New_Messenger/thumbnail.jpg","content/video/Old_Message,_New_Messenger/thumbnail.jpg",https://pub-f29cecbaf0f845e2b4565f356f98d18d.r2.dev/content/video/Old_Message%2C_New_Messenger/thumbnail.jpg,7825,c3ab3f48de7a4f00a9ec0eb9457fb8e118f879f66c043810548feca434c94d43,image/jpeg,pending
video-program/King_of_Chaos,Videos,video-program,King of Chaos,media,content/video/King_of_Chaos/King of Chaos.mp4,content/video/King_of_Chaos/King of Chaos.mp4,https://pub-f29cecbaf0f845e2b4565f356f98d18d.r2.dev/content/video/King_of_Chaos/King%20of%20Chaos.mp4,139243220,cd8ec6b1261bd0d531434058a2df9331a03241614f1e9bd8038253e2a2f60cf1,video/mp4,pending
video-program/King_of_Chaos,Videos,video-program,King of Chaos,transcript,content/video/King_of_Chaos/King of Chaos.en-US.vtt,content/video/King_of_Chaos/King of Chaos.en-US.vtt,https://pub-f29cecbaf0f845e2b4565f356f98d18d.r2.dev/content/video/King_of_Chaos/King%20of%20Chaos.en-US.vtt,44726,edf956bd303cfb8411dd880f271b5595fe2fb580491ea36f80438a651f7aa6ed,text/vtt; charset=utf-8,pending
video-program/King_of_Chaos,Videos,video-program,King of Chaos,thumbnail,content/video/King_of_Chaos/thumbnail.jpg,content/video/King_of_Chaos/thumbnail.jpg,https://pub-f29cecbaf0f845e2b4565f356f98d18d.r2.dev/content/video/King_of_Chaos/thumbnail.jpg,7373,6b64c28103b1ca1334ed2bfd4e1e6000fd2811448233b66eb45c08406f7802d3,image/jpeg,pending
video-program/The_Great_Debate_Dr._Rashad_Khalifa_vs_Dr._Abdel_Rahman,Videos,video-program,The Great Debate: Dr. Rashad Khalifa vs Dr. Abdel Rahman,media,content/video/The_Great_Debate_Dr._Rashad_Khalifa_vs_Dr._Abdel_Rahman/The Great Debate Dr. Rashad Khalifa vs Dr. Abdel Rahman.mp4,content/video/The_Great_Debate_Dr._Rashad_Khalifa_vs_Dr._Abdel_Rahman/The Great Debate Dr. Rashad Khalifa vs Dr. Abdel Rahman.mp4,https://pub-f29cecbaf0f845e2b4565f356f98d18d.r2.dev/content/video/The_Great_Debate_Dr._Rashad_Khalifa_vs_Dr._Abdel_Rahman/The%20Great%20Debate%20Dr.%20Rashad%20Khalifa%20vs%20Dr.%20Abdel%20Rahman.mp4,197438998,965f331dddfaf34b3251b155b4ee2e42080ffd90f1505c5cb548c794f0783d2d,video/mp4,pending
video-program/The_Great_Debate_Dr._Rashad_Khalifa_vs_Dr._Abdel_Rahman,Videos,video-program,The Great Debate: Dr. Rashad Khalifa vs Dr. Abdel Rahman,transcript,content/video/The_Great_Debate_Dr._Rashad_Khalifa_vs_Dr._Abdel_Rahman/The Great Debate Dr. Rashad Khalifa vs Dr. Abdel Rahman.en-US.vtt,content/video/The_Great_Debate_Dr._Rashad_Khalifa_vs_Dr._Abdel_Rahman/The Great Debate Dr. Rashad Khalifa vs Dr. Abdel Rahman.en-US.vtt,https://pub-f29cecbaf0f845e2b4565f356f98d18d.r2.dev/content/video/The_Great_Debate_Dr._Rashad_Khalifa_vs_Dr._Abdel_Rahman/The%20Great%20Debate%20Dr.%20Rashad%20Khalifa%20vs%20Dr.%20Abdel%20Rahman.en-US.vtt,0,e3b0c44298fc1c149afbf4c8996fb92427ae41e4649b934ca495991b7852b855,text/vtt; charset=utf-8,pending
video-program/The_Great_Debate_Dr._Rashad_Khalifa_vs_Dr._Abdel_Rahman,Videos,video-program,The Great Debate: Dr. Rashad Khalifa vs Dr. Abdel Rahman,thumbnail,content/video/The_Great_Debate_Dr._Rashad_Khalifa_vs_Dr._Abdel_Rahman/thumbnail.jpg,content/video/The_Great_Debate_Dr._Rashad_Khalifa_vs_Dr._Abdel_Rahman/thumbnail.jpg,https://pub-f29cecbaf0f845e2b4565f356f98d18d.r2.dev/content/video/The_Great_Debate_Dr._Rashad_Khalifa_vs_Dr._Abdel_Rahman/thumbnail.jpg,6996,99e9b9ab81e3ada572d3ea60a6825a81c9dacdd32796e771063a309e8f0a68a2,image/jpeg,pending
video-program/In_Defense_of_the_Bible,Videos,video-program,In Defense of the Bible,media,content/video/In_Defense_of_the_Bible/In Defence of the Bible.mp4,content/video/In_Defense_of_the_Bible/In Defence of the Bible.mp4,https://pub-f29cecbaf0f845e2b4565f356f98d18d.r2.dev/content/video/In_Defense_of_the_Bible/In%20Defence%20of%20the%20Bible.mp4,54420436,0fb81e2434ab0c8ba05cecc7c613839ddbc3bd34c91ce2313d8cd6fdd28dd4af,video/mp4,pending
video-program/In_Defense_of_the_Bible,Videos,video-program,In Defense of the Bible,transcript,content/video/In_Defense_of_the_Bible/In Defence of the Bible.en-US.vtt,content/video/In_Defense_of_the_Bible/In Defence of the Bible.en-US.vtt,https://pub-f29cecbaf0f845e2b4565f356f98d18d.r2.dev/content/video/In_Defense_of_the_Bible/In%20Defence%20of%20the%20Bible.en-US.vtt,18342,2b80215d467806e44c0be286e1a370f81bac707dcd0cf5abdef0521ad411d53b,text/vtt; charset=utf-8,pending
video-program/In_Defense_of_the_Bible,Videos,video-program,In Defense of the Bible,thumbnail,content/video/In_Defense_of_the_Bible/thumbnail.jpg,content/video/In_Defense_of_the_Bible/thumbnail.jpg,https://pub-f29cecbaf0f845e2b4565f356f98d18d.r2.dev/content/video/In_Defense_of_the_Bible/thumbnail.jpg,7496,c6543c29aa5da9bf4c8de3fd75dc7bd6bf911bac52cd46f1b2178ed4c434b214,image/jpeg,pending
video-program/Evolution_or_Creation_The_Final_Argument_by_Dr._Rashad_Khalifa,Videos,video-program,Evolution or Creation: The Final Argument by Dr. Rashad Khalifa,media,content/video/Evolution_or_Creation_The_Final_Argument_by_Dr._Rashad_Khalifa/Evolution or Creation The Final Argument by Dr. Rashad Khalifa.mp4,content/video/Evolution_or_Creation_The_Final_Argument_by_Dr._Rashad_Khalifa/Evolution or Creation The Final Argument by Dr. Rashad Khalifa.mp4,https://pub-f29cecbaf0f845e2b4565f356f98d18d.r2.dev/content/video/Evolution_or_Creation_The_Final_Argument_by_Dr._Rashad_Khalifa/Evolution%20or%20Creation%20The%20Final%20Argument%20by%20Dr.%20Rashad%20Khalifa.mp4,137863968,34256bd09a6064a99a2febb09830c5c97baf7e82e7d0e9540475c7ec719f1019,video/mp4,pending
video-program/Evolution_or_Creation_The_Final_Argument_by_Dr._Rashad_Khalifa,Videos,video-program,Evolution or Creation: The Final Argument by Dr. Rashad Khalifa,transcript,content/video/Evolution_or_Creation_The_Final_Argument_by_Dr._Rashad_Khalifa/Evolution or Creation The Final Argument by Dr. Rashad Khalifa.en-US.vtt,content/video/Evolution_or_Creation_The_Final_Argument_by_Dr._Rashad_Khalifa/Evolution or Creation The Final Argument by Dr. Rashad Khalifa.en-US.vtt,https://pub-f29cecbaf0f845e2b4565f356f98d18d.r2.dev/content/video/Evolution_or_Creation_The_Final_Argument_by_Dr._Rashad_Khalifa/Evolution%20or%20Creation%20The%20Final%20Argument%20by%20Dr.%20Rashad%20Khalifa.en-US.vtt,54885,ff195191b6520349d08423369c978a94330e1164ec60045b54ac8c6dc087b579,text/vtt; charset=utf-8,pending
video-program/Evolution_or_Creation_The_Final_Argument_by_Dr._Rashad_Khalifa,Videos,video-program,Evolution or Creation: The Final Argument by Dr. Rashad Khalifa,thumbnail,content/video/Evolution_or_Creation_The_Final_Argument_by_Dr._Rashad_Khalifa/thumbnail.jpg,content/video/Evolution_or_Creation_The_Final_Argument_by_Dr._Rashad_Khalifa/thumbnail.jpg,https://pub-f29cecbaf0f845e2b4565f356f98d18d.r2.dev/content/video/Evolution_or_Creation_The_Final_Argument_by_Dr._Rashad_Khalifa/thumbnail.jpg,6924,72aed1ef40a121833c2f2791573c554376868c1a11dc383bb3436813af039e98,image/jpeg,pending
video-program/City_Council_Al-Fatiha_Recitation_by_Dr._Rashad_Khalifa,Videos,video-program,City Council Al-Fatiha Recitation by Dr. Rashad Khalifa,media,content/video/City_Council_Al-Fatiha_Recitation_by_Dr._Rashad_Khalifa/City Council Al-Fatiha Recitation by Dr. Rashad Khalifa.mp4,content/video/City_Council_Al-Fatiha_Recitation_by_Dr._Rashad_Khalifa/City Council Al-Fatiha Recitation by Dr. Rashad Khalifa.mp4,https://pub-f29cecbaf0f845e2b4565f356f98d18d.r2.dev/content/video/City_Council_Al-Fatiha_Recitation_by_Dr._Rashad_Khalifa/City%20Council%20Al-Fatiha%20Recitation%20by%20Dr.%20Rashad%20Khalifa.mp4,2873636,f5f324a026e1924542201be9aeaee8a3d3fb332b4ebec08a919f9ad4331cc900,video/mp4,pending
video-program/City_Council_Al-Fatiha_Recitation_by_Dr._Rashad_Khalifa,Videos,video-program,City Council Al-Fatiha Recitation by Dr. Rashad Khalifa,transcript,content/video/City_Council_Al-Fatiha_Recitation_by_Dr._Rashad_Khalifa/City Council Al-Fatiha Recitation by Dr. Rashad Khalifa.en-US.vtt,content/video/City_Council_Al-Fatiha_Recitation_by_Dr._Rashad_Khalifa/City Council Al-Fatiha Recitation by Dr. Rashad Khalifa.en-US.vtt,https://pub-f29cecbaf0f845e2b4565f356f98d18d.r2.dev/content/video/City_Council_Al-Fatiha_Recitation_by_Dr._Rashad_Khalifa/City%20Council%20Al-Fatiha%20Recitation%20by%20Dr.%20Rashad%20Khalifa.en-US.vtt,1241,b0efed5adbfedb4f37866db8c8e8f7305fd17a934dadd7828289f71cfcd25f53,text/vtt; charset=utf-8,pending
video-program/City_Council_Al-Fatiha_Recitation_by_Dr._Rashad_Khalifa,Videos,video-program,City Council Al-Fatiha Recitation by Dr. Rashad Khalifa,thumbnail,content/video/City_Council_Al-Fatiha_Recitation_by_Dr._Rashad_Khalifa/thumbnail.jpg,content/video/City_Council_Al-Fatiha_Recitation_by_Dr._Rashad_Khalifa/thumbnail.jpg,https://pub-f29cecbaf0f845e2b4565f356f98d18d.r2.dev/content/video/City_Council_Al-Fatiha_Recitation_by_Dr._Rashad_Khalifa/thumbnail.jpg,7431,3254751235a3897fd9a295f55bf400103a00045b317e2a87bf92702d70f38392,image/jpeg,pending
video-program/Excerpts_From_a_Radio_Debate_With_Dr._Rashad_Khalifa,Videos,video-program,Excerpts From a Radio Debate With Dr. Rashad Khalifa,media,content/video/Excerpts_From_a_Radio_Debate_With_Dr._Rashad_Khalifa/Excerpts From a Radio Debate With Dr. Rashad Khalifa.mp4,content/video/Excerpts_From_a_Radio_Debate_With_Dr._Rashad_Khalifa/Excerpts From a Radio Debate With Dr. Rashad Khalifa.mp4,https://pub-f29cecbaf0f845e2b4565f356f98d18d.r2.dev/content/video/Excerpts_From_a_Radio_Debate_With_Dr._Rashad_Khalifa/Excerpts%20From%20a%20Radio%20Debate%20With%20Dr.%20Rashad%20Khalifa.mp4,14338769,3dd371288ee63e731953140a7407b26eb28ba8c1f227fc3a3e4ba4673dfae8e5,video/mp4,pending
video-program/Excerpts_From_a_Radio_Debate_With_Dr._Rashad_Khalifa,Videos,video-program,Excerpts From a Radio Debate With Dr. Rashad Khalifa,transcript,content/video/Excerpts_From_a_Radio_Debate_With_Dr._Rashad_Khalifa/Excerpts From a Radio Debate With Dr. Rashad Khalifa.en-US.vtt,content/video/Excerpts_From_a_Radio_Debate_With_Dr._Rashad_Khalifa/Excerpts From a Radio Debate With Dr. Rashad Khalifa.en-US.vtt,https://pub-f29cecbaf0f845e2b4565f356f98d18d.r2.dev/content/video/Excerpts_From_a_Radio_Debate_With_Dr._Rashad_Khalifa/Excerpts%20From%20a%20Radio%20Debate%20With%20Dr.%20Rashad%20Khalifa.en-US.vtt,5224,e37821cfe595b1564b4cf03262e2c66542c03e72322885a602039b69bb4002b3,text/vtt; charset=utf-8,pending
video-program/Excerpts_From_a_Radio_Debate_With_Dr._Rashad_Khalifa,Videos,video-program,Excerpts From a Radio Debate With Dr. Rashad Khalifa,thumbnail,content/video/Excerpts_From_a_Radio_Debate_With_Dr._Rashad_Khalifa/thumbnail.jpg,content/video/Excerpts_From_a_Radio_Debate_With_Dr._Rashad_Khalifa/thumbnail.jpg,https://pub-f29cecbaf0f845e2b4565f356f98d18d.r2.dev/content/video/Excerpts_From_a_Radio_Debate_With_Dr._Rashad_Khalifa/thumbnail.jpg,11806,80daf18e061bea526a3793feeb0d1c1a243d8c89f011154b270b70b71a719c51,image/jpeg,pending
video-program/The_Creators_Signature,Videos,video-program,The Creators Signature,media,content/video/The_Creators_Signature/The Creators Signature.mp4,content/video/The_Creators_Signature/The Creators Signature.mp4,https://pub-f29cecbaf0f845e2b4565f356f98d18d.r2.dev/content/video/The_Creators_Signature/The%20Creators%20Signature.mp4,70184873,71101b837ca4cf2ca0731f1718a9c18c2a6f681be61083b2e23bcb110e7bb708,video/mp4,pending
video-program/The_Creators_Signature,Videos,video-program,The Creators Signature,transcript,content/video/The_Creators_Signature/The Creators Signature.en-US.vtt,content/video/The_Creators_Signature/The Creators Signature.en-US.vtt,https://pub-f29cecbaf0f845e2b4565f356f98d18d.r2.dev/content/video/The_Creators_Signature/The%20Creators%20Signature.en-US.vtt,28864,5ba5a91ccffc3a8e3f8f851999774239460dd2f6d604d396940f23ade3c5bb81,text/vtt; charset=utf-8,pending
video-program/The_Creators_Signature,Videos,video-program,The Creators Signature,thumbnail,content/video/The_Creators_Signature/thumbnail.jpg,content/video/The_Creators_Signature/thumbnail.jpg,https://pub-f29cecbaf0f845e2b4565f356f98d18d.r2.dev/content/video/The_Creators_Signature/thumbnail.jpg,11824,7b14960f57d6083d78629d2ef136ffafafb6e11d90c5a15c5e4d3eedfb86a7c0,image/jpeg,pending
video-program/Arabic_Language_Lessons_By_Dr._Rashad_Khalifa,Videos,video-program,Arabic Language Lessons By Dr. Rashad Khalifa,media,content/video/Arabic_Language_Lessons_By_Dr._Rashad_Khalifa/Arabic Language Lessons By Dr. Rashad Khalifa.mp4,content/video/Arabic_Language_Lessons_By_Dr._Rashad_Khalifa/Arabic Language Lessons By Dr. Rashad Khalifa.mp4,https://pub-f29cecbaf0f845e2b4565f356f98d18d.r2.dev/content/video/Arabic_Language_Lessons_By_Dr._Rashad_Khalifa/Arabic%20Language%20Lessons%20By%20Dr.%20Rashad%20Khalifa.mp4,346340043,8d54645713a512a51d680f2922b84e6e36f58fe195a674e41b4cda00214fb63e,video/mp4,pending
video-program/Arabic_Language_Lessons_By_Dr._Rashad_Khalifa,Videos,video-program,Arabic Language Lessons By Dr. Rashad Khalifa,transcript,content/video/Arabic_Language_Lessons_By_Dr._Rashad_Khalifa/Arabic Language Lessons By Dr. Rashad Khalifa.en-US.vtt,content/video/Arabic_Language_Lessons_By_Dr._Rashad_Khalifa/Arabic Language Lessons By Dr. Rashad Khalifa.en-US.vtt,https://pub-f29cecbaf0f845e2b4565f356f98d18d.r2.dev/content/video/Arabic_Language_Lessons_By_Dr._Rashad_Khalifa/Arabic%20Language%20Lessons%20By%20Dr.%20Rashad%20Khalifa.en-US.vtt,95762,1501a3a61848c1d175937702546cb6eaa9f93b5b5a224c8e8a1af2a098c11a34,text/vtt; charset=utf-8,pending
video-program/Arabic_Language_Lessons_By_Dr._Rashad_Khalifa,Videos,video-program,Arabic Language Lessons By Dr. Rashad Khalifa,thumbnail,content/video/Arabic_Language_Lessons_By_Dr._Rashad_Khalifa/thumbnail.jpg,content/video/Arabic_Language_Lessons_By_Dr._Rashad_Khalifa/thumbnail.jpg,https://pub-f29cecbaf0f845e2b4565f356f98d18d.r2.dev/content/video/Arabic_Language_Lessons_By_Dr._Rashad_Khalifa/thumbnail.jpg,7506,4a0834676d041da9c294b2ea4c4c18ca21a5f757de313e4df6f41e3851faec3d,image/jpeg,pending
video-program/Friday_Sermon_Knowing_GOD_GOD_is_Doing_Everything_(06051987),Videos,video-program,Friday Sermon: Knowing GOD: GOD is Doing Everything (06/05/1987),media,content/video/Friday_Sermon_Knowing_GOD_GOD_is_Doing_Everything_(06051987)/Friday Sermon Knowing GOD GOD is Doing Everything (06051987).mp4,content/video/Friday_Sermon_Knowing_GOD_GOD_is_Doing_Everything_(06051987)/Friday Sermon Knowing GOD GOD is Doing Everything (06051987).mp4,https://pub-f29cecbaf0f845e2b4565f356f98d18d.r2.dev/content/video/Friday_Sermon_Knowing_GOD_GOD_is_Doing_Everything_(06051987)/Friday%20Sermon%20Knowing%20GOD%20GOD%20is%20Doing%20Everything%20(06051987).mp4,76319687,479a05798a6530bd5230a098e1aff8b36efde7c634ea2379ee0af386ab03b6b9,video/mp4,pending
video-program/Friday_Sermon_Knowing_GOD_GOD_is_Doing_Everything_(06051987),Videos,video-program,Friday Sermon: Knowing GOD: GOD is Doing Everything (06/05/1987),transcript,content/video/Friday_Sermon_Knowing_GOD_GOD_is_Doing_Everything_(06051987)/Friday Sermon Knowing GOD GOD is Doing Everything (06051987).en-US.vtt,content/video/Friday_Sermon_Knowing_GOD_GOD_is_Doing_Everything_(06051987)/Friday Sermon Knowing GOD GOD is Doing Everything (06051987).en-US.vtt,https://pub-f29cecbaf0f845e2b4565f356f98d18d.r2.dev/content/video/Friday_Sermon_Knowing_GOD_GOD_is_Doing_Everything_(06051987)/Friday%20Sermon%20Knowing%20GOD%20GOD%20is%20Doing%20Everything%20(06051987).en-US.vtt,34535,8f688b4cf308e25132cd95947f79ebb03854e5391bb7c8a36b1c444ae7660a01,text/vtt; charset=utf-8,pending
video-program/Friday_Sermon_Knowing_GOD_GOD_is_Doing_Everything_(06051987),Videos,video-program,Friday Sermon: Knowing GOD: GOD is Doing Everything (06/05/1987),thumbnail,content/video/Friday_Sermon_Knowing_GOD_GOD_is_Doing_Everything_(06051987)/thumbnail.webp,content/video/Friday_Sermon_Knowing_GOD_GOD_is_Doing_Everything_(06051987)/thumbnail.webp,https://pub-f29cecbaf0f845e2b4565f356f98d18d.r2.dev/content/video/Friday_Sermon_Knowing_GOD_GOD_is_Doing_Everything_(06051987)/thumbnail.webp,6332,673955d2ed9aab192ba964008f8348d548be12ef4dd37b96d9cc7f5310e8cb48,image/webp,pending
video-program/Friday_Sermon_Universal_Unity_Through_Devotion_to_GOD_Alone,Videos,video-program,Friday Sermon: Universal Unity Through Devotion to GOD Alone,media,content/video/Friday_Sermon_Universal_Unity_Through_Devotion_to_GOD_Alone/Friday Sermon Universal Unity Through Devotion to GOD Alone.mp4,content/video/Friday_Sermon_Universal_Unity_Through_Devotion_to_GOD_Alone/Friday Sermon Universal Unity Through Devotion to GOD Alone.mp4,https://pub-f29cecbaf0f845e2b4565f356f98d18d.r2.dev/content/video/Friday_Sermon_Universal_Unity_Through_Devotion_to_GOD_Alone/Friday%20Sermon%20Universal%20Unity%20Through%20Devotion%20to%20GOD%20Alone.mp4,49363245,eefecad581058ab30185bef6f1b4ad0ad1414fa6f5e85beadb148a5de8022208,video/mp4,pending
video-program/Friday_Sermon_Universal_Unity_Through_Devotion_to_GOD_Alone,Videos,video-program,Friday Sermon: Universal Unity Through Devotion to GOD Alone,transcript,content/video/Friday_Sermon_Universal_Unity_Through_Devotion_to_GOD_Alone/Friday Sermon Universal Unity Through Devotion to GOD Alone.en-US.vtt,content/video/Friday_Sermon_Universal_Unity_Through_Devotion_to_GOD_Alone/Friday Sermon Universal Unity Through Devotion to GOD Alone.en-US.vtt,https://pub-f29cecbaf0f845e2b4565f356f98d18d.r2.dev/content/video/Friday_Sermon_Universal_Unity_Through_Devotion_to_GOD_Alone/Friday%20Sermon%20Universal%20Unity%20Through%20Devotion%20to%20GOD%20Alone.en-US.vtt,22307,bf3d7e2bec206b960abc0f4488249e63ca02e6f6f9fa1746dd16ee317f68e53b,text/vtt; charset=utf-8,pending
video-program/Friday_Sermon_Universal_Unity_Through_Devotion_to_GOD_Alone,Videos,video-program,Friday Sermon: Universal Unity Through Devotion to GOD Alone,thumbnail,content/video/Friday_Sermon_Universal_Unity_Through_Devotion_to_GOD_Alone/thumbnail.webp,content/video/Friday_Sermon_Universal_Unity_Through_Devotion_to_GOD_Alone/thumbnail.webp,https://pub-f29cecbaf0f845e2b4565f356f98d18d.r2.dev/content/video/Friday_Sermon_Universal_Unity_Through_Devotion_to_GOD_Alone/thumbnail.webp,8628,e7278e4b5eae56bc084f7486c6f94db363057cb55f95c309582712764f706471,image/webp,pending
video-program/Friday_Sermon_The_Mathematical_Miracle_Proves_the_Quran_to_be_the_Word_of_GOD_(10161987),Videos,video-program,Friday Sermon: The Mathematical Miracle Proves the Quran to be the Word of GOD (10/16/1987),media,content/video/Friday_Sermon_The_Mathematical_Miracle_Proves_the_Quran_to_be_the_Word_of_GOD_(10161987)/Friday Sermon The Mathematical Miracle Proves the Quran to be the Word of GOD (10161987).mp4,content/video/Friday_Sermon_The_Mathematical_Miracle_Proves_the_Quran_to_be_the_Word_of_GOD_(10161987)/Friday Sermon The Mathematical Miracle Proves the Quran to be the Word of GOD (10161987).mp4,https://pub-f29cecbaf0f845e2b4565f356f98d18d.r2.dev/content/video/Friday_Sermon_The_Mathematical_Miracle_Proves_the_Quran_to_be_the_Word_of_GOD_(10161987)/Friday%20Sermon%20The%20Mathematical%20Miracle%20Proves%20the%20Quran%20to%20be%20the%20Word%20of%20GOD%20(10161987).mp4,57389411,57db6c59821e94b506d3f441c29cb750dfd0f5af3f1fdaebe54610a697ea9e2b,video/mp4,pending
video-program/Friday_Sermon_The_Mathematical_Miracle_Proves_the_Quran_to_be_the_Word_of_GOD_(10161987),Videos,video-program,Friday Sermon: The Mathematical Miracle Proves the Quran to be the Word of GOD (10/16/1987),transcript,content/video/Friday_Sermon_The_Mathematical_Miracle_Proves_the_Quran_to_be_the_Word_of_GOD_(10161987)/Friday Sermon The Mathematical Miracle Proves the Quran to be the Word of GOD (10161987).en-US.vtt,content/video/Friday_Sermon_The_Mathematical_Miracle_Proves_the_Quran_to_be_the_Word_of_GOD_(10161987)/Friday Sermon The Mathematical Miracle Proves the Quran to be the Word of GOD (10161987).en-US.vtt,https://pub-f29cecbaf0f845e2b4565f356f98d18d.r2.dev/content/video/Friday_Sermon_The_Mathematical_Miracle_Proves_the_Quran_to_be_the_Word_of_GOD_(10161987)/Friday%20Sermon%20The%20Mathematical%20Miracle%20Proves%20the%20Quran%20to%20be%20the%20Word%20of%20GOD%20(10161987).en-US.vtt,29772,e812466b5fc98c788a61bae4e54c03b390d63eafbb1f90bb792df9f752b9e0fb,text/vtt; charset=utf-8,pending
video-program/Friday_Sermon_The_Mathematical_Miracle_Proves_the_Quran_to_be_the_Word_of_GOD_(10161987),Videos,video-program,Friday Sermon: The Mathematical Miracle Proves the Quran to be the Word of GOD (10/16/1987),thumbnail,content/video/Friday_Sermon_The_Mathematical_Miracle_Proves_the_Quran_to_be_the_Word_of_GOD_(10161987)/thumbnail.webp,content/video/Friday_Sermon_The_Mathematical_Miracle_Proves_the_Quran_to_be_the_Word_of_GOD_(10161987)/thumbnail.webp,https://pub-f29cecbaf0f845e2b4565f356f98d18d.r2.dev/content/video/Friday_Sermon_The_Mathematical_Miracle_Proves_the_Quran_to_be_the_Word_of_GOD_(10161987)/thumbnail.webp,6378,2a4aeb580e4427c39d51c4fff065f86c02bf80ef5071ca1cfe25b62c69afb970,image/webp,pending
"video-program/Friday_Sermon_Evidence_is_Increasing,_This_Life_is_a_School_for_the_Eternal_Life_(111987)",Videos,video-program,"Friday Sermon: Evidence is Increasing, This Life is a School for the Eternal Life (11/1987)",media,"content/video/Friday_Sermon_Evidence_is_Increasing,_This_Life_is_a_School_for_the_Eternal_Life_(111987)/Friday Sermon Evidence is Increasing, This Life is a School for the Eternal Life (111987).mp4","content/video/Friday_Sermon_Evidence_is_Increasing,_This_Life_is_a_School_for_the_Eternal_Life_(111987)/Friday Sermon Evidence is Increasing, This Life is a School for the Eternal Life (111987).mp4",https://pub-f29cecbaf0f845e2b4565f356f98d18d.r2.dev/content/video/Friday_Sermon_Evidence_is_Increasing%2C_This_Life_is_a_School_for_the_Eternal_Life_(111987)/Friday%20Sermon%20Evidence%20is%20Increasing%2C%20This%20Life%20is%20a%20School%20for%20the%20Eternal%20Life%20(111987).mp4,48180941,dfefbc132c257e30a221565e80b7d84d340e67d9ab1f491edb8a34c75be7d988,video/mp4,pending
"video-program/Friday_Sermon_Evidence_is_Increasing,_This_Life_is_a_School_for_the_Eternal_Life_(111987)",Videos,video-program,"Friday Sermon: Evidence is Increasing, This Life is a School for the Eternal Life (11/1987)",transcript,"content/video/Friday_Sermon_Evidence_is_Increasing,_This_Life_is_a_School_for_the_Eternal_Life_(111987)/Friday Sermon Evidence is Increasing, This Life is a School for the Eternal Life (111987).en-US.vtt","content/video/Friday_Sermon_Evidence_is_Increasing,_This_Life_is_a_School_for_the_Eternal_Life_(111987)/Friday Sermon Evidence is Increasing, This Life is a School for the Eternal Life (111987).en-US.vtt",https://pub-f29cecbaf0f845e2b4565f356f98d18d.r2.dev/content/video/Friday_Sermon_Evidence_is_Increasing%2C_This_Life_is_a_School_for_the_Eternal_Life_(111987)/Friday%20Sermon%20Evidence%20is%20Increasing%2C%20This%20Life%20is%20a%20School%20for%20the%20Eternal%20Life%20(111987).en-US.vtt,22301,f0503f9165454e8b446e4909d5c20a74cfe7f9d89b53b2288e8d9c38e82161ae,text/vtt; charset=utf-8,pending
"video-program/Friday_Sermon_Evidence_is_Increasing,_This_Life_is_a_School_for_the_Eternal_Life_(111987)",Videos,video-program,"Friday Sermon: Evidence is Increasing, This Life is a School for the Eternal Life (11/1987)",thumbnail,"content/video/Friday_Sermon_Evidence_is_Increasing,_This_Life_is_a_School_for_the_Eternal_Life_(111987)/thumbnail.webp","content/video/Friday_Sermon_Evidence_is_Increasing,_This_Life_is_a_School_for_the_Eternal_Life_(111987)/thumbnail.webp",https://pub-f29cecbaf0f845e2b4565f356f98d18d.r2.dev/content/video/Friday_Sermon_Evidence_is_Increasing%2C_This_Life_is_a_School_for_the_Eternal_Life_(111987)/thumbnail.webp,5222,f63ce5829207ca6fd1508899a7fdec0eabd9e3b510951475cbedf2c9ac475f80,image/webp,pending
video-program/Friday_Sermon_Quran_is_the_Only_Book_in_the_World_That_is_Mathematically_Composed_(111987),Videos,video-program,Friday Sermon: Quran is the Only Book in the World That is Mathematically Composed (11/1987),media,content/video/Friday_Sermon_Quran_is_the_Only_Book_in_the_World_That_is_Mathematically_Composed_(111987)/Friday Sermon Quran is the Only Book in the World That is Mathematically Composed (111987).mp4,content/video/Friday_Sermon_Quran_is_the_Only_Book_in_the_World_That_is_Mathematically_Composed_(111987)/Friday Sermon Quran is the Only Book in the World That is Mathematically Composed (111987).mp4,https://pub-f29cecbaf0f845e2b4565f356f98d18d.r2.dev/content/video/Friday_Sermon_Quran_is_the_Only_Book_in_the_World_That_is_Mathematically_Composed_(111987)/Friday%20Sermon%20Quran%20is%20the%20Only%20Book%20in%20the%20World%20That%20is%20Mathematically%20Composed%20(111987).mp4,65491060,389bfef3918bf24b222b7f997757e015a8cf88cbf00a595fffe3c60ec0da8714,video/mp4,pending
video-program/Friday_Sermon_Quran_is_the_Only_Book_in_the_World_That_is_Mathematically_Composed_(111987),Videos,video-program,Friday Sermon: Quran is the Only Book in the World That is Mathematically Composed (11/1987),transcript,content/video/Friday_Sermon_Quran_is_the_Only_Book_in_the_World_That_is_Mathematically_Composed_(111987)/Friday Sermon Quran is the Only Book in the World That is Mathematically Composed (111987).en-US.vtt,content/video/Friday_Sermon_Quran_is_the_Only_Book_in_the_World_That_is_Mathematically_Composed_(111987)/Friday Sermon Quran is the Only Book in the World That is Mathematically Composed (111987).en-US.vtt,https://pub-f29cecbaf0f845e2b4565f356f98d18d.r2.dev/content/video/Friday_Sermon_Quran_is_the_Only_Book_in_the_World_That_is_Mathematically_Composed_(111987)/Friday%20Sermon%20Quran%20is%20the%20Only%20Book%20in%20the%20World%20That%20is%20Mathematically%20Composed%20(111987).en-US.vtt,27680,52773fa0d8c22beeec21205e48e7ccd1e0e31294edad75ff9176de8a535efcdf,text/vtt; charset=utf-8,pending
video-program/Friday_Sermon_Quran_is_the_Only_Book_in_the_World_That_is_Mathematically_Composed_(111987),Videos,video-program,Friday Sermon: Quran is the Only Book in the World That is Mathematically Composed (11/1987),thumbnail,content/video/Friday_Sermon_Quran_is_the_Only_Book_in_the_World_That_is_Mathematically_Composed_(111987)/thumbnail.webp,content/video/Friday_Sermon_Quran_is_the_Only_Book_in_the_World_That_is_Mathematically_Composed_(111987)/thumbnail.webp,https://pub-f29cecbaf0f845e2b4565f356f98d18d.r2.dev/content/video/Friday_Sermon_Quran_is_the_Only_Book_in_the_World_That_is_Mathematically_Composed_(111987)/thumbnail.webp,8728,d217f502f9ab49bcde99cfa312e18033430259f5554d632ebd6ba12fe43f0c83,image/webp,pending
video-program/Friday_Sermon_More_Evidence_-_Memorize_This_Supplication_For_Divine_Protection_(111987),Videos,video-program,Friday Sermon: More Evidence - Memorize This Supplication For Divine Protection (11/1987),media,content/video/Friday_Sermon_More_Evidence_-_Memorize_This_Supplication_For_Divine_Protection_(111987)/Friday Sermon More Evidence - Memorize This Supplication For Divine Protection (111987).mp4,content/video/Friday_Sermon_More_Evidence_-_Memorize_This_Supplication_For_Divine_Protection_(111987)/Friday Sermon More Evidence - Memorize This Supplication For Divine Protection (111987).mp4,https://pub-f29cecbaf0f845e2b4565f356f98d18d.r2.dev/content/video/Friday_Sermon_More_Evidence_-_Memorize_This_Supplication_For_Divine_Protection_(111987)/Friday%20Sermon%20More%20Evidence%20-%20Memorize%20This%20Supplication%20For%20Divine%20Protection%20(111987).mp4,37307609,93868573f92220a3787a68cbb8a3cbe58217f04a7b73dded9ce376502585e687,video/mp4,pending
video-program/Friday_Sermon_More_Evidence_-_Memorize_This_Supplication_For_Divine_Protection_(111987),Videos,video-program,Friday Sermon: More Evidence - Memorize This Supplication For Divine Protection (11/1987),transcript,content/video/Friday_Sermon_More_Evidence_-_Memorize_This_Supplication_For_Divine_Protection_(111987)/Friday Sermon More Evidence - Memorize This Supplication For Divine Protection (111987).en-US.vtt,content/video/Friday_Sermon_More_Evidence_-_Memorize_This_Supplication_For_Divine_Protection_(111987)/Friday Sermon More Evidence - Memorize This Supplication For Divine Protection (111987).en-US.vtt,https://pub-f29cecbaf0f845e2b4565f356f98d18d.r2.dev/content/video/Friday_Sermon_More_Evidence_-_Memorize_This_Supplication_For_Divine_Protection_(111987)/Friday%20Sermon%20More%20Evidence%20-%20Memorize%20This%20Supplication%20For%20Divine%20Protection%20(111987).en-US.vtt,17572,48263619a3a70466d93c1feef3eade6456ae134b8a0f95629399154a3ffffa03,text/vtt; charset=utf-8,pending
video-program/Friday_Sermon_More_Evidence_-_Memorize_This_Supplication_For_Divine_Protection_(111987),Videos,video-program,Friday Sermon: More Evidence - Memorize This Supplication For Divine Protection (11/1987),thumbnail,content/video/Friday_Sermon_More_Evidence_-_Memorize_This_Supplication_For_Divine_Protection_(111987)/thumbnail.webp,content/video/Friday_Sermon_More_Evidence_-_Memorize_This_Supplication_For_Divine_Protection_(111987)/thumbnail.webp,https://pub-f29cecbaf0f845e2b4565f356f98d18d.r2.dev/content/video/Friday_Sermon_More_Evidence_-_Memorize_This_Supplication_For_Divine_Protection_(111987)/thumbnail.webp,4708,54bf7d4d9ee80eb4a6078fbe57dbcdda94f73565b5f026684f97a7f8d46c3b85,image/webp,pending
"video-program/Friday_Sermon_The_Muhammadans_Worship_Muhammad,_Discoveries_by_Atef_and_Lisa_(12041987)",Videos,video-program,"Friday Sermon: The Muhammadans Worship Muhammad, Discoveries by Atef and Lisa (12/04/1987)",media,"content/video/Friday_Sermon_The_Muhammadans_Worship_Muhammad,_Discoveries_by_Atef_and_Lisa_(12041987)/Friday Sermon The Muhammadans Worship Muhammad, Discoveries by Atef and Lisa (12041987).mp4","content/video/Friday_Sermon_The_Muhammadans_Worship_Muhammad,_Discoveries_by_Atef_and_Lisa_(12041987)/Friday Sermon The Muhammadans Worship Muhammad, Discoveries by Atef and Lisa (12041987).mp4",https://pub-f29cecbaf0f845e2b4565f356f98d18d.r2.dev/content/video/Friday_Sermon_The_Muhammadans_Worship_Muhammad%2C_Discoveries_by_Atef_and_Lisa_(12041987)/Friday%20Sermon%20The%20Muhammadans%20Worship%20Muhammad%2C%20Discoveries%20by%20Atef%20and%20Lisa%20(12041987).mp4,49804275,9a255307af1582441ec5b04a6a0a9c6a66b4aea99e75c7e5ef63f7cccf0d3dae,video/mp4,pending
"video-program/Friday_Sermon_The_Muhammadans_Worship_Muhammad,_Discoveries_by_Atef_and_Lisa_(12041987)",Videos,video-program,"Friday Sermon: The Muhammadans Worship Muhammad, Discoveries by Atef and Lisa (12/04/1987)",transcript,"content/video/Friday_Sermon_The_Muhammadans_Worship_Muhammad,_Discoveries_by_Atef_and_Lisa_(12041987)/Friday Sermon The Muhammadans Worship Muhammad, Discoveries by Atef and Lisa (12041987).en-US.vtt","content/video/Friday_Sermon_The_Muhammadans_Worship_Muhammad,_Discoveries_by_Atef_and_Lisa_(12041987)/Friday Sermon The Muhammadans Worship Muhammad, Discoveries by Atef and Lisa (12041987).en-US.vtt",https://pub-f29cecbaf0f845e2b4565f356f98d18d.r2.dev/content/video/Friday_Sermon_The_Muhammadans_Worship_Muhammad%2C_Discoveries_by_Atef_and_Lisa_(12041987)/Friday%20Sermon%20The%20Muhammadans%20Worship%20Muhammad%2C%20Discoveries%20by%20Atef%20and%20Lisa%20(12041987).en-US.vtt,20877,7e5ab043faf3964f1cff81fa6286acfd55640c13e5ff59cb7d238b24657a032b,text/vtt; charset=utf-8,pending
"video-program/Friday_Sermon_The_Muhammadans_Worship_Muhammad,_Discoveries_by_Atef_and_Lisa_(12041987)",Videos,video-program,"Friday Sermon: The Muhammadans Worship Muhammad, Discoveries by Atef and Lisa (12/04/1987)",thumbnail,"content/video/Friday_Sermon_The_Muhammadans_Worship_Muhammad,_Discoveries_by_Atef_and_Lisa_(12041987)/thumbnail.webp","content/video/Friday_Sermon_The_Muhammadans_Worship_Muhammad,_Discoveries_by_Atef_and_Lisa_(12041987)/thumbnail.webp",https://pub-f29cecbaf0f845e2b4565f356f98d18d.r2.dev/content/video/Friday_Sermon_The_Muhammadans_Worship_Muhammad%2C_Discoveries_by_Atef_and_Lisa_(12041987)/thumbnail.webp,5444,3d2c272df1e06804ac131322a415c6030739d1efe1f361bf66fec6148af557c3,image/webp,pending
"video-program/Friday_Sermon_The_Power_of_Repentance,_The_Secret_of_Happiness_(01011988)",Videos,video-program,"Friday Sermon: The Power of Repentance, The Secret of Happiness (01/01/1988)",media,"content/video/Friday_Sermon_The_Power_of_Repentance,_The_Secret_of_Happiness_(01011988)/Friday Sermon The Power of Repentance, The Secret of Happiness (01011988).mp4","content/video/Friday_Sermon_The_Power_of_Repentance,_The_Secret_of_Happiness_(01011988)/Friday Sermon The Power of Repentance, The Secret of Happiness (01011988).mp4",https://pub-f29cecbaf0f845e2b4565f356f98d18d.r2.dev/content/video/Friday_Sermon_The_Power_of_Repentance%2C_The_Secret_of_Happiness_(01011988)/Friday%20Sermon%20The%20Power%20of%20Repentance%2C%20The%20Secret%20of%20Happiness%20(01011988).mp4,63242166,ace9776a0fcd89371fbd1be15bc39de630d486895872346258b5baba5f6fbfd5,video/mp4,pending
"video-program/Friday_Sermon_The_Power_of_Repentance,_The_Secret_of_Happiness_(01011988)",Videos,video-program,"Friday Sermon: The Power of Repentance, The Secret of Happiness (01/01/1988)",transcript,"content/video/Friday_Sermon_The_Power_of_Repentance,_The_Secret_of_Happiness_(01011988)/Friday Sermon The Power of Repentance, The Secret of Happiness (01011988).en-US.vtt","content/video/Friday_Sermon_The_Power_of_Repentance,_The_Secret_of_Happiness_(01011988)/Friday Sermon The Power of Repentance, The Secret of Happiness (01011988).en-US.vtt",https://pub-f29cecbaf0f845e2b4565f356f98d18d.r2.dev/content/video/Friday_Sermon_The_Power_of_Repentance%2C_The_Secret_of_Happiness_(01011988)/Friday%20Sermon%20The%20Power%20of%20Repentance%2C%20The%20Secret%20of%20Happiness%20(01011988).en-US.vtt,29312,00ccdc6fcfcb0f374bf4c7caeb07feec531db882f17dce4021ab50c312a77315,text/vtt; charset=utf-8,pending
"video-program/Friday_Sermon_The_Power_of_Repentance,_The_Secret_of_Happiness_(01011988)",Videos,video-program,"Friday Sermon: The Power of Repentance, The Secret of Happiness (01/01/1988)",thumbnail,"content/video/Friday_Sermon_The_Power_of_Repentance,_The_Secret_of_Happiness_(01011988)/thumbnail.webp","content/video/Friday_Sermon_The_Power_of_Repentance,_The_Secret_of_Happiness_(01011988)/thumbnail.webp",https://pub-f29cecbaf0f845e2b4565f356f98d18d.r2.dev/content/video/Friday_Sermon_The_Power_of_Repentance%2C_The_Secret_of_Happiness_(01011988)/thumbnail.webp,5730,1bfae4b0604955b4f40c0ffdb0af4918d6cf1333d71027f10671254e88e04b7a,image/webp,pending
"video-program/Friday_Sermon_GOD_is_Doing_Everything,_Story_About_Ahmed_Subhy_Mansour_(1221988)",Videos,video-program,"Friday Sermon: GOD is Doing Everything, Story About Ahmed Subhy Mansour (1/22/1988)",media,"content/video/Friday_Sermon_GOD_is_Doing_Everything,_Story_About_Ahmed_Subhy_Mansour_(1221988)/Friday Sermon GOD is Doing Everything, Story About Ahmed Subhy Mansour (1221988).mp4","content/video/Friday_Sermon_GOD_is_Doing_Everything,_Story_About_Ahmed_Subhy_Mansour_(1221988)/Friday Sermon GOD is Doing Everything, Story About Ahmed Subhy Mansour (1221988).mp4",https://pub-f29cecbaf0f845e2b4565f356f98d18d.r2.dev/content/video/Friday_Sermon_GOD_is_Doing_Everything%2C_Story_About_Ahmed_Subhy_Mansour_(1221988)/Friday%20Sermon%20GOD%20is%20Doing%20Everything%2C%20Story%20About%20Ahmed%20Subhy%20Mansour%20(1221988).mp4,49039109,91d58f9f2c9b9a462a27d00207819346f1c97b5feb27f29fd0c9851903e337ea,video/mp4,pending
"video-program/Friday_Sermon_GOD_is_Doing_Everything,_Story_About_Ahmed_Subhy_Mansour_(1221988)",Videos,video-program,"Friday Sermon: GOD is Doing Everything, Story About Ahmed Subhy Mansour (1/22/1988)",transcript,"content/video/Friday_Sermon_GOD_is_Doing_Everything,_Story_About_Ahmed_Subhy_Mansour_(1221988)/Friday Sermon GOD is Doing Everything, Story About Ahmed Subhy Mansour (1221988).en-US.vtt","content/video/Friday_Sermon_GOD_is_Doing_Everything,_Story_About_Ahmed_Subhy_Mansour_(1221988)/Friday Sermon GOD is Doing Everything, Story About Ahmed Subhy Mansour (1221988).en-US.vtt",https://pub-f29cecbaf0f845e2b4565f356f98d18d.r2.dev/content/video/Friday_Sermon_GOD_is_Doing_Everything%2C_Story_About_Ahmed_Subhy_Mansour_(1221988)/Friday%20Sermon%20GOD%20is%20Doing%20Everything%2C%20Story%20About%20Ahmed%20Subhy%20Mansour%20(1221988).en-US.vtt,25723,b0a2d1c4b51bd33f962c9521aec564847ce3e120f92b4ada1b9cde3ef0381f93,text/vtt; charset=utf-8,pending
"video-program/Friday_Sermon_GOD_is_Doing_Everything,_Story_About_Ahmed_Subhy_Mansour_(1221988)",Videos,video-program,"Friday Sermon: GOD is Doing Everything, Story About Ahmed Subhy Mansour (1/22/1988)",thumbnail,"content/video/Friday_Sermon_GOD_is_Doing_Everything,_Story_About_Ahmed_Subhy_Mansour_(1221988)/thumbnail.webp","content/video/Friday_Sermon_GOD_is_Doing_Everything,_Story_About_Ahmed_Subhy_Mansour_(1221988)/thumbnail.webp",https://pub-f29cecbaf0f845e2b4565f356f98d18d.r2.dev/content/video/Friday_Sermon_GOD_is_Doing_Everything%2C_Story_About_Ahmed_Subhy_Mansour_(1221988)/thumbnail.webp,6090,d02ed7957d2e11721bb2c5e663f0c31ecd848699de8109c60336063f792ea48d,image/webp,pending
"video-program/Friday_Sermon_Our_Purpose,_GODs_Kingdom_vs_Satans_Kingdom,_Abrahams_Dream_(03041988)",Videos,video-program,"Friday Sermon: Our Purpose, GOD's Kingdom vs Satan's Kingdom, Abraham's Dream (03/04/1988)",media,"content/video/Friday_Sermon_Our_Purpose,_GODs_Kingdom_vs_Satans_Kingdom,_Abrahams_Dream_(03041988)/Friday Sermon Our Purpose, GODs Kingdom vs Satans Kingdom, Abrahams Dream (03041988).mp4","content/video/Friday_Sermon_Our_Purpose,_GODs_Kingdom_vs_Satans_Kingdom,_Abrahams_Dream_(03041988)/Friday Sermon Our Purpose, GODs Kingdom vs Satans Kingdom, Abrahams Dream (03041988).mp4",https://pub-f29cecbaf0f845e2b4565f356f98d18d.r2.dev/content/video/Friday_Sermon_Our_Purpose%2C_GODs_Kingdom_vs_Satans_Kingdom%2C_Abrahams_Dream_(03041988)/Friday%20Sermon%20Our%20Purpose%2C%20GODs%20Kingdom%20vs%20Satans%20Kingdom%2C%20Abrahams%20Dream%20(03041988).mp4,53965517,cc471a0a7c7463c4eb2e43e04cdb23b25ec72fef4231f1d770ad3e1275998138,video/mp4,pending
"video-program/Friday_Sermon_Our_Purpose,_GODs_Kingdom_vs_Satans_Kingdom,_Abrahams_Dream_(03041988)",Videos,video-program,"Friday Sermon: Our Purpose, GOD's Kingdom vs Satan's Kingdom, Abraham's Dream (03/04/1988)",transcript,"content/video/Friday_Sermon_Our_Purpose,_GODs_Kingdom_vs_Satans_Kingdom,_Abrahams_Dream_(03041988)/Friday Sermon Our Purpose, GODs Kingdom vs Satans Kingdom, Abrahams Dream (03041988).en-US.vtt","content/video/Friday_Sermon_Our_Purpose,_GODs_Kingdom_vs_Satans_Kingdom,_Abrahams_Dream_(03041988)/Friday Sermon Our Purpose, GODs Kingdom vs Satans Kingdom, Abrahams Dream (03041988).en-US.vtt",https://pub-f29cecbaf0f845e2b4565f356f98d18d.r2.dev/content/video/Friday_Sermon_Our_Purpose%2C_GODs_Kingdom_vs_Satans_Kingdom%2C_Abrahams_Dream_(03041988)/Friday%20Sermon%20Our%20Purpose%2C%20GODs%20Kingdom%20vs%20Satans%20Kingdom%2C%20Abrahams%20Dream%20(03041988).en-US.vtt,25082,21986f04d4a184aa31523e77609758d4893eef166d44d942479bbfb780bce388,text/vtt; charset=utf-8,pending
"video-program/Friday_Sermon_Our_Purpose,_GODs_Kingdom_vs_Satans_Kingdom,_Abrahams_Dream_(03041988)",Videos,video-program,"Friday Sermon: Our Purpose, GOD's Kingdom vs Satan's Kingdom, Abraham's Dream (03/04/1988)",thumbnail,"content/video/Friday_Sermon_Our_Purpose,_GODs_Kingdom_vs_Satans_Kingdom,_Abrahams_Dream_(03041988)/thumbnail.webp","content/video/Friday_Sermon_Our_Purpose,_GODs_Kingdom_vs_Satans_Kingdom,_Abrahams_Dream_(03041988)/thumbnail.webp",https://pub-f29cecbaf0f845e2b4565f356f98d18d.r2.dev/content/video/Friday_Sermon_Our_Purpose%2C_GODs_Kingdom_vs_Satans_Kingdom%2C_Abrahams_Dream_(03041988)/thumbnail.webp,7736,700c9da5d878512b1e8b665a250d72997a06a772fb528d89cdd2ec4210aace54,image/webp,pending
video-program/Friday_Sermon_Seek_GODs_Kingship_Over_You_and_Everything_Else_Follows_(03251988),Videos,video-program,Friday Sermon: Seek GOD's Kingship Over You and Everything Else Follows (03/25/1988),media,content/video/Friday_Sermon_Seek_GODs_Kingship_Over_You_and_Everything_Else_Follows_(03251988)/Friday Sermon Seek GODs Kingship Over You and Everything Else Follows (03251988).mp4,content/video/Friday_Sermon_Seek_GODs_Kingship_Over_You_and_Everything_Else_Follows_(03251988)/Friday Sermon Seek GODs Kingship Over You and Everything Else Follows (03251988).mp4,https://pub-f29cecbaf0f845e2b4565f356f98d18d.r2.dev/content/video/Friday_Sermon_Seek_GODs_Kingship_Over_You_and_Everything_Else_Follows_(03251988)/Friday%20Sermon%20Seek%20GODs%20Kingship%20Over%20You%20and%20Everything%20Else%20Follows%20(03251988).mp4,33701307,35c4a794965469f1a6a139a7005edde893f367aeb7a2db6b6d273842b72382e2,video/mp4,pending
video-program/Friday_Sermon_Seek_GODs_Kingship_Over_You_and_Everything_Else_Follows_(03251988),Videos,video-program,Friday Sermon: Seek GOD's Kingship Over You and Everything Else Follows (03/25/1988),transcript,content/video/Friday_Sermon_Seek_GODs_Kingship_Over_You_and_Everything_Else_Follows_(03251988)/Friday Sermon Seek GODs Kingship Over You and Everything Else Follows (03251988).en-US.vtt,content/video/Friday_Sermon_Seek_GODs_Kingship_Over_You_and_Everything_Else_Follows_(03251988)/Friday Sermon Seek GODs Kingship Over You and Everything Else Follows (03251988).en-US.vtt,https://pub-f29cecbaf0f845e2b4565f356f98d18d.r2.dev/content/video/Friday_Sermon_Seek_GODs_Kingship_Over_You_and_Everything_Else_Follows_(03251988)/Friday%20Sermon%20Seek%20GODs%20Kingship%20Over%20You%20and%20Everything%20Else%20Follows%20(03251988).en-US.vtt,18893,7504d6d9dd56afc3308cacf74ca6baaa90ecd6a3b1000a268eddd1f5cf3e1e49,text/vtt; charset=utf-8,pending
video-program/Friday_Sermon_Seek_GODs_Kingship_Over_You_and_Everything_Else_Follows_(03251988),Videos,video-program,Friday Sermon: Seek GOD's Kingship Over You and Everything Else Follows (03/25/1988),thumbnail,content/video/Friday_Sermon_Seek_GODs_Kingship_Over_You_and_Everything_Else_Follows_(03251988)/thumbnail.webp,content/video/Friday_Sermon_Seek_GODs_Kingship_Over_You_and_Everything_Else_Follows_(03251988)/thumbnail.webp,https://pub-f29cecbaf0f845e2b4565f356f98d18d.r2.dev/content/video/Friday_Sermon_Seek_GODs_Kingship_Over_You_and_Everything_Else_Follows_(03251988)/thumbnail.webp,5326,b857b8c17e2aa53a3b99c16ca71c07caa09ffad4f2c67ff2b6002de46f9d4e85,image/webp,pending
"video-program/Friday_Sermon_Marriage_Importance_of_Love,_Muhammads_Example_(04081988)",Videos,video-program,"Friday Sermon: Marriage Importance of Love, Muhammad's Example (04/08/1988)",media,"content/video/Friday_Sermon_Marriage_Importance_of_Love,_Muhammads_Example_(04081988)/Friday Sermon Marriage Importance of Love, Muhammads Example (04081988).mp4","content/video/Friday_Sermon_Marriage_Importance_of_Love,_Muhammads_Example_(04081988)/Friday Sermon Marriage Importance of Love, Muhammads Example (04081988).mp4",https://pub-f29cecbaf0f845e2b4565f356f98d18d.r2.dev/content/video/Friday_Sermon_Marriage_Importance_of_Love%2C_Muhammads_Example_(04081988)/Friday%20Sermon%20Marriage%20Importance%20of%20Love%2C%20Muhammads%20Example%20(04081988).mp4,64999474,47df20b286ca2157a6adb576bec6a8c3aa3e9b9e816120e985d6b183ca52b838,video/mp4,pending
"video-program/Friday_Sermon_Marriage_Importance_of_Love,_Muhammads_Example_(04081988)",Videos,video-program,"Friday Sermon: Marriage Importance of Love, Muhammad's Example (04/08/1988)",transcript,"content/video/Friday_Sermon_Marriage_Importance_of_Love,_Muhammads_Example_(04081988)/Friday Sermon Marriage Importance of Love, Muhammads Example (04081988).en-US.vtt","content/video/Friday_Sermon_Marriage_Importance_of_Love,_Muhammads_Example_(04081988)/Friday Sermon Marriage Importance of Love, Muhammads Example (04081988).en-US.vtt",https://pub-f29cecbaf0f845e2b4565f356f98d18d.r2.dev/content/video/Friday_Sermon_Marriage_Importance_of_Love%2C_Muhammads_Example_(04081988)/Friday%20Sermon%20Marriage%20Importance%20of%20Love%2C%20Muhammads%20Example%20(04081988).en-US.vtt,22106,65ebeb786e5b8edc4e1dd4871aa7a1f5902bac519dfb13163c87b55e34c0df34,text/vtt; charset=utf-8,pending
"video-program/Friday_Sermon_Marriage_Importance_of_Love,_Muhammads_Example_(04081988)",Videos,video-program,"Friday Sermon: Marriage Importance of Love, Muhammad's Example (04/08/1988)",thumbnail,"content/video/Friday_Sermon_Marriage_Importance_of_Love,_Muhammads_Example_(04081988)/thumbnail.webp","content/video/Friday_Sermon_Marriage_Importance_of_Love,_Muhammads_Example_(04081988)/thumbnail.webp",https://pub-f29cecbaf0f845e2b4565f356f98d18d.r2.dev/content/video/Friday_Sermon_Marriage_Importance_of_Love%2C_Muhammads_Example_(04081988)/thumbnail.webp,6620,84e6dc6b6e36fec0509b5630cac5e5c19bc9a9c7fcb103e1fb9e2fde1a4fee65,image/webp,pending
"video-program/Friday_Sermon_Proclaiming_Messengership,_Abrahams_Religion_(04151988)",Videos,video-program,"Friday Sermon: Proclaiming Messengership, Abraham's Religion (04/15/1988)",media,"content/video/Friday_Sermon_Proclaiming_Messengership,_Abrahams_Religion_(04151988)/Friday Sermon Proclaiming Messengership, Abrahams Religion (04151988).mp4","content/video/Friday_Sermon_Proclaiming_Messengership,_Abrahams_Religion_(04151988)/Friday Sermon Proclaiming Messengership, Abrahams Religion (04151988).mp4",https://pub-f29cecbaf0f845e2b4565f356f98d18d.r2.dev/content/video/Friday_Sermon_Proclaiming_Messengership%2C_Abrahams_Religion_(04151988)/Friday%20Sermon%20Proclaiming%20Messengership%2C%20Abrahams%20Religion%20(04151988).mp4,80276718,68ba35db8d4b232fe1d0c3699bde3a45be1d3c9b13523f46aa26846c94d9fb26,video/mp4,pending
"video-program/Friday_Sermon_Proclaiming_Messengership,_Abrahams_Religion_(04151988)",Videos,video-program,"Friday Sermon: Proclaiming Messengership, Abraham's Religion (04/15/1988)",transcript,"content/video/Friday_Sermon_Proclaiming_Messengership,_Abrahams_Religion_(04151988)/Friday Sermon Proclaiming Messengership, Abrahams Religion (04151988).en-US.vtt","content/video/Friday_Sermon_Proclaiming_Messengership,_Abrahams_Religion_(04151988)/Friday Sermon Proclaiming Messengership, Abrahams Religion (04151988).en-US.vtt",https://pub-f29cecbaf0f845e2b4565f356f98d18d.r2.dev/content/video/Friday_Sermon_Proclaiming_Messengership%2C_Abrahams_Religion_(04151988)/Friday%20Sermon%20Proclaiming%20Messengership%2C%20Abrahams%20Religion%20(04151988).en-US.vtt,30654,8f11676c951af237beee8ba24a27b0c759c41b8102195fd8060a1a768ffa5aa6,text/vtt; charset=utf-8,pending
"video-program/Friday_Sermon_Proclaiming_Messengership,_Abrahams_Religion_(04151988)",Videos,video-program,"Friday Sermon: Proclaiming Messengership, Abraham's Religion (04/15/1988)",thumbnail,"content/video/Friday_Sermon_Proclaiming_Messengership,_Abrahams_Religion_(04151988)/thumbnail.webp","content/video/Friday_Sermon_Proclaiming_Messengership,_Abrahams_Religion_(04151988)/thumbnail.webp",https://pub-f29cecbaf0f845e2b4565f356f98d18d.r2.dev/content/video/Friday_Sermon_Proclaiming_Messengership%2C_Abrahams_Religion_(04151988)/thumbnail.webp,9738,07b6d5b2e187b20fa038fe294e107144686340e6314350d2f93b1713f6e89332,image/webp,pending
video-program/Friday_Sermon_Rashad_Explains_His_Messengership_Details_(05161988),Videos,video-program,Friday Sermon: Rashad Explains His Messengership Details (05/16/1988),media,content/video/Friday_Sermon_Rashad_Explains_His_Messengership_Details_(05161988)/Friday Sermon Rashad Explains His Messengership Details (05161988).mp4,content/video/Friday_Sermon_Rashad_Explains_His_Messengership_Details_(05161988)/Friday Sermon Rashad Explains His Messengership Details (05161988).mp4,https://pub-f29cecbaf0f845e2b4565f356f98d18d.r2.dev/content/video/Friday_Sermon_Rashad_Explains_His_Messengership_Details_(05161988)/Friday%20Sermon%20Rashad%20Explains%20His%20Messengership%20Details%20(05161988).mp4,79767795,a77961ba2499221206294becafccbb50d452d8d97008e83adc0cebef9a1849bc,video/mp4,pending
video-program/Friday_Sermon_Rashad_Explains_His_Messengership_Details_(05161988),Videos,video-program,Friday Sermon: Rashad Explains His Messengership Details (05/16/1988),transcript,content/video/Friday_Sermon_Rashad_Explains_His_Messengership_Details_(05161988)/Friday Sermon Rashad Explains His Messengership Details (05161988).en-US.vtt,content/video/Friday_Sermon_Rashad_Explains_His_Messengership_Details_(05161988)/Friday Sermon Rashad Explains His Messengership Details (05161988).en-US.vtt,https://pub-f29cecbaf0f845e2b4565f356f98d18d.r2.dev/content/video/Friday_Sermon_Rashad_Explains_His_Messengership_Details_(05161988)/Friday%20Sermon%20Rashad%20Explains%20His%20Messengership%20Details%20(05161988).en-US.vtt,38030,3e278c5145e9d3c0195d08bc494f877e43a149c15320d2a863b1d6d40875fc65,text/vtt; charset=utf-8,pending
video-program/Friday_Sermon_Rashad_Explains_His_Messengership_Details_(05161988),Videos,video-program,Friday Sermon: Rashad Explains His Messengership Details (05/16/1988),thumbnail,content/video/Friday_Sermon_Rashad_Explains_His_Messengership_Details_(05161988)/thumbnail.webp,content/video/Friday_Sermon_Rashad_Explains_His_Messengership_Details_(05161988)/thumbnail.webp,https://pub-f29cecbaf0f845e2b4565f356f98d18d.r2.dev/content/video/Friday_Sermon_Rashad_Explains_His_Messengership_Details_(05161988)/thumbnail.webp,4572,67cad384b58774bd9bc6098c3cf8d8446413e1cb4e70350c7cb852b40b5c45f6,image/webp,pending
video-program/Friday_Sermon_Natural_Instinct_-_Who_is_The_Real_You_How_to_Find_Perfect_Happiness_(05271988),Videos,video-program,Friday Sermon: Natural Instinct - Who is The Real You? How to Find Perfect Happiness (05/27/1988),media,content/video/Friday_Sermon_Natural_Instinct_-_Who_is_The_Real_You_How_to_Find_Perfect_Happiness_(05271988)/Friday Sermon Natural Instinct - Who is The Real You How to Find Perfect Happiness (05271988).mp4,content/video/Friday_Sermon_Natural_Instinct_-_Who_is_The_Real_You_How_to_Find_Perfect_Happiness_(05271988)/Friday Sermon Natural Instinct - Who is The Real You How to Find Perfect Happiness (05271988).mp4,https://pub-f29cecbaf0f845e2b4565f356f98d18d.r2.dev/content/video/Friday_Sermon_Natural_Instinct_-_Who_is_The_Real_You_How_to_Find_Perfect_Happiness_(05271988)/Friday%20Sermon%20Natural%20Instinct%20-%20Who%20is%20The%20Real%20You%20How%20to%20Find%20Perfect%20Happiness%20(05271988).mp4,39691304,9572cb79e9d0e074882858f27bbcc507b6dfe09ed29983c37ccda297a8db92af,video/mp4,pending
video-program/Friday_Sermon_Natural_Instinct_-_Who_is_The_Real_You_How_to_Find_Perfect_Happiness_(05271988),Videos,video-program,Friday Sermon: Natural Instinct - Who is The Real You? How to Find Perfect Happiness (05/27/1988),transcript,content/video/Friday_Sermon_Natural_Instinct_-_Who_is_The_Real_You_How_to_Find_Perfect_Happiness_(05271988)/Friday Sermon Natural Instinct - Who is The Real You How to Find Perfect Happiness (05271988).en-US.vtt,content/video/Friday_Sermon_Natural_Instinct_-_Who_is_The_Real_You_How_to_Find_Perfect_Happiness_(05271988)/Friday Sermon Natural Instinct - Who is The Real You How to Find Perfect Happiness (05271988).en-US.vtt,https://pub-f29cecbaf0f845e2b4565f356f98d18d.r2.dev/content/video/Friday_Sermon_Natural_Instinct_-_Who_is_The_Real_You_How_to_Find_Perfect_Happiness_(05271988)/Friday%20Sermon%20Natural%20Instinct%20-%20Who%20is%20The%20Real%20You%20How%20to%20Find%20Perfect%20Happiness%20(05271988).en-US.vtt,15999,8f2b342a2d1eefb91e299fbb183a510c89c9cd6e78a6bf51d76282605ae2c81c,text/vtt; charset=utf-8,pending
video-program/Friday_Sermon_Natural_Instinct_-_Who_is_The_Real_You_How_to_Find_Perfect_Happiness_(05271988),Videos,video-program,Friday Sermon: Natural Instinct - Who is The Real You? How to Find Perfect Happiness (05/27/1988),thumbnail,content/video/Friday_Sermon_Natural_Instinct_-_Who_is_The_Real_You_How_to_Find_Perfect_Happiness_(05271988)/thumbnail.webp,content/video/Friday_Sermon_Natural_Instinct_-_Who_is_The_Real_You_How_to_Find_Perfect_Happiness_(05271988)/thumbnail.webp,https://pub-f29cecbaf0f845e2b4565f356f98d18d.r2.dev/content/video/Friday_Sermon_Natural_Instinct_-_Who_is_The_Real_You_How_to_Find_Perfect_Happiness_(05271988)/thumbnail.webp,5914,fbd4e3e1b6710e0e857dc09c2adf550065349765c26d43f3f50a8a96d4a04c35,image/webp,pending
"video-program/Friday_Sermon_The_Meaning_of_Life,_Discovering_the_Miracle_(07151988)",Videos,video-program,"Friday Sermon: The Meaning of Life, Discovering the Miracle (07/15/1988)",media,"content/video/Friday_Sermon_The_Meaning_of_Life,_Discovering_the_Miracle_(07151988)/Friday Sermon The Meaning of Life, Discovering the Miracle (07151988).mp4","content/video/Friday_Sermon_The_Meaning_of_Life,_Discovering_the_Miracle_(07151988)/Friday Sermon The Meaning of Life, Discovering the Miracle (07151988).mp4",https://pub-f29cecbaf0f845e2b4565f356f98d18d.r2.dev/content/video/Friday_Sermon_The_Meaning_of_Life%2C_Discovering_the_Miracle_(07151988)/Friday%20Sermon%20The%20Meaning%20of%20Life%2C%20Discovering%20the%20Miracle%20(07151988).mp4,55088685,0b2c4aeb2399d7cd8f0e5989d2981038d77220fe0d9127fc87af8961cffe24f1,video/mp4,pending
"video-program/Friday_Sermon_The_Meaning_of_Life,_Discovering_the_Miracle_(07151988)",Videos,video-program,"Friday Sermon: The Meaning of Life, Discovering the Miracle (07/15/1988)",transcript,"content/video/Friday_Sermon_The_Meaning_of_Life,_Discovering_the_Miracle_(07151988)/Friday Sermon The Meaning of Life, Discovering the Miracle (07151988).en-US.vtt","content/video/Friday_Sermon_The_Meaning_of_Life,_Discovering_the_Miracle_(07151988)/Friday Sermon The Meaning of Life, Discovering the Miracle (07151988).en-US.vtt",https://pub-f29cecbaf0f845e2b4565f356f98d18d.r2.dev/content/video/Friday_Sermon_The_Meaning_of_Life%2C_Discovering_the_Miracle_(07151988)/Friday%20Sermon%20The%20Meaning%20of%20Life%2C%20Discovering%20the%20Miracle%20(07151988).en-US.vtt,23080,627b64db48f50d6f0c93aec01906707e9b79510d8b7260cb2eeec57f4196101d,text/vtt; charset=utf-8,pending
"video-program/Friday_Sermon_The_Meaning_of_Life,_Discovering_the_Miracle_(07151988)",Videos,video-program,"Friday Sermon: The Meaning of Life, Discovering the Miracle (07/15/1988)",thumbnail,"content/video/Friday_Sermon_The_Meaning_of_Life,_Discovering_the_Miracle_(07151988)/thumbnail.webp","content/video/Friday_Sermon_The_Meaning_of_Life,_Discovering_the_Miracle_(07151988)/thumbnail.webp",https://pub-f29cecbaf0f845e2b4565f356f98d18d.r2.dev/content/video/Friday_Sermon_The_Meaning_of_Life%2C_Discovering_the_Miracle_(07151988)/thumbnail.webp,5268,5a0dfc328e2119d27470d12f41ff7318d3ed42a30baa6986c476da8c3129ae90,image/webp,pending
video-program/Friday_Sermon_Who_is_Your_GOD_Majority_of_Believers_Are_Going_to_Hell_(10281988),Videos,video-program,Friday Sermon: Who is Your GOD? Majority of Believers Are Going to Hell (10/28/1988),media,content/video/Friday_Sermon_Who_is_Your_GOD_Majority_of_Believers_Are_Going_to_Hell_(10281988)/Friday Sermon Who is Your GOD Majority of Believers Are Going to Hell (10281988).mp4,content/video/Friday_Sermon_Who_is_Your_GOD_Majority_of_Believers_Are_Going_to_Hell_(10281988)/Friday Sermon Who is Your GOD Majority of Believers Are Going to Hell (10281988).mp4,https://pub-f29cecbaf0f845e2b4565f356f98d18d.r2.dev/content/video/Friday_Sermon_Who_is_Your_GOD_Majority_of_Believers_Are_Going_to_Hell_(10281988)/Friday%20Sermon%20Who%20is%20Your%20GOD%20Majority%20of%20Believers%20Are%20Going%20to%20Hell%20(10281988).mp4,73969886,c6a8857fa8e5227c2b73d17851da36697ed85dc3c8e76d496f89664b6358d99f,video/mp4,pending
video-program/Friday_Sermon_Who_is_Your_GOD_Majority_of_Believers_Are_Going_to_Hell_(10281988),Videos,video-program,Friday Sermon: Who is Your GOD? Majority of Believers Are Going to Hell (10/28/1988),transcript,content/video/Friday_Sermon_Who_is_Your_GOD_Majority_of_Believers_Are_Going_to_Hell_(10281988)/Friday Sermon Who is Your GOD Majority of Believers Are Going to Hell (10281988).en-US.vtt,content/video/Friday_Sermon_Who_is_Your_GOD_Majority_of_Believers_Are_Going_to_Hell_(10281988)/Friday Sermon Who is Your GOD Majority of Believers Are Going to Hell (10281988).en-US.vtt,https://pub-f29cecbaf0f845e2b4565f356f98d18d.r2.dev/content/video/Friday_Sermon_Who_is_Your_GOD_Majority_of_Believers_Are_Going_to_Hell_(10281988)/Friday%20Sermon%20Who%20is%20Your%20GOD%20Majority%20of%20Believers%20Are%20Going%20to%20Hell%20(10281988).en-US.vtt,22729,e7748033b4603c72b22435bc21b916b4b6229563d16448d8840360b2689f8149,text/vtt; charset=utf-8,pending
video-program/Friday_Sermon_Who_is_Your_GOD_Majority_of_Believers_Are_Going_to_Hell_(10281988),Videos,video-program,Friday Sermon: Who is Your GOD? Majority of Believers Are Going to Hell (10/28/1988),thumbnail,content/video/Friday_Sermon_Who_is_Your_GOD_Majority_of_Believers_Are_Going_to_Hell_(10281988)/thumbnail.webp,content/video/Friday_Sermon_Who_is_Your_GOD_Majority_of_Believers_Are_Going_to_Hell_(10281988)/thumbnail.webp,https://pub-f29cecbaf0f845e2b4565f356f98d18d.r2.dev/content/video/Friday_Sermon_Who_is_Your_GOD_Majority_of_Believers_Are_Going_to_Hell_(10281988)/thumbnail.webp,5478,4d7b8a641ca2695d2df1315e771a1aaa74dcc20153b98e638de5c677384e2ae5,image/webp,pending
"video-program/Friday_Sermon_Classification_of_Creatures,_Loving_GOD,_Hell_is_not_Enough_(12091988)",Videos,video-program,"Friday Sermon: Classification of Creatures, Loving GOD, Hell is not Enough (12/09/1988)",media,"content/video/Friday_Sermon_Classification_of_Creatures,_Loving_GOD,_Hell_is_not_Enough_(12091988)/Friday Sermon Classification of Creatures, Loving GOD, Hell is not Enough (12091988).mp4","content/video/Friday_Sermon_Classification_of_Creatures,_Loving_GOD,_Hell_is_not_Enough_(12091988)/Friday Sermon Classification of Creatures, Loving GOD, Hell is not Enough (12091988).mp4",https://pub-f29cecbaf0f845e2b4565f356f98d18d.r2.dev/content/video/Friday_Sermon_Classification_of_Creatures%2C_Loving_GOD%2C_Hell_is_not_Enough_(12091988)/Friday%20Sermon%20Classification%20of%20Creatures%2C%20Loving%20GOD%2C%20Hell%20is%20not%20Enough%20(12091988).mp4,47162011,7e41bf6c53434317a84d3c4b107d22fdc74035361d158d42bf676a3a1a107cb3,video/mp4,pending
"video-program/Friday_Sermon_Classification_of_Creatures,_Loving_GOD,_Hell_is_not_Enough_(12091988)",Videos,video-program,"Friday Sermon: Classification of Creatures, Loving GOD, Hell is not Enough (12/09/1988)",transcript,"content/video/Friday_Sermon_Classification_of_Creatures,_Loving_GOD,_Hell_is_not_Enough_(12091988)/Friday Sermon Classification of Creatures, Loving GOD, Hell is not Enough (12091988).en-US.vtt","content/video/Friday_Sermon_Classification_of_Creatures,_Loving_GOD,_Hell_is_not_Enough_(12091988)/Friday Sermon Classification of Creatures, Loving GOD, Hell is not Enough (12091988).en-US.vtt",https://pub-f29cecbaf0f845e2b4565f356f98d18d.r2.dev/content/video/Friday_Sermon_Classification_of_Creatures%2C_Loving_GOD%2C_Hell_is_not_Enough_(12091988)/Friday%20Sermon%20Classification%20of%20Creatures%2C%20Loving%20GOD%2C%20Hell%20is%20not%20Enough%20(12091988).en-US.vtt,21942,29c4f2fb9b1159e7afce495763a60cd2ad1063979df2aa370edd72452916fb90,text/vtt; charset=utf-8,pending
"video-program/Friday_Sermon_Classification_of_Creatures,_Loving_GOD,_Hell_is_not_Enough_(12091988)",Videos,video-program,"Friday Sermon: Classification of Creatures, Loving GOD, Hell is not Enough (12/09/1988)",thumbnail,"content/video/Friday_Sermon_Classification_of_Creatures,_Loving_GOD,_Hell_is_not_Enough_(12091988)/thumbnail.webp","content/video/Friday_Sermon_Classification_of_Creatures,_Loving_GOD,_Hell_is_not_Enough_(12091988)/thumbnail.webp",https://pub-f29cecbaf0f845e2b4565f356f98d18d.r2.dev/content/video/Friday_Sermon_Classification_of_Creatures%2C_Loving_GOD%2C_Hell_is_not_Enough_(12091988)/thumbnail.webp,5956,19a152edf523e225278473f396f3c02176b4af8b03d7ae13998c326dccb9afed,image/webp,pending
video-program/Friday_Sermon_What_About_Previous_Generations_(12301988),Videos,video-program,Friday Sermon: What About Previous Generations? (12/30/1988),media,content/video/Friday_Sermon_What_About_Previous_Generations_(12301988)/Friday Sermon What About Previous Generations (12301988).mp4,content/video/Friday_Sermon_What_About_Previous_Generations_(12301988)/Friday Sermon What About Previous Generations (12301988).mp4,https://pub-f29cecbaf0f845e2b4565f356f98d18d.r2.dev/content/video/Friday_Sermon_What_About_Previous_Generations_(12301988)/Friday%20Sermon%20What%20About%20Previous%20Generations%20(12301988).mp4,44296804,d50fa7714f2491dfa1ca113026ccb9d7527b8487f93c77f7a0749126376afef8,video/mp4,pending
video-program/Friday_Sermon_What_About_Previous_Generations_(12301988),Videos,video-program,Friday Sermon: What About Previous Generations? (12/30/1988),transcript,content/video/Friday_Sermon_What_About_Previous_Generations_(12301988)/Friday Sermon What About Previous Generations (12301988).en-US.vtt,content/video/Friday_Sermon_What_About_Previous_Generations_(12301988)/Friday Sermon What About Previous Generations (12301988).en-US.vtt,https://pub-f29cecbaf0f845e2b4565f356f98d18d.r2.dev/content/video/Friday_Sermon_What_About_Previous_Generations_(12301988)/Friday%20Sermon%20What%20About%20Previous%20Generations%20(12301988).en-US.vtt,18805,bd0dad1dd10aa53c62732bb0a29a41c1ce8b80c48e3202a1b51120ec6631bc60,text/vtt; charset=utf-8,pending
video-program/Friday_Sermon_What_About_Previous_Generations_(12301988),Videos,video-program,Friday Sermon: What About Previous Generations? (12/30/1988),thumbnail,content/video/Friday_Sermon_What_About_Previous_Generations_(12301988)/thumbnail.webp,content/video/Friday_Sermon_What_About_Previous_Generations_(12301988)/thumbnail.webp,https://pub-f29cecbaf0f845e2b4565f356f98d18d.r2.dev/content/video/Friday_Sermon_What_About_Previous_Generations_(12301988)/thumbnail.webp,5246,67157d783f5b643d8a86c3304e3527d35d45bfa0b2085a4861f6d67d746c9306,image/webp,pending
"video-program/Friday_Sermon_Remember_GOD_Constantly,_Submitter_vs_Objector_(01131989)",Videos,video-program,"Friday Sermon: Remember GOD Constantly, Submitter vs Objector (01/13/1989)",media,"content/video/Friday_Sermon_Remember_GOD_Constantly,_Submitter_vs_Objector_(01131989)/Friday Sermon Remember GOD Constantly, Submitter vs Objector (01131989).mp4","content/video/Friday_Sermon_Remember_GOD_Constantly,_Submitter_vs_Objector_(01131989)/Friday Sermon Remember GOD Constantly, Submitter vs Objector (01131989).mp4",https://pub-f29cecbaf0f845e2b4565f356f98d18d.r2.dev/content/video/Friday_Sermon_Remember_GOD_Constantly%2C_Submitter_vs_Objector_(01131989)/Friday%20Sermon%20Remember%20GOD%20Constantly%2C%20Submitter%20vs%20Objector%20(01131989).mp4,39212705,2c81732e66a9043c56b985549332d6478bae5bea4b5179cb9f4c21252edf41e5,video/mp4,pending
"video-program/Friday_Sermon_Remember_GOD_Constantly,_Submitter_vs_Objector_(01131989)",Videos,video-program,"Friday Sermon: Remember GOD Constantly, Submitter vs Objector (01/13/1989)",transcript,"content/video/Friday_Sermon_Remember_GOD_Constantly,_Submitter_vs_Objector_(01131989)/Friday Sermon Remember GOD Constantly, Submitter vs Objector (01131989).en-US.vtt","content/video/Friday_Sermon_Remember_GOD_Constantly,_Submitter_vs_Objector_(01131989)/Friday Sermon Remember GOD Constantly, Submitter vs Objector (01131989).en-US.vtt",https://pub-f29cecbaf0f845e2b4565f356f98d18d.r2.dev/content/video/Friday_Sermon_Remember_GOD_Constantly%2C_Submitter_vs_Objector_(01131989)/Friday%20Sermon%20Remember%20GOD%20Constantly%2C%20Submitter%20vs%20Objector%20(01131989).en-US.vtt,19232,b6a49fe8fc979f98e0ad8eb410fecbacbd9899faa9ff0c7a9cd97fa3c7513c05,text/vtt; charset=utf-8,pending
"video-program/Friday_Sermon_Remember_GOD_Constantly,_Submitter_vs_Objector_(01131989)",Videos,video-program,"Friday Sermon: Remember GOD Constantly, Submitter vs Objector (01/13/1989)",thumbnail,"content/video/Friday_Sermon_Remember_GOD_Constantly,_Submitter_vs_Objector_(01131989)/thumbnail.webp","content/video/Friday_Sermon_Remember_GOD_Constantly,_Submitter_vs_Objector_(01131989)/thumbnail.webp",https://pub-f29cecbaf0f845e2b4565f356f98d18d.r2.dev/content/video/Friday_Sermon_Remember_GOD_Constantly%2C_Submitter_vs_Objector_(01131989)/thumbnail.webp,4782,d8d2f2e289f5c87c97cfc88f64eda1785a1c2e0047ed0a13c7560a1706f99a8f,image/webp,pending
"video-program/Friday_Sermon_Revelation_of_Quran_to_Revelation_of_Miracle,_Importance_of_Dawn_Prayer_(02031989)",Videos,video-program,"Friday Sermon: Revelation of Quran to Revelation of Miracle, Importance of Dawn Prayer (02/03/1989)",media,"content/video/Friday_Sermon_Revelation_of_Quran_to_Revelation_of_Miracle,_Importance_of_Dawn_Prayer_(02031989)/Friday Sermon Revelation of Quran to Revelation of Miracle, Importance of Dawn Prayer (02031989).mp4","content/video/Friday_Sermon_Revelation_of_Quran_to_Revelation_of_Miracle,_Importance_of_Dawn_Prayer_(02031989)/Friday Sermon Revelation of Quran to Revelation of Miracle, Importance of Dawn Prayer (02031989).mp4",https://pub-f29cecbaf0f845e2b4565f356f98d18d.r2.dev/content/video/Friday_Sermon_Revelation_of_Quran_to_Revelation_of_Miracle%2C_Importance_of_Dawn_Prayer_(02031989)/Friday%20Sermon%20Revelation%20of%20Quran%20to%20Revelation%20of%20Miracle%2C%20Importance%20of%20Dawn%20Prayer%20(02031989).mp4,59583004,b373ce4658002c68eaea254f63c3e746eddd5c4a4afe391cd6e6b2c4ff4a94d5,video/mp4,pending
"video-program/Friday_Sermon_Revelation_of_Quran_to_Revelation_of_Miracle,_Importance_of_Dawn_Prayer_(02031989)",Videos,video-program,"Friday Sermon: Revelation of Quran to Revelation of Miracle, Importance of Dawn Prayer (02/03/1989)",transcript,"content/video/Friday_Sermon_Revelation_of_Quran_to_Revelation_of_Miracle,_Importance_of_Dawn_Prayer_(02031989)/Friday Sermon Revelation of Quran to Revelation of Miracle, Importance of Dawn Prayer (02031989).en-US.vtt","content/video/Friday_Sermon_Revelation_of_Quran_to_Revelation_of_Miracle,_Importance_of_Dawn_Prayer_(02031989)/Friday Sermon Revelation of Quran to Revelation of Miracle, Importance of Dawn Prayer (02031989).en-US.vtt",https://pub-f29cecbaf0f845e2b4565f356f98d18d.r2.dev/content/video/Friday_Sermon_Revelation_of_Quran_to_Revelation_of_Miracle%2C_Importance_of_Dawn_Prayer_(02031989)/Friday%20Sermon%20Revelation%20of%20Quran%20to%20Revelation%20of%20Miracle%2C%20Importance%20of%20Dawn%20Prayer%20(02031989).en-US.vtt,25576,a3790f439fad4493c3d1117a3ea76ea33ba5a232a476f96f1f905c23b1f71b43,text/vtt; charset=utf-8,pending
"video-program/Friday_Sermon_Revelation_of_Quran_to_Revelation_of_Miracle,_Importance_of_Dawn_Prayer_(02031989)",Videos,video-program,"Friday Sermon: Revelation of Quran to Revelation of Miracle, Importance of Dawn Prayer (02/03/1989)",thumbnail,"content/video/Friday_Sermon_Revelation_of_Quran_to_Revelation_of_Miracle,_Importance_of_Dawn_Prayer_(02031989)/thumbnail.webp","content/video/Friday_Sermon_Revelation_of_Quran_to_Revelation_of_Miracle,_Importance_of_Dawn_Prayer_(02031989)/thumbnail.webp",https://pub-f29cecbaf0f845e2b4565f356f98d18d.r2.dev/content/video/Friday_Sermon_Revelation_of_Quran_to_Revelation_of_Miracle%2C_Importance_of_Dawn_Prayer_(02031989)/thumbnail.webp,5442,d3bd2ec48e2ca8255e9ef1acbabf978cf015e191f7e39379886d8916f64e9bf7,image/webp,pending
"video-program/Friday_Sermon_Original_Sin,_Only_GOD_Guides,_Majority_of_Believers_Are_Going_to_Hell_(03031989)",Videos,video-program,"Friday Sermon: Original Sin, Only GOD Guides, Majority of Believers Are Going to Hell (03/03/1989)",media,"content/video/Friday_Sermon_Original_Sin,_Only_GOD_Guides,_Majority_of_Believers_Are_Going_to_Hell_(03031989)/Friday Sermon Original Sin, Only GOD Guides, Majority of Believers Are Going to Hell (03031989).mp4","content/video/Friday_Sermon_Original_Sin,_Only_GOD_Guides,_Majority_of_Believers_Are_Going_to_Hell_(03031989)/Friday Sermon Original Sin, Only GOD Guides, Majority of Believers Are Going to Hell (03031989).mp4",https://pub-f29cecbaf0f845e2b4565f356f98d18d.r2.dev/content/video/Friday_Sermon_Original_Sin%2C_Only_GOD_Guides%2C_Majority_of_Believers_Are_Going_to_Hell_(03031989)/Friday%20Sermon%20Original%20Sin%2C%20Only%20GOD%20Guides%2C%20Majority%20of%20Believers%20Are%20Going%20to%20Hell%20(03031989).mp4,42103372,f9174a981a185857b283c90609b9bf05295a87159d10f2796571c20f1705de28,video/mp4,pending
"video-program/Friday_Sermon_Original_Sin,_Only_GOD_Guides,_Majority_of_Believers_Are_Going_to_Hell_(03031989)",Videos,video-program,"Friday Sermon: Original Sin, Only GOD Guides, Majority of Believers Are Going to Hell (03/03/1989)",transcript,"content/video/Friday_Sermon_Original_Sin,_Only_GOD_Guides,_Majority_of_Believers_Are_Going_to_Hell_(03031989)/Friday Sermon Original Sin, Only GOD Guides, Majority of Believers Are Going to Hell (03031989).en-US.vtt","content/video/Friday_Sermon_Original_Sin,_Only_GOD_Guides,_Majority_of_Believers_Are_Going_to_Hell_(03031989)/Friday Sermon Original Sin, Only GOD Guides, Majority of Believers Are Going to Hell (03031989).en-US.vtt",https://pub-f29cecbaf0f845e2b4565f356f98d18d.r2.dev/content/video/Friday_Sermon_Original_Sin%2C_Only_GOD_Guides%2C_Majority_of_Believers_Are_Going_to_Hell_(03031989)/Friday%20Sermon%20Original%20Sin%2C%20Only%20GOD%20Guides%2C%20Majority%20of%20Believers%20Are%20Going%20to%20Hell%20(03031989).en-US.vtt,21264,29db79f9e519ef854076a492ebc0b68f36575c00ba06b8a823bad9b9870f766a,text/vtt; charset=utf-8,pending
"video-program/Friday_Sermon_Original_Sin,_Only_GOD_Guides,_Majority_of_Believers_Are_Going_to_Hell_(03031989)",Videos,video-program,"Friday Sermon: Original Sin, Only GOD Guides, Majority of Believers Are Going to Hell (03/03/1989)",thumbnail,"content/video/Friday_Sermon_Original_Sin,_Only_GOD_Guides,_Majority_of_Believers_Are_Going_to_Hell_(03031989)/thumbnail.webp","content/video/Friday_Sermon_Original_Sin,_Only_GOD_Guides,_Majority_of_Believers_Are_Going_to_Hell_(03031989)/thumbnail.webp",https://pub-f29cecbaf0f845e2b4565f356f98d18d.r2.dev/content/video/Friday_Sermon_Original_Sin%2C_Only_GOD_Guides%2C_Majority_of_Believers_Are_Going_to_Hell_(03031989)/thumbnail.webp,4498,2e63235129525c2d6cf9e472717c07ce1d0a0c751bdec41c6a0a408970d0b147,image/webp,pending
"video-program/Friday_Sermon_Purpose_of_Messengers,_The_Advent_of_the_Pure_Quran_(03171989)",Videos,video-program,"Friday Sermon: Purpose of Messengers, The Advent of the Pure Quran (03/17/1989)",media,"content/video/Friday_Sermon_Purpose_of_Messengers,_The_Advent_of_the_Pure_Quran_(03171989)/Friday Sermon Purpose of Messengers, The Advent of the Pure Quran (03171989).mp4","content/video/Friday_Sermon_Purpose_of_Messengers,_The_Advent_of_the_Pure_Quran_(03171989)/Friday Sermon Purpose of Messengers, The Advent of the Pure Quran (03171989).mp4",https://pub-f29cecbaf0f845e2b4565f356f98d18d.r2.dev/content/video/Friday_Sermon_Purpose_of_Messengers%2C_The_Advent_of_the_Pure_Quran_(03171989)/Friday%20Sermon%20Purpose%20of%20Messengers%2C%20The%20Advent%20of%20the%20Pure%20Quran%20(03171989).mp4,73684910,1b4d2c9f142cb7129ef164436c8365565c70382b6846b088a1060c6771f01a4a,video/mp4,pending
"video-program/Friday_Sermon_Purpose_of_Messengers,_The_Advent_of_the_Pure_Quran_(03171989)",Videos,video-program,"Friday Sermon: Purpose of Messengers, The Advent of the Pure Quran (03/17/1989)",transcript,"content/video/Friday_Sermon_Purpose_of_Messengers,_The_Advent_of_the_Pure_Quran_(03171989)/Friday Sermon Purpose of Messengers, The Advent of the Pure Quran (03171989).en-US.vtt","content/video/Friday_Sermon_Purpose_of_Messengers,_The_Advent_of_the_Pure_Quran_(03171989)/Friday Sermon Purpose of Messengers, The Advent of the Pure Quran (03171989).en-US.vtt",https://pub-f29cecbaf0f845e2b4565f356f98d18d.r2.dev/content/video/Friday_Sermon_Purpose_of_Messengers%2C_The_Advent_of_the_Pure_Quran_(03171989)/Friday%20Sermon%20Purpose%20of%20Messengers%2C%20The%20Advent%20of%20the%20Pure%20Quran%20(03171989).en-US.vtt,28678,dbc9db4302901164a015c83bd9cb19e3f22ec1e0878f3c1fe3f984a7a4cafb64,text/vtt; charset=utf-8,pending
"video-program/Friday_Sermon_Purpose_of_Messengers,_The_Advent_of_the_Pure_Quran_(03171989)",Videos,video-program,"Friday Sermon: Purpose of Messengers, The Advent of the Pure Quran (03/17/1989)",thumbnail,"content/video/Friday_Sermon_Purpose_of_Messengers,_The_Advent_of_the_Pure_Quran_(03171989)/thumbnail.webp","content/video/Friday_Sermon_Purpose_of_Messengers,_The_Advent_of_the_Pure_Quran_(03171989)/thumbnail.webp",https://pub-f29cecbaf0f845e2b4565f356f98d18d.r2.dev/content/video/Friday_Sermon_Purpose_of_Messengers%2C_The_Advent_of_the_Pure_Quran_(03171989)/thumbnail.webp,6416,3b3dff8edd3dae73fc5310bd919d7fb332356fd2dac9f22e818335e4b9be7c26,image/webp,pending
video-program/Friday_Sermon_Why_Announce_Messengership_(08111989),Videos,video-program,Friday Sermon: Why Announce Messengership? (08/11/1989),media,content/video/Friday_Sermon_Why_Announce_Messengership_(08111989)/Friday Sermon Why Announce Messengership (08111989).mp4,content/video/Friday_Sermon_Why_Announce_Messengership_(08111989)/Friday Sermon Why Announce Messengership (08111989).mp4,https://pub-f29cecbaf0f845e2b4565f356f98d18d.r2.dev/content/video/Friday_Sermon_Why_Announce_Messengership_(08111989)/Friday%20Sermon%20Why%20Announce%20Messengership%20(08111989).mp4,56678048,6566bce9a673989965fb752c6cc4bc29fb68e1ce242d2bf6ec82325367ccaa80,video/mp4,pending
video-program/Friday_Sermon_Why_Announce_Messengership_(08111989),Videos,video-program,Friday Sermon: Why Announce Messengership? (08/11/1989),transcript,content/video/Friday_Sermon_Why_Announce_Messengership_(08111989)/Friday Sermon Why Announce Messengership (08111989).en-US.vtt,content/video/Friday_Sermon_Why_Announce_Messengership_(08111989)/Friday Sermon Why Announce Messengership (08111989).en-US.vtt,https://pub-f29cecbaf0f845e2b4565f356f98d18d.r2.dev/content/video/Friday_Sermon_Why_Announce_Messengership_(08111989)/Friday%20Sermon%20Why%20Announce%20Messengership%20(08111989).en-US.vtt,29788,eaae603c0d8da262f72b0b3cf37ea2dc314f16ddb10419ac6758c849346aa7d6,text/vtt; charset=utf-8,pending
video-program/Friday_Sermon_Why_Announce_Messengership_(08111989),Videos,video-program,Friday Sermon: Why Announce Messengership? (08/11/1989),thumbnail,content/video/Friday_Sermon_Why_Announce_Messengership_(08111989)/thumbnail.webp,content/video/Friday_Sermon_Why_Announce_Messengership_(08111989)/thumbnail.webp,https://pub-f29cecbaf0f845e2b4565f356f98d18d.r2.dev/content/video/Friday_Sermon_Why_Announce_Messengership_(08111989)/thumbnail.webp,5478,cc9bc62fc97304cd20b786594cb08ea742c925ccb066279438dd5245b04ef930,image/webp,pending
"video-program/Friday_Sermon_Proving_Every_Verse,_Word,_Letter,_with_Irrefutable_Evidence_(11091989)",Videos,video-program,"Friday Sermon: Proving Every Verse, Word, Letter, with Irrefutable Evidence (11/09/1989)",media,"content/video/Friday_Sermon_Proving_Every_Verse,_Word,_Letter,_with_Irrefutable_Evidence_(11091989)/Friday Sermon Proving Every Verse, Word, Letter, with Irrefutable Evidence (11091989).mp4","content/video/Friday_Sermon_Proving_Every_Verse,_Word,_Letter,_with_Irrefutable_Evidence_(11091989)/Friday Sermon Proving Every Verse, Word, Letter, with Irrefutable Evidence (11091989).mp4",https://pub-f29cecbaf0f845e2b4565f356f98d18d.r2.dev/content/video/Friday_Sermon_Proving_Every_Verse%2C_Word%2C_Letter%2C_with_Irrefutable_Evidence_(11091989)/Friday%20Sermon%20Proving%20Every%20Verse%2C%20Word%2C%20Letter%2C%20with%20Irrefutable%20Evidence%20(11091989).mp4,60246600,9b5375fb2c3919f1792db1a78355d23a065a3752df39053a9206e8f31402df37,video/mp4,pending
"video-program/Friday_Sermon_Proving_Every_Verse,_Word,_Letter,_with_Irrefutable_Evidence_(11091989)",Videos,video-program,"Friday Sermon: Proving Every Verse, Word, Letter, with Irrefutable Evidence (11/09/1989)",transcript,"content/video/Friday_Sermon_Proving_Every_Verse,_Word,_Letter,_with_Irrefutable_Evidence_(11091989)/Friday Sermon Proving Every Verse, Word, Letter, with Irrefutable Evidence (11091989).en-US.vtt","content/video/Friday_Sermon_Proving_Every_Verse,_Word,_Letter,_with_Irrefutable_Evidence_(11091989)/Friday Sermon Proving Every Verse, Word, Letter, with Irrefutable Evidence (11091989).en-US.vtt",https://pub-f29cecbaf0f845e2b4565f356f98d18d.r2.dev/content/video/Friday_Sermon_Proving_Every_Verse%2C_Word%2C_Letter%2C_with_Irrefutable_Evidence_(11091989)/Friday%20Sermon%20Proving%20Every%20Verse%2C%20Word%2C%20Letter%2C%20with%20Irrefutable%20Evidence%20(11091989).en-US.vtt,25145,ec840005af6274e20ea87e76be7467ee5b93b058e213be81890c70dd2e9c402c,text/vtt; charset=utf-8,pending
"video-program/Friday_Sermon_Proving_Every_Verse,_Word,_Letter,_with_Irrefutable_Evidence_(11091989)",Videos,video-program,"Friday Sermon: Proving Every Verse, Word, Letter, with Irrefutable Evidence (11/09/1989)",thumbnail,"content/video/Friday_Sermon_Proving_Every_Verse,_Word,_Letter,_with_Irrefutable_Evidence_(11091989)/thumbnail.webp","content/video/Friday_Sermon_Proving_Every_Verse,_Word,_Letter,_with_Irrefutable_Evidence_(11091989)/thumbnail.webp",https://pub-f29cecbaf0f845e2b4565f356f98d18d.r2.dev/content/video/Friday_Sermon_Proving_Every_Verse%2C_Word%2C_Letter%2C_with_Irrefutable_Evidence_(11091989)/thumbnail.webp,5372,ee4c7a02725b22644ac5748f5568c25ad3835cf3a6af113893ea90034b611545,image/webp,pending
"video-program/Friday_Sermon_The_Heavenly_Feud,_The_Importance_of_Killing_the_Ego_(11291989)",Videos,video-program,"Friday Sermon: The Heavenly Feud, The Importance of Killing the Ego (11/29/1989)",media,"content/video/Friday_Sermon_The_Heavenly_Feud,_The_Importance_of_Killing_the_Ego_(11291989)/Friday Sermon The Heavenly Feud, The Importance of Killing the Ego (11291989).mp4","content/video/Friday_Sermon_The_Heavenly_Feud,_The_Importance_of_Killing_the_Ego_(11291989)/Friday Sermon The Heavenly Feud, The Importance of Killing the Ego (11291989).mp4",https://pub-f29cecbaf0f845e2b4565f356f98d18d.r2.dev/content/video/Friday_Sermon_The_Heavenly_Feud%2C_The_Importance_of_Killing_the_Ego_(11291989)/Friday%20Sermon%20The%20Heavenly%20Feud%2C%20The%20Importance%20of%20Killing%20the%20Ego%20(11291989).mp4,56677155,33767966965b9bfc6252f4f68bdbbb5847f25bb7b1a7d1f288c11159ec4f5c3b,video/mp4,pending
"video-program/Friday_Sermon_The_Heavenly_Feud,_The_Importance_of_Killing_the_Ego_(11291989)",Videos,video-program,"Friday Sermon: The Heavenly Feud, The Importance of Killing the Ego (11/29/1989)",transcript,"content/video/Friday_Sermon_The_Heavenly_Feud,_The_Importance_of_Killing_the_Ego_(11291989)/Friday Sermon The Heavenly Feud, The Importance of Killing the Ego (11291989).en-US.vtt","content/video/Friday_Sermon_The_Heavenly_Feud,_The_Importance_of_Killing_the_Ego_(11291989)/Friday Sermon The Heavenly Feud, The Importance of Killing the Ego (11291989).en-US.vtt",https://pub-f29cecbaf0f845e2b4565f356f98d18d.r2.dev/content/video/Friday_Sermon_The_Heavenly_Feud%2C_The_Importance_of_Killing_the_Ego_(11291989)/Friday%20Sermon%20The%20Heavenly%20Feud%2C%20The%20Importance%20of%20Killing%20the%20Ego%20(11291989).en-US.vtt,29164,1049bad8ea09395cc7d8aec8e1a36c14029cc2c9e4dabde7fb6c819afd5e00e6,text/vtt; charset=utf-8,pending
"video-program/Friday_Sermon_The_Heavenly_Feud,_The_Importance_of_Killing_the_Ego_(11291989)",Videos,video-program,"Friday Sermon: The Heavenly Feud, The Importance of Killing the Ego (11/29/1989)",thumbnail,"content/video/Friday_Sermon_The_Heavenly_Feud,_The_Importance_of_Killing_the_Ego_(11291989)/thumbnail.webp","content/video/Friday_Sermon_The_Heavenly_Feud,_The_Importance_of_Killing_the_Ego_(11291989)/thumbnail.webp",https://pub-f29cecbaf0f845e2b4565f356f98d18d.r2.dev/content/video/Friday_Sermon_The_Heavenly_Feud%2C_The_Importance_of_Killing_the_Ego_(11291989)/thumbnail.webp,6066,d0220b1ed845fc4ca16493c850cb61ff5efd5715bf4c881eef1a6a0874fad540,image/webp,pending
"video-program/Friday_Sermon_Proving_Salat_al-Jummah,_The_Righteous_Go_Straight_to_Heaven_(11261989)",Videos,video-program,"Friday Sermon: Proving Salat al-Jummah, The Righteous Go Straight to Heaven (11/26/1989)",media,"content/video/Friday_Sermon_Proving_Salat_al-Jummah,_The_Righteous_Go_Straight_to_Heaven_(11261989)/Friday Sermon Proving Salat al-Jummah, The Righteous Go Straight to Heaven (11261989).mp4","content/video/Friday_Sermon_Proving_Salat_al-Jummah,_The_Righteous_Go_Straight_to_Heaven_(11261989)/Friday Sermon Proving Salat al-Jummah, The Righteous Go Straight to Heaven (11261989).mp4",https://pub-f29cecbaf0f845e2b4565f356f98d18d.r2.dev/content/video/Friday_Sermon_Proving_Salat_al-Jummah%2C_The_Righteous_Go_Straight_to_Heaven_(11261989)/Friday%20Sermon%20Proving%20Salat%20al-Jummah%2C%20The%20Righteous%20Go%20Straight%20to%20Heaven%20(11261989).mp4,55025372,d901731d6b3ef18d522aac2437006e2c6a57ad381ae676a93c3fe8bac0272145,video/mp4,pending
"video-program/Friday_Sermon_Proving_Salat_al-Jummah,_The_Righteous_Go_Straight_to_Heaven_(11261989)",Videos,video-program,"Friday Sermon: Proving Salat al-Jummah, The Righteous Go Straight to Heaven (11/26/1989)",transcript,"content/video/Friday_Sermon_Proving_Salat_al-Jummah,_The_Righteous_Go_Straight_to_Heaven_(11261989)/Friday Sermon Proving Salat al-Jummah, The Righteous Go Straight to Heaven (11261989).en-US.vtt","content/video/Friday_Sermon_Proving_Salat_al-Jummah,_The_Righteous_Go_Straight_to_Heaven_(11261989)/Friday Sermon Proving Salat al-Jummah, The Righteous Go Straight to Heaven (11261989).en-US.vtt",https://pub-f29cecbaf0f845e2b4565f356f98d18d.r2.dev/content/video/Friday_Sermon_Proving_Salat_al-Jummah%2C_The_Righteous_Go_Straight_to_Heaven_(11261989)/Friday%20Sermon%20Proving%20Salat%20al-Jummah%2C%20The%20Righteous%20Go%20Straight%20to%20Heaven%20(11261989).en-US.vtt,24959,87d5185b49e22d89fe0cbba0c3b70af5b7975cd32a5c60f253cf0f5dac3a0f2e,text/vtt; charset=utf-8,pending
"video-program/Friday_Sermon_Proving_Salat_al-Jummah,_The_Righteous_Go_Straight_to_Heaven_(11261989)",Videos,video-program,"Friday Sermon: Proving Salat al-Jummah, The Righteous Go Straight to Heaven (11/26/1989)",thumbnail,"content/video/Friday_Sermon_Proving_Salat_al-Jummah,_The_Righteous_Go_Straight_to_Heaven_(11261989)/thumbnail.webp","content/video/Friday_Sermon_Proving_Salat_al-Jummah,_The_Righteous_Go_Straight_to_Heaven_(11261989)/thumbnail.webp",https://pub-f29cecbaf0f845e2b4565f356f98d18d.r2.dev/content/video/Friday_Sermon_Proving_Salat_al-Jummah%2C_The_Righteous_Go_Straight_to_Heaven_(11261989)/thumbnail.webp,4692,af6cb9e4686d6e04321c7277f21cdef8eb1043cdfd99976dfd07676dfd2e0c1a,image/webp,pending
"video-program/Friday_Sermon_Miracle_of_Miracles_-_Al-Fatiha,_Proving_the_Five_Salat_(12081989)",Videos,video-program,"Friday Sermon: Miracle of Miracles - Al-Fatiha, Proving the Five Salat (12/08/1989)",media,"content/video/Friday_Sermon_Miracle_of_Miracles_-_Al-Fatiha,_Proving_the_Five_Salat_(12081989)/Friday Sermon Miracle of Miracles - Al-Fatiha, Proving the Five Salat (12081989).mp4","content/video/Friday_Sermon_Miracle_of_Miracles_-_Al-Fatiha,_Proving_the_Five_Salat_(12081989)/Friday Sermon Miracle of Miracles - Al-Fatiha, Proving the Five Salat (12081989).mp4",https://pub-f29cecbaf0f845e2b4565f356f98d18d.r2.dev/content/video/Friday_Sermon_Miracle_of_Miracles_-_Al-Fatiha%2C_Proving_the_Five_Salat_(12081989)/Friday%20Sermon%20Miracle%20of%20Miracles%20-%20Al-Fatiha%2C%20Proving%20the%20Five%20Salat%20(12081989).mp4,66321933,19b1cef7813d2422b5434e39ab00f81f4fd3dc9e6555df9ce72916560db9b75b,video/mp4,pending
"video-program/Friday_Sermon_Miracle_of_Miracles_-_Al-Fatiha,_Proving_the_Five_Salat_(12081989)",Videos,video-program,"Friday Sermon: Miracle of Miracles - Al-Fatiha, Proving the Five Salat (12/08/1989)",transcript,"content/video/Friday_Sermon_Miracle_of_Miracles_-_Al-Fatiha,_Proving_the_Five_Salat_(12081989)/Friday Sermon Miracle of Miracles - Al-Fatiha, Proving the Five Salat (12081989).en-US.vtt","content/video/Friday_Sermon_Miracle_of_Miracles_-_Al-Fatiha,_Proving_the_Five_Salat_(12081989)/Friday Sermon Miracle of Miracles - Al-Fatiha, Proving the Five Salat (12081989).en-US.vtt",https://pub-f29cecbaf0f845e2b4565f356f98d18d.r2.dev/content/video/Friday_Sermon_Miracle_of_Miracles_-_Al-Fatiha%2C_Proving_the_Five_Salat_(12081989)/Friday%20Sermon%20Miracle%20of%20Miracles%20-%20Al-Fatiha%2C%20Proving%20the%20Five%20Salat%20(12081989).en-US.vtt,28048,ab58c56a67ffc12b28787fd1cc8a9b176ec454cabe093fc0cae6eace6ddd27c9,text/vtt; charset=utf-8,pending
"video-program/Friday_Sermon_Miracle_of_Miracles_-_Al-Fatiha,_Proving_the_Five_Salat_(12081989)",Videos,video-program,"Friday Sermon: Miracle of Miracles - Al-Fatiha, Proving the Five Salat (12/08/1989)",thumbnail,"content/video/Friday_Sermon_Miracle_of_Miracles_-_Al-Fatiha,_Proving_the_Five_Salat_(12081989)/thumbnail.webp","content/video/Friday_Sermon_Miracle_of_Miracles_-_Al-Fatiha,_Proving_the_Five_Salat_(12081989)/thumbnail.webp",https://pub-f29cecbaf0f845e2b4565f356f98d18d.r2.dev/content/video/Friday_Sermon_Miracle_of_Miracles_-_Al-Fatiha%2C_Proving_the_Five_Salat_(12081989)/thumbnail.webp,6046,f63081536be0bb98dbd92bd67b953d7d99b2d091a996c6bbe5d1c2676aa5715b,image/webp,pending
video-program/Friday_Sermon_United_Submitters_International_Conference_(1989),Videos,video-program,Friday Sermon: United Submitters International Conference (1989),media,content/video/Friday_Sermon_United_Submitters_International_Conference_(1989)/United Submitters International Conference Friday Sermon (1989).mp4,content/video/Friday_Sermon_United_Submitters_International_Conference_(1989)/United Submitters International Conference Friday Sermon (1989).mp4,https://pub-f29cecbaf0f845e2b4565f356f98d18d.r2.dev/content/video/Friday_Sermon_United_Submitters_International_Conference_(1989)/United%20Submitters%20International%20Conference%20Friday%20Sermon%20(1989).mp4,41745975,15c8c90813563b96fe664aa036223a7b83d5370a05012aeb3f39846975f19224,video/mp4,pending
video-program/Friday_Sermon_United_Submitters_International_Conference_(1989),Videos,video-program,Friday Sermon: United Submitters International Conference (1989),transcript,content/video/Friday_Sermon_United_Submitters_International_Conference_(1989)/United Submitters International Conference Friday Sermon (1989).en-US.vtt,content/video/Friday_Sermon_United_Submitters_International_Conference_(1989)/United Submitters International Conference Friday Sermon (1989).en-US.vtt,https://pub-f29cecbaf0f845e2b4565f356f98d18d.r2.dev/content/video/Friday_Sermon_United_Submitters_International_Conference_(1989)/United%20Submitters%20International%20Conference%20Friday%20Sermon%20(1989).en-US.vtt,23053,7162e2637764dfa0c4bb6c2acecd9e3f097b9e08475d973edce9903ab7abb4b1,text/vtt; charset=utf-8,pending
video-program/Friday_Sermon_United_Submitters_International_Conference_(1989),Videos,video-program,Friday Sermon: United Submitters International Conference (1989),thumbnail,content/video/Friday_Sermon_United_Submitters_International_Conference_(1989)/thumbnail.webp,content/video/Friday_Sermon_United_Submitters_International_Conference_(1989)/thumbnail.webp,https://pub-f29cecbaf0f845e2b4565f356f98d18d.r2.dev/content/video/Friday_Sermon_United_Submitters_International_Conference_(1989)/thumbnail.webp,5824,7ec5f4b942ba96593aaf855f5d87380c0b5e3365adb8577947a447e1484c1f22,image/webp,pending
video-program/United_Submitters_International_Conference_Explaining_the_Fulfillment_of_the_Covenant_(1988),Videos,video-program,United Submitters International Conference: Explaining the Fulfillment of the Covenant (1988),media,content/video/United_Submitters_International_Conference_Explaining_the_Fulfillment_of_the_Covenant_(1988)/United Submitters International Conference Explaining the Fulfillment of the Covenant (1988).mp4,content/video/United_Submitters_International_Conference_Explaining_the_Fulfillment_of_the_Covenant_(1988)/United Submitters International Conference Explaining the Fulfillment of the Covenant (1988).mp4,https://pub-f29cecbaf0f845e2b4565f356f98d18d.r2.dev/content/video/United_Submitters_International_Conference_Explaining_the_Fulfillment_of_the_Covenant_(1988)/United%20Submitters%20International%20Conference%20Explaining%20the%20Fulfillment%20of%20the%20Covenant%20(1988).mp4,48250340,887b5de6688d6f84098fddadd4f4e4ba7543685d8c4c0b5d3dc5df14ce825e25,video/mp4,pending
video-program/United_Submitters_International_Conference_Explaining_the_Fulfillment_of_the_Covenant_(1988),Videos,video-program,United Submitters International Conference: Explaining the Fulfillment of the Covenant (1988),transcript,content/video/United_Submitters_International_Conference_Explaining_the_Fulfillment_of_the_Covenant_(1988)/United Submitters International Conference Explaining the Fulfillment of the Covenant (1988).en-US.vtt,content/video/United_Submitters_International_Conference_Explaining_the_Fulfillment_of_the_Covenant_(1988)/United Submitters International Conference Explaining the Fulfillment of the Covenant (1988).en-US.vtt,https://pub-f29cecbaf0f845e2b4565f356f98d18d.r2.dev/content/video/United_Submitters_International_Conference_Explaining_the_Fulfillment_of_the_Covenant_(1988)/United%20Submitters%20International%20Conference%20Explaining%20the%20Fulfillment%20of%20the%20Covenant%20(1988).en-US.vtt,21474,5b5e2fd85035957ae3645a0ee9ce5633992ab88ea78f9ae38ec8d21955fff81c,text/vtt; charset=utf-8,pending
video-program/United_Submitters_International_Conference_Explaining_the_Fulfillment_of_the_Covenant_(1988),Videos,video-program,United Submitters International Conference: Explaining the Fulfillment of the Covenant (1988),thumbnail,content/video/United_Submitters_International_Conference_Explaining_the_Fulfillment_of_the_Covenant_(1988)/thumbnail.webp,content/video/United_Submitters_International_Conference_Explaining_the_Fulfillment_of_the_Covenant_(1988)/thumbnail.webp,https://pub-f29cecbaf0f845e2b4565f356f98d18d.r2.dev/content/video/United_Submitters_International_Conference_Explaining_the_Fulfillment_of_the_Covenant_(1988)/thumbnail.webp,12860,b3978feda7812a9fda0f054843f8ad652a9984ddca19b10148359b2668aabf71,image/webp,pending
video-program/United_Submitters_International_Conference_Final_Speech_by_Dr._Rashad_Khalifa_(1989),Videos,video-program,United Submitters International Conference: Final Speech by Dr. Rashad Khalifa (1989),media,content/video/United_Submitters_International_Conference_Final_Speech_by_Dr._Rashad_Khalifa_(1989)/United Submitters International Conference Final Speech by Dr. Rashad Khalifa (1989).mp4,content/video/United_Submitters_International_Conference_Final_Speech_by_Dr._Rashad_Khalifa_(1989)/United Submitters International Conference Final Speech by Dr. Rashad Khalifa (1989).mp4,https://pub-f29cecbaf0f845e2b4565f356f98d18d.r2.dev/content/video/United_Submitters_International_Conference_Final_Speech_by_Dr._Rashad_Khalifa_(1989)/United%20Submitters%20International%20Conference%20Final%20Speech%20by%20Dr.%20Rashad%20Khalifa%20(1989).mp4,109756146,00c9ad4c77f699d695e0729e501eff6403cf72749b82ce4fbb318af7d78234b7,video/mp4,pending
video-program/United_Submitters_International_Conference_Final_Speech_by_Dr._Rashad_Khalifa_(1989),Videos,video-program,United Submitters International Conference: Final Speech by Dr. Rashad Khalifa (1989),transcript,content/video/United_Submitters_International_Conference_Final_Speech_by_Dr._Rashad_Khalifa_(1989)/United Submitters International Conference Final Speech by Dr. Rashad Khalifa (1989).en-US.vtt,content/video/United_Submitters_International_Conference_Final_Speech_by_Dr._Rashad_Khalifa_(1989)/United Submitters International Conference Final Speech by Dr. Rashad Khalifa (1989).en-US.vtt,https://pub-f29cecbaf0f845e2b4565f356f98d18d.r2.dev/content/video/United_Submitters_International_Conference_Final_Speech_by_Dr._Rashad_Khalifa_(1989)/United%20Submitters%20International%20Conference%20Final%20Speech%20by%20Dr.%20Rashad%20Khalifa%20(1989).en-US.vtt,61594,c75394850e0b8792127c003af7e68430da52a8a52a3b445a4c3129cdc1fbb0fd,text/vtt; charset=utf-8,pending
video-program/United_Submitters_International_Conference_Final_Speech_by_Dr._Rashad_Khalifa_(1989),Videos,video-program,United Submitters International Conference: Final Speech by Dr. Rashad Khalifa (1989),thumbnail,content/video/United_Submitters_International_Conference_Final_Speech_by_Dr._Rashad_Khalifa_(1989)/thumbnail.webp,content/video/United_Submitters_International_Conference_Final_Speech_by_Dr._Rashad_Khalifa_(1989)/thumbnail.webp,https://pub-f29cecbaf0f845e2b4565f356f98d18d.r2.dev/content/video/United_Submitters_International_Conference_Final_Speech_by_Dr._Rashad_Khalifa_(1989)/thumbnail.webp,6886,add1af05a3f10d23d1dacff23a4738b992ec328447641e891e4422b282bfb721,image/webp,pending
quran-study/01 Quran Study From Azhar 1 Sura 72;19 28 & Sura 73 By Kathryn Jinns 05 26 1989,Quran Studies,quran-study,"QS 01 — Sura 72–73, Jinns & Night Prayer (Kathryn Jinns, 05/26/1989)",media,content/audio/quran-studies/01 Quran Study From Azhar 1 Sura 72;19 28 & Sura 73 By Kathryn Jinns 05 26 1989/QS01.mp3,content/audio/quran-studies/01 Quran Study From Azhar 1 Sura 72;19 28 & Sura 73 By Kathryn Jinns 05 26 1989/QS01.mp3,https://pub-f29cecbaf0f845e2b4565f356f98d18d.r2.dev/content/audio/quran-studies/01%20Quran%20Study%20From%20Azhar%201%20Sura%2072%3B19%2028%20%26%20Sura%2073%20By%20Kathryn%20Jinns%2005%2026%201989/QS01.mp3,27078981,992419caafbea1d3a9ffc0fc0139ab0e3b674b9d48a85adb0c63162b62498301,audio/mpeg,pending
quran-study/01 Quran Study From Azhar 1 Sura 72;19 28 & Sura 73 By Kathryn Jinns 05 26 1989,Quran Studies,quran-study,"QS 01 — Sura 72–73, Jinns & Night Prayer (Kathryn Jinns, 05/26/1989)",transcript,content/audio/quran-studies/01 Quran Study From Azhar 1 Sura 72;19 28 & Sura 73 By Kathryn Jinns 05 26 1989/QS01.en-US.vtt,content/audio/quran-studies/01 Quran Study From Azhar 1 Sura 72;19 28 & Sura 73 By Kathryn Jinns 05 26 1989/QS01.en-US.vtt,https://pub-f29cecbaf0f845e2b4565f356f98d18d.r2.dev/content/audio/quran-studies/01%20Quran%20Study%20From%20Azhar%201%20Sura%2072%3B19%2028%20%26%20Sura%2073%20By%20Kathryn%20Jinns%2005%2026%201989/QS01.en-US.vtt,90278,a831f19a4a7f0d3f6611de57fc611b619471414c35eaf6910660d65bd60c69f9,text/vtt; charset=utf-8,pending
quran-study/01 Quran Study From Azhar 1 Sura 72;19 28 & Sura 73 By Kathryn Jinns 05 26 1989,Quran Studies,quran-study,"QS 01 — Sura 72–73, Jinns & Night Prayer (Kathryn Jinns, 05/26/1989)",thumbnail,content/audio/quran-studies/01 Quran Study From Azhar 1 Sura 72;19 28 & Sura 73 By Kathryn Jinns 05 26 1989/QS1.jpg,content/audio/quran-studies/01 Quran Study From Azhar 1 Sura 72;19 28 & Sura 73 By Kathryn Jinns 05 26 1989/QS1.jpg,https://pub-f29cecbaf0f845e2b4565f356f98d18d.r2.dev/content/audio/quran-studies/01%20Quran%20Study%20From%20Azhar%201%20Sura%2072%3B19%2028%20%26%20Sura%2073%20By%20Kathryn%20Jinns%2005%2026%201989/QS1.jpg,13551,7951f4099160fa73532f51ff5049e65a3d7f1e06a9fa4071fca0e700981b5f50,image/jpeg,pending
quran-study/02 Quran Study From Azhar 2 Sura 95 & Sura 96 By M Sabahi Two Verses Of Sura 9 Dropped Out To Demons,Quran Studies,quran-study,QS 02 — Sura 95–96 & Two Verses of Sura 9 (M. Sabahi),media,content/audio/quran-studies/02 Quran Study From Azhar 2 Sura 95 & Sura 96 By M Sabahi Two Verses Of Sura 9 Dropped Out To Demons/QS02.mp3,content/audio/quran-studies/02 Quran Study From Azhar 2 Sura 95 & Sura 96 By M Sabahi Two Verses Of Sura 9 Dropped Out To Demons/QS02.mp3,https://pub-f29cecbaf0f845e2b4565f356f98d18d.r2.dev/content/audio/quran-studies/02%20Quran%20Study%20From%20Azhar%202%20Sura%2095%20%26%20Sura%2096%20By%20M%20Sabahi%20Two%20Verses%20Of%20Sura%209%20Dropped%20Out%20To%20Demons/QS02.mp3,28585317,d302f0812f54bac9dcd42519c7451c0195ba51bbd5473750575b090afd0a90be,audio/mpeg,pending
quran-study/02 Quran Study From Azhar 2 Sura 95 & Sura 96 By M Sabahi Two Verses Of Sura 9 Dropped Out To Demons,Quran Studies,quran-study,QS 02 — Sura 95–96 & Two Verses of Sura 9 (M. Sabahi),transcript,content/audio/quran-studies/02 Quran Study From Azhar 2 Sura 95 & Sura 96 By M Sabahi Two Verses Of Sura 9 Dropped Out To Demons/QS02.en-US.vtt,content/audio/quran-studies/02 Quran Study From Azhar 2 Sura 95 & Sura 96 By M Sabahi Two Verses Of Sura 9 Dropped Out To Demons/QS02.en-US.vtt,https://pub-f29cecbaf0f845e2b4565f356f98d18d.r2.dev/content/audio/quran-studies/02%20Quran%20Study%20From%20Azhar%202%20Sura%2095%20%26%20Sura%2096%20By%20M%20Sabahi%20Two%20Verses%20Of%20Sura%209%20Dropped%20Out%20To%20Demons/QS02.en-US.vtt,88181,3337a4769be627c5ee13b753b9bb0d69d2b6f5b8fa19998680c1f6b94e309f78,text/vtt; charset=utf-8,pending
quran-study/02 Quran Study From Azhar 2 Sura 95 & Sura 96 By M Sabahi Two Verses Of Sura 9 Dropped Out To Demons,Quran Studies,quran-study,QS 02 — Sura 95–96 & Two Verses of Sura 9 (M. Sabahi),thumbnail,content/audio/quran-studies/02 Quran Study From Azhar 2 Sura 95 & Sura 96 By M Sabahi Two Verses Of Sura 9 Dropped Out To Demons/QS2.jpg,content/audio/quran-studies/02 Quran Study From Azhar 2 Sura 95 & Sura 96 By M Sabahi Two Verses Of Sura 9 Dropped Out To Demons/QS2.jpg,https://pub-f29cecbaf0f845e2b4565f356f98d18d.r2.dev/content/audio/quran-studies/02%20Quran%20Study%20From%20Azhar%202%20Sura%2095%20%26%20Sura%2096%20By%20M%20Sabahi%20Two%20Verses%20Of%20Sura%209%20Dropped%20Out%20To%20Demons/QS2.jpg,16548,c03d831122d9c00588a93f1ae1451c13c39d2362b12f5623d2c3403c0df4c773,image/jpeg,pending
quran-study/03 Quran Study From Azhar 3 Sura 10;79 92 & Sura 23 By Rashad's Khutba 01 19 1990 Sura 3;110 117 By,Quran Studies,quran-study,"QS 03 — Sura 10:79–92 & Sura 23 (Rashad Khutba, 01/19/1990)",media,content/audio/quran-studies/03 Quran Study From Azhar 3 Sura 10;79 92 & Sura 23 By Rashad's Khutba 01 19 1990 Sura 3;110 117 By/QS03.mp3,content/audio/quran-studies/03 Quran Study From Azhar 3 Sura 10;79 92 & Sura 23 By Rashad's Khutba 01 19 1990 Sura 3;110 117 By/QS03.mp3,https://pub-f29cecbaf0f845e2b4565f356f98d18d.r2.dev/content/audio/quran-studies/03%20Quran%20Study%20From%20Azhar%203%20Sura%2010%3B79%2092%20%26%20Sura%2023%20By%20Rashad's%20Khutba%2001%2019%201990%20Sura%203%3B110%20117%20By/QS03.mp3,33649941,97a176eca9110fb587eb7a72569b3b8f8c2911f4935115ed7e8e5742b3ee1c2f,audio/mpeg,pending
quran-study/03 Quran Study From Azhar 3 Sura 10;79 92 & Sura 23 By Rashad's Khutba 01 19 1990 Sura 3;110 117 By,Quran Studies,quran-study,"QS 03 — Sura 10:79–92 & Sura 23 (Rashad Khutba, 01/19/1990)",transcript,content/audio/quran-studies/03 Quran Study From Azhar 3 Sura 10;79 92 & Sura 23 By Rashad's Khutba 01 19 1990 Sura 3;110 117 By/QS03.en-US.vtt,content/audio/quran-studies/03 Quran Study From Azhar 3 Sura 10;79 92 & Sura 23 By Rashad's Khutba 01 19 1990 Sura 3;110 117 By/QS03.en-US.vtt,https://pub-f29cecbaf0f845e2b4565f356f98d18d.r2.dev/content/audio/quran-studies/03%20Quran%20Study%20From%20Azhar%203%20Sura%2010%3B79%2092%20%26%20Sura%2023%20By%20Rashad's%20Khutba%2001%2019%201990%20Sura%203%3B110%20117%20By/QS03.en-US.vtt,107052,33a82cfd2aea3060aef4407ff98d5c3ada6512f6a5f8c6a5cb0d5387441cf1f2,text/vtt; charset=utf-8,pending
quran-study/03 Quran Study From Azhar 3 Sura 10;79 92 & Sura 23 By Rashad's Khutba 01 19 1990 Sura 3;110 117 By,Quran Studies,quran-study,"QS 03 — Sura 10:79–92 & Sura 23 (Rashad Khutba, 01/19/1990)",thumbnail,content/audio/quran-studies/03 Quran Study From Azhar 3 Sura 10;79 92 & Sura 23 By Rashad's Khutba 01 19 1990 Sura 3;110 117 By/QS3.jpg,content/audio/quran-studies/03 Quran Study From Azhar 3 Sura 10;79 92 & Sura 23 By Rashad's Khutba 01 19 1990 Sura 3;110 117 By/QS3.jpg,https://pub-f29cecbaf0f845e2b4565f356f98d18d.r2.dev/content/audio/quran-studies/03%20Quran%20Study%20From%20Azhar%203%20Sura%2010%3B79%2092%20%26%20Sura%2023%20By%20Rashad's%20Khutba%2001%2019%201990%20Sura%203%3B110%20117%20By/QS3.jpg,18992,88f9e36c29bb6f1194d467aa89c8c337bea62bcbca151454d063d840e333d121,image/jpeg,pending
quran-study/04 Quran Study From Azhar 4 Sura 37 By Rashad Shakira Present Astroid 01 21 1990 Sura 3;118 129 By S,Quran Studies,quran-study,QS 04 — Sura 37 & Shakira Presents Asteroid (01/21/1990),media,content/audio/quran-studies/04 Quran Study From Azhar 4 Sura 37 By Rashad Shakira Present Astroid 01 21 1990 Sura 3;118 129 By S/QS04.mp3,content/audio/quran-studies/04 Quran Study From Azhar 4 Sura 37 By Rashad Shakira Present Astroid 01 21 1990 Sura 3;118 129 By S/QS04.mp3,https://pub-f29cecbaf0f845e2b4565f356f98d18d.r2.dev/content/audio/quran-studies/04%20Quran%20Study%20From%20Azhar%204%20Sura%2037%20By%20Rashad%20Shakira%20Present%20Astroid%2001%2021%201990%20Sura%203%3B118%20129%20By%20S/QS04.mp3,33378429,7dd499e62a1c0f8850846a0ee0cc2f55f3053f860a619fb68cf687a33fb86c88,audio/mpeg,pending
quran-study/04 Quran Study From Azhar 4 Sura 37 By Rashad Shakira Present Astroid 01 21 1990 Sura 3;118 129 By S,Quran Studies,quran-study,QS 04 — Sura 37 & Shakira Presents Asteroid (01/21/1990),transcript,content/audio/quran-studies/04 Quran Study From Azhar 4 Sura 37 By Rashad Shakira Present Astroid 01 21 1990 Sura 3;118 129 By S/QS04.en-US.vtt,content/audio/quran-studies/04 Quran Study From Azhar 4 Sura 37 By Rashad Shakira Present Astroid 01 21 1990 Sura 3;118 129 By S/QS04.en-US.vtt,https://pub-f29cecbaf0f845e2b4565f356f98d18d.r2.dev/content/audio/quran-studies/04%20Quran%20Study%20From%20Azhar%204%20Sura%2037%20By%20Rashad%20Shakira%20Present%20Astroid%2001%2021%201990%20Sura%203%3B118%20129%20By%20S/QS04.en-US.vtt,140163,0f0760441492e54daa6e84d7a2d3e7e11bdebbe25335003e7ff84a92c0943812,text/vtt; charset=utf-8,pending
quran-study/04 Quran Study From Azhar 4 Sura 37 By Rashad Shakira Present Astroid 01 21 1990 Sura 3;118 129 By S,Quran Studies,quran-study,QS 04 — Sura 37 & Shakira Presents Asteroid (01/21/1990),thumbnail,content/audio/quran-studies/04 Quran Study From Azhar 4 Sura 37 By Rashad Shakira Present Astroid 01 21 1990 Sura 3;118 129 By S/QS4.jpg,content/audio/quran-studies/04 Quran Study From Azhar 4 Sura 37 By Rashad Shakira Present Astroid 01 21 1990 Sura 3;118 129 By S/QS4.jpg,https://pub-f29cecbaf0f845e2b4565f356f98d18d.r2.dev/content/audio/quran-studies/04%20Quran%20Study%20From%20Azhar%204%20Sura%2037%20By%20Rashad%20Shakira%20Present%20Astroid%2001%2021%201990%20Sura%203%3B118%20129%20By%20S/QS4.jpg,17228,ef25bc33c0c35081d8967c09f33de7b48557fe146f9bc7cc3fb4f0d78efc322c,image/jpeg,pending
quran-study/05 Quran Study From Azhar 5 Sura 56;75 & Sura 57 By Lisa 02 17 1989,Quran Studies,quran-study,"QS 05 — Sura 56–57 (Lisa, 02/17/1989)",transcript,content/audio/quran-studies/05 Quran Study From Azhar 5 Sura 56;75 & Sura 57 By Lisa 02 17 1989/QS05.en-US.vtt,content/audio/quran-studies/05 Quran Study From Azhar 5 Sura 56;75 & Sura 57 By Lisa 02 17 1989/QS05.en-US.vtt,https://pub-f29cecbaf0f845e2b4565f356f98d18d.r2.dev/content/audio/quran-studies/05%20Quran%20Study%20From%20Azhar%205%20Sura%2056%3B75%20%26%20Sura%2057%20By%20Lisa%2002%2017%201989/QS05.en-US.vtt,56218,2e0648d7a7dea59fc5bdd01aaccb8e484b5f815a268359afc9167a6103bf7288,text/vtt; charset=utf-8,pending
quran-study/05 Quran Study From Azhar 5 Sura 56;75 & Sura 57 By Lisa 02 17 1989,Quran Studies,quran-study,"QS 05 — Sura 56–57 (Lisa, 02/17/1989)",thumbnail,content/audio/quran-studies/05 Quran Study From Azhar 5 Sura 56;75 & Sura 57 By Lisa 02 17 1989/QS5.jpg,content/audio/quran-studies/05 Quran Study From Azhar 5 Sura 56;75 & Sura 57 By Lisa 02 17 1989/QS5.jpg,https://pub-f29cecbaf0f845e2b4565f356f98d18d.r2.dev/content/audio/quran-studies/05%20Quran%20Study%20From%20Azhar%205%20Sura%2056%3B75%20%26%20Sura%2057%20By%20Lisa%2002%2017%201989/QS5.jpg,11249,2a963651693c749d3f3f6f947627c6193cc1209034b5171985dabd364bbe89c1,image/jpeg,pending
quran-study/06 Quran Study From Azhar 6 Sura 59 By Donna PRA Invisible Giants Hypocrites 03 10 1989,Quran Studies,quran-study,"QS 06 — Sura 59 & Post Retirement Account Discussion (Donna, 03/10/1989)",transcript,content/audio/quran-studies/06 Quran Study From Azhar 6 Sura 59 By Donna PRA Invisible Giants Hypocrites 03 10 1989/QS06.en-US.vtt,content/audio/quran-studies/06 Quran Study From Azhar 6 Sura 59 By Donna PRA Invisible Giants Hypocrites 03 10 1989/QS06.en-US.vtt,https://pub-f29cecbaf0f845e2b4565f356f98d18d.r2.dev/content/audio/quran-studies/06%20Quran%20Study%20From%20Azhar%206%20Sura%2059%20By%20Donna%20PRA%20Invisible%20Giants%20Hypocrites%2003%2010%201989/QS06.en-US.vtt,80674,e40dd3f15686849d8508a8ea461da9b038736de8e5e44b4b861385e0fe39e740,text/vtt; charset=utf-8,pending
quran-study/06 Quran Study From Azhar 6 Sura 59 By Donna PRA Invisible Giants Hypocrites 03 10 1989,Quran Studies,quran-study,"QS 06 — Sura 59 & Post Retirement Account Discussion (Donna, 03/10/1989)",thumbnail,content/audio/quran-studies/06 Quran Study From Azhar 6 Sura 59 By Donna PRA Invisible Giants Hypocrites 03 10 1989/QS6.jpg,content/audio/quran-studies/06 Quran Study From Azhar 6 Sura 59 By Donna PRA Invisible Giants Hypocrites 03 10 1989/QS6.jpg,https://pub-f29cecbaf0f845e2b4565f356f98d18d.r2.dev/content/audio/quran-studies/06%20Quran%20Study%20From%20Azhar%206%20Sura%2059%20By%20Donna%20PRA%20Invisible%20Giants%20Hypocrites%2003%2010%201989/QS6.jpg,20564,dc25693da4cb70e07fc089d81bdbff65148dcf966f6118c0901fd2f342eb2cc3,image/jpeg,pending
quran-study/07 Quran Study From Azhar 7 Sura 62 & Sura 63 By Kathryn God's Religion Will Dominate In 20 To 50 Yr,Quran Studies,quran-study,QS 07 — Sura 62–63 & God’s Religion Will Dominate (Kathryn),media,content/audio/quran-studies/07 Quran Study From Azhar 7 Sura 62 & Sura 63 By Kathryn God's Religion Will Dominate In 20 To 50 Yr/QS07.mp3,content/audio/quran-studies/07 Quran Study From Azhar 7 Sura 62 & Sura 63 By Kathryn God's Religion Will Dominate In 20 To 50 Yr/QS07.mp3,https://pub-f29cecbaf0f845e2b4565f356f98d18d.r2.dev/content/audio/quran-studies/07%20Quran%20Study%20From%20Azhar%207%20Sura%2062%20%26%20Sura%2063%20By%20Kathryn%20God's%20Religion%20Will%20Dominate%20In%2020%20To%2050%20Yr/QS07.mp3,26824917,566a26205cf021cfedf9a918fd57a29ae40653bfa71bc43227a38d50c57a8172,audio/mpeg,pending
quran-study/07 Quran Study From Azhar 7 Sura 62 & Sura 63 By Kathryn God's Religion Will Dominate In 20 To 50 Yr,Quran Studies,quran-study,QS 07 — Sura 62–63 & God’s Religion Will Dominate (Kathryn),transcript,content/audio/quran-studies/07 Quran Study From Azhar 7 Sura 62 & Sura 63 By Kathryn God's Religion Will Dominate In 20 To 50 Yr/QS07.en-US.vtt,content/audio/quran-studies/07 Quran Study From Azhar 7 Sura 62 & Sura 63 By Kathryn God's Religion Will Dominate In 20 To 50 Yr/QS07.en-US.vtt,https://pub-f29cecbaf0f845e2b4565f356f98d18d.r2.dev/content/audio/quran-studies/07%20Quran%20Study%20From%20Azhar%207%20Sura%2062%20%26%20Sura%2063%20By%20Kathryn%20God's%20Religion%20Will%20Dominate%20In%2020%20To%2050%20Yr/QS07.en-US.vtt,100750,9071a15271bd02dfa17205538dccd3ddc198f68d72d3811b54efb581c41ebe4c,text/vtt; charset=utf-8,pending
quran-study/07 Quran Study From Azhar 7 Sura 62 & Sura 63 By Kathryn God's Religion Will Dominate In 20 To 50 Yr,Quran Studies,quran-study,QS 07 — Sura 62–63 & God’s Religion Will Dominate (Kathryn),thumbnail,content/audio/quran-studies/07 Quran Study From Azhar 7 Sura 62 & Sura 63 By Kathryn God's Religion Will Dominate In 20 To 50 Yr/QS7.jpg,content/audio/quran-studies/07 Quran Study From Azhar 7 Sura 62 & Sura 63 By Kathryn God's Religion Will Dominate In 20 To 50 Yr/QS7.jpg,https://pub-f29cecbaf0f845e2b4565f356f98d18d.r2.dev/content/audio/quran-studies/07%20Quran%20Study%20From%20Azhar%207%20Sura%2062%20%26%20Sura%2063%20By%20Kathryn%20God's%20Religion%20Will%20Dominate%20In%2020%20To%2050%20Yr/QS7.jpg,17935,c4f560cf950ac03a6394edb5460bda580f1419ebee824bd83bf8ec8ab6a27e1b,image/jpeg,pending
quran-study/08 Quran Study From Azhar 8 Sura 65 & Sura 66 By Lori Encourage Children To Do Salat Hamid Argues 04,Quran Studies,quran-study,QS 08 — Sura 65–66 & Encouraging Children to Observe Salat (Lori),transcript,content/audio/quran-studies/08 Quran Study From Azhar 8 Sura 65 & Sura 66 By Lori Encourage Children To Do Salat Hamid Argues 04/QS08.en-US.vtt,content/audio/quran-studies/08 Quran Study From Azhar 8 Sura 65 & Sura 66 By Lori Encourage Children To Do Salat Hamid Argues 04/QS08.en-US.vtt,https://pub-f29cecbaf0f845e2b4565f356f98d18d.r2.dev/content/audio/quran-studies/08%20Quran%20Study%20From%20Azhar%208%20Sura%2065%20%26%20Sura%2066%20By%20Lori%20Encourage%20Children%20To%20Do%20Salat%20Hamid%20Argues%2004/QS08.en-US.vtt,74511,657a581aa10ef2f950f54eb09c0d89b398d6d46d93723469d35bd72b8e04cdce,text/vtt; charset=utf-8,pending
quran-study/08 Quran Study From Azhar 8 Sura 65 & Sura 66 By Lori Encourage Children To Do Salat Hamid Argues 04,Quran Studies,quran-study,QS 08 — Sura 65–66 & Encouraging Children to Observe Salat (Lori),thumbnail,content/audio/quran-studies/08 Quran Study From Azhar 8 Sura 65 & Sura 66 By Lori Encourage Children To Do Salat Hamid Argues 04/QS8.jpg,content/audio/quran-studies/08 Quran Study From Azhar 8 Sura 65 & Sura 66 By Lori Encourage Children To Do Salat Hamid Argues 04/QS8.jpg,https://pub-f29cecbaf0f845e2b4565f356f98d18d.r2.dev/content/audio/quran-studies/08%20Quran%20Study%20From%20Azhar%208%20Sura%2065%20%26%20Sura%2066%20By%20Lori%20Encourage%20Children%20To%20Do%20Salat%20Hamid%20Argues%2004/QS8.jpg,17660,c0443435e78476a1b04eb4d76cf2be4e241536f5a184734d46980813ae026191,image/jpeg,pending
quran-study/09 Quran Study From Azhar 9 Sura 70 By Edip Chastity Worry Edip Wanted Rashad To Change Rich Believe,Quran Studies,quran-study,QS 09 — Sura 70 & Chastity Discussion (Edip),transcript,content/audio/quran-studies/09 Quran Study From Azhar 9 Sura 70 By Edip Chastity Worry Edip Wanted Rashad To Change Rich Believe/QS09.en-US.vtt,content/audio/quran-studies/09 Quran Study From Azhar 9 Sura 70 By Edip Chastity Worry Edip Wanted Rashad To Change Rich Believe/QS09.en-US.vtt,https://pub-f29cecbaf0f845e2b4565f356f98d18d.r2.dev/content/audio/quran-studies/09%20Quran%20Study%20From%20Azhar%209%20Sura%2070%20By%20Edip%20Chastity%20Worry%20Edip%20Wanted%20Rashad%20To%20Change%20Rich%20Believe/QS09.en-US.vtt,84038,ba5476513562c72650228c396e65ab56abadec717064e365f317cded72a37a3c,text/vtt; charset=utf-8,pending
quran-study/09 Quran Study From Azhar 9 Sura 70 By Edip Chastity Worry Edip Wanted Rashad To Change Rich Believe,Quran Studies,quran-study,QS 09 — Sura 70 & Chastity Discussion (Edip),thumbnail,content/audio/quran-studies/09 Quran Study From Azhar 9 Sura 70 By Edip Chastity Worry Edip Wanted Rashad To Change Rich Believe/QS9.jpg,content/audio/quran-studies/09 Quran Study From Azhar 9 Sura 70 By Edip Chastity Worry Edip Wanted Rashad To Change Rich Believe/QS9.jpg,https://pub-f29cecbaf0f845e2b4565f356f98d18d.r2.dev/content/audio/quran-studies/09%20Quran%20Study%20From%20Azhar%209%20Sura%2070%20By%20Edip%20Chastity%20Worry%20Edip%20Wanted%20Rashad%20To%20Change%20Rich%20Believe/QS9.jpg,21533,adf44df0c4225afea86a1bbca7bde78c3f7a1710be7e035992cd9c14a795c011,image/jpeg,pending
quran-study/10 Quran Study From Azhar 10 Sura 71 & Sura 72 By Afameh Chastity Jinns 05 19 1989,Quran Studies,quran-study,"QS 10 — Sura 71–72 & Jinns (Afameh, 05/19/1989)",media,content/audio/quran-studies/10 Quran Study From Azhar 10 Sura 71 & Sura 72 By Afameh Chastity Jinns 05 19 1989/QS10.mp3,content/audio/quran-studies/10 Quran Study From Azhar 10 Sura 71 & Sura 72 By Afameh Chastity Jinns 05 19 1989/QS10.mp3,https://pub-f29cecbaf0f845e2b4565f356f98d18d.r2.dev/content/audio/quran-studies/10%20Quran%20Study%20From%20Azhar%2010%20Sura%2071%20%26%20Sura%2072%20By%20Afameh%20Chastity%20Jinns%2005%2019%201989/QS10.mp3,34418829,4e801a978ca555ec5439441a4609925ff4c1650ad2ff8598ca1ffe34260e9683,audio/mpeg,pending
quran-study/10 Quran Study From Azhar 10 Sura 71 & Sura 72 By Afameh Chastity Jinns 05 19 1989,Quran Studies,quran-study,"QS 10 — Sura 71–72 & Jinns (Afameh, 05/19/1989)",transcript,content/audio/quran-studies/10 Quran Study From Azhar 10 Sura 71 & Sura 72 By Afameh Chastity Jinns 05 19 1989/QS10.en-US.vtt,content/audio/quran-studies/10 Quran Study From Azhar 10 Sura 71 & Sura 72 By Afameh Chastity Jinns 05 19 1989/QS10.en-US.vtt,https://pub-f29cecbaf0f845e2b4565f356f98d18d.r2.dev/content/audio/quran-studies/10%20Quran%20Study%20From%20Azhar%2010%20Sura%2071%20%26%20Sura%2072%20By%20Afameh%20Chastity%20Jinns%2005%2019%201989/QS10.en-US.vtt,110175,51b3f4feeb94bcd17ae0517039f1041f049c887568941d19370b348e66e9fa74,text/vtt; charset=utf-8,pending
quran-study/10 Quran Study From Azhar 10 Sura 71 & Sura 72 By Afameh Chastity Jinns 05 19 1989,Quran Studies,quran-study,"QS 10 — Sura 71–72 & Jinns (Afameh, 05/19/1989)",thumbnail,content/audio/quran-studies/10 Quran Study From Azhar 10 Sura 71 & Sura 72 By Afameh Chastity Jinns 05 19 1989/QS10.jpg,content/audio/quran-studies/10 Quran Study From Azhar 10 Sura 71 & Sura 72 By Afameh Chastity Jinns 05 19 1989/QS10.jpg,https://pub-f29cecbaf0f845e2b4565f356f98d18d.r2.dev/content/audio/quran-studies/10%20Quran%20Study%20From%20Azhar%2010%20Sura%2071%20%26%20Sura%2072%20By%20Afameh%20Chastity%20Jinns%2005%2019%201989/QS10.jpg,12504,44c2b99875919b0bd163ae83bf3afd7dcfbb7adb26b4c68d070a828fbebfed4f,image/jpeg,pending
quran-study/11 Quran Study From Behrouz 111 Sura 23;60 88 & Sura 16 01 18 199001 23 1990 Morning Before 01 31 19,Quran Studies,quran-study,"QS 11 — Sura 23:60–88 & Sura 16 (Morning Session, 01/1990)",media,content/audio/quran-studies/11 Quran Study From Behrouz 111 Sura 23;60 88 & Sura 16 01 18 199001 23 1990 Morning Before 01 31 19/QS11.mp3,content/audio/quran-studies/11 Quran Study From Behrouz 111 Sura 23;60 88 & Sura 16 01 18 199001 23 1990 Morning Before 01 31 19/QS11.mp3,https://pub-f29cecbaf0f845e2b4565f356f98d18d.r2.dev/content/audio/quran-studies/11%20Quran%20Study%20From%20Behrouz%20111%20Sura%2023%3B60%2088%20%26%20Sura%2016%2001%2018%20199001%2023%201990%20Morning%20Before%2001%2031%2019/QS11.mp3,20337933,2bcd510bf5582a4f5e5169a2ae309e6cc4c738f49ab6348c770060104d321b16,audio/mpeg,pending
quran-study/11 Quran Study From Behrouz 111 Sura 23;60 88 & Sura 16 01 18 199001 23 1990 Morning Before 01 31 19,Quran Studies,quran-study,"QS 11 — Sura 23:60–88 & Sura 16 (Morning Session, 01/1990)",transcript,content/audio/quran-studies/11 Quran Study From Behrouz 111 Sura 23;60 88 & Sura 16 01 18 199001 23 1990 Morning Before 01 31 19/QS11.en-US.vtt,content/audio/quran-studies/11 Quran Study From Behrouz 111 Sura 23;60 88 & Sura 16 01 18 199001 23 1990 Morning Before 01 31 19/QS11.en-US.vtt,https://pub-f29cecbaf0f845e2b4565f356f98d18d.r2.dev/content/audio/quran-studies/11%20Quran%20Study%20From%20Behrouz%20111%20Sura%2023%3B60%2088%20%26%20Sura%2016%2001%2018%20199001%2023%201990%20Morning%20Before%2001%2031%2019/QS11.en-US.vtt,72625,1a9e64ae82ffd7f2b448e3436174b31be94582e538349970476f39f5f6dc77f8,text/vtt; charset=utf-8,pending
quran-study/11 Quran Study From Behrouz 111 Sura 23;60 88 & Sura 16 01 18 199001 23 1990 Morning Before 01 31 19,Quran Studies,quran-study,"QS 11 — Sura 23:60–88 & Sura 16 (Morning Session, 01/1990)",thumbnail,content/audio/quran-studies/11 Quran Study From Behrouz 111 Sura 23;60 88 & Sura 16 01 18 199001 23 1990 Morning Before 01 31 19/QS11.jpg,content/audio/quran-studies/11 Quran Study From Behrouz 111 Sura 23;60 88 & Sura 16 01 18 199001 23 1990 Morning Before 01 31 19/QS11.jpg,https://pub-f29cecbaf0f845e2b4565f356f98d18d.r2.dev/content/audio/quran-studies/11%20Quran%20Study%20From%20Behrouz%20111%20Sura%2023%3B60%2088%20%26%20Sura%2016%2001%2018%20199001%2023%201990%20Morning%20Before%2001%2031%2019/QS11.jpg,20688,f2dc41e2c0e7ee16d6bd9b318ff4d05fe3b38e2965ff15d2e928f81121b317db,image/jpeg,pending
quran-study/12 Quran Study From Behrouz 212 Behrouz's Khutba Edip Yuksel's Exposure 01 25 1990,Quran Studies,quran-study,QS 12 — Behrouz Khutba & Edip Yuksel Exposure (01/25/1990),media,content/audio/quran-studies/12 Quran Study From Behrouz 212 Behrouz's Khutba Edip Yuksel's Exposure 01 25 1990/QS12.mp3,content/audio/quran-studies/12 Quran Study From Behrouz 212 Behrouz's Khutba Edip Yuksel's Exposure 01 25 1990/QS12.mp3,https://pub-f29cecbaf0f845e2b4565f356f98d18d.r2.dev/content/audio/quran-studies/12%20Quran%20Study%20From%20Behrouz%20212%20Behrouz's%20Khutba%20Edip%20Yuksel's%20Exposure%2001%2025%201990/QS12.mp3,31494597,1a2e114c404a14a79deb436a6eea3d9829b725e4c502dbe9f327abd1d3506e7c,audio/mpeg,pending
quran-study/12 Quran Study From Behrouz 212 Behrouz's Khutba Edip Yuksel's Exposure 01 25 1990,Quran Studies,quran-study,QS 12 — Behrouz Khutba & Edip Yuksel Exposure (01/25/1990),transcript,content/audio/quran-studies/12 Quran Study From Behrouz 212 Behrouz's Khutba Edip Yuksel's Exposure 01 25 1990/QS12.en-US.vtt,content/audio/quran-studies/12 Quran Study From Behrouz 212 Behrouz's Khutba Edip Yuksel's Exposure 01 25 1990/QS12.en-US.vtt,https://pub-f29cecbaf0f845e2b4565f356f98d18d.r2.dev/content/audio/quran-studies/12%20Quran%20Study%20From%20Behrouz%20212%20Behrouz's%20Khutba%20Edip%20Yuksel's%20Exposure%2001%2025%201990/QS12.en-US.vtt,114877,57ec007ead8c78862608a1d63651ef19cd1112f27dc5b385c91b28d77dc0cfbd,text/vtt; charset=utf-8,pending
quran-study/12 Quran Study From Behrouz 212 Behrouz's Khutba Edip Yuksel's Exposure 01 25 1990,Quran Studies,quran-study,QS 12 — Behrouz Khutba & Edip Yuksel Exposure (01/25/1990),thumbnail,content/audio/quran-studies/12 Quran Study From Behrouz 212 Behrouz's Khutba Edip Yuksel's Exposure 01 25 1990/QS12.jpg,content/audio/quran-studies/12 Quran Study From Behrouz 212 Behrouz's Khutba Edip Yuksel's Exposure 01 25 1990/QS12.jpg,https://pub-f29cecbaf0f845e2b4565f356f98d18d.r2.dev/content/audio/quran-studies/12%20Quran%20Study%20From%20Behrouz%20212%20Behrouz's%20Khutba%20Edip%20Yuksel's%20Exposure%2001%2025%201990/QS12.jpg,13899,2e9f95f63740ca5e904141c7500f3db65c8c1a5379b24e2551a8414d91e9a330,image/jpeg,pending
quran-study/13 Quran Study From Behrouz 313 Sura 7;12 By Rashad Adam & Eve's Body 12 24 1989,Quran Studies,quran-study,"QS 13 — Sura 7:12 & Adam and Eve’s Body (Rashad, 12/24/1989)",transcript,content/audio/quran-studies/13 Quran Study From Behrouz 313 Sura 7;12 By Rashad Adam & Eve's Body 12 24 1989/QS13.en-US.vtt,content/audio/quran-studies/13 Quran Study From Behrouz 313 Sura 7;12 By Rashad Adam & Eve's Body 12 24 1989/QS13.en-US.vtt,https://pub-f29cecbaf0f845e2b4565f356f98d18d.r2.dev/content/audio/quran-studies/13%20Quran%20Study%20From%20Behrouz%20313%20Sura%207%3B12%20By%20Rashad%20Adam%20%26%20Eve's%20Body%2012%2024%201989/QS13.en-US.vtt,130006,6be87390b4a208a8578a327e23434defa1dae2ecd009580c39154f23aa2e55c8,text/vtt; charset=utf-8,pending
quran-study/13 Quran Study From Behrouz 313 Sura 7;12 By Rashad Adam & Eve's Body 12 24 1989,Quran Studies,quran-study,"QS 13 — Sura 7:12 & Adam and Eve’s Body (Rashad, 12/24/1989)",thumbnail,content/audio/quran-studies/13 Quran Study From Behrouz 313 Sura 7;12 By Rashad Adam & Eve's Body 12 24 1989/QS13.jpg,content/audio/quran-studies/13 Quran Study From Behrouz 313 Sura 7;12 By Rashad Adam & Eve's Body 12 24 1989/QS13.jpg,https://pub-f29cecbaf0f845e2b4565f356f98d18d.r2.dev/content/audio/quran-studies/13%20Quran%20Study%20From%20Behrouz%20313%20Sura%207%3B12%20By%20Rashad%20Adam%20%26%20Eve's%20Body%2012%2024%201989/QS13.jpg,14859,a3968af4cee36fe007ad6333f8277b9312c3f2a9ae4f94988fc1fbead974c728,image/jpeg,pending
quran-study/14 Quran Study From Behrouz 414 Night Of Destiny Zikr By Rashad,Quran Studies,quran-study,QS 14 — Night of Destiny & Zikr (Rashad),media,content/audio/quran-studies/14 Quran Study From Behrouz 414 Night Of Destiny Zikr By Rashad/QS14.mp3,content/audio/quran-studies/14 Quran Study From Behrouz 414 Night Of Destiny Zikr By Rashad/QS14.mp3,https://pub-f29cecbaf0f845e2b4565f356f98d18d.r2.dev/content/audio/quran-studies/14%20Quran%20Study%20From%20Behrouz%20414%20Night%20Of%20Destiny%20Zikr%20By%20Rashad/QS14.mp3,25013301,32704e0b05a5b470dc70c42973bcbea32c17f9fa801aec7b0bba5f9ed8eb1fd7,audio/mpeg,pending
quran-study/14 Quran Study From Behrouz 414 Night Of Destiny Zikr By Rashad,Quran Studies,quran-study,QS 14 — Night of Destiny & Zikr (Rashad),transcript,content/audio/quran-studies/14 Quran Study From Behrouz 414 Night Of Destiny Zikr By Rashad/QS14.en-US.vtt,content/audio/quran-studies/14 Quran Study From Behrouz 414 Night Of Destiny Zikr By Rashad/QS14.en-US.vtt,https://pub-f29cecbaf0f845e2b4565f356f98d18d.r2.dev/content/audio/quran-studies/14%20Quran%20Study%20From%20Behrouz%20414%20Night%20Of%20Destiny%20Zikr%20By%20Rashad/QS14.en-US.vtt,26538,cce0ecd7dd221c8873f094e48f11d3d8ba131b2a5133f0c15c27eb777e1f49e2,text/vtt; charset=utf-8,pending
quran-study/14 Quran Study From Behrouz 414 Night Of Destiny Zikr By Rashad,Quran Studies,quran-study,QS 14 — Night of Destiny & Zikr (Rashad),thumbnail,content/audio/quran-studies/14 Quran Study From Behrouz 414 Night Of Destiny Zikr By Rashad/QS14.jpg,content/audio/quran-studies/14 Quran Study From Behrouz 414 Night Of Destiny Zikr By Rashad/QS14.jpg,https://pub-f29cecbaf0f845e2b4565f356f98d18d.r2.dev/content/audio/quran-studies/14%20Quran%20Study%20From%20Behrouz%20414%20Night%20Of%20Destiny%20Zikr%20By%20Rashad/QS14.jpg,10473,d2797056008ef73b8ca4bc9d0fa4eba71a17f39e159c59af99430d2029d98baf,image/jpeg,pending
quran-study/15 Quran Study From Behrouz 515 Sura 54;23 By Rashad Sura 55 & Sura 56 & Sura 51 Age 40 & First Gen,Quran Studies,quran-study,"QS 15 — Sura 54–56, Age 40 & First Generation (Rashad)",media,content/audio/quran-studies/15 Quran Study From Behrouz 515 Sura 54;23 By Rashad Sura 55 & Sura 56 & Sura 51 Age 40 & First Gen/QS15.mp3,content/audio/quran-studies/15 Quran Study From Behrouz 515 Sura 54;23 By Rashad Sura 55 & Sura 56 & Sura 51 Age 40 & First Gen/QS15.mp3,https://pub-f29cecbaf0f845e2b4565f356f98d18d.r2.dev/content/audio/quran-studies/15%20Quran%20Study%20From%20Behrouz%20515%20Sura%2054%3B23%20By%20Rashad%20Sura%2055%20%26%20Sura%2056%20%26%20Sura%2051%20Age%2040%20%26%20First%20Gen/QS15.mp3,28757037,9bd7034898d4b3c782035508a7e3f8d3bde5d18ba91c08cf58d8ec321445e11a,audio/mpeg,pending
quran-study/15 Quran Study From Behrouz 515 Sura 54;23 By Rashad Sura 55 & Sura 56 & Sura 51 Age 40 & First Gen,Quran Studies,quran-study,"QS 15 — Sura 54–56, Age 40 & First Generation (Rashad)",transcript,content/audio/quran-studies/15 Quran Study From Behrouz 515 Sura 54;23 By Rashad Sura 55 & Sura 56 & Sura 51 Age 40 & First Gen/QS15.en-US.vtt,content/audio/quran-studies/15 Quran Study From Behrouz 515 Sura 54;23 By Rashad Sura 55 & Sura 56 & Sura 51 Age 40 & First Gen/QS15.en-US.vtt,https://pub-f29cecbaf0f845e2b4565f356f98d18d.r2.dev/content/audio/quran-studies/15%20Quran%20Study%20From%20Behrouz%20515%20Sura%2054%3B23%20By%20Rashad%20Sura%2055%20%26%20Sura%2056%20%26%20Sura%2051%20Age%2040%20%26%20First%20Gen/QS15.en-US.vtt,108045,b95f46860ed5f00318f60f96db084d5b71523805ef267367da0bbea95a40f5a3,text/vtt; charset=utf-8,pending
quran-study/15 Quran Study From Behrouz 515 Sura 54;23 By Rashad Sura 55 & Sura 56 & Sura 51 Age 40 & First Gen,Quran Studies,quran-study,"QS 15 — Sura 54–56, Age 40 & First Generation (Rashad)",thumbnail,content/audio/quran-studies/15 Quran Study From Behrouz 515 Sura 54;23 By Rashad Sura 55 & Sura 56 & Sura 51 Age 40 & First Gen/QS15.jpg,content/audio/quran-studies/15 Quran Study From Behrouz 515 Sura 54;23 By Rashad Sura 55 & Sura 56 & Sura 51 Age 40 & First Gen/QS15.jpg,https://pub-f29cecbaf0f845e2b4565f356f98d18d.r2.dev/content/audio/quran-studies/15%20Quran%20Study%20From%20Behrouz%20515%20Sura%2054%3B23%20By%20Rashad%20Sura%2055%20%26%20Sura%2056%20%26%20Sura%2051%20Age%2040%20%26%20First%20Gen/QS15.jpg,16496,2f5c95d98de45b8db130fb799e0014b241a94008bb97287ae672525511a0f01f,image/jpeg,pending
quran-study/16 Quran Study From Behrouz 616 Sura 64 By Rashad Nothing Happens Except Sura 70 By Edip Worry Chast,Quran Studies,quran-study,QS 16 — Sura 64 & Nothing Happens Except by GOD (Rashad),transcript,content/audio/quran-studies/16 Quran Study From Behrouz 616 Sura 64 By Rashad Nothing Happens Except Sura 70 By Edip Worry Chast/QS16.en-US.vtt,content/audio/quran-studies/16 Quran Study From Behrouz 616 Sura 64 By Rashad Nothing Happens Except Sura 70 By Edip Worry Chast/QS16.en-US.vtt,https://pub-f29cecbaf0f845e2b4565f356f98d18d.r2.dev/content/audio/quran-studies/16%20Quran%20Study%20From%20Behrouz%20616%20Sura%2064%20By%20Rashad%20Nothing%20Happens%20Except%20Sura%2070%20By%20Edip%20Worry%20Chast/QS16.en-US.vtt,87740,d9c362d2282fa2d1538b32692848cedb5315b034ea8e6699bf3908ce09a271e0,text/vtt; charset=utf-8,pending
quran-study/16 Quran Study From Behrouz 616 Sura 64 By Rashad Nothing Happens Except Sura 70 By Edip Worry Chast,Quran Studies,quran-study,QS 16 — Sura 64 & Nothing Happens Except by GOD (Rashad),thumbnail,content/audio/quran-studies/16 Quran Study From Behrouz 616 Sura 64 By Rashad Nothing Happens Except Sura 70 By Edip Worry Chast/QS16.jpg,content/audio/quran-studies/16 Quran Study From Behrouz 616 Sura 64 By Rashad Nothing Happens Except Sura 70 By Edip Worry Chast/QS16.jpg,https://pub-f29cecbaf0f845e2b4565f356f98d18d.r2.dev/content/audio/quran-studies/16%20Quran%20Study%20From%20Behrouz%20616%20Sura%2064%20By%20Rashad%20Nothing%20Happens%20Except%20Sura%2070%20By%20Edip%20Worry%20Chast/QS16.jpg,21264,a277d6916b1b5bb54fe043a81cde18352a5d024e933cb21084836e78c827278b,image/jpeg,pending
quran-study/17 Quran Study From Behrouz 717 Sura 90 & Sura 91 By Rashad Sura 82 & Sura 83 By Edip 07 21 1989No 7,Quran Studies,quran-study,"QS 17 — Sura 90–91 & Chastity Discussion (Rashad & Edip, 07/21/1989)",media,content/audio/quran-studies/17 Quran Study From Behrouz 717 Sura 90 & Sura 91 By Rashad Sura 82 & Sura 83 By Edip 07 21 1989No 7/QS17.mp3,content/audio/quran-studies/17 Quran Study From Behrouz 717 Sura 90 & Sura 91 By Rashad Sura 82 & Sura 83 By Edip 07 21 1989No 7/QS17.mp3,https://pub-f29cecbaf0f845e2b4565f356f98d18d.r2.dev/content/audio/quran-studies/17%20Quran%20Study%20From%20Behrouz%20717%20Sura%2090%20%26%20Sura%2091%20By%20Rashad%20Sura%2082%20%26%20Sura%2083%20By%20Edip%2007%2021%201989No%207/QS17.mp3,29194485,0f5f20e4228f3571e07fd060cba92f07e4e4c01fcb7a1b5c9316c0e671d19562,audio/mpeg,pending
quran-study/17 Quran Study From Behrouz 717 Sura 90 & Sura 91 By Rashad Sura 82 & Sura 83 By Edip 07 21 1989No 7,Quran Studies,quran-study,"QS 17 — Sura 90–91 & Chastity Discussion (Rashad & Edip, 07/21/1989)",transcript,content/audio/quran-studies/17 Quran Study From Behrouz 717 Sura 90 & Sura 91 By Rashad Sura 82 & Sura 83 By Edip 07 21 1989No 7/QS17.en-US.vtt,content/audio/quran-studies/17 Quran Study From Behrouz 717 Sura 90 & Sura 91 By Rashad Sura 82 & Sura 83 By Edip 07 21 1989No 7/QS17.en-US.vtt,https://pub-f29cecbaf0f845e2b4565f356f98d18d.r2.dev/content/audio/quran-studies/17%20Quran%20Study%20From%20Behrouz%20717%20Sura%2090%20%26%20Sura%2091%20By%20Rashad%20Sura%2082%20%26%20Sura%2083%20By%20Edip%2007%2021%201989No%207/QS17.en-US.vtt,95340,195381c3a2837ee922412aa95b93fa1d35bbbd355b12f10521968ae81162641a,text/vtt; charset=utf-8,pending
quran-study/17 Quran Study From Behrouz 717 Sura 90 & Sura 91 By Rashad Sura 82 & Sura 83 By Edip 07 21 1989No 7,Quran Studies,quran-study,"QS 17 — Sura 90–91 & Chastity Discussion (Rashad & Edip, 07/21/1989)",thumbnail,content/audio/quran-studies/17 Quran Study From Behrouz 717 Sura 90 & Sura 91 By Rashad Sura 82 & Sura 83 By Edip 07 21 1989No 7/QS17.jpg,content/audio/quran-studies/17 Quran Study From Behrouz 717 Sura 90 & Sura 91 By Rashad Sura 82 & Sura 83 By Edip 07 21 1989No 7/QS17.jpg,https://pub-f29cecbaf0f845e2b4565f356f98d18d.r2.dev/content/audio/quran-studies/17%20Quran%20Study%20From%20Behrouz%20717%20Sura%2090%20%26%20Sura%2091%20By%20Rashad%20Sura%2082%20%26%20Sura%2083%20By%20Edip%2007%2021%201989No%207/QS17.jpg,15633,5f64e42c08085d92642f773cf2372c145246c0e41a45fe1797f32d7190329aac,image/jpeg,pending
quran-study/18 Quran Study From Behrouz 818 Sura 61 & Sura 87 & Sura 94 By Rashad Sura 81 By Edip No 8,Quran Studies,quran-study,"QS 18 — Sura 61, 81, 87 & 94 (Rashad & Edip)",media,content/audio/quran-studies/18 Quran Study From Behrouz 818 Sura 61 & Sura 87 & Sura 94 By Rashad Sura 81 By Edip No 8/QS18.mp3,content/audio/quran-studies/18 Quran Study From Behrouz 818 Sura 61 & Sura 87 & Sura 94 By Rashad Sura 81 By Edip No 8/QS18.mp3,https://pub-f29cecbaf0f845e2b4565f356f98d18d.r2.dev/content/audio/quran-studies/18%20Quran%20Study%20From%20Behrouz%20818%20Sura%2061%20%26%20Sura%2087%20%26%20Sura%2094%20By%20Rashad%20Sura%2081%20By%20Edip%20No%208/QS18.mp3,32857485,667e08fce16804b996444ae4191c144986299a1bf964909de68cee0ad1ac6e36,audio/mpeg,pending
quran-study/18 Quran Study From Behrouz 818 Sura 61 & Sura 87 & Sura 94 By Rashad Sura 81 By Edip No 8,Quran Studies,quran-study,"QS 18 — Sura 61, 81, 87 & 94 (Rashad & Edip)",transcript,content/audio/quran-studies/18 Quran Study From Behrouz 818 Sura 61 & Sura 87 & Sura 94 By Rashad Sura 81 By Edip No 8/QS18.en-US.vtt,content/audio/quran-studies/18 Quran Study From Behrouz 818 Sura 61 & Sura 87 & Sura 94 By Rashad Sura 81 By Edip No 8/QS18.en-US.vtt,https://pub-f29cecbaf0f845e2b4565f356f98d18d.r2.dev/content/audio/quran-studies/18%20Quran%20Study%20From%20Behrouz%20818%20Sura%2061%20%26%20Sura%2087%20%26%20Sura%2094%20By%20Rashad%20Sura%2081%20By%20Edip%20No%208/QS18.en-US.vtt,98256,b95464e873f25283c3eb268a36ebb3d324dd79e99742e1680a06f57253e55550,text/vtt; charset=utf-8,pending
quran-study/18 Quran Study From Behrouz 818 Sura 61 & Sura 87 & Sura 94 By Rashad Sura 81 By Edip No 8,Quran Studies,quran-study,"QS 18 — Sura 61, 81, 87 & 94 (Rashad & Edip)",thumbnail,content/audio/quran-studies/18 Quran Study From Behrouz 818 Sura 61 & Sura 87 & Sura 94 By Rashad Sura 81 By Edip No 8/QS18.jpg,content/audio/quran-studies/18 Quran Study From Behrouz 818 Sura 61 & Sura 87 & Sura 94 By Rashad Sura 81 By Edip No 8/QS18.jpg,https://pub-f29cecbaf0f845e2b4565f356f98d18d.r2.dev/content/audio/quran-studies/18%20Quran%20Study%20From%20Behrouz%20818%20Sura%2061%20%26%20Sura%2087%20%26%20Sura%2094%20By%20Rashad%20Sura%2081%20By%20Edip%20No%208/QS18.jpg,10534,d572877672047948ef2a39b54b95a6bb942ad80f45ab83cb9373dda986e82161,image/jpeg,pending
quran-study/19 Quran Study From Behrouz 919 Sura 2;89 119 Witchcraft Reverting Intro To Blue Quran No 13,Quran Studies,quran-study,"QS 19 — Sura 2:89–119, Witchcraft & the Blue Quran (Behrouz)",media,content/audio/quran-studies/19 Quran Study From Behrouz 919 Sura 2;89 119 Witchcraft Reverting Intro To Blue Quran No 13/QS19.mp3,content/audio/quran-studies/19 Quran Study From Behrouz 919 Sura 2;89 119 Witchcraft Reverting Intro To Blue Quran No 13/QS19.mp3,https://pub-f29cecbaf0f845e2b4565f356f98d18d.r2.dev/content/audio/quran-studies/19%20Quran%20Study%20From%20Behrouz%20919%20Sura%202%3B89%20119%20Witchcraft%20Reverting%20Intro%20To%20Blue%20Quran%20No%2013/QS19.mp3,30997701,54e8c07c9dec650737bd8724ad1f05238ac16b3b8cbdf9f27817ff29c8a2e14a,audio/mpeg,pending
quran-study/19 Quran Study From Behrouz 919 Sura 2;89 119 Witchcraft Reverting Intro To Blue Quran No 13,Quran Studies,quran-study,"QS 19 — Sura 2:89–119, Witchcraft & the Blue Quran (Behrouz)",transcript,content/audio/quran-studies/19 Quran Study From Behrouz 919 Sura 2;89 119 Witchcraft Reverting Intro To Blue Quran No 13/QS19.en-US.vtt,content/audio/quran-studies/19 Quran Study From Behrouz 919 Sura 2;89 119 Witchcraft Reverting Intro To Blue Quran No 13/QS19.en-US.vtt,https://pub-f29cecbaf0f845e2b4565f356f98d18d.r2.dev/content/audio/quran-studies/19%20Quran%20Study%20From%20Behrouz%20919%20Sura%202%3B89%20119%20Witchcraft%20Reverting%20Intro%20To%20Blue%20Quran%20No%2013/QS19.en-US.vtt,95840,9e551af811e6b737e3cf1620e1f5a9227550acb954f9a03e04f7c3617b1b2318,text/vtt; charset=utf-8,pending
quran-study/19 Quran Study From Behrouz 919 Sura 2;89 119 Witchcraft Reverting Intro To Blue Quran No 13,Quran Studies,quran-study,"QS 19 — Sura 2:89–119, Witchcraft & the Blue Quran (Behrouz)",thumbnail,content/audio/quran-studies/19 Quran Study From Behrouz 919 Sura 2;89 119 Witchcraft Reverting Intro To Blue Quran No 13/QS19.jpg,content/audio/quran-studies/19 Quran Study From Behrouz 919 Sura 2;89 119 Witchcraft Reverting Intro To Blue Quran No 13/QS19.jpg,https://pub-f29cecbaf0f845e2b4565f356f98d18d.r2.dev/content/audio/quran-studies/19%20Quran%20Study%20From%20Behrouz%20919%20Sura%202%3B89%20119%20Witchcraft%20Reverting%20Intro%20To%20Blue%20Quran%20No%2013/QS19.jpg,14486,99905f057468a9525d261289539051dc2ae475771a09127694eb40439184018f,image/jpeg,pending
quran-study/20 Quran Study From Behrouz 1020 Sura 3 By M Sabahi Insurance Fear Worry,Quran Studies,quran-study,"QS 20 — Sura 3 & Insurance, Fear & Worry (M. Sabahi)",media,content/audio/quran-studies/20 Quran Study From Behrouz 1020 Sura 3 By M Sabahi Insurance Fear Worry/QS20.mp3,content/audio/quran-studies/20 Quran Study From Behrouz 1020 Sura 3 By M Sabahi Insurance Fear Worry/QS20.mp3,https://pub-f29cecbaf0f845e2b4565f356f98d18d.r2.dev/content/audio/quran-studies/20%20Quran%20Study%20From%20Behrouz%201020%20Sura%203%20By%20M%20Sabahi%20Insurance%20Fear%20Worry/QS20.mp3,23643213,62becf284b367462db3e5ad377a541e9d1da66ac8f31069c69b8686e8522d147,audio/mpeg,pending
quran-study/20 Quran Study From Behrouz 1020 Sura 3 By M Sabahi Insurance Fear Worry,Quran Studies,quran-study,"QS 20 — Sura 3 & Insurance, Fear & Worry (M. Sabahi)",transcript,content/audio/quran-studies/20 Quran Study From Behrouz 1020 Sura 3 By M Sabahi Insurance Fear Worry/QS20.en-US.vtt,content/audio/quran-studies/20 Quran Study From Behrouz 1020 Sura 3 By M Sabahi Insurance Fear Worry/QS20.en-US.vtt,https://pub-f29cecbaf0f845e2b4565f356f98d18d.r2.dev/content/audio/quran-studies/20%20Quran%20Study%20From%20Behrouz%201020%20Sura%203%20By%20M%20Sabahi%20Insurance%20Fear%20Worry/QS20.en-US.vtt,68926,9fb08f0cb27833e5d10625203f4565438b0623e3703ef67a5e01d2c56e052bae,text/vtt; charset=utf-8,pending
quran-study/20 Quran Study From Behrouz 1020 Sura 3 By M Sabahi Insurance Fear Worry,Quran Studies,quran-study,"QS 20 — Sura 3 & Insurance, Fear & Worry (M. Sabahi)",thumbnail,content/audio/quran-studies/20 Quran Study From Behrouz 1020 Sura 3 By M Sabahi Insurance Fear Worry/QS20.jpg,content/audio/quran-studies/20 Quran Study From Behrouz 1020 Sura 3 By M Sabahi Insurance Fear Worry/QS20.jpg,https://pub-f29cecbaf0f845e2b4565f356f98d18d.r2.dev/content/audio/quran-studies/20%20Quran%20Study%20From%20Behrouz%201020%20Sura%203%20By%20M%20Sabahi%20Insurance%20Fear%20Worry/QS20.jpg,8975,5dffb5a43006107fe978e1debcc25d7b340bfc2f86dda41c1af54c294b44c4dd,image/jpeg,pending
quran-study/21 Quran Study From Behrouz 1121 Sura 9;52 By Rashad The Hypocrites Apology To Parivash Sura 56;75 B,Quran Studies,quran-study,QS 21 — Sura 9:52 & The Hypocrites’ Apology (Rashad),transcript,content/audio/quran-studies/21 Quran Study From Behrouz 1121 Sura 9;52 By Rashad The Hypocrites Apology To Parivash Sura 56;75 B/QS21.en-US.vtt,content/audio/quran-studies/21 Quran Study From Behrouz 1121 Sura 9;52 By Rashad The Hypocrites Apology To Parivash Sura 56;75 B/QS21.en-US.vtt,https://pub-f29cecbaf0f845e2b4565f356f98d18d.r2.dev/content/audio/quran-studies/21%20Quran%20Study%20From%20Behrouz%201121%20Sura%209%3B52%20By%20Rashad%20The%20Hypocrites%20Apology%20To%20Parivash%20Sura%2056%3B75%20B/QS21.en-US.vtt,45419,6c66ceff19feb3d5a9b62505e38062fc6756633f1998bdc7124a35608dfa40c3,text/vtt; charset=utf-8,pending
quran-study/21 Quran Study From Behrouz 1121 Sura 9;52 By Rashad The Hypocrites Apology To Parivash Sura 56;75 B,Quran Studies,quran-study,QS 21 — Sura 9:52 & The Hypocrites’ Apology (Rashad),thumbnail,content/audio/quran-studies/21 Quran Study From Behrouz 1121 Sura 9;52 By Rashad The Hypocrites Apology To Parivash Sura 56;75 B/QS21.jpg,content/audio/quran-studies/21 Quran Study From Behrouz 1121 Sura 9;52 By Rashad The Hypocrites Apology To Parivash Sura 56;75 B/QS21.jpg,https://pub-f29cecbaf0f845e2b4565f356f98d18d.r2.dev/content/audio/quran-studies/21%20Quran%20Study%20From%20Behrouz%201121%20Sura%209%3B52%20By%20Rashad%20The%20Hypocrites%20Apology%20To%20Parivash%20Sura%2056%3B75%20B/QS21.jpg,12793,cf077e7b572d1ed13afb791f061f85de78eec3074884adc79cbaec956828b27c,image/jpeg,pending
quran-study/22 Quran Study From Behrouz 1222 Sura 39;11 By Rashad Admission Test I Don't Compromise With A Littl,Quran Studies,quran-study,QS 22 — Sura 39:11 & Admission Test (Rashad),transcript,content/audio/quran-studies/22 Quran Study From Behrouz 1222 Sura 39;11 By Rashad Admission Test I Don't Compromise With A Littl/QS22.en-US.vtt,content/audio/quran-studies/22 Quran Study From Behrouz 1222 Sura 39;11 By Rashad Admission Test I Don't Compromise With A Littl/QS22.en-US.vtt,https://pub-f29cecbaf0f845e2b4565f356f98d18d.r2.dev/content/audio/quran-studies/22%20Quran%20Study%20From%20Behrouz%201222%20Sura%2039%3B11%20By%20Rashad%20Admission%20Test%20I%20Don't%20Compromise%20With%20A%20Littl/QS22.en-US.vtt,75924,3ad768e510629c1b076d732551838368a750e23afb8ea7915166ed793955f552,text/vtt; charset=utf-8,pending
quran-study/22 Quran Study From Behrouz 1222 Sura 39;11 By Rashad Admission Test I Don't Compromise With A Littl,Quran Studies,quran-study,QS 22 — Sura 39:11 & Admission Test (Rashad),thumbnail,content/audio/quran-studies/22 Quran Study From Behrouz 1222 Sura 39;11 By Rashad Admission Test I Don't Compromise With A Littl/QS22.jpg,content/audio/quran-studies/22 Quran Study From Behrouz 1222 Sura 39;11 By Rashad Admission Test I Don't Compromise With A Littl/QS22.jpg,https://pub-f29cecbaf0f845e2b4565f356f98d18d.r2.dev/content/audio/quran-studies/22%20Quran%20Study%20From%20Behrouz%201222%20Sura%2039%3B11%20By%20Rashad%20Admission%20Test%20I%20Don't%20Compromise%20With%20A%20Littl/QS22.jpg,23223,166877838c7ba4dd4905d983787bc07c16cb7dfa63be321ac0b9b45f745dd9bb,image/jpeg,pending
quran-study/23 Quran Study From Behrouz 1323 Sura 51 By Douglas New Era Believers Are Protected From Accidents &,Quran Studies,quran-study,QS 23 — Sura 51 & Protected Believers (Douglas),media,content/audio/quran-studies/23 Quran Study From Behrouz 1323 Sura 51 By Douglas New Era Believers Are Protected From Accidents &/QS23.mp3,content/audio/quran-studies/23 Quran Study From Behrouz 1323 Sura 51 By Douglas New Era Believers Are Protected From Accidents &/QS23.mp3,https://pub-f29cecbaf0f845e2b4565f356f98d18d.r2.dev/content/audio/quran-studies/23%20Quran%20Study%20From%20Behrouz%201323%20Sura%2051%20By%20Douglas%20New%20Era%20Believers%20Are%20Protected%20From%20Accidents%20%26/QS23.mp3,21066333,1f7d9093b9f1e1f7debcc99b40c5551442666729b6e9c50aef3cd03fe240ff0d,audio/mpeg,pending
quran-study/23 Quran Study From Behrouz 1323 Sura 51 By Douglas New Era Believers Are Protected From Accidents &,Quran Studies,quran-study,QS 23 — Sura 51 & Protected Believers (Douglas),transcript,content/audio/quran-studies/23 Quran Study From Behrouz 1323 Sura 51 By Douglas New Era Believers Are Protected From Accidents &/QS23.en-US.vtt,content/audio/quran-studies/23 Quran Study From Behrouz 1323 Sura 51 By Douglas New Era Believers Are Protected From Accidents &/QS23.en-US.vtt,https://pub-f29cecbaf0f845e2b4565f356f98d18d.r2.dev/content/audio/quran-studies/23%20Quran%20Study%20From%20Behrouz%201323%20Sura%2051%20By%20Douglas%20New%20Era%20Believers%20Are%20Protected%20From%20Accidents%20%26/QS23.en-US.vtt,66376,ebaeb1ca453d8065e52aa7c6dc48d758c13261f58295a00dda851ae56c62b53e,text/vtt; charset=utf-8,pending
quran-study/23 Quran Study From Behrouz 1323 Sura 51 By Douglas New Era Believers Are Protected From Accidents &,Quran Studies,quran-study,QS 23 — Sura 51 & Protected Believers (Douglas),thumbnail,content/audio/quran-studies/23 Quran Study From Behrouz 1323 Sura 51 By Douglas New Era Believers Are Protected From Accidents &/QS23.jpg,content/audio/quran-studies/23 Quran Study From Behrouz 1323 Sura 51 By Douglas New Era Believers Are Protected From Accidents &/QS23.jpg,https://pub-f29cecbaf0f845e2b4565f356f98d18d.r2.dev/content/audio/quran-studies/23%20Quran%20Study%20From%20Behrouz%201323%20Sura%2051%20By%20Douglas%20New%20Era%20Believers%20Are%20Protected%20From%20Accidents%20%26/QS23.jpg,16244,67a894b80bf1497432be42e2be781c4d9b7e817a5375a42de63daca920a0645c,image/jpeg,pending
quran-study/24 Quran Study From Behrouz 1424 Sura 55 By Lori Alfatehe Sura 56 By Naghmeh,Quran Studies,quran-study,QS 24 — Sura 55–56 (Lori & Naghmeh),transcript,content/audio/quran-studies/24 Quran Study From Behrouz 1424 Sura 55 By Lori Alfatehe Sura 56 By Naghmeh/QS24.en-US.vtt,content/audio/quran-studies/24 Quran Study From Behrouz 1424 Sura 55 By Lori Alfatehe Sura 56 By Naghmeh/QS24.en-US.vtt,https://pub-f29cecbaf0f845e2b4565f356f98d18d.r2.dev/content/audio/quran-studies/24%20Quran%20Study%20From%20Behrouz%201424%20Sura%2055%20By%20Lori%20Alfatehe%20Sura%2056%20By%20Naghmeh/QS24.en-US.vtt,107795,08a5225a167d27bfe46b43d1b24ce48c269eacebe3430eb12a5d476fb8e2e227,text/vtt; charset=utf-8,pending
quran-study/24 Quran Study From Behrouz 1424 Sura 55 By Lori Alfatehe Sura 56 By Naghmeh,Quran Studies,quran-study,QS 24 — Sura 55–56 (Lori & Naghmeh),thumbnail,content/audio/quran-studies/24 Quran Study From Behrouz 1424 Sura 55 By Lori Alfatehe Sura 56 By Naghmeh/QS24.jpg,content/audio/quran-studies/24 Quran Study From Behrouz 1424 Sura 55 By Lori Alfatehe Sura 56 By Naghmeh/QS24.jpg,https://pub-f29cecbaf0f845e2b4565f356f98d18d.r2.dev/content/audio/quran-studies/24%20Quran%20Study%20From%20Behrouz%201424%20Sura%2055%20By%20Lori%20Alfatehe%20Sura%2056%20By%20Naghmeh/QS24.jpg,7595,db3298a9d71a8f299ce7acca4cd2f8ba7b8a2e965e08fc9d1cf4773dbf37d944,image/jpeg,pending
quran-study/25 Quran Study From Behrouz 1525 Sura 58 By Robert,Quran Studies,quran-study,QS 25 — Sura 58 (Robert),transcript,content/audio/quran-studies/25 Quran Study From Behrouz 1525 Sura 58 By Robert/QS25.en-US.vtt,content/audio/quran-studies/25 Quran Study From Behrouz 1525 Sura 58 By Robert/QS25.en-US.vtt,https://pub-f29cecbaf0f845e2b4565f356f98d18d.r2.dev/content/audio/quran-studies/25%20Quran%20Study%20From%20Behrouz%201525%20Sura%2058%20By%20Robert/QS25.en-US.vtt,67194,88b20868eae688fdc62766ae1de51064d6bfe1af261a37f413ab5b7d6c27f498,text/vtt; charset=utf-8,pending
quran-study/25 Quran Study From Behrouz 1525 Sura 58 By Robert,Quran Studies,quran-study,QS 25 — Sura 58 (Robert),thumbnail,content/audio/quran-studies/25 Quran Study From Behrouz 1525 Sura 58 By Robert/QS25.jpg,content/audio/quran-studies/25 Quran Study From Behrouz 1525 Sura 58 By Robert/QS25.jpg,https://pub-f29cecbaf0f845e2b4565f356f98d18d.r2.dev/content/audio/quran-studies/25%20Quran%20Study%20From%20Behrouz%201525%20Sura%2058%20By%20Robert/QS25.jpg,7306,f60b418233087bc9833de305fcc360ef0e1b61b71835f356279f923f592c3770,image/jpeg,pending
quran-study/26 Quran Study From Behrouz 1626 Sura 67 By Gatut Hamid Argues With Rashad,Quran Studies,quran-study,QS 26 — Sura 67 & Hamid’s Debate with Rashad (Gatut),media,content/audio/quran-studies/26 Quran Study From Behrouz 1626 Sura 67 By Gatut Hamid Argues With Rashad/QS26.mp3,content/audio/quran-studies/26 Quran Study From Behrouz 1626 Sura 67 By Gatut Hamid Argues With Rashad/QS26.mp3,https://pub-f29cecbaf0f845e2b4565f356f98d18d.r2.dev/content/audio/quran-studies/26%20Quran%20Study%20From%20Behrouz%201626%20Sura%2067%20By%20Gatut%20Hamid%20Argues%20With%20Rashad/QS26.mp3,19662837,3fbd3ca10b449a65d4127d19b99d7b6d9c97e496500fe0c619f5c57c35a26af2,audio/mpeg,pending
quran-study/26 Quran Study From Behrouz 1626 Sura 67 By Gatut Hamid Argues With Rashad,Quran Studies,quran-study,QS 26 — Sura 67 & Hamid’s Debate with Rashad (Gatut),transcript,content/audio/quran-studies/26 Quran Study From Behrouz 1626 Sura 67 By Gatut Hamid Argues With Rashad/QS26.en-US.vtt,content/audio/quran-studies/26 Quran Study From Behrouz 1626 Sura 67 By Gatut Hamid Argues With Rashad/QS26.en-US.vtt,https://pub-f29cecbaf0f845e2b4565f356f98d18d.r2.dev/content/audio/quran-studies/26%20Quran%20Study%20From%20Behrouz%201626%20Sura%2067%20By%20Gatut%20Hamid%20Argues%20With%20Rashad/QS26.en-US.vtt,65234,f22a2d124c12dbbf3560a11eb20bd8371d13dc9f38377c936755782cc8dca90f,text/vtt; charset=utf-8,pending
quran-study/26 Quran Study From Behrouz 1626 Sura 67 By Gatut Hamid Argues With Rashad,Quran Studies,quran-study,QS 26 — Sura 67 & Hamid’s Debate with Rashad (Gatut),thumbnail,content/audio/quran-studies/26 Quran Study From Behrouz 1626 Sura 67 By Gatut Hamid Argues With Rashad/QS26.jpg,content/audio/quran-studies/26 Quran Study From Behrouz 1626 Sura 67 By Gatut Hamid Argues With Rashad/QS26.jpg,https://pub-f29cecbaf0f845e2b4565f356f98d18d.r2.dev/content/audio/quran-studies/26%20Quran%20Study%20From%20Behrouz%201626%20Sura%2067%20By%20Gatut%20Hamid%20Argues%20With%20Rashad/QS26.jpg,12589,d52a37d4b14063134b2cfad77703ee643e585eb3000254a98c8c92735b3962b2,image/jpeg,pending
quran-study/27 Quran Study From Behrouz 1727 Sura 14;19 Chastity Premarital Pregnancy Sura 17;47 We Are Allowed,Quran Studies,quran-study,QS 27 — Sura 14:19 & Premarital Pregnancy Discussion (Behrouz),transcript,content/audio/quran-studies/27 Quran Study From Behrouz 1727 Sura 14;19 Chastity Premarital Pregnancy Sura 17;47 We Are Allowed/QS27.en-US.vtt,content/audio/quran-studies/27 Quran Study From Behrouz 1727 Sura 14;19 Chastity Premarital Pregnancy Sura 17;47 We Are Allowed/QS27.en-US.vtt,https://pub-f29cecbaf0f845e2b4565f356f98d18d.r2.dev/content/audio/quran-studies/27%20Quran%20Study%20From%20Behrouz%201727%20Sura%2014%3B19%20Chastity%20Premarital%20Pregnancy%20Sura%2017%3B47%20We%20Are%20Allowed/QS27.en-US.vtt,107315,79bf9bdb41a2752404bbb3a3f04b089c289b19861adbca6a5d3c4e07341e6d48,text/vtt; charset=utf-8,pending
quran-study/27 Quran Study From Behrouz 1727 Sura 14;19 Chastity Premarital Pregnancy Sura 17;47 We Are Allowed,Quran Studies,quran-study,QS 27 — Sura 14:19 & Premarital Pregnancy Discussion (Behrouz),thumbnail,content/audio/quran-studies/27 Quran Study From Behrouz 1727 Sura 14;19 Chastity Premarital Pregnancy Sura 17;47 We Are Allowed/QS27.jpg,content/audio/quran-studies/27 Quran Study From Behrouz 1727 Sura 14;19 Chastity Premarital Pregnancy Sura 17;47 We Are Allowed/QS27.jpg,https://pub-f29cecbaf0f845e2b4565f356f98d18d.r2.dev/content/audio/quran-studies/27%20Quran%20Study%20From%20Behrouz%201727%20Sura%2014%3B19%20Chastity%20Premarital%20Pregnancy%20Sura%2017%3B47%20We%20Are%20Allowed/QS27.jpg,36443,5047baae264270a2ebc6dfee0d2b44dce49c77cec068904363167add1760cd6f,image/jpeg,pending
quran-study/28 Quran Study From Parivash 128 Sura 45;33 Parivash's Home 19 Math,Quran Studies,quran-study,QS 28 — Sura 45:33 & 19 Mathematics (Parivash’s Home),transcript,content/audio/quran-studies/28 Quran Study From Parivash 128 Sura 45;33 Parivash's Home 19 Math/QS28.en-US.vtt,content/audio/quran-studies/28 Quran Study From Parivash 128 Sura 45;33 Parivash's Home 19 Math/QS28.en-US.vtt,https://pub-f29cecbaf0f845e2b4565f356f98d18d.r2.dev/content/audio/quran-studies/28%20Quran%20Study%20From%20Parivash%20128%20Sura%2045%3B33%20Parivash's%20Home%2019%20Math/QS28.en-US.vtt,73773,7c909bffb981a2e9ca766706079154a0cd1dcbfed882304745f56072d1f7c827,text/vtt; charset=utf-8,pending
quran-study/28 Quran Study From Parivash 128 Sura 45;33 Parivash's Home 19 Math,Quran Studies,quran-study,QS 28 — Sura 45:33 & 19 Mathematics (Parivash’s Home),thumbnail,content/audio/quran-studies/28 Quran Study From Parivash 128 Sura 45;33 Parivash's Home 19 Math/QS28.jpg,content/audio/quran-studies/28 Quran Study From Parivash 128 Sura 45;33 Parivash's Home 19 Math/QS28.jpg,https://pub-f29cecbaf0f845e2b4565f356f98d18d.r2.dev/content/audio/quran-studies/28%20Quran%20Study%20From%20Parivash%20128%20Sura%2045%3B33%20Parivash's%20Home%2019%20Math/QS28.jpg,8548,d98b012d0b74a485cf1a6960930060cfabf4a3f93068df901962494704ff86f9,image/jpeg,pending
quran-study/29 Quran Study From Parivash 229 Mehri's Questions Admission Test & Final Test Tucson 1985,Quran Studies,quran-study,"QS 29 — Mehri’s Questions, Admission Test & Final Test (Tucson 1985)",media,content/audio/quran-studies/29 Quran Study From Parivash 229 Mehri's Questions Admission Test & Final Test Tucson 1985/QS29.mp3,content/audio/quran-studies/29 Quran Study From Parivash 229 Mehri's Questions Admission Test & Final Test Tucson 1985/QS29.mp3,https://pub-f29cecbaf0f845e2b4565f356f98d18d.r2.dev/content/audio/quran-studies/29%20Quran%20Study%20From%20Parivash%20229%20Mehri's%20Questions%20Admission%20Test%20%26%20Final%20Test%20Tucson%201985/QS29.mp3,22779933,163f2262fe3bf143e321b6264a4e3b5fad9f8ee31957134b7af3f866ad16a656,audio/mpeg,pending
quran-study/29 Quran Study From Parivash 229 Mehri's Questions Admission Test & Final Test Tucson 1985,Quran Studies,quran-study,"QS 29 — Mehri’s Questions, Admission Test & Final Test (Tucson 1985)",transcript,content/audio/quran-studies/29 Quran Study From Parivash 229 Mehri's Questions Admission Test & Final Test Tucson 1985/QS29.en-US.vtt,content/audio/quran-studies/29 Quran Study From Parivash 229 Mehri's Questions Admission Test & Final Test Tucson 1985/QS29.en-US.vtt,https://pub-f29cecbaf0f845e2b4565f356f98d18d.r2.dev/content/audio/quran-studies/29%20Quran%20Study%20From%20Parivash%20229%20Mehri's%20Questions%20Admission%20Test%20%26%20Final%20Test%20Tucson%201985/QS29.en-US.vtt,91557,7b60b2ea2a39eed259f0686e6820f9a4f545cfa6dc4ba490783a9d9d287c3ec1,text/vtt; charset=utf-8,pending
quran-study/29 Quran Study From Parivash 229 Mehri's Questions Admission Test & Final Test Tucson 1985,Quran Studies,quran-study,"QS 29 — Mehri’s Questions, Admission Test & Final Test (Tucson 1985)",thumbnail,content/audio/quran-studies/29 Quran Study From Parivash 229 Mehri's Questions Admission Test & Final Test Tucson 1985/QS29.jpg,content/audio/quran-studies/29 Quran Study From Parivash 229 Mehri's Questions Admission Test & Final Test Tucson 1985/QS29.jpg,https://pub-f29cecbaf0f845e2b4565f356f98d18d.r2.dev/content/audio/quran-studies/29%20Quran%20Study%20From%20Parivash%20229%20Mehri's%20Questions%20Admission%20Test%20%26%20Final%20Test%20Tucson%201985/QS29.jpg,5286,cbc30e0aa00ba21c8d52f6b037eb6b4763b98a99044db70560a7a5c2499a5ba1,image/jpeg,pending
quran-study/30 Quran Study From Parivash 330 Sura 28 & Sura 57 Insurance With GOD Sura 45;33 Rashad Was Told To,Quran Studies,quran-study,"QS 30 — Sura 28 & 57, Insurance with GOD (Parivash)",transcript,content/audio/quran-studies/30 Quran Study From Parivash 330 Sura 28 & Sura 57 Insurance With GOD Sura 45;33 Rashad Was Told To/QS30.en-US.vtt,content/audio/quran-studies/30 Quran Study From Parivash 330 Sura 28 & Sura 57 Insurance With GOD Sura 45;33 Rashad Was Told To/QS30.en-US.vtt,https://pub-f29cecbaf0f845e2b4565f356f98d18d.r2.dev/content/audio/quran-studies/30%20Quran%20Study%20From%20Parivash%20330%20Sura%2028%20%26%20Sura%2057%20Insurance%20With%20GOD%20Sura%2045%3B33%20Rashad%20Was%20Told%20To/QS30.en-US.vtt,108234,22b60ffc67e22f8dc4c85e3b62d6a93a4cc384523ee6d2a99eb317473e44b012,text/vtt; charset=utf-8,pending
quran-study/30 Quran Study From Parivash 330 Sura 28 & Sura 57 Insurance With GOD Sura 45;33 Rashad Was Told To,Quran Studies,quran-study,"QS 30 — Sura 28 & 57, Insurance with GOD (Parivash)",thumbnail,content/audio/quran-studies/30 Quran Study From Parivash 330 Sura 28 & Sura 57 Insurance With GOD Sura 45;33 Rashad Was Told To/QS30.jpg,content/audio/quran-studies/30 Quran Study From Parivash 330 Sura 28 & Sura 57 Insurance With GOD Sura 45;33 Rashad Was Told To/QS30.jpg,https://pub-f29cecbaf0f845e2b4565f356f98d18d.r2.dev/content/audio/quran-studies/30%20Quran%20Study%20From%20Parivash%20330%20Sura%2028%20%26%20Sura%2057%20Insurance%20With%20GOD%20Sura%2045%3B33%20Rashad%20Was%20Told%20To/QS30.jpg,27110,d83fcd977ccc8992fb9cff9df4c99380f640397498cc0236b3541eb01e1c19c5,image/jpeg,pending
quran-study/31 Quran Study From Parivash 431 Sura 18;98 & Sura 81 Edip Azan & Salat By Rashad 11 04 1989,Quran Studies,quran-study,"QS 31 — Sura 18:98 & 81, Azan & Salat (Rashad, 11/04/1989)",media,content/audio/quran-studies/31 Quran Study From Parivash 431 Sura 18;98 & Sura 81 Edip Azan & Salat By Rashad 11 04 1989/QS31.mp3,content/audio/quran-studies/31 Quran Study From Parivash 431 Sura 18;98 & Sura 81 Edip Azan & Salat By Rashad 11 04 1989/QS31.mp3,https://pub-f29cecbaf0f845e2b4565f356f98d18d.r2.dev/content/audio/quran-studies/31%20Quran%20Study%20From%20Parivash%20431%20Sura%2018%3B98%20%26%20Sura%2081%20Edip%20Azan%20%26%20Salat%20By%20Rashad%2011%2004%201989/QS31.mp3,27136965,8771bb4563242b1b5f34cc3984717f225c7d9655db4d0550299b01cc68521cb5,audio/mpeg,pending
quran-study/31 Quran Study From Parivash 431 Sura 18;98 & Sura 81 Edip Azan & Salat By Rashad 11 04 1989,Quran Studies,quran-study,"QS 31 — Sura 18:98 & 81, Azan & Salat (Rashad, 11/04/1989)",transcript,content/audio/quran-studies/31 Quran Study From Parivash 431 Sura 18;98 & Sura 81 Edip Azan & Salat By Rashad 11 04 1989/QS31.en-US.vtt,content/audio/quran-studies/31 Quran Study From Parivash 431 Sura 18;98 & Sura 81 Edip Azan & Salat By Rashad 11 04 1989/QS31.en-US.vtt,https://pub-f29cecbaf0f845e2b4565f356f98d18d.r2.dev/content/audio/quran-studies/31%20Quran%20Study%20From%20Parivash%20431%20Sura%2018%3B98%20%26%20Sura%2081%20Edip%20Azan%20%26%20Salat%20By%20Rashad%2011%2004%201989/QS31.en-US.vtt,83422,e6e7838a9bce4eb347619e44a5d6c79c038ed71c603c05b6bb605bb91231aa8b,text/vtt; charset=utf-8,pending
quran-study/31 Quran Study From Parivash 431 Sura 18;98 & Sura 81 Edip Azan & Salat By Rashad 11 04 1989,Quran Studies,quran-study,"QS 31 — Sura 18:98 & 81, Azan & Salat (Rashad, 11/04/1989)",thumbnail,content/audio/quran-studies/31 Quran Study From Parivash 431 Sura 18;98 & Sura 81 Edip Azan & Salat By Rashad 11 04 1989/QS31.jpg,content/audio/quran-studies/31 Quran Study From Parivash 431 Sura 18;98 & Sura 81 Edip Azan & Salat By Rashad 11 04 1989/QS31.jpg,https://pub-f29cecbaf0f845e2b4565f356f98d18d.r2.dev/content/audio/quran-studies/31%20Quran%20Study%20From%20Parivash%20431%20Sura%2018%3B98%20%26%20Sura%2081%20Edip%20Azan%20%26%20Salat%20By%20Rashad%2011%2004%201989/QS31.jpg,6074,2f2c2c55ece6b3464ddf383686df4b46b5d077ca2d640b0e28e182bb03f6d539,image/jpeg,pending
quran-study/32 Quran Study From Parivash 532 Sura 60 & Sura 61 Rich Believer Certainty Insurance 114 Min 12 28 8,Quran Studies,quran-study,"QS 32 — Sura 60–61, Rich Believer & Certainty (12/28/1989)",media,content/audio/quran-studies/32 Quran Study From Parivash 532 Sura 60 & Sura 61 Rich Believer Certainty Insurance 114 Min 12 28 8/QS32.mp3,content/audio/quran-studies/32 Quran Study From Parivash 532 Sura 60 & Sura 61 Rich Believer Certainty Insurance 114 Min 12 28 8/QS32.mp3,https://pub-f29cecbaf0f845e2b4565f356f98d18d.r2.dev/content/audio/quran-studies/32%20Quran%20Study%20From%20Parivash%20532%20Sura%2060%20%26%20Sura%2061%20Rich%20Believer%20Certainty%20Insurance%20114%20Min%2012%2028%208/QS32.mp3,4633701,b1cc2d0f5f24585f359567cc896460943fd35339b8aa840de145694f2c391c25,audio/mpeg,pending
quran-study/32 Quran Study From Parivash 532 Sura 60 & Sura 61 Rich Believer Certainty Insurance 114 Min 12 28 8,Quran Studies,quran-study,"QS 32 — Sura 60–61, Rich Believer & Certainty (12/28/1989)",transcript,content/audio/quran-studies/32 Quran Study From Parivash 532 Sura 60 & Sura 61 Rich Believer Certainty Insurance 114 Min 12 28 8/QS32.en-US.vtt,content/audio/quran-studies/32 Quran Study From Parivash 532 Sura 60 & Sura 61 Rich Believer Certainty Insurance 114 Min 12 28 8/QS32.en-US.vtt,https://pub-f29cecbaf0f845e2b4565f356f98d18d.r2.dev/content/audio/quran-studies/32%20Quran%20Study%20From%20Parivash%20532%20Sura%2060%20%26%20Sura%2061%20Rich%20Believer%20Certainty%20Insurance%20114%20Min%2012%2028%208/QS32.en-US.vtt,17838,c6b2038b3f8080291b6a9ac2dbadddb9c2488c5df39e4eeb54868f70494bb371,text/vtt; charset=utf-8,pending
quran-study/32 Quran Study From Parivash 532 Sura 60 & Sura 61 Rich Believer Certainty Insurance 114 Min 12 28 8,Quran Studies,quran-study,"QS 32 — Sura 60–61, Rich Believer & Certainty (12/28/1989)",thumbnail,content/audio/quran-studies/32 Quran Study From Parivash 532 Sura 60 & Sura 61 Rich Believer Certainty Insurance 114 Min 12 28 8/QS32.jpg,content/audio/quran-studies/32 Quran Study From Parivash 532 Sura 60 & Sura 61 Rich Believer Certainty Insurance 114 Min 12 28 8/QS32.jpg,https://pub-f29cecbaf0f845e2b4565f356f98d18d.r2.dev/content/audio/quran-studies/32%20Quran%20Study%20From%20Parivash%20532%20Sura%2060%20%26%20Sura%2061%20Rich%20Believer%20Certainty%20Insurance%20114%20Min%2012%2028%208/QS32.jpg,12593,0c01755ddcfcc9dbfd4e61ee077011ca5033bf5d8c38fac3a5f713ca2d167ee3,image/jpeg,pending
quran-study/33 Quran Study From Parivash 633 Sura 74 Masud Sabahi 06 02 1989,Quran Studies,quran-study,"QS 33 — Sura 74 (Masud Sabahi, 06/02/1989)",transcript,content/audio/quran-studies/33 Quran Study From Parivash 633 Sura 74 Masud Sabahi 06 02 1989/QS33.en-US.vtt,content/audio/quran-studies/33 Quran Study From Parivash 633 Sura 74 Masud Sabahi 06 02 1989/QS33.en-US.vtt,https://pub-f29cecbaf0f845e2b4565f356f98d18d.r2.dev/content/audio/quran-studies/33%20Quran%20Study%20From%20Parivash%20633%20Sura%2074%20Masud%20Sabahi%2006%2002%201989/QS33.en-US.vtt,90631,45a9f2b95d3ceb7047945b1f13efc53c74b9a5e5e0518a3d4492af2cb3141946,text/vtt; charset=utf-8,pending
quran-study/33 Quran Study From Parivash 633 Sura 74 Masud Sabahi 06 02 1989,Quran Studies,quran-study,"QS 33 — Sura 74 (Masud Sabahi, 06/02/1989)",thumbnail,content/audio/quran-studies/33 Quran Study From Parivash 633 Sura 74 Masud Sabahi 06 02 1989/QS33.jpg,content/audio/quran-studies/33 Quran Study From Parivash 633 Sura 74 Masud Sabahi 06 02 1989/QS33.jpg,https://pub-f29cecbaf0f845e2b4565f356f98d18d.r2.dev/content/audio/quran-studies/33%20Quran%20Study%20From%20Parivash%20633%20Sura%2074%20Masud%20Sabahi%2006%2002%201989/QS33.jpg,8676,96010bd0cdb34707f7a6075aae38d5df4dc6a5e889f734f036788441617a0efb,image/jpeg,pending
quran-study/34 Quran Study From Parivash 734 Sura 33 GOD Is Physical Innovations Praying & Prostrating After Sal,Quran Studies,quran-study,"QS 34 — Sura 33, GOD Is Physical & Prayer Innovations (Parivash)",media,content/audio/quran-studies/34 Quran Study From Parivash 734 Sura 33 GOD Is Physical Innovations Praying & Prostrating After Sal/QS34.mp3,content/audio/quran-studies/34 Quran Study From Parivash 734 Sura 33 GOD Is Physical Innovations Praying & Prostrating After Sal/QS34.mp3,https://pub-f29cecbaf0f845e2b4565f356f98d18d.r2.dev/content/audio/quran-studies/34%20Quran%20Study%20From%20Parivash%20734%20Sura%2033%20GOD%20Is%20Physical%20Innovations%20Praying%20%26%20Prostrating%20After%20Sal/QS34.mp3,27983949,01c75a68414e70ea04fd51e365b3855f64ebc2e6e26232b1e1b24706bc0fa24d,audio/mpeg,pending
quran-study/34 Quran Study From Parivash 734 Sura 33 GOD Is Physical Innovations Praying & Prostrating After Sal,Quran Studies,quran-study,"QS 34 — Sura 33, GOD Is Physical & Prayer Innovations (Parivash)",transcript,content/audio/quran-studies/34 Quran Study From Parivash 734 Sura 33 GOD Is Physical Innovations Praying & Prostrating After Sal/QS34.en-US.vtt,content/audio/quran-studies/34 Quran Study From Parivash 734 Sura 33 GOD Is Physical Innovations Praying & Prostrating After Sal/QS34.en-US.vtt,https://pub-f29cecbaf0f845e2b4565f356f98d18d.r2.dev/content/audio/quran-studies/34%20Quran%20Study%20From%20Parivash%20734%20Sura%2033%20GOD%20Is%20Physical%20Innovations%20Praying%20%26%20Prostrating%20After%20Sal/QS34.en-US.vtt,122564,242ece37dde63b3cda832c4b96b8bee73a449438c00d29d7b29a2014088ce849,text/vtt; charset=utf-8,pending
quran-study/34 Quran Study From Parivash 734 Sura 33 GOD Is Physical Innovations Praying & Prostrating After Sal,Quran Studies,quran-study,"QS 34 — Sura 33, GOD Is Physical & Prayer Innovations (Parivash)",thumbnail,content/audio/quran-studies/34 Quran Study From Parivash 734 Sura 33 GOD Is Physical Innovations Praying & Prostrating After Sal/QS34.jpg,content/audio/quran-studies/34 Quran Study From Parivash 734 Sura 33 GOD Is Physical Innovations Praying & Prostrating After Sal/QS34.jpg,https://pub-f29cecbaf0f845e2b4565f356f98d18d.r2.dev/content/audio/quran-studies/34%20Quran%20Study%20From%20Parivash%20734%20Sura%2033%20GOD%20Is%20Physical%20Innovations%20Praying%20%26%20Prostrating%20After%20Sal/QS34.jpg,22611,5df66b8f77937e7492b43f00fb0c56abd9deeae724402985839d7a6f83686d18,image/jpeg,pending
quran-study/35 Quran Study From Parivash 835 Sura 30;25 Miracle Coming Out Of Biggest Brewery Intercession Alleg,Quran Studies,quran-study,QS 35 — Sura 30:25 & Miracle from the Biggest Brewery (Parivash),media,content/audio/quran-studies/35 Quran Study From Parivash 835 Sura 30;25 Miracle Coming Out Of Biggest Brewery Intercession Alleg/QS35.mp3,content/audio/quran-studies/35 Quran Study From Parivash 835 Sura 30;25 Miracle Coming Out Of Biggest Brewery Intercession Alleg/QS35.mp3,https://pub-f29cecbaf0f845e2b4565f356f98d18d.r2.dev/content/audio/quran-studies/35%20Quran%20Study%20From%20Parivash%20835%20Sura%2030%3B25%20Miracle%20Coming%20Out%20Of%20Biggest%20Brewery%20Intercession%20Alleg/QS35.mp3,36531429,41d9fe0429cd5e3c9b9cebe5d28609fa46114b6fe947553603c269d4588cbf1d,audio/mpeg,pending
quran-study/35 Quran Study From Parivash 835 Sura 30;25 Miracle Coming Out Of Biggest Brewery Intercession Alleg,Quran Studies,quran-study,QS 35 — Sura 30:25 & Miracle from the Biggest Brewery (Parivash),transcript,content/audio/quran-studies/35 Quran Study From Parivash 835 Sura 30;25 Miracle Coming Out Of Biggest Brewery Intercession Alleg/QS35.en-US.vtt,content/audio/quran-studies/35 Quran Study From Parivash 835 Sura 30;25 Miracle Coming Out Of Biggest Brewery Intercession Alleg/QS35.en-US.vtt,https://pub-f29cecbaf0f845e2b4565f356f98d18d.r2.dev/content/audio/quran-studies/35%20Quran%20Study%20From%20Parivash%20835%20Sura%2030%3B25%20Miracle%20Coming%20Out%20Of%20Biggest%20Brewery%20Intercession%20Alleg/QS35.en-US.vtt,133175,9f99253f21a113f54ab6d1a99265f1ee07aefc133a3f4d10946f7f07b2bcc726,text/vtt; charset=utf-8,pending
quran-study/35 Quran Study From Parivash 835 Sura 30;25 Miracle Coming Out Of Biggest Brewery Intercession Alleg,Quran Studies,quran-study,QS 35 — Sura 30:25 & Miracle from the Biggest Brewery (Parivash),thumbnail,content/audio/quran-studies/35 Quran Study From Parivash 835 Sura 30;25 Miracle Coming Out Of Biggest Brewery Intercession Alleg/QS35.jpg,content/audio/quran-studies/35 Quran Study From Parivash 835 Sura 30;25 Miracle Coming Out Of Biggest Brewery Intercession Alleg/QS35.jpg,https://pub-f29cecbaf0f845e2b4565f356f98d18d.r2.dev/content/audio/quran-studies/35%20Quran%20Study%20From%20Parivash%20835%20Sura%2030%3B25%20Miracle%20Coming%20Out%20Of%20Biggest%20Brewery%20Intercession%20Alleg/QS35.jpg,22493,a995a4d9e9e5a3faf4a9a6b086de3bef47af4c768e9ee6ad203d8f2f2abee0c4,image/jpeg,pending
quran-study/36 Quran Study From Parivash 936 After Fajr Prayer I Make Deliberate Mistakes To Destroy Idols Origi,Quran Studies,quran-study,QS 36 — Deliberate Mistakes to Destroy Idols (After Fajr Prayer),media,content/audio/quran-studies/36 Quran Study From Parivash 936 After Fajr Prayer I Make Deliberate Mistakes To Destroy Idols Origi/QS36.mp3,content/audio/quran-studies/36 Quran Study From Parivash 936 After Fajr Prayer I Make Deliberate Mistakes To Destroy Idols Origi/QS36.mp3,https://pub-f29cecbaf0f845e2b4565f356f98d18d.r2.dev/content/audio/quran-studies/36%20Quran%20Study%20From%20Parivash%20936%20After%20Fajr%20Prayer%20I%20Make%20Deliberate%20Mistakes%20To%20Destroy%20Idols%20Origi/QS36.mp3,19329765,6f5903bc169c7a526e1eb09f8b10569cdb96a1071ba0d9a9d07e8f0be108dee8,audio/mpeg,pending
quran-study/36 Quran Study From Parivash 936 After Fajr Prayer I Make Deliberate Mistakes To Destroy Idols Origi,Quran Studies,quran-study,QS 36 — Deliberate Mistakes to Destroy Idols (After Fajr Prayer),transcript,content/audio/quran-studies/36 Quran Study From Parivash 936 After Fajr Prayer I Make Deliberate Mistakes To Destroy Idols Origi/QS36.en-US.vtt,content/audio/quran-studies/36 Quran Study From Parivash 936 After Fajr Prayer I Make Deliberate Mistakes To Destroy Idols Origi/QS36.en-US.vtt,https://pub-f29cecbaf0f845e2b4565f356f98d18d.r2.dev/content/audio/quran-studies/36%20Quran%20Study%20From%20Parivash%20936%20After%20Fajr%20Prayer%20I%20Make%20Deliberate%20Mistakes%20To%20Destroy%20Idols%20Origi/QS36.en-US.vtt,69094,ecbd5d576cad2c4f9b218554203be93b2a9af65c28d433eea743ed9d7ce82284,text/vtt; charset=utf-8,pending
quran-study/36 Quran Study From Parivash 936 After Fajr Prayer I Make Deliberate Mistakes To Destroy Idols Origi,Quran Studies,quran-study,QS 36 — Deliberate Mistakes to Destroy Idols (After Fajr Prayer),thumbnail,content/audio/quran-studies/36 Quran Study From Parivash 936 After Fajr Prayer I Make Deliberate Mistakes To Destroy Idols Origi/QS36.jpg,content/audio/quran-studies/36 Quran Study From Parivash 936 After Fajr Prayer I Make Deliberate Mistakes To Destroy Idols Origi/QS36.jpg,https://pub-f29cecbaf0f845e2b4565f356f98d18d.r2.dev/content/audio/quran-studies/36%20Quran%20Study%20From%20Parivash%20936%20After%20Fajr%20Prayer%20I%20Make%20Deliberate%20Mistakes%20To%20Destroy%20Idols%20Origi/QS36.jpg,23780,a8483bf76e101124ffeab90c4c484c7c765fddd0d1760b11c8eb6bde44ae7b9e,image/jpeg,pending
quran-study/37 Quran Study From Parivash 1037 Shakira's Home Sura 11;68 11 04 1989,Quran Studies,quran-study,"QS 37 — Sura 11:68 (Shakira’s Home, 11/04/1989)",media,content/audio/quran-studies/37 Quran Study From Parivash 1037 Shakira's Home Sura 11;68 11 04 1989/QS37.mp3,content/audio/quran-studies/37 Quran Study From Parivash 1037 Shakira's Home Sura 11;68 11 04 1989/QS37.mp3,https://pub-f29cecbaf0f845e2b4565f356f98d18d.r2.dev/content/audio/quran-studies/37%20Quran%20Study%20From%20Parivash%201037%20Shakira's%20Home%20Sura%2011%3B68%2011%2004%201989/QS37.mp3,34196589,96a11e41fa591b9777ee3d356a7ece842a3864a687a1483312c7afb7c4fe8543,audio/mpeg,pending
quran-study/37 Quran Study From Parivash 1037 Shakira's Home Sura 11;68 11 04 1989,Quran Studies,quran-study,"QS 37 — Sura 11:68 (Shakira’s Home, 11/04/1989)",transcript,content/audio/quran-studies/37 Quran Study From Parivash 1037 Shakira's Home Sura 11;68 11 04 1989/QS37.en-US.vtt,content/audio/quran-studies/37 Quran Study From Parivash 1037 Shakira's Home Sura 11;68 11 04 1989/QS37.en-US.vtt,https://pub-f29cecbaf0f845e2b4565f356f98d18d.r2.dev/content/audio/quran-studies/37%20Quran%20Study%20From%20Parivash%201037%20Shakira's%20Home%20Sura%2011%3B68%2011%2004%201989/QS37.en-US.vtt,160166,ec17094cc4a5e5aa69977fa7362c18a719a68945b7df191a82bc49e2ab738c7d,text/vtt; charset=utf-8,pending
quran-study/37 Quran Study From Parivash 1037 Shakira's Home Sura 11;68 11 04 1989,Quran Studies,quran-study,"QS 37 — Sura 11:68 (Shakira’s Home, 11/04/1989)",thumbnail,content/audio/quran-studies/37 Quran Study From Parivash 1037 Shakira's Home Sura 11;68 11 04 1989/QS37.jpg,content/audio/quran-studies/37 Quran Study From Parivash 1037 Shakira's Home Sura 11;68 11 04 1989/QS37.jpg,https://pub-f29cecbaf0f845e2b4565f356f98d18d.r2.dev/content/audio/quran-studies/37%20Quran%20Study%20From%20Parivash%201037%20Shakira's%20Home%20Sura%2011%3B68%2011%2004%201989/QS37.jpg,12491,30c750a498a111cea132697d1df5eb6d22aaab808b065d8b68f5c6c7d784f95a,image/jpeg,pending
quran-study/38 Quran Study From Parivash 1138 Certainty 11 29 1989,Quran Studies,quran-study,QS 38 — Certainty (11/29/1989),media,content/audio/quran-studies/38 Quran Study From Parivash 1138 Certainty 11 29 1989/QS38.mp3,content/audio/quran-studies/38 Quran Study From Parivash 1138 Certainty 11 29 1989/QS38.mp3,https://pub-f29cecbaf0f845e2b4565f356f98d18d.r2.dev/content/audio/quran-studies/38%20Quran%20Study%20From%20Parivash%201138%20Certainty%2011%2029%201989/QS38.mp3,22147437,cfb18fdcc102de886d259fbed319e63672a316a339ec083d1ee70278f87a32bc,audio/mpeg,pending
quran-study/38 Quran Study From Parivash 1138 Certainty 11 29 1989,Quran Studies,quran-study,QS 38 — Certainty (11/29/1989),transcript,content/audio/quran-studies/38 Quran Study From Parivash 1138 Certainty 11 29 1989/QS38.en-US.vtt,content/audio/quran-studies/38 Quran Study From Parivash 1138 Certainty 11 29 1989/QS38.en-US.vtt,https://pub-f29cecbaf0f845e2b4565f356f98d18d.r2.dev/content/audio/quran-studies/38%20Quran%20Study%20From%20Parivash%201138%20Certainty%2011%2029%201989/QS38.en-US.vtt,90819,d14e9e6a4541cad7580ca6c92575e673d9aa156308f4b75f8171bae097ac75ff,text/vtt; charset=utf-8,pending
quran-study/38 Quran Study From Parivash 1138 Certainty 11 29 1989,Quran Studies,quran-study,QS 38 — Certainty (11/29/1989),thumbnail,content/audio/quran-studies/38 Quran Study From Parivash 1138 Certainty 11 29 1989/QS38.jpg,content/audio/quran-studies/38 Quran Study From Parivash 1138 Certainty 11 29 1989/QS38.jpg,https://pub-f29cecbaf0f845e2b4565f356f98d18d.r2.dev/content/audio/quran-studies/38%20Quran%20Study%20From%20Parivash%201138%20Certainty%2011%2029%201989/QS38.jpg,10290,7ccbdf71da5cd28953b2a3ae731190b445f737f3709220273978df7f25976dea,image/jpeg,pending
quran-study/39 Quran Study From Parivash 1239 Sura 60 & Sura 61 Rich Believer Certainty Insurance 114 Min 12 28,Quran Studies,quran-study,"QS 39 — Sura 60–61, Rich Believer & Certainty (Extended Session)",media,content/audio/quran-studies/39 Quran Study From Parivash 1239 Sura 60 & Sura 61 Rich Believer Certainty Insurance 114 Min 12 28/QS39.mp3,content/audio/quran-studies/39 Quran Study From Parivash 1239 Sura 60 & Sura 61 Rich Believer Certainty Insurance 114 Min 12 28/QS39.mp3,https://pub-f29cecbaf0f845e2b4565f356f98d18d.r2.dev/content/audio/quran-studies/39%20Quran%20Study%20From%20Parivash%201239%20Sura%2060%20%26%20Sura%2061%20Rich%20Believer%20Certainty%20Insurance%20114%20Min%2012%2028/QS39.mp3,38272677,7d3aa3f764ca1839c34376a62e9c0c4e861f9428481aec280c74f840db57d9f9,audio/mpeg,pending
quran-study/39 Quran Study From Parivash 1239 Sura 60 & Sura 61 Rich Believer Certainty Insurance 114 Min 12 28,Quran Studies,quran-study,"QS 39 — Sura 60–61, Rich Believer & Certainty (Extended Session)",transcript,content/audio/quran-studies/39 Quran Study From Parivash 1239 Sura 60 & Sura 61 Rich Believer Certainty Insurance 114 Min 12 28/QS39.en-US.vtt,content/audio/quran-studies/39 Quran Study From Parivash 1239 Sura 60 & Sura 61 Rich Believer Certainty Insurance 114 Min 12 28/QS39.en-US.vtt,https://pub-f29cecbaf0f845e2b4565f356f98d18d.r2.dev/content/audio/quran-studies/39%20Quran%20Study%20From%20Parivash%201239%20Sura%2060%20%26%20Sura%2061%20Rich%20Believer%20Certainty%20Insurance%20114%20Min%2012%2028/QS39.en-US.vtt,122144,3813f465e7c72ea5cfee41fca2a56d61a569112ea68b9d32a9bae7753cc7b71f,text/vtt; charset=utf-8,pending
quran-study/39 Quran Study From Parivash 1239 Sura 60 & Sura 61 Rich Believer Certainty Insurance 114 Min 12 28,Quran Studies,quran-study,"QS 39 — Sura 60–61, Rich Believer & Certainty (Extended Session)",thumbnail,content/audio/quran-studies/39 Quran Study From Parivash 1239 Sura 60 & Sura 61 Rich Believer Certainty Insurance 114 Min 12 28/QS39.jpg,content/audio/quran-studies/39 Quran Study From Parivash 1239 Sura 60 & Sura 61 Rich Believer Certainty Insurance 114 Min 12 28/QS39.jpg,https://pub-f29cecbaf0f845e2b4565f356f98d18d.r2.dev/content/audio/quran-studies/39%20Quran%20Study%20From%20Parivash%201239%20Sura%2060%20%26%20Sura%2061%20Rich%20Believer%20Certainty%20Insurance%20114%20Min%2012%2028/QS39.jpg,23159,5043465b29e897b9ae51edf41aa2e62398f716d45755a47e521f7e0024cf8dd7,image/jpeg,pending
quran-study/40 Quran Study From Parivash 1340 Sura 3;59 12 29 1989,Quran Studies,quran-study,QS 40 — Sura 3:59 (12/29/1989),media,content/audio/quran-studies/40 Quran Study From Parivash 1340 Sura 3;59 12 29 1989/QS40.mp3,content/audio/quran-studies/40 Quran Study From Parivash 1340 Sura 3;59 12 29 1989/QS40.mp3,https://pub-f29cecbaf0f845e2b4565f356f98d18d.r2.dev/content/audio/quran-studies/40%20Quran%20Study%20From%20Parivash%201340%20Sura%203%3B59%2012%2029%201989/QS40.mp3,19178541,5691baf31cd1f49b1e89942020781c07f2d51ab76ddceb6ad6e6d1dd43dc3291,audio/mpeg,pending
quran-study/40 Quran Study From Parivash 1340 Sura 3;59 12 29 1989,Quran Studies,quran-study,QS 40 — Sura 3:59 (12/29/1989),transcript,content/audio/quran-studies/40 Quran Study From Parivash 1340 Sura 3;59 12 29 1989/QS40.en-US.vtt,content/audio/quran-studies/40 Quran Study From Parivash 1340 Sura 3;59 12 29 1989/QS40.en-US.vtt,https://pub-f29cecbaf0f845e2b4565f356f98d18d.r2.dev/content/audio/quran-studies/40%20Quran%20Study%20From%20Parivash%201340%20Sura%203%3B59%2012%2029%201989/QS40.en-US.vtt,67200,91e6c2d6498affea4913e7dd0ceb45943806cc481ba35f48cf7a8b9eab6eb0b4,text/vtt; charset=utf-8,pending
quran-study/40 Quran Study From Parivash 1340 Sura 3;59 12 29 1989,Quran Studies,quran-study,QS 40 — Sura 3:59 (12/29/1989),thumbnail,content/audio/quran-studies/40 Quran Study From Parivash 1340 Sura 3;59 12 29 1989/QS40.jpg,content/audio/quran-studies/40 Quran Study From Parivash 1340 Sura 3;59 12 29 1989/QS40.jpg,https://pub-f29cecbaf0f845e2b4565f356f98d18d.r2.dev/content/audio/quran-studies/40%20Quran%20Study%20From%20Parivash%201340%20Sura%203%3B59%2012%2029%201989/QS40.jpg,10934,49486dfd26f4010d9b4f4961ae390d0ca28b3ba2d7feba93d8986a789c3af765,image/jpeg,pending
quran-study/41 Quran Study From Parivash 1441 Sura 54 By Rashad Alfateha For Anything You Wish Extreme Libertari,Quran Studies,quran-study,QS 41 — Sura 54 & Al-Fateha for Anything You Wish (Rashad),media,content/audio/quran-studies/41 Quran Study From Parivash 1441 Sura 54 By Rashad Alfateha For Anything You Wish Extreme Libertari/QS41.mp3,content/audio/quran-studies/41 Quran Study From Parivash 1441 Sura 54 By Rashad Alfateha For Anything You Wish Extreme Libertari/QS41.mp3,https://pub-f29cecbaf0f845e2b4565f356f98d18d.r2.dev/content/audio/quran-studies/41%20Quran%20Study%20From%20Parivash%201441%20Sura%2054%20By%20Rashad%20Alfateha%20For%20Anything%20You%20Wish%20Extreme%20Libertari/QS41.mp3,17066085,5528fbafca43f8edec5dcbb7c057d56edcebfa7998a2f3aec3db334690b61b8b,audio/mpeg,pending
quran-study/41 Quran Study From Parivash 1441 Sura 54 By Rashad Alfateha For Anything You Wish Extreme Libertari,Quran Studies,quran-study,QS 41 — Sura 54 & Al-Fateha for Anything You Wish (Rashad),transcript,content/audio/quran-studies/41 Quran Study From Parivash 1441 Sura 54 By Rashad Alfateha For Anything You Wish Extreme Libertari/QS41.en-US.vtt,content/audio/quran-studies/41 Quran Study From Parivash 1441 Sura 54 By Rashad Alfateha For Anything You Wish Extreme Libertari/QS41.en-US.vtt,https://pub-f29cecbaf0f845e2b4565f356f98d18d.r2.dev/content/audio/quran-studies/41%20Quran%20Study%20From%20Parivash%201441%20Sura%2054%20By%20Rashad%20Alfateha%20For%20Anything%20You%20Wish%20Extreme%20Libertari/QS41.en-US.vtt,58828,401ace0fdf7210d0ddda6c9202e75e1b8959050989deeeea3c108a83cfee3d79,text/vtt; charset=utf-8,pending
quran-study/41 Quran Study From Parivash 1441 Sura 54 By Rashad Alfateha For Anything You Wish Extreme Libertari,Quran Studies,quran-study,QS 41 — Sura 54 & Al-Fateha for Anything You Wish (Rashad),thumbnail,content/audio/quran-studies/41 Quran Study From Parivash 1441 Sura 54 By Rashad Alfateha For Anything You Wish Extreme Libertari/QS41.jpg,content/audio/quran-studies/41 Quran Study From Parivash 1441 Sura 54 By Rashad Alfateha For Anything You Wish Extreme Libertari/QS41.jpg,https://pub-f29cecbaf0f845e2b4565f356f98d18d.r2.dev/content/audio/quran-studies/41%20Quran%20Study%20From%20Parivash%201441%20Sura%2054%20By%20Rashad%20Alfateha%20For%20Anything%20You%20Wish%20Extreme%20Libertari/QS41.jpg,18366,d390b456950d9eb872758ed1ae32ec7782658030a52afe3b6242619f8abfc2e7,image/jpeg,pending
quran-study/42 Quran Study From Roxana 142 Interview With Rashad By Ray Caton Insurance Interest,Quran Studies,quran-study,QS 42 — Interview with Rashad by Ray Caton (Insurance & Interest),media,content/audio/quran-studies/42 Quran Study From Roxana 142 Interview With Rashad By Ray Caton Insurance Interest/QS42.mp3,content/audio/quran-studies/42 Quran Study From Roxana 142 Interview With Rashad By Ray Caton Insurance Interest/QS42.mp3,https://pub-f29cecbaf0f845e2b4565f356f98d18d.r2.dev/content/audio/quran-studies/42%20Quran%20Study%20From%20Roxana%20142%20Interview%20With%20Rashad%20By%20Ray%20Caton%20Insurance%20Interest/QS42.mp3,21458541,8888575774dd42d38369747ee5fc6a064280a4885a5cb2e6844ef472042c4ace,audio/mpeg,pending
quran-study/42 Quran Study From Roxana 142 Interview With Rashad By Ray Caton Insurance Interest,Quran Studies,quran-study,QS 42 — Interview with Rashad by Ray Caton (Insurance & Interest),transcript,content/audio/quran-studies/42 Quran Study From Roxana 142 Interview With Rashad By Ray Caton Insurance Interest/QS42.en-US.vtt,content/audio/quran-studies/42 Quran Study From Roxana 142 Interview With Rashad By Ray Caton Insurance Interest/QS42.en-US.vtt,https://pub-f29cecbaf0f845e2b4565f356f98d18d.r2.dev/content/audio/quran-studies/42%20Quran%20Study%20From%20Roxana%20142%20Interview%20With%20Rashad%20By%20Ray%20Caton%20Insurance%20Interest/QS42.en-US.vtt,74485,e6ae006163e89fa2bdd6a548916a3181d4ff6523303d315f93b9c198b933034c,text/vtt; charset=utf-8,pending
quran-study/42 Quran Study From Roxana 142 Interview With Rashad By Ray Caton Insurance Interest,Quran Studies,quran-study,QS 42 — Interview with Rashad by Ray Caton (Insurance & Interest),thumbnail,content/audio/quran-studies/42 Quran Study From Roxana 142 Interview With Rashad By Ray Caton Insurance Interest/QS42.jpg,content/audio/quran-studies/42 Quran Study From Roxana 142 Interview With Rashad By Ray Caton Insurance Interest/QS42.jpg,https://pub-f29cecbaf0f845e2b4565f356f98d18d.r2.dev/content/audio/quran-studies/42%20Quran%20Study%20From%20Roxana%20142%20Interview%20With%20Rashad%20By%20Ray%20Caton%20Insurance%20Interest/QS42.jpg,17357,22e0c1f7a7940ac9e7e69534081e8107253b5c53bbc33a50aa27175a759ec302,image/jpeg,pending
quran-study/43 Quran Study From Roxana 243 Third International Conference Tucson Rashad's Speech Sura 17;39 Insu,Quran Studies,quran-study,QS 43 — Third USI Conference Speech (Rashad),media,content/audio/quran-studies/43 Quran Study From Roxana 243 Third International Conference Tucson Rashad's Speech Sura 17;39 Insu/QS43.mp3,content/audio/quran-studies/43 Quran Study From Roxana 243 Third International Conference Tucson Rashad's Speech Sura 17;39 Insu/QS43.mp3,https://pub-f29cecbaf0f845e2b4565f356f98d18d.r2.dev/content/audio/quran-studies/43%20Quran%20Study%20From%20Roxana%20243%20Third%20International%20Conference%20Tucson%20Rashad's%20Speech%20Sura%2017%3B39%20Insu/QS43.mp3,31870653,dc9825b734345b982bdb97a4453a3f2d4795d6735e2ac026a0a8563797bf11e4,audio/mpeg,pending
quran-study/43 Quran Study From Roxana 243 Third International Conference Tucson Rashad's Speech Sura 17;39 Insu,Quran Studies,quran-study,QS 43 — Third USI Conference Speech (Rashad),transcript,content/audio/quran-studies/43 Quran Study From Roxana 243 Third International Conference Tucson Rashad's Speech Sura 17;39 Insu/QS43.en-US.vtt,content/audio/quran-studies/43 Quran Study From Roxana 243 Third International Conference Tucson Rashad's Speech Sura 17;39 Insu/QS43.en-US.vtt,https://pub-f29cecbaf0f845e2b4565f356f98d18d.r2.dev/content/audio/quran-studies/43%20Quran%20Study%20From%20Roxana%20243%20Third%20International%20Conference%20Tucson%20Rashad's%20Speech%20Sura%2017%3B39%20Insu/QS43.en-US.vtt,104197,5d693f3dafd954fbe075502023c903f29119175beff110e60fbb484c46f89f2e,text/vtt; charset=utf-8,pending
quran-study/43 Quran Study From Roxana 243 Third International Conference Tucson Rashad's Speech Sura 17;39 Insu,Quran Studies,quran-study,QS 43 — Third USI Conference Speech (Rashad),thumbnail,content/audio/quran-studies/43 Quran Study From Roxana 243 Third International Conference Tucson Rashad's Speech Sura 17;39 Insu/QS43.jpg,content/audio/quran-studies/43 Quran Study From Roxana 243 Third International Conference Tucson Rashad's Speech Sura 17;39 Insu/QS43.jpg,https://pub-f29cecbaf0f845e2b4565f356f98d18d.r2.dev/content/audio/quran-studies/43%20Quran%20Study%20From%20Roxana%20243%20Third%20International%20Conference%20Tucson%20Rashad's%20Speech%20Sura%2017%3B39%20Insu/QS43.jpg,28239,15af225a4199d6bf8debb7f2129a7c2448ffd9f74d151538d08322af26f2d186,image/jpeg,pending
quran-study/44 Quran Study From Roxana 344 Sura 64 By Rashad Nothing Happens Angels Are Best Surgons Sura 59 By,Quran Studies,quran-study,QS 44 — Sura 64 & Nothing Happens Except by GOD (Rashad),media,content/audio/quran-studies/44 Quran Study From Roxana 344 Sura 64 By Rashad Nothing Happens Angels Are Best Surgons Sura 59 By/QS44.mp3,content/audio/quran-studies/44 Quran Study From Roxana 344 Sura 64 By Rashad Nothing Happens Angels Are Best Surgons Sura 59 By/QS44.mp3,https://pub-f29cecbaf0f845e2b4565f356f98d18d.r2.dev/content/audio/quran-studies/44%20Quran%20Study%20From%20Roxana%20344%20Sura%2064%20By%20Rashad%20Nothing%20Happens%20Angels%20Are%20Best%20Surgons%20Sura%2059%20By/QS44.mp3,27473421,50098f8623a49b9f6eaafa36ba63033bbba51d6a02e8cf3183bffd8538740829,audio/mpeg,pending
quran-study/44 Quran Study From Roxana 344 Sura 64 By Rashad Nothing Happens Angels Are Best Surgons Sura 59 By,Quran Studies,quran-study,QS 44 — Sura 64 & Nothing Happens Except by GOD (Rashad),transcript,content/audio/quran-studies/44 Quran Study From Roxana 344 Sura 64 By Rashad Nothing Happens Angels Are Best Surgons Sura 59 By/QS44.en-US.vtt,content/audio/quran-studies/44 Quran Study From Roxana 344 Sura 64 By Rashad Nothing Happens Angels Are Best Surgons Sura 59 By/QS44.en-US.vtt,https://pub-f29cecbaf0f845e2b4565f356f98d18d.r2.dev/content/audio/quran-studies/44%20Quran%20Study%20From%20Roxana%20344%20Sura%2064%20By%20Rashad%20Nothing%20Happens%20Angels%20Are%20Best%20Surgons%20Sura%2059%20By/QS44.en-US.vtt,93403,9ba8aaec05b0fac72543f250d02c0bc925b69f21bf56d7f027f0a4306431d033,text/vtt; charset=utf-8,pending
quran-study/44 Quran Study From Roxana 344 Sura 64 By Rashad Nothing Happens Angels Are Best Surgons Sura 59 By,Quran Studies,quran-study,QS 44 — Sura 64 & Nothing Happens Except by GOD (Rashad),thumbnail,content/audio/quran-studies/44 Quran Study From Roxana 344 Sura 64 By Rashad Nothing Happens Angels Are Best Surgons Sura 59 By/QS44.jpg,content/audio/quran-studies/44 Quran Study From Roxana 344 Sura 64 By Rashad Nothing Happens Angels Are Best Surgons Sura 59 By/QS44.jpg,https://pub-f29cecbaf0f845e2b4565f356f98d18d.r2.dev/content/audio/quran-studies/44%20Quran%20Study%20From%20Roxana%20344%20Sura%2064%20By%20Rashad%20Nothing%20Happens%20Angels%20Are%20Best%20Surgons%20Sura%2059%20By/QS44.jpg,19082,93698af4fc634019816da92c14f06aa1d04b7d683b459be6e348883cb418bab0,image/jpeg,pending
quran-study/45 Quran Study From Roxana 445 Sura 40 By Rashad Firoz's Home Deja Vu Believers Usually 95 Yrs Old F,Quran Studies,quran-study,QS 45 — Sura 40 & Déjà Vu (Rashad at Firoz’s Home),media,content/audio/quran-studies/45 Quran Study From Roxana 445 Sura 40 By Rashad Firoz's Home Deja Vu Believers Usually 95 Yrs Old F/QS45.mp3,content/audio/quran-studies/45 Quran Study From Roxana 445 Sura 40 By Rashad Firoz's Home Deja Vu Believers Usually 95 Yrs Old F/QS45.mp3,https://pub-f29cecbaf0f845e2b4565f356f98d18d.r2.dev/content/audio/quran-studies/45%20Quran%20Study%20From%20Roxana%20445%20Sura%2040%20By%20Rashad%20Firoz's%20Home%20Deja%20Vu%20Believers%20Usually%2095%20Yrs%20Old%20F/QS45.mp3,23360637,abf2c36b3242d38bbb9f16c1a03281086037475cf0adb30cfe46fbf8d8d7327c,audio/mpeg,pending
quran-study/45 Quran Study From Roxana 445 Sura 40 By Rashad Firoz's Home Deja Vu Believers Usually 95 Yrs Old F,Quran Studies,quran-study,QS 45 — Sura 40 & Déjà Vu (Rashad at Firoz’s Home),transcript,content/audio/quran-studies/45 Quran Study From Roxana 445 Sura 40 By Rashad Firoz's Home Deja Vu Believers Usually 95 Yrs Old F/QS45.en-US.vtt,content/audio/quran-studies/45 Quran Study From Roxana 445 Sura 40 By Rashad Firoz's Home Deja Vu Believers Usually 95 Yrs Old F/QS45.en-US.vtt,https://pub-f29cecbaf0f845e2b4565f356f98d18d.r2.dev/content/audio/quran-studies/45%20Quran%20Study%20From%20Roxana%20445%20Sura%2040%20By%20Rashad%20Firoz's%20Home%20Deja%20Vu%20Believers%20Usually%2095%20Yrs%20Old%20F/QS45.en-US.vtt,111509,0551272332170793039988da8aa91bddf7041c5e524f53661ca522e73fc6cbaf,text/vtt; charset=utf-8,pending
quran-study/45 Quran Study From Roxana 445 Sura 40 By Rashad Firoz's Home Deja Vu Believers Usually 95 Yrs Old F,Quran Studies,quran-study,QS 45 — Sura 40 & Déjà Vu (Rashad at Firoz’s Home),thumbnail,content/audio/quran-studies/45 Quran Study From Roxana 445 Sura 40 By Rashad Firoz's Home Deja Vu Believers Usually 95 Yrs Old F/QS45.jpg,content/audio/quran-studies/45 Quran Study From Roxana 445 Sura 40 By Rashad Firoz's Home Deja Vu Believers Usually 95 Yrs Old F/QS45.jpg,https://pub-f29cecbaf0f845e2b4565f356f98d18d.r2.dev/content/audio/quran-studies/45%20Quran%20Study%20From%20Roxana%20445%20Sura%2040%20By%20Rashad%20Firoz's%20Home%20Deja%20Vu%20Believers%20Usually%2095%20Yrs%20Old%20F/QS45.jpg,24276,c000be01a9a84f9218914858a3d4e67d8426cd6b0d38154769a585cc2065eedd,image/jpeg,pending
quran-study/46 Quran Study From Roxana 546 Sura 37;159 To 38;25 Sura 9;50 & Sura 39;11 Admission Test I Don't Co,Quran Studies,quran-study,QS 46 — Sura 37:159–38:25 & Admission Test (Rashad),media,content/audio/quran-studies/46 Quran Study From Roxana 546 Sura 37;159 To 38;25 Sura 9;50 & Sura 39;11 Admission Test I Don't Co/QS46.mp3,content/audio/quran-studies/46 Quran Study From Roxana 546 Sura 37;159 To 38;25 Sura 9;50 & Sura 39;11 Admission Test I Don't Co/QS46.mp3,https://pub-f29cecbaf0f845e2b4565f356f98d18d.r2.dev/content/audio/quran-studies/46%20Quran%20Study%20From%20Roxana%20546%20Sura%2037%3B159%20To%2038%3B25%20Sura%209%3B50%20%26%20Sura%2039%3B11%20Admission%20Test%20I%20Don't%20Co/QS46.mp3,27550797,53ea55168d05a0685cfd2f7e06704a7db336bfb394da8bf1ec68badc32043f3f,audio/mpeg,pending
quran-study/46 Quran Study From Roxana 546 Sura 37;159 To 38;25 Sura 9;50 & Sura 39;11 Admission Test I Don't Co,Quran Studies,quran-study,QS 46 — Sura 37:159–38:25 & Admission Test (Rashad),transcript,content/audio/quran-studies/46 Quran Study From Roxana 546 Sura 37;159 To 38;25 Sura 9;50 & Sura 39;11 Admission Test I Don't Co/QS46.en-US.vtt,content/audio/quran-studies/46 Quran Study From Roxana 546 Sura 37;159 To 38;25 Sura 9;50 & Sura 39;11 Admission Test I Don't Co/QS46.en-US.vtt,https://pub-f29cecbaf0f845e2b4565f356f98d18d.r2.dev/content/audio/quran-studies/46%20Quran%20Study%20From%20Roxana%20546%20Sura%2037%3B159%20To%2038%3B25%20Sura%209%3B50%20%26%20Sura%2039%3B11%20Admission%20Test%20I%20Don't%20Co/QS46.en-US.vtt,97996,dc16c7f60cc1f251614176b0d65470851c43d90369a3f32ca13b53bb5022a888,text/vtt; charset=utf-8,pending
quran-study/46 Quran Study From Roxana 546 Sura 37;159 To 38;25 Sura 9;50 & Sura 39;11 Admission Test I Don't Co,Quran Studies,quran-study,QS 46 — Sura 37:159–38:25 & Admission Test (Rashad),thumbnail,content/audio/quran-studies/46 Quran Study From Roxana 546 Sura 37;159 To 38;25 Sura 9;50 & Sura 39;11 Admission Test I Don't Co/QS46.jpg,content/audio/quran-studies/46 Quran Study From Roxana 546 Sura 37;159 To 38;25 Sura 9;50 & Sura 39;11 Admission Test I Don't Co/QS46.jpg,https://pub-f29cecbaf0f845e2b4565f356f98d18d.r2.dev/content/audio/quran-studies/46%20Quran%20Study%20From%20Roxana%20546%20Sura%2037%3B159%20To%2038%3B25%20Sura%209%3B50%20%26%20Sura%2039%3B11%20Admission%20Test%20I%20Don't%20Co/QS46.jpg,32080,fc27db550dc101fb27c98da039c8a1fbb324b8bdf99633311ad3febef7bd3f74,image/jpeg,pending
quran-study/47 Quran Study From Roxana 647 Introduction To Blue Quran Sura 1 & Beginning Of Sura 2,Quran Studies,quran-study,QS 47 — Introduction to the Blue Quran (Sura 1–2),media,content/audio/quran-studies/47 Quran Study From Roxana 647 Introduction To Blue Quran Sura 1 & Beginning Of Sura 2/QS47.mp3,content/audio/quran-studies/47 Quran Study From Roxana 647 Introduction To Blue Quran Sura 1 & Beginning Of Sura 2/QS47.mp3,https://pub-f29cecbaf0f845e2b4565f356f98d18d.r2.dev/content/audio/quran-studies/47%20Quran%20Study%20From%20Roxana%20647%20Introduction%20To%20Blue%20Quran%20Sura%201%20%26%20Beginning%20Of%20Sura%202/QS47.mp3,30270213,06cca39a915b7fc504e2fc3debc83b9dcc4e7c11aa7e66212f68857cbf9db58f,audio/mpeg,pending
quran-study/47 Quran Study From Roxana 647 Introduction To Blue Quran Sura 1 & Beginning Of Sura 2,Quran Studies,quran-study,QS 47 — Introduction to the Blue Quran (Sura 1–2),transcript,content/audio/quran-studies/47 Quran Study From Roxana 647 Introduction To Blue Quran Sura 1 & Beginning Of Sura 2/QS47.en-US.vtt,content/audio/quran-studies/47 Quran Study From Roxana 647 Introduction To Blue Quran Sura 1 & Beginning Of Sura 2/QS47.en-US.vtt,https://pub-f29cecbaf0f845e2b4565f356f98d18d.r2.dev/content/audio/quran-studies/47%20Quran%20Study%20From%20Roxana%20647%20Introduction%20To%20Blue%20Quran%20Sura%201%20%26%20Beginning%20Of%20Sura%202/QS47.en-US.vtt,100976,75b238bf383161bf02b409f5830ef09e162fa4e775335a812546469d6bf385ac,text/vtt; charset=utf-8,pending
quran-study/47 Quran Study From Roxana 647 Introduction To Blue Quran Sura 1 & Beginning Of Sura 2,Quran Studies,quran-study,QS 47 — Introduction to the Blue Quran (Sura 1–2),thumbnail,content/audio/quran-studies/47 Quran Study From Roxana 647 Introduction To Blue Quran Sura 1 & Beginning Of Sura 2/QS47.jpg,content/audio/quran-studies/47 Quran Study From Roxana 647 Introduction To Blue Quran Sura 1 & Beginning Of Sura 2/QS47.jpg,https://pub-f29cecbaf0f845e2b4565f356f98d18d.r2.dev/content/audio/quran-studies/47%20Quran%20Study%20From%20Roxana%20647%20Introduction%20To%20Blue%20Quran%20Sura%201%20%26%20Beginning%20Of%20Sura%202/QS47.jpg,18483,1195a0af8b3683af8e54d6aca8690b4829ceaaa040b233ca90443c5eb45ea13a,image/jpeg,pending
quran-study/48 Quran Study 48 Rashad's Speech Parivash's Home Salat Zakat Fazeli A Muhamaden Argues 01 11 1989,Quran Studies,quran-study,"QS 48 — Rashad’s Speech & Salat/Zakat Discussion (Parivash’s Home, 01/11/1989)",media,content/audio/quran-studies/48 Quran Study 48 Rashad's Speech Parivash's Home Salat Zakat Fazeli A Muhamaden Argues 01 11 1989/QS48.mp3,content/audio/quran-studies/48 Quran Study 48 Rashad's Speech Parivash's Home Salat Zakat Fazeli A Muhamaden Argues 01 11 1989/QS48.mp3,https://pub-f29cecbaf0f845e2b4565f356f98d18d.r2.dev/content/audio/quran-studies/48%20Quran%20Study%2048%20Rashad's%20Speech%20Parivash's%20Home%20Salat%20Zakat%20Fazeli%20A%20Muhamaden%20Argues%2001%2011%201989/QS48.mp3,31665309,c11ea5edff2acf6ac90c59260568f09784a8f1d7e60c464c0716a0a5be929ea0,audio/mpeg,pending
quran-study/48 Quran Study 48 Rashad's Speech Parivash's Home Salat Zakat Fazeli A Muhamaden Argues 01 11 1989,Quran Studies,quran-study,"QS 48 — Rashad’s Speech & Salat/Zakat Discussion (Parivash’s Home, 01/11/1989)",transcript,content/audio/quran-studies/48 Quran Study 48 Rashad's Speech Parivash's Home Salat Zakat Fazeli A Muhamaden Argues 01 11 1989/QS48.en-US.vtt,content/audio/quran-studies/48 Quran Study 48 Rashad's Speech Parivash's Home Salat Zakat Fazeli A Muhamaden Argues 01 11 1989/QS48.en-US.vtt,https://pub-f29cecbaf0f845e2b4565f356f98d18d.r2.dev/content/audio/quran-studies/48%20Quran%20Study%2048%20Rashad's%20Speech%20Parivash's%20Home%20Salat%20Zakat%20Fazeli%20A%20Muhamaden%20Argues%2001%2011%201989/QS48.en-US.vtt,127444,9da7f9cd6c6e21b8f1332f2cdfef1af29727c277ea498feab28d7adf291f987f,text/vtt; charset=utf-8,pending
quran-study/48 Quran Study 48 Rashad's Speech Parivash's Home Salat Zakat Fazeli A Muhamaden Argues 01 11 1989,Quran Studies,quran-study,"QS 48 — Rashad’s Speech & Salat/Zakat Discussion (Parivash’s Home, 01/11/1989)",thumbnail,content/audio/quran-studies/48 Quran Study 48 Rashad's Speech Parivash's Home Salat Zakat Fazeli A Muhamaden Argues 01 11 1989/QS48.jpg,content/audio/quran-studies/48 Quran Study 48 Rashad's Speech Parivash's Home Salat Zakat Fazeli A Muhamaden Argues 01 11 1989/QS48.jpg,https://pub-f29cecbaf0f845e2b4565f356f98d18d.r2.dev/content/audio/quran-studies/48%20Quran%20Study%2048%20Rashad's%20Speech%20Parivash's%20Home%20Salat%20Zakat%20Fazeli%20A%20Muhamaden%20Argues%2001%2011%201989/QS48.jpg,17377,d2fb216bca9d479581cafac55535f09cb81c9d4252810f1100f2addc225f0deb,image/jpeg,pending
quran-study/49 Quran Study 49 Speech Of Rashad Parivash's Home 19 Math 11 05 1989,Quran Studies,quran-study,"QS 49 — Rashad’s Speech & 19 Mathematics (Parivash’s Home, 11/05/1989)",media,content/audio/quran-studies/49 Quran Study 49 Speech Of Rashad Parivash's Home 19 Math 11 05 1989/QS49.mp3,content/audio/quran-studies/49 Quran Study 49 Speech Of Rashad Parivash's Home 19 Math 11 05 1989/QS49.mp3,https://pub-f29cecbaf0f845e2b4565f356f98d18d.r2.dev/content/audio/quran-studies/49%20Quran%20Study%2049%20Speech%20Of%20Rashad%20Parivash's%20Home%2019%20Math%2011%2005%201989/QS49.mp3,13800885,4efece753ec1080932d84a216de89cb2a27c8976620a1b3558d340f26ed84b1b,audio/mpeg,pending
quran-study/49 Quran Study 49 Speech Of Rashad Parivash's Home 19 Math 11 05 1989,Quran Studies,quran-study,"QS 49 — Rashad’s Speech & 19 Mathematics (Parivash’s Home, 11/05/1989)",transcript,content/audio/quran-studies/49 Quran Study 49 Speech Of Rashad Parivash's Home 19 Math 11 05 1989/QS49.en-US.vtt,content/audio/quran-studies/49 Quran Study 49 Speech Of Rashad Parivash's Home 19 Math 11 05 1989/QS49.en-US.vtt,https://pub-f29cecbaf0f845e2b4565f356f98d18d.r2.dev/content/audio/quran-studies/49%20Quran%20Study%2049%20Speech%20Of%20Rashad%20Parivash's%20Home%2019%20Math%2011%2005%201989/QS49.en-US.vtt,49037,f042a619be8888f3d601394b4eaa792999e707e84ae15a58eb8932074c11864b,text/vtt; charset=utf-8,pending
quran-study/49 Quran Study 49 Speech Of Rashad Parivash's Home 19 Math 11 05 1989,Quran Studies,quran-study,"QS 49 — Rashad’s Speech & 19 Mathematics (Parivash’s Home, 11/05/1989)",thumbnail,content/audio/quran-studies/49 Quran Study 49 Speech Of Rashad Parivash's Home 19 Math 11 05 1989/QS49.jpg,content/audio/quran-studies/49 Quran Study 49 Speech Of Rashad Parivash's Home 19 Math 11 05 1989/QS49.jpg,https://pub-f29cecbaf0f845e2b4565f356f98d18d.r2.dev/content/audio/quran-studies/49%20Quran%20Study%2049%20Speech%20Of%20Rashad%20Parivash's%20Home%2019%20Math%2011%2005%201989/QS49.jpg,14581,1b2b692cb43ec77b7d1cef331db1982b53ade2e93253ec28216456cdee1598b7,image/jpeg,pending
quran-study/50 Quran Study 50 Sura 92 & Sura 93 & Sura 94 By Kathryn Zakat Not Limited To Earned Money 07 27 198,Quran Studies,quran-study,"QS 50 — Sura 92–94 & Zakat Beyond Earned Money (Kathryn, 07/27/1989)",media,content/audio/quran-studies/50 Quran Study 50 Sura 92 & Sura 93 & Sura 94 By Kathryn Zakat Not Limited To Earned Money 07 27 198/QS50.mp3,content/audio/quran-studies/50 Quran Study 50 Sura 92 & Sura 93 & Sura 94 By Kathryn Zakat Not Limited To Earned Money 07 27 198/QS50.mp3,https://pub-f29cecbaf0f845e2b4565f356f98d18d.r2.dev/content/audio/quran-studies/50%20Quran%20Study%2050%20Sura%2092%20%26%20Sura%2093%20%26%20Sura%2094%20By%20Kathryn%20Zakat%20Not%20Limited%20To%20Earned%20Money%2007%2027%20198/QS50.mp3,20527053,245fb7bf807478945992dca95945a73f61ee71c7dc772a8b1cba73d7d5d03c6e,audio/mpeg,pending
quran-study/50 Quran Study 50 Sura 92 & Sura 93 & Sura 94 By Kathryn Zakat Not Limited To Earned Money 07 27 198,Quran Studies,quran-study,"QS 50 — Sura 92–94 & Zakat Beyond Earned Money (Kathryn, 07/27/1989)",transcript,content/audio/quran-studies/50 Quran Study 50 Sura 92 & Sura 93 & Sura 94 By Kathryn Zakat Not Limited To Earned Money 07 27 198/QS50.en-US.vtt,content/audio/quran-studies/50 Quran Study 50 Sura 92 & Sura 93 & Sura 94 By Kathryn Zakat Not Limited To Earned Money 07 27 198/QS50.en-US.vtt,https://pub-f29cecbaf0f845e2b4565f356f98d18d.r2.dev/content/audio/quran-studies/50%20Quran%20Study%2050%20Sura%2092%20%26%20Sura%2093%20%26%20Sura%2094%20By%20Kathryn%20Zakat%20Not%20Limited%20To%20Earned%20Money%2007%2027%20198/QS50.en-US.vtt,72776,ebbe31c13982326c9712f971f9e684d4ba09f28015360587fce761998df04936,text/vtt; charset=utf-8,pending
quran-study/50 Quran Study 50 Sura 92 & Sura 93 & Sura 94 By Kathryn Zakat Not Limited To Earned Money 07 27 198,Quran Studies,quran-study,"QS 50 — Sura 92–94 & Zakat Beyond Earned Money (Kathryn, 07/27/1989)",thumbnail,content/audio/quran-studies/50 Quran Study 50 Sura 92 & Sura 93 & Sura 94 By Kathryn Zakat Not Limited To Earned Money 07 27 198/QS50.jpg,content/audio/quran-studies/50 Quran Study 50 Sura 92 & Sura 93 & Sura 94 By Kathryn Zakat Not Limited To Earned Money 07 27 198/QS50.jpg,https://pub-f29cecbaf0f845e2b4565f356f98d18d.r2.dev/content/audio/quran-studies/50%20Quran%20Study%2050%20Sura%2092%20%26%20Sura%2093%20%26%20Sura%2094%20By%20Kathryn%20Zakat%20Not%20Limited%20To%20Earned%20Money%2007%2027%20198/QS50.jpg,18759,2bff972059901b1b9bb892507f54077b6642c5f63e4335e99fab3514d05c0527,image/jpeg,pending
quran-study/51 Quran Study 51 Sura 17;59 Rashad 1990,Quran Studies,quran-study,"QS 51 — Sura 17:59 (Rashad, 1990)",media,content/audio/quran-studies/51 Quran Study 51 Sura 17;59 Rashad 1990/QS51.mp3,content/audio/quran-studies/51 Quran Study 51 Sura 17;59 Rashad 1990/QS51.mp3,https://pub-f29cecbaf0f845e2b4565f356f98d18d.r2.dev/content/audio/quran-studies/51%20Quran%20Study%2051%20Sura%2017%3B59%20Rashad%201990/QS51.mp3,29566773,69a0dc14343d67d4484b0db91b5e54f3e6dacb1073c2f85e6329e907c5225cac,audio/mpeg,pending
quran-study/51 Quran Study 51 Sura 17;59 Rashad 1990,Quran Studies,quran-study,"QS 51 — Sura 17:59 (Rashad, 1990)",transcript,content/audio/quran-studies/51 Quran Study 51 Sura 17;59 Rashad 1990/QS51.en-US.vtt,content/audio/quran-studies/51 Quran Study 51 Sura 17;59 Rashad 1990/QS51.en-US.vtt,https://pub-f29cecbaf0f845e2b4565f356f98d18d.r2.dev/content/audio/quran-studies/51%20Quran%20Study%2051%20Sura%2017%3B59%20Rashad%201990/QS51.en-US.vtt,8,8eb5aec53542eaedb7502b22fb677161abba1e265b1338f1af1369a1f689837c,text/vtt; charset=utf-8,pending
quran-study/51 Quran Study 51 Sura 17;59 Rashad 1990,Quran Studies,quran-study,"QS 51 — Sura 17:59 (Rashad, 1990)",thumbnail,content/audio/quran-studies/51 Quran Study 51 Sura 17;59 Rashad 1990/QS51.jpg,content/audio/quran-studies/51 Quran Study 51 Sura 17;59 Rashad 1990/QS51.jpg,https://pub-f29cecbaf0f845e2b4565f356f98d18d.r2.dev/content/audio/quran-studies/51%20Quran%20Study%2051%20Sura%2017%3B59%20Rashad%201990/QS51.jpg,8081,2635b57a9b9013aa732a35a20cdb6f20d1d2941c4ea9c2d5e83bb1f41a3df73e,image/jpeg,pending
quran-study/52 Quran Study 5889 by Linda Sura 1 & 2 partial,Quran Studies,quran-study,QS 52 — Sura 1–2 (Partial) (Linda),media,content/audio/quran-studies/52 Quran Study 5889 by Linda Sura 1 & 2 partial/QS52.mp3,content/audio/quran-studies/52 Quran Study 5889 by Linda Sura 1 & 2 partial/QS52.mp3,https://pub-f29cecbaf0f845e2b4565f356f98d18d.r2.dev/content/audio/quran-studies/52%20Quran%20Study%205889%20by%20Linda%20Sura%201%20%26%202%20partial/QS52.mp3,8482533,15b9dcfddcf63f7420d65ba33437a4c6961bc27ed9f3d3420aad68a684df8b88,audio/mpeg,pending
quran-study/52 Quran Study 5889 by Linda Sura 1 & 2 partial,Quran Studies,quran-study,QS 52 — Sura 1–2 (Partial) (Linda),transcript,content/audio/quran-studies/52 Quran Study 5889 by Linda Sura 1 & 2 partial/QS52.en-US.vtt,content/audio/quran-studies/52 Quran Study 5889 by Linda Sura 1 & 2 partial/QS52.en-US.vtt,https://pub-f29cecbaf0f845e2b4565f356f98d18d.r2.dev/content/audio/quran-studies/52%20Quran%20Study%205889%20by%20Linda%20Sura%201%20%26%202%20partial/QS52.en-US.vtt,8,8eb5aec53542eaedb7502b22fb677161abba1e265b1338f1af1369a1f689837c,text/vtt; charset=utf-8,pending
quran-study/52 Quran Study 5889 by Linda Sura 1 & 2 partial,Quran Studies,quran-study,QS 52 — Sura 1–2 (Partial) (Linda),thumbnail,content/audio/quran-studies/52 Quran Study 5889 by Linda Sura 1 & 2 partial/QS52.png,content/audio/quran-studies/52 Quran Study 5889 by Linda Sura 1 & 2 partial/QS52.png,https://pub-f29cecbaf0f845e2b4565f356f98d18d.r2.dev/content/audio/quran-studies/52%20Quran%20Study%205889%20by%20Linda%20Sura%201%20%26%202%20partial/QS52.png,142495,3b7b952edcf34ae337857e4b47adffb8eb1fe7c848658a17391de9f47be441de,image/png,pending
messenger-audio/53 Quran Study 22 Oct 1982 By Dr Rashad Khalifa - Original,Messenger Audios,messenger-audio,"MA 53 — Quran Study (Dr. Rashad Khalifa, 10/22/1982) [Original]",media,content/audio/messenger-audios/53 Quran Study 22 Oct 1982 By Dr Rashad Khalifa - Original/MA53.mp3,content/audio/messenger-audios/53 Quran Study 22 Oct 1982 By Dr Rashad Khalifa - Original/MA53.mp3,https://pub-f29cecbaf0f845e2b4565f356f98d18d.r2.dev/content/audio/messenger-audios/53%20Quran%20Study%2022%20Oct%201982%20By%20Dr%20Rashad%20Khalifa%20-%20Original/MA53.mp3,25211133,93e5b791979b2d80f70e5ab5bb1cc0abc1514f1b6dba46178fc35cfff69ddeea,audio/mpeg,pending
messenger-audio/53 Quran Study 22 Oct 1982 By Dr Rashad Khalifa - Original,Messenger Audios,messenger-audio,"MA 53 — Quran Study (Dr. Rashad Khalifa, 10/22/1982) [Original]",transcript,content/audio/messenger-audios/53 Quran Study 22 Oct 1982 By Dr Rashad Khalifa - Original/MA53.en-US.vtt,content/audio/messenger-audios/53 Quran Study 22 Oct 1982 By Dr Rashad Khalifa - Original/MA53.en-US.vtt,https://pub-f29cecbaf0f845e2b4565f356f98d18d.r2.dev/content/audio/messenger-audios/53%20Quran%20Study%2022%20Oct%201982%20By%20Dr%20Rashad%20Khalifa%20-%20Original/MA53.en-US.vtt,8,8eb5aec53542eaedb7502b22fb677161abba1e265b1338f1af1369a1f689837c,text/vtt; charset=utf-8,pending
messenger-audio/53 Quran Study 22 Oct 1982 By Dr Rashad Khalifa - Original,Messenger Audios,messenger-audio,"MA 53 — Quran Study (Dr. Rashad Khalifa, 10/22/1982) [Original]",thumbnail,content/audio/messenger-audios/default.jpg,content/audio/messenger-audios/default.jpg,https://pub-f29cecbaf0f845e2b4565f356f98d18d.r2.dev/content/audio/messenger-audios/default.jpg,18739,7827b88b0c9afd4ec2584ff6a5105cd163a13fb0bedd975fff83ade8c73d3c33,image/jpeg,pending
messenger-audio/54 Quran Study 22 Oct 1982 By Dr Rashad Khalifa,Messenger Audios,messenger-audio,"MA 54 — Quran Study (Dr. Rashad Khalifa, 10/22/1982)",media,content/audio/messenger-audios/54 Quran Study 22 Oct 1982 By Dr Rashad Khalifa/MA54.mp3,content/audio/messenger-audios/54 Quran Study 22 Oct 1982 By Dr Rashad Khalifa/MA54.mp3,https://pub-f29cecbaf0f845e2b4565f356f98d18d.r2.dev/content/audio/messenger-audios/54%20Quran%20Study%2022%20Oct%201982%20By%20Dr%20Rashad%20Khalifa/MA54.mp3,49671117,f3b424dff7aa7c306c75f6ba80ab026f568e10d5bf1304c113ff4458632d499d,audio/mpeg,pending
messenger-audio/54 Quran Study 22 Oct 1982 By Dr Rashad Khalifa,Messenger Audios,messenger-audio,"MA 54 — Quran Study (Dr. Rashad Khalifa, 10/22/1982)",transcript,content/audio/messenger-audios/54 Quran Study 22 Oct 1982 By Dr Rashad Khalifa/MA54.en-US.vtt,content/audio/messenger-audios/54 Quran Study 22 Oct 1982 By Dr Rashad Khalifa/MA54.en-US.vtt,https://pub-f29cecbaf0f845e2b4565f356f98d18d.r2.dev/content/audio/messenger-audios/54%20Quran%20Study%2022%20Oct%201982%20By%20Dr%20Rashad%20Khalifa/MA54.en-US.vtt,8,8eb5aec53542eaedb7502b22fb677161abba1e265b1338f1af1369a1f689837c,text/vtt; charset=utf-8,pending
messenger-audio/54 Quran Study 22 Oct 1982 By Dr Rashad Khalifa,Messenger Audios,messenger-audio,"MA 54 — Quran Study (Dr. Rashad Khalifa, 10/22/1982)",thumbnail,content/audio/messenger-audios/default.jpg,content/audio/messenger-audios/default.jpg,https://pub-f29cecbaf0f845e2b4565f356f98d18d.r2.dev/content/audio/messenger-audios/default.jpg,18739,7827b88b0c9afd4ec2584ff6a5105cd163a13fb0bedd975fff83ade8c73d3c33,image/jpeg,pending
messenger-audio/55 Zikr 23 Oct 1982 By Dr Rashad Khalifa,Messenger Audios,messenger-audio,"MA 55 — Zikr (Dr. Rashad Khalifa, 10/23/1982)",transcript,content/audio/messenger-audios/55 Zikr 23 Oct 1982 By Dr Rashad Khalifa/MA55.en-US.vtt,content/audio/messenger-audios/55 Zikr 23 Oct 1982 By Dr Rashad Khalifa/MA55.en-US.vtt,https://pub-f29cecbaf0f845e2b4565f356f98d18d.r2.dev/content/audio/messenger-audios/55%20Zikr%2023%20Oct%201982%20By%20Dr%20Rashad%20Khalifa/MA55.en-US.vtt,8,8eb5aec53542eaedb7502b22fb677161abba1e265b1338f1af1369a1f689837c,text/vtt; charset=utf-8,pending
messenger-audio/55 Zikr 23 Oct 1982 By Dr Rashad Khalifa,Messenger Audios,messenger-audio,"MA 55 — Zikr (Dr. Rashad Khalifa, 10/23/1982)",thumbnail,content/audio/messenger-audios/default.jpg,content/audio/messenger-audios/default.jpg,https://pub-f29cecbaf0f845e2b4565f356f98d18d.r2.dev/content/audio/messenger-audios/default.jpg,18739,7827b88b0c9afd4ec2584ff6a5105cd163a13fb0bedd975fff83ade8c73d3c33,image/jpeg,pending
messenger-audio/56 Friday Sermon 29 Oct 1982 By Dr Rashad Khalifa,Messenger Audios,messenger-audio,"MA 56 — Friday Sermon (Dr. Rashad Khalifa, 10/29/1982)",media,content/audio/messenger-audios/56 Friday Sermon 29 Oct 1982 By Dr Rashad Khalifa/MA56.mp3,content/audio/messenger-audios/56 Friday Sermon 29 Oct 1982 By Dr Rashad Khalifa/MA56.mp3,https://pub-f29cecbaf0f845e2b4565f356f98d18d.r2.dev/content/audio/messenger-audios/56%20Friday%20Sermon%2029%20Oct%201982%20By%20Dr%20Rashad%20Khalifa/MA56.mp3,53195829,448633645e6018f4b44b2480b091d84d120efc1a0b08725b25109e4ea28df918,audio/mpeg,pending
messenger-audio/56 Friday Sermon 29 Oct 1982 By Dr Rashad Khalifa,Messenger Audios,messenger-audio,"MA 56 — Friday Sermon (Dr. Rashad Khalifa, 10/29/1982)",transcript,content/audio/messenger-audios/56 Friday Sermon 29 Oct 1982 By Dr Rashad Khalifa/MA56.en-US.vtt,content/audio/messenger-audios/56 Friday Sermon 29 Oct 1982 By Dr Rashad Khalifa/MA56.en-US.vtt,https://pub-f29cecbaf0f845e2b4565f356f98d18d.r2.dev/content/audio/messenger-audios/56%20Friday%20Sermon%2029%20Oct%201982%20By%20Dr%20Rashad%20Khalifa/MA56.en-US.vtt,8,8eb5aec53542eaedb7502b22fb677161abba1e265b1338f1af1369a1f689837c,text/vtt; charset=utf-8,pending
messenger-audio/56 Friday Sermon 29 Oct 1982 By Dr Rashad Khalifa,Messenger Audios,messenger-audio,"MA 56 — Friday Sermon (Dr. Rashad Khalifa, 10/29/1982)",thumbnail,content/audio/messenger-audios/default.jpg,content/audio/messenger-audios/default.jpg,https://pub-f29cecbaf0f845e2b4565f356f98d18d.r2.dev/content/audio/messenger-audios/default.jpg,18739,7827b88b0c9afd4ec2584ff6a5105cd163a13fb0bedd975fff83ade8c73d3c33,image/jpeg,pending
messenger-audio/57 Quran Study 05 Nov 1982 By Dr Rashad Khalifa,Messenger Audios,messenger-audio,"MA 57 — Quran Study (Dr. Rashad Khalifa, 11/05/1982)",media,content/audio/messenger-audios/57 Quran Study 05 Nov 1982 By Dr Rashad Khalifa/MA57.mp3,content/audio/messenger-audios/57 Quran Study 05 Nov 1982 By Dr Rashad Khalifa/MA57.mp3,https://pub-f29cecbaf0f845e2b4565f356f98d18d.r2.dev/content/audio/messenger-audios/57%20Quran%20Study%2005%20Nov%201982%20By%20Dr%20Rashad%20Khalifa/MA57.mp3,26055501,b6b783d3d64db6dbf0735dd6fee9616eba9e844c0da4f640f66a61b6a20f6828,audio/mpeg,pending
messenger-audio/57 Quran Study 05 Nov 1982 By Dr Rashad Khalifa,Messenger Audios,messenger-audio,"MA 57 — Quran Study (Dr. Rashad Khalifa, 11/05/1982)",transcript,content/audio/messenger-audios/57 Quran Study 05 Nov 1982 By Dr Rashad Khalifa/MA57.en-US.vtt,content/audio/messenger-audios/57 Quran Study 05 Nov 1982 By Dr Rashad Khalifa/MA57.en-US.vtt,https://pub-f29cecbaf0f845e2b4565f356f98d18d.r2.dev/content/audio/messenger-audios/57%20Quran%20Study%2005%20Nov%201982%20By%20Dr%20Rashad%20Khalifa/MA57.en-US.vtt,8,8eb5aec53542eaedb7502b22fb677161abba1e265b1338f1af1369a1f689837c,text/vtt; charset=utf-8,pending
messenger-audio/57 Quran Study 05 Nov 1982 By Dr Rashad Khalifa,Messenger Audios,messenger-audio,"MA 57 — Quran Study (Dr. Rashad Khalifa, 11/05/1982)",thumbnail,content/audio/messenger-audios/default.jpg,content/audio/messenger-audios/default.jpg,https://pub-f29cecbaf0f845e2b4565f356f98d18d.r2.dev/content/audio/messenger-audios/default.jpg,18739,7827b88b0c9afd4ec2584ff6a5105cd163a13fb0bedd975fff83ade8c73d3c33,image/jpeg,pending
messenger-audio/58 Friday Sermon 12 Nov 1982 By Dr Rashad Khalifa,Messenger Audios,messenger-audio,"MA 58 — Friday Sermon (Dr. Rashad Khalifa, 11/12/1982)",media,content/audio/messenger-audios/58 Friday Sermon 12 Nov 1982 By Dr Rashad Khalifa/MA58.mp3,content/audio/messenger-audios/58 Friday Sermon 12 Nov 1982 By Dr Rashad Khalifa/MA58.mp3,https://pub-f29cecbaf0f845e2b4565f356f98d18d.r2.dev/content/audio/messenger-audios/58%20Friday%20Sermon%2012%20Nov%201982%20By%20Dr%20Rashad%20Khalifa/MA58.mp3,28385997,3936e302053354ea804da750f4cf2156f065fde5126da25e24333bacbe42a872,audio/mpeg,pending
messenger-audio/58 Friday Sermon 12 Nov 1982 By Dr Rashad Khalifa,Messenger Audios,messenger-audio,"MA 58 — Friday Sermon (Dr. Rashad Khalifa, 11/12/1982)",transcript,content/audio/messenger-audios/58 Friday Sermon 12 Nov 1982 By Dr Rashad Khalifa/MA58.en-US.vtt,content/audio/messenger-audios/58 Friday Sermon 12 Nov 1982 By Dr Rashad Khalifa/MA58.en-US.vtt,https://pub-f29cecbaf0f845e2b4565f356f98d18d.r2.dev/content/audio/messenger-audios/58%20Friday%20Sermon%2012%20Nov%201982%20By%20Dr%20Rashad%20Khalifa/MA58.en-US.vtt,8,8eb5aec53542eaedb7502b22fb677161abba1e265b1338f1af1369a1f689837c,text/vtt; charset=utf-8,pending
messenger-audio/58 Friday Sermon 12 Nov 1982 By Dr Rashad Khalifa,Messenger Audios,messenger-audio,"MA 58 — Friday Sermon (Dr. Rashad Khalifa, 11/12/1982)",thumbnail,content/audio/messenger-audios/default.jpg,content/audio/messenger-audios/default.jpg,https://pub-f29cecbaf0f845e2b4565f356f98d18d.r2.dev/content/audio/messenger-audios/default.jpg,18739,7827b88b0c9afd4ec2584ff6a5105cd163a13fb0bedd975fff83ade8c73d3c33,image/jpeg,pending
messenger-audio/59 Friday Sermon 19 Nov 1982 By Dean Mahmoud,Messenger Audios,messenger-audio,"MA 59 — Friday Sermon (Dean Mahmoud, 11/19/1982)",media,content/audio/messenger-audios/59 Friday Sermon 19 Nov 1982 By Dean Mahmoud/MA59.mp3,content/audio/messenger-audios/59 Friday Sermon 19 Nov 1982 By Dean Mahmoud/MA59.mp3,https://pub-f29cecbaf0f845e2b4565f356f98d18d.r2.dev/content/audio/messenger-audios/59%20Friday%20Sermon%2019%20Nov%201982%20By%20Dean%20Mahmoud/MA59.mp3,22162893,883c76337e5594a8bbfe6f1fa6c503e0e2d43bd91838034470c490ec4431b07a,audio/mpeg,pending
messenger-audio/59 Friday Sermon 19 Nov 1982 By Dean Mahmoud,Messenger Audios,messenger-audio,"MA 59 — Friday Sermon (Dean Mahmoud, 11/19/1982)",transcript,content/audio/messenger-audios/59 Friday Sermon 19 Nov 1982 By Dean Mahmoud/MA59.en-US.vtt,content/audio/messenger-audios/59 Friday Sermon 19 Nov 1982 By Dean Mahmoud/MA59.en-US.vtt,https://pub-f29cecbaf0f845e2b4565f356f98d18d.r2.dev/content/audio/messenger-audios/59%20Friday%20Sermon%2019%20Nov%201982%20By%20Dean%20Mahmoud/MA59.en-US.vtt,8,8eb5aec53542eaedb7502b22fb677161abba1e265b1338f1af1369a1f689837c,text/vtt; charset=utf-8,pending
messenger-audio/59 Friday Sermon 19 Nov 1982 By Dean Mahmoud,Messenger Audios,messenger-audio,"MA 59 — Friday Sermon (Dean Mahmoud, 11/19/1982)",thumbnail,content/audio/messenger-audios/default.jpg,content/audio/messenger-audios/default.jpg,https://pub-f29cecbaf0f845e2b4565f356f98d18d.r2.dev/content/audio/messenger-audios/default.jpg,18739,7827b88b0c9afd4ec2584ff6a5105cd163a13fb0bedd975fff83ade8c73d3c33,image/jpeg,pending
messenger-audio/60 Friday Sermon 19 Nov 1982 By Dr Rashad Khalifa,Messenger Audios,messenger-audio,"MA 60 — Friday Sermon (Dr. Rashad Khalifa, 11/19/1982)",media,content/audio/messenger-audios/60 Friday Sermon 19 Nov 1982 By Dr Rashad Khalifa/MA60.mp3,content/audio/messenger-audios/60 Friday Sermon 19 Nov 1982 By Dr Rashad Khalifa/MA60.mp3,https://pub-f29cecbaf0f845e2b4565f356f98d18d.r2.dev/content/audio/messenger-audios/60%20Friday%20Sermon%2019%20Nov%201982%20By%20Dr%20Rashad%20Khalifa/MA60.mp3,45093645,9d980768fa3142ed80f5680b57a65c27a92b80304b46d19b961ada6cf4874ff2,audio/mpeg,pending
messenger-audio/60 Friday Sermon 19 Nov 1982 By Dr Rashad Khalifa,Messenger Audios,messenger-audio,"MA 60 — Friday Sermon (Dr. Rashad Khalifa, 11/19/1982)",transcript,content/audio/messenger-audios/60 Friday Sermon 19 Nov 1982 By Dr Rashad Khalifa/MA60.en-US.vtt,content/audio/messenger-audios/60 Friday Sermon 19 Nov 1982 By Dr Rashad Khalifa/MA60.en-US.vtt,https://pub-f29cecbaf0f845e2b4565f356f98d18d.r2.dev/content/audio/messenger-audios/60%20Friday%20Sermon%2019%20Nov%201982%20By%20Dr%20Rashad%20Khalifa/MA60.en-US.vtt,8,8eb5aec53542eaedb7502b22fb677161abba1e265b1338f1af1369a1f689837c,text/vtt; charset=utf-8,pending
messenger-audio/60 Friday Sermon 19 Nov 1982 By Dr Rashad Khalifa,Messenger Audios,messenger-audio,"MA 60 — Friday Sermon (Dr. Rashad Khalifa, 11/19/1982)",thumbnail,content/audio/messenger-audios/default.jpg,content/audio/messenger-audios/default.jpg,https://pub-f29cecbaf0f845e2b4565f356f98d18d.r2.dev/content/audio/messenger-audios/default.jpg,18739,7827b88b0c9afd4ec2584ff6a5105cd163a13fb0bedd975fff83ade8c73d3c33,image/jpeg,pending
messenger-audio/61 Friday Sermon 1982 By Dr Rashad Khalifa,Messenger Audios,messenger-audio,"MA 61 — Friday Sermon (Dr. Rashad Khalifa, 1982)",media,content/audio/messenger-audios/61 Friday Sermon 1982 By Dr Rashad Khalifa/MA61.mp3,content/audio/messenger-audios/61 Friday Sermon 1982 By Dr Rashad Khalifa/MA61.mp3,https://pub-f29cecbaf0f845e2b4565f356f98d18d.r2.dev/content/audio/messenger-audios/61%20Friday%20Sermon%201982%20By%20Dr%20Rashad%20Khalifa/MA61.mp3,54243741,15f73400a97b327ec330a9010a9e9b8e7bfd38b95d4d2c810ea4bf953f13f0b5,audio/mpeg,pending
messenger-audio/61 Friday Sermon 1982 By Dr Rashad Khalifa,Messenger Audios,messenger-audio,"MA 61 — Friday Sermon (Dr. Rashad Khalifa, 1982)",transcript,content/audio/messenger-audios/61 Friday Sermon 1982 By Dr Rashad Khalifa/MA61.en-US.vtt,content/audio/messenger-audios/61 Friday Sermon 1982 By Dr Rashad Khalifa/MA61.en-US.vtt,https://pub-f29cecbaf0f845e2b4565f356f98d18d.r2.dev/content/audio/messenger-audios/61%20Friday%20Sermon%201982%20By%20Dr%20Rashad%20Khalifa/MA61.en-US.vtt,8,8eb5aec53542eaedb7502b22fb677161abba1e265b1338f1af1369a1f689837c,text/vtt; charset=utf-8,pending
messenger-audio/61 Friday Sermon 1982 By Dr Rashad Khalifa,Messenger Audios,messenger-audio,"MA 61 — Friday Sermon (Dr. Rashad Khalifa, 1982)",thumbnail,content/audio/messenger-audios/default.jpg,content/audio/messenger-audios/default.jpg,https://pub-f29cecbaf0f845e2b4565f356f98d18d.r2.dev/content/audio/messenger-audios/default.jpg,18739,7827b88b0c9afd4ec2584ff6a5105cd163a13fb0bedd975fff83ade8c73d3c33,image/jpeg,pending
messenger-audio/62 Friday Sermon 26 Nov 1982 By Dr Rashad Khalifa,Messenger Audios,messenger-audio,"MA 62 — Friday Sermon (Dr. Rashad Khalifa, 11/26/1982)",media,content/audio/messenger-audios/62 Friday Sermon 26 Nov 1982 By Dr Rashad Khalifa/MA62.mp3,content/audio/messenger-audios/62 Friday Sermon 26 Nov 1982 By Dr Rashad Khalifa/MA62.mp3,https://pub-f29cecbaf0f845e2b4565f356f98d18d.r2.dev/content/audio/messenger-audios/62%20Friday%20Sermon%2026%20Nov%201982%20By%20Dr%20Rashad%20Khalifa/MA62.mp3,53729709,cc9f93553cb6ea62f44672661543a33e4ffde834311d3817da921bb0dd640725,audio/mpeg,pending
messenger-audio/62 Friday Sermon 26 Nov 1982 By Dr Rashad Khalifa,Messenger Audios,messenger-audio,"MA 62 — Friday Sermon (Dr. Rashad Khalifa, 11/26/1982)",transcript,content/audio/messenger-audios/62 Friday Sermon 26 Nov 1982 By Dr Rashad Khalifa/MA62.en-US.vtt,content/audio/messenger-audios/62 Friday Sermon 26 Nov 1982 By Dr Rashad Khalifa/MA62.en-US.vtt,https://pub-f29cecbaf0f845e2b4565f356f98d18d.r2.dev/content/audio/messenger-audios/62%20Friday%20Sermon%2026%20Nov%201982%20By%20Dr%20Rashad%20Khalifa/MA62.en-US.vtt,8,8eb5aec53542eaedb7502b22fb677161abba1e265b1338f1af1369a1f689837c,text/vtt; charset=utf-8,pending
messenger-audio/62 Friday Sermon 26 Nov 1982 By Dr Rashad Khalifa,Messenger Audios,messenger-audio,"MA 62 — Friday Sermon (Dr. Rashad Khalifa, 11/26/1982)",thumbnail,content/audio/messenger-audios/default.jpg,content/audio/messenger-audios/default.jpg,https://pub-f29cecbaf0f845e2b4565f356f98d18d.r2.dev/content/audio/messenger-audios/default.jpg,18739,7827b88b0c9afd4ec2584ff6a5105cd163a13fb0bedd975fff83ade8c73d3c33,image/jpeg,pending
messenger-audio/63 Friday Sermon 03 Dec. 1982 By Dr Rashad Khalifa,Messenger Audios,messenger-audio,"MA 63 — Friday Sermon (Dr. Rashad Khalifa, 12/03/1982)",media,content/audio/messenger-audios/63 Friday Sermon 03 Dec. 1982 By Dr Rashad Khalifa/MA63.mp3,content/audio/messenger-audios/63 Friday Sermon 03 Dec. 1982 By Dr Rashad Khalifa/MA63.mp3,https://pub-f29cecbaf0f845e2b4565f356f98d18d.r2.dev/content/audio/messenger-audios/63%20Friday%20Sermon%2003%20Dec.%201982%20By%20Dr%20Rashad%20Khalifa/MA63.mp3,51829557,f6197bac1ffcc1bd6405461889b81e5cec86bf17845ded48bc36ff2917d09b1c,audio/mpeg,pending
messenger-audio/63 Friday Sermon 03 Dec. 1982 By Dr Rashad Khalifa,Messenger Audios,messenger-audio,"MA 63 — Friday Sermon (Dr. Rashad Khalifa, 12/03/1982)",transcript,content/audio/messenger-audios/63 Friday Sermon 03 Dec. 1982 By Dr Rashad Khalifa/MA63.en-US.vtt,content/audio/messenger-audios/63 Friday Sermon 03 Dec. 1982 By Dr Rashad Khalifa/MA63.en-US.vtt,https://pub-f29cecbaf0f845e2b4565f356f98d18d.r2.dev/content/audio/messenger-audios/63%20Friday%20Sermon%2003%20Dec.%201982%20By%20Dr%20Rashad%20Khalifa/MA63.en-US.vtt,8,8eb5aec53542eaedb7502b22fb677161abba1e265b1338f1af1369a1f689837c,text/vtt; charset=utf-8,pending
messenger-audio/63 Friday Sermon 03 Dec. 1982 By Dr Rashad Khalifa,Messenger Audios,messenger-audio,"MA 63 — Friday Sermon (Dr. Rashad Khalifa, 12/03/1982)",thumbnail,content/audio/messenger-audios/default.jpg,content/audio/messenger-audios/default.jpg,https://pub-f29cecbaf0f845e2b4565f356f98d18d.r2.dev/content/audio/messenger-audios/default.jpg,18739,7827b88b0c9afd4ec2584ff6a5105cd163a13fb0bedd975fff83ade8c73d3c33,image/jpeg,pending
messenger-audio/64 Friday Sermon 26 Nov 1982 By Dr Rashad Khalifa,Messenger Audios,messenger-audio,"MA 64 — Friday Sermon (Dr. Rashad Khalifa, 11/26/1982)",media,content/audio/messenger-audios/64 Friday Sermon 26 Nov 1982 By Dr Rashad Khalifa/MA64.mp3,content/audio/messenger-audios/64 Friday Sermon 26 Nov 1982 By Dr Rashad Khalifa/MA64.mp3,https://pub-f29cecbaf0f845e2b4565f356f98d18d.r2.dev/content/audio/messenger-audios/64%20Friday%20Sermon%2026%20Nov%201982%20By%20Dr%20Rashad%20Khalifa/MA64.mp3,54586845,8c17d055b18d9e23d9e2eb004c560608e9c2b076320eff4ee384795553db655f,audio/mpeg,pending
messenger-audio/64 Friday Sermon 26 Nov 1982 By Dr Rashad Khalifa,Messenger Audios,messenger-audio,"MA 64 — Friday Sermon (Dr. Rashad Khalifa, 11/26/1982)",transcript,content/audio/messenger-audios/64 Friday Sermon 26 Nov 1982 By Dr Rashad Khalifa/MA64.en-US.vtt,content/audio/messenger-audios/64 Friday Sermon 26 Nov 1982 By Dr Rashad Khalifa/MA64.en-US.vtt,https://pub-f29cecbaf0f845e2b4565f356f98d18d.r2.dev/content/audio/messenger-audios/64%20Friday%20Sermon%2026%20Nov%201982%20By%20Dr%20Rashad%20Khalifa/MA64.en-US.vtt,8,8eb5aec53542eaedb7502b22fb677161abba1e265b1338f1af1369a1f689837c,text/vtt; charset=utf-8,pending
messenger-audio/64 Friday Sermon 26 Nov 1982 By Dr Rashad Khalifa,Messenger Audios,messenger-audio,"MA 64 — Friday Sermon (Dr. Rashad Khalifa, 11/26/1982)",thumbnail,content/audio/messenger-audios/default.jpg,content/audio/messenger-audios/default.jpg,https://pub-f29cecbaf0f845e2b4565f356f98d18d.r2.dev/content/audio/messenger-audios/default.jpg,18739,7827b88b0c9afd4ec2584ff6a5105cd163a13fb0bedd975fff83ade8c73d3c33,image/jpeg,pending
messenger-audio/65 Friday Sermon 03 Dec. 1982 & 10 Dec. 1982 By Dr Rashad Khalifa,Messenger Audios,messenger-audio,"MA 65 — Friday Sermons (Dr. Rashad Khalifa, 12/03/1982 & 12/10/1982)",media,content/audio/messenger-audios/65 Friday Sermon 03 Dec. 1982 & 10 Dec. 1982 By Dr Rashad Khalifa/MA65.mp3,content/audio/messenger-audios/65 Friday Sermon 03 Dec. 1982 & 10 Dec. 1982 By Dr Rashad Khalifa/MA65.mp3,https://pub-f29cecbaf0f845e2b4565f356f98d18d.r2.dev/content/audio/messenger-audios/65%20Friday%20Sermon%2003%20Dec.%201982%20%26%2010%20Dec.%201982%20By%20Dr%20Rashad%20Khalifa/MA65.mp3,52316397,0c38d727da3f16413e0c6acbac181d217ff07eec0b3ff6c7a1c495b8cb92d6a1,audio/mpeg,pending
messenger-audio/65 Friday Sermon 03 Dec. 1982 & 10 Dec. 1982 By Dr Rashad Khalifa,Messenger Audios,messenger-audio,"MA 65 — Friday Sermons (Dr. Rashad Khalifa, 12/03/1982 & 12/10/1982)",transcript,content/audio/messenger-audios/65 Friday Sermon 03 Dec. 1982 & 10 Dec. 1982 By Dr Rashad Khalifa/MA65.en-US.vtt,content/audio/messenger-audios/65 Friday Sermon 03 Dec. 1982 & 10 Dec. 1982 By Dr Rashad Khalifa/MA65.en-US.vtt,https://pub-f29cecbaf0f845e2b4565f356f98d18d.r2.dev/content/audio/messenger-audios/65%20Friday%20Sermon%2003%20Dec.%201982%20%26%2010%20Dec.%201982%20By%20Dr%20Rashad%20Khalifa/MA65.en-US.vtt,8,8eb5aec53542eaedb7502b22fb677161abba1e265b1338f1af1369a1f689837c,text/vtt; charset=utf-8,pending
messenger-audio/65 Friday Sermon 03 Dec. 1982 & 10 Dec. 1982 By Dr Rashad Khalifa,Messenger Audios,messenger-audio,"MA 65 — Friday Sermons (Dr. Rashad Khalifa, 12/03/1982 & 12/10/1982)",thumbnail,content/audio/messenger-audios/default.jpg,content/audio/messenger-audios/default.jpg,https://pub-f29cecbaf0f845e2b4565f356f98d18d.r2.dev/content/audio/messenger-audios/default.jpg,18739,7827b88b0c9afd4ec2584ff6a5105cd163a13fb0bedd975fff83ade8c73d3c33,image/jpeg,pending
messenger-audio/66 Friday Sermon 10 Dec. 1982 By Dr Rashad Khalifa,Messenger Audios,messenger-audio,"MA 66 — Friday Sermon (Dr. Rashad Khalifa, 12/10/1982)",media,content/audio/messenger-audios/66 Friday Sermon 10 Dec. 1982 By Dr Rashad Khalifa/MA66.mp3,content/audio/messenger-audios/66 Friday Sermon 10 Dec. 1982 By Dr Rashad Khalifa/MA66.mp3,https://pub-f29cecbaf0f845e2b4565f356f98d18d.r2.dev/content/audio/messenger-audios/66%20Friday%20Sermon%2010%20Dec.%201982%20By%20Dr%20Rashad%20Khalifa/MA66.mp3,54892629,ce77882c8da777ce6a72291559a899289338f9509a53fd333312da1a547c8f74,audio/mpeg,pending
messenger-audio/66 Friday Sermon 10 Dec. 1982 By Dr Rashad Khalifa,Messenger Audios,messenger-audio,"MA 66 — Friday Sermon (Dr. Rashad Khalifa, 12/10/1982)",transcript,content/audio/messenger-audios/66 Friday Sermon 10 Dec. 1982 By Dr Rashad Khalifa/MA66.en-US.vtt,content/audio/messenger-audios/66 Friday Sermon 10 Dec. 1982 By Dr Rashad Khalifa/MA66.en-US.vtt,https://pub-f29cecbaf0f845e2b4565f356f98d18d.r2.dev/content/audio/messenger-audios/66%20Friday%20Sermon%2010%20Dec.%201982%20By%20Dr%20Rashad%20Khalifa/MA66.en-US.vtt,8,8eb5aec53542eaedb7502b22fb677161abba1e265b1338f1af1369a1f689837c,text/vtt; charset=utf-8,pending
messenger-audio/66 Friday Sermon 10 Dec. 1982 By Dr Rashad Khalifa,Messenger Audios,messenger-audio,"MA 66 — Friday Sermon (Dr. Rashad Khalifa, 12/10/1982)",thumbnail,content/audio/messenger-audios/default.jpg,content/audio/messenger-audios/default.jpg,https://pub-f29cecbaf0f845e2b4565f356f98d18d.r2.dev/content/audio/messenger-audios/default.jpg,18739,7827b88b0c9afd4ec2584ff6a5105cd163a13fb0bedd975fff83ade8c73d3c33,image/jpeg,pending
messenger-audio/67 Friday Sermon 10 Dec. 1982 By Dr. Rashad Khalifa,Messenger Audios,messenger-audio,"MA 67 — Friday Sermon (Dr. Rashad Khalifa, 12/10/1982)",media,content/audio/messenger-audios/67 Friday Sermon 10 Dec. 1982 By Dr. Rashad Khalifa/MA67.mp3,content/audio/messenger-audios/67 Friday Sermon 10 Dec. 1982 By Dr. Rashad Khalifa/MA67.mp3,https://pub-f29cecbaf0f845e2b4565f356f98d18d.r2.dev/content/audio/messenger-audios/67%20Friday%20Sermon%2010%20Dec.%201982%20By%20Dr.%20Rashad%20Khalifa/MA67.mp3,33982221,9bcec3a130bbc273b639c97b31adb58a97fdcf544693450de698b2bd63b3ebfd,audio/mpeg,pending
messenger-audio/67 Friday Sermon 10 Dec. 1982 By Dr. Rashad Khalifa,Messenger Audios,messenger-audio,"MA 67 — Friday Sermon (Dr. Rashad Khalifa, 12/10/1982)",transcript,content/audio/messenger-audios/67 Friday Sermon 10 Dec. 1982 By Dr. Rashad Khalifa/MA67.en-US.vtt,content/audio/messenger-audios/67 Friday Sermon 10 Dec. 1982 By Dr. Rashad Khalifa/MA67.en-US.vtt,https://pub-f29cecbaf0f845e2b4565f356f98d18d.r2.dev/content/audio/messenger-audios/67%20Friday%20Sermon%2010%20Dec.%201982%20By%20Dr.%20Rashad%20Khalifa/MA67.en-US.vtt,8,8eb5aec53542eaedb7502b22fb677161abba1e265b1338f1af1369a1f689837c,text/vtt; charset=utf-8,pending
messenger-audio/67 Friday Sermon 10 Dec. 1982 By Dr. Rashad Khalifa,Messenger Audios,messenger-audio,"MA 67 — Friday Sermon (Dr. Rashad Khalifa, 12/10/1982)",thumbnail,content/audio/messenger-audios/default.jpg,content/audio/messenger-audios/default.jpg,https://pub-f29cecbaf0f845e2b4565f356f98d18d.r2.dev/content/audio/messenger-audios/default.jpg,18739,7827b88b0c9afd4ec2584ff6a5105cd163a13fb0bedd975fff83ade8c73d3c33,image/jpeg,pending
messenger-audio/68 Messenger Audio 22.1,Messenger Audios,messenger-audio,MA 68  —  Messenger Audio (22.1),media,content/audio/messenger-audios/68 Messenger Audio 22.1/MA68.m4a,content/audio/messenger-audios/68 Messenger Audio 22.1/MA68.m4a,https://pub-f29cecbaf0f845e2b4565f356f98d18d.r2.dev/content/audio/messenger-audios/68%20Messenger%20Audio%2022.1/MA68.m4a,46234843,1b6fcba5ff420d6388638f1d5878852a0a7084f85461cc3b94c51540fe9c0dca,audio/mp4,pending
messenger-audio/68 Messenger Audio 22.1,Messenger Audios,messenger-audio,MA 68  —  Messenger Audio (22.1),transcript,content/audio/messenger-audios/68 Messenger Audio 22.1/MA68.en-US.vtt,content/audio/messenger-audios/68 Messenger Audio 22.1/MA68.en-US.vtt,https://pub-f29cecbaf0f845e2b4565f356f98d18d.r2.dev/content/audio/messenger-audios/68%20Messenger%20Audio%2022.1/MA68.en-US.vtt,49181,c6aad1ec1bbd641688649c8bab3f222321bae7305b145015d633fce25a99bf66,text/vtt; charset=utf-8,pending
messenger-audio/68 Messenger Audio 22.1,Messenger Audios,messenger-audio,MA 68  —  Messenger Audio (22.1),thumbnail,content/audio/messenger-audios/default.jpg,content/audio/messenger-audios/default.jpg,https://pub-f29cecbaf0f845e2b4565f356f98d18d.r2.dev/content/audio/messenger-audios/default.jpg,18739,7827b88b0c9afd4ec2584ff6a5105cd163a13fb0bedd975fff83ade8c73d3c33,image/jpeg,pending
messenger-audio/69 Messenger Audio 22.2,Messenger Audios,messenger-audio,MA 69  —  Messenger Audio (22.2),media,content/audio/messenger-audios/69 Messenger Audio 22.2/MA69.m4a,content/audio/messenger-audios/69 Messenger Audio 22.2/MA69.m4a,https://pub-f29cecbaf0f845e2b4565f356f98d18d.r2.dev/content/audio/messenger-audios/69%20Messenger%20Audio%2022.2/MA69.m4a,11925601,22b75f8d12a3a16d8d40755d71ef1626a0c411d2b64a92e1e9c12a58a3b55cfe,audio/mp4,pending
messenger-audio/69 Messenger Audio 22.2,Messenger Audios,messenger-audio,MA 69  —  Messenger Audio (22.2),transcript,content/audio/messenger-audios/69 Messenger Audio 22.2/MA69.en-US.vtt,content/audio/messenger-audios/69 Messenger Audio 22.2/MA69.en-US.vtt,https://pub-f29cecbaf0f845e2b4565f356f98d18d.r2.dev/content/audio/messenger-audios/69%20Messenger%20Audio%2022.2/MA69.en-US.vtt,15910,194f0a6921d7fe7bb5e4614b963e964d2be7cff97d191364d028ac91a3853575,text/vtt; charset=utf-8,pending
messenger-audio/69 Messenger Audio 22.2,Messenger Audios,messenger-audio,MA 69  —  Messenger Audio (22.2),thumbnail,content/audio/messenger-audios/default.jpg,content/audio/messenger-audios/default.jpg,https://pub-f29cecbaf0f845e2b4565f356f98d18d.r2.dev/content/audio/messenger-audios/default.jpg,18739,7827b88b0c9afd4ec2584ff6a5105cd163a13fb0bedd975fff83ade8c73d3c33,image/jpeg,pending
messenger-audio/70 Messenger Audio 23,Messenger Audios,messenger-audio,MA 70  —  Messenger Audio (23),media,content/audio/messenger-audios/70 Messenger Audio 23/MA70.m4a,content/audio/messenger-audios/70 Messenger Audio 23/MA70.m4a,https://pub-f29cecbaf0f845e2b4565f356f98d18d.r2.dev/content/audio/messenger-audios/70%20Messenger%20Audio%2023/MA70.m4a,46272663,4b5672c5eef894407884a22e850009d41abcf6dcf9bc2d65fb15b0b698cdd75d,audio/mp4,pending
messenger-audio/70 Messenger Audio 23,Messenger Audios,messenger-audio,MA 70  —  Messenger Audio (23),transcript,content/audio/messenger-audios/70 Messenger Audio 23/MA70.en-US.vtt,content/audio/messenger-audios/70 Messenger Audio 23/MA70.en-US.vtt,https://pub-f29cecbaf0f845e2b4565f356f98d18d.r2.dev/content/audio/messenger-audios/70%20Messenger%20Audio%2023/MA70.en-US.vtt,50338,f092b7155fb6feefafece66de93158d099ab827111f9712a699b7da2871ae7e1,text/vtt; charset=utf-8,pending
messenger-audio/70 Messenger Audio 23,Messenger Audios,messenger-audio,MA 70  —  Messenger Audio (23),thumbnail,content/audio/messenger-audios/default.jpg,content/audio/messenger-audios/default.jpg,https://pub-f29cecbaf0f845e2b4565f356f98d18d.r2.dev/content/audio/messenger-audios/default.jpg,18739,7827b88b0c9afd4ec2584ff6a5105cd163a13fb0bedd975fff83ade8c73d3c33,image/jpeg,pending
messenger-audio/71 Messenger Audio 24.1,Messenger Audios,messenger-audio,MA 71  —  Messenger Audio (24.1),media,content/audio/messenger-audios/71 Messenger Audio 24.1/MA71.m4a,content/audio/messenger-audios/71 Messenger Audio 24.1/MA71.m4a,https://pub-f29cecbaf0f845e2b4565f356f98d18d.r2.dev/content/audio/messenger-audios/71%20Messenger%20Audio%2024.1/MA71.m4a,46350127,fef0e13e5fb5946493a8ac4e75d514f683a879a11f61dbf544cad04cc743739f,audio/mp4,pending
messenger-audio/71 Messenger Audio 24.1,Messenger Audios,messenger-audio,MA 71  —  Messenger Audio (24.1),transcript,content/audio/messenger-audios/71 Messenger Audio 24.1/MA71.en-US.vtt,content/audio/messenger-audios/71 Messenger Audio 24.1/MA71.en-US.vtt,https://pub-f29cecbaf0f845e2b4565f356f98d18d.r2.dev/content/audio/messenger-audios/71%20Messenger%20Audio%2024.1/MA71.en-US.vtt,53787,a5d06d43bc58704b50571b50e4160b6c7d5fcb6bf420b9e815638ce1fb30da6b,text/vtt; charset=utf-8,pending
messenger-audio/71 Messenger Audio 24.1,Messenger Audios,messenger-audio,MA 71  —  Messenger Audio (24.1),thumbnail,content/audio/messenger-audios/default.jpg,content/audio/messenger-audios/default.jpg,https://pub-f29cecbaf0f845e2b4565f356f98d18d.r2.dev/content/audio/messenger-audios/default.jpg,18739,7827b88b0c9afd4ec2584ff6a5105cd163a13fb0bedd975fff83ade8c73d3c33,image/jpeg,pending
messenger-audio/72 Messenger Audio 24.2,Messenger Audios,messenger-audio,MA 72  —  Messenger Audio (24.2),media,content/audio/messenger-audios/72 Messenger Audio 24.2/MA72.m4a,content/audio/messenger-audios/72 Messenger Audio 24.2/MA72.m4a,https://pub-f29cecbaf0f845e2b4565f356f98d18d.r2.dev/content/audio/messenger-audios/72%20Messenger%20Audio%2024.2/MA72.m4a,11569376,9325f1c7ef68335ff72d3bcc564083c0d2a26911f865086366d83ba01c13eb6b,audio/mp4,pending
messenger-audio/72 Messenger Audio 24.2,Messenger Audios,messenger-audio,MA 72  —  Messenger Audio (24.2),transcript,content/audio/messenger-audios/72 Messenger Audio 24.2/MA72.en-US.vtt,content/audio/messenger-audios/72 Messenger Audio 24.2/MA72.en-US.vtt,https://pub-f29cecbaf0f845e2b4565f356f98d18d.r2.dev/content/audio/messenger-audios/72%20Messenger%20Audio%2024.2/MA72.en-US.vtt,14435,a453986e0e0550af516706fe7d1fcf0b0bc033b8cc9cb563b8478fa53fcb3923,text/vtt; charset=utf-8,pending
messenger-audio/72 Messenger Audio 24.2,Messenger Audios,messenger-audio,MA 72  —  Messenger Audio (24.2),thumbnail,content/audio/messenger-audios/default.jpg,content/audio/messenger-audios/default.jpg,https://pub-f29cecbaf0f845e2b4565f356f98d18d.r2.dev/content/audio/messenger-audios/default.jpg,18739,7827b88b0c9afd4ec2584ff6a5105cd163a13fb0bedd975fff83ade8c73d3c33,image/jpeg,pending
messenger-audio/73 Messenger Audio 25,Messenger Audios,messenger-audio,MA 73  —  Messenger Audio (25),media,content/audio/messenger-audios/73 Messenger Audio 25/MA73.m4a,content/audio/messenger-audios/73 Messenger Audio 25/MA73.m4a,https://pub-f29cecbaf0f845e2b4565f356f98d18d.r2.dev/content/audio/messenger-audios/73%20Messenger%20Audio%2025/MA73.m4a,46420932,df40ba29d65725e641864eb5c8f9c28635d1a32e84254f28b50677d19716d478,audio/mp4,pending
messenger-audio/73 Messenger Audio 25,Messenger Audios,messenger-audio,MA 73  —  Messenger Audio (25),transcript,content/audio/messenger-audios/73 Messenger Audio 25/MA73.en-US.vtt,content/audio/messenger-audios/73 Messenger Audio 25/MA73.en-US.vtt,https://pub-f29cecbaf0f845e2b4565f356f98d18d.r2.dev/content/audio/messenger-audios/73%20Messenger%20Audio%2025/MA73.en-US.vtt,54352,b87649745240418ef35966524e1b1fb4bbe8f0d094317ba973664d8c1a2b65b0,text/vtt; charset=utf-8,pending
messenger-audio/73 Messenger Audio 25,Messenger Audios,messenger-audio,MA 73  —  Messenger Audio (25),thumbnail,content/audio/messenger-audios/default.jpg,content/audio/messenger-audios/default.jpg,https://pub-f29cecbaf0f845e2b4565f356f98d18d.r2.dev/content/audio/messenger-audios/default.jpg,18739,7827b88b0c9afd4ec2584ff6a5105cd163a13fb0bedd975fff83ade8c73d3c33,image/jpeg,pending
messenger-audio/74 Messenger Audio 26,Messenger Audios,messenger-audio,MA 74  —  Messenger Audio (26),media,content/audio/messenger-audios/74 Messenger Audio 26/MA74.m4a,content/audio/messenger-audios/74 Messenger Audio 26/MA74.m4a,https://pub-f29cecbaf0f845e2b4565f356f98d18d.r2.dev/content/audio/messenger-audios/74%20Messenger%20Audio%2026/MA74.m4a,27755718,cbbcfa4b49f87dab2cea418b9cf00aa5b1408c88359d8e7f1b7552b410346f0c,audio/mp4,pending
messenger-audio/74 Messenger Audio 26,Messenger Audios,messenger-audio,MA 74  —  Messenger Audio (26),transcript,content/audio/messenger-audios/74 Messenger Audio 26/MA74.en-US.vtt,content/audio/messenger-audios/74 Messenger Audio 26/MA74.en-US.vtt,https://pub-f29cecbaf0f845e2b4565f356f98d18d.r2.dev/content/audio/messenger-audios/74%20Messenger%20Audio%2026/MA74.en-US.vtt,31043,69f691dc6758243d0c478021a262bae7101f8d374be0c364cbabd1d6ecf46f5d,text/vtt; charset=utf-8,pending
messenger-audio/74 Messenger Audio 26,Messenger Audios,messenger-audio,MA 74  —  Messenger Audio (26),thumbnail,content/audio/messenger-audios/default.jpg,content/audio/messenger-audios/default.jpg,https://pub-f29cecbaf0f845e2b4565f356f98d18d.r2.dev/content/audio/messenger-audios/default.jpg,18739,7827b88b0c9afd4ec2584ff6a5105cd163a13fb0bedd975fff83ade8c73d3c33,image/jpeg,pending
messenger-audio/75 Messenger Audio 27,Messenger Audios,messenger-audio,MA 75  —  Messenger Audio (27),media,content/audio/messenger-audios/75 Messenger Audio 27/MA75.m4a,content/audio/messenger-audios/75 Messenger Audio 27/MA75.m4a,https://pub-f29cecbaf0f845e2b4565f356f98d18d.r2.dev/content/audio/messenger-audios/75%20Messenger%20Audio%2027/MA75.m4a,35990763,0f775b146099e869a5faba133f26388f7cef9ef8e7150f0e10f3aae8f3fae06d,audio/mp4,pending
messenger-audio/75 Messenger Audio 27,Messenger Audios,messenger-audio,MA 75  —  Messenger Audio (27),transcript,content/audio/messenger-audios/75 Messenger Audio 27/MA75.en-US.vtt,content/audio/messenger-audios/75 Messenger Audio 27/MA75.en-US.vtt,https://pub-f29cecbaf0f845e2b4565f356f98d18d.r2.dev/content/audio/messenger-audios/75%20Messenger%20Audio%2027/MA75.en-US.vtt,36755,9c18207bedbb40455a1f9b2504752bf6b771aebdb076dbb90fceea351af527f3,text/vtt; charset=utf-8,pending
messenger-audio/75 Messenger Audio 27,Messenger Audios,messenger-audio,MA 75  —  Messenger Audio (27),thumbnail,content/audio/messenger-audios/default.jpg,content/audio/messenger-audios/default.jpg,https://pub-f29cecbaf0f845e2b4565f356f98d18d.r2.dev/content/audio/messenger-audios/default.jpg,18739,7827b88b0c9afd4ec2584ff6a5105cd163a13fb0bedd975fff83ade8c73d3c33,image/jpeg,pending
messenger-audio/76 Messenger Audio 28.1,Messenger Audios,messenger-audio,MA 76  —  Messenger Audio (28.1),media,content/audio/messenger-audios/76 Messenger Audio 28.1/MA76.m4a,content/audio/messenger-audios/76 Messenger Audio 28.1/MA76.m4a,https://pub-f29cecbaf0f845e2b4565f356f98d18d.r2.dev/content/audio/messenger-audios/76%20Messenger%20Audio%2028.1/MA76.m4a,46173142,3b42559fec5cafc219711f856813d952a64081c3f399a4d735751e6c43caae75,audio/mp4,pending
messenger-audio/76 Messenger Audio 28.1,Messenger Audios,messenger-audio,MA 76  —  Messenger Audio (28.1),transcript,content/audio/messenger-audios/76 Messenger Audio 28.1/MA76.en-US.vtt,content/audio/messenger-audios/76 Messenger Audio 28.1/MA76.en-US.vtt,https://pub-f29cecbaf0f845e2b4565f356f98d18d.r2.dev/content/audio/messenger-audios/76%20Messenger%20Audio%2028.1/MA76.en-US.vtt,49290,3fc065f14a8c434182eb5263321c222aeb69092f615633b838ec9ce46ef30ff9,text/vtt; charset=utf-8,pending
messenger-audio/76 Messenger Audio 28.1,Messenger Audios,messenger-audio,MA 76  —  Messenger Audio (28.1),thumbnail,content/audio/messenger-audios/default.jpg,content/audio/messenger-audios/default.jpg,https://pub-f29cecbaf0f845e2b4565f356f98d18d.r2.dev/content/audio/messenger-audios/default.jpg,18739,7827b88b0c9afd4ec2584ff6a5105cd163a13fb0bedd975fff83ade8c73d3c33,image/jpeg,pending
messenger-audio/77 Messenger Audio 28.2,Messenger Audios,messenger-audio,MA 77  —  Messenger Audio (28.2),media,content/audio/messenger-audios/77 Messenger Audio 28.2/MA77.m4a,content/audio/messenger-audios/77 Messenger Audio 28.2/MA77.m4a,https://pub-f29cecbaf0f845e2b4565f356f98d18d.r2.dev/content/audio/messenger-audios/77%20Messenger%20Audio%2028.2/MA77.m4a,46187411,e34e2f4837857dc40f0c633eb39590f3f448daa51e671e78610b6783c8551b0e,audio/mp4,pending
messenger-audio/77 Messenger Audio 28.2,Messenger Audios,messenger-audio,MA 77  —  Messenger Audio (28.2),transcript,content/audio/messenger-audios/77 Messenger Audio 28.2/MA77.en-US.vtt,content/audio/messenger-audios/77 Messenger Audio 28.2/MA77.en-US.vtt,https://pub-f29cecbaf0f845e2b4565f356f98d18d.r2.dev/content/audio/messenger-audios/77%20Messenger%20Audio%2028.2/MA77.en-US.vtt,48348,cb60dac61c9582f1d41868aabec1f75b23a7ae13c22b2181798e971d639abcae,text/vtt; charset=utf-8,pending
messenger-audio/77 Messenger Audio 28.2,Messenger Audios,messenger-audio,MA 77  —  Messenger Audio (28.2),thumbnail,content/audio/messenger-audios/default.jpg,content/audio/messenger-audios/default.jpg,https://pub-f29cecbaf0f845e2b4565f356f98d18d.r2.dev/content/audio/messenger-audios/default.jpg,18739,7827b88b0c9afd4ec2584ff6a5105cd163a13fb0bedd975fff83ade8c73d3c33,image/jpeg,pending
messenger-audio/78 Messenger Audio 29,Messenger Audios,messenger-audio,MA 78  —  Messenger Audio (29),media,content/audio/messenger-audios/78 Messenger Audio 29/MA78.m4a,content/audio/messenger-audios/78 Messenger Audio 29/MA78.m4a,https://pub-f29cecbaf0f845e2b4565f356f98d18d.r2.dev/content/audio/messenger-audios/78%20Messenger%20Audio%2029/MA78.m4a,46261505,0b3235a09c61c3569ed63337eeb23282df350ddcea4b9d6c5f056e827e500f24,audio/mp4,pending
messenger-audio/78 Messenger Audio 29,Messenger Audios,messenger-audio,MA 78  —  Messenger Audio (29),transcript,content/audio/messenger-audios/78 Messenger Audio 29/MA78.en-US.vtt,content/audio/messenger-audios/78 Messenger Audio 29/MA78.en-US.vtt,https://pub-f29cecbaf0f845e2b4565f356f98d18d.r2.dev/content/audio/messenger-audios/78%20Messenger%20Audio%2029/MA78.en-US.vtt,51341,258462898be04a1c1e42643b256350b1c3f0da25943be9d109d9942225f7dedb,text/vtt; charset=utf-8,pending
messenger-audio/78 Messenger Audio 29,Messenger Audios,messenger-audio,MA 78  —  Messenger Audio (29),thumbnail,content/audio/messenger-audios/default.jpg,content/audio/messenger-audios/default.jpg,https://pub-f29cecbaf0f845e2b4565f356f98d18d.r2.dev/content/audio/messenger-audios/default.jpg,18739,7827b88b0c9afd4ec2584ff6a5105cd163a13fb0bedd975fff83ade8c73d3c33,image/jpeg,pending
messenger-audio/79 Messenger Audio 30.1,Messenger Audios,messenger-audio,MA 79  —  Messenger Audio (30.1),media,content/audio/messenger-audios/79 Messenger Audio 30.1/MA79.m4a,content/audio/messenger-audios/79 Messenger Audio 30.1/MA79.m4a,https://pub-f29cecbaf0f845e2b4565f356f98d18d.r2.dev/content/audio/messenger-audios/79%20Messenger%20Audio%2030.1/MA79.m4a,28546766,341f18cd3da6ff723c3992109e7be40ca576a84fe65ce0a05d170a7aa5eee8b0,audio/mp4,pending
messenger-audio/79 Messenger Audio 30.1,Messenger Audios,messenger-audio,MA 79  —  Messenger Audio (30.1),transcript,content/audio/messenger-audios/79 Messenger Audio 30.1/MA79.en-US.vtt,content/audio/messenger-audios/79 Messenger Audio 30.1/MA79.en-US.vtt,https://pub-f29cecbaf0f845e2b4565f356f98d18d.r2.dev/content/audio/messenger-audios/79%20Messenger%20Audio%2030.1/MA79.en-US.vtt,32933,21d0f99697082f15e6d50846fa75f285c49ed858ed64b11e31a7c6b2ca684203,text/vtt; charset=utf-8,pending
messenger-audio/79 Messenger Audio 30.1,Messenger Audios,messenger-audio,MA 79  —  Messenger Audio (30.1),thumbnail,content/audio/messenger-audios/default.jpg,content/audio/messenger-audios/default.jpg,https://pub-f29cecbaf0f845e2b4565f356f98d18d.r2.dev/content/audio/messenger-audios/default.jpg,18739,7827b88b0c9afd4ec2584ff6a5105cd163a13fb0bedd975fff83ade8c73d3c33,image/jpeg,pending
messenger-audio/80 Messenger Audio 30.2,Messenger Audios,messenger-audio,MA 80  —  Messenger Audio (30.2),media,content/audio/messenger-audios/80 Messenger Audio 30.2/MA80.m4a,content/audio/messenger-audios/80 Messenger Audio 30.2/MA80.m4a,https://pub-f29cecbaf0f845e2b4565f356f98d18d.r2.dev/content/audio/messenger-audios/80%20Messenger%20Audio%2030.2/MA80.m4a,24907310,0fd7e07cfb366776e26d345eb5dfbdca4049bfc9a511643b8d0cf19286aa91d7,audio/mp4,pending
messenger-audio/80 Messenger Audio 30.2,Messenger Audios,messenger-audio,MA 80  —  Messenger Audio (30.2),transcript,content/audio/messenger-audios/80 Messenger Audio 30.2/MA80.en-US.vtt,content/audio/messenger-audios/80 Messenger Audio 30.2/MA80.en-US.vtt,https://pub-f29cecbaf0f845e2b4565f356f98d18d.r2.dev/content/audio/messenger-audios/80%20Messenger%20Audio%2030.2/MA80.en-US.vtt,28957,1c02df6dc9ec70439118e8c7ac4ae5bfbe2a8ea30eb4177cae7b2f88347d95f7,text/vtt; charset=utf-8,pending
messenger-audio/80 Messenger Audio 30.2,Messenger Audios,messenger-audio,MA 80  —  Messenger Audio (30.2),thumbnail,content/audio/messenger-audios/default.jpg,content/audio/messenger-audios/default.jpg,https://pub-f29cecbaf0f845e2b4565f356f98d18d.r2.dev/content/audio/messenger-audios/default.jpg,18739,7827b88b0c9afd4ec2584ff6a5105cd163a13fb0bedd975fff83ade8c73d3c33,image/jpeg,pending
messenger-audio/81 Messenger Audio 31.1,Messenger Audios,messenger-audio,MA 81  —  Messenger Audio (31.1),media,content/audio/messenger-audios/81 Messenger Audio 31.1/MA81.m4a,content/audio/messenger-audios/81 Messenger Audio 31.1/MA81.m4a,https://pub-f29cecbaf0f845e2b4565f356f98d18d.r2.dev/content/audio/messenger-audios/81%20Messenger%20Audio%2031.1/MA81.m4a,1895515,0c12f967052ff571f879da4b25177d48ea129361c356447b55c020e0071ae6e0,audio/mp4,pending
messenger-audio/81 Messenger Audio 31.1,Messenger Audios,messenger-audio,MA 81  —  Messenger Audio (31.1),transcript,content/audio/messenger-audios/81 Messenger Audio 31.1/MA81.en-US.vtt,content/audio/messenger-audios/81 Messenger Audio 31.1/MA81.en-US.vtt,https://pub-f29cecbaf0f845e2b4565f356f98d18d.r2.dev/content/audio/messenger-audios/81%20Messenger%20Audio%2031.1/MA81.en-US.vtt,2187,8faf36376bbe30c1af3c21c0aee1c734db1f65b82f4f6d6764c1fecd238ca056,text/vtt; charset=utf-8,pending
messenger-audio/81 Messenger Audio 31.1,Messenger Audios,messenger-audio,MA 81  —  Messenger Audio (31.1),thumbnail,content/audio/messenger-audios/default.jpg,content/audio/messenger-audios/default.jpg,https://pub-f29cecbaf0f845e2b4565f356f98d18d.r2.dev/content/audio/messenger-audios/default.jpg,18739,7827b88b0c9afd4ec2584ff6a5105cd163a13fb0bedd975fff83ade8c73d3c33,image/jpeg,pending
messenger-audio/82 Messenger Audio 31.2,Messenger Audios,messenger-audio,MA 82  —  Messenger Audio (31.2),media,content/audio/messenger-audios/82 Messenger Audio 31.2/MA82.m4a,content/audio/messenger-audios/82 Messenger Audio 31.2/MA82.m4a,https://pub-f29cecbaf0f845e2b4565f356f98d18d.r2.dev/content/audio/messenger-audios/82%20Messenger%20Audio%2031.2/MA82.m4a,12847070,88fae424bea3869e38721258d53b0a9fb5a39c10d11d27c86b8ef5fe8b434a29,audio/mp4,pending
messenger-audio/82 Messenger Audio 31.2,Messenger Audios,messenger-audio,MA 82  —  Messenger Audio (31.2),transcript,content/audio/messenger-audios/82 Messenger Audio 31.2/MA82.en-US.vtt,content/audio/messenger-audios/82 Messenger Audio 31.2/MA82.en-US.vtt,https://pub-f29cecbaf0f845e2b4565f356f98d18d.r2.dev/content/audio/messenger-audios/82%20Messenger%20Audio%2031.2/MA82.en-US.vtt,14172,9ee8c815e17bd338ada11651561b07530a95d3624fdd2a0ba7eb75cb524610a7,text/vtt; charset=utf-8,pending
messenger-audio/82 Messenger Audio 31.2,Messenger Audios,messenger-audio,MA 82  —  Messenger Audio (31.2),thumbnail,content/audio/messenger-audios/default.jpg,content/audio/messenger-audios/default.jpg,https://pub-f29cecbaf0f845e2b4565f356f98d18d.r2.dev/content/audio/messenger-audios/default.jpg,18739,7827b88b0c9afd4ec2584ff6a5105cd163a13fb0bedd975fff83ade8c73d3c33,image/jpeg,pending
messenger-audio/83 Messenger Audio 32,Messenger Audios,messenger-audio,MA 83  —  Messenger Audio (32),media,content/audio/messenger-audios/83 Messenger Audio 32/MA83.m4a,content/audio/messenger-audios/83 Messenger Audio 32/MA83.m4a,https://pub-f29cecbaf0f845e2b4565f356f98d18d.r2.dev/content/audio/messenger-audios/83%20Messenger%20Audio%2032/MA83.m4a,44024039,f058c4ced2ec178bb07e83abbc57f02196ce16abda747896794e8064e69f827b,audio/mp4,pending
messenger-audio/83 Messenger Audio 32,Messenger Audios,messenger-audio,MA 83  —  Messenger Audio (32),transcript,content/audio/messenger-audios/83 Messenger Audio 32/MA83.en-US.vtt,content/audio/messenger-audios/83 Messenger Audio 32/MA83.en-US.vtt,https://pub-f29cecbaf0f845e2b4565f356f98d18d.r2.dev/content/audio/messenger-audios/83%20Messenger%20Audio%2032/MA83.en-US.vtt,50838,0b2b4ebc5e45bab96534d31baaebb27931bd7916616a6b05facafc045b97cd68,text/vtt; charset=utf-8,pending
messenger-audio/83 Messenger Audio 32,Messenger Audios,messenger-audio,MA 83  —  Messenger Audio (32),thumbnail,content/audio/messenger-audios/default.jpg,content/audio/messenger-audios/default.jpg,https://pub-f29cecbaf0f845e2b4565f356f98d18d.r2.dev/content/audio/messenger-audios/default.jpg,18739,7827b88b0c9afd4ec2584ff6a5105cd163a13fb0bedd975fff83ade8c73d3c33,image/jpeg,pending
messenger-audio/84 Messenger Audio 33.1,Messenger Audios,messenger-audio,MA 84  —  Messenger Audio (33.1),media,content/audio/messenger-audios/84 Messenger Audio 33.1/MA84.m4a,content/audio/messenger-audios/84 Messenger Audio 33.1/MA84.m4a,https://pub-f29cecbaf0f845e2b4565f356f98d18d.r2.dev/content/audio/messenger-audios/84%20Messenger%20Audio%2033.1/MA84.m4a,32352058,e035b348123bc7403635f8efd470a9a63204f0fd46a2cfac0fe8c7bddf154fec,audio/mp4,pending
messenger-audio/84 Messenger Audio 33.1,Messenger Audios,messenger-audio,MA 84  —  Messenger Audio (33.1),transcript,content/audio/messenger-audios/84 Messenger Audio 33.1/MA84.en-US.vtt,content/audio/messenger-audios/84 Messenger Audio 33.1/MA84.en-US.vtt,https://pub-f29cecbaf0f845e2b4565f356f98d18d.r2.dev/content/audio/messenger-audios/84%20Messenger%20Audio%2033.1/MA84.en-US.vtt,31071,f18dfa779d9d1107e9cd439fc102bf6192a1b375e21009caa663614272f0ca32,text/vtt; charset=utf-8,pending
messenger-audio/84 Messenger Audio 33.1,Messenger Audios,messenger-audio,MA 84  —  Messenger Audio (33.1),thumbnail,content/audio/messenger-audios/default.jpg,content/audio/messenger-audios/default.jpg,https://pub-f29cecbaf0f845e2b4565f356f98d18d.r2.dev/content/audio/messenger-audios/default.jpg,18739,7827b88b0c9afd4ec2584ff6a5105cd163a13fb0bedd975fff83ade8c73d3c33,image/jpeg,pending
messenger-audio/85 Messenger Audio 33.2,Messenger Audios,messenger-audio,MA 85  —  Messenger Audio (33.2),media,content/audio/messenger-audios/85 Messenger Audio 33.2/MA85.m4a,content/audio/messenger-audios/85 Messenger Audio 33.2/MA85.m4a,https://pub-f29cecbaf0f845e2b4565f356f98d18d.r2.dev/content/audio/messenger-audios/85%20Messenger%20Audio%2033.2/MA85.m4a,28544138,38a5261c6f84e33a91b4c59341ff28ff92d8ca7087cd30509d229f1b1c12b439,audio/mp4,pending
messenger-audio/85 Messenger Audio 33.2,Messenger Audios,messenger-audio,MA 85  —  Messenger Audio (33.2),transcript,content/audio/messenger-audios/85 Messenger Audio 33.2/MA85.en-US.vtt,content/audio/messenger-audios/85 Messenger Audio 33.2/MA85.en-US.vtt,https://pub-f29cecbaf0f845e2b4565f356f98d18d.r2.dev/content/audio/messenger-audios/85%20Messenger%20Audio%2033.2/MA85.en-US.vtt,33869,020fde321bc4fc5366ea19df11bce72abddaa10554903e5f8a6d5def2ee63d87,text/vtt; charset=utf-8,pending
messenger-audio/85 Messenger Audio 33.2,Messenger Audios,messenger-audio,MA 85  —  Messenger Audio (33.2),thumbnail,content/audio/messenger-audios/default.jpg,content/audio/messenger-audios/default.jpg,https://pub-f29cecbaf0f845e2b4565f356f98d18d.r2.dev/content/audio/messenger-audios/default.jpg,18739,7827b88b0c9afd4ec2584ff6a5105cd163a13fb0bedd975fff83ade8c73d3c33,image/jpeg,pending
messenger-audio/86 Messenger Audio 34.1,Messenger Audios,messenger-audio,MA 86  —  Messenger Audio (34.1),media,content/audio/messenger-audios/86 Messenger Audio 34.1/MA86.m4a,content/audio/messenger-audios/86 Messenger Audio 34.1/MA86.m4a,https://pub-f29cecbaf0f845e2b4565f356f98d18d.r2.dev/content/audio/messenger-audios/86%20Messenger%20Audio%2034.1/MA86.m4a,14846224,288ec958135e1165cffce5e8f0af98aa0f0654a159207ac2010283df788307c7,audio/mp4,pending
messenger-audio/86 Messenger Audio 34.1,Messenger Audios,messenger-audio,MA 86  —  Messenger Audio (34.1),transcript,content/audio/messenger-audios/86 Messenger Audio 34.1/MA86.en-US.vtt,content/audio/messenger-audios/86 Messenger Audio 34.1/MA86.en-US.vtt,https://pub-f29cecbaf0f845e2b4565f356f98d18d.r2.dev/content/audio/messenger-audios/86%20Messenger%20Audio%2034.1/MA86.en-US.vtt,15064,e7c2d895b52d132e1b5e23eb4b53393aa0688a927b3b265a4670b5685a8a6e3b,text/vtt; charset=utf-8,pending
messenger-audio/86 Messenger Audio 34.1,Messenger Audios,messenger-audio,MA 86  —  Messenger Audio (34.1),thumbnail,content/audio/messenger-audios/default.jpg,content/audio/messenger-audios/default.jpg,https://pub-f29cecbaf0f845e2b4565f356f98d18d.r2.dev/content/audio/messenger-audios/default.jpg,18739,7827b88b0c9afd4ec2584ff6a5105cd163a13fb0bedd975fff83ade8c73d3c33,image/jpeg,pending
messenger-audio/87 Messenger Audio 34.2,Messenger Audios,messenger-audio,MA 87  —  Messenger Audio (34.2),media,content/audio/messenger-audios/87 Messenger Audio 34.2/MA87.m4a,content/audio/messenger-audios/87 Messenger Audio 34.2/MA87.m4a,https://pub-f29cecbaf0f845e2b4565f356f98d18d.r2.dev/content/audio/messenger-audios/87%20Messenger%20Audio%2034.2/MA87.m4a,13376149,c3c0ba23e60c7bd77d8d1fd05b21ce9442bd2b7fe28ac89a5e1358c9481d1031,audio/mp4,pending
messenger-audio/87 Messenger Audio 34.2,Messenger Audios,messenger-audio,MA 87  —  Messenger Audio (34.2),transcript,content/audio/messenger-audios/87 Messenger Audio 34.2/MA87.en-US.vtt,content/audio/messenger-audios/87 Messenger Audio 34.2/MA87.en-US.vtt,https://pub-f29cecbaf0f845e2b4565f356f98d18d.r2.dev/content/audio/messenger-audios/87%20Messenger%20Audio%2034.2/MA87.en-US.vtt,18061,a87c8f5a19676e25644ea74773b1e740b9019c06098fbb4548a5b4a113764228,text/vtt; charset=utf-8,pending
messenger-audio/87 Messenger Audio 34.2,Messenger Audios,messenger-audio,MA 87  —  Messenger Audio (34.2),thumbnail,content/audio/messenger-audios/default.jpg,content/audio/messenger-audios/default.jpg,https://pub-f29cecbaf0f845e2b4565f356f98d18d.r2.dev/content/audio/messenger-audios/default.jpg,18739,7827b88b0c9afd4ec2584ff6a5105cd163a13fb0bedd975fff83ade8c73d3c33,image/jpeg,pending
messenger-audio/88 Messenger Audio 35,Messenger Audios,messenger-audio,MA 88  —  Messenger Audio (35),media,content/audio/messenger-audios/88 Messenger Audio 35/MA88.m4a,content/audio/messenger-audios/88 Messenger Audio 35/MA88.m4a,https://pub-f29cecbaf0f845e2b4565f356f98d18d.r2.dev/content/audio/messenger-audios/88%20Messenger%20Audio%2035/MA88.m4a,18837515,fe12eadc7756d4e4994407d05da4f3e7a8a94133d4a6f230b0987c733570059d,audio/mp4,pending
messenger-audio/88 Messenger Audio 35,Messenger Audios,messenger-audio,MA 88  —  Messenger Audio (35),transcript,content/audio/messenger-audios/88 Messenger Audio 35/MA88.en-US.vtt,content/audio/messenger-audios/88 Messenger Audio 35/MA88.en-US.vtt,https://pub-f29cecbaf0f845e2b4565f356f98d18d.r2.dev/content/audio/messenger-audios/88%20Messenger%20Audio%2035/MA88.en-US.vtt,18364,242d7396edea2436c59979848e75e12502a73ae57ab99362c434ca46b27aa843,text/vtt; charset=utf-8,pending
messenger-audio/88 Messenger Audio 35,Messenger Audios,messenger-audio,MA 88  —  Messenger Audio (35),thumbnail,content/audio/messenger-audios/default.jpg,content/audio/messenger-audios/default.jpg,https://pub-f29cecbaf0f845e2b4565f356f98d18d.r2.dev/content/audio/messenger-audios/default.jpg,18739,7827b88b0c9afd4ec2584ff6a5105cd163a13fb0bedd975fff83ade8c73d3c33,image/jpeg,pending
messenger-audio/89 Messenger Audio 36.1,Messenger Audios,messenger-audio,MA 89  —  Messenger Audio (36.1),media,content/audio/messenger-audios/89 Messenger Audio 36.1/MA89.m4a,content/audio/messenger-audios/89 Messenger Audio 36.1/MA89.m4a,https://pub-f29cecbaf0f845e2b4565f356f98d18d.r2.dev/content/audio/messenger-audios/89%20Messenger%20Audio%2036.1/MA89.m4a,48323111,c8666e4f93ed5d23fd95fb578e2c86f8b48a192c6657bd06aff5c53da9d3be9d,audio/mp4,pending
messenger-audio/89 Messenger Audio 36.1,Messenger Audios,messenger-audio,MA 89  —  Messenger Audio (36.1),transcript,content/audio/messenger-audios/89 Messenger Audio 36.1/MA89.en-US.vtt,content/audio/messenger-audios/89 Messenger Audio 36.1/MA89.en-US.vtt,https://pub-f29cecbaf0f845e2b4565f356f98d18d.r2.dev/content/audio/messenger-audios/89%20Messenger%20Audio%2036.1/MA89.en-US.vtt,50058,4701eb7ad9179103288fef832108e4cdc19c5febe57551e5bcb688944375ff34,text/vtt; charset=utf-8,pending
messenger-audio/89 Messenger Audio 36.1,Messenger Audios,messenger-audio,MA 89  —  Messenger Audio (36.1),thumbnail,content/audio/messenger-audios/default.jpg,content/audio/messenger-audios/default.jpg,https://pub-f29cecbaf0f845e2b4565f356f98d18d.r2.dev/content/audio/messenger-audios/default.jpg,18739,7827b88b0c9afd4ec2584ff6a5105cd163a13fb0bedd975fff83ade8c73d3c33,image/jpeg,pending
messenger-audio/90 Messenger Audio 36.2,Messenger Audios,messenger-audio,MA 90  —  Messenger Audio (36.2),media,content/audio/messenger-audios/90 Messenger Audio 36.2/MA90.m4a,content/audio/messenger-audios/90 Messenger Audio 36.2/MA90.m4a,https://pub-f29cecbaf0f845e2b4565f356f98d18d.r2.dev/content/audio/messenger-audios/90%20Messenger%20Audio%2036.2/MA90.m4a,9511149,458e641351a0ca382eee8746e056a6ce032f81d4889b1ba9d996337f5cc5803c,audio/mp4,pending
messenger-audio/90 Messenger Audio 36.2,Messenger Audios,messenger-audio,MA 90  —  Messenger Audio (36.2),transcript,content/audio/messenger-audios/90 Messenger Audio 36.2/MA90.en-US.vtt,content/audio/messenger-audios/90 Messenger Audio 36.2/MA90.en-US.vtt,https://pub-f29cecbaf0f845e2b4565f356f98d18d.r2.dev/content/audio/messenger-audios/90%20Messenger%20Audio%2036.2/MA90.en-US.vtt,11113,b8872a1729508e72beaef37625d61a3c9809942a9863de14753bff94f90460f0,text/vtt; charset=utf-8,pending
messenger-audio/90 Messenger Audio 36.2,Messenger Audios,messenger-audio,MA 90  —  Messenger Audio (36.2),thumbnail,content/audio/messenger-audios/default.jpg,content/audio/messenger-audios/default.jpg,https://pub-f29cecbaf0f845e2b4565f356f98d18d.r2.dev/content/audio/messenger-audios/default.jpg,18739,7827b88b0c9afd4ec2584ff6a5105cd163a13fb0bedd975fff83ade8c73d3c33,image/jpeg,pending
messenger-audio/91 Messenger Audio 37.1,Messenger Audios,messenger-audio,MA 91  —  Messenger Audio (37.1),media,content/audio/messenger-audios/91 Messenger Audio 37.1/MA91.m4a,content/audio/messenger-audios/91 Messenger Audio 37.1/MA91.m4a,https://pub-f29cecbaf0f845e2b4565f356f98d18d.r2.dev/content/audio/messenger-audios/91%20Messenger%20Audio%2037.1/MA91.m4a,48512865,2dfd6102a3a3832774b1310e1b45d4ef8f4b000e8489ce33ddf424c7f46cbd4c,audio/mp4,pending
messenger-audio/91 Messenger Audio 37.1,Messenger Audios,messenger-audio,MA 91  —  Messenger Audio (37.1),transcript,content/audio/messenger-audios/91 Messenger Audio 37.1/MA91.en-US.vtt,content/audio/messenger-audios/91 Messenger Audio 37.1/MA91.en-US.vtt,https://pub-f29cecbaf0f845e2b4565f356f98d18d.r2.dev/content/audio/messenger-audios/91%20Messenger%20Audio%2037.1/MA91.en-US.vtt,51350,1dedffde9b0278e8415a818f060e4b4cf68cc2e063502151937df6742c4f3ded,text/vtt; charset=utf-8,pending
messenger-audio/91 Messenger Audio 37.1,Messenger Audios,messenger-audio,MA 91  —  Messenger Audio (37.1),thumbnail,content/audio/messenger-audios/default.jpg,content/audio/messenger-audios/default.jpg,https://pub-f29cecbaf0f845e2b4565f356f98d18d.r2.dev/content/audio/messenger-audios/default.jpg,18739,7827b88b0c9afd4ec2584ff6a5105cd163a13fb0bedd975fff83ade8c73d3c33,image/jpeg,pending
messenger-audio/92 Messenger Audio 37.2,Messenger Audios,messenger-audio,MA 92  —  Messenger Audio (37.2),media,content/audio/messenger-audios/92 Messenger Audio 37.2/MA92.m4a,content/audio/messenger-audios/92 Messenger Audio 37.2/MA92.m4a,https://pub-f29cecbaf0f845e2b4565f356f98d18d.r2.dev/content/audio/messenger-audios/92%20Messenger%20Audio%2037.2/MA92.m4a,6008766,d5b495c7025b4ccb3b52394371fba3f8cb6d71557f787c06454816bc156c9c93,audio/mp4,pending
messenger-audio/92 Messenger Audio 37.2,Messenger Audios,messenger-audio,MA 92  —  Messenger Audio (37.2),transcript,content/audio/messenger-audios/92 Messenger Audio 37.2/MA92.en-US.vtt,content/audio/messenger-audios/92 Messenger Audio 37.2/MA92.en-US.vtt,https://pub-f29cecbaf0f845e2b4565f356f98d18d.r2.dev/content/audio/messenger-audios/92%20Messenger%20Audio%2037.2/MA92.en-US.vtt,6043,69268d78840a297c54042367e450a311b3057c3172736e531f1a6120bb2295b9,text/vtt; charset=utf-8,pending
messenger-audio/92 Messenger Audio 37.2,Messenger Audios,messenger-audio,MA 92  —  Messenger Audio (37.2),thumbnail,content/audio/messenger-audios/default.jpg,content/audio/messenger-audios/default.jpg,https://pub-f29cecbaf0f845e2b4565f356f98d18d.r2.dev/content/audio/messenger-audios/default.jpg,18739,7827b88b0c9afd4ec2584ff6a5105cd163a13fb0bedd975fff83ade8c73d3c33,image/jpeg,pending
messenger-audio/93 Messenger Audio 38.1,Messenger Audios,messenger-audio,MA 93  —  Messenger Audio (38.1),media,content/audio/messenger-audios/93 Messenger Audio 38.1/MA93.m4a,content/audio/messenger-audios/93 Messenger Audio 38.1/MA93.m4a,https://pub-f29cecbaf0f845e2b4565f356f98d18d.r2.dev/content/audio/messenger-audios/93%20Messenger%20Audio%2038.1/MA93.m4a,32779256,ab89dc216e9e8cc3a0c0210e94fa017a208bf90b986f3ff8ae94181331a863b4,audio/mp4,pending
messenger-audio/93 Messenger Audio 38.1,Messenger Audios,messenger-audio,MA 93  —  Messenger Audio (38.1),transcript,content/audio/messenger-audios/93 Messenger Audio 38.1/MA93.en-US.vtt,content/audio/messenger-audios/93 Messenger Audio 38.1/MA93.en-US.vtt,https://pub-f29cecbaf0f845e2b4565f356f98d18d.r2.dev/content/audio/messenger-audios/93%20Messenger%20Audio%2038.1/MA93.en-US.vtt,27311,ede3a19f9f6fb24f1a1b4e1f574b6c6eece0a64fe090d207ba96d45b912a8b4a,text/vtt; charset=utf-8,pending
messenger-audio/93 Messenger Audio 38.1,Messenger Audios,messenger-audio,MA 93  —  Messenger Audio (38.1),thumbnail,content/audio/messenger-audios/default.jpg,content/audio/messenger-audios/default.jpg,https://pub-f29cecbaf0f845e2b4565f356f98d18d.r2.dev/content/audio/messenger-audios/default.jpg,18739,7827b88b0c9afd4ec2584ff6a5105cd163a13fb0bedd975fff83ade8c73d3c33,image/jpeg,pending
messenger-audio/94 Messenger Audio 38.2,Messenger Audios,messenger-audio,MA 94  —  Messenger Audio (38.2),media,content/audio/messenger-audios/94 Messenger Audio 38.2/MA94.m4a,content/audio/messenger-audios/94 Messenger Audio 38.2/MA94.m4a,https://pub-f29cecbaf0f845e2b4565f356f98d18d.r2.dev/content/audio/messenger-audios/94%20Messenger%20Audio%2038.2/MA94.m4a,27727554,565fd35dc5f615ee5c236c8aa4442211452a668978ea971ab7bb86ffc371f51f,audio/mp4,pending
messenger-audio/94 Messenger Audio 38.2,Messenger Audios,messenger-audio,MA 94  —  Messenger Audio (38.2),transcript,content/audio/messenger-audios/94 Messenger Audio 38.2/MA94.en-US.vtt,content/audio/messenger-audios/94 Messenger Audio 38.2/MA94.en-US.vtt,https://pub-f29cecbaf0f845e2b4565f356f98d18d.r2.dev/content/audio/messenger-audios/94%20Messenger%20Audio%2038.2/MA94.en-US.vtt,28782,ab815c0e6c8de4e8c69b076826c09eb91e9d8afa9cc8c5c25757621346e588ce,text/vtt; charset=utf-8,pending
messenger-audio/94 Messenger Audio 38.2,Messenger Audios,messenger-audio,MA 94  —  Messenger Audio (38.2),thumbnail,content/audio/messenger-audios/default.jpg,content/audio/messenger-audios/default.jpg,https://pub-f29cecbaf0f845e2b4565f356f98d18d.r2.dev/content/audio/messenger-audios/default.jpg,18739,7827b88b0c9afd4ec2584ff6a5105cd163a13fb0bedd975fff83ade8c73d3c33,image/jpeg,pending
messenger-audio/95 Messenger Audio 39,Messenger Audios,messenger-audio,MA 95  —  Messenger Audio (39),media,content/audio/messenger-audios/95 Messenger Audio 39/MA95.m4a,content/audio/messenger-audios/95 Messenger Audio 39/MA95.m4a,https://pub-f29cecbaf0f845e2b4565f356f98d18d.r2.dev/content/audio/messenger-audios/95%20Messenger%20Audio%2039/MA95.m4a,12013213,6945b453e758e1d1d491b83a865abc1d17ef34945de2d9f9c39e0174f99d3d42,audio/mp4,pending
messenger-audio/95 Messenger Audio 39,Messenger Audios,messenger-audio,MA 95  —  Messenger Audio (39),transcript,content/audio/messenger-audios/95 Messenger Audio 39/MA95.en-US.vtt,content/audio/messenger-audios/95 Messenger Audio 39/MA95.en-US.vtt,https://pub-f29cecbaf0f845e2b4565f356f98d18d.r2.dev/content/audio/messenger-audios/95%20Messenger%20Audio%2039/MA95.en-US.vtt,12956,3b6b12231e5e2ae2dab0a6f6b2df0d557c00cf01ea79f864495b046d47e314af,text/vtt; charset=utf-8,pending
messenger-audio/95 Messenger Audio 39,Messenger Audios,messenger-audio,MA 95  —  Messenger Audio (39),thumbnail,content/audio/messenger-audios/default.jpg,content/audio/messenger-audios/default.jpg,https://pub-f29cecbaf0f845e2b4565f356f98d18d.r2.dev/content/audio/messenger-audios/default.jpg,18739,7827b88b0c9afd4ec2584ff6a5105cd163a13fb0bedd975fff83ade8c73d3c33,image/jpeg,pending
messenger-audio/96 Messenger Audio 41,Messenger Audios,messenger-audio,MA 96  —  Messenger Audio (41),media,content/audio/messenger-audios/96 Messenger Audio 41/MA96.m4a,content/audio/messenger-audios/96 Messenger Audio 41/MA96.m4a,https://pub-f29cecbaf0f845e2b4565f356f98d18d.r2.dev/content/audio/messenger-audios/96%20Messenger%20Audio%2041/MA96.m4a,38796103,e5c1584072d1e50387bbfb49543f21d81dbcb5c85b49ab618a71400c70d0bc5b,audio/mp4,pending
messenger-audio/96 Messenger Audio 41,Messenger Audios,messenger-audio,MA 96  —  Messenger Audio (41),transcript,content/audio/messenger-audios/96 Messenger Audio 41/MA96.en-US.vtt,content/audio/messenger-audios/96 Messenger Audio 41/MA96.en-US.vtt,https://pub-f29cecbaf0f845e2b4565f356f98d18d.r2.dev/content/audio/messenger-audios/96%20Messenger%20Audio%2041/MA96.en-US.vtt,48261,88fc6ba81e11d5af9acf7916e2dee95966a99d994c545e966bb34f503af7aad0,text/vtt; charset=utf-8,pending
messenger-audio/96 Messenger Audio 41,Messenger Audios,messenger-audio,MA 96  —  Messenger Audio (41),thumbnail,content/audio/messenger-audios/default.jpg,content/audio/messenger-audios/default.jpg,https://pub-f29cecbaf0f845e2b4565f356f98d18d.r2.dev/content/audio/messenger-audios/default.jpg,18739,7827b88b0c9afd4ec2584ff6a5105cd163a13fb0bedd975fff83ade8c73d3c33,image/jpeg,pending
messenger-audio/97 Messenger Audio 43.1,Messenger Audios,messenger-audio,MA 97  —  Messenger Audio (43.1),media,content/audio/messenger-audios/97 Messenger Audio 43.1/MA97.m4a,content/audio/messenger-audios/97 Messenger Audio 43.1/MA97.m4a,https://pub-f29cecbaf0f845e2b4565f356f98d18d.r2.dev/content/audio/messenger-audios/97%20Messenger%20Audio%2043.1/MA97.m4a,38796103,6c19edae5c7b0f5893a7d7b3c6b039982d9623f8d0fee7f2ae294fac88060680,audio/mp4,pending
messenger-audio/97 Messenger Audio 43.1,Messenger Audios,messenger-audio,MA 97  —  Messenger Audio (43.1),transcript,content/audio/messenger-audios/97 Messenger Audio 43.1/MA97.en-US.vtt,content/audio/messenger-audios/97 Messenger Audio 43.1/MA97.en-US.vtt,https://pub-f29cecbaf0f845e2b4565f356f98d18d.r2.dev/content/audio/messenger-audios/97%20Messenger%20Audio%2043.1/MA97.en-US.vtt,38084,72ceb7e89fcd5648e712e07c2e1763afded786a6e26cdbf329a0f35b43e5f406,text/vtt; charset=utf-8,pending
messenger-audio/97 Messenger Audio 43.1,Messenger Audios,messenger-audio,MA 97  —  Messenger Audio (43.1),thumbnail,content/audio/messenger-audios/default.jpg,content/audio/messenger-audios/default.jpg,https://pub-f29cecbaf0f845e2b4565f356f98d18d.r2.dev/content/audio/messenger-audios/default.jpg,18739,7827b88b0c9afd4ec2584ff6a5105cd163a13fb0bedd975fff83ade8c73d3c33,image/jpeg,pending
messenger-audio/98 Messenger Audio 43.2,Messenger Audios,messenger-audio,MA 98  —  Messenger Audio (43.2),media,content/audio/messenger-audios/98 Messenger Audio 43.2/MA98.m4a,content/audio/messenger-audios/98 Messenger Audio 43.2/MA98.m4a,https://pub-f29cecbaf0f845e2b4565f356f98d18d.r2.dev/content/audio/messenger-audios/98%20Messenger%20Audio%2043.2/MA98.m4a,10281168,c1af98a387b16966572cc22f25deec0d0109b8da75bf6ca9c76abe9816793fb9,audio/mp4,pending
messenger-audio/98 Messenger Audio 43.2,Messenger Audios,messenger-audio,MA 98  —  Messenger Audio (43.2),transcript,content/audio/messenger-audios/98 Messenger Audio 43.2/MA98.en-US.vtt,content/audio/messenger-audios/98 Messenger Audio 43.2/MA98.en-US.vtt,https://pub-f29cecbaf0f845e2b4565f356f98d18d.r2.dev/content/audio/messenger-audios/98%20Messenger%20Audio%2043.2/MA98.en-US.vtt,16387,1522292ea68f78c33f44b6c1f82280e91a19a8ab1a463906481a8555e88ab97b,text/vtt; charset=utf-8,pending
messenger-audio/98 Messenger Audio 43.2,Messenger Audios,messenger-audio,MA 98  —  Messenger Audio (43.2),thumbnail,content/audio/messenger-audios/default.jpg,content/audio/messenger-audios/default.jpg,https://pub-f29cecbaf0f845e2b4565f356f98d18d.r2.dev/content/audio/messenger-audios/default.jpg,18739,7827b88b0c9afd4ec2584ff6a5105cd163a13fb0bedd975fff83ade8c73d3c33,image/jpeg,pending
messenger-audio/99 Messenger Audio 44,Messenger Audios,messenger-audio,MA 99  —  Messenger Audio (44),media,content/audio/messenger-audios/99 Messenger Audio 44/MA99.m4a,content/audio/messenger-audios/99 Messenger Audio 44/MA99.m4a,https://pub-f29cecbaf0f845e2b4565f356f98d18d.r2.dev/content/audio/messenger-audios/99%20Messenger%20Audio%2044/MA99.m4a,30210725,9293687aa9b62e9bea1701acd9afae3a24991813c950b59fb306d85b67213070,audio/mp4,pending
messenger-audio/99 Messenger Audio 44,Messenger Audios,messenger-audio,MA 99  —  Messenger Audio (44),transcript,content/audio/messenger-audios/99 Messenger Audio 44/MA99.en-US.vtt,content/audio/messenger-audios/99 Messenger Audio 44/MA99.en-US.vtt,https://pub-f29cecbaf0f845e2b4565f356f98d18d.r2.dev/content/audio/messenger-audios/99%20Messenger%20Audio%2044/MA99.en-US.vtt,33113,8bcd78926f5048423db9ff583ab2cdfba930f9466d50e96014862d343fc28814,text/vtt; charset=utf-8,pending
messenger-audio/99 Messenger Audio 44,Messenger Audios,messenger-audio,MA 99  —  Messenger Audio (44),thumbnail,content/audio/messenger-audios/default.jpg,content/audio/messenger-audios/default.jpg,https://pub-f29cecbaf0f845e2b4565f356f98d18d.r2.dev/content/audio/messenger-audios/default.jpg,18739,7827b88b0c9afd4ec2584ff6a5105cd163a13fb0bedd975fff83ade8c73d3c33,image/jpeg,pending
messenger-audio/100 Messenger Audio 46,Messenger Audios,messenger-audio,MA 100  —  Messenger Audio (46),media,content/audio/messenger-audios/100 Messenger Audio 46/MA100.m4a,content/audio/messenger-audios/100 Messenger Audio 46/MA100.m4a,https://pub-f29cecbaf0f845e2b4565f356f98d18d.r2.dev/content/audio/messenger-audios/100%20Messenger%20Audio%2046/MA100.m4a,38139231,14a2cb45609f152a321109087c4242cf99635c4855ecb27e11c510dc03b4d42d,audio/mp4,pending
messenger-audio/100 Messenger Audio 46,Messenger Audios,messenger-audio,MA 100  —  Messenger Audio (46),transcript,content/audio/messenger-audios/100 Messenger Audio 46/MA100.en-US.vtt,content/audio/messenger-audios/100 Messenger Audio 46/MA100.en-US.vtt,https://pub-f29cecbaf0f845e2b4565f356f98d18d.r2.dev/content/audio/messenger-audios/100%20Messenger%20Audio%2046/MA100.en-US.vtt,37021,373537afb693520f0cf1e675a1596a25c11768e61c2ceeff9ac438c9896ff21a,text/vtt; charset=utf-8,pending
messenger-audio/100 Messenger Audio 46,Messenger Audios,messenger-audio,MA 100  —  Messenger Audio (46),thumbnail,content/audio/messenger-audios/default.jpg,content/audio/messenger-audios/default.jpg,https://pub-f29cecbaf0f845e2b4565f356f98d18d.r2.dev/content/audio/messenger-audios/default.jpg,18739,7827b88b0c9afd4ec2584ff6a5105cd163a13fb0bedd975fff83ade8c73d3c33,image/jpeg,pending
messenger-audio/101 Messenger Audio 47,Messenger Audios,messenger-audio,MA 101  —  Messenger Audio (47),media,content/audio/messenger-audios/101 Messenger Audio 47/MA101.m4a,content/audio/messenger-audios/101 Messenger Audio 47/MA101.m4a,https://pub-f29cecbaf0f845e2b4565f356f98d18d.r2.dev/content/audio/messenger-audios/101%20Messenger%20Audio%2047/MA101.m4a,24900175,f39fd248cbc2e791ad0bd175bdc343c1509a2d5287d6fee9af2a1c5b750aad98,audio/mp4,pending
messenger-audio/101 Messenger Audio 47,Messenger Audios,messenger-audio,MA 101  —  Messenger Audio (47),transcript,content/audio/messenger-audios/101 Messenger Audio 47/MA101.en-US.vtt,content/audio/messenger-audios/101 Messenger Audio 47/MA101.en-US.vtt,https://pub-f29cecbaf0f845e2b4565f356f98d18d.r2.dev/content/audio/messenger-audios/101%20Messenger%20Audio%2047/MA101.en-US.vtt,23548,d1513b1addfa663b9f8a3182e62ab8f16b9c2778b71ac43343516be85df69638,text/vtt; charset=utf-8,pending
messenger-audio/101 Messenger Audio 47,Messenger Audios,messenger-audio,MA 101  —  Messenger Audio (47),thumbnail,content/audio/messenger-audios/default.jpg,content/audio/messenger-audios/default.jpg,https://pub-f29cecbaf0f845e2b4565f356f98d18d.r2.dev/content/audio/messenger-audios/default.jpg,18739,7827b88b0c9afd4ec2584ff6a5105cd163a13fb0bedd975fff83ade8c73d3c33,image/jpeg,pending
1985_feb,Submitter Perspectives,perspective,Submitter Perspectives February 1985,pdf,content/newsletter/pdfs/1985_02_February.pdf,content/newsletter/pdfs/1985_02_February.pdf,https://pub-f29cecbaf0f845e2b4565f356f98d18d.r2.dev/content/newsletter/pdfs/1985_02_February.pdf,1795696,257c80476237b343dfedcc3f0dd4f11248d10999d499a5a60e4d8ac8a50eee6e,application/pdf,pending
1985_feb,Submitter Perspectives,perspective,Submitter Perspectives February 1985,thumbnail,content/newsletter/thumbnails/1985_02_February.jpg,content/newsletter/thumbnails/1985_02_February.jpg,https://pub-f29cecbaf0f845e2b4565f356f98d18d.r2.dev/content/newsletter/thumbnails/1985_02_February.jpg,106631,81a7ee74f9c2351f361af90edfc5c5770e834f66143c0289563be32a42515716,image/jpeg,pending
1985_mar,Submitter Perspectives,perspective,Submitter Perspectives March 1985,pdf,content/newsletter/pdfs/1985_03_March.pdf,content/newsletter/pdfs/1985_03_March.pdf,https://pub-f29cecbaf0f845e2b4565f356f98d18d.r2.dev/content/newsletter/pdfs/1985_03_March.pdf,1403063,3c937671ca987fc40ddf5eaca442928029eeb63cf2ee5371d9c0ad4f8c5928df,application/pdf,pending
1985_mar,Submitter Perspectives,perspective,Submitter Perspectives March 1985,thumbnail,content/newsletter/thumbnails/1985_03_March.jpg,content/newsletter/thumbnails/1985_03_March.jpg,https://pub-f29cecbaf0f845e2b4565f356f98d18d.r2.dev/content/newsletter/thumbnails/1985_03_March.jpg,97334,21575b0ff84bdf1985fdfc006ec5cc320eb142842affe1435f07ec28eff222de,image/jpeg,pending
1985_apr,Submitter Perspectives,perspective,Submitter Perspectives April 1985,pdf,content/newsletter/pdfs/1985_04_April.pdf,content/newsletter/pdfs/1985_04_April.pdf,https://pub-f29cecbaf0f845e2b4565f356f98d18d.r2.dev/content/newsletter/pdfs/1985_04_April.pdf,1617137,0d609e0f74bf182c8ea1cc42b7535f2872e607868681b7df141bd2646ef4664b,application/pdf,pending
1985_apr,Submitter Perspectives,perspective,Submitter Perspectives April 1985,thumbnail,content/newsletter/thumbnails/1985_04_April.jpg,content/newsletter/thumbnails/1985_04_April.jpg,https://pub-f29cecbaf0f845e2b4565f356f98d18d.r2.dev/content/newsletter/thumbnails/1985_04_April.jpg,114062,4b1dfd8448b5fc3196a8b07e7d15b538bf108b1ab7b7730b83891b2e364d234f,image/jpeg,pending
1985_may,Submitter Perspectives,perspective,Submitter Perspectives May 1985,pdf,content/newsletter/pdfs/1985_05_May.pdf,content/newsletter/pdfs/1985_05_May.pdf,https://pub-f29cecbaf0f845e2b4565f356f98d18d.r2.dev/content/newsletter/pdfs/1985_05_May.pdf,1526037,4c9cbeeb462be4a6e265a69de5a1d04c73f5b7ba8f444656197f057080ce88f8,application/pdf,pending
1985_may,Submitter Perspectives,perspective,Submitter Perspectives May 1985,thumbnail,content/newsletter/thumbnails/1985_05_May.jpg,content/newsletter/thumbnails/1985_05_May.jpg,https://pub-f29cecbaf0f845e2b4565f356f98d18d.r2.dev/content/newsletter/thumbnails/1985_05_May.jpg,110460,d8a6322fa4076de1b933028bd254075f6236a3106f1c09e901a1081eb2fe108f,image/jpeg,pending
1985_jun,Submitter Perspectives,perspective,Submitter Perspectives June 1985,pdf,content/newsletter/pdfs/1985_06_June.pdf,content/newsletter/pdfs/1985_06_June.pdf,https://pub-f29cecbaf0f845e2b4565f356f98d18d.r2.dev/content/newsletter/pdfs/1985_06_June.pdf,1456758,90a52202c0f03fe2b60072761398c1bebb4d599976b30eddcfc3a0595e814e35,application/pdf,pending
1985_jun,Submitter Perspectives,perspective,Submitter Perspectives June 1985,thumbnail,content/newsletter/thumbnails/1985_06_June.jpg,content/newsletter/thumbnails/1985_06_June.jpg,https://pub-f29cecbaf0f845e2b4565f356f98d18d.r2.dev/content/newsletter/thumbnails/1985_06_June.jpg,96739,cfba647ccbe89a41917856f4acd10c2c6950b2f495b01f9b3765bf8a1d7fcbd6,image/jpeg,pending
1985_jul,Submitter Perspectives,perspective,Submitter Perspectives July 1985,pdf,content/newsletter/pdfs/1985_07_July.pdf,content/newsletter/pdfs/1985_07_July.pdf,https://pub-f29cecbaf0f845e2b4565f356f98d18d.r2.dev/content/newsletter/pdfs/1985_07_July.pdf,1634579,6f7e565b02ed7d91f4b09c5e3872675737d7c0dfbe13dabd1f73fbbb46b17a69,application/pdf,pending
1985_jul,Submitter Perspectives,perspective,Submitter Perspectives July 1985,thumbnail,content/newsletter/thumbnails/1985_07_July.jpg,content/newsletter/thumbnails/1985_07_July.jpg,https://pub-f29cecbaf0f845e2b4565f356f98d18d.r2.dev/content/newsletter/thumbnails/1985_07_July.jpg,115041,0fc3268b3f1810a6bcd84d4d06903d4c94302abf2f6d9160f28f2abfa6f5025b,image/jpeg,pending
1985_aug,Submitter Perspectives,perspective,Submitter Perspectives August 1985,pdf,content/newsletter/pdfs/1985_08_August.pdf,content/newsletter/pdfs/1985_08_August.pdf,https://pub-f29cecbaf0f845e2b4565f356f98d18d.r2.dev/content/newsletter/pdfs/1985_08_August.pdf,1521872,9d48ce2a7f1f97ea8fa64fbc6fdc759c4e94b96d7f04a25f24ba97f10cc14229,application/pdf,pending
1985_aug,Submitter Perspectives,perspective,Submitter Perspectives August 1985,thumbnail,content/newsletter/thumbnails/1985_08_August.jpg,content/newsletter/thumbnails/1985_08_August.jpg,https://pub-f29cecbaf0f845e2b4565f356f98d18d.r2.dev/content/newsletter/thumbnails/1985_08_August.jpg,118545,23075e5fcb8c7b93e6c1c0376dd2aa3627cda18c96689233ceadddbdfda61ab7,image/jpeg,pending
1985_sep,Submitter Perspectives,perspective,Submitter Perspectives September 1985,pdf,content/newsletter/pdfs/1985_09_September.pdf,content/newsletter/pdfs/1985_09_September.pdf,https://pub-f29cecbaf0f845e2b4565f356f98d18d.r2.dev/content/newsletter/pdfs/1985_09_September.pdf,1284858,66fee8321b1c4bf1cae15d6bd1536901bf49c3ac82f3923d25e4e70f707a3b9e,application/pdf,pending
1985_sep,Submitter Perspectives,perspective,Submitter Perspectives September 1985,thumbnail,content/newsletter/thumbnails/1985_09_September.jpg,content/newsletter/thumbnails/1985_09_September.jpg,https://pub-f29cecbaf0f845e2b4565f356f98d18d.r2.dev/content/newsletter/thumbnails/1985_09_September.jpg,109860,5bd1752aa69e5ad15f31f836e0ed7bd50041c026d91e19e9fd045c02e2a74430,image/jpeg,pending
1985_oct,Submitter Perspectives,perspective,Submitter Perspectives October 1985,pdf,content/newsletter/pdfs/1985_10_October.pdf,content/newsletter/pdfs/1985_10_October.pdf,https://pub-f29cecbaf0f845e2b4565f356f98d18d.r2.dev/content/newsletter/pdfs/1985_10_October.pdf,1347713,21db9c1c73fc42d136cf18de59c89784360571115765af942c7e984c68a1e80c,application/pdf,pending
1985_oct,Submitter Perspectives,perspective,Submitter Perspectives October 1985,thumbnail,content/newsletter/thumbnails/1985_10_October.jpg,content/newsletter/thumbnails/1985_10_October.jpg,https://pub-f29cecbaf0f845e2b4565f356f98d18d.r2.dev/content/newsletter/thumbnails/1985_10_October.jpg,99782,59f12696f407ff5cbcb96504bf31a97e0fcecd03dba55d0a4ac2715a842349e0,image/jpeg,pending
1985_nov,Submitter Perspectives,perspective,Submitter Perspectives November 1985,pdf,content/newsletter/pdfs/1985_11_November.pdf,content/newsletter/pdfs/1985_11_November.pdf,https://pub-f29cecbaf0f845e2b4565f356f98d18d.r2.dev/content/newsletter/pdfs/1985_11_November.pdf,1362375,ec04be908c22c09c2f627ebe225bf66141c58dfcd493acf56c60891619bf5d5d,application/pdf,pending
1985_nov,Submitter Perspectives,perspective,Submitter Perspectives November 1985,thumbnail,content/newsletter/thumbnails/1985_11_November.jpg,content/newsletter/thumbnails/1985_11_November.jpg,https://pub-f29cecbaf0f845e2b4565f356f98d18d.r2.dev/content/newsletter/thumbnails/1985_11_November.jpg,117522,8e8a9c5aa261f578b5cbe979a99211105bf8451420928ce35fc2a77abd343d7f,image/jpeg,pending
1985_dec,Submitter Perspectives,perspective,Submitter Perspectives December 1985,pdf,content/newsletter/pdfs/1985_12_December.pdf,content/newsletter/pdfs/1985_12_December.pdf,https://pub-f29cecbaf0f845e2b4565f356f98d18d.r2.dev/content/newsletter/pdfs/1985_12_December.pdf,1344971,544dca16e74a59293a74203e6ad40165cb25f99883f94f7a9a9519579feddf69,application/pdf,pending
1985_dec,Submitter Perspectives,perspective,Submitter Perspectives December 1985,thumbnail,content/newsletter/thumbnails/1985_12_December.jpg,content/newsletter/thumbnails/1985_12_December.jpg,https://pub-f29cecbaf0f845e2b4565f356f98d18d.r2.dev/content/newsletter/thumbnails/1985_12_December.jpg,117218,a0a16011d420421f15c4db3c73e90f5dae67944132f12282fed50abd2c6e4b06,image/jpeg,pending
1986_jan,Submitter Perspectives,perspective,Submitter Perspectives January 1986,pdf,content/newsletter/pdfs/1986_01_January.pdf,content/newsletter/pdfs/1986_01_January.pdf,https://pub-f29cecbaf0f845e2b4565f356f98d18d.r2.dev/content/newsletter/pdfs/1986_01_January.pdf,1059361,a38bd612e78cb1232063aa6ac74b19d3bddd049d1c2292fc52a1d209a336f091,application/pdf,pending
1986_jan,Submitter Perspectives,perspective,Submitter Perspectives January 1986,thumbnail,content/newsletter/thumbnails/1986_01_January.jpg,content/newsletter/thumbnails/1986_01_January.jpg,https://pub-f29cecbaf0f845e2b4565f356f98d18d.r2.dev/content/newsletter/thumbnails/1986_01_January.jpg,111423,f1807431847a703bb316ee1a679ccdc975eeef07a97b63a119b2fd98f6e50755,image/jpeg,pending
1986_feb,Submitter Perspectives,perspective,Submitter Perspectives February 1986,pdf,content/newsletter/pdfs/1986_02_February.pdf,content/newsletter/pdfs/1986_02_February.pdf,https://pub-f29cecbaf0f845e2b4565f356f98d18d.r2.dev/content/newsletter/pdfs/1986_02_February.pdf,1331273,d0a1b172bbd3b5bc65115542a119f2b94a3b520d41bbafa5e19076e8f087a374,application/pdf,pending
1986_feb,Submitter Perspectives,perspective,Submitter Perspectives February 1986,thumbnail,content/newsletter/thumbnails/1986_02_February.jpg,content/newsletter/thumbnails/1986_02_February.jpg,https://pub-f29cecbaf0f845e2b4565f356f98d18d.r2.dev/content/newsletter/thumbnails/1986_02_February.jpg,111080,dc1e9f25f9b2a0fb63285131188d29b04ef2b1e13b0f476ee467463ef4ed0d61,image/jpeg,pending
1986_mar,Submitter Perspectives,perspective,Submitter Perspectives March 1986,pdf,content/newsletter/pdfs/1986_03_March.pdf,content/newsletter/pdfs/1986_03_March.pdf,https://pub-f29cecbaf0f845e2b4565f356f98d18d.r2.dev/content/newsletter/pdfs/1986_03_March.pdf,1612555,56f670150f6013ff33783ee1d1a24e8d69725c1569d05820dd8439d10d75be1e,application/pdf,pending
1986_mar,Submitter Perspectives,perspective,Submitter Perspectives March 1986,thumbnail,content/newsletter/thumbnails/1986_03_March.jpg,content/newsletter/thumbnails/1986_03_March.jpg,https://pub-f29cecbaf0f845e2b4565f356f98d18d.r2.dev/content/newsletter/thumbnails/1986_03_March.jpg,115846,d021187cd741a8b32b97835ff70f9e9e4cf0d5cff0d446f40f2269efd9b0bfe6,image/jpeg,pending
1986_apr,Submitter Perspectives,perspective,Submitter Perspectives April 1986,pdf,content/newsletter/pdfs/1986_04_April.pdf,content/newsletter/pdfs/1986_04_April.pdf,https://pub-f29cecbaf0f845e2b4565f356f98d18d.r2.dev/content/newsletter/pdfs/1986_04_April.pdf,1460953,1d72a0e6f3a31dc12b161b4a91e42e71233471179e1ee3f2e906299d56f7cb6b,application/pdf,pending
1986_apr,Submitter Perspectives,perspective,Submitter Perspectives April 1986,thumbnail,content/newsletter/thumbnails/1986_04_April.jpg,content/newsletter/thumbnails/1986_04_April.jpg,https://pub-f29cecbaf0f845e2b4565f356f98d18d.r2.dev/content/newsletter/thumbnails/1986_04_April.jpg,111524,9d5b7dc4846e831f5f2994df226fce37c862ef7a213f2d3b24ef42a044e4bbec,image/jpeg,pending
1986_may,Submitter Perspectives,perspective,Submitter Perspectives May 1986,pdf,content/newsletter/pdfs/1986_05_May.pdf,content/newsletter/pdfs/1986_05_May.pdf,https://pub-f29cecbaf0f845e2b4565f356f98d18d.r2.dev/content/newsletter/pdfs/1986_05_May.pdf,1515720,88336366e71ace6c34309c5f2762c46913ea3b541fe1235e59add2931b188d53,application/pdf,pending
1986_may,Submitter Perspectives,perspective,Submitter Perspectives May 1986,thumbnail,content/newsletter/thumbnails/1986_05_May.jpg,content/newsletter/thumbnails/1986_05_May.jpg,https://pub-f29cecbaf0f845e2b4565f356f98d18d.r2.dev/content/newsletter/thumbnails/1986_05_May.jpg,119457,f3b87bb1c299d9b14bb8310c578a65834884aa7fd324067aa09a85a93dd2148e,image/jpeg,pending
1986_jun,Submitter Perspectives,perspective,Submitter Perspectives June 1986,pdf,content/newsletter/pdfs/1986_06_June.pdf,content/newsletter/pdfs/1986_06_June.pdf,https://pub-f29cecbaf0f845e2b4565f356f98d18d.r2.dev/content/newsletter/pdfs/1986_06_June.pdf,1228574,72c6c44cac39575e68cb4eba2686af477a71932b4160a0164332ecef432734b6,application/pdf,pending
1986_jun,Submitter Perspectives,perspective,Submitter Perspectives June 1986,thumbnail,content/newsletter/thumbnails/1986_06_June.jpg,content/newsletter/thumbnails/1986_06_June.jpg,https://pub-f29cecbaf0f845e2b4565f356f98d18d.r2.dev/content/newsletter/thumbnails/1986_06_June.jpg,102489,c3b47d4423a894327235decada6a62e724d30136d127588704c2f628c8d4b7f2,image/jpeg,pending
1986_jul,Submitter Perspectives,perspective,Submitter Perspectives July 1986,pdf,content/newsletter/pdfs/1986_07_July.pdf,content/newsletter/pdfs/1986_07_July.pdf,https://pub-f29cecbaf0f845e2b4565f356f98d18d.r2.dev/content/newsletter/pdfs/1986_07_July.pdf,1104429,5334fe2b37bed96572e24341486442e48decafb532e49ff182d2268b40b2a458,application/pdf,pending
1986_jul,Submitter Perspectives,perspective,Submitter Perspectives July 1986,thumbnail,content/newsletter/thumbnails/1986_07_July.jpg,content/newsletter/thumbnails/1986_07_July.jpg,https://pub-f29cecbaf0f845e2b4565f356f98d18d.r2.dev/content/newsletter/thumbnails/1986_07_July.jpg,93762,788baaf84c4bb51e9b5719cc279faa3542b57961f306c08e23fb80c7c6389527,image/jpeg,pending
1986_aug,Submitter Perspectives,perspective,Submitter Perspectives August 1986,pdf,content/newsletter/pdfs/1986_08_August.pdf,content/newsletter/pdfs/1986_08_August.pdf,https://pub-f29cecbaf0f845e2b4565f356f98d18d.r2.dev/content/newsletter/pdfs/1986_08_August.pdf,1728646,24c65f88cb887eef1a6b602bec5c79a99980e9a8d3e92ad71b81f66a91c60e02,application/pdf,pending
1986_aug,Submitter Perspectives,perspective,Submitter Perspectives August 1986,thumbnail,content/newsletter/thumbnails/1986_08_August.jpg,content/newsletter/thumbnails/1986_08_August.jpg,https://pub-f29cecbaf0f845e2b4565f356f98d18d.r2.dev/content/newsletter/thumbnails/1986_08_August.jpg,115212,ec92e3bbc8691eb1a1eef79c36d6ba18904e54e2656775ad7aec70051c10439b,image/jpeg,pending
1986_sep,Submitter Perspectives,perspective,Submitter Perspectives September 1986,pdf,content/newsletter/pdfs/1986_09_September.pdf,content/newsletter/pdfs/1986_09_September.pdf,https://pub-f29cecbaf0f845e2b4565f356f98d18d.r2.dev/content/newsletter/pdfs/1986_09_September.pdf,1383184,9bcffffe8897a0a80c71009896860206a43c6da829321d1e18fbc5272cbf24ce,application/pdf,pending
1986_sep,Submitter Perspectives,perspective,Submitter Perspectives September 1986,thumbnail,content/newsletter/thumbnails/1986_09_September.jpg,content/newsletter/thumbnails/1986_09_September.jpg,https://pub-f29cecbaf0f845e2b4565f356f98d18d.r2.dev/content/newsletter/thumbnails/1986_09_September.jpg,114210,c90a69218c654b3e9a2fbfb6087af650b6aa0227ce6603b0d51ec21059bc6074,image/jpeg,pending
1986_oct,Submitter Perspectives,perspective,Submitter Perspectives October 1986,pdf,content/newsletter/pdfs/1986_10_October.pdf,content/newsletter/pdfs/1986_10_October.pdf,https://pub-f29cecbaf0f845e2b4565f356f98d18d.r2.dev/content/newsletter/pdfs/1986_10_October.pdf,1329880,44d7b6ccdf59ee45e98fcaa0ee656a88fa5a73803ec6afae7bf08363e7d38c6a,application/pdf,pending
1986_oct,Submitter Perspectives,perspective,Submitter Perspectives October 1986,thumbnail,content/newsletter/thumbnails/1986_10_October.jpg,content/newsletter/thumbnails/1986_10_October.jpg,https://pub-f29cecbaf0f845e2b4565f356f98d18d.r2.dev/content/newsletter/thumbnails/1986_10_October.jpg,109854,505bc6857e10deb95710b6eb012f70c08f438ff43a2f84ac3892093683808a10,image/jpeg,pending
1986_nov,Submitter Perspectives,perspective,Submitter Perspectives November 1986,pdf,content/newsletter/pdfs/1986_11_November.pdf,content/newsletter/pdfs/1986_11_November.pdf,https://pub-f29cecbaf0f845e2b4565f356f98d18d.r2.dev/content/newsletter/pdfs/1986_11_November.pdf,1442884,a4848242eb0de94bdcf6c2f1ce3d6cf88007b8817a397fee20099857dd2d3348,application/pdf,pending
1986_nov,Submitter Perspectives,perspective,Submitter Perspectives November 1986,thumbnail,content/newsletter/thumbnails/1986_11_November.jpg,content/newsletter/thumbnails/1986_11_November.jpg,https://pub-f29cecbaf0f845e2b4565f356f98d18d.r2.dev/content/newsletter/thumbnails/1986_11_November.jpg,109874,a3308a5a1108b74506899f396b2d9027cda3017614a9433f4430830094d8fe7c,image/jpeg,pending
1986_dec,Submitter Perspectives,perspective,Submitter Perspectives December 1986,pdf,content/newsletter/pdfs/1986_12_December.pdf,content/newsletter/pdfs/1986_12_December.pdf,https://pub-f29cecbaf0f845e2b4565f356f98d18d.r2.dev/content/newsletter/pdfs/1986_12_December.pdf,1359958,9d00c5ba57747239169702290f705ef1b77166d6b318f3fac12c6fdf5e18a3ca,application/pdf,pending
1986_dec,Submitter Perspectives,perspective,Submitter Perspectives December 1986,thumbnail,content/newsletter/thumbnails/1986_12_December.jpg,content/newsletter/thumbnails/1986_12_December.jpg,https://pub-f29cecbaf0f845e2b4565f356f98d18d.r2.dev/content/newsletter/thumbnails/1986_12_December.jpg,115811,fe034407d5530ea907ba5c9e16904a20c3730d2ec30f33bf3f842c6871943543,image/jpeg,pending
1987_jan,Submitter Perspectives,perspective,Submitter Perspectives January 1987,pdf,content/newsletter/pdfs/1987_01_January.pdf,content/newsletter/pdfs/1987_01_January.pdf,https://pub-f29cecbaf0f845e2b4565f356f98d18d.r2.dev/content/newsletter/pdfs/1987_01_January.pdf,1455015,786578b3e1a54328730ddb4de22b16e924ff6ea7866ecd81dcf64790e19a0d16,application/pdf,pending
1987_jan,Submitter Perspectives,perspective,Submitter Perspectives January 1987,thumbnail,content/newsletter/thumbnails/1987_01_January.jpg,content/newsletter/thumbnails/1987_01_January.jpg,https://pub-f29cecbaf0f845e2b4565f356f98d18d.r2.dev/content/newsletter/thumbnails/1987_01_January.jpg,116237,ede69003bad4b0aaf0b22fb36b08fad7548829e2ac5d6403322e1ef3113acb65,image/jpeg,pending
1987_feb,Submitter Perspectives,perspective,Submitter Perspectives February 1987,pdf,content/newsletter/pdfs/1987_02_February.pdf,content/newsletter/pdfs/1987_02_February.pdf,https://pub-f29cecbaf0f845e2b4565f356f98d18d.r2.dev/content/newsletter/pdfs/1987_02_February.pdf,1593824,dc88ce574ab99eded1dff4d88bc2ba5513a1df06246b64442b9f2c6e903311e3,application/pdf,pending
1987_feb,Submitter Perspectives,perspective,Submitter Perspectives February 1987,thumbnail,content/newsletter/thumbnails/1987_02_February.jpg,content/newsletter/thumbnails/1987_02_February.jpg,https://pub-f29cecbaf0f845e2b4565f356f98d18d.r2.dev/content/newsletter/thumbnails/1987_02_February.jpg,112089,545cda6ac5108cd89f53613666d892ef28ccee111cdc8ae76aac424155a906bb,image/jpeg,pending
1987_mar,Submitter Perspectives,perspective,Submitter Perspectives March 1987,pdf,content/newsletter/pdfs/1987_03_March.pdf,content/newsletter/pdfs/1987_03_March.pdf,https://pub-f29cecbaf0f845e2b4565f356f98d18d.r2.dev/content/newsletter/pdfs/1987_03_March.pdf,1579203,bef891ff23a638c5971d1fe8f5bfb23b4ad9168ecf350014584a271c55a2c3f7,application/pdf,pending
1987_mar,Submitter Perspectives,perspective,Submitter Perspectives March 1987,thumbnail,content/newsletter/thumbnails/1987_03_March.jpg,content/newsletter/thumbnails/1987_03_March.jpg,https://pub-f29cecbaf0f845e2b4565f356f98d18d.r2.dev/content/newsletter/thumbnails/1987_03_March.jpg,121538,bed3e69b4634e635e0426812c55f4f81b68e921cf8b9b3984f7d9b13085b0e7f,image/jpeg,pending
1987_apr,Submitter Perspectives,perspective,Submitter Perspectives April 1987,pdf,content/newsletter/pdfs/1987_04_April.pdf,content/newsletter/pdfs/1987_04_April.pdf,https://pub-f29cecbaf0f845e2b4565f356f98d18d.r2.dev/content/newsletter/pdfs/1987_04_April.pdf,1322822,4090d51085d5b45f39ca467143371e65e3d54b2b38d97a4ba8c23fb0763af066,application/pdf,pending
1987_apr,Submitter Perspectives,perspective,Submitter Perspectives April 1987,thumbnail,content/newsletter/thumbnails/1987_04_April.jpg,content/newsletter/thumbnails/1987_04_April.jpg,https://pub-f29cecbaf0f845e2b4565f356f98d18d.r2.dev/content/newsletter/thumbnails/1987_04_April.jpg,91314,92bbb7d8f7209575b32a3929e102f2d0ecbe8d7346ccf13068223a09724ec28e,image/jpeg,pending
1987_may,Submitter Perspectives,perspective,Submitter Perspectives May 1987,pdf,content/newsletter/pdfs/1987_05_May.pdf,content/newsletter/pdfs/1987_05_May.pdf,https://pub-f29cecbaf0f845e2b4565f356f98d18d.r2.dev/content/newsletter/pdfs/1987_05_May.pdf,1251917,85949c5585031bfb8058c83439909f1500918f513048c599eb1f94779e955330,application/pdf,pending
1987_may,Submitter Perspectives,perspective,Submitter Perspectives May 1987,thumbnail,content/newsletter/thumbnails/1987_05_May.jpg,content/newsletter/thumbnails/1987_05_May.jpg,https://pub-f29cecbaf0f845e2b4565f356f98d18d.r2.dev/content/newsletter/thumbnails/1987_05_May.jpg,114262,48e421893c0e8a259f55b87a56ab924645faa7119004186099bc1acd03b351f1,image/jpeg,pending
1987_jun,Submitter Perspectives,perspective,Submitter Perspectives June 1987,pdf,content/newsletter/pdfs/1987_06_June.pdf,content/newsletter/pdfs/1987_06_June.pdf,https://pub-f29cecbaf0f845e2b4565f356f98d18d.r2.dev/content/newsletter/pdfs/1987_06_June.pdf,1438215,3f322da8e11bdd787f4ddb73b39e7162e52add67fc8bd5b510b025529784f939,application/pdf,pending
1987_jun,Submitter Perspectives,perspective,Submitter Perspectives June 1987,thumbnail,content/newsletter/thumbnails/1987_06_June.jpg,content/newsletter/thumbnails/1987_06_June.jpg,https://pub-f29cecbaf0f845e2b4565f356f98d18d.r2.dev/content/newsletter/thumbnails/1987_06_June.jpg,111443,265ce4675d4c9be0566478bf51247abfd39c0e3acf26a1dd818b76a9170672ff,image/jpeg,pending
1987_jul,Submitter Perspectives,perspective,Submitter Perspectives July 1987,pdf,content/newsletter/pdfs/1987_07_July.pdf,content/newsletter/pdfs/1987_07_July.pdf,https://pub-f29cecbaf0f845e2b4565f356f98d18d.r2.dev/content/newsletter/pdfs/1987_07_July.pdf,1482818,eff98d41cd1723e708a1e47f712b245d319006ca622bdf5ca4ddad5c350e3cd7,application/pdf,pending
1987_jul,Submitter Perspectives,perspective,Submitter Perspectives July 1987,thumbnail,content/newsletter/thumbnails/1987_07_July.jpg,content/newsletter/thumbnails/1987_07_July.jpg,https://pub-f29cecbaf0f845e2b4565f356f98d18d.r2.dev/content/newsletter/thumbnails/1987_07_July.jpg,113060,4c384d03c1d3147e2b57c6d72398ec437ecab0fec50adfa1a014ea186e32be9a,image/jpeg,pending
1987_aug,Submitter Perspectives,perspective,Submitter Perspectives August 1987,pdf,content/newsletter/pdfs/1987_08_August.pdf,content/newsletter/pdfs/1987_08_August.pdf,https://pub-f29cecbaf0f845e2b4565f356f98d18d.r2.dev/content/newsletter/pdfs/1987_08_August.pdf,1554539,ff668f90048bd39cc03fc6d7f71162cb0dfb6a48289e4027b8928543748ac009,application/pdf,pending
1987_aug,Submitter Perspectives,perspective,Submitter Perspectives August 1987,thumbnail,content/newsletter/thumbnails/1987_08_August.jpg,content/newsletter/thumbnails/1987_08_August.jpg,https://pub-f29cecbaf0f845e2b4565f356f98d18d.r2.dev/content/newsletter/thumbnails/1987_08_August.jpg,115440,c01409ae773c19b21c599d08d56084b1e63d920ecf1e5bb61259a2c77b0626ea,image/jpeg,pending
1987_sep,Submitter Perspectives,perspective,Submitter Perspectives September 1987,pdf,content/newsletter/pdfs/1987_09_September.pdf,content/newsletter/pdfs/1987_09_September.pdf,https://pub-f29cecbaf0f845e2b4565f356f98d18d.r2.dev/content/newsletter/pdfs/1987_09_September.pdf,1551934,d3dce3ae65699247031291fc9656db13ad6dd54ddf2e2d8512582efe562c90a7,application/pdf,pending
1987_sep,Submitter Perspectives,perspective,Submitter Perspectives September 1987,thumbnail,content/newsletter/thumbnails/1987_09_September.jpg,content/newsletter/thumbnails/1987_09_September.jpg,https://pub-f29cecbaf0f845e2b4565f356f98d18d.r2.dev/content/newsletter/thumbnails/1987_09_September.jpg,118993,265841e61e22344a474719a70b253e6ded83f5551a9bb068702294ca181ce6ca,image/jpeg,pending
1987_oct,Submitter Perspectives,perspective,Submitter Perspectives October 1987,pdf,content/newsletter/pdfs/1987_10_October.pdf,content/newsletter/pdfs/1987_10_October.pdf,https://pub-f29cecbaf0f845e2b4565f356f98d18d.r2.dev/content/newsletter/pdfs/1987_10_October.pdf,1750167,7503d9b81159e897db306151c8cc291f1b1393b1a288d323b3b97bbb16abecc9,application/pdf,pending
1987_oct,Submitter Perspectives,perspective,Submitter Perspectives October 1987,thumbnail,content/newsletter/thumbnails/1987_10_October.jpg,content/newsletter/thumbnails/1987_10_October.jpg,https://pub-f29cecbaf0f845e2b4565f356f98d18d.r2.dev/content/newsletter/thumbnails/1987_10_October.jpg,119253,973b5758f8521bbac1e0dd7860c54de91d80ca9f9acfab7b8389a4856c8e6a90,image/jpeg,pending
1987_nov,Submitter Perspectives,perspective,Submitter Perspectives November 1987,pdf,content/newsletter/pdfs/1987_11_November.pdf,content/newsletter/pdfs/1987_11_November.pdf,https://pub-f29cecbaf0f845e2b4565f356f98d18d.r2.dev/content/newsletter/pdfs/1987_11_November.pdf,1426990,b0b2e9e8699e406e320493b8a53654eec92e3545b1f3a5721fcac7d69f30bd30,application/pdf,pending
1987_nov,Submitter Perspectives,perspective,Submitter Perspectives November 1987,thumbnail,content/newsletter/thumbnails/1987_11_November.jpg,content/newsletter/thumbnails/1987_11_November.jpg,https://pub-f29cecbaf0f845e2b4565f356f98d18d.r2.dev/content/newsletter/thumbnails/1987_11_November.jpg,114528,1a651123eac15b98b1e4a86c733313536bede585de630d4537acbb87c9faef27,image/jpeg,pending
1987_dec,Submitter Perspectives,perspective,Submitter Perspectives December 1987,pdf,content/newsletter/pdfs/1987_12_December.pdf,content/newsletter/pdfs/1987_12_December.pdf,https://pub-f29cecbaf0f845e2b4565f356f98d18d.r2.dev/content/newsletter/pdfs/1987_12_December.pdf,1120269,d1d7b7a1c0c873781e4376ea143e81fad23493326804f5bff8e71d2072544d0a,application/pdf,pending
1987_dec,Submitter Perspectives,perspective,Submitter Perspectives December 1987,thumbnail,content/newsletter/thumbnails/1987_12_December.jpg,content/newsletter/thumbnails/1987_12_December.jpg,https://pub-f29cecbaf0f845e2b4565f356f98d18d.r2.dev/content/newsletter/thumbnails/1987_12_December.jpg,105269,1a7b3804d0405a852a0da1b03d287464b5bf7f1eb8a175e4cffd475130915847,image/jpeg,pending
1988_jan,Submitter Perspectives,perspective,Submitter Perspectives January 1988,pdf,content/newsletter/pdfs/1988_01_January.pdf,content/newsletter/pdfs/1988_01_January.pdf,https://pub-f29cecbaf0f845e2b4565f356f98d18d.r2.dev/content/newsletter/pdfs/1988_01_January.pdf,1586775,9c4ebbce4fca8fc98c3e3423aee8847900a7bb00682cb2f24e9aea582894af16,application/pdf,pending
1988_jan,Submitter Perspectives,perspective,Submitter Perspectives January 1988,thumbnail,content/newsletter/thumbnails/1988_01_January.jpg,content/newsletter/thumbnails/1988_01_January.jpg,https://pub-f29cecbaf0f845e2b4565f356f98d18d.r2.dev/content/newsletter/thumbnails/1988_01_January.jpg,121485,832a5b8acae1831656c23c44243b2799d25de3894296eeeac139bc8927bc19a5,image/jpeg,pending
1988_feb,Submitter Perspectives,perspective,Submitter Perspectives February 1988,pdf,content/newsletter/pdfs/1988_02_February.pdf,content/newsletter/pdfs/1988_02_February.pdf,https://pub-f29cecbaf0f845e2b4565f356f98d18d.r2.dev/content/newsletter/pdfs/1988_02_February.pdf,1409822,d64dad8e03c011be872b4f28e74d89db896cee0fca64d6175359cf50c5f0162c,application/pdf,pending
1988_feb,Submitter Perspectives,perspective,Submitter Perspectives February 1988,thumbnail,content/newsletter/thumbnails/1988_02_February.jpg,content/newsletter/thumbnails/1988_02_February.jpg,https://pub-f29cecbaf0f845e2b4565f356f98d18d.r2.dev/content/newsletter/thumbnails/1988_02_February.jpg,108447,a5434bce769562f04a4e1261d3cd60c2dee1b9b1d4640778b074e67614760458,image/jpeg,pending
1988_mar,Submitter Perspectives,perspective,Submitter Perspectives March 1988,pdf,content/newsletter/pdfs/1988_03_March.pdf,content/newsletter/pdfs/1988_03_March.pdf,https://pub-f29cecbaf0f845e2b4565f356f98d18d.r2.dev/content/newsletter/pdfs/1988_03_March.pdf,1532440,58bbfd23470718d377aac24abe993be8228c4847452e405ef66aa1bb69a9fdcd,application/pdf,pending
1988_mar,Submitter Perspectives,perspective,Submitter Perspectives March 1988,thumbnail,content/newsletter/thumbnails/1988_03_March.jpg,content/newsletter/thumbnails/1988_03_March.jpg,https://pub-f29cecbaf0f845e2b4565f356f98d18d.r2.dev/content/newsletter/thumbnails/1988_03_March.jpg,124241,4c2dbcc7d34201b4eccc42d6d8be16772c52da8d9c8dae7ad9427f6dc11b0b43,image/jpeg,pending
1988_apr,Submitter Perspectives,perspective,Submitter Perspectives April 1988,pdf,content/newsletter/pdfs/1988_04_April.pdf,content/newsletter/pdfs/1988_04_April.pdf,https://pub-f29cecbaf0f845e2b4565f356f98d18d.r2.dev/content/newsletter/pdfs/1988_04_April.pdf,1574466,e38a08ee3bc53be830a48bedd346a84ad92e5bff25fcb1905775d639dc381606,application/pdf,pending
1988_apr,Submitter Perspectives,perspective,Submitter Perspectives April 1988,thumbnail,content/newsletter/thumbnails/1988_04_April.jpg,content/newsletter/thumbnails/1988_04_April.jpg,https://pub-f29cecbaf0f845e2b4565f356f98d18d.r2.dev/content/newsletter/thumbnails/1988_04_April.jpg,127263,8ac7fbb68b2a89fc658c517f5beaf2d80ed64bc4eac8f33bb392d69e2bb83f3d,image/jpeg,pending
1988_may,Submitter Perspectives,perspective,Submitter Perspectives May 1988,pdf,content/newsletter/pdfs/1988_05_May.pdf,content/newsletter/pdfs/1988_05_May.pdf,https://pub-f29cecbaf0f845e2b4565f356f98d18d.r2.dev/content/newsletter/pdfs/1988_05_May.pdf,1596368,7be5c353b891c053292007c4d42fbe1f2c17179ab2cb09781f3d204e7a898212,application/pdf,pending
1988_may,Submitter Perspectives,perspective,Submitter Perspectives May 1988,thumbnail,content/newsletter/thumbnails/1988_05_May.jpg,content/newsletter/thumbnails/1988_05_May.jpg,https://pub-f29cecbaf0f845e2b4565f356f98d18d.r2.dev/content/newsletter/thumbnails/1988_05_May.jpg,112644,23ee2cb3a11093acabbcfa08ec772d5645d5d81d0b9da8daad9ad6f12a0c39d8,image/jpeg,pending
1988_may_bonus,Submitter Perspectives,perspective,Submitter Perspectives May Bonus Issue 1988,pdf,content/newsletter/pdfs/1988_05_May_Bulletin.pdf,content/newsletter/pdfs/1988_05_May_Bulletin.pdf,https://pub-f29cecbaf0f845e2b4565f356f98d18d.r2.dev/content/newsletter/pdfs/1988_05_May_Bulletin.pdf,1444969,12f624d75b408967b07063317c74034c4eef621a3c6f9c0f1c9abb9d66af8715,application/pdf,pending
1988_may_bonus,Submitter Perspectives,perspective,Submitter Perspectives May Bonus Issue 1988,thumbnail,content/newsletter/thumbnails/1988_05_May_Bulletin.jpg,content/newsletter/thumbnails/1988_05_May_Bulletin.jpg,https://pub-f29cecbaf0f845e2b4565f356f98d18d.r2.dev/content/newsletter/thumbnails/1988_05_May_Bulletin.jpg,120059,9e6278003591c06fdc4854305a609570d0e46e856edd278efb6f1e58434c08df,image/jpeg,pending
1988_jun,Submitter Perspectives,perspective,Submitter Perspectives June 1988,pdf,content/newsletter/pdfs/1988_06_June.pdf,content/newsletter/pdfs/1988_06_June.pdf,https://pub-f29cecbaf0f845e2b4565f356f98d18d.r2.dev/content/newsletter/pdfs/1988_06_June.pdf,1517016,85107600f672bb97b902dc63128fcec0178071b99f70eab9fe9690c7de8e6b5f,application/pdf,pending
1988_jun,Submitter Perspectives,perspective,Submitter Perspectives June 1988,thumbnail,content/newsletter/thumbnails/1988_06_June.jpg,content/newsletter/thumbnails/1988_06_June.jpg,https://pub-f29cecbaf0f845e2b4565f356f98d18d.r2.dev/content/newsletter/thumbnails/1988_06_June.jpg,115279,3adce6590f67571434f0f14fb9b62dadc8ed5dd1028fa8e2a47fed2b3e7eee80,image/jpeg,pending
1988_jul,Submitter Perspectives,perspective,Submitter Perspectives July 1988,pdf,content/newsletter/pdfs/1988_07_July.pdf,content/newsletter/pdfs/1988_07_July.pdf,https://pub-f29cecbaf0f845e2b4565f356f98d18d.r2.dev/content/newsletter/pdfs/1988_07_July.pdf,1433334,1f40923d54967ba4b7e4873e975302f8a18eb23e3532a31535110a389c8b51aa,application/pdf,pending
1988_jul,Submitter Perspectives,perspective,Submitter Perspectives July 1988,thumbnail,content/newsletter/thumbnails/1988_07_July.jpg,content/newsletter/thumbnails/1988_07_July.jpg,https://pub-f29cecbaf0f845e2b4565f356f98d18d.r2.dev/content/newsletter/thumbnails/1988_07_July.jpg,113701,e2632ab7f5955155eb54edcdc29451ea5c0a7495722f01db137e379843c884bd,image/jpeg,pending
1988_aug,Submitter Perspectives,perspective,Submitter Perspectives August 1988,pdf,content/newsletter/pdfs/1988_08_August.pdf,content/newsletter/pdfs/1988_08_August.pdf,https://pub-f29cecbaf0f845e2b4565f356f98d18d.r2.dev/content/newsletter/pdfs/1988_08_August.pdf,1571019,de7d679588a5e9f6a0a7d49d8ee75de62a6ef4ffb4926c02ed1a16aa7c461252,application/pdf,pending
1988_aug,Submitter Perspectives,perspective,Submitter Perspectives August 1988,thumbnail,content/newsletter/thumbnails/1988_08_August.jpg,content/newsletter/thumbnails/1988_08_August.jpg,https://pub-f29cecbaf0f845e2b4565f356f98d18d.r2.dev/content/newsletter/thumbnails/1988_08_August.jpg,109130,051ff29591e3d185cab2fdf15c3cf2efac07546cd72314f6165e7c0e357a3c91,image/jpeg,pending
1988_sep,Submitter Perspectives,perspective,Submitter Perspectives September 1988,pdf,content/newsletter/pdfs/1988_09_September.pdf,content/newsletter/pdfs/1988_09_September.pdf,https://pub-f29cecbaf0f845e2b4565f356f98d18d.r2.dev/content/newsletter/pdfs/1988_09_September.pdf,1423828,ab3344ae7e0e9b7c3485a271d35aeaba2598529ca942d93b18a1f71ac275307a,application/pdf,pending
1988_sep,Submitter Perspectives,perspective,Submitter Perspectives September 1988,thumbnail,content/newsletter/thumbnails/1988_09_September.jpg,content/newsletter/thumbnails/1988_09_September.jpg,https://pub-f29cecbaf0f845e2b4565f356f98d18d.r2.dev/content/newsletter/thumbnails/1988_09_September.jpg,108153,7f1d75e2d89f3d52f5bd97ce5f6e5c731bd5f0456f9aef50484665ae005c6efd,image/jpeg,pending
1988_oct,Submitter Perspectives,perspective,Submitter Perspectives October 1988,pdf,content/newsletter/pdfs/1988_10_October.pdf,content/newsletter/pdfs/1988_10_October.pdf,https://pub-f29cecbaf0f845e2b4565f356f98d18d.r2.dev/content/newsletter/pdfs/1988_10_October.pdf,1253446,31b3b77cdf3814aff479de3917a62577e004d259cb5a841104774be63d6c7cd7,application/pdf,pending
1988_oct,Submitter Perspectives,perspective,Submitter Perspectives October 1988,thumbnail,content/newsletter/thumbnails/1988_10_October.jpg,content/newsletter/thumbnails/1988_10_October.jpg,https://pub-f29cecbaf0f845e2b4565f356f98d18d.r2.dev/content/newsletter/thumbnails/1988_10_October.jpg,120874,2e5531799dd0f148762a7c3ded5687b9fe1e5c1443fab394e984c3dea31642cc,image/jpeg,pending
1988_nov,Submitter Perspectives,perspective,Submitter Perspectives November 1988,pdf,content/newsletter/pdfs/1988_11_November.pdf,content/newsletter/pdfs/1988_11_November.pdf,https://pub-f29cecbaf0f845e2b4565f356f98d18d.r2.dev/content/newsletter/pdfs/1988_11_November.pdf,898572,926a467f0ccb644b49dc4a30a57218835fcfa99a20a9bb35cdc43714749f3382,application/pdf,pending
1988_nov,Submitter Perspectives,perspective,Submitter Perspectives November 1988,thumbnail,content/newsletter/thumbnails/1988_11_November.jpg,content/newsletter/thumbnails/1988_11_November.jpg,https://pub-f29cecbaf0f845e2b4565f356f98d18d.r2.dev/content/newsletter/thumbnails/1988_11_November.jpg,99902,758f69019982d742cd0ed60b228360be641919a9fc24c68d02cd22e268aa3e7b,image/jpeg,pending
1988_dec,Submitter Perspectives,perspective,Submitter Perspectives December 1988,pdf,content/newsletter/pdfs/1988_12_December.pdf,content/newsletter/pdfs/1988_12_December.pdf,https://pub-f29cecbaf0f845e2b4565f356f98d18d.r2.dev/content/newsletter/pdfs/1988_12_December.pdf,1343817,3de51294e2f99d72fe254caf68a97f0b496aa1d40f5458581eb3c444da766429,application/pdf,pending
1988_dec,Submitter Perspectives,perspective,Submitter Perspectives December 1988,thumbnail,content/newsletter/thumbnails/1988_12_December.jpg,content/newsletter/thumbnails/1988_12_December.jpg,https://pub-f29cecbaf0f845e2b4565f356f98d18d.r2.dev/content/newsletter/thumbnails/1988_12_December.jpg,116493,16ca2274afccbf8f00e64da253bea90271503ce8eb5150369ddb123f7da8b79d,image/jpeg,pending
1989_jan,Submitter Perspectives,perspective,Submitter Perspectives January 1989,pdf,content/newsletter/pdfs/1989_01_January.pdf,content/newsletter/pdfs/1989_01_January.pdf,https://pub-f29cecbaf0f845e2b4565f356f98d18d.r2.dev/content/newsletter/pdfs/1989_01_January.pdf,1294262,3435b0222328394482d1cc17b47c875452315401347b1868c42e1602bac791ee,application/pdf,pending
1989_jan,Submitter Perspectives,perspective,Submitter Perspectives January 1989,thumbnail,content/newsletter/thumbnails/1989_01_January.jpg,content/newsletter/thumbnails/1989_01_January.jpg,https://pub-f29cecbaf0f845e2b4565f356f98d18d.r2.dev/content/newsletter/thumbnails/1989_01_January.jpg,92366,20decbe6ccaddc9971db17153ccc8faf4279a70c534984ff28c97ce5cba95481,image/jpeg,pending
1989_feb,Submitter Perspectives,perspective,Submitter Perspectives February 1989,pdf,content/newsletter/pdfs/1989_02_February.pdf,content/newsletter/pdfs/1989_02_February.pdf,https://pub-f29cecbaf0f845e2b4565f356f98d18d.r2.dev/content/newsletter/pdfs/1989_02_February.pdf,1188079,10ee3f50b1e9dc635bd619ca294bf0b9e95eb3118c1654be392d422d1a3dffbb,application/pdf,pending
1989_feb,Submitter Perspectives,perspective,Submitter Perspectives February 1989,thumbnail,content/newsletter/thumbnails/1989_02_February.jpg,content/newsletter/thumbnails/1989_02_February.jpg,https://pub-f29cecbaf0f845e2b4565f356f98d18d.r2.dev/content/newsletter/thumbnails/1989_02_February.jpg,90038,5da830926fe54c4ed81ab32493c720702e57c55b6e345d79cd7e27121fc61735,image/jpeg,pending
1989_mar,Submitter Perspectives,perspective,Submitter Perspectives March 1989,pdf,content/newsletter/pdfs/1989_03_March.pdf,content/newsletter/pdfs/1989_03_March.pdf,https://pub-f29cecbaf0f845e2b4565f356f98d18d.r2.dev/content/newsletter/pdfs/1989_03_March.pdf,1263096,7b1a8b7edc8ce87189be69011418cd6ca989974342d747c7a2b577abc0a0379a,application/pdf,pending
1989_mar,Submitter Perspectives,perspective,Submitter Perspectives March 1989,thumbnail,content/newsletter/thumbnails/1989_03_March.jpg,content/newsletter/thumbnails/1989_03_March.jpg,https://pub-f29cecbaf0f845e2b4565f356f98d18d.r2.dev/content/newsletter/thumbnails/1989_03_March.jpg,98704,e03d454159c57ea7722415e05e72ffa4ed4defc64a7be9cc98bcfe1ef51b611e,image/jpeg,pending
1989_apr,Submitter Perspectives,perspective,Submitter Perspectives April 1989,pdf,content/newsletter/pdfs/1989_04_April.pdf,content/newsletter/pdfs/1989_04_April.pdf,https://pub-f29cecbaf0f845e2b4565f356f98d18d.r2.dev/content/newsletter/pdfs/1989_04_April.pdf,1239518,4b7f6c7dfe0dbc2937f5e5f599da8909836f4e4754b184a59a531c4f55b7ef0b,application/pdf,pending
1989_apr,Submitter Perspectives,perspective,Submitter Perspectives April 1989,thumbnail,content/newsletter/thumbnails/1989_04_April.jpg,content/newsletter/thumbnails/1989_04_April.jpg,https://pub-f29cecbaf0f845e2b4565f356f98d18d.r2.dev/content/newsletter/thumbnails/1989_04_April.jpg,101953,f20576fab31df85485ccdd6a3cde0c62ef11d3cf647c08774e21a0ccc354a3ce,image/jpeg,pending
1989_may,Submitter Perspectives,perspective,Submitter Perspectives May 1989,pdf,content/newsletter/pdfs/1989_05_May.pdf,content/newsletter/pdfs/1989_05_May.pdf,https://pub-f29cecbaf0f845e2b4565f356f98d18d.r2.dev/content/newsletter/pdfs/1989_05_May.pdf,1376622,90611659faf7c95ace4d4127f30ce45d123dc2e74510664a17a833709c260bdb,application/pdf,pending
1989_may,Submitter Perspectives,perspective,Submitter Perspectives May 1989,thumbnail,content/newsletter/thumbnails/1989_05_May.jpg,content/newsletter/thumbnails/1989_05_May.jpg,https://pub-f29cecbaf0f845e2b4565f356f98d18d.r2.dev/content/newsletter/thumbnails/1989_05_May.jpg,114541,86d66835f733fd65548b9d8abf52c4a4f4d39a4ff38743cc12a3301b0a5f0f90,image/jpeg,pending
1989_jun,Submitter Perspectives,perspective,Submitter Perspectives June 1989,pdf,content/newsletter/pdfs/1989_06_June.pdf,content/newsletter/pdfs/1989_06_June.pdf,https://pub-f29cecbaf0f845e2b4565f356f98d18d.r2.dev/content/newsletter/pdfs/1989_06_June.pdf,1475386,4f9e6efd0a83c167c98e0fe1e1c38f111c354d2e4e1f53d4db2baefd5b43abdb,application/pdf,pending
1989_jun,Submitter Perspectives,perspective,Submitter Perspectives June 1989,thumbnail,content/newsletter/thumbnails/1989_06_June.jpg,content/newsletter/thumbnails/1989_06_June.jpg,https://pub-f29cecbaf0f845e2b4565f356f98d18d.r2.dev/content/newsletter/thumbnails/1989_06_June.jpg,111439,408b8a97c405f7a493d701c29f218c4e7602520e5400e0bdca8ae3a5e19b1888,image/jpeg,pending
1989_jul,Submitter Perspectives,perspective,Submitter Perspectives July 1989,pdf,content/newsletter/pdfs/1989_07_July.pdf,content/newsletter/pdfs/1989_07_July.pdf,https://pub-f29cecbaf0f845e2b4565f356f98d18d.r2.dev/content/newsletter/pdfs/1989_07_July.pdf,1542221,c1c3cfbd5c8e3873998b3ce07f9a72f9aacdadc01ce123482f0ee18f168161d5,application/pdf,pending
1989_jul,Submitter Perspectives,perspective,Submitter Perspectives July 1989,thumbnail,content/newsletter/thumbnails/1989_07_July.jpg,content/newsletter/thumbnails/1989_07_July.jpg,https://pub-f29cecbaf0f845e2b4565f356f98d18d.r2.dev/content/newsletter/thumbnails/1989_07_July.jpg,111585,6b7d59742fd86ff18e710930c2136c6e11d733ccb554e6f8488d350a39c56395,image/jpeg,pending
1989_aug,Submitter Perspectives,perspective,Submitter Perspectives August 1989,pdf,content/newsletter/pdfs/1989_08_August.pdf,content/newsletter/pdfs/1989_08_August.pdf,https://pub-f29cecbaf0f845e2b4565f356f98d18d.r2.dev/content/newsletter/pdfs/1989_08_August.pdf,1646600,2c505bb4fd344f78098522662b44ba3991d462378a699a914568311ce81594a2,application/pdf,pending
1989_aug,Submitter Perspectives,perspective,Submitter Perspectives August 1989,thumbnail,content/newsletter/thumbnails/1989_08_August.jpg,content/newsletter/thumbnails/1989_08_August.jpg,https://pub-f29cecbaf0f845e2b4565f356f98d18d.r2.dev/content/newsletter/thumbnails/1989_08_August.jpg,118274,78840b6dc9aa8d824cbf1e88731203989ad27692f7f1f068ece75855982fde5f,image/jpeg,pending
1989_oct,Submitter Perspectives,perspective,Submitter Perspectives October 1989,pdf,content/newsletter/pdfs/1989_10_October.pdf,content/newsletter/pdfs/1989_10_October.pdf,https://pub-f29cecbaf0f845e2b4565f356f98d18d.r2.dev/content/newsletter/pdfs/1989_10_October.pdf,393216,91be9bc98325e6f01536f25b1d05f0a03031590c93bacbc4dc817e13e2c2a948,application/pdf,pending
1989_oct,Submitter Perspectives,perspective,Submitter Perspectives October 1989,thumbnail,content/newsletter/thumbnails/1989_10_October.jpg,content/newsletter/thumbnails/1989_10_October.jpg,https://pub-f29cecbaf0f845e2b4565f356f98d18d.r2.dev/content/newsletter/thumbnails/1989_10_October.jpg,2685,2c36699ec32bd3aef52ca6490bf396ca83a8a9964723349f9f341c946a807fcf,image/jpeg,pending
1989_nov,Submitter Perspectives,perspective,Submitter Perspectives November 1989,pdf,content/newsletter/pdfs/1989_11_November.pdf,content/newsletter/pdfs/1989_11_November.pdf,https://pub-f29cecbaf0f845e2b4565f356f98d18d.r2.dev/content/newsletter/pdfs/1989_11_November.pdf,1294336,34ab660acdd99cb600e52ee93ae0cbf06d69b0e84d702437d008c5a5be8b5da0,application/pdf,pending
1989_nov,Submitter Perspectives,perspective,Submitter Perspectives November 1989,thumbnail,content/newsletter/thumbnails/1989_11_November.jpg,content/newsletter/thumbnails/1989_11_November.jpg,https://pub-f29cecbaf0f845e2b4565f356f98d18d.r2.dev/content/newsletter/thumbnails/1989_11_November.jpg,120330,336aa48529bcc1c08146d9343525212f02c951b7fa8ae8ea585de2ae1c763519,image/jpeg,pending
1989_dec,Submitter Perspectives,perspective,Submitter Perspectives December 1989,pdf,content/newsletter/pdfs/1989_12_December.pdf,content/newsletter/pdfs/1989_12_December.pdf,https://pub-f29cecbaf0f845e2b4565f356f98d18d.r2.dev/content/newsletter/pdfs/1989_12_December.pdf,1482236,71d42a9e8cc48fcee2d02d000bf01fb266f9972c25ba432a86e81f8086852f68,application/pdf,pending
1989_dec,Submitter Perspectives,perspective,Submitter Perspectives December 1989,thumbnail,content/newsletter/thumbnails/1989_12_December.jpg,content/newsletter/thumbnails/1989_12_December.jpg,https://pub-f29cecbaf0f845e2b4565f356f98d18d.r2.dev/content/newsletter/thumbnails/1989_12_December.jpg,117155,9d064d26eab70338f49f3c789d0cc9fd06d8e7091a7be2e18f236476698f2abc,image/jpeg,pending
1990_jan,Submitter Perspectives,perspective,Submitter Perspectives January 1990,pdf,content/newsletter/pdfs/1990_01_January.pdf,content/newsletter/pdfs/1990_01_January.pdf,https://pub-f29cecbaf0f845e2b4565f356f98d18d.r2.dev/content/newsletter/pdfs/1990_01_January.pdf,1664779,d7e14a931513c31661e25483afc06a107af320d601f923e66f107299f124e2a8,application/pdf,pending
1990_jan,Submitter Perspectives,perspective,Submitter Perspectives January 1990,thumbnail,content/newsletter/thumbnails/1990_01_January.jpg,content/newsletter/thumbnails/1990_01_January.jpg,https://pub-f29cecbaf0f845e2b4565f356f98d18d.r2.dev/content/newsletter/thumbnails/1990_01_January.jpg,121533,f09d27ebb3ba7c0c398b1278ef73d19d4b90aa57795f9ab9ad64d49faa640efa,image/jpeg,pending
1990_jan_2,Submitter Perspectives,perspective,Submitter Perspectives January Bonus Issue 1990,pdf,content/newsletter/pdfs/1990_01_January_bonus_issue.pdf,content/newsletter/pdfs/1990_01_January_bonus_issue.pdf,https://pub-f29cecbaf0f845e2b4565f356f98d18d.r2.dev/content/newsletter/pdfs/1990_01_January_bonus_issue.pdf,201170,9243d53bf6c3ba7b824f8dfb8f7238fca643eaf0960981b05ad2036232d5399b,application/pdf,pending
1990_jan_2,Submitter Perspectives,perspective,Submitter Perspectives January Bonus Issue 1990,thumbnail,content/newsletter/thumbnails/1990_01_January_bonus_issue.jpg,content/newsletter/thumbnails/1990_01_January_bonus_issue.jpg,https://pub-f29cecbaf0f845e2b4565f356f98d18d.r2.dev/content/newsletter/thumbnails/1990_01_January_bonus_issue.jpg,203517,feeb24bbbd48f054bd87feade5e06c9d8c4e35d7506f71ced417db8f21dd39e7,image/jpeg,pending
1990_feb,Submitter Perspectives,perspective,Submitter Perspectives February 1990,pdf,content/newsletter/pdfs/1990_02_February.pdf,content/newsletter/pdfs/1990_02_February.pdf,https://pub-f29cecbaf0f845e2b4565f356f98d18d.r2.dev/content/newsletter/pdfs/1990_02_February.pdf,1760474,390d857c10b3382504fc3223c37a9e554ae945b2604821f8eaa7809a448f6c39,application/pdf,pending
1990_feb,Submitter Perspectives,perspective,Submitter Perspectives February 1990,thumbnail,content/newsletter/thumbnails/1990_02_February.jpg,content/newsletter/thumbnails/1990_02_February.jpg,https://pub-f29cecbaf0f845e2b4565f356f98d18d.r2.dev/content/newsletter/thumbnails/1990_02_February.jpg,121880,3e55e50af0e38039968b72b8f610fc861db9efae5f84a7297f8f83f076cf3232,image/jpeg,pending
1990_mar,Submitter Perspectives,perspective,Submitter Perspectives March 1990,pdf,content/newsletter/pdfs/1990_03_March.pdf,content/newsletter/pdfs/1990_03_March.pdf,https://pub-f29cecbaf0f845e2b4565f356f98d18d.r2.dev/content/newsletter/pdfs/1990_03_March.pdf,1790100,2b64f9225b1154abccee56b753da52aaa6a2f40bdcb5173a620ea75894a26e09,application/pdf,pending
1990_mar,Submitter Perspectives,perspective,Submitter Perspectives March 1990,thumbnail,content/newsletter/thumbnails/1990_03_March.jpg,content/newsletter/thumbnails/1990_03_March.jpg,https://pub-f29cecbaf0f845e2b4565f356f98d18d.r2.dev/content/newsletter/thumbnails/1990_03_March.jpg,122470,db3814510205074765bba982ff7ea986bd5218486307b03db69e6ea4c3920b0f,image/jpeg,pending
proclamation,Appendices,appendix,"Proclaiming
One Unified Religion
for All the People",pdf,content/appendix/pdfs/proclamation.pdf,content/appendix/pdfs/proclamation.pdf,https://pub-f29cecbaf0f845e2b4565f356f98d18d.r2.dev/content/appendix/pdfs/proclamation.pdf,107260,90912506026419b663d8ec87636c084a4f81f5cedf1015a25e88af3edb60d0a6,application/pdf,pending
proclamation,Appendices,appendix,"Proclaiming
One Unified Religion
for All the People",thumbnail,content/appendix/thumbnails/proclamation.jpg,content/appendix/thumbnails/proclamation.jpg,https://pub-f29cecbaf0f845e2b4565f356f98d18d.r2.dev/content/appendix/thumbnails/proclamation.jpg,106645,99e805b794d263558dbd9c41f0b213af618c394e10ad8010e04ca689a3d656c6,image/jpeg,pending
introduction,Appendices,appendix,INTRODUCTION,pdf,content/appendix/pdfs/introduction.pdf,content/appendix/pdfs/introduction.pdf,https://pub-f29cecbaf0f845e2b4565f356f98d18d.r2.dev/content/appendix/pdfs/introduction.pdf,210679,fec1d6ef032d670d48fb5a47c1cdd6984634ee0db0d815e0c0e14443d4649ea9,application/pdf,pending
introduction,Appendices,appendix,INTRODUCTION,thumbnail,content/appendix/thumbnails/introduction.jpg,content/appendix/thumbnails/introduction.jpg,https://pub-f29cecbaf0f845e2b4565f356f98d18d.r2.dev/content/appendix/thumbnails/introduction.jpg,138096,bd308bd5bafbcaaff522cad941cec031591917bb13a5fb47222dac357a5f4b41,image/jpeg,pending
appendix-1,Appendices,appendix,1. One of the Great Miracles [74:35],pdf,content/appendix/pdfs/appendix_1.pdf,content/appendix/pdfs/appendix_1.pdf,https://pub-f29cecbaf0f845e2b4565f356f98d18d.r2.dev/content/appendix/pdfs/appendix_1.pdf,400050,66f588ef4be444f8baee60217efba6579acbff67b788f222cdb1f87441048878,application/pdf,pending
appendix-1,Appendices,appendix,1. One of the Great Miracles [74:35],thumbnail,content/appendix/thumbnails/appendix_1.jpg,content/appendix/thumbnails/appendix_1.jpg,https://pub-f29cecbaf0f845e2b4565f356f98d18d.r2.dev/content/appendix/thumbnails/appendix_1.jpg,142921,3cd9fdb10c2dad7c0aa187ef02430e4be40b601439f8b9488090f8f3fa2d10d7,image/jpeg,pending
appendix-2,Appendices,appendix,2. God's Messenger of the Covenant,pdf,content/appendix/pdfs/appendix_2.pdf,content/appendix/pdfs/appendix_2.pdf,https://pub-f29cecbaf0f845e2b4565f356f98d18d.r2.dev/content/appendix/pdfs/appendix_2.pdf,226296,91bc7c5144134d7d6903317c4356981e1554240da099f77daa8b9b6d19405def,application/pdf,pending
appendix-2,Appendices,appendix,2. God's Messenger of the Covenant,thumbnail,content/appendix/thumbnails/appendix_2.jpg,content/appendix/thumbnails/appendix_2.jpg,https://pub-f29cecbaf0f845e2b4565f356f98d18d.r2.dev/content/appendix/thumbnails/appendix_2.jpg,110598,d3e1344f50f39d2d7e1be3170d1fa7d427d76eadaf47518e2fc1d46fb46f2c43,image/jpeg,pending
appendix-3,Appendices,appendix,3. We Made the Quran Easy [54:17],pdf,content/appendix/pdfs/appendix_3.pdf,content/appendix/pdfs/appendix_3.pdf,https://pub-f29cecbaf0f845e2b4565f356f98d18d.r2.dev/content/appendix/pdfs/appendix_3.pdf,114011,7d534728b211bc60d0b7bdf9ade5cbe648f63edb15f33ab33b18dcefba0e2271,application/pdf,pending
appendix-3,Appendices,appendix,3. We Made the Quran Easy [54:17],thumbnail,content/appendix/thumbnails/appendix_3.jpg,content/appendix/thumbnails/appendix_3.jpg,https://pub-f29cecbaf0f845e2b4565f356f98d18d.r2.dev/content/appendix/thumbnails/appendix_3.jpg,168898,0331bc40b021694083f1130e0ba06d9ba4604b47c3bd4091ddf2f61601eca33c,image/jpeg,pending
appendix-4,Appendices,appendix,4. Why Was the Quran Revealed in Arabic?,pdf,content/appendix/pdfs/appendix_4.pdf,content/appendix/pdfs/appendix_4.pdf,https://pub-f29cecbaf0f845e2b4565f356f98d18d.r2.dev/content/appendix/pdfs/appendix_4.pdf,111166,23d5a0390f42813770021b94d5adb5f928bc24b62aa233d249bc15b81df23757,application/pdf,pending
appendix-4,Appendices,appendix,4. Why Was the Quran Revealed in Arabic?,thumbnail,content/appendix/thumbnails/appendix_4.jpg,content/appendix/thumbnails/appendix_4.jpg,https://pub-f29cecbaf0f845e2b4565f356f98d18d.r2.dev/content/appendix/thumbnails/appendix_4.jpg,171622,d5b66cbd98a53aff85bb2bd4693688eb57a0881b1fe4674d0c2ba99e23bbd9fe,image/jpeg,pending
appendix-5,Appendices,appendix,5. Heaven and Hell,pdf,content/appendix/pdfs/appendix_5.pdf,content/appendix/pdfs/appendix_5.pdf,https://pub-f29cecbaf0f845e2b4565f356f98d18d.r2.dev/content/appendix/pdfs/appendix_5.pdf,180117,39e6d60d963e3c548f585ab616588310c560e6d4c5e49b842acd8d01700870a4,application/pdf,pending
appendix-5,Appendices,appendix,5. Heaven and Hell,thumbnail,content/appendix/thumbnails/appendix_5.jpg,content/appendix/thumbnails/appendix_5.jpg,https://pub-f29cecbaf0f845e2b4565f356f98d18d.r2.dev/content/appendix/thumbnails/appendix_5.jpg,145279,b73f140c759692204711b0d3cdfca75f54f371987c72af951e0916575113ad6a,image/jpeg,pending
appendix-6,Appendices,appendix,6. Greatness of God,pdf,content/appendix/pdfs/appendix_6.pdf,content/appendix/pdfs/appendix_6.pdf,https://pub-f29cecbaf0f845e2b4565f356f98d18d.r2.dev/content/appendix/pdfs/appendix_6.pdf,112278,e784743d943e9b9074e8c985a60492170c3ea92d8bb02911b6a14e023db49ff7,application/pdf,pending
appendix-6,Appendices,appendix,6. Greatness of God,thumbnail,content/appendix/thumbnails/appendix_6.jpg,content/appendix/thumbnails/appendix_6.jpg,https://pub-f29cecbaf0f845e2b4565f356f98d18d.r2.dev/content/appendix/thumbnails/appendix_6.jpg,142653,13b7e1cecbfb438708bb6068acde246155a6d6ec0748b5f6e062f8493b40abb7,image/jpeg,pending
appendix-7,Appendices,appendix,7. Why Were We Created ?,pdf,content/appendix/pdfs/appendix_7.pdf,content/appendix/pdfs/appendix_7.pdf,https://pub-f29cecbaf0f845e2b4565f356f98d18d.r2.dev/content/appendix/pdfs/appendix_7.pdf,114398,9c23d8d531242e999f5200e2fba537c28000e7a61b92f6083806664a255ecb67,application/pdf,pending
appendix-7,Appendices,appendix,7. Why Were We Created ?,thumbnail,content/appendix/thumbnails/appendix_7.jpg,content/appendix/thumbnails/appendix_7.jpg,https://pub-f29cecbaf0f845e2b4565f356f98d18d.r2.dev/content/appendix/thumbnails/appendix_7.jpg,149512,3429b4c50db0be91ca8f721068a376b33b250fc246efc2fc42636a030f7da822,image/jpeg,pending
appendix-8,Appendices,appendix,8. The Myth of Intercession,pdf,content/appendix/pdfs/appendix_8.pdf,content/appendix/pdfs/appendix_8.pdf,https://pub-f29cecbaf0f845e2b4565f356f98d18d.r2.dev/content/appendix/pdfs/appendix_8.pdf,102550,56d43bf36bba87f6bf9d9eb844fc28b3bb4019f9109620a37a5d274672ed8e40,application/pdf,pending
appendix-8,Appendices,appendix,8. The Myth of Intercession,thumbnail,content/appendix/thumbnails/appendix_8.jpg,content/appendix/thumbnails/appendix_8.jpg,https://pub-f29cecbaf0f845e2b4565f356f98d18d.r2.dev/content/appendix/thumbnails/appendix_8.jpg,153987,0ceb41a25c1c4a6a34bae9997e031f28d518e2ca5ff0879e73e4d736f4b84464,image/jpeg,pending
appendix-9,Appendices,appendix,9. Abraham: Original Messenger of Islam,pdf,content/appendix/pdfs/appendix_9.pdf,content/appendix/pdfs/appendix_9.pdf,https://pub-f29cecbaf0f845e2b4565f356f98d18d.r2.dev/content/appendix/pdfs/appendix_9.pdf,108413,c7956c412c18f73bf9380e591587246a0dfba7e71632157fda4e9a56a7be349e,application/pdf,pending
appendix-9,Appendices,appendix,9. Abraham: Original Messenger of Islam,thumbnail,content/appendix/thumbnails/appendix_9.jpg,content/appendix/thumbnails/appendix_9.jpg,https://pub-f29cecbaf0f845e2b4565f356f98d18d.r2.dev/content/appendix/thumbnails/appendix_9.jpg,165722,b60b06bffe1f514cf50e07d547ed14cf04cea264c7f50b5544af15ded917ca91,image/jpeg,pending
appendix-10,Appendices,appendix,10. God's Usage of the Plural Tense,pdf,content/appendix/pdfs/appendix_10.pdf,content/appendix/pdfs/appendix_10.pdf,https://pub-f29cecbaf0f845e2b4565f356f98d18d.r2.dev/content/appendix/pdfs/appendix_10.pdf,107124,1f8ebbda0679bc1e5a605679e9a77d7153f0adbcf983728924b1583807aa8f33,application/pdf,pending
appendix-10,Appendices,appendix,10. God's Usage of the Plural Tense,thumbnail,content/appendix/thumbnails/appendix_10.jpg,content/appendix/thumbnails/appendix_10.jpg,https://pub-f29cecbaf0f845e2b4565f356f98d18d.r2.dev/content/appendix/thumbnails/appendix_10.jpg,166477,60dccf6bee5d7fe79fa788f72458ba6619a48822a6cd133cc88ed769db653a19,image/jpeg,pending
appendix-11,Appendices,appendix,11. The Day of Resurrection,pdf,content/appendix/pdfs/appendix_11.pdf,content/appendix/pdfs/appendix_11.pdf,https://pub-f29cecbaf0f845e2b4565f356f98d18d.r2.dev/content/appendix/pdfs/appendix_11.pdf,114165,9d4b3eadfad7b5d2a9f35451e6101222625255f0fed3e615d434cf1f666e442e,application/pdf,pending
appendix-11,Appendices,appendix,11. The Day of Resurrection,thumbnail,content/appendix/thumbnails/appendix_11.jpg,content/appendix/thumbnails/appendix_11.jpg,https://pub-f29cecbaf0f845e2b4565f356f98d18d.r2.dev/content/appendix/thumbnails/appendix_11.jpg,143938,52db6c18ff410385ec237599b09922bec27a3101c3998308e4978ce27aba3c2a,image/jpeg,pending
appendix-12,Appendices,appendix,12. Role of the Prophet Muhammad,pdf,content/appendix/pdfs/appendix_12.pdf,content/appendix/pdfs/appendix_12.pdf,https://pub-f29cecbaf0f845e2b4565f356f98d18d.r2.dev/content/appendix/pdfs/appendix_12.pdf,129979,52cdad1037fb4834d742f09f71bbc3a531030e792f4614873332e3ff2c21fc2a,application/pdf,pending
appendix-12,Appendices,appendix,12. Role of the Prophet Muhammad,thumbnail,content/appendix/thumbnails/appendix_12.jpg,content/appendix/thumbnails/appendix_12.jpg,https://pub-f29cecbaf0f845e2b4565f356f98d18d.r2.dev/content/appendix/thumbnails/appendix_12.jpg,129583,1a2159fdd99b63376a3ce1f3e1f637dc200f32f8113e548285acc3dab7b4e84d,image/jpeg,pending
appendix-13,Appendices,appendix,"13. The First Pillar of Islam (Submission):
""Laa Elaaha Ellaa Allah"" (No god except God)",pdf,content/appendix/pdfs/appendix_13.pdf,content/appendix/pdfs/appendix_13.pdf,https://pub-f29cecbaf0f845e2b4565f356f98d18d.r2.dev/content/appendix/pdfs/appendix_13.pdf,136884,d434d575597868ee18a0cc117a793a3d9e353db0dcec08ef12938fea3568fdb3,application/pdf,pending
appendix-13,Appendices,appendix,"13. The First Pillar of Islam (Submission):
""Laa Elaaha Ellaa Allah"" (No god except God)",thumbnail,content/appendix/thumbnails/appendix_13.jpg,content/appendix/thumbnails/appendix_13.jpg,https://pub-f29cecbaf0f845e2b4565f356f98d18d.r2.dev/content/appendix/thumbnails/appendix_13.jpg,146003,290e80051c98fb9d03a0c144c5be60c3e1dd291d28047cba68adea3f9407d8a9,image/jpeg,pending
appendix-14,Appendices,appendix,14. Predestination,pdf,content/appendix/pdfs/appendix_14.pdf,content/appendix/pdfs/appendix_14.pdf,https://pub-f29cecbaf0f845e2b4565f356f98d18d.r2.dev/content/appendix/pdfs/appendix_14.pdf,121790,29dd66eab91d3bbf075ca14d8b98b659ef950ed15d869fe1a1793346d0610236,application/pdf,pending
appendix-14,Appendices,appendix,14. Predestination,thumbnail,content/appendix/thumbnails/appendix_14.jpg,content/appendix/thumbnails/appendix_14.jpg,https://pub-f29cecbaf0f845e2b4565f356f98d18d.r2.dev/content/appendix/thumbnails/appendix_14.jpg,153006,e42a51d8954fcbeafa681d9acd0468965d796a350920cce550c8b2b55a097056,image/jpeg,pending
appendix-15,Appendices,appendix,15. Religious Duties: A Gift From God,pdf,content/appendix/pdfs/appendix_15.pdf,content/appendix/pdfs/appendix_15.pdf,https://pub-f29cecbaf0f845e2b4565f356f98d18d.r2.dev/content/appendix/pdfs/appendix_15.pdf,169386,e95850f86ac130c6e911ce8742f45a269b79ad947e59a0fdf05d750a5dcfb92c,application/pdf,pending
appendix-15,Appendices,appendix,15. Religious Duties: A Gift From God,thumbnail,content/appendix/thumbnails/appendix_15.jpg,content/appendix/thumbnails/appendix_15.jpg,https://pub-f29cecbaf0f845e2b4565f356f98d18d.r2.dev/content/appendix/thumbnails/appendix_15.jpg,145875,3261983e021e13a15334da6682e9c1ff0e25b81516f2446dbf2f7219050e6107,image/jpeg,pending
appendix-16,Appendices,appendix,16. Dietary Prohibitions,pdf,content/appendix/pdfs/appendix_16.pdf,content/appendix/pdfs/appendix_16.pdf,https://pub-f29cecbaf0f845e2b4565f356f98d18d.r2.dev/content/appendix/pdfs/appendix_16.pdf,94884,92a75a237662dfec4e34731bdc09c80e8a1e94f7dbf8d0f3d07272a68119f2d5,application/pdf,pending
appendix-16,Appendices,appendix,16. Dietary Prohibitions,thumbnail,content/appendix/thumbnails/appendix_16.jpg,content/appendix/thumbnails/appendix_16.jpg,https://pub-f29cecbaf0f845e2b4565f356f98d18d.r2.dev/content/appendix/thumbnails/appendix_16.jpg,134141,ad6bb637fc6c0a63bd51a3ec7b089138cfd0452e84ebe53ac3019b8f14706f71,image/jpeg,pending
appendix-17,Appendices,appendix,17. Death,pdf,content/appendix/pdfs/appendix_17.pdf,content/appendix/pdfs/appendix_17.pdf,https://pub-f29cecbaf0f845e2b4565f356f98d18d.r2.dev/content/appendix/pdfs/appendix_17.pdf,165579,3b329acd7bfa1a5f82e4e818427a5dbb4f395abc8479f37149c4a8996f3c1dd9,application/pdf,pending
appendix-17,Appendices,appendix,17. Death,thumbnail,content/appendix/thumbnails/appendix_17.jpg,content/appendix/thumbnails/appendix_17.jpg,https://pub-f29cecbaf0f845e2b4565f356f98d18d.r2.dev/content/appendix/thumbnails/appendix_17.jpg,134141,ad6bb637fc6c0a63bd51a3ec7b089138cfd0452e84ebe53ac3019b8f14706f71,image/jpeg,pending
appendix-18,Appendices,appendix,18. Quran: All You Need For Salvation,pdf,content/appendix/pdfs/appendix_18.pdf,content/appendix/pdfs/appendix_18.pdf,https://pub-f29cecbaf0f845e2b4565f356f98d18d.r2.dev/content/appendix/pdfs/appendix_18.pdf,98380,66a2fa7b61dd7fda13edacfd221f4df1515a0a93eeb45a1c76856bb8c58100c1,application/pdf,pending
appendix-18,Appendices,appendix,18. Quran: All You Need For Salvation,thumbnail,content/appendix/thumbnails/appendix_18.jpg,content/appendix/thumbnails/appendix_18.jpg,https://pub-f29cecbaf0f845e2b4565f356f98d18d.r2.dev/content/appendix/thumbnails/appendix_18.jpg,136607,f50bddf260fdf811b1f5cb82fff1a9a3c7c0a883c5a44f964417e1a1a8649375,image/jpeg,pending
appendix-19,Appendices,appendix,19. Hadith & Sunna: Satanic Innovations,pdf,content/appendix/pdfs/appendix_19.pdf,content/appendix/pdfs/appendix_19.pdf,https://pub-f29cecbaf0f845e2b4565f356f98d18d.r2.dev/content/appendix/pdfs/appendix_19.pdf,123367,416d67d436829e9c35c1ddd8eb25811cfc9af64e8508690f0c3d39af9aa194cc,application/pdf,pending
appendix-19,Appendices,appendix,19. Hadith & Sunna: Satanic Innovations,thumbnail,content/appendix/thumbnails/appendix_19.jpg,content/appendix/thumbnails/appendix_19.jpg,https://pub-f29cecbaf0f845e2b4565f356f98d18d.r2.dev/content/appendix/thumbnails/appendix_19.jpg,136607,f50bddf260fdf811b1f5cb82fff1a9a3c7c0a883c5a44f964417e1a1a8649375,image/jpeg,pending
appendix-20,Appendices,appendix,20. Quran: Unlike Any Other Book,pdf,content/appendix/pdfs/appendix_20.pdf,content/appendix/pdfs/appendix_20.pdf,https://pub-f29cecbaf0f845e2b4565f356f98d18d.r2.dev/content/appendix/pdfs/appendix_20.pdf,97846,6379b584cc2841bb4ce15e2e5689963b5f33a16c4b8a45673f10b4e55a971701,application/pdf,pending
appendix-20,Appendices,appendix,20. Quran: Unlike Any Other Book,thumbnail,content/appendix/thumbnails/appendix_20.jpg,content/appendix/thumbnails/appendix_20.jpg,https://pub-f29cecbaf0f845e2b4565f356f98d18d.r2.dev/content/appendix/thumbnails/appendix_20.jpg,161043,7867db980bcd0ce374b1502a9c82e5f30be6100a3ea8c2705a4b1252a1af3ee5,image/jpeg,pending
appendix-21,Appendices,appendix,21. Satan: Fallen Angel,pdf,content/appendix/pdfs/appendix_21.pdf,content/appendix/pdfs/appendix_21.pdf,https://pub-f29cecbaf0f845e2b4565f356f98d18d.r2.dev/content/appendix/pdfs/appendix_21.pdf,96977,1713e78a8c81089fcf2d5c5012621f23bfe62485e8dff82a7ebeba588b8f84b7,application/pdf,pending
appendix-21,Appendices,appendix,21. Satan: Fallen Angel,thumbnail,content/appendix/thumbnails/appendix_21.jpg,content/appendix/thumbnails/appendix_21.jpg,https://pub-f29cecbaf0f845e2b4565f356f98d18d.r2.dev/content/appendix/thumbnails/appendix_21.jpg,121820,a06a892830e3078711c70c6cdec0998c24b7fd356ef73f43ba1b3f3e7a28dd70,image/jpeg,pending
appendix-22,Appendices,appendix,22. Jesus,pdf,content/appendix/pdfs/appendix_22.pdf,content/appendix/pdfs/appendix_22.pdf,https://pub-f29cecbaf0f845e2b4565f356f98d18d.r2.dev/content/appendix/pdfs/appendix_22.pdf,138789,26dc475bca74c0ea487064269151ebddad16bb848ad7fdb9cd004c3e6e3a067d,application/pdf,pending
appendix-22,Appendices,appendix,22. Jesus,thumbnail,content/appendix/thumbnails/appendix_22.jpg,content/appendix/thumbnails/appendix_22.jpg,https://pub-f29cecbaf0f845e2b4565f356f98d18d.r2.dev/content/appendix/thumbnails/appendix_22.jpg,121820,a06a892830e3078711c70c6cdec0998c24b7fd356ef73f43ba1b3f3e7a28dd70,image/jpeg,pending
appendix-23,Appendices,appendix,23. Chronological Sequence of Revelation,pdf,content/appendix/pdfs/appendix_23.pdf,content/appendix/pdfs/appendix_23.pdf,https://pub-f29cecbaf0f845e2b4565f356f98d18d.r2.dev/content/appendix/pdfs/appendix_23.pdf,95331,b2a32ada591462d0f9bd4210dfaf732b8446df371e1ef633806952e1fa46e2e8,application/pdf,pending
appendix-23,Appendices,appendix,23. Chronological Sequence of Revelation,thumbnail,content/appendix/thumbnails/appendix_23.jpg,content/appendix/thumbnails/appendix_23.jpg,https://pub-f29cecbaf0f845e2b4565f356f98d18d.r2.dev/content/appendix/thumbnails/appendix_23.jpg,115337,925c1d61ea8c4a0cdb27d42a220ea03c43c75b2f45d5068952b93a6a11c580e8,image/jpeg,pending
appendix-24,Appendices,appendix,24. Tampering with the Word of God,pdf,content/appendix/pdfs/appendix_24.pdf,content/appendix/pdfs/appendix_24.pdf,https://pub-f29cecbaf0f845e2b4565f356f98d18d.r2.dev/content/appendix/pdfs/appendix_24.pdf,370923,aaed7066696a82e5ba22dfce7ad25d45757f1df5ca66d668d51f45b2c3a300fe,application/pdf,pending
appendix-24,Appendices,appendix,24. Tampering with the Word of God,thumbnail,content/appendix/thumbnails/appendix_24.jpg,content/appendix/thumbnails/appendix_24.jpg,https://pub-f29cecbaf0f845e2b4565f356f98d18d.r2.dev/content/appendix/thumbnails/appendix_24.jpg,138411,6cd2aa7006506e7a01635bb7f0c609d827ccf6b019f7b82dd1e38ea9fbe10e94,image/jpeg,pending
appendix-25,Appendices,appendix,25. End Of The World,pdf,content/appendix/pdfs/appendix_25.pdf,content/appendix/pdfs/appendix_25.pdf,https://pub-f29cecbaf0f845e2b4565f356f98d18d.r2.dev/content/appendix/pdfs/appendix_25.pdf,141994,c35bff4d0072aacc35471e6d857f543436f90a3c4787bdff729a5559d3cbd620,application/pdf,pending
appendix-25,Appendices,appendix,25. End Of The World,thumbnail,content/appendix/thumbnails/appendix_25.jpg,content/appendix/thumbnails/appendix_25.jpg,https://pub-f29cecbaf0f845e2b4565f356f98d18d.r2.dev/content/appendix/thumbnails/appendix_25.jpg,140461,ef5bd640d84aaffc1d27384343ec7318c876eba6c693a9be1a91aff7a9f010db,image/jpeg,pending
appendix-26,Appendices,appendix,26. The Three Messengers of Islam,pdf,content/appendix/pdfs/appendix_26.pdf,content/appendix/pdfs/appendix_26.pdf,https://pub-f29cecbaf0f845e2b4565f356f98d18d.r2.dev/content/appendix/pdfs/appendix_26.pdf,152013,c1d1dd54a7e36912a9f7f9659b0a970131393c712ea92e364bd2ae17f2581b92,application/pdf,pending
appendix-26,Appendices,appendix,26. The Three Messengers of Islam,thumbnail,content/appendix/thumbnails/appendix_26.jpg,content/appendix/thumbnails/appendix_26.jpg,https://pub-f29cecbaf0f845e2b4565f356f98d18d.r2.dev/content/appendix/thumbnails/appendix_26.jpg,143940,11ae98d7166ae8fd51b0eca45d9f0502334dc480ffa5dc9e292b7a1062a9e7bb,image/jpeg,pending
appendix-27,Appendices,appendix,27. Who Is Your God?,pdf,content/appendix/pdfs/appendix_27.pdf,content/appendix/pdfs/appendix_27.pdf,https://pub-f29cecbaf0f845e2b4565f356f98d18d.r2.dev/content/appendix/pdfs/appendix_27.pdf,115846,9de3401fec6246792cbb9933d2e2924bcb07c27d80edfcde3d0018be5e5db95b,application/pdf,pending
appendix-27,Appendices,appendix,27. Who Is Your God?,thumbnail,content/appendix/thumbnails/appendix_27.jpg,content/appendix/thumbnails/appendix_27.jpg,https://pub-f29cecbaf0f845e2b4565f356f98d18d.r2.dev/content/appendix/thumbnails/appendix_27.jpg,133522,1501e29cb55a7e2bc3e12b77d61b211b118437951d9ea8623841993c2dba01f5,image/jpeg,pending
appendix-28,Appendices,appendix,28. Muhammad Wrote God's Revelations With His Own Hand,pdf,content/appendix/pdfs/appendix_28.pdf,content/appendix/pdfs/appendix_28.pdf,https://pub-f29cecbaf0f845e2b4565f356f98d18d.r2.dev/content/appendix/pdfs/appendix_28.pdf,112177,47ae3a19ea4a8cc7c906d3cac0132bc7dca18a785bfc15d28f50b9a6164f1f65,application/pdf,pending
appendix-28,Appendices,appendix,28. Muhammad Wrote God's Revelations With His Own Hand,thumbnail,content/appendix/thumbnails/appendix_28.jpg,content/appendix/thumbnails/appendix_28.jpg,https://pub-f29cecbaf0f845e2b4565f356f98d18d.r2.dev/content/appendix/thumbnails/appendix_28.jpg,143334,5c502827a4d55b5d2e1868f0dc96087981d4de50c09258fb2f09b0ebdced6b29,image/jpeg,pending
appendix-29,Appendices,appendix,29. The Missing Basmalah,pdf,content/appendix/pdfs/appendix_29.pdf,content/appendix/pdfs/appendix_29.pdf,https://pub-f29cecbaf0f845e2b4565f356f98d18d.r2.dev/content/appendix/pdfs/appendix_29.pdf,142868,5363711010062e751c5a6231e955519af8a203f6b92944fa51172874ab8b8a5f,application/pdf,pending
appendix-29,Appendices,appendix,29. The Missing Basmalah,thumbnail,content/appendix/thumbnails/appendix_29.jpg,content/appendix/thumbnails/appendix_29.jpg,https://pub-f29cecbaf0f845e2b4565f356f98d18d.r2.dev/content/appendix/thumbnails/appendix_29.jpg,165998,42cafe27d0070011e16270b32effcb6cc80660bdcb04cf05dfb9c71814a12dfe,image/jpeg,pending
appendix-30,Appendices,appendix,30. Polygamy,pdf,content/appendix/pdfs/appendix_30.pdf,content/appendix/pdfs/appendix_30.pdf,https://pub-f29cecbaf0f845e2b4565f356f98d18d.r2.dev/content/appendix/pdfs/appendix_30.pdf,110615,7f0a8b5dc340b51830e4296e5efd0fb3f97179a1d8ac2da3d4c6abc575bf36b8,application/pdf,pending
appendix-30,Appendices,appendix,30. Polygamy,thumbnail,content/appendix/thumbnails/appendix_30.jpg,content/appendix/thumbnails/appendix_30.jpg,https://pub-f29cecbaf0f845e2b4565f356f98d18d.r2.dev/content/appendix/thumbnails/appendix_30.jpg,146942,98b2f8ca017936fa12bfdb9a506465089fdf3ff8ea2b71eafde570692c889846,image/jpeg,pending
appendix-31,Appendices,appendix,31. Evolution: Divinely Controlled,pdf,content/appendix/pdfs/appendix_31.pdf,content/appendix/pdfs/appendix_31.pdf,https://pub-f29cecbaf0f845e2b4565f356f98d18d.r2.dev/content/appendix/pdfs/appendix_31.pdf,111243,ee8ee0e891e693c65f8acb1c51fccc224bd96815588098b1cc7b74e60886712e,application/pdf,pending
appendix-31,Appendices,appendix,31. Evolution: Divinely Controlled,thumbnail,content/appendix/thumbnails/appendix_31.jpg,content/appendix/thumbnails/appendix_31.jpg,https://pub-f29cecbaf0f845e2b4565f356f98d18d.r2.dev/content/appendix/thumbnails/appendix_31.jpg,148091,7695893dba471dc08eadec6ce4de013c795dc5b3c8da4345ab67976c49036c8f,image/jpeg,pending
appendix-32,Appendices,appendix,32. The Crucial Age of 40,pdf,content/appendix/pdfs/appendix_32.pdf,content/appendix/pdfs/appendix_32.pdf,https://pub-f29cecbaf0f845e2b4565f356f98d18d.r2.dev/content/appendix/pdfs/appendix_32.pdf,116836,e80818ae9fc411c28819b97baa62e2ae2732fcc0a8f586f8a0fa5b6a05bcc3c5,application/pdf,pending
appendix-32,Appendices,appendix,32. The Crucial Age of 40,thumbnail,content/appendix/thumbnails/appendix_32.jpg,content/appendix/thumbnails/appendix_32.jpg,https://pub-f29cecbaf0f845e2b4565f356f98d18d.r2.dev/content/appendix/thumbnails/appendix_32.jpg,157269,e759fe81cb1e083df92b5d79fcf6d5c16bfaa3ea0d90c4041f9811256f87013b,image/jpeg,pending
appendix-33,Appendices,appendix,33. Why Did God Send A Messenger Now?,pdf,content/appendix/pdfs/appendix_33.pdf,content/appendix/pdfs/appendix_33.pdf,https://pub-f29cecbaf0f845e2b4565f356f98d18d.r2.dev/content/appendix/pdfs/appendix_33.pdf,135433,1f8a54ecf82460e3cbf705967ab91f284ac30617108b3cf8e2b30c74c187f22d,application/pdf,pending
appendix-33,Appendices,appendix,33. Why Did God Send A Messenger Now?,thumbnail,content/appendix/thumbnails/appendix_33.jpg,content/appendix/thumbnails/appendix_33.jpg,https://pub-f29cecbaf0f845e2b4565f356f98d18d.r2.dev/content/appendix/thumbnails/appendix_33.jpg,146919,5b7fb88ad2f01191f63c31a36a708a4a464253aace27f6038c57c7c22f4bea81,image/jpeg,pending
appendix-34,Appendices,appendix,34. Virginity,pdf,content/appendix/pdfs/appendix_34.pdf,content/appendix/pdfs/appendix_34.pdf,https://pub-f29cecbaf0f845e2b4565f356f98d18d.r2.dev/content/appendix/pdfs/appendix_34.pdf,91363,61e84474ae1c85f4c893d3a6c4e8be7782e48f7b34d0e1b3016ac1ca18e6a2b3,application/pdf,pending
appendix-34,Appendices,appendix,34. Virginity,thumbnail,content/appendix/thumbnails/appendix_34.jpg,content/appendix/thumbnails/appendix_34.jpg,https://pub-f29cecbaf0f845e2b4565f356f98d18d.r2.dev/content/appendix/thumbnails/appendix_34.jpg,144898,8ff09513977808d437773a213c019f904d90cc9c9c1a7608bbed23960a8d26be,image/jpeg,pending
appendix-35,Appendices,appendix,35. Drugs & Alcohol,pdf,content/appendix/pdfs/appendix_35.pdf,content/appendix/pdfs/appendix_35.pdf,https://pub-f29cecbaf0f845e2b4565f356f98d18d.r2.dev/content/appendix/pdfs/appendix_35.pdf,91363,11dbcd80b71a7a9f1c0826004630d137f24f707acb28bbafb38d68591b558322,application/pdf,pending
appendix-35,Appendices,appendix,35. Drugs & Alcohol,thumbnail,content/appendix/thumbnails/appendix_35.jpg,content/appendix/thumbnails/appendix_35.jpg,https://pub-f29cecbaf0f845e2b4565f356f98d18d.r2.dev/content/appendix/thumbnails/appendix_35.jpg,144898,8ff09513977808d437773a213c019f904d90cc9c9c1a7608bbed23960a8d26be,image/jpeg,pending
appendix-36,Appendices,appendix,36. What Price A Great Nation,pdf,content/appendix/pdfs/appendix_36.pdf,content/appendix/pdfs/appendix_36.pdf,https://pub-f29cecbaf0f845e2b4565f356f98d18d.r2.dev/content/appendix/pdfs/appendix_36.pdf,115286,9a4b3bad7b2232ec5c72548dd4d18972e54b78b3787e5b948d769b9e2c15e971,application/pdf,pending
appendix-36,Appendices,appendix,36. What Price A Great Nation,thumbnail,content/appendix/thumbnails/appendix_36.jpg,content/appendix/thumbnails/appendix_36.jpg,https://pub-f29cecbaf0f845e2b4565f356f98d18d.r2.dev/content/appendix/thumbnails/appendix_36.jpg,148052,44f77c4c6d8240dea26141fc02b86e927f5a517f6780682e3c476a317ed9a201,image/jpeg,pending
appendix-37,Appendices,appendix,37. Criminal Justice,pdf,content/appendix/pdfs/appendix_37.pdf,content/appendix/pdfs/appendix_37.pdf,https://pub-f29cecbaf0f845e2b4565f356f98d18d.r2.dev/content/appendix/pdfs/appendix_37.pdf,110794,63b0063565ac16d6f51a0a342891fa813a2271d6eae617696938c5a505c53f38,application/pdf,pending
appendix-37,Appendices,appendix,37. Criminal Justice,thumbnail,content/appendix/thumbnails/appendix_37.jpg,content/appendix/thumbnails/appendix_37.jpg,https://pub-f29cecbaf0f845e2b4565f356f98d18d.r2.dev/content/appendix/thumbnails/appendix_37.jpg,159143,f70cacfc1c708990b27a6f053549504bafecfe978c2081dae9ceab864679a4d2,image/jpeg,pending
appendix-38,Appendices,appendix,38. 19: The Creator's Signature,pdf,content/appendix/pdfs/appendix_38.pdf,content/appendix/pdfs/appendix_38.pdf,https://pub-f29cecbaf0f845e2b4565f356f98d18d.r2.dev/content/appendix/pdfs/appendix_38.pdf,94087,c6c47eebc6faea58013ed312f0e999aeb235ae2039ba5037a2da7a8fa44fae0d,application/pdf,pending
appendix-38,Appendices,appendix,38. 19: The Creator's Signature,thumbnail,content/appendix/thumbnails/appendix_38.jpg,content/appendix/thumbnails/appendix_38.jpg,https://pub-f29cecbaf0f845e2b4565f356f98d18d.r2.dev/content/appendix/thumbnails/appendix_38.jpg,117362,6c53da8b1f485022fd02584c07a4d39950209fcd9107b8d63b80a32a3bf8e0ff,image/jpeg,pending
