index,id,title,pdf_filename,source_url,section_index,section_type,heading_level,content
1,appendix-1,1. One of the Great Miracles [74:35],appendix_1.pdf,https://www.masjidtucson.org/quran/appendices/appendix1.html,1,heading,1,One of the Great Miracles [74:35]
2,appendix-1,1. One of the Great Miracles [74:35],appendix_1.pdf,https://www.masjidtucson.org/quran/appendices/appendix1.html,2,table,,"The Quran is characterized by a unique phenomenon never found in any human authored book. Every element of the Quran is mathematically composed — the suras, the verses, the words, the number of certain letters, the number of words from the same root, the number and variety of divine names, the unique spelling of certain words, the absence or deliberate alteration of certain letters within certain words, and many other elements of the Quran besides its content. There are two major facets of the Quran's mathematical system: (1) The mathematical literary composition, and (2) The mathematical structure involving the numbers of suras and verses. Because of this comprehensive mathematical coding, the slightest distortion of the Quran's text or physical arrangement is immediately exposed."
3,appendix-1,1. One of the Great Miracles [74:35],appendix_1.pdf,https://www.masjidtucson.org/quran/appendices/appendix1.html,3,heading,2,Simple to Understand Impossible to Imitate
4,appendix-1,1. One of the Great Miracles [74:35],appendix_1.pdf,https://www.masjidtucson.org/quran/appendices/appendix1.html,4,paragraph,,For the first time in history we have a scripture with built-in proof of divine authorship — a superhuman mathematical composition.
5,appendix-1,1. One of the Great Miracles [74:35],appendix_1.pdf,https://www.masjidtucson.org/quran/appendices/appendix1.html,5,paragraph,,"Any reader of this book can easily verify the Quran's mathematical miracle. The word ""God” (Allah) is written in bold capital letters throughout the text. The frequency of occurrence of the word ""God” is noted at the bottom of each page. The last page of the text, Page 372, shows that the total occurrence of the word ""God” is 2698, or 19x142."
6,appendix-1,1. One of the Great Miracles [74:35],appendix_1.pdf,https://www.masjidtucson.org/quran/appendices/appendix1.html,6,paragraph,,"Furthermore, when we add the numbers of all the verses where the word “God” occurs, we obtain a total of 118123, also a multiple of 19 (118123 = 19x6217). Nineteen is the common denominator throughout the Quran’s mathematical system."
7,appendix-1,1. One of the Great Miracles [74:35],appendix_1.pdf,https://www.masjidtucson.org/quran/appendices/appendix1.html,7,paragraph,,"This phenomenon alone suffices as incontrovertible proof that the Quran is God's message to the world. No human being(s) could have kept track of 2698 occurrences of the word “God,” and the numbers of verses where they occur. This is especially impossible in view of (1) the age of ignorance during which the Quran was revealed, and (2) the fact that the suras and verses were widely separated in time and place of revelation. The chronological order of revelation was vastly different from the final format (Appendix 23). However, the Quran's mathematical system is not limited to the word “God;” it is extremely vast, extremely intricate, and totally comprehensive."
8,appendix-1,1. One of the Great Miracles [74:35],appendix_1.pdf,https://www.masjidtucson.org/quran/appendices/appendix1.html,8,heading,2,The Simple Facts
9,appendix-1,1. One of the Great Miracles [74:35],appendix_1.pdf,https://www.masjidtucson.org/quran/appendices/appendix1.html,9,paragraph,,"Like the Quran itself, the Quran's mathematical coding ranges from the very simple, to the very complex. The Simple Facts are those observations that can be ascertained without using any tools. The complex facts require the assistance of a calculator or a computer. The following facts do not require any tools to be verified:"
10,appendix-1,1. One of the Great Miracles [74:35],appendix_1.pdf,https://www.masjidtucson.org/quran/appendices/appendix1.html,10,table,,"1. The first verse (1:1), known as ""Basmalah,” consists of 19 letters. 2. The Quran consists of 114 suras, which is 19 x 6. 3. The total number of verses in the Quran is 6346, or 19 x 334. [6234 numbered verses & 112 un-numbered verses (Basmalahs) 6234+112 = 6346] Note that 6+3+4+6= 19. 4. The Basmalah occurs 114 times, despite its conspicuous absence from Sura 9 (it occurs twice in Sura 27) & 114= 19 x 6. 5. From the missing Basmalah of Sura 9 to the extra Basmalah of Sura 27, there are precisely 19 suras. 6. It follows that the total of the sura numbers from 9 to 27 (9+10+11+12+...+26+27) is 342, or 19 x 18. 7. This total (342) also equals the number of words between the two Basmalahs of Sura 27, and 342 = 19 x 18. 8. The famous first revelation (96:1-5) consists of 19 words. 9. This 19-worded first revelation consists of 76 letters 19 x 4. 10. Sura 96, first in the chronological sequence, consists of 19 verses. 11. This first chronological sura is placed atop the last 19 suras. 12. Sura 96 consists of 304 Arabic letters, and 304 equals 19 x 16. 13. The last revelation (Sura 110) consists of 19 words. 14. The first verse of the last revelation (110:1) consists of 19 letters. 15. 14 different Arabic letters, form 14 different sets of ""Quranic Initials” (such as A.L.M. of 2:1), and prefix 29 suras. These numbers add up to 14+14+29=57= 19 x 3. 16. The total of the 29 sura numbers where the Quranic Initials occur is 2+3+7+...+50+68 = 822, and 822+14 (14 sets of initials) equals 836, or 19 x 44. 17. Between the first initialed sura (Sura 2) and the last initialed sura (Sura 68) there are 38 un-initialed suras 19 x 2. 18. Between the first and last initialed sura there are 19 sets of alternating ""initialed” and ""uninitialed” suras. 19. The Quran mentions 30 different numbers: 1, 2, 3, 4, 5, 6, 7, 8, 9, 10, 11, 12, 19, 20, 30, 40, 50, 60, 70, 80, 99, 100, 200, 300, 1000, 2000, 3000, 5000, 50,000, & 100,000. The sum of these numbers is 162146, which equals 19x8534."
11,appendix-1,1. One of the Great Miracles [74:35],appendix_1.pdf,https://www.masjidtucson.org/quran/appendices/appendix1.html,11,paragraph,,This is a condensed summary of the Simple Facts.
12,appendix-1,1. One of the Great Miracles [74:35],appendix_1.pdf,https://www.masjidtucson.org/quran/appendices/appendix1.html,12,heading,2,The Literary Mathematical Composition
13,appendix-1,1. One of the Great Miracles [74:35],appendix_1.pdf,https://www.masjidtucson.org/quran/appendices/appendix1.html,13,paragraph,,"The Quran is characterized by a unique phenomenon never found in any other book; 29 suras are prefixed with 14 different sets of ""Quranic Initials,” consisting of one to five letters per set. Fourteen letters, half the Arabic alphabet, participate in these initials. The significance of the Quranic initials remained a divinely guarded secret for 14 centuries."
14,appendix-1,1. One of the Great Miracles [74:35],appendix_1.pdf,https://www.masjidtucson.org/quran/appendices/appendix1.html,14,paragraph,,"The Quran states in 10:20 and 25:4-6 that its miracle, i.e., proof of divine authorship, was destined to remain secret for a specific predetermined interim:"
15,appendix-1,1. One of the Great Miracles [74:35],appendix_1.pdf,https://www.masjidtucson.org/quran/appendices/appendix1.html,15,table,,"They said, ""Why hasn't a miracle come down to him from his Lord?” Say, ""Only God knows the future. Therefore, wait, and I will wait along with you.” [10:20] ****** Those who disbelieved said, ""This is no more than a fabrication by him, with the help of other people.” Indeed, they uttered a blasphemy; a falsehood. Others said, ""Tales from the past that he wrote down; they were dictated to him day and night.” Say, ""This was sent down from the One who knows `the secret' in the heavens and the earth.” Surely, He is Forgiving, Most Merciful. [25:4-6]"
16,appendix-1,1. One of the Great Miracles [74:35],appendix_1.pdf,https://www.masjidtucson.org/quran/appendices/appendix1.html,16,paragraph,,The Quranic Initials constitute a major portion of the Quran's 19-based mathematical miracle.
17,appendix-1,1. One of the Great Miracles [74:35],appendix_1.pdf,https://www.masjidtucson.org/quran/appendices/appendix1.html,17,paragraph,,Table 1: List of the Quranic Initials and Their Suras
18,appendix-1,1. One of the Great Miracles [74:35],appendix_1.pdf,https://www.masjidtucson.org/quran/appendices/appendix1.html,18,table,,No. Sura No. Sura Title Quranic Initials 1. 2 The Heifer A.L.M. 2. 3 The Amramites A.L.M. 3. 7 The Purgatory A.L.M.S. 4. 10 Jonah A.L.R. 5. 11 Hûd A.L.R. 6. 12 Joseph A.L.R. 7. 13 Thunder A.L.M.R. 8. 14 Abraham A.L.R. 9. 15 Al-Hijr Valley A.L.R. 10. 19 Mary K.H.Y.‘A.S. 11. 20 T.H. T.H. 12. 26 The Poets T.S.M. 13. 27 The Ant T.S. 14. 28 History T.S.M. 15. 29 The Spider A.L.M. 16. 30 The Romans A.L.M. 17. 31 Luqmaan A.L.M. 18. 32 Prostration A.L.M. 19. 36 Y.S. Y.S. 20. 38 S. S. 21. 40 Forgiver H.M. 22. 41 Elucidated H.M. 23. 42 Consultation H.M. ‘A.S.Q 24. 43 Ornaments H.M. 25. 44 Smoke H.M. 26. 45 Kneeling H.M. 27. 46 The Dunes H.M. 28. 50 Q. Q. 29. 68 The Pen NuN
19,appendix-1,1. One of the Great Miracles [74:35],appendix_1.pdf,https://www.masjidtucson.org/quran/appendices/appendix1.html,19,heading,3,Historical Background
20,appendix-1,1. One of the Great Miracles [74:35],appendix_1.pdf,https://www.masjidtucson.org/quran/appendices/appendix1.html,20,paragraph,,"In 1968, I realized that the existing English translations of the Quran did not present the truthful message of God's Final Testament. For example, the two most popular translators, Yusuf Ali and Marmaduke Pickthall, could not overcome their corrupted religious traditions when it came to the Quran's great criterion in 39:45."
21,appendix-1,1. One of the Great Miracles [74:35],appendix_1.pdf,https://www.masjidtucson.org/quran/appendices/appendix1.html,21,table,,"When God ALONE is mentioned, the hearts of those who do not believe in the Hereafter shrink with aversion. But when others are mentioned beside Him, they rejoice. [39:45]"
22,appendix-1,1. One of the Great Miracles [74:35],appendix_1.pdf,https://www.masjidtucson.org/quran/appendices/appendix1.html,22,paragraph,,"Yusuf Ali omitted the crucial word ""ALONE” from his translation, and altered the rest of the verse by inserting the word ""(gods).” Thus, he utterly destroyed this most important Quranic criterion. He translated 39:45 as follows:"
23,appendix-1,1. One of the Great Miracles [74:35],appendix_1.pdf,https://www.masjidtucson.org/quran/appendices/appendix1.html,23,table,,"When God, the One and Only, is mentioned, the hearts of those who believe not in the Hereafter are filled with disgust and horror; but when (gods) other than He are mentioned, behold, they are filled with joy. [39:45] (according to A. Yusuf Ali)"
24,appendix-1,1. One of the Great Miracles [74:35],appendix_1.pdf,https://www.masjidtucson.org/quran/appendices/appendix1.html,24,paragraph,,"The expression ""When God, the One and Only, is mentioned,” is not the same as saying, ""When God alone is mentioned.” One can mention ""God, the One and Only,” and also mention Muhammad or Jesus, and no one will be upset. But if ""God ALONE is mentioned,” you cannot mention anyone else, and a lot of people — those who idolize Muhammad or Jesus — will be upset. Thus, Yusuf Ali could not bring himself to present the truth of the Quran, if it exposed his corrupted belief."
25,appendix-1,1. One of the Great Miracles [74:35],appendix_1.pdf,https://www.masjidtucson.org/quran/appendices/appendix1.html,25,paragraph,,"Marmaduke Pickthall translated ""ALONE” correctly, but destroyed the criterion by inserting his personal belief in parentheses; he translated 39:45 as follows:"
26,appendix-1,1. One of the Great Miracles [74:35],appendix_1.pdf,https://www.masjidtucson.org/quran/appendices/appendix1.html,26,table,,"And when Allah alone is mentioned, the hearts of those who believe not in the Hereafter are repelled, and when those (whom they worship) beside Him are mentioned, behold! they are glad. [39:45] (according to Marmaduke Pickthal)"
27,appendix-1,1. One of the Great Miracles [74:35],appendix_1.pdf,https://www.masjidtucson.org/quran/appendices/appendix1.html,27,paragraph,,"When I saw the truth of God's word thus distorted, I decided to translate the Quran, at least for the benefit of my own children. Since I was a chemist by profession, and despite my extensive religious background — my father was a renowned Sufi leader in Egypt — I vowed to God that I would not move from one verse to the next unless I fully understood it."
28,appendix-1,1. One of the Great Miracles [74:35],appendix_1.pdf,https://www.masjidtucson.org/quran/appendices/appendix1.html,28,paragraph,,"I purchased all the available books of Quranic translations and exegeses (Tafseer) I could find, placed them on a large table, and began my translation. The first sura, The Key, was completed in a few days. The first verse in Sura 2 is ""A.L.M.” The translation of this verse took four years, and coincided with the divine unveiling of ""the secret,” the great mathematical Miracle of the Quran."
29,appendix-1,1. One of the Great Miracles [74:35],appendix_1.pdf,https://www.masjidtucson.org/quran/appendices/appendix1.html,29,paragraph,,"The books of Quranic exegeses unanimously agreed that ""no one knows the meaning or significance of the Quranic Initials A.L.M., or any other initials.” I decided to write the Quran into the computer, analyze the whole text, and see if there were any mathematical correlations among these Quranic initials."
30,appendix-1,1. One of the Great Miracles [74:35],appendix_1.pdf,https://www.masjidtucson.org/quran/appendices/appendix1.html,30,paragraph,,"I used a time-share terminal, connected by telephone to a giant computer. To test my hypothesis, I decided to look at the single-lettered Quranic Initials — ""Q” (Qaaf) of Suras 42 and 50, ""S” (Saad) of Suras 7, 19, and 38, and ""N” (Noon) of Sura 68. As detailed in my first book MIRACLE OF THE QURAN: SIGNIFICANCE OF THE MYSTERIOUS ALPHABETS (Islamic Productions, 1973), many previous attempts to unravel the mystery had failed."
31,appendix-1,1. One of the Great Miracles [74:35],appendix_1.pdf,https://www.masjidtucson.org/quran/appendices/appendix1.html,31,heading,2,"The Quranic Initial ""Q” (Qaaf)"
32,appendix-1,1. One of the Great Miracles [74:35],appendix_1.pdf,https://www.masjidtucson.org/quran/appendices/appendix1.html,32,paragraph,,"The computer data showed that the text of the only Q-initialed suras, 42 and 50, contained the same number of Q's, 57 and 57. That was the first hint that a deliberate mathematical system may exist in the Quran."
33,appendix-1,1. One of the Great Miracles [74:35],appendix_1.pdf,https://www.masjidtucson.org/quran/appendices/appendix1.html,33,paragraph,,"Sura 50 is entitled ""Q,” prefixed with ""Q,” and the first verse reads, ""Q, and the glorious Quran.” This indicated that ""Q” stands for ""Quran,” and the total number of Q's in the two Q-initialed suras represents the Quran's 114 suras (57+57 = 114 = 19x6). This idea was strengthened by the fact that ""the Quran” occurs in the Quran 57 times."
34,appendix-1,1. One of the Great Miracles [74:35],appendix_1.pdf,https://www.masjidtucson.org/quran/appendices/appendix1.html,34,paragraph,,"The Quran is described in Sura ""Q” as ""Majid” (glorious), and the Arabic word ""Majid” has a gematrical value of 57: M (40)+J (3)+I (10)+D (4) = 57."
35,appendix-1,1. One of the Great Miracles [74:35],appendix_1.pdf,https://www.masjidtucson.org/quran/appendices/appendix1.html,35,paragraph,,"Sura 42 consists of 53 verses, and 42+53 = 95 = 19x5."
36,appendix-1,1. One of the Great Miracles [74:35],appendix_1.pdf,https://www.masjidtucson.org/quran/appendices/appendix1.html,36,paragraph,,"Sura 50 consists of 45 verses, and 50+45 = 95, same total as in Sura 42."
37,appendix-1,1. One of the Great Miracles [74:35],appendix_1.pdf,https://www.masjidtucson.org/quran/appendices/appendix1.html,37,paragraph,,"By counting the letter ""Q” in every ""Verse 19” throughout the Quran, the total count comes to 76, 19x4. Here is a summary of the Q-related data:"
38,appendix-1,1. One of the Great Miracles [74:35],appendix_1.pdf,https://www.masjidtucson.org/quran/appendices/appendix1.html,38,list,,"The frequency of occurrence of ""Q"" in Sura ""Q"" (No. 50) is 57, 19x3. The letter ""Q"" occurs in the other Q-initialed sura (No. 42) exactly the same number of times, 57. The total occurrence of the letter ""Q"" in the two Q-initialed suras is 114, which equals the number of suras in the Quran. ""The Quran"" is mentioned in the Quran 57 times. The description of the Quran as ""Majid"" (Glorious) is correlated with the frequency of occurrence of the letter ""Q"" in each of the Q-initialed suras. The word ""Majid"" has a gematrical value of 57. Sura 42 consists of 53 verses, and 42+53 is 95, or 19x5. Sura 50 consists of 45 verses, and 50+45 is also 95, 19x5. The number of Q's in all verses numbered ""19"" throughout the Quran is 76, 19x4."
39,appendix-1,1. One of the Great Miracles [74:35],appendix_1.pdf,https://www.masjidtucson.org/quran/appendices/appendix1.html,39,paragraph,,"Glimpses of the Quran's mathematical composition began to emerge. For example, it was observed that the people who disbelieved in Lot are mentioned in 50:13 and occur in the Quran 13 times — 7:80; 11:70, 74, 89; 21:74; 22:43; 26:160; 27:54, 56; 29:28; 38:13; 50:13; and 54:33. Consistently, they are referred to as “Qawm,” with the single exception of the Q-initialed Sura 50 where they are referred to as “Ikhwaan.” Obviously, if the regular, Q-containing word “Qawm” were used, the count of the letter “Q” in Sura 50 would have become 58, and this whole phenomenon would have disappeared. With the recognized absolute accuracy of mathematics, the alteration of a single letter destroys the system."
40,appendix-1,1. One of the Great Miracles [74:35],appendix_1.pdf,https://www.masjidtucson.org/quran/appendices/appendix1.html,40,paragraph,,"Another relevant example is the reference to Mecca in 3:96 as “Becca!"" This strange spelling of the renowned city has puzzled Islamic scholars for many centuries. Although Mecca is mentioned in the Quran properly spelled in 48:24, the letter “M” is substituted with a “B” in 3:96. It turns out that Sura 3 is an M-initialed sura, and the count of the letter “M” would have deviated from the Quran's code if “Mecca” was spelled correctly in 3:96."
41,appendix-1,1. One of the Great Miracles [74:35],appendix_1.pdf,https://www.masjidtucson.org/quran/appendices/appendix1.html,41,heading,2,NuN (Noon)
42,appendix-1,1. One of the Great Miracles [74:35],appendix_1.pdf,https://www.masjidtucson.org/quran/appendices/appendix1.html,42,paragraph,,"This initial is unique; it occurs in one sura, 68, and the name of the letter is spelled out as three letters — Noon Wow Noon — in the original text, and is therefore counted as two N's. The total count of this letter in the N-initialed sura is 133, 19x7."
43,appendix-1,1. One of the Great Miracles [74:35],appendix_1.pdf,https://www.masjidtucson.org/quran/appendices/appendix1.html,43,paragraph,,"The fact that ""N” is the last Quranic Initial (see Table 1) brings out a number of special observations. For example, the number of verses from the first Quranic Initial (A.L.M. of 2:1) to the last initial (N. of 68:1) is 5263, or 19x277."
44,appendix-1,1. One of the Great Miracles [74:35],appendix_1.pdf,https://www.masjidtucson.org/quran/appendices/appendix1.html,44,paragraph,,"The word ""God” (Allah) occurs 2641 (19x139) times between the first initial and the last initial. Since the total occurrence of the word ""God” is 2698, it follows that its occurrence outside the initials ""A.L.M.” of 2:1 on one side, and the initial ""N” of 68:1 on the other side, is 57, 19x3. Tables 9 to 18 prove that the initial ""NuN” must be spelled out to show two N's."
45,appendix-1,1. One of the Great Miracles [74:35],appendix_1.pdf,https://www.masjidtucson.org/quran/appendices/appendix1.html,45,heading,2,S (Saad)
46,appendix-1,1. One of the Great Miracles [74:35],appendix_1.pdf,https://www.masjidtucson.org/quran/appendices/appendix1.html,46,paragraph,,"This initial prefixes three suras, 7, 19, and 38, and the total occurrence of the letter ""S” (Saad) in these three suras is 152, 19x8 (Table 2). It is noteworthy that in 7:69, the word ""Bastatan” is written in some printings with a ""Saad,” instead of ""Seen.”"
47,appendix-1,1. One of the Great Miracles [74:35],appendix_1.pdf,https://www.masjidtucson.org/quran/appendices/appendix1.html,47,paragraph,,"Table 2: The Frequency of Occurrence of the Letter ""S"" in the Saad-initialed Suras"
48,appendix-1,1. One of the Great Miracles [74:35],appendix_1.pdf,https://www.masjidtucson.org/quran/appendices/appendix1.html,48,table,,"Sura No. Frequency of The letter ""S"" 7 97 19 26 38 29 152 (19x8)"
49,appendix-1,1. One of the Great Miracles [74:35],appendix_1.pdf,https://www.masjidtucson.org/quran/appendices/appendix1.html,49,paragraph,,"This is an erroneous distortion that violates the Quran's code. By looking at the oldest available copy of the Quran, the Tashkent Copy, it was found that the word “Bastatan” is correctly written with a “Seen” (see photocopy below)."
50,appendix-1,1. One of the Great Miracles [74:35],appendix_1.pdf,https://www.masjidtucson.org/quran/appendices/appendix1.html,50,image,,Photocopy from the Tashkent Quran
51,appendix-1,1. One of the Great Miracles [74:35],appendix_1.pdf,https://www.masjidtucson.org/quran/appendices/appendix1.html,51,heading,3,Historical Note
52,appendix-1,1. One of the Great Miracles [74:35],appendix_1.pdf,https://www.masjidtucson.org/quran/appendices/appendix1.html,52,paragraph,,"The momentous discovery that ""19” is the Quran's common denominator became a reality in January 1974, coinciding with Zul-Hijjah 1393 A.H. The Quran was revealed in 13 B.H. (Before Hijrah). This makes the number of years from the revelation of the Quran to the revelation of its miracle 1393 + 13 = 1406 = 19x74. As noted above, the unveiling of the Miracle took place in January 1974. The correlation between 19x74 lunar years and 1974 solar years could not escape notice. This is especially uncanny in view of the fact that ""19” is mentioned in Sura 74."
53,appendix-1,1. One of the Great Miracles [74:35],appendix_1.pdf,https://www.masjidtucson.org/quran/appendices/appendix1.html,53,heading,2,Y. S. (Ya Seen)
54,appendix-1,1. One of the Great Miracles [74:35],appendix_1.pdf,https://www.masjidtucson.org/quran/appendices/appendix1.html,54,paragraph,,"These two letters prefix Sura 36. The letter ""Y” occurs in this sura 237 times, while the letter ""S” (Seen) occurs 48 times. The total of both letters is 285, 19x15."
55,appendix-1,1. One of the Great Miracles [74:35],appendix_1.pdf,https://www.masjidtucson.org/quran/appendices/appendix1.html,55,paragraph,,"It is noteworthy that the letter “Y” is written in the Quran in two forms; one is obvious and the other is subtle. The subtle form of the letter may be confusing to those who are not thoroughly familiar with the Arabic language. A good example is the word ""Araany "" which is mentioned twice in 12:36. The letter “Y” is used twice in this word, the first “Y” is subtle and the second is obvious. Sura 36 does not contain a single “Y” of the subtle type. This is a remarkable phenomenon, and one that does not normally occur in a long sura like Sura 36. In my book QURAN: VISUAL PRESENTATION OF THE MIRACLE (Islamic Productions, 1982) every “Y” and “S” in Sura 36 is marked with a star."
56,appendix-1,1. One of the Great Miracles [74:35],appendix_1.pdf,https://www.masjidtucson.org/quran/appendices/appendix1.html,56,image,,Araany Arabic
57,appendix-1,1. One of the Great Miracles [74:35],appendix_1.pdf,https://www.masjidtucson.org/quran/appendices/appendix1.html,57,heading,2,H.M. (Ha Mim)
58,appendix-1,1. One of the Great Miracles [74:35],appendix_1.pdf,https://www.masjidtucson.org/quran/appendices/appendix1.html,58,paragraph,,"Seven suras are prefixed with the letters “H ” and “M ;” Suras 40 through 46. The total occurrence of these two letters in the seven H.M.-initialed suras is 2147, or 19x113. The detailed data are shown in Table 3."
59,appendix-1,1. One of the Great Miracles [74:35],appendix_1.pdf,https://www.masjidtucson.org/quran/appendices/appendix1.html,59,image,,Arabic Ha
60,appendix-1,1. One of the Great Miracles [74:35],appendix_1.pdf,https://www.masjidtucson.org/quran/appendices/appendix1.html,60,image,,Arabic Mim
61,appendix-1,1. One of the Great Miracles [74:35],appendix_1.pdf,https://www.masjidtucson.org/quran/appendices/appendix1.html,61,paragraph,,"Naturally, the alteration of a single letter “H” or “M” in any of the seven H.M.-initialed suras would have destroyed this intricate phenomenon."
62,appendix-1,1. One of the Great Miracles [74:35],appendix_1.pdf,https://www.masjidtucson.org/quran/appendices/appendix1.html,62,paragraph,,"Table 3: Occurrence of the Letters ""H"" and ""M"" in the Seven H.M.-Initialed Suras"
63,appendix-1,1. One of the Great Miracles [74:35],appendix_1.pdf,https://www.masjidtucson.org/quran/appendices/appendix1.html,63,table,,"Sura Frequency of Occurrence No. ""H"" ""M"" ""H+M"" 40 64 380 444 41 48 276 324 42 53 300 353 43 44 324 368 44 16 150 166 45 31 200 231 46 36 225 261 292 1855 2147 (19x113)"
64,appendix-1,1. One of the Great Miracles [74:35],appendix_1.pdf,https://www.masjidtucson.org/quran/appendices/appendix1.html,64,heading,2,`A.S.Q. (`Ayn Seen Qaf)
65,appendix-1,1. One of the Great Miracles [74:35],appendix_1.pdf,https://www.masjidtucson.org/quran/appendices/appendix1.html,65,paragraph,,"These initials constitute Verse 2 of Sura 42, and the total occurrence of these letters in this sura is 209, or 19x11. The letter “ `A” (`Ayn) occurs 98 times, the letter “S” (Seen) occurs 54 times, and the letter “Q” (Qaf) occurs 57 times."
66,appendix-1,1. One of the Great Miracles [74:35],appendix_1.pdf,https://www.masjidtucson.org/quran/appendices/appendix1.html,66,heading,2,A.L.M. (Alef Laam Mim)
67,appendix-1,1. One of the Great Miracles [74:35],appendix_1.pdf,https://www.masjidtucson.org/quran/appendices/appendix1.html,67,paragraph,,"The letters “A,” “L,” and “M” are the most frequently used letters in the Arabic language, and in the same order as we see in the Quranic Initials — “A,” then “L,” then “M.” These letters prefix six suras — 2, 3, 29, 30, 31, and 32 — and the total occurrence of the three letters in each of the six suras is a multiple of 19 [9899 (19x521), 5662 (19x 298), 1672 (19x88), 1254 (19x66), 817 (19x43), and 570 (19x30), respectively]. Thus, the total occurrence of the three letters in the six suras is 19874 (19x 1046), and the alteration of one of these letters destroys this phenomenon."
68,appendix-1,1. One of the Great Miracles [74:35],appendix_1.pdf,https://www.masjidtucson.org/quran/appendices/appendix1.html,68,paragraph,,"Table 4: Occurrence of the Letters ""A,"" ""L,"" and ""M"" in the A.L.M.-Initialed Suras."
69,appendix-1,1. One of the Great Miracles [74:35],appendix_1.pdf,https://www.masjidtucson.org/quran/appendices/appendix1.html,69,table,,"Sura Frequency of Occurrence No. ""A"" ""L"" ""M"" Total 2 4502 3202 2195 9899 (19x521) 3 2521 1892 1249 5662 (19x298) 29 774 554 344 1672 (19x88) 30 544 393 317 1254 (19x66) 31 347 297 173 817 (19x43) 32 257 155 158 570 (19x30) 8945 6493 4436 19874 (19x1046)"
70,appendix-1,1. One of the Great Miracles [74:35],appendix_1.pdf,https://www.masjidtucson.org/quran/appendices/appendix1.html,70,heading,2,A.L.R. (Alef Laam Ra)
71,appendix-1,1. One of the Great Miracles [74:35],appendix_1.pdf,https://www.masjidtucson.org/quran/appendices/appendix1.html,71,paragraph,,"These initials are found in Suras 10, 11, 12, 14, and 15. The total occurrences of these letters in these suras are 2489 (19x131), 2489 (19x131), 2375 (19x 125), 1197 (19x63), and 912 (19x48), respectively (Table 5)."
72,appendix-1,1. One of the Great Miracles [74:35],appendix_1.pdf,https://www.masjidtucson.org/quran/appendices/appendix1.html,72,paragraph,,"Table 5: Occurrence of the Letters ""A,"" ""L,"" and ""R"" in the A.L.R.-Initialed Suras"
73,appendix-1,1. One of the Great Miracles [74:35],appendix_1.pdf,https://www.masjidtucson.org/quran/appendices/appendix1.html,73,table,,"Sura Frequency of Occurrence No. ""A"" ""L"" ""R"" Total 10 1319 913 257 2489 (19x131) 11 1370 794 325 2489 (19x131) 12 1306 812 257 2375 (19x125) 14 585 452 160 1197 (19x63) 15 493 323 96 912 (19x48) 5073 3294 1095 9462 (19x498)"
74,appendix-1,1. One of the Great Miracles [74:35],appendix_1.pdf,https://www.masjidtucson.org/quran/appendices/appendix1.html,74,heading,2,A.L.M.R. (Alef Laam Mim Ra)
75,appendix-1,1. One of the Great Miracles [74:35],appendix_1.pdf,https://www.masjidtucson.org/quran/appendices/appendix1.html,75,paragraph,,"These initials prefix one sura, No. 13, and the total frequency of occurrence of the four letters is 1482, or 19x78. The letter “A” occurs 605 times, “L” occurs 480 times, “M” occurs 260 times, and “R” occurs 137 times."
76,appendix-1,1. One of the Great Miracles [74:35],appendix_1.pdf,https://www.masjidtucson.org/quran/appendices/appendix1.html,76,heading,2,A.L.M.S. (Alef Laam Mim Saad)
77,appendix-1,1. One of the Great Miracles [74:35],appendix_1.pdf,https://www.masjidtucson.org/quran/appendices/appendix1.html,77,paragraph,,"Only one sura is prefixed with these initials, Sura 7, and the letter “A” occurs in this sura 2529 times, “L” occurs 1530 times, “M” occurs 1164 times, and “S” (Saad) occurs 97 times. Thus, the total occurrence of the four letters in this sura is 2529+1530+1164+97 = 5320 = 19x280."
78,appendix-1,1. One of the Great Miracles [74:35],appendix_1.pdf,https://www.masjidtucson.org/quran/appendices/appendix1.html,78,paragraph,,"An important observation here is the interlocking relationship involving the letter “S” (Saad). This letter occurs also in Suras 19 and 38. While complementing its sister letters in Sura 7 to give a total that is divisible by 19, the frequency of this letter also complements its sister letters in Suras 19 and 38 to give a multiple of 19 (see Page 380)."
79,appendix-1,1. One of the Great Miracles [74:35],appendix_1.pdf,https://www.masjidtucson.org/quran/appendices/appendix1.html,79,paragraph,,"Additionally, the Quranic Initial “S” (Saad) interacts with the Quranic Initials “K.H.Y. `A.” (Kaaf Ha Ya `Ayn) in Sura 19 to give another total that is also a multiple of 19 (see Page 383). This interlocking relationship — which is not unique to the initial “S” (Saad) — contributes to the intricacy of the Quran's numerical code."
80,appendix-1,1. One of the Great Miracles [74:35],appendix_1.pdf,https://www.masjidtucson.org/quran/appendices/appendix1.html,80,heading,2,K.H.Y.`A.S. (Kaaf Ha Ya `Ayn Saad)
81,appendix-1,1. One of the Great Miracles [74:35],appendix_1.pdf,https://www.masjidtucson.org/quran/appendices/appendix1.html,81,paragraph,,"This is the longest set of initials, consisting of five letters, and it occurs in one sura, Sura 19. The letter “K” in Sura 19 occurs 137 times, “H” occurs 175 times, “Y” occurs 343 times, “ `A” occurs 117 times, and “S” (Saad) occurs 26 times. Thus, the total occurrence of the five letters is 137+175+343+117+26 = 798 = 19x42."
82,appendix-1,1. One of the Great Miracles [74:35],appendix_1.pdf,https://www.masjidtucson.org/quran/appendices/appendix1.html,82,heading,2,"H., T.H. (Ta Ha), T.S. (Ta Seen), & T.S.M. (Ta Seen Mim)"
83,appendix-1,1. One of the Great Miracles [74:35],appendix_1.pdf,https://www.masjidtucson.org/quran/appendices/appendix1.html,83,paragraph,,"An intricate interlocking relationship links these overlapping Quranic Initials to produce a total that is also a multiple of 19. The initial “H.” is found in Suras 19 and 20. The initials “T.H.” prefix Sura 20. The initials “T.S.” are found in Sura 27, while the initials “T.S.M.” prefix its surrounding Suras 26 & 28."
84,appendix-1,1. One of the Great Miracles [74:35],appendix_1.pdf,https://www.masjidtucson.org/quran/appendices/appendix1.html,84,paragraph,,"It should be noted at this time that the longer, more complex, interlocking and overlapping initials are found in the suras where uncommonly powerful miracles are narrated. For example, the virgin birth of Jesus is given in Sura 19, which is prefixed with the longest set of initials, K.H.Y.`A.S."
85,appendix-1,1. One of the Great Miracles [74:35],appendix_1.pdf,https://www.masjidtucson.org/quran/appendices/appendix1.html,85,paragraph,,"The interlocking initials “H.,” “T.H.,” “T.S.,” and “T.S.M.” prefix suras describing the miracles of Moses, Jesus, and the uncommon occurrences surrounding Solomon and his jinns. God thus provides stronger evidence to support stronger miracles. The frequencies of occurrence of these initials are presented in Table 6."
86,appendix-1,1. One of the Great Miracles [74:35],appendix_1.pdf,https://www.masjidtucson.org/quran/appendices/appendix1.html,86,paragraph,,"Table 6: Occurrence of the Quranic Initials ""H.,"" ""T.H.,"" ""T.S.,"" and ""T.S.M."" in Their Suras"
87,appendix-1,1. One of the Great Miracles [74:35],appendix_1.pdf,https://www.masjidtucson.org/quran/appendices/appendix1.html,87,table,,"Sura Frequency of ""H"" ""T"" ""S"" ""M"" 19 175 — — — 20 251 28 — — 26 — 33 94 484 27 — 27 94 - 28 — 19 102 460 426 107 290 944 426+107+290+944 = 1767 = (19x93)"
88,appendix-1,1. One of the Great Miracles [74:35],appendix_1.pdf,https://www.masjidtucson.org/quran/appendices/appendix1.html,88,heading,2,What Is A “Gematrical Value”?
89,appendix-1,1. One of the Great Miracles [74:35],appendix_1.pdf,https://www.masjidtucson.org/quran/appendices/appendix1.html,89,paragraph,,"When the Quran was revealed, 14 centuries ago, the numbers known today did not exist. A universal system was used where the letters of the Arabic, Hebrew, Aramaic, and Greek alphabets were used as numerals. The number assigned to each letter is its “Gematrical Value.” The numerical values of the Arabic alphabet are shown in Table 7."
90,appendix-1,1. One of the Great Miracles [74:35],appendix_1.pdf,https://www.masjidtucson.org/quran/appendices/appendix1.html,90,paragraph,,Table 7: Gematrical Values of the Arabic Alphabet
91,appendix-1,1. One of the Great Miracles [74:35],appendix_1.pdf,https://www.masjidtucson.org/quran/appendices/appendix1.html,91,image,,Gematrical Values
92,appendix-1,1. One of the Great Miracles [74:35],appendix_1.pdf,https://www.masjidtucson.org/quran/appendices/appendix1.html,92,heading,3,Other Mathematical Properties of the Initialed Suras
93,appendix-1,1. One of the Great Miracles [74:35],appendix_1.pdf,https://www.masjidtucson.org/quran/appendices/appendix1.html,93,paragraph,,"Fourteen Arabic letters, half the Arabic alphabet, participate in the formation of 14 different sets of Quranic Initials. By adding the gematrical value of each one of these letters, plus the number of suras which are prefixed with Quranic Initials (29), we obtain a total of 722, or 19x19x2."
94,appendix-1,1. One of the Great Miracles [74:35],appendix_1.pdf,https://www.masjidtucson.org/quran/appendices/appendix1.html,94,paragraph,,"Additionally, if we add the total gematrical value of all 14 initials, plus the number of the first sura where the initial occurs, we get a grand total of 988, 19x52. Table 8 presents these data."
95,appendix-1,1. One of the Great Miracles [74:35],appendix_1.pdf,https://www.masjidtucson.org/quran/appendices/appendix1.html,95,paragraph,,Table 8: The 14 Letters Used in Forming Quranic Initials
96,appendix-1,1. One of the Great Miracles [74:35],appendix_1.pdf,https://www.masjidtucson.org/quran/appendices/appendix1.html,96,table,,Letter Value First Sura A (Alef) 1 2 L (Laam) 30 2 M (Mim) 40 2 S (Saad) 90 7 R (Ra) 200 10 K (Kaf) 20 19 H (Ha) 5 19 Y (Ya) 10 19 `A (`Ayn) 70 19 T (Ta) 9 20 S (Seen) 60 26 H (HHa) 8 40 Q (Qaf) 100 42 N (Noon) 50 68 693 295 693 + 295 = 988 = 19x52 also 693 + 29 (suras) = 722 = 19x19x2
97,appendix-1,1. One of the Great Miracles [74:35],appendix_1.pdf,https://www.masjidtucson.org/quran/appendices/appendix1.html,97,paragraph,,"If we add the number of occurrences of each of the 14 letters listed in Table 8 as an initial, plus the numbers of the suras where it occurs as an initial, the Grand Total comes to 2033, 19x107. See Table 9."
98,appendix-1,1. One of the Great Miracles [74:35],appendix_1.pdf,https://www.masjidtucson.org/quran/appendices/appendix1.html,98,paragraph,,Table 9: Mathematically Structured Distribution of the Quranic Initials
99,appendix-1,1. One of the Great Miracles [74:35],appendix_1.pdf,https://www.masjidtucson.org/quran/appendices/appendix1.html,99,table,,Initial Number of Occurrences Suras Where It Occurs Total A (Alef) 13 [+ 2 + 3 + 7 + 10 + 11 + 12 + 13 + 14 + 15 + 29 + 30 + 31 + 32] 222 L (Laam) 13 [+ 2 + 3 + 7 + 10 + 11 + 12 + 13 + 14 + 15 + 29 + 30 + 31 + 32] 222 M (Mim) 17 [+ 2 + 3 + 7 + 13 + 26 + 28 + 29 + 30 + 31 + 32 + 40 + 41 + 42 + 43 + 44 + 45 + 46] 519 S (Saad) 3 + 7 + 19 + 38 67 R (Ra) 6 + 10 + 11 + 12 + 13 + 14 + 15 81 K (Kaf) 1 + 19 20 H (Ha) 2 + 19 + 20 41 Y (Ya) 2 + 19 + 36 57 `A (`Ayn) 2 + 19 + 42 63 T (Ta) 4 + 20 + 26 + 27 + 28 105 S (Seen) 5 + 26 + 27 + 28 + 36 + 42 164 H (HHa) 7 + 40 + 41 + 42 + 43 + 44 + 45 + 46 308 Q (Qaf) 2 +42+50 94 N (Noon) 2 +68 70 79 1954 2033 (19x107)
100,appendix-1,1. One of the Great Miracles [74:35],appendix_1.pdf,https://www.masjidtucson.org/quran/appendices/appendix1.html,100,paragraph,,"Table 10 presents the total frequency of Quranic Initials, plus the total gematrical value of these letters in the whole sura. The Grand Total for all initialed suras is 1089479. This number, in excess of one million, is a multiple of 19 (1089479 = 19 x 57341). The slightest alteration or distortion destroys the system."
101,appendix-1,1. One of the Great Miracles [74:35],appendix_1.pdf,https://www.masjidtucson.org/quran/appendices/appendix1.html,101,paragraph,,Note: The total gematrical value of the Quranic Initials in a given sura equals the gematrical value of each initial multiplied by the frequency of occurrence of that initial in the sura.
102,appendix-1,1. One of the Great Miracles [74:35],appendix_1.pdf,https://www.masjidtucson.org/quran/appendices/appendix1.html,102,heading,3,"Major Parameters of the Quranic Initials (Suras, Verses, Frequency, First Sura, & Last Sura)"
103,appendix-1,1. One of the Great Miracles [74:35],appendix_1.pdf,https://www.masjidtucson.org/quran/appendices/appendix1.html,103,paragraph,,Table 10: Total Gematrical Values of All Quranic Initials In Their Suras
104,appendix-1,1. One of the Great Miracles [74:35],appendix_1.pdf,https://www.masjidtucson.org/quran/appendices/appendix1.html,104,table,,"Suras Initials Frequency of Initials Total Value in Whole Sura 2 A.L.M. 9899 188362 3 A.L.M. 5662 109241 7 A.L.M.S 5320 103719 10 A.L.R. 2489 80109 11 A.L.R. 2489 90190 12 A.L.R. 2375 77066 13 A.L.M.R. 1482 52805 14 A.L.R. 1197 46145 15 A.L.R. 912 29383 19 K.H.Y.`A.S. 798 17575 20 T.H. 279 1507 26 T.S.M. 611 25297 27 T.S. 121 5883 28 T.S.M. 581 24691 29 A.L.M. 1672 31154 30 A.L.M. 1254 25014 31 A.L.M. 817 16177 32 A.L.M. 570 11227 36 Y.S. 285 5250 38 S. 29 2610 40 H.M. 444 15712 41 H.M. 324 11424 42 H.M.-`A.S.Q. 562 28224 43 H.M. 368 13312 44 H.M. 166 6128 45 H.M. 231 8248 46 H.M. 261 9288 50 Q 57 5700 68 N,N 133 6650 41388 1048091 41388 + 1048091 = 1089479 (19 x 57341)"
105,appendix-1,1. One of the Great Miracles [74:35],appendix_1.pdf,https://www.masjidtucson.org/quran/appendices/appendix1.html,105,paragraph,,It is noteworthy that the initial “N” must be counted as two N's. This reflects the fact that the original Quranic text spells out this initial with 2 N's.
106,appendix-1,1. One of the Great Miracles [74:35],appendix_1.pdf,https://www.masjidtucson.org/quran/appendices/appendix1.html,106,paragraph,,Table 11: Parameters of the 14 Individual Quranic Initials
107,appendix-1,1. One of the Great Miracles [74:35],appendix_1.pdf,https://www.masjidtucson.org/quran/appendices/appendix1.html,107,table,,"Initial Sura , Verse, & (Frequency) of Initial in Each Sura First Sura Last Sura A (Alef) 2:1 (4502), 3:1 (2521), 7:1 (2529), 10:1 (1319) 11:1 (1370), 12:1 (1306), 13:1 (605), 14:1 (585), 15:1 (493), 29:1 (774), 30:1 (544), 31:1 (347), 32:1 (257) 2 32 L (Laam) 2:1 (3202), 3:1 (1892), 7:1 (1530), 10:1 (913), 11:1 (794), 12:1 (812), 13:1 (480), 14:1 (452), 15:1 (323), 29:1 (554), 30:1 (393), 31:1 (297), 32:1 (155) 2 32 M (Mim) 2:1 (2195), 3:1 (1249), 7:1 (1164), 13:1 (260) 26:1 (484), 28:1 (460), 29:1 (344), 30:1 (317), 31:1 (173), 32:1 (158), 40:1 (380), 41:1 (276), 42:1 (300), 43:1 (324), 44:1 (150), 45:1 (200), 46:1 (225) 2 46 S (Saad) 7:1 (97), 19:1 (26), 38:1 (29) 7 38 R (Ra) 10:1 (257), 11:1 (325), 12:1 (257), 13:1 (137), 14:1 (160), 15:1 (96) 10 15 K (Kaf) 19:1 (137) 19 19 H (Ha) 19:1 (175), 20:1 (251) 19 20 Y (Ya) 19:1 (343), 36:1 (237) 19 36 `A (`Ayn) 19:1 (117), 42:2 (98) 19 42 T (Ta) 20:1 (28), 26:1 (33), 27:1 (27), 28:1 (19) 20 28 S (Seen) 26:1 (94), 27:1 (94), 28:1 (102), 36:1 (48), 42:2 (54) 26 42 H (HHa) 40:1 (64), 41:1 (48), 42:1 (53), 43:1 (44) 44:1 (16), 45:1 (31), 46:1 (36) 40 46 Q (Qaf) 42:2 (57), 50:1 (57) 42 50 N (NuN) 68:1 (133) 68 68 43423 295 514 Grand Total = 43423+295+514 = 44232 = 19x2328."
108,appendix-1,1. One of the Great Miracles [74:35],appendix_1.pdf,https://www.masjidtucson.org/quran/appendices/appendix1.html,108,paragraph,,"A special mathematical coding authenticates the number of verses where the Quranic Initials themselves are found. As detailed in Table 11, all Quranic Initials occur in Verse 1, except in Sura 42 (initials in Verses 1 and 2). This fact is supported by the remarkable mathematical phenomenon detailed in Table 12. If we multiply the first two columns of Table 12, instead of adding, we still end up with a Total that is divisible by 19 (see Table 13)."
109,appendix-1,1. One of the Great Miracles [74:35],appendix_1.pdf,https://www.masjidtucson.org/quran/appendices/appendix1.html,109,paragraph,,Table 12: Mathematical Coding of the Number of Verses with Initials
110,appendix-1,1. One of the Great Miracles [74:35],appendix_1.pdf,https://www.masjidtucson.org/quran/appendices/appendix1.html,110,table,,Sura No. No. of Initials Initialed Verses 2 3 1 3 3 1 7 4 1 10 3 1 11 3 1 12 3 1 13 4 1 14 3 1 15 3 1 19 5 1 20 2 1 26 3 1 27 2 1 28 3 1 29 3 1 30 3 1 31 3 1 32 3 1 36 2 1 38 1 1 40 2 1 41 2 1 42 5 2 43 2 1 44 2 1 45 2 1 46 2 1 50 1 1 68 2 1 822 79 30 822 + 79 + 30 = 931 (19x49)
111,appendix-1,1. One of the Great Miracles [74:35],appendix_1.pdf,https://www.masjidtucson.org/quran/appendices/appendix1.html,111,paragraph,,"Table 13: Multiplying the First Two Columns of Table 12, Instead of Adding"
112,appendix-1,1. One of the Great Miracles [74:35],appendix_1.pdf,https://www.masjidtucson.org/quran/appendices/appendix1.html,112,table,,Sura No. No. of Initials Number of Initialed Verses 2 3 1 3 3 1 7 4 1 - - - 42 5 2 - - - 50 1 1 68 2 1 2022 30 2022 + 30 = 2052 (19x108)
113,appendix-1,1. One of the Great Miracles [74:35],appendix_1.pdf,https://www.masjidtucson.org/quran/appendices/appendix1.html,113,paragraph,,"Obviously, it is crucial to have two different initialed verses in Sura 42 in order to conform with the Quran's mathematical code. The fact that Verse 1 of Sura 42 consists of the two Quranic Initials “H.M.” and the second verse consists of the three Initials “ `A.S.Q.” has perplexed Muslim scholars and orientalists for 14 centuries."
114,appendix-1,1. One of the Great Miracles [74:35],appendix_1.pdf,https://www.masjidtucson.org/quran/appendices/appendix1.html,114,paragraph,,"By the end of this Appendix, the reader will see that every element of the Quran is mathematically authenticated. The elements we are dealing with now are “the number of Quranic Initials in each initialed sura” and “the number of verses that contain Quranic Initials.” Tables 11 through 13 have dealt with these two elements."
115,appendix-1,1. One of the Great Miracles [74:35],appendix_1.pdf,https://www.masjidtucson.org/quran/appendices/appendix1.html,115,paragraph,,"Additional mathematical authentication is shown in Tables 14 and 15. In Table 14, we have the numbers of all initialed suras added to the number of verses in each sura, plus the number of verses containing initials, plus the gematrical values of those initials. The Grand Total is 7030, or 19x370."
116,appendix-1,1. One of the Great Miracles [74:35],appendix_1.pdf,https://www.masjidtucson.org/quran/appendices/appendix1.html,116,paragraph,,Table 14: Mathematical Properties of the Initialed Suras
117,appendix-1,1. One of the Great Miracles [74:35],appendix_1.pdf,https://www.masjidtucson.org/quran/appendices/appendix1.html,117,table,,Sura Number Number of Verses Number of Initialed Verses Gematrical Value of the Initials TOTAL 2 286 1 71 360 3 200 1 71 275 7 206 1 161 375 10 109 1 231 351 11 123 1 231 366 12 111 1 231 355 13 43 1 271 328 14 52 1 231 298 15 99 1 231 346 19 98 1 195 313 20 135 1 14 170 26 227 1 109 363 27 93 1 69 190 28 88 1 109 226 29 69 1 71 170 30 60 1 71 162 31 34 1 71 137 32 30 1 71 134 36 83 1 70 190 38 88 1 90 217 40 85 1 48 174 41 54 1 48 144 42 53 2 278 375 43 89 1 48 181 44 59 1 48 152 45 37 1 48 131 46 35 1 48 130 50 45 1 100 196 68 52 1 50 + 50 221 822 + 2743 + 30 + 3435 = 7030 (19x370)
118,appendix-1,1. One of the Great Miracles [74:35],appendix_1.pdf,https://www.masjidtucson.org/quran/appendices/appendix1.html,118,paragraph,,"The number of verses per sura, and the numbers assigned to each verse are among the basic elements of the Quran. Not only are these elements authenticated mathematically, but both initialed and un-initialed suras are independently coded. Since we are now dealing with the initialed suras, Table 16 presents the numbers assigned to these suras, added to the numbers of verses in each sura, plus the sum of verse numbers (1+2+3+ ... + n). The Grand total is 190133, or 19x10007."
119,appendix-1,1. One of the Great Miracles [74:35],appendix_1.pdf,https://www.masjidtucson.org/quran/appendices/appendix1.html,119,paragraph,,"Table 15: Multiplying the First 2 Columns of Table 14, Instead of Adding Them"
120,appendix-1,1. One of the Great Miracles [74:35],appendix_1.pdf,https://www.masjidtucson.org/quran/appendices/appendix1.html,120,table,,Sura Number Number of Verses Number of Initialed Verses Gematrical Value of the Initials TOTAL 2 x 286 + 1 + 71 = 644 3 x 200 + 1 + 71 = 672 7 x 206 + 1 + 161 = 1604 - - - - - 50 x 45 + 1 + 100 = 2351 68 x 52 + 1 + (50+50) = 3637 60071 30 3435 = 63536 (19x3344)
121,appendix-1,1. One of the Great Miracles [74:35],appendix_1.pdf,https://www.masjidtucson.org/quran/appendices/appendix1.html,121,paragraph,,"By adding the number of every sura to the number of the next sura, and accumulating the sums of sura numbers as we continue this process to the end of the Quran, we will have a value that corresponds to each sura. Thus, Sura 1 will have a corresponding value of 1, Sura 2 will have a value of 1+2=3, Sura 3 will have a value of 3+3=6, Sura 4 will have a value of 6+4 = 10, and so on to the end of the Quran. The total values for the initialed and the un-initialed suras are independently divisible by 19. The values for the initialed suras are shown in Table 17."
122,appendix-1,1. One of the Great Miracles [74:35],appendix_1.pdf,https://www.masjidtucson.org/quran/appendices/appendix1.html,122,paragraph,,Table 16: Mathematical Structuring of the Verses of Initialed Suras
123,appendix-1,1. One of the Great Miracles [74:35],appendix_1.pdf,https://www.masjidtucson.org/quran/appendices/appendix1.html,123,table,,Sura No. No. of Verses Sum of Verse #s Total 2 286 41041 41329 3 200 20100 20303 7 206 21321 21534 - - - - 50 45 1035 1130 68 52 1378 1498 822 2743 186568 190133 (19x10007)
124,appendix-1,1. One of the Great Miracles [74:35],appendix_1.pdf,https://www.masjidtucson.org/quran/appendices/appendix1.html,124,paragraph,,Table 17: Values Obtained by Successive Addition of Sura Numbers.
125,appendix-1,1. One of the Great Miracles [74:35],appendix_1.pdf,https://www.masjidtucson.org/quran/appendices/appendix1.html,125,table,,Sura Number Calculated Value 2 3 3 6 7 28 10 55 11 66 12 78 13 91 14 105 15 120 19 190 20 210 - - 44 990 45 1035 46 1081 50 1275 68 2346 15675 (19x825)
126,appendix-1,1. One of the Great Miracles [74:35],appendix_1.pdf,https://www.masjidtucson.org/quran/appendices/appendix1.html,126,paragraph,,"The values calculated for the un-initialed suras add up to a total of 237785, which is also a multiple of 19 (237785 = 19x12515)."
127,appendix-1,1. One of the Great Miracles [74:35],appendix_1.pdf,https://www.masjidtucson.org/quran/appendices/appendix1.html,127,heading,2,Mathematical Coding of Special Words The Word “God” (Allah)
128,appendix-1,1. One of the Great Miracles [74:35],appendix_1.pdf,https://www.masjidtucson.org/quran/appendices/appendix1.html,128,paragraph,,"[2] The numbers of verses where the word “God” occurs add up to 118123, also a multiple of 19 (118123 = 19x6217)."
129,appendix-1,1. One of the Great Miracles [74:35],appendix_1.pdf,https://www.masjidtucson.org/quran/appendices/appendix1.html,129,paragraph,,"These simple phenomena gave us many difficulties while simply counting the word “God.” We were a group of workers, equipped with computers, and all of us college graduates. Yet, we made several errors in counting, calculating, or simply writing the counts of the word “God.” Those who still claim that Muhammad was the author of the Quran are totally illogical; he never went to college, and he did not have a computer."
130,appendix-1,1. One of the Great Miracles [74:35],appendix_1.pdf,https://www.masjidtucson.org/quran/appendices/appendix1.html,130,paragraph,,"[3] From the first Quranic Initials (A.L.M. 2:1) to the last initial (N. 68:1), there are 2641, 19 x 139, occurrences of the word “God.”"
131,appendix-1,1. One of the Great Miracles [74:35],appendix_1.pdf,https://www.masjidtucson.org/quran/appendices/appendix1.html,131,paragraph,,[4] The word “God” occurs 57 times in the section outside the Initials (Table 18).
132,appendix-1,1. One of the Great Miracles [74:35],appendix_1.pdf,https://www.masjidtucson.org/quran/appendices/appendix1.html,132,paragraph,,"[5] By adding the numbers of the suras and verses where these 57 occurrences of the word “God” are found, we get a total of 2432, or 19x128. See Table 18."
133,appendix-1,1. One of the Great Miracles [74:35],appendix_1.pdf,https://www.masjidtucson.org/quran/appendices/appendix1.html,133,paragraph,,"[6] The word “God” occurs in 85 suras. If we add the number of each sura to the number of verses between the first and last occurrences of the word “God,” both verses inclusive, the Grand Total comes to 8170 or 19 x 430. An abbreviated representation of the data is shown in Table 19."
134,appendix-1,1. One of the Great Miracles [74:35],appendix_1.pdf,https://www.masjidtucson.org/quran/appendices/appendix1.html,134,paragraph,,"Table 18: Occurrence of the Word ""God"" outside the Initialed Section"
135,appendix-1,1. One of the Great Miracles [74:35],appendix_1.pdf,https://www.masjidtucson.org/quran/appendices/appendix1.html,135,table,,"Number of Sura Numbers of Verses Number of Occurrences 1 1,2 2 69 33 1 70 3 1 71 3,4,13,15,17,19,25 7 72 4,5,7,12,18,19,22,23 10 73 20 7 74 31,56 3 76 6,9,11,30 5 79 25 1 81 29 1 82 19 1 84 23 1 85 8,9,20 3 87 7 1 88 24 1 91 13 2 95 8 1 96 14 1 98 2,5,8 3 104 6 1 110 1,2 2 112 1,2 2 1798 634 57 (19x3) Sum of numbers of the suras & verses = 1798 + 634 = 2432 = 19 x 128 Total occurrence of the word ""God"" outside the initialed section = 57 (19 x 3)."
136,appendix-1,1. One of the Great Miracles [74:35],appendix_1.pdf,https://www.masjidtucson.org/quran/appendices/appendix1.html,136,paragraph,,"Table 19: All Suras in Which the Word ""God"" (Allah) Is Mentioned"
137,appendix-1,1. One of the Great Miracles [74:35],appendix_1.pdf,https://www.masjidtucson.org/quran/appendices/appendix1.html,137,table,,"No Sura No. First Verse Last Verse # Verses From First to Last 1. 1 1 2 2 2. 2 7 286 280 3. 3 2 200 199 - - - - - 83. 104 6 - 1 84. 110 1 2 2 85. 112 1 2 2 3910 4260 3910 +4260 =8170 = 19x430 These mathematical properties cover all occurrences of the word ""God."""
138,appendix-1,1. One of the Great Miracles [74:35],appendix_1.pdf,https://www.masjidtucson.org/quran/appendices/appendix1.html,138,paragraph,,"[7] The Quran's dominant message is that there is only “One God.” The word “One,” in Arabic “Wahed” occurs in the Quran 25 times. Six of these occurrences refer to other than God (one kind of food, one door, etc.). The other 19 occurrences refer to God. These data are found in the classic reference INDEX TO THE WORDS OF QURAN."
139,appendix-1,1. One of the Great Miracles [74:35],appendix_1.pdf,https://www.masjidtucson.org/quran/appendices/appendix1.html,139,heading,2,WHY 19!
140,appendix-1,1. One of the Great Miracles [74:35],appendix_1.pdf,https://www.masjidtucson.org/quran/appendices/appendix1.html,140,paragraph,,"As pointed out later in this Appendix, all God's scriptures, not only the Quran, were mathematically coded with the number “19.” Even the universe at large bears this divine mark. The number 19 can be looked upon as the Almighty Creator's signature on everything He created (see Appendix 38). The number “19” possesses unique mathematical properties beyond the scope of this Appendix. For example:"
141,appendix-1,1. One of the Great Miracles [74:35],appendix_1.pdf,https://www.masjidtucson.org/quran/appendices/appendix1.html,141,paragraph,,[1] It is a prime number.
142,appendix-1,1. One of the Great Miracles [74:35],appendix_1.pdf,https://www.masjidtucson.org/quran/appendices/appendix1.html,142,paragraph,,"[2] It encompasses the first numeral (1) and the last numeral (9), as if to proclaim God's attribute in 57:3 as the “Alpha and the Omega.”"
143,appendix-1,1. One of the Great Miracles [74:35],appendix_1.pdf,https://www.masjidtucson.org/quran/appendices/appendix1.html,143,paragraph,,"[3] It looks the same in all languages of the world. Both components, 1 and 9, are the only numerals that look the same in all languages."
144,appendix-1,1. One of the Great Miracles [74:35],appendix_1.pdf,https://www.masjidtucson.org/quran/appendices/appendix1.html,144,table,,"The Lord our God is ONE! Therefore, you shall worship the Lord your God with all your heart, with all your soul, with all your mind, and with all your strength. [Deuteronomy 6:4-5] [Mark 12:29] [Quran 2:163, 17:22-23]"
145,appendix-1,1. One of the Great Miracles [74:35],appendix_1.pdf,https://www.masjidtucson.org/quran/appendices/appendix1.html,145,paragraph,,"[4] It possesses many peculiar mathematical properties. For example, 19 is the sum of the first powers of 9 and 10, and the difference between the second powers of 9 and 10."
146,appendix-1,1. One of the Great Miracles [74:35],appendix_1.pdf,https://www.masjidtucson.org/quran/appendices/appendix1.html,146,paragraph,,"We now understand that the universal coding of God's creations with the number 19 rests in the fact that it is the gematrical value of the word “ONE” in all the scriptural languages — Aramaic, Hebrew, and Arabic."
147,appendix-1,1. One of the Great Miracles [74:35],appendix_1.pdf,https://www.masjidtucson.org/quran/appendices/appendix1.html,147,paragraph,,"Table 20: Why ""19!"""
148,appendix-1,1. One of the Great Miracles [74:35],appendix_1.pdf,https://www.masjidtucson.org/quran/appendices/appendix1.html,148,table,,Letter Hebrew Arabic Value V W 6 A A 1 H H 8 D D 4 19
149,appendix-1,1. One of the Great Miracles [74:35],appendix_1.pdf,https://www.masjidtucson.org/quran/appendices/appendix1.html,149,paragraph,,"The number 19, therefore, proclaims the First Commandment in all the scriptures: that there is only ONE God."
150,appendix-1,1. One of the Great Miracles [74:35],appendix_1.pdf,https://www.masjidtucson.org/quran/appendices/appendix1.html,150,paragraph,,"As shown in Table 7, the Aramaic, Hebrew, and Arabic alphabets used to double as numerals in accordance with a universally established system. The Hebrew word for “ONE” is “VAHD” (pronounced V-AHAD). In Arabic, the word for “ONE” is “WAHD” (pronounced WAAHED). See Table 20."
151,appendix-1,1. One of the Great Miracles [74:35],appendix_1.pdf,https://www.masjidtucson.org/quran/appendices/appendix1.html,151,heading,2,The Word “Quran”
152,appendix-1,1. One of the Great Miracles [74:35],appendix_1.pdf,https://www.masjidtucson.org/quran/appendices/appendix1.html,152,paragraph,,"Table 21: Suras and Verses Where ""Quran"" Occurs"
153,appendix-1,1. One of the Great Miracles [74:35],appendix_1.pdf,https://www.masjidtucson.org/quran/appendices/appendix1.html,153,table,,Sura Verse 2 185 4 82 5 101 6 19 7 204 9 111 10 37 - 61 12 2 - 3 15 1 - 87 - 91 16 98 17 9 - 41 - 45 - 46 - 60 - 78 - 82 - 88 - 89 - 106 18 54 20 2 - 113 - 114 25 30 - 32 27 1 - 6 - 76 - 92 28 85
154,appendix-1,1. One of the Great Miracles [74:35],appendix_1.pdf,https://www.masjidtucson.org/quran/appendices/appendix1.html,154,table,,Sura Verse 30 58 34 31 36 2 - 69 38 1 39 27 - 28 41 3 - 26 42 7 43 3 - 31 46 29 47 24 50 1 - 45 54 17 - 22 - 32 - 40 55 2 56 77 59 21 72 1 73 4 - 20 75 17 - 18 76 23 84 21 85 21 1356 3052 1356+3052=4408 (19x232)
155,appendix-1,1. One of the Great Miracles [74:35],appendix_1.pdf,https://www.masjidtucson.org/quran/appendices/appendix1.html,155,paragraph,,"Two other grammatical forms of the word “Quran” occur in 12 verses. These include the word “Quranun” and the word “Quranahu.” One of these occurrences, in 13:31 refers to “another Quran” that cause the mountains to crumble. Another occurrence, in 41:44, refers to “a non-Arabic Quran.” These two occurrences, therefore, are excluded. Table 21 shows a list of the suras and verses where the word “Quran,” in all its grammatical forms, occurs."
156,appendix-1,1. One of the Great Miracles [74:35],appendix_1.pdf,https://www.masjidtucson.org/quran/appendices/appendix1.html,156,heading,2,A STRONG FOUNDATION
157,appendix-1,1. One of the Great Miracles [74:35],appendix_1.pdf,https://www.masjidtucson.org/quran/appendices/appendix1.html,157,paragraph,,"The Quran's first verse, “In the Name of God, Most Gracious, Most Merciful,” known as Basmalah, consists of 19 Arabic letters. Its constituent words occur in the Quran consistently in multiples of 19."
158,appendix-1,1. One of the Great Miracles [74:35],appendix_1.pdf,https://www.masjidtucson.org/quran/appendices/appendix1.html,158,table,,"The first word “Ism” (Name) occurs 19 times. The second word ""Allah"" (God) occurs 2698 times (19x142). The third word ""Al-Rahman"" (Most Gracious) 57 times, 19x3. The fourth word ""Al-Raheem"" (Most Merciful) 114 times, 19x6."
159,appendix-1,1. One of the Great Miracles [74:35],appendix_1.pdf,https://www.masjidtucson.org/quran/appendices/appendix1.html,159,paragraph,,"Professor Cesar Majul looked at the gematrical value of more than 400 attributes of God, and found only four names whose gematrical vaues are multiples of 19:"
160,appendix-1,1. One of the Great Miracles [74:35],appendix_1.pdf,https://www.masjidtucson.org/quran/appendices/appendix1.html,160,table,,"Divine Name Gematrical Value 1. ""Waahed"" (One) 19 2. ""Zul Fadl Al-`Azim"" (Possessor of Infinite Grace) 2698 3. ""Majid"" (Glorious) 57 4. ""Jaami` "" (Summoner) 114"
161,appendix-1,1. One of the Great Miracles [74:35],appendix_1.pdf,https://www.masjidtucson.org/quran/appendices/appendix1.html,161,paragraph,,"As noted above, the only Divine Names whose gematrical values are divisible by 19 correspond exactly to the frequencies of occurrence of the Basmalah's four words. The figure below illustrates this remarkable phenomenon:"
162,appendix-1,1. One of the Great Miracles [74:35],appendix_1.pdf,https://www.masjidtucson.org/quran/appendices/appendix1.html,162,table,,"The four words of Basmalah are shown on the left side, and the only four divine names whose gematrical values are divisible by 19 are on the right side. The numbers in the middle are the frequencies of occurrence of the words of Basmalah, and, at the same time, the gematrical values of the four divine names."
163,appendix-1,1. One of the Great Miracles [74:35],appendix_1.pdf,https://www.masjidtucson.org/quran/appendices/appendix1.html,163,image,,Four words of Basmalah
164,appendix-1,1. One of the Great Miracles [74:35],appendix_1.pdf,https://www.masjidtucson.org/quran/appendices/appendix1.html,164,heading,2,The Five Pillars of Islam
165,appendix-1,1. One of the Great Miracles [74:35],appendix_1.pdf,https://www.masjidtucson.org/quran/appendices/appendix1.html,165,list,,Shahaadah: Bearing witness that there is no other god besides God. Salat: Observing five daily Contact Prayers. Seyaam: Fasting during the ninth month of the Islamic calendar (Ramadan). Zakat: Giving away 2.5% of one's net income as a charity to specified people. Hajj: Pilgrimage to Mecca once in a lifetime for those who can afford it.
166,appendix-1,1. One of the Great Miracles [74:35],appendix_1.pdf,https://www.masjidtucson.org/quran/appendices/appendix1.html,166,paragraph,,"Like everything else in the Quran, these are mathematically structured."
167,appendix-1,1. One of the Great Miracles [74:35],appendix_1.pdf,https://www.masjidtucson.org/quran/appendices/appendix1.html,167,heading,3,1. One God (Shahaadah)
168,appendix-1,1. One of the Great Miracles [74:35],appendix_1.pdf,https://www.masjidtucson.org/quran/appendices/appendix1.html,168,paragraph,,"As mentioned earlier, the word ""ONE” that refers to God occurs in the Quran 19 times. The reference to God ""ALONE” occurs 5 times, and the sum of the sura and verse numbers where we find these five occurrences is 361, 19x19."
169,appendix-1,1. One of the Great Miracles [74:35],appendix_1.pdf,https://www.masjidtucson.org/quran/appendices/appendix1.html,169,paragraph,,Table 22: All Suras and Verses from First Occurrence of LAA ELAAHA ELLA HOO to the Last Occurrence.
170,appendix-1,1. One of the Great Miracles [74:35],appendix_1.pdf,https://www.masjidtucson.org/quran/appendices/appendix1.html,170,table,,Sura No. No.of Verses Sum of Verse #s Total 2 123 27675 27800 3 200 20100 20303 - - - - 9 127 8128 8264 - - - - 72 28 406 506 73 9 45 127 2700 5312 308490 316502 (19x16658)
171,appendix-1,1. One of the Great Miracles [74:35],appendix_1.pdf,https://www.masjidtucson.org/quran/appendices/appendix1.html,171,paragraph,,"The ""First Pillar of Islam” is stated in 3:18 as ""LAA ELAAHA ELLA HOO” (There is no other god besides Him). This most important expression occurs in 19 suras. The first occurrence is in 2:163, and the last occurrence is in 73:9. Table 22 shows that the total of sura numbers, plus the number of verses between the first and last occurrences, plus the sum of these verse numbers is 316502, or 19x 16658."
172,appendix-1,1. One of the Great Miracles [74:35],appendix_1.pdf,https://www.masjidtucson.org/quran/appendices/appendix1.html,172,paragraph,,"Also, by adding the numbers of the 19 suras where LAA ELAAHA ELLA HOO occurs, plus the verse numbers where this crucial expression is found, plus the total number of occurrences (29), the Grand Total comes to 2128, or 19x112. The details are shown in Table 23."
173,appendix-1,1. One of the Great Miracles [74:35],appendix_1.pdf,https://www.masjidtucson.org/quran/appendices/appendix1.html,173,paragraph,,"Table 23: List of All Occurrences of the Crucial Phrase: ""LAA ELAAHA ELLA HOO"" (There is no other god besides Him)."
174,appendix-1,1. One of the Great Miracles [74:35],appendix_1.pdf,https://www.masjidtucson.org/quran/appendices/appendix1.html,174,table,,"No. Sura No. Verses with Shahadah Frequency of Shahadah 1. 2 163, 255 2 2. 3 2, 6, 18, 18 4 3. 4 87 1 4. 6 102, 106 2 5. 7 158 1 6. 9 31 1 7. 11 14 1 8. 13 30 1 9. 20 8,98 2 10. 23 116 1 11. 27 26 1 12. 28 70, 88 2 13. 35 3 1 14. 39 6 1 15. 40 3, 62, 65 3 16. 44 8 1 17. 59 22, 23 2 18. 64 13 1 19. 73 9 1 507 1592 29 507 + 1592 + 29 = 2128 = 19x112"
175,appendix-1,1. One of the Great Miracles [74:35],appendix_1.pdf,https://www.masjidtucson.org/quran/appendices/appendix1.html,175,heading,3,"2. The Contact Prayers ""Salat"""
176,appendix-1,1. One of the Great Miracles [74:35],appendix_1.pdf,https://www.masjidtucson.org/quran/appendices/appendix1.html,176,paragraph,,"The word ""Salat "" occurs in the Quran 67 times, and when we add the numbers of suras and verses of these 67 occurrences, the total comes to 4674, or 19x246 (see INDEX OF THE QURAN)."
177,appendix-1,1. One of the Great Miracles [74:35],appendix_1.pdf,https://www.masjidtucson.org/quran/appendices/appendix1.html,177,heading,3,3. Fasting (Seyaam)
178,appendix-1,1. One of the Great Miracles [74:35],appendix_1.pdf,https://www.masjidtucson.org/quran/appendices/appendix1.html,178,paragraph,,"The commandment to fast is mentioned in 2:183, 184, 185, 187, 196; 4:92; 5:89, 95; 33:35, 35; & 58:4. The total of these numbers is 1387, or 19x73. It is noteworthy that 33:35 mentions fasting twice, one for the believing men, and the other for the believing women."
179,appendix-1,1. One of the Great Miracles [74:35],appendix_1.pdf,https://www.masjidtucson.org/quran/appendices/appendix1.html,179,heading,3,4. The Obligatory Charity (Zakat) & 5.Hajj Pilgrimage to Mecca
180,appendix-1,1. One of the Great Miracles [74:35],appendix_1.pdf,https://www.masjidtucson.org/quran/appendices/appendix1.html,180,paragraph,,"While the first three ""Pillars of Islam” are obligatory upon all Muslim men and women, the Zakat and Hajj are decreed only for those who can afford them. This explains the interesting mathematical phenomenon associated with Zakat and Hajj."
181,appendix-1,1. One of the Great Miracles [74:35],appendix_1.pdf,https://www.masjidtucson.org/quran/appendices/appendix1.html,181,paragraph,,"The Zakat charity is mentioned in 2:43, 83, 110, 177, 277; 4:77, 162; 5:12, 55, 7:156; 9:5, 11, 18, 71; 18:81; 19:13, 31, 55; 21:73; 22:41, 78; 23:4; 24:37, 56; 27:3; 30:39; 31:4; 33:33; 41:7; 58:13; 73:20; and 98:5. These numbers add up to 2395. This total does not quite make it as a multiple of 19; it is up by 1."
182,appendix-1,1. One of the Great Miracles [74:35],appendix_1.pdf,https://www.masjidtucson.org/quran/appendices/appendix1.html,182,paragraph,,"The Hajj Pilgrimage occurs in 2:189, 196, 197; 9:3; and 22:27. These numbers add up to 645, and this total does not quite make it as a multiple of 19; it is down by 1."
183,appendix-1,1. One of the Great Miracles [74:35],appendix_1.pdf,https://www.masjidtucson.org/quran/appendices/appendix1.html,183,paragraph,,"Thus, Zakat and Hajj, together, give a total of 2395+645 = 3040 = 19x160."
184,appendix-1,1. One of the Great Miracles [74:35],appendix_1.pdf,https://www.masjidtucson.org/quran/appendices/appendix1.html,184,heading,2,THE QURAN'S MATHEMATICAL STRUCTURE
185,appendix-1,1. One of the Great Miracles [74:35],appendix_1.pdf,https://www.masjidtucson.org/quran/appendices/appendix1.html,185,paragraph,,"The Quran's suras, verses, words, and letters are not only mathematically composed, but also arranged into a superhuman structure that is purely mathematical, i.e., the literary content has nothing to do with such an arrangement."
186,appendix-1,1. One of the Great Miracles [74:35],appendix_1.pdf,https://www.masjidtucson.org/quran/appendices/appendix1.html,186,paragraph,,"Since the physical construction of the Quran is purely mathematical, it would be expected that the numbers mentioned in the Quran must conform with the Quran's 19-based code."
187,appendix-1,1. One of the Great Miracles [74:35],appendix_1.pdf,https://www.masjidtucson.org/quran/appendices/appendix1.html,187,paragraph,,"A total of 30 unique numbers are mentioned throughout the Quran, and the sum of all these numbers is 162146, a multiple of 19 (162146 = 19x8534). Table 24 lists all the numbers mentioned in the Quran, without the repetitions."
188,appendix-1,1. One of the Great Miracles [74:35],appendix_1.pdf,https://www.masjidtucson.org/quran/appendices/appendix1.html,188,paragraph,,"The numbers which are mentioned only once in the Quran are: 11, 19, 20, 50, 60, 80, 99, 300, 2000, 3000, 5000, 50000, and 100000."
189,appendix-1,1. One of the Great Miracles [74:35],appendix_1.pdf,https://www.masjidtucson.org/quran/appendices/appendix1.html,189,paragraph,,"All the numbers mentioned in the Quran, with repetitions, occur 285 times, and this number is a multiple of 19; 285 = 19x15."
190,appendix-1,1. One of the Great Miracles [74:35],appendix_1.pdf,https://www.masjidtucson.org/quran/appendices/appendix1.html,190,paragraph,,Table 24: All the Quranic Numbers.
191,appendix-1,1. One of the Great Miracles [74:35],appendix_1.pdf,https://www.masjidtucson.org/quran/appendices/appendix1.html,191,table,,Number Location Example 1 2:163 2 4:11 3 4:171 4 9:2 5 18:22 6 25:59 7 41:12 8 69:17 9 27:48 10 2:196 11 12:4 12 9:36 19 74:30 20 8:65 30 7:142 40 7:142 50 29:14 60 58:4 70 9:80 80 24:4 99 38:23 100 2:259 200 8:65 300 18:25 1000 2:96 2000 8:66 3000 3:124 5000 3:125 50000 70:4 100000 37:147 162146 (19 x 8534)
192,appendix-1,1. One of the Great Miracles [74:35],appendix_1.pdf,https://www.masjidtucson.org/quran/appendices/appendix1.html,192,heading,2,The Numbers of Suras and Verses
193,appendix-1,1. One of the Great Miracles [74:35],appendix_1.pdf,https://www.masjidtucson.org/quran/appendices/appendix1.html,193,paragraph,,The numbering system of the Quran's suras and verses has been perfectly preserved. Only a few unauthorized and easily detectable printings deviate from the standard system that is divinely guarded.
194,appendix-1,1. One of the Great Miracles [74:35],appendix_1.pdf,https://www.masjidtucson.org/quran/appendices/appendix1.html,194,paragraph,,"When we add the numbers of all suras, plus the number of verses in every sura, plus the sum of verse numbers, the Grand total for the whole Quran comes to 346199, 19x19x959. Table 25 is an abbreviated presentation of these data. Thus, the slightest alteration of a single sura or verse would have destroyed this system. As shown in Table 16, if we consider only the 29 initialed suras, these same data produce a Grand Total which is also a multiple of 19. It follows that the data for the un-initialed suras are also divisible by 19. Table 26 is an abbreviated presentation of the same data related to the 85 un-initialed suras."
195,appendix-1,1. One of the Great Miracles [74:35],appendix_1.pdf,https://www.masjidtucson.org/quran/appendices/appendix1.html,195,paragraph,,Table 25: Mathematical Coding of the Sura and Verse Numbers.
196,appendix-1,1. One of the Great Miracles [74:35],appendix_1.pdf,https://www.masjidtucson.org/quran/appendices/appendix1.html,196,table,,Sura No. No.of Verses Sum of Verse #s TOTAL 1 7 28 36 2 286 41041 41329 - - - - 9 127 8128 8264 - - - - 113 5 15 133 114 6 21 141 6555 6234 333410 346199 (19x19x959)
197,appendix-1,1. One of the Great Miracles [74:35],appendix_1.pdf,https://www.masjidtucson.org/quran/appendices/appendix1.html,197,paragraph,,Table 26: Mathematical Coding of the 85 Un-initialed Suras
198,appendix-1,1. One of the Great Miracles [74:35],appendix_1.pdf,https://www.masjidtucson.org/quran/appendices/appendix1.html,198,table,,Sura No. No.of Verses Sum of Verse #s TOTAL 1 7 28 36 4 176 15576 15756 - - - - 9 127 8128 8264 - - - - 113 5 15 133 114 6 21 141 5733 3491 146842 156066 (19x8214)
199,appendix-1,1. One of the Great Miracles [74:35],appendix_1.pdf,https://www.masjidtucson.org/quran/appendices/appendix1.html,199,heading,2,Superhuman Numerical Combinations
200,appendix-1,1. One of the Great Miracles [74:35],appendix_1.pdf,https://www.masjidtucson.org/quran/appendices/appendix1.html,200,paragraph,,"Let us write down the number of each verse in the Quran, preceded for each sura by the number of verses in that sura. Thus, Sura 1, which consists of seven verses, will be represented by the number 7 1234567. What we are doing here is forming long numbers by writing the numbers of verses next to each other. To find the number representing Sura 2, you write down the number of verses in this sura, 286, followed by the number of every verse, written next to each other. Thus, the number representing Sura 2 will look like this: 286 12345.....284285286. The two numbers representing the first two suras are:"
201,appendix-1,1. One of the Great Miracles [74:35],appendix_1.pdf,https://www.masjidtucson.org/quran/appendices/appendix1.html,201,paragraph,,"Putting these two numbers together to form one number representing the first two suras, we get this number:"
202,appendix-1,1. One of the Great Miracles [74:35],appendix_1.pdf,https://www.masjidtucson.org/quran/appendices/appendix1.html,202,paragraph,,"This process is continued until every verse in the Quran is written down, thus forming one very long number encompassing the number of every verse in the Quran. The number representing the whole Quran is a multiple of 19 & consists of 12692 digits, which is also a multiple of 19."
203,appendix-1,1. One of the Great Miracles [74:35],appendix_1.pdf,https://www.masjidtucson.org/quran/appendices/appendix1.html,203,table,,7 1234567 286 12345...286 ...5 12345 6 123456 FIRST No: This very long number consists of 12692 digits (19x668) and includes every verse in the Quran. The number of verses in each sura precedes its verses. A special computer program that divides very long numbers has shown that this long number is a multiple of 19.
204,appendix-1,1. One of the Great Miracles [74:35],appendix_1.pdf,https://www.masjidtucson.org/quran/appendices/appendix1.html,204,paragraph,,"Instead of putting the total number of verses in every sura ahead of the sura, let us put it at the end of every sura. Thus, the number representing Sura 1 will look like this: 1234567 7, instead of 7 1234567. The number representing Sura 2 will look like this: 12345.....284 285 286 286 instead of 286 12345.....284285286. The numbers representing the first two suras will look like this:"
205,appendix-1,1. One of the Great Miracles [74:35],appendix_1.pdf,https://www.masjidtucson.org/quran/appendices/appendix1.html,205,paragraph,,"Putting these two numbers together to form a longer number representing the first two suras, we get a number that looks like this:"
206,appendix-1,1. One of the Great Miracles [74:35],appendix_1.pdf,https://www.masjidtucson.org/quran/appendices/appendix1.html,206,paragraph,,"Since we are putting the total number of verses per sura at the end of each sura, we must put the total number of numbered verses (6234) at the end of the Quran. The last numbers, therefore, represent the last sura (123456 6), followed by the total number of numbered verses in the Quran (6234):"
207,appendix-1,1. One of the Great Miracles [74:35],appendix_1.pdf,https://www.masjidtucson.org/quran/appendices/appendix1.html,207,paragraph,,"Putting together all the verses of all the suras, produces a long number that consists of 12696 digits, and is a multiple of 19."
208,appendix-1,1. One of the Great Miracles [74:35],appendix_1.pdf,https://www.masjidtucson.org/quran/appendices/appendix1.html,208,table,,"1234567 7 12345...286 286 12345 5...123456 6 6234 SECOND No: The number of every verse in every sura is followed by the number of verses per sura. The last 11 digits shown here are the 6 verses of the last sura, followed by its number of verses (6), followed by the number of numbered verses in the Quran (6234). The complete, very long number, is a multiple of 19."
209,appendix-1,1. One of the Great Miracles [74:35],appendix_1.pdf,https://www.masjidtucson.org/quran/appendices/appendix1.html,209,heading,3,Now let us include the number of every sura.
210,appendix-1,1. One of the Great Miracles [74:35],appendix_1.pdf,https://www.masjidtucson.org/quran/appendices/appendix1.html,210,paragraph,,"Write down the number of every verse in every sura, followed by the number of the sura, followed by the number of verses in the sura. Thus, the number representing Sura 1 looks like this: 1 2 3 4 5 6 7 1 7. The number representing Sura 2 looks like this: 1 2 3 4 5 .....284 285 286 2 286. The number representing the last sura (No. 114) looks like this: 1 2 3 4 5 6 114 6. The total number of numbered verses (6234) is added at the end. This number, representing the whole Quran, is a multiple of 19; it looks like this:"
211,appendix-1,1. One of the Great Miracles [74:35],appendix_1.pdf,https://www.masjidtucson.org/quran/appendices/appendix1.html,211,table,,"1234567 1 7 12345...286 2 286 ...123456 114 6 6234 THIRD No: The number of every verse, followed by the sura number, then the number of verses in the sura. The total number of numbered verses is added at the end. The long number (12930 digits) is a multiple of 19."
212,appendix-1,1. One of the Great Miracles [74:35],appendix_1.pdf,https://www.masjidtucson.org/quran/appendices/appendix1.html,212,paragraph,,"Instead of putting the total number of verses in every sura after the sura, let us now put it ahead of the sura. Thus, the number representing Sura 1 looks like this: 7 1234567 1, instead of 1234567 1 7, and the number representing Sura 2 looks like this: 286 12345.....284 285 286 2, instead of 12345.....284 285 286 2 286. This very long number representing the whole Quran is a multiple of 19."
213,appendix-1,1. One of the Great Miracles [74:35],appendix_1.pdf,https://www.masjidtucson.org/quran/appendices/appendix1.html,213,table,,"7 1234567 1 286 12345...286 2...6 123456 114 6234 FOURTH No: The total number of verses in each sura is followed by the number of every verse, then the sura number. The last 14 digits shown above are the number of verses in the last sura (6), followed by the numbers of the six verses (123456), followed by the number of the sura (114), then the total number of numbered verses in the Quran. The very long number (consisting of 12930 digits) is a multiple of 19."
214,appendix-1,1. One of the Great Miracles [74:35],appendix_1.pdf,https://www.masjidtucson.org/quran/appendices/appendix1.html,214,paragraph,,"Now, let us write down the number of every verse in every sura, followed by the sum of verse numbers for every sura. Sura 1 consists of 7 verses, and the sum of verse numbers is 1+2+3+4+5+6+7 = 28. Thus, the number representing Sura 1 looks like this: 1234567 28."
215,appendix-1,1. One of the Great Miracles [74:35],appendix_1.pdf,https://www.masjidtucson.org/quran/appendices/appendix1.html,215,paragraph,,"The sum of verse numbers for Sura 2 is 41041 (1+2+3+ ... + 286). Thus, the number representing Sura 2 looks like this: 12345...284 285 286 41041."
216,appendix-1,1. One of the Great Miracles [74:35],appendix_1.pdf,https://www.masjidtucson.org/quran/appendices/appendix1.html,216,paragraph,,"The number representing the last sura, which consists of 6 verses, looks like this: 123456 21, since 1+2+3+4+5+6 = 21."
217,appendix-1,1. One of the Great Miracles [74:35],appendix_1.pdf,https://www.masjidtucson.org/quran/appendices/appendix1.html,217,paragraph,,"The complete number, representing the whole Quran, consists of 12836 digits and is a multiple of 19. It looks like this:"
218,appendix-1,1. One of the Great Miracles [74:35],appendix_1.pdf,https://www.masjidtucson.org/quran/appendices/appendix1.html,218,table,,"1234567 28 12345...284285286 41041...123456 21 FIFTH No: The number of every verse in every sura is followed by the sum of verse numbers. The long number consists of 12836 digits, and is a multiple of 19."
219,appendix-1,1. One of the Great Miracles [74:35],appendix_1.pdf,https://www.masjidtucson.org/quran/appendices/appendix1.html,219,paragraph,,"Remarkably, if we take the “Fifth No.” shown above and reverse the order of verse numbers and sum of verse numbers, i.e., move the sum of verse numbers, and put it ahead of the sura, the resulting long number is still a multiple of 19."
220,appendix-1,1. One of the Great Miracles [74:35],appendix_1.pdf,https://www.masjidtucson.org/quran/appendices/appendix1.html,220,table,,"28 1234567 41041 12345....285286.....21 123456 SIXTH No: Placing the sum of verse numbers ahead of each sura, instead of after it, produces a long number (12836 digits) that is also a multiple of 19."
221,appendix-1,1. One of the Great Miracles [74:35],appendix_1.pdf,https://www.masjidtucson.org/quran/appendices/appendix1.html,221,paragraph,,"Even writing the suras backward, i.e., reversing the order of suras by starting with the last sura and ending with the first sura, and placing the sum of verse numbers after the verses of each sura, the product is still a multiple of 19."
222,appendix-1,1. One of the Great Miracles [74:35],appendix_1.pdf,https://www.masjidtucson.org/quran/appendices/appendix1.html,222,table,,"123456 21 12345 15..12345..286 41041 1234567 28 SEVENTH No: Reversing the order of suras — starting from the last sura and ending with the first sura — and writing down the number of every verse, with the sum of verse numbers for every sura after its verses, the product is a long number consisting of 12836 digits. This long number is a multiple of 19."
223,appendix-1,1. One of the Great Miracles [74:35],appendix_1.pdf,https://www.masjidtucson.org/quran/appendices/appendix1.html,223,paragraph,,"Write the sum of verse numbers for the whole Quran (333410), followed by the number of numbered verses in the Quran (6234), then the number of suras (114). Every sura is then represented by its number followed by its number of verses. The numbers representing Suras 1 and 2 are 1 7 and 2 286. The complete number, covering all suras of the Quran, consists of 474 digits, and is a multiple of 19 — it looks like this:"
224,appendix-1,1. One of the Great Miracles [74:35],appendix_1.pdf,https://www.masjidtucson.org/quran/appendices/appendix1.html,224,table,,"333410 6234 114 1 7 2 286 3 200..113 5 114 6 EIGHTH No: The Grand Sum of verse numbers (333410) is followed by the number of numbered verses (6234), the number of suras (114), then the sura numbers and numbers of verses of every sura."
225,appendix-1,1. One of the Great Miracles [74:35],appendix_1.pdf,https://www.masjidtucson.org/quran/appendices/appendix1.html,225,paragraph,,"Now let us reverse the order of sura number and its number of verses as presented in the “Eighth No.” Thus, the numbers representing the first two suras look like this: 7 1 & 286 2, instead of 1 7 & 2 286. The complete number also consists of 474 digits and is still a multiple of 19. It looks like this:"
226,appendix-1,1. One of the Great Miracles [74:35],appendix_1.pdf,https://www.masjidtucson.org/quran/appendices/appendix1.html,226,table,,333410 6234 114 7 1 286 2 200 3...5 113 6 114 NINTH No: Reversing the sequence of sura number and number of verses still gives us a long number that is a multiple of 19.
227,appendix-1,1. One of the Great Miracles [74:35],appendix_1.pdf,https://www.masjidtucson.org/quran/appendices/appendix1.html,227,paragraph,,"If we write down the sum of verse numbers for Sura 1 (28), followed by the sum of verse numbers for Sura 2 (41041), and so on to the end of the Quran, and placing the Grand Sum of verse numbers (333410) at the end, the resulting long number (Tenth No.) consists of 377 digits, and is a multiple of 19."
228,appendix-1,1. One of the Great Miracles [74:35],appendix_1.pdf,https://www.masjidtucson.org/quran/appendices/appendix1.html,228,table,,"28 41041 20100 ..... 15 21 333410 TENTH No: The sums of verse numbers for every sura in the Quran, are written next to each other, followed at the end by the Grand Sum of verse numbers (333410). This long number (377 digits) is a multiple of 19."
229,appendix-1,1. One of the Great Miracles [74:35],appendix_1.pdf,https://www.masjidtucson.org/quran/appendices/appendix1.html,229,paragraph,,"If we write down the number of suras in the Quran (114), followed by the total number of numbered verses (6234), followed by the number of every sura and its sum of verse numbers, the final long number (612 digits) is a multiple of 19."
230,appendix-1,1. One of the Great Miracles [74:35],appendix_1.pdf,https://www.masjidtucson.org/quran/appendices/appendix1.html,230,table,,"114 6234 1 28 2 41041 3 20100...113 15 114 21 ELEVENTH No: The number of suras, followed by the number of numbered verses, then the number of every sura and its sum of verse numbers, produce this long number (612 digits) that is a multiple of 19."
231,appendix-1,1. One of the Great Miracles [74:35],appendix_1.pdf,https://www.masjidtucson.org/quran/appendices/appendix1.html,231,paragraph,,"Lest anyone may think that any Quranic parameter is left un-guarded with this awesome mathematical code, let us look at more parameters."
232,appendix-1,1. One of the Great Miracles [74:35],appendix_1.pdf,https://www.masjidtucson.org/quran/appendices/appendix1.html,232,paragraph,,"If we write down the number of suras (114), followed by the number of numbered verses, followed by the Grand Sum of verse numbers in the whole Quran (333410), followed by the numbers of every sura and its verses, we end up with a very long number (12712 digits) that is a multiple of 19."
233,appendix-1,1. One of the Great Miracles [74:35],appendix_1.pdf,https://www.masjidtucson.org/quran/appendices/appendix1.html,233,table,,114 6234 333410 1 1 2 3 4 5 6 7...114 1 2 3 4 5 6 TWELFTH NUMBER
234,appendix-1,1. One of the Great Miracles [74:35],appendix_1.pdf,https://www.masjidtucson.org/quran/appendices/appendix1.html,234,paragraph,,"If we write down the numbers of verses in every sura next to each other, we end up with a 235-digit number that is a multiple of 19. To do this, write down the total number of numbered verses in the Quran (6234), followed by the number of verses in every sura, then close with the total number of numbered verses in the Quran. The final long number looks like this:"
235,appendix-1,1. One of the Great Miracles [74:35],appendix_1.pdf,https://www.masjidtucson.org/quran/appendices/appendix1.html,235,table,,6234 7 286 200 176 ..... 127 .... 5 4 5 6 6234 (total verses) (First 4 suras) (Sura 9) (Last 4 suras) (total verses) THIRTEENTH NUMBER
236,appendix-1,1. One of the Great Miracles [74:35],appendix_1.pdf,https://www.masjidtucson.org/quran/appendices/appendix1.html,236,paragraph,,"If we write down the number of numbered verses in the Quran (6234), followed by the number of suras (114), followed by the number of every verse in every sura, then close with the number of verses in the Quran (6234) and the number of suras (114), the final number consists of 12479 digits, and is a multiple of 19."
237,appendix-1,1. One of the Great Miracles [74:35],appendix_1.pdf,https://www.masjidtucson.org/quran/appendices/appendix1.html,237,table,,6234 114 1234567 12345...286...123456 6234 114 FOURTEENTH NUMBER
238,appendix-1,1. One of the Great Miracles [74:35],appendix_1.pdf,https://www.masjidtucson.org/quran/appendices/appendix1.html,238,paragraph,,"Another long number that consists of 12774 digits is formed by writing down the number of every verse in every sura, followed by the number of every sura added to its number of verses. Sura 1 consists of 7 verses, and the total 1+7 is 8. Therefore, the number representing Sura 1 looks like this: 1234567 8. Since Sura 2 consists of 286 verses, the number representing Sura 2 looks like this: 12345...286 288. This is done for every sura in the Quran. The final combined number consists of 12774 digits, and is a multiple of 19."
239,appendix-1,1. One of the Great Miracles [74:35],appendix_1.pdf,https://www.masjidtucson.org/quran/appendices/appendix1.html,239,table,,1234567 8 12345 ...... 286 288 ........... 123456 120 (1+7) (2+286) (114+6) FIFTEENTH NUMBER
240,appendix-1,1. One of the Great Miracles [74:35],appendix_1.pdf,https://www.masjidtucson.org/quran/appendices/appendix1.html,240,paragraph,,"More specialized features are in Appendices 2, 9, 19, 24, 25, 26, 29, and 37."
241,appendix-1,1. One of the Great Miracles [74:35],appendix_1.pdf,https://www.masjidtucson.org/quran/appendices/appendix1.html,241,heading,2,Last Minute Discovery
242,appendix-1,1. One of the Great Miracles [74:35],appendix_1.pdf,https://www.masjidtucson.org/quran/appendices/appendix1.html,242,paragraph,,"[May 26, 1989 — Add to Appendix 1]"
243,appendix-1,1. One of the Great Miracles [74:35],appendix_1.pdf,https://www.masjidtucson.org/quran/appendices/appendix1.html,243,paragraph,,Mr. Abdullah Arik made the following discoveries just before printing time:
244,appendix-1,1. One of the Great Miracles [74:35],appendix_1.pdf,https://www.masjidtucson.org/quran/appendices/appendix1.html,244,paragraph,,"1. If we write down the number of verses in every sura, followed by the sum of verse numbers, and keep all number justified to the left, the total of all left-justified numbers is 4,859,309,774, or 19x255753146 (Table 1)."
245,appendix-1,1. One of the Great Miracles [74:35],appendix_1.pdf,https://www.masjidtucson.org/quran/appendices/appendix1.html,245,paragraph,,"2. Do the same as above, except write down the number of every verse, instead of the number of verses. The total this time consists of 757 digits and is still a multiple of 19 (Table 2)."
246,appendix-1,1. One of the Great Miracles [74:35],appendix_1.pdf,https://www.masjidtucson.org/quran/appendices/appendix1.html,246,paragraph,,"3. Do the same as above, but justify everything to the right, and write down the sura number, followed by the number of verses in that sura, followed by the number of every verse in the sura, and finally, the sum of verse numbers. The total consists of 759 digits and is also a multiple of 19 (Table 3)."
247,appendix-1,1. One of the Great Miracles [74:35],appendix_1.pdf,https://www.masjidtucson.org/quran/appendices/appendix1.html,247,paragraph,,GOD BE GLORIFIED.
248,appendix-1,1. One of the Great Miracles [74:35],appendix_1.pdf,https://www.masjidtucson.org/quran/appendices/appendix1.html,248,paragraph,,Table 1
249,appendix-1,1. One of the Great Miracles [74:35],appendix_1.pdf,https://www.masjidtucson.org/quran/appendices/appendix1.html,249,table,,Sura 1 728 Sura 2 28641041 - - Sura 114 621 Total = 4859309774 = 19 x 255753146
250,appendix-1,1. One of the Great Miracles [74:35],appendix_1.pdf,https://www.masjidtucson.org/quran/appendices/appendix1.html,250,paragraph,,Table 2
251,appendix-1,1. One of the Great Miracles [74:35],appendix_1.pdf,https://www.masjidtucson.org/quran/appendices/appendix1.html,251,table,,Sura 1 123456728 Sura 2 1234...28641041 - - Sura 114 12345621
252,appendix-1,1. One of the Great Miracles [74:35],appendix_1.pdf,https://www.masjidtucson.org/quran/appendices/appendix1.html,252,paragraph,,Table 3
253,appendix-1,1. One of the Great Miracles [74:35],appendix_1.pdf,https://www.masjidtucson.org/quran/appendices/appendix1.html,253,table,,Sura 1 17123456728 Sura 2 2286123 ... 28641041 - - Sura 114 114612345621
254,appendix-1,1. One of the Great Miracles [74:35],appendix_1.pdf,https://www.masjidtucson.org/quran/appendices/appendix1.html,254,heading,2,A Witness From the Children of Israel [46:10]
255,appendix-1,1. One of the Great Miracles [74:35],appendix_1.pdf,https://www.masjidtucson.org/quran/appendices/appendix1.html,255,table,,"Proclaim: “What if it is from God, and you disbelieved in it? A witness from the Children of Israel has borne witness to a similar phenomenon, and he has believed, while you have turned too arrogant to believe. God does not guide the wicked.” [ 46:10]"
256,appendix-1,1. One of the Great Miracles [74:35],appendix_1.pdf,https://www.masjidtucson.org/quran/appendices/appendix1.html,256,paragraph,,"The following quotation is taken from STUDIES IN JEWISH MYSTICISM , (Association for Jewish Studies, Cambridge, Mass., Joseph Dan & Frank Talmage, eds., Page 88, 1982). The quotation refers to the work of Rabbi Judah the Pious (12th Century AD):"
257,appendix-1,1. One of the Great Miracles [74:35],appendix_1.pdf,https://www.masjidtucson.org/quran/appendices/appendix1.html,257,paragraph,,"The people [Jews] in France made it a custom to add [in the morning prayer] the words: "" 'Ashrei temimei derekh [blessed are those who walk the righteous way],"" and our Rabbi, the Pious, of blessed memory, wrote that they were completely and utterly wrong. It is all gross falsehood, because there are only nineteen times that the Holy Name is mentioned [in that portion of the morning prayer]... and similarly you find the word 'Elohim nineteen times in the pericope of Ve-'elleh shemot. . . . Similarly, you find that Israel were called ""sons"" nineteen times, and there are many other examples. All these sets of nineteen are intricately intertwined, and they contain many secrets and esoteric meanings, which are contained in more than eight large volumes. . . Furthermore, in this section there are 152 (19x8) words. ..."
258,appendix-1,1. One of the Great Miracles [74:35],appendix_1.pdf,https://www.masjidtucson.org/quran/appendices/appendix1.html,258,heading,2,Acknowledgments
259,appendix-1,1. One of the Great Miracles [74:35],appendix_1.pdf,https://www.masjidtucson.org/quran/appendices/appendix1.html,259,paragraph,,"All praise and thanks are due to God who has willed that His miracle of the Quran shall be revealed at this time. He has distinguished the following individuals and blessed them by revealing through them many portions of this momentous discovery: Abdullah Arik, Mohamoud Ali Abib, Lisa Spray, Edip Yuksel, Ihsan Ramadan, Feroz Karmally, Ismail Barakat, Gatut Adisoma, Ahmed Yusuf (of Lagos), Cesar A. Majul, Muhtesem Erisen, Emily Kay Sterrett and Cecilia Albertha Wallen."
260,appendix-2,2. God's Messenger of the Covenant,appendix_2.pdf,https://www.masjidtucson.org/quran/appendices/appendix2.html,1,heading,1,God's Messenger of the Covenant
261,appendix-2,2. God's Messenger of the Covenant,appendix_2.pdf,https://www.masjidtucson.org/quran/appendices/appendix2.html,2,paragraph,,God's Messenger of the Covenant is a consolidating messenger. His mission is to purify and unify all existing religions into one: Submission (Islam).
262,appendix-2,2. God's Messenger of the Covenant,appendix_2.pdf,https://www.masjidtucson.org/quran/appendices/appendix2.html,3,paragraph,,"Islam is NOT a name; it is a description of one's total submission and devotion to God ALONE, without idolizing Jesus, Mary, Muhammad, or the saints. Anyone who meets this criterion is a ""Muslim"" (Submitter). Therefore, one may be a Muslim Jew, a Muslim Christian, a Muslim Hindu, a Muslim Buddhist, or Muslim Muslim."
263,appendix-2,2. God's Messenger of the Covenant,appendix_2.pdf,https://www.masjidtucson.org/quran/appendices/appendix2.html,4,paragraph,,"God's Messenger of the Covenant delivers God's proclamation that ""The only religion approved by God is Submission"" (3:19) and that ""Anyone who seeks other than Submission as a religion, it will not be accepted from him/her"" (3:85)."
264,appendix-2,2. God's Messenger of the Covenant,appendix_2.pdf,https://www.masjidtucson.org/quran/appendices/appendix2.html,5,paragraph,,"A messenger of God must present proof that he is God's messenger. Every messenger of God is supported by incontrovertible divine signs proving that he is authorized by the Almighty to deliver His messages. Moses threw down his staff and it turned into a serpent, Jesus healed the leprous and revived the dead by God's leave, Sãleh's sign was the famous camel, Abraham walked out of the fire, and Muhammad's miracle was the Quran (29:50-51)."
265,appendix-2,2. God's Messenger of the Covenant,appendix_2.pdf,https://www.masjidtucson.org/quran/appendices/appendix2.html,6,paragraph,,"The Quran (3:81, 33:7, 33:40) and the Bible (Malachi 3:1-3) have prophesied the advent of the consolidating messenger, God's Messenger of the Covenant. It is only befitting that a messenger with such a crucial mission must be supported by the most powerful miracle (74:30-35). While the miracles of previous messengers were limited in time and place, God's miracle supporting His Messenger of the Covenant is perpetual; it can be witnessed by anyone, at anytime, in any place."
266,appendix-2,2. God's Messenger of the Covenant,appendix_2.pdf,https://www.masjidtucson.org/quran/appendices/appendix2.html,7,paragraph,,"This Appendix presents physical, examinable, verifiable, and irrefutable evidence that Rashad Khalifa is God's Messenger of the Covenant."
267,appendix-2,2. God's Messenger of the Covenant,appendix_2.pdf,https://www.masjidtucson.org/quran/appendices/appendix2.html,8,heading,2,A Quranic Truth
268,appendix-2,2. God's Messenger of the Covenant,appendix_2.pdf,https://www.masjidtucson.org/quran/appendices/appendix2.html,9,paragraph,,"One of the major prophecies in the Quran is that God's Messenger of the Covenant will be sent after all the prophets have come to this world, and after all of God's scriptures have been delivered."
269,appendix-2,2. God's Messenger of the Covenant,appendix_2.pdf,https://www.masjidtucson.org/quran/appendices/appendix2.html,10,paragraph,,"Verse 3:81, among many other verses, provides the definitions of ""Nabi"" (Prophet) and ""Rasoul"" (Messenger). Thus, ""Nabi"" is a messenger of God who delivers a new scripture, while ""Rasoul"" is a messenger commissioned by God to confirm existing scripture; he does not bring a new scripture. According to the Quran, every ""Nabi"" is a ""Rasoul,"" but not every ""Rasoul"" is a ""Nabi."""
270,appendix-2,2. God's Messenger of the Covenant,appendix_2.pdf,https://www.masjidtucson.org/quran/appendices/appendix2.html,11,paragraph,,"Not every messenger was given a new scripture. It is not logical that God will give a scripture to a prophet, then ask him to keep it exclusively for himself, as stated by some Muslim ""scholars"" (2:42, 146, 159). Those who are not sufficiently familiar with the Quran tend to think that Aaron was a ""Nabi,"" as stated in 19:53, who did not receive a scripture. However, the Quran clearly states that the Torah was given specifically ""to both Moses and Aaron"" (21:48, 37:117)."
271,appendix-2,2. God's Messenger of the Covenant,appendix_2.pdf,https://www.masjidtucson.org/quran/appendices/appendix2.html,12,paragraph,,"We learn from the Quran, 33:40, that Muhammad was the last prophet (Nabi), but not the last messenger (Rasoul):"
272,appendix-2,2. God's Messenger of the Covenant,appendix_2.pdf,https://www.masjidtucson.org/quran/appendices/appendix2.html,13,paragraph,,"This crucial definition is confirmed by the Quran's mathematical code. The expression used in 33:40 is ""Muhammad Khaatum Al-Nabiyyeen"" (the last prophet). The gematrical value of this expression, plus the sura number (33) and the verse number (40) is 1349, 19x71, while the value of the erroneous expression ""Muhammad Khaatum Al-Mursaleen"" (the last messenger) is not a multiple of 19."
273,appendix-2,2. God's Messenger of the Covenant,appendix_2.pdf,https://www.masjidtucson.org/quran/appendices/appendix2.html,14,paragraph,,"From time immemorial, it has been a human trait to reject a contemporary, living messenger. Joseph was declared ""the last messenger"" (40:34). Yet, many messengers came after him, including Moses, David, Solomon, Jesus, and Muhammad."
274,appendix-2,2. God's Messenger of the Covenant,appendix_2.pdf,https://www.masjidtucson.org/quran/appendices/appendix2.html,15,heading,3,The Covenant Fulfilled
275,appendix-2,2. God's Messenger of the Covenant,appendix_2.pdf,https://www.masjidtucson.org/quran/appendices/appendix2.html,16,paragraph,,"Although the prophets are dead, as far as this world is concerned, we know that their souls, the real persons, eternally exist somewhere in the universe. Several verses enjoin us from thinking that the believers who shed their bodies and departed this world are dead (2:154, 3:169, 4:69). Although they cannot come back to our world (23:100), they are “alive” somewhere else in the universe. [Appendix 17]"
276,appendix-2,2. God's Messenger of the Covenant,appendix_2.pdf,https://www.masjidtucson.org/quran/appendices/appendix2.html,17,paragraph,,"During my Hajj pilgrimage to Mecca, and before sunrise on Tuesday, Zul-Hijjah 3, 1391, December 21, 1971, I, Rashad Khalifa, the soul, the real person, not the body, was taken to some place in the universe where I was introduced to all the prophets as God's Messenger of the Covenant. I was not informed of the details and true significance of this event until Ramadan 1408. What I witnessed, in sharp consciousness, was that I was sitting still, while the prophets, one by one, came towards me, looked at my face, then nodded their heads. God showed them to me as they had looked in this world, attired in their respective mode of dress. There was an atmosphere of great awe, joy, and respect. Except for Abraham, none of the prophets was identified to me. I knew that all the prophets were there, including Moses, Jesus, Muhammad, Aaron, David, Noah, and the rest. I believe that the reason for revealing Abraham's identity was that I asked about him. I was taken aback by the strong resemblance he had with my own family - myself, my father, my uncles. It was the only time that I wondered, ""Who is this prophet who looks like my relatives?"" The answer came: ""Abraham."" No language was spoken. All communication was done mentally."
277,appendix-2,2. God's Messenger of the Covenant,appendix_2.pdf,https://www.masjidtucson.org/quran/appendices/appendix2.html,18,paragraph,,"It is noteworthy that the date of this fulfillment of the prophets' covenant was Zul-Hijja 3, 1391. If we add the month (12), plus the day (3), plus the year (1391), we get a total of 1406, 19x74. Sura 74 is where the Quran's common denominator, the number 19, is mentioned. Note that the number 1406 is also the number of years from the revelation of the Quran to the revelation of its miracle (Appendix 1)."
278,appendix-2,2. God's Messenger of the Covenant,appendix_2.pdf,https://www.masjidtucson.org/quran/appendices/appendix2.html,19,paragraph,,"The mission of God's Messenger of the Covenant is to confirm existing scriptures, purify them, and consolidate them into one divine message. The Quran states that such a messenger is charged with restoring God's message to its pristine purity, to lead the righteous believers—Jews, Christians, Muslims, Buddhists, Sikhs, Hindus, and others—out of darkness into the light (5:19 & 65:11). He is to proclaim that Islam (total submission to God) is the only religion acceptable by God (3:19)."
279,appendix-2,2. God's Messenger of the Covenant,appendix_2.pdf,https://www.masjidtucson.org/quran/appendices/appendix2.html,20,heading,2,The Proof
280,appendix-2,2. God's Messenger of the Covenant,appendix_2.pdf,https://www.masjidtucson.org/quran/appendices/appendix2.html,21,paragraph,,"The name of God's Messenger of the Covenant is mathematically coded into the Quran as ""Rashad Khalifa."" This is certainly the most appropriate method of introducing God's messenger to the world in the computer-age."
281,appendix-2,2. God's Messenger of the Covenant,appendix_2.pdf,https://www.masjidtucson.org/quran/appendices/appendix2.html,22,paragraph,,"(1) As shown in Appendix 1, God's great miracle in the Quran is based on the prime number 19, and it remained hidden for 1406 years (19x74). This awesome miracle was predestined by Almighty God to be unveiled through Rashad Khalifa. Hundreds of Muslim and Orientalist scholars during the last 14 centuries have tried in vain, but none of them was permitted to decipher the significance of the Quranic Initials."
282,appendix-2,2. God's Messenger of the Covenant,appendix_2.pdf,https://www.masjidtucson.org/quran/appendices/appendix2.html,23,paragraph,,"(2) The Quran is made easy for the sincere believers and seekers (54:17, 22, 32, 40 & 39:28). It is an irrevocable divine law that no one is permitted access to the Quran, let alone its great miracle, unless he or she is a sincere believer who is given specific divine authorization (17:45-46, 18:57, 41:44, 56:79). The unveiling of the Quran's miracle through Rashad Khalifa is a major sign of his messengership."
283,appendix-2,2. God's Messenger of the Covenant,appendix_2.pdf,https://www.masjidtucson.org/quran/appendices/appendix2.html,24,paragraph,,"Table 1: Suras and Verses of ""Rashada"" and ""Khalifa"""
284,appendix-2,2. God's Messenger of the Covenant,appendix_2.pdf,https://www.masjidtucson.org/quran/appendices/appendix2.html,25,table,,"""Rashada"" ""Khalifa"" No. Sura Verse Sura Verse ---- ---- ---- ---- ---- 1. 2 186 (2) 30 2. - 256 38 26 3. 4 6 4. 7 146 5. 11 78 6. - 87 7. - 97 8. 18 10 9. - 17 10. - 24 11. - 66 12. 21 51 13. 40 29 14. - 38 15. 49 7 16. 72 2 17. - 10 18. - 14 (Sura 2 19. - 21 is a Repeat) ----- ----- ----- ---- 224 1145 38 56 224+114 5+38+56 = 1463 = 19x77"
285,appendix-2,2. God's Messenger of the Covenant,appendix_2.pdf,https://www.masjidtucson.org/quran/appendices/appendix2.html,26,paragraph,,"(3) The root word of the name ""Rashad "" is ""Rashada "" (to uphold the right guidance). This root word is mentioned in the Quran 19 times. Nineteen is the Quran's common denominator (see INDEX TO THE WORDS OF QURAN, First Printing, Page 320)."
286,appendix-2,2. God's Messenger of the Covenant,appendix_2.pdf,https://www.masjidtucson.org/quran/appendices/appendix2.html,27,image,,Arabic Rashad
287,appendix-2,2. God's Messenger of the Covenant,appendix_2.pdf,https://www.masjidtucson.org/quran/appendices/appendix2.html,28,image,,Arabic Rashada
288,appendix-2,2. God's Messenger of the Covenant,appendix_2.pdf,https://www.masjidtucson.org/quran/appendices/appendix2.html,29,paragraph,,"(4) The word ""Rashad"" occurs in 40:29 & 38. The word ""Khalifa"" occurs in 2:30 and 38:26. The first ""Khalifa"" refers to a non-human ""Khalifa,"" namely, Satan, while the second occurrence (Sura 38), refers to a human ""Khalifa."" If we add the numbers of suras and verses of ""Rashad"" (40:29, 38) and ""Khalifa"" (38:26) we get 40+29+38+38+26 = 171 = 19x9."
289,appendix-2,2. God's Messenger of the Covenant,appendix_2.pdf,https://www.masjidtucson.org/quran/appendices/appendix2.html,30,paragraph,,"(5) The sum of all sura and verse numbers where all ""Rashada"" and all ""Khalifa"" occur, without discrimination, add up to 1463, 19x77 (Table 1)."
290,appendix-2,2. God's Messenger of the Covenant,appendix_2.pdf,https://www.masjidtucson.org/quran/appendices/appendix2.html,31,paragraph,,"(6) The total of all suras and verses where the root word ""Rashada"" occurs is 1369, or (19x72)+1, while the total for all occurrences of ""Khalifa"" is 94, (19x5)-1. The fact that ""Rashada"" is up by one and ""Khalifa"" is down by one pins down the name as ""Rashad Khalifa,"" and not any ""Rashad"" or any ""Khalifa."""
291,appendix-2,2. God's Messenger of the Covenant,appendix_2.pdf,https://www.masjidtucson.org/quran/appendices/appendix2.html,32,paragraph,,"(7) The gematrical value of ""Rashad"" is 505 and the value of ""Khalifa"" is 725 (Table 7, Appendix 1). If we add the value of ""Rashad Khalifa"" (1230) to the sura numbers, and the number of verses, from the beginning of the Quran to the first occurrence of ""Rashada,"" the total is 1425, 19x75. The details are given in Table 2."
292,appendix-2,2. God's Messenger of the Covenant,appendix_2.pdf,https://www.masjidtucson.org/quran/appendices/appendix2.html,33,paragraph,,"Table 2: The Suras and Verses from the beginning of the Quran to the First occurence of the Root Word ""Rashada"
293,appendix-2,2. God's Messenger of the Covenant,appendix_2.pdf,https://www.masjidtucson.org/quran/appendices/appendix2.html,34,table,,Sura No.of Sum of No. Verses Verse #s ----- ------ -------- 1 7 28 2 185 17205 ----- ------ ------- 3 192 17233 (19x907)
294,appendix-2,2. God's Messenger of the Covenant,appendix_2.pdf,https://www.masjidtucson.org/quran/appendices/appendix2.html,35,paragraph,,"(8) If we add the numbers of all the verses in every sura, i.e., the sum of verse numbers (1+2+3+ ...+n) from the beginning of the Quran to the first occurrence of the root word ""Rashada,"" the total comes to 17233, 19x907 (Table 2)."
295,appendix-2,2. God's Messenger of the Covenant,appendix_2.pdf,https://www.masjidtucson.org/quran/appendices/appendix2.html,36,paragraph,,"(9) The Quranic Initials constitute the basic foundation of the Quran's miracle. These initials occur in suras 2, 3, 7, 10, 11, 12, 13, 14, 15, 19, 20, 26, 27, 28, 29, 30, 31, 32, 36, 38, 40, 41, 42, 43, 44, 45, 46, 50, and 68. If we add the sum of these numbers (822) to the value of ""Rashad Khalifa"" (1230), the total is 2052, 19x108."
296,appendix-2,2. God's Messenger of the Covenant,appendix_2.pdf,https://www.masjidtucson.org/quran/appendices/appendix2.html,37,paragraph,,"Table 3: The Suras Where the Root Word ""Rashada"" Occurs"
297,appendix-2,2. God's Messenger of the Covenant,appendix_2.pdf,https://www.masjidtucson.org/quran/appendices/appendix2.html,38,table,,Sura No.of No. Verses Total ----- ------ ----- 2 286 288 4 176 180 7 206 213 11 123 134 18 110 128 21 112 133 40 85 125 49 18 67 72 28 100 ---- ----- ----- 224 1144 1368 (19x72)
298,appendix-2,2. God's Messenger of the Covenant,appendix_2.pdf,https://www.masjidtucson.org/quran/appendices/appendix2.html,39,paragraph,,"(10) As shown in Table 3, if we add the numbers of all suras where the root word ""Rashada"" occurs, plus the number of verses, we get 1368, or 19x72."
299,appendix-2,2. God's Messenger of the Covenant,appendix_2.pdf,https://www.masjidtucson.org/quran/appendices/appendix2.html,40,paragraph,,"(11) If we write down the sura number, followed by the number of verses per sura, followed by the individual verse numbers, from the first occurrence of the root word ""Rashada"" (2:186) to the last occurrence of ""Rashada"" (72:21), and place these numbers next to each other, we get a very long number that consists of 11087 digits, and is a multiple of 19. This very long number begins with the number of Sura 2, followed by the number of verses in Sura 2 from the first occurrence of ""Rashada"" at verse 186 to the end of the sura (100 verses). Thus, the beginning of the number looks like this: 2 100. The numbers of these 100 individual verses (187 to 286) are placed next to this number. Thus, the number representing Sura 2 looks like this: 2 100 187 188 189 ..... 285 286. The same process is carried out all the way to 72:21, the last occurrence of the root ""Rashada."" The complete number looks like this:"
300,appendix-2,2. God's Messenger of the Covenant,appendix_2.pdf,https://www.masjidtucson.org/quran/appendices/appendix2.html,41,heading,3,2 100 187 188 189 ..... 72 21 1 2 3 ..... 19 20 21
301,appendix-2,2. God's Messenger of the Covenant,appendix_2.pdf,https://www.masjidtucson.org/quran/appendices/appendix2.html,42,paragraph,,"The Sura number is followed by the number of verses, then the numbers of individual verses, from the first to the last occurrence of ""Rashada"" (2:187 through 72:21)"
302,appendix-2,2. God's Messenger of the Covenant,appendix_2.pdf,https://www.masjidtucson.org/quran/appendices/appendix2.html,43,paragraph,,"The complete number consists of 11087 digits, and is divisible by 19."
303,appendix-2,2. God's Messenger of the Covenant,appendix_2.pdf,https://www.masjidtucson.org/quran/appendices/appendix2.html,44,paragraph,,"(12) If we examine the suras and verses from the first occurrence of the root word ""Rashada"" to the word ""Khalifa"" in 38:26, we find that the sum of sura numbers and their numbers of verses is 4541, or 19x239. The details are in Table 4."
304,appendix-2,2. God's Messenger of the Covenant,appendix_2.pdf,https://www.masjidtucson.org/quran/appendices/appendix2.html,45,paragraph,,"Table 4: The Suras and Verses from the First ""Rashada"" to ""Khalifa."""
305,appendix-2,2. God's Messenger of the Covenant,appendix_2.pdf,https://www.masjidtucson.org/quran/appendices/appendix2.html,46,table,,Sura No. of No. Verses Total ---- ------ ----- 2 100(187-286) 102 3 200 203 4 176 180 5 120 125 - - - 35 45 80 36 83 119 37 182 219 38 26 64 ----- ------ ------ 740 3801 4541 (19x239)
306,appendix-2,2. God's Messenger of the Covenant,appendix_2.pdf,https://www.masjidtucson.org/quran/appendices/appendix2.html,47,paragraph,,"(13) When we write down the value of ""Rashad"" (505), followed by the value of ""Khalifa"" (725), followed by every sura number where the root word ""Rashada"" occurs, followed by the numbers of its verses, from the first ""Rashada"" (2:186) to the word ""Khalifa"" (38:26), we get a long number that is divisible by 19."
307,appendix-2,2. God's Messenger of the Covenant,appendix_2.pdf,https://www.masjidtucson.org/quran/appendices/appendix2.html,48,paragraph,,"The first occurrence of ""Rashada"" is in 2:186. So, we write down 2 186. The second occurrence is in 2:256, so we write down 256. The next occurrence is in 4:6, so we write down 4 6, and so on, until we write down 38 26 (""Khalifa"" occurs in 38:26). The complete number looks like this:"
308,appendix-2,2. God's Messenger of the Covenant,appendix_2.pdf,https://www.masjidtucson.org/quran/appendices/appendix2.html,49,heading,3,505 725 2 186 256 4 6 ............... 38 26
309,appendix-2,2. God's Messenger of the Covenant,appendix_2.pdf,https://www.masjidtucson.org/quran/appendices/appendix2.html,50,heading,3,The Only Religion Approved by God is Submission [3:19]
310,appendix-2,2. God's Messenger of the Covenant,appendix_2.pdf,https://www.masjidtucson.org/quran/appendices/appendix2.html,51,paragraph,,(14) The Quran specifies three messengers of Islam (Submission):
311,appendix-2,2. God's Messenger of the Covenant,appendix_2.pdf,https://www.masjidtucson.org/quran/appendices/appendix2.html,52,paragraph,,Abraham delivered all the practices of Islam. The value of his name = 258 Muhammad delivered the Quran. The value of his name = 92 Rashad delivered Islam's proof of authenticity. The value of his name = 505 Total gematrical value of the 3 names = 258+92+505 = 855. (19x45)
312,appendix-2,2. God's Messenger of the Covenant,appendix_2.pdf,https://www.masjidtucson.org/quran/appendices/appendix2.html,53,paragraph,,"The true Judaism, Christianity, and Islam will be consolidated into one religion - complete submission and absolute devotion to God ALONE. The existing religions, including Judaism, Christianity, and Islam are severely corrupted and will simply die out (9:33, 48:28, 61:9). (15) Since the Quran sometimes refers to ""Abraham, Ismail, and Isaac,"" it was suggested that Ismail and Isaac should be included. Remarkably, the addition of Ismail and Isaac gave a total that is still a multiple of 19. As shown in Table 5, the new total is 1235, or 19x65. This divisibility by 19 is not possible if any of the 3 names Abraham, Muhammad, or Rashad is omitted."
313,appendix-2,2. God's Messenger of the Covenant,appendix_2.pdf,https://www.masjidtucson.org/quran/appendices/appendix2.html,54,heading,3,Why 81: Verse 81 & Sura 81
314,appendix-2,2. God's Messenger of the Covenant,appendix_2.pdf,https://www.masjidtucson.org/quran/appendices/appendix2.html,55,paragraph,,"(16) God's Messenger of the Covenant is prophesied in Verse 81 of Sura 3. The addition of the gematrical value of ""Rashad"" (505), plus the gematrical value of ""Khalifa"" (725), plus the Verse number (81), produces 505 + 725 + 81 = 1311 = 19x69."
315,appendix-2,2. God's Messenger of the Covenant,appendix_2.pdf,https://www.masjidtucson.org/quran/appendices/appendix2.html,56,paragraph,,Table 5: Gematrical Value of the 5 Messengers
316,appendix-2,2. God's Messenger of the Covenant,appendix_2.pdf,https://www.masjidtucson.org/quran/appendices/appendix2.html,57,table,,Value of Name Individual Letters Total ------ ------------------ ----- Abraham 1+2+200+5+10+40 258 Ismail 1+60+40+70+10+30 211 Isaac 1+60+8+100 169 Muhammad 40+8+40+4 92 Rashad 200+300+1+4 505 --------------- ---- 1235 1235 (19x65)
317,appendix-2,2. God's Messenger of the Covenant,appendix_2.pdf,https://www.masjidtucson.org/quran/appendices/appendix2.html,58,paragraph,,"(17) If we look at Sura 81, we read about a messenger of God who is powerfully supported and authorized by the Almighty (Verse 19). Thus, Verse 81 of Sura 3, and Sura 81, Verse 19 are strongly connected with the name ""Rashad Khalifa"" 505 + 725 + 81 = 1311 = 19x69"
318,appendix-2,2. God's Messenger of the Covenant,appendix_2.pdf,https://www.masjidtucson.org/quran/appendices/appendix2.html,59,paragraph,,Table 6: The Suras and Verses from 1:1 to 3:81
319,appendix-2,2. God's Messenger of the Covenant,appendix_2.pdf,https://www.masjidtucson.org/quran/appendices/appendix2.html,60,table,,Sura No. of No. Verses Total ------ ------- ------ 1 7 8 2 286 288 3 81 84 ---- ------ ------ 6 374 380 (19x20)
320,appendix-2,2. God's Messenger of the Covenant,appendix_2.pdf,https://www.masjidtucson.org/quran/appendices/appendix2.html,61,paragraph,,"(18) If we add the sura numbers plus the number of verses from the beginning of the Quran to Verse 3:81, where the Messenger of the Covenant is prophesied, the total comes to 380, 19x20. These data are in Table 6."
321,appendix-2,2. God's Messenger of the Covenant,appendix_2.pdf,https://www.masjidtucson.org/quran/appendices/appendix2.html,62,paragraph,,"(19) The gematrical value of Verse 3:81 is 13148, 19x692. This value is obtained by adding the gematrical values of every letter in the verse."
322,appendix-2,2. God's Messenger of the Covenant,appendix_2.pdf,https://www.masjidtucson.org/quran/appendices/appendix2.html,63,paragraph,,"(20) If we look at that portion of Verse 3:81 which refers specifically to the messenger of the Covenant: ""A messenger will come to you, confirming what you have,"" in Arabic:"
323,appendix-2,2. God's Messenger of the Covenant,appendix_2.pdf,https://www.masjidtucson.org/quran/appendices/appendix2.html,65,heading,3,"""Surely, You Are One of the Messengers"" (36:3)"
324,appendix-2,2. God's Messenger of the Covenant,appendix_2.pdf,https://www.masjidtucson.org/quran/appendices/appendix2.html,66,paragraph,,"(21) I was told most assertively, through the angel Gabriel, that Verse 3 of Sura 36 refers specifically to me. If we arrange the initialed suras only, starting with Sura 2, then Sura 3, then Sura 7, and so on, we find that Sura 36, Ya Seen, occupies position number 19. (22) Verse 3 of Sura 36 says, ""Surely, you are one of the messengers."" The gematrical value of this phrase is 612. By adding this value (612), plus the sura number (36), plus the verse number (3), plus the gematrical value of ""Rashad Khalifa"" (505+725), we get 36+3+612+505 +725 = 1881 = 19x99. (23) Sura 36 consists of 83 verses. If we add the sura number (36), plus its number of verses (83), plus the gematrical value of ""Rashad Khalifa"" (505+725), we get 36+83+505+725 = 1349 = 19x71."
325,appendix-2,2. God's Messenger of the Covenant,appendix_2.pdf,https://www.masjidtucson.org/quran/appendices/appendix2.html,67,paragraph,,"(24) From 3:81, where the Messenger of the Covenant is prophesied, to Sura 36, there are 3330 verses. By adding the value of ""Rashad Khalifa"" (1230), to this number of verses (3330), we get 505+725+3330 = 4560, 19x240."
326,appendix-2,2. God's Messenger of the Covenant,appendix_2.pdf,https://www.masjidtucson.org/quran/appendices/appendix2.html,68,paragraph,,"(25) From 3:81 to 36:3 there are 3333 verses. By adding this number to the gematrical value of ""Rashad"" (505), we get 3333+505 = 3838 = 19x202."
327,appendix-2,2. God's Messenger of the Covenant,appendix_2.pdf,https://www.masjidtucson.org/quran/appendices/appendix2.html,69,paragraph,,Table 7: Suras and Verses from Sura 1 to Verse 3 of Sura 36.
328,appendix-2,2. God's Messenger of the Covenant,appendix_2.pdf,https://www.masjidtucson.org/quran/appendices/appendix2.html,70,table,,Sura No.of Sum of No. Verses Verse #s ----- ------ --------- 1 7 28 2 286 41041 3 200 20100 - - - 9 127 8128 - - - 34 54 1485 35 45 1035 36 2 3 ----- ----- ------ 666 3705 257925 (19x195) (19x13575)
329,appendix-2,2. God's Messenger of the Covenant,appendix_2.pdf,https://www.masjidtucson.org/quran/appendices/appendix2.html,71,paragraph,,"(26) The number of verses from 1:1 to 36:3 is 3705, 19x195 (Table 7)."
330,appendix-2,2. God's Messenger of the Covenant,appendix_2.pdf,https://www.masjidtucson.org/quran/appendices/appendix2.html,72,paragraph,,"(27) The sum of verse numbers of every sura from 1:1 to 36:3 is 257925, 19x13575 (Table 7)."
331,appendix-2,2. God's Messenger of the Covenant,appendix_2.pdf,https://www.masjidtucson.org/quran/appendices/appendix2.html,73,paragraph,,"(28) The sum of sura numbers from Sura 1 to Sura 36 is 666 (Table 7). If we add this sum to the gematrical value of ""Rashad Khalifa"" (505+725), plus the gematrical value of verse 36:3 ""Surely, you are one of the messengers,"" (612), the total is: 666+505+725+612=2508= 19x132."
332,appendix-2,2. God's Messenger of the Covenant,appendix_2.pdf,https://www.masjidtucson.org/quran/appendices/appendix2.html,74,paragraph,,"Table 8: The Suras and Verses from the First ""Rashada"" to 36:3"
333,appendix-2,2. God's Messenger of the Covenant,appendix_2.pdf,https://www.masjidtucson.org/quran/appendices/appendix2.html,75,table,,Sura Sum of No. No. Verse #s ----- ------ ---------- 1 2(186-286) 23836 2 3 20100 3 4 15576 4 5 7260 - - - 10 9 8128 - - - 33 34 1485 34 35 1035 35 36(1-3) 6 ---- -------- ------- 665 240695 (19 x 35) 35+665+240695 = 241395 (19x12705)
334,appendix-2,2. God's Messenger of the Covenant,appendix_2.pdf,https://www.masjidtucson.org/quran/appendices/appendix2.html,76,paragraph,,"(29) If we add the sum of verse numbers (1+2+3+ ...+n) from the first occurrence of the root word ""Rashada"" (2:186) to 36:3 (You are one of the messengers) to the total of suras (35), plus the sura numbers themselves, the total is 241395, or 19x12705 (Table 8)."
335,appendix-2,2. God's Messenger of the Covenant,appendix_2.pdf,https://www.masjidtucson.org/quran/appendices/appendix2.html,77,paragraph,,"(30) The sum of sura numbers from the the first occurrence of the root word ""Rashada"" to 36:3 is 665, 19x35. Note that these are 35 suras (Table 8)."
336,appendix-2,2. God's Messenger of the Covenant,appendix_2.pdf,https://www.masjidtucson.org/quran/appendices/appendix2.html,78,heading,3,"""A Messenger to the People of the Scripture"" (Jews, Christians, and Muslims)"
337,appendix-2,2. God's Messenger of the Covenant,appendix_2.pdf,https://www.masjidtucson.org/quran/appendices/appendix2.html,79,paragraph,,"(31) Obviously, the number of this verse is 19, the Quran's common denominator discovered by Rashad, and the number of occurrences of ""Rashada"" in the Quran."
338,appendix-2,2. God's Messenger of the Covenant,appendix_2.pdf,https://www.masjidtucson.org/quran/appendices/appendix2.html,80,paragraph,,"(32) If we add the value of ""Rashad Khalifa"" (1230), plus the sura number (5), plus the verse number (19), we get 1230+5+19 = 1254 = 19x66."
339,appendix-2,2. God's Messenger of the Covenant,appendix_2.pdf,https://www.masjidtucson.org/quran/appendices/appendix2.html,81,paragraph,,"(33) The sum of the sura numbers and the number of verses from the beginning of the Quran to this verse (5:19) is 703, 19x37. See Table 9."
340,appendix-2,2. God's Messenger of the Covenant,appendix_2.pdf,https://www.masjidtucson.org/quran/appendices/appendix2.html,82,paragraph,,Table 9: The Suras and Verses from the Beginning to 5:19
341,appendix-2,2. God's Messenger of the Covenant,appendix_2.pdf,https://www.masjidtucson.org/quran/appendices/appendix2.html,83,table,,Sura No. of No. Verses Total ------ ------- ------- 1 7 8 2 286 288 3 200 203 4 176 180 5 19 24 ---- ------ ------ 15 688 703 (19x37)
342,appendix-2,2. God's Messenger of the Covenant,appendix_2.pdf,https://www.masjidtucson.org/quran/appendices/appendix2.html,84,paragraph,,"(34) Sura 98, ""The Proof,"" Verse 2, proclaims the advent of God's Messenger of the Covenant for the benefit of ""The People of the Scripture (Jews, Christians, and Muslims)."" By adding the gematrical value of ""Rashad Khalifa"" (505+725) to the sura number (98), plus the verse number (2), we get: 505 + 725 + 98 + 2 = 1330 = 19x70."
343,appendix-2,2. God's Messenger of the Covenant,appendix_2.pdf,https://www.masjidtucson.org/quran/appendices/appendix2.html,85,paragraph,,"Those who disbelieved among the people of the scripture (Jews, Christians, Muslims), and the idolators, will not believe, despite the profound sign given to them. [98:1]"
344,appendix-2,2. God's Messenger of the Covenant,appendix_2.pdf,https://www.masjidtucson.org/quran/appendices/appendix2.html,86,heading,4,"A messenger from God, reciting Sacred Scriptures. [98:2]"
345,appendix-2,2. God's Messenger of the Covenant,appendix_2.pdf,https://www.masjidtucson.org/quran/appendices/appendix2.html,87,paragraph,,"(35) It is noteworthy that the word ""Bayyinah,"" which means ""Profound Sign,"" and is the title of Sura 98, occurs in the Quran 19 times. This is another mathematical confirmation that the Quran's proof of divine authorship is based on the prime number 19, and that ""Rashad Khalifa"" is the messenger in 98:2."
346,appendix-2,2. God's Messenger of the Covenant,appendix_2.pdf,https://www.masjidtucson.org/quran/appendices/appendix2.html,88,heading,3,A Profound Messenger Has Come [44:13]
347,appendix-2,2. God's Messenger of the Covenant,appendix_2.pdf,https://www.masjidtucson.org/quran/appendices/appendix2.html,89,paragraph,,"(36) By adding the sura numbers, plus the number of verses in each sura, from the 1:1 to 44:13, the total comes to 5415, 19x19x15 (Table 10)."
348,appendix-2,2. God's Messenger of the Covenant,appendix_2.pdf,https://www.masjidtucson.org/quran/appendices/appendix2.html,90,paragraph,,"(37) The sum of the sura number (44) plus the number of the verse where the messenger is predicted (13) equals 57, 19x3. See Table 10."
349,appendix-2,2. God's Messenger of the Covenant,appendix_2.pdf,https://www.masjidtucson.org/quran/appendices/appendix2.html,91,heading,3,END OF THE WORLD
350,appendix-2,2. God's Messenger of the Covenant,appendix_2.pdf,https://www.masjidtucson.org/quran/appendices/appendix2.html,92,paragraph,,"(38) God is the only Knower of the future; He knows exactly when this world will end (7:187, 31:34, 33:63, 41:47, 43:85). We learn from the Quran that God reveals certain aspects of the future to His chosen messengers. In Appendix 25, evidence is presented that Rashad Khalifa was blessed with unveiling the End of the World, in accordance with 72:27."
351,appendix-2,2. God's Messenger of the Covenant,appendix_2.pdf,https://www.masjidtucson.org/quran/appendices/appendix2.html,93,paragraph,,"(39) The number of verses from the beginning of the Quran to Verse 72:27 is 5472, or 19x72x4. Note that the messenger who is given information about the future in 72:27, and that this sura contains 4 ""Rashada"" words (72:2, 10, 14, & 21). By adding the value of ""Rashad Khalifa"" (1230), plus the sura number (72), plus the numbers of the 4 verses where ""Rashada"" is mentioned, we get 1230+72+2+10+14+21 = 1349 = 19x71."
352,appendix-2,2. God's Messenger of the Covenant,appendix_2.pdf,https://www.masjidtucson.org/quran/appendices/appendix2.html,94,paragraph,,Table 10: The Suras and Verses from 1:1 to 44:13
353,appendix-2,2. God's Messenger of the Covenant,appendix_2.pdf,https://www.masjidtucson.org/quran/appendices/appendix2.html,95,table,,Sura No. of No. Verses Total ----- ------- ------ 1 7 8 2 286 288 3 200 203 4 176 180 5 120 125 - - - 9 127 136 - - - 41 54 95 42 53 95 43 89 132 44 13 57 ------ ------ ----- 990 4425 5415 (19x19x15)
354,appendix-2,2. God's Messenger of the Covenant,appendix_2.pdf,https://www.masjidtucson.org/quran/appendices/appendix2.html,96,paragraph,,"(40) Verse 72:27 begins with the statement: """" (Only the Messenger that He chooses). This reference to the messenger who is chosen by God to receive news about the future has a gematrical value of 1919. Table 11 presents the data."
355,appendix-2,2. God's Messenger of the Covenant,appendix_2.pdf,https://www.masjidtucson.org/quran/appendices/appendix2.html,97,image,,Arabic for 72:27 letters in table 11
356,appendix-2,2. God's Messenger of the Covenant,appendix_2.pdf,https://www.masjidtucson.org/quran/appendices/appendix2.html,98,paragraph,,Table 11: Gematrical Value of the Chosen Messenger in 72:27.
357,appendix-2,2. God's Messenger of the Covenant,appendix_2.pdf,https://www.masjidtucson.org/quran/appendices/appendix2.html,99,image,,Arabic for 72:27 letters in table 11
358,appendix-2,2. God's Messenger of the Covenant,appendix_2.pdf,https://www.masjidtucson.org/quran/appendices/appendix2.html,100,table,,Letter Gematrical -------- ---------- A 1 L 30 A 1 M 40 N 50 A 1 R 200 T 400 D 800 Y 10 M 40 N 50 R 200 S 60 W 6 L 30 ------- 1919
359,appendix-2,2. God's Messenger of the Covenant,appendix_2.pdf,https://www.masjidtucson.org/quran/appendices/appendix2.html,101,heading,3,HOW TO DISTINGUISH GOD'S MESSENGER FROM A FAKE MESSENGER
360,appendix-2,2. God's Messenger of the Covenant,appendix_2.pdf,https://www.masjidtucson.org/quran/appendices/appendix2.html,102,paragraph,,The Quran provides straightforward criteria to distinguish the true messengers of God from the false messengers:
361,appendix-2,2. God's Messenger of the Covenant,appendix_2.pdf,https://www.masjidtucson.org/quran/appendices/appendix2.html,103,paragraph,,"[1] God's messenger advocates the worship of God ALONE, and the abolition of all forms of idol worship."
362,appendix-2,2. God's Messenger of the Covenant,appendix_2.pdf,https://www.masjidtucson.org/quran/appendices/appendix2.html,104,paragraph,,[2] God's messenger never asks for a wage for himself.
363,appendix-2,2. God's Messenger of the Covenant,appendix_2.pdf,https://www.masjidtucson.org/quran/appendices/appendix2.html,105,paragraph,,"[3] God's messenger is given divine, incontrovertible proof of his messengership. Anyone who claims to be God's messenger, and does not meet the three minimum criteria listed above is a false claimant."
364,appendix-2,2. God's Messenger of the Covenant,appendix_2.pdf,https://www.masjidtucson.org/quran/appendices/appendix2.html,106,paragraph,,"The most important difference between God's messenger and a fake messenger is that God's messenger is supported by God, while the fake messenger is not:"
365,appendix-2,2. God's Messenger of the Covenant,appendix_2.pdf,https://www.masjidtucson.org/quran/appendices/appendix2.html,107,paragraph,,"* God's messenger is supported by God's invisible soldiers (3:124-126, 9:26 & 40, 33:9, 37:171-173, 48:4 & 7, 74:31)."
366,appendix-2,2. God's Messenger of the Covenant,appendix_2.pdf,https://www.masjidtucson.org/quran/appendices/appendix2.html,108,paragraph,,* God's messenger is supported by God's treasury (63:7-8).
367,appendix-2,2. God's Messenger of the Covenant,appendix_2.pdf,https://www.masjidtucson.org/quran/appendices/appendix2.html,109,paragraph,,"* God's messenger, as well as the believers, are guaranteed victory and dignity, in this world and forever (40:51 & 58:21)."
368,appendix-2,2. God's Messenger of the Covenant,appendix_2.pdf,https://www.masjidtucson.org/quran/appendices/appendix2.html,110,paragraph,,"Thus, the truthfulness of God's messenger invariably prevails, while the falsehood of a fake messenger invariably, sooner or later, is exposed."
369,appendix-2,2. God's Messenger of the Covenant,appendix_2.pdf,https://www.masjidtucson.org/quran/appendices/appendix2.html,111,heading,2,PRINCIPAL DUTIES OF GOD'S MESSENGER OF THE COVENANT
370,appendix-2,2. God's Messenger of the Covenant,appendix_2.pdf,https://www.masjidtucson.org/quran/appendices/appendix2.html,112,paragraph,,"As stated in the Quran, 3:81, God's Messenger of the Covenant shall confirm all the scriptures, which were delivered by all the prophets, and restore them to their original purity."
371,appendix-2,2. God's Messenger of the Covenant,appendix_2.pdf,https://www.masjidtucson.org/quran/appendices/appendix2.html,113,heading,3,MERCY FROM GOD [21:107]
372,appendix-2,2. God's Messenger of the Covenant,appendix_2.pdf,https://www.masjidtucson.org/quran/appendices/appendix2.html,114,paragraph,,"When the believers are faced with a problem, they develop a number of possible solutions, and this invariably leads to considerable bickering, disunity, and disarray. We learn from 2:151, 3:164, and 21:107 that it is but mercy from God that He sends to us messengers to provide the final solutions to our problems. We learn from 42:51 that God sends His messengers to communicate with us, and to disseminate new information. Hence the strong injunction in 4:65, 80 to accept, without the slightest hesitation, the teachings delivered to us through God's messengers. The following is a list of the principal duties of God's Messenger of the Covenant:"
373,appendix-3,3. We Made the Quran Easy [54:17],appendix_3.pdf,https://www.masjidtucson.org/quran/appendices/appendix3.html,1,heading,1,We Made the Quran Easy [54:17]
374,appendix-3,3. We Made the Quran Easy [54:17],appendix_3.pdf,https://www.masjidtucson.org/quran/appendices/appendix3.html,2,paragraph,,Verse 11:1 informs us that the Quran's Miracle involves [1] the superhuman mathematical design of its physical structure and [2] the simultaneous composition of a literary work of extraordinary excellence.
375,appendix-3,3. We Made the Quran Easy [54:17],appendix_3.pdf,https://www.masjidtucson.org/quran/appendices/appendix3.html,3,paragraph,,"One may be able to meet the numerical distribution requirements of a simple mathematical pattern. However, this is invariably accomplished at the expense of the literary quality. The simultaneous control of the literary style and the intricate mathematical distribution of individual letters throughout the Quran (Appendix 1) is evident in the fact that the Quran is made easy to memorize, understand, and enjoy. Unlike a human-made book, the Quran is enjoyable to read over and over, infinitely."
376,appendix-3,3. We Made the Quran Easy [54:17],appendix_3.pdf,https://www.masjidtucson.org/quran/appendices/appendix3.html,4,paragraph,,"The title of this Appendix is repeated in Sura 54, verses 17, 22, 32, and 40. As it turns out, the Quran's Arabic text is composed in such a way as to remind the reader or the memorizer of the next correct expression, or the next verse. God created us and He knows the most efficient way for fixing literary materials into our memory. Memorization of the Quran has played a vital role in preserving the original text generation after generation at a time when written books were a rarity."
377,appendix-3,3. We Made the Quran Easy [54:17],appendix_3.pdf,https://www.masjidtucson.org/quran/appendices/appendix3.html,5,paragraph,,"Without even realizing it, the person who memorizes the Quran is divinely helped by an intricate literary system as he utters the sounds of the Quranic words. Almost every verse in the Quran contains what I call ""Memory Bells."" Their function is to remind the reader of what comes next. This system is so vast, I will give only two illustrative examples:"
378,appendix-3,3. We Made the Quran Easy [54:17],appendix_3.pdf,https://www.masjidtucson.org/quran/appendices/appendix3.html,6,paragraph,,"1. In Sura 2, Verses 127, 128, and 129 end with two different names of God each. These pairs of names are ""Al-Samee` Al-`Aleem (The Hearer, the Omniscient),"" ""Al-Tawwaab Al-Raheem (The Redeemer, Most Merciful)"", and ""Al-`Azeez Al-Hakeem (The Almighty, Most Wise),"" respectively. If this were a regular book, one would easily mis-match these six names. Not so in the Quran. Each one of these pairs is preceded in the same verse by a ""Memory Bell"" that reminds us of the correct pair of names. Thus, Verse 127 talks about Abraham and Ismail raising the foundations of the Ka`abah. The verse ends with the names ""Al-Samee` Al-`Aleem."" The prominent sounds here are the ""S,"" ""M,"" and "" `Ayn."" These three letters are prominent in the word ""Ismail."" We find that this word is conspicuously delayed in the sentence, while improving its literary quality. Thus, we find that the verse goes like this: ""When Abraham raised the foundations of the Ka`abah, together with Ismail ..."" Normally, a human writer would say, ""When Abraham and Ismail raised the foundations of the Ka`abah...."" But delaying the sounds in ""Ismail"" brings them closer to the end of the verse, and thus reminds us that the correct names of God in this verse are ""Al-Samee` Al-`Aleem."""
379,appendix-3,3. We Made the Quran Easy [54:17],appendix_3.pdf,https://www.masjidtucson.org/quran/appendices/appendix3.html,7,paragraph,,"Verse 128 has the prominent word ""Tubb"" just before the names ""Al- Tawwaab Al-Raheem."" The word ""Tubb"" thus serves as the memory bell. The names of God at the end of 2:129 are ""Azeez, Hakeem."" The prominent sounds here are ""Z"" and ""K."" Obviously, the memory bell in this verse is the word ""Yuzakkeehim."""
380,appendix-3,3. We Made the Quran Easy [54:17],appendix_3.pdf,https://www.masjidtucson.org/quran/appendices/appendix3.html,8,paragraph,,"2. Another good example is found in 3:176, 177, & 178, where the retribution for disbelievers is described as "" `Azeem (Terrible),"" ""Aleem (Painful),"" and ""Muheen (Humiliating),"" respectively. In a human-made book, the memorizer could easily mix up these three descriptions. But we find that each of these adjectives is preceded by powerful memory bells that prevent such a mix-up. The word "" `Azeem"" of Verse 176 is preceded by the word ""Huzzun,"" which is characterized by a stressed letter ""Z."" This serves to remind us of the particular adjective at the end of this verse. The word ""Aleem"" of Verse 177 is preceded by the sound of the word ""Iman"" to serve as a memory bell, and the word ""Muheen"" of 3:178 is preceded by an abundance of ""M"" and ""H"" throughout this verse."
381,appendix-3,3. We Made the Quran Easy [54:17],appendix_3.pdf,https://www.masjidtucson.org/quran/appendices/appendix3.html,9,paragraph,,"Other examples of memory bells include the ending of 3:173 and the beginning of 3:174, the ending of 4:52 and the beginning of 4:53, the ending of 4:61 and the beginning of 4:62, the ending of 18:53 and the beginning of 18:54, and many more."
382,appendix-4,4. Why Was the Quran Revealed in Arabic?,appendix_4.pdf,https://www.masjidtucson.org/quran/appendices/appendix4.html,1,heading,1,Why Was the Quran Revealed in Arabic?
383,appendix-4,4. Why Was the Quran Revealed in Arabic?,appendix_4.pdf,https://www.masjidtucson.org/quran/appendices/appendix4.html,2,paragraph,,"We learn from 41:44 that the sincere believers have access to the Quran, regardless of their mother tongue. The disbelievers, on the other hand, are not permitted access to the Quran, even if they are professors of the Arabic language (17:45, 18:57, 41:44, & 56:79)."
384,appendix-4,4. Why Was the Quran Revealed in Arabic?,appendix_4.pdf,https://www.masjidtucson.org/quran/appendices/appendix4.html,3,paragraph,,"Arabic is the most efficient language in the world, especially when it comes to the precise statement of laws. Since the Quran is a Statute Book, it was crucial that such laws must be clearly stated. God chose Arabic for His Final Testament because of the obvious reason that it is the most suitable language for that purpose. Arabic is unique in its efficiency and accuracy. For example, the word ""they"" in English does not tell you if ""they"" are males or females. In Arabic there is a ""they"" for the males, ""HUM,"" and a ""they"" for the females, ""HUNNA."" There is even a ""they"" for two males, ""HUMAA,"" and a ""they"" for two females, ""HAATAAN."" This feature does not exist in any other language in the world. I came to appreciate this efficiency of the Arabic language when I translated, for example, 2:228. This verse enjoins the divorcee to give up her own wishes to divorce her husband, if she discovers that she is pregnant, and the husband wishes to reconcile - the welfare of the child takes a priority. The efficiency of the Arabic language was extremely helpful in stating this law. Any other language would have made it almost impossible to point out whose wishes are to be superseded, at least not in such a few words as we see in 2:228."
385,appendix-4,4. Why Was the Quran Revealed in Arabic?,appendix_4.pdf,https://www.masjidtucson.org/quran/appendices/appendix4.html,4,paragraph,,"The word ""Qaalataa"" of 28:23, for example, translates into four English words: ""the two women said."" Such is the efficiency of the Arabic language."
386,appendix-4,4. Why Was the Quran Revealed in Arabic?,appendix_4.pdf,https://www.masjidtucson.org/quran/appendices/appendix4.html,5,paragraph,,"Another possible reason for choosing Arabic is the fact that ""He"" and ""She"" do not necessarily imply natural gender. Thus, when God is referred to as ""He,"" this does not imply gender at all. God be glorified; He is neither male, nor female. The usage of ""He"" to refer to God in the English language, for example, has contributed to a false image of God. This was not helped by such distorted expressions as ""Father"" when referring to God. You never find such a reference to God in the Quran."
387,appendix-5,5. Heaven and Hell,appendix_5.pdf,https://www.masjidtucson.org/quran/appendices/appendix5.html,1,heading,1,Heaven and Hell
388,appendix-5,5. Heaven and Hell,appendix_5.pdf,https://www.masjidtucson.org/quran/appendices/appendix5.html,2,paragraph,,"The descriptions of Heaven and Hell throughout the Quran are allegorical. And the Quran tells us so whenever such descriptions occur as independent statements, not within a general subject. See 2:24-26, 13:35, and 47:15. The word ""Mathal"" (allegory) is used in these verses. Linguistically, the word ""Mathal"" in these verses can be removed, and we still have perfect sentences. But it is there because the descriptions of Heaven and Hell are allegorical."
389,appendix-5,5. Heaven and Hell,appendix_5.pdf,https://www.masjidtucson.org/quran/appendices/appendix5.html,3,paragraph,,What Heaven and Hell are really like is far beyond our comprehension. Hence the need for allegory.
390,appendix-5,5. Heaven and Hell,appendix_5.pdf,https://www.masjidtucson.org/quran/appendices/appendix5.html,4,paragraph,,"How can one describe, for example, the taste of chocolate to a person who never tasted chocolate? Allegory will have to be used. The person has to wait to actually taste chocolate in order to know what chocolate tastes like. Whatever allegory we use to describe the taste of chocolate can never approximate the real thing."
391,appendix-5,5. Heaven and Hell,appendix_5.pdf,https://www.masjidtucson.org/quran/appendices/appendix5.html,5,paragraph,,"Heaven already exists, since Adam and Eve were placed in it during their days of innocence (2:35). We learn from Sura 55 that there are two ""High Heavens"" - one for the humans and one for the jinns - and two ""Lower Heavens"" - one for the humans and one for the jinns (see Appendix 11 for more details)."
392,appendix-5,5. Heaven and Hell,appendix_5.pdf,https://www.masjidtucson.org/quran/appendices/appendix5.html,6,paragraph,,Hell is not created yet. It will be created on the Day of Judgment (69:17 & 89:23). More details are given in Appendix 11.
393,appendix-5,5. Heaven and Hell,appendix_5.pdf,https://www.masjidtucson.org/quran/appendices/appendix5.html,7,heading,3,The High Heaven vs The Lower Heaven
394,appendix-5,5. Heaven and Hell,appendix_5.pdf,https://www.masjidtucson.org/quran/appendices/appendix5.html,8,paragraph,,"There are profound differences between the High Heaven and the Lower Heaven. Allegorically, water in the High Heaven flows freely (55:50), while the water of the Lower Heaven needs to be pumped out (55:66)."
395,appendix-5,5. Heaven and Hell,appendix_5.pdf,https://www.masjidtucson.org/quran/appendices/appendix5.html,9,paragraph,,"Allegorically, the High Heaven has all kinds of fruit (55:52), while the Lower Heaven has a limited variety of fruits (55:68)."
396,appendix-5,5. Heaven and Hell,appendix_5.pdf,https://www.masjidtucson.org/quran/appendices/appendix5.html,10,paragraph,,"Allegorically, the pure spouses readily join their spouses in the High Heaven (55:56), while the dwellers of the Lower Heaven must go fetch their spouses (55:72)."
397,appendix-5,5. Heaven and Hell,appendix_5.pdf,https://www.masjidtucson.org/quran/appendices/appendix5.html,11,paragraph,,"Yet, even the Lower Heaven is an incredibly fantastic prize for those who are fortunate enough to escape Hell and end up in the Lower Heaven (3:185) - going to the Lower Heaven is a great triumph. People who depart this life before reaching their 40th birthday, and did not sufficiently develop their souls, will go to the Lower Heaven (46:15, Appendices 11 & 32). The High Heaven is reserved for those who believed, led a righteous life, and developed their souls sufficiently."
398,appendix-5,5. Heaven and Hell,appendix_5.pdf,https://www.masjidtucson.org/quran/appendices/appendix5.html,12,paragraph,,"Whoever succeeds in barely missing Hell, and is admitted into Heaven, has attained a great triumph. [3:185]"
399,appendix-6,6. Greatness of God,appendix_6.pdf,https://www.masjidtucson.org/quran/appendices/appendix6.html,1,heading,1,Greatness of God
400,appendix-6,6. Greatness of God,appendix_6.pdf,https://www.masjidtucson.org/quran/appendices/appendix6.html,2,paragraph,,"We learn from Verse 39:67 that God's greatness is far beyond human comprehension - the verse states that all seven universes are ""folded within God's hand."""
401,appendix-6,6. Greatness of God,appendix_6.pdf,https://www.masjidtucson.org/quran/appendices/appendix6.html,3,paragraph,,"Supported by the Quran's formidable mathematical code, we are taught that our universe is the smallest and innermost of seven universes (41:12, 55:33, 67:5, & 72:8-12). Meanwhile, our scientific advances have shown us that our galaxy, the Milky Way, is 100,000 light years across, and that our universe contains a billion such galaxies and a billion trillion stars, plus countless decillions of heavenly bodies. Our universe is estimated to span distances in excess of 20,000,000,000 light years."
402,appendix-6,6. Greatness of God,appendix_6.pdf,https://www.masjidtucson.org/quran/appendices/appendix6.html,4,heading,3,Count the Stars!
403,appendix-6,6. Greatness of God,appendix_6.pdf,https://www.masjidtucson.org/quran/appendices/appendix6.html,5,paragraph,,"If we take only a quintillion [1,000,000,000,000,000,000] of the stars and simply count them [from 0 to quintillion] one count per second, day and night, this will take 32 billion years (more than the age of the universe). That is how long it will take to just ""count"" them; but God ""created"" them. Such is the greatness of God."
404,appendix-6,6. Greatness of God,appendix_6.pdf,https://www.masjidtucson.org/quran/appendices/appendix6.html,6,paragraph,,"We can appreciate the vastness of our universe if we imagine going on a space odyssey. When we leave the planet Earth towards the sun, at the speed of light, we reach the sun after 93,000,000 miles and 8 minutes. It will take us more than 50,000 years at the speed of light to exit our galaxy. From the outer limit of the Milky Way, our planet Earth is invisible. Not even the most powerful telescope can detect our tiny ""Earth."""
405,appendix-6,6. Greatness of God,appendix_6.pdf,https://www.masjidtucson.org/quran/appendices/appendix6.html,7,image,,"seven universes, each surrounding the next"
406,appendix-6,6. Greatness of God,appendix_6.pdf,https://www.masjidtucson.org/quran/appendices/appendix6.html,8,paragraph,,"We have to spend more than 2,000,000 years at the speed of light to reach our next-door galaxy. At least 10,000,000,000 years, at the speed of light, must be spent to reach the outer limit of our universe. From the outer limit of our universe, even the Milky Way is like a speck of dust in a large room."
407,appendix-6,6. Greatness of God,appendix_6.pdf,https://www.masjidtucson.org/quran/appendices/appendix6.html,9,paragraph,,"The second universe surrounds our universe. The third universe is larger than the second, and so on. More accurately, our universe should be considered the seventh universe, surrounded by the sixth universe, which is surrounded by the fifth universe, and so on. Can you imagine the vastness of the first, outermost universe? No number exists to describe the circumference of the first universe. This incomprehensible vastness is ""within the fist of God's hand."" From the outer limit of the outermost universe, where is the planet Earth? How significant is it? On the infinitesimal mote called Earth, such minuscule creatures as Mary, Jesus, and Muhammad lived. Yet, some people set up these powerless humans as gods!"
408,appendix-6,6. Greatness of God,appendix_6.pdf,https://www.masjidtucson.org/quran/appendices/appendix6.html,10,paragraph,,"God's greatness is represented not only by the fact that He holds the seven universes in His hand, but also by the fact that He fully controls every atom, even subatomic components, everywhere in the greater universe (6:59, 10:61, & 34:3)."
409,appendix-7,7. Why Were We Created ?,appendix_7.pdf,https://www.masjidtucson.org/quran/appendices/appendix7.html,1,heading,1,Why Were We Created ?
410,appendix-7,7. Why Were We Created ?,appendix_7.pdf,https://www.masjidtucson.org/quran/appendices/appendix7.html,2,paragraph,,"We are in this world because we committed a horrendous crime, and this life is our chance to redeem ourselves, denounce our crime, and rejoin God's kingdom."
411,appendix-7,7. Why Were We Created ?,appendix_7.pdf,https://www.masjidtucson.org/quran/appendices/appendix7.html,3,paragraph,,"It all began a few billion years ago when ""a feud arose in the Heavenly Society"" (38:69). One of the high-ranking creatures, Satan, entertained supercilious thoughts that his God-given powers qualified him to be a god besides God. He thus challenged God's absolute authority. Not only was Satan's idea blasphemous, it was wrong - only God, and no one else, possesses the qualifications and ability to be a god. Consequent to Satan's blasphemy, a division occurred in the Heavenly Society, and all constituents of God's kingdom became classified into four categories:"
412,appendix-7,7. Why Were We Created ?,appendix_7.pdf,https://www.masjidtucson.org/quran/appendices/appendix7.html,4,list,,"Angels: Creatures who upheld God's absolute authority. Animals: Rebels (animals, trees, stars, etc.) who took advantage of God's offer to repent and re-enter His kingdom. [From Introduction.] Jinns: Creatures who agreed with Satan; that he is capable of being a ""god."" Humans: Creatures who did not make up their minds; they failed to make a firm stand with God's absolute authority."
413,appendix-7,7. Why Were We Created ?,appendix_7.pdf,https://www.masjidtucson.org/quran/appendices/appendix7.html,5,heading,3,The Most Merciful
414,appendix-7,7. Why Were We Created ?,appendix_7.pdf,https://www.masjidtucson.org/quran/appendices/appendix7.html,6,paragraph,,"The angels expected God to banish the creatures who did not uphold His absolute authority (2:30). But God is Most Merciful; He decided to give us a chance to denounce our mistake, and informed the angels that He knew what they did not know (2:30). God knew that some creatures deserved a chance to be redeemed."
415,appendix-7,7. Why Were We Created ?,appendix_7.pdf,https://www.masjidtucson.org/quran/appendices/appendix7.html,7,paragraph,,"If you claim the ability to fly a plane, the best way to test your claim is to give you a plane and ask you to fly it. This is precisely what God decided to do in response to Satan's claim. God created seven vast universes, then informed the angels that He was appointing Satan as a god on the tiny mote called ""Earth"" (2:30). The Quranic accounts related to appointing Satan as a temporary ""god"" (36:60) confirm the previous scripture."
416,appendix-7,7. Why Were We Created ?,appendix_7.pdf,https://www.masjidtucson.org/quran/appendices/appendix7.html,8,table,,"You, Lucifer, said in your heart: ""I will scale the heavens. Above the stars of God. I will set up my throne. I will take my seat on the Mount of Congregation, in the recesses of the North. I will ascend above the tops of the clouds; I will be like the Most High!"" [Isaiah 14:13-15] The devil then took Jesus up a very high mountain and displayed before him all the kingdoms of the world in their magnificence, promising: ""All these will I bestow on you if you prostrate yourself in homage before me."" At this, Jesus said to him, ""Away with you, Satan! Scripture has it: `You shall worship the Lord your God; Him ALONE shall you adore.'"" [Matthew 4:8-10] & [Luke 4:5-8]"
417,appendix-7,7. Why Were We Created ?,appendix_7.pdf,https://www.masjidtucson.org/quran/appendices/appendix7.html,9,paragraph,,"God's plan called for creating death (67:1-2), then bringing the humans and jinns into this world. Thus, they start over without any biases, and exercise full freedom to uphold God's absolute authority or Satan's polytheistic theory. To make this crucial decision, every human being receives a message from God advocating His absolute authority, as well as a message from Satan pushing his polytheistic principles."
418,appendix-7,7. Why Were We Created ?,appendix_7.pdf,https://www.masjidtucson.org/quran/appendices/appendix7.html,10,paragraph,,"To give us a headstart, the Most Merciful gathered all the human beings before Him, prior to sending us to this world, and we bore witness that He alone is our Lord and Master (7:172). Thus, upholding God's absolute authority is a natural instinct that is an integral part of every human being."
419,appendix-7,7. Why Were We Created ?,appendix_7.pdf,https://www.masjidtucson.org/quran/appendices/appendix7.html,11,paragraph,,"After putting the rebels to death, the souls of humans and jinns were placed in a special depository. God then created the appropriate bodies to house the souls of jinns and humans during the test period. The first jinn body was made from fire, and Satan was assigned to that body (15:27). The first human body was created from earthly material, clay (15:26), and God assigned the first human soul to that body. The divine plan called for the angels to serve the humans on earth - guard them, drive the wind and rain for them, distribute provisions, etc. This fact is stated in the Quran allegorically: ""Your Lord said to the angels, `Fall prostrate before Adam.'"" Satan of course refused to have anything to do with serving the human race (2:34, 7:11, 17:61, 18:50, 20:116)."
420,appendix-7,7. Why Were We Created ?,appendix_7.pdf,https://www.masjidtucson.org/quran/appendices/appendix7.html,12,paragraph,,"While Adam's body remained on earth, the real person, the soul, was admitted into Heaven in the outermost universe. God gave Adam certain commandments, represented by the forbidden tree, and Satan was appointed as Adam's companion to deliver to Adam his satanic message. The rest is history."
421,appendix-7,7. Why Were We Created ?,appendix_7.pdf,https://www.masjidtucson.org/quran/appendices/appendix7.html,13,paragraph,,"Every time a human being is born, a human person is assigned to the new baby from the depository of souls. God assigns the souls in accordance with His knowledge (28:68). Every soul deserves to be assigned to a certain body, and live under certain circumstances. God alone knows which souls are good and which souls are evil. Our children are assigned to our homes in accordance with God's plan."
422,appendix-7,7. Why Were We Created ?,appendix_7.pdf,https://www.masjidtucson.org/quran/appendices/appendix7.html,14,paragraph,,"An independent jinn soul is also assigned to the new human being to represent Satan's point of view. While the physical body of any jinn is reproduced from the parent jinns, the jinn soul is that of an independent individual. Jinns are descendants of Satan (7:27, 18:50). The assigned jinn remains with the human being from birth to death, and serves as the main witness on the Day of Judgment (50:23). A continuous debate takes place in our heads between the human soul and the jinn soul until both of them are convinced of one point of view."
423,appendix-7,7. Why Were We Created ?,appendix_7.pdf,https://www.masjidtucson.org/quran/appendices/appendix7.html,15,heading,3,The Original Sin
424,appendix-7,7. Why Were We Created ?,appendix_7.pdf,https://www.masjidtucson.org/quran/appendices/appendix7.html,16,paragraph,,"Contrary to common belief, the ""Original Sin"" was not Adam's violation of God's law when he ate from the forbidden tree. The original sin was our failure to uphold God's absolute authority during the Great Feud. If the human person convinces his or her jinn companion to denounce that original sin, and uphold God's absolute authority, both creatures are redeemed to God's eternal kingdom on the Day of Judgment. But if the jinn companion convinces the human being to uphold Satan's idolatrous views, then both creatures are exiled forever from God's kingdom."
425,appendix-7,7. Why Were We Created ?,appendix_7.pdf,https://www.masjidtucson.org/quran/appendices/appendix7.html,17,paragraph,,"To promote his point of view, Satan and his representatives advocate the idolization of such powerless creatures as Muhammad, Jesus, Mary, and the saints. Since we are here due to our polytheistic tendencies, most of us are easy prey for Satan."
426,appendix-7,7. Why Were We Created ?,appendix_7.pdf,https://www.masjidtucson.org/quran/appendices/appendix7.html,18,paragraph,,"Satan's incompetence as a ""god"" has already been proven by the prevalence of chaos, disease, accidents, misery, and war throughout his dominion (36:66). On the other hand, the human beings who denounce Satan, uphold God's absolute authority, and refrain from idolizing powerless and dead creatures like Jesus and Muhammad, are restored to God's protection - they enjoy a perfect life here in this world and forever."
427,appendix-7,7. Why Were We Created ?,appendix_7.pdf,https://www.masjidtucson.org/quran/appendices/appendix7.html,19,paragraph,,"Because our life in this world is a series of tests designed to expose our polytheistic ideas, idol worship is the only unforgivable offense (4:48, 116). The world is divinely designed to manifest our decision to uphold either God's absolute authority, or Satan's idolatrous views (67:1-2). The day and the night change constantly to test our willingness to uphold God's laws by observing the Dawn Prayer and fasting during the hottest and longest days. Only those who are totally certain about God's absolute authority are redeemed (26:89)."
428,appendix-8,8. The Myth of Intercession,appendix_8.pdf,https://www.masjidtucson.org/quran/appendices/appendix8.html,1,heading,1,The Myth of Intercession
429,appendix-8,8. The Myth of Intercession,appendix_8.pdf,https://www.masjidtucson.org/quran/appendices/appendix8.html,2,paragraph,,"To believe that anyone, other than God, can intercede on our behalf to have our sins forgiven or our wishes fulfilled, is to set up partners with God. This is idolatry. The Quran proclaims that ""All intercession belongs to God"" (39:44), and that there will be ""no intercession on the Day of Judgment"" (2:254)."
430,appendix-8,8. The Myth of Intercession,appendix_8.pdf,https://www.masjidtucson.org/quran/appendices/appendix8.html,3,paragraph,,"The myth of intercession is one of Satan's most effective tricks to dupe millions of people into idol worship. Millions of Christians believe that Jesus will intercede for them at God, and millions of Muslims believe that Muhammad will intercede on their behalf. Consequently, these people idolize Jesus and Muhammad."
431,appendix-8,8. The Myth of Intercession,appendix_8.pdf,https://www.masjidtucson.org/quran/appendices/appendix8.html,4,paragraph,,"The concept of intercession is utterly illogical. Those who believe in Muhammad's intercession, for example, claim that he will ask God to forgive them and admit them into Paradise. They imagine Muhammad on the Day of Judgment choosing the candidates for his intercession. If you ask those who believe in intercession: ""How will Muhammad recognize those who deserve his intercession?"" they tell you, ""God will tell him!"" According to this concept, a person will go to Muhammad and request his intercession. Muhammad will then ask God whether this person deserves his intercession or not. God will inform Muhammad that the person deserves to go to Paradise. Muhammad will then turn around and tell God that the person deserves to go to Paradise! The blasphemy is obvious; those who believe in intercession make God a secretary of their idol Muhammad. God be glorified."
432,appendix-8,8. The Myth of Intercession,appendix_8.pdf,https://www.masjidtucson.org/quran/appendices/appendix8.html,5,paragraph,,"Since the Quran is the most accurate book, it acknowledges that everyone in Paradise will intercede on behalf of his or her loved ones: ""Please God, admit my mother into Paradise."" This intercession will work if the person's mother deserves to go to Paradise (2:255, 20:109, 21:28). Thus, intercession, though it will take place in this manner, is utterly useless."
433,appendix-8,8. The Myth of Intercession,appendix_8.pdf,https://www.masjidtucson.org/quran/appendices/appendix8.html,6,paragraph,,"We learn from the Quran that Abraham, God's beloved servant, could not intercede on behalf of his father (9:114). Noah could not intercede on behalf of his son (11:46). Muhammad could not intercede on behalf of his uncle (111:1-3) or relatives (9:80). What makes anyone think that a prophet or a saint will intercede on behalf of a perfect stranger?! See 2:48, 123; 6:51, 70, 94; 7:53; 10:3; 19:87; 26:100; 30:13; 32:4; 36:23; 39:44; 40:18; 43:86; 53:26 & 74:48. Muhammad's intercession is in 25:30."
434,appendix-9,9. Abraham: Original Messenger of Islam,appendix_9.pdf,https://www.masjidtucson.org/quran/appendices/appendix9.html,1,heading,1,Abraham: Original Messenger of Islam
435,appendix-9,9. Abraham: Original Messenger of Islam,appendix_9.pdf,https://www.masjidtucson.org/quran/appendices/appendix9.html,2,paragraph,,"One of the prevalent myths is that Muhammad was the founder of Islam. Although Islam, total submission to God alone, is the only religion recognized by God since the time of Adam (3:19, 85), Abraham is reported in the Quran as the first user of the word ""Islam"" and the one who called us ""Muslims"", i.e., Submitters (22:78). Abraham's exemplary submission to God is demonstrated by his famous willingness to sacrifice his only son, Ismail, when he thought that that was God's command. As it turns out, such a command was in fact from Satan."
436,appendix-9,9. Abraham: Original Messenger of Islam,appendix_9.pdf,https://www.masjidtucson.org/quran/appendices/appendix9.html,3,heading,3,God Never Ordered Abraham to Sacrifice His Son
437,appendix-9,9. Abraham: Original Messenger of Islam,appendix_9.pdf,https://www.masjidtucson.org/quran/appendices/appendix9.html,4,paragraph,,"God is the Most Merciful. He never violates His own law (7:28). Any person who believes that the Most Merciful ordered Abraham to kill his son cannot possibly make it to God's Heaven. Such evil thought about God is grossly blasphemous. Nowhere in the Quran do we see that God ordered Abraham to kill his son. On the contrary, God intervened to save Abraham and Ismail from Satan's plot (37:107), and He told Abraham: ""You believed the dream"" (37:105). Undoubtedly, it was a dream inspired by Satan. God's irrevocable law is: ""God never advocates sin"" (7:28)"
438,appendix-9,9. Abraham: Original Messenger of Islam,appendix_9.pdf,https://www.masjidtucson.org/quran/appendices/appendix9.html,5,heading,3,Millat Ibrahim
439,appendix-9,9. Abraham: Original Messenger of Islam,appendix_9.pdf,https://www.masjidtucson.org/quran/appendices/appendix9.html,6,paragraph,,"Islam is called ""Millat Ibrahim"" (The Religion of Abraham) throughout the Quran (2:130, 135; 3:95; 4:125; 6:161; 12:37-38; 16:123; 21:73; 22:78). Moreover, the Quran informs us that Muhammad was a follower of Abraham (16:123)."
440,appendix-9,9. Abraham: Original Messenger of Islam,appendix_9.pdf,https://www.masjidtucson.org/quran/appendices/appendix9.html,7,paragraph,,"Due to a general unawareness of the fact that Abraham was the original messenger of Islam (Submission), many so-called Muslims challenge God: ""If the Quran is complete and fully detailed (as claimed by God), where can we find the number of Rak`ahs (units) in each contact prayer (Salat)?"" We learn from the Quran that all religious practices of Islam were already established before the Quran's revelation (8:35, 9:54, 16:123, 21:73, 22:27, 28:27). Verse 16:123 is direct proof that all religious practices in Islam were intact when Muhammad was born. Muhammad was enjoined to ""follow the religion of Abraham."" If I ask you to buy a color TV, it is assumed that you know what a color TV is. Similarly, when God enjoined Muhammad to follow the practices of Abraham (16:123), such practices must have been well known."
441,appendix-9,9. Abraham: Original Messenger of Islam,appendix_9.pdf,https://www.masjidtucson.org/quran/appendices/appendix9.html,8,paragraph,,"Another proof of divine preservation of the Islamic practices given to Abraham is the ""Universal Acceptance"" of such practices. There is no dispute concerning the number of Rak`ahs in all five daily prayers. This proves the divine preservation of Salat. The Quran's mathematical code confirms the number of Rak`ahs in the five prayers 2, 4, 4, 3, and 4, respectively. The number 24434 is a multiple of 19."
442,appendix-9,9. Abraham: Original Messenger of Islam,appendix_9.pdf,https://www.masjidtucson.org/quran/appendices/appendix9.html,9,paragraph,,"The Quran deals only with practices that were distorted. For example, the distorted ablution is restored in 5:6 to its original four steps. The tone of voice during the contact prayers (Salat) was distorted - many Muslims pray silently. This was corrected in the Quran, 17:110. The fasting during Ramadan was modified in the Quran to allow intercourse during the night (2:187). Zakat is restored in 6:141, and Hajj is restored to the four correct months (see Appendix 15)."
443,appendix-10,10. God's Usage of the Plural Tense,appendix_10.pdf,https://www.masjidtucson.org/quran/appendices/appendix10.html,1,heading,1,God's Usage of the Plural Tense
444,appendix-10,10. God's Usage of the Plural Tense,appendix_10.pdf,https://www.masjidtucson.org/quran/appendices/appendix10.html,2,paragraph,,"In the English speaking world, where the trinity doctrine is prevalent, some people are intrigued by God's usage of the plural tense in the Quran. The overwhelming message of the Quran, where there is absolutely no compromise is that ""GOD IS ONE"" (2:133, 163; 4:171; 5:73; 6:19; 9:31; 12:39; 13:16; 14:48, 52; 16:22, 51; 18:110; 21:108; 22:34; 37:4; 38:65; 39:4; 40:16; 41:6; 112:1)."
445,appendix-10,10. God's Usage of the Plural Tense,appendix_10.pdf,https://www.masjidtucson.org/quran/appendices/appendix10.html,3,paragraph,,"Whenever the first person plural form is used by the Almighty, it invariably indicates participation of other entities, such as the angels. For example, the revelation of this Quran involved participation of the angel Gabriel and the prophet Muhammad. Hence the use of the plural form in 15:9: ""We revealed this scripture, and we will preserve it."" The plural form here simply reflects the fact that the angel Gabriel and the prophet Muhammad participated in the process of delivering the Quran."
446,appendix-10,10. God's Usage of the Plural Tense,appendix_10.pdf,https://www.masjidtucson.org/quran/appendices/appendix10.html,4,paragraph,,"Another example has to do with blowing the breath of life into Adam and Jesus. The creation of Adam took place in heaven and God directly blew into him the breath of life. Thus, the first person singular form is consistently used: ""I blew into Adam from My spirit"" (15:29, 38:72). The creation of Jesus, on the other hand, took place on earth, and Gabriel carried God's ""word"" to Mary. The plural form is consistently used when referring to the creation of Jesus (21:91, 66:12)."
447,appendix-10,10. God's Usage of the Plural Tense,appendix_10.pdf,https://www.masjidtucson.org/quran/appendices/appendix10.html,5,paragraph,,"When God spoke to Moses directly, without the mediation of angels, we see that God is speaking exclusively in the singular tense: ""I am God. There is no other god besides Me. You shall worship Me alone, and observe the regular contact prayers (Salat) to commemorate Me."" (20:12-14)."
448,appendix-10,10. God's Usage of the Plural Tense,appendix_10.pdf,https://www.masjidtucson.org/quran/appendices/appendix10.html,6,paragraph,,"Whenever the worship of God is mentioned, the singular tense is used (51:56)."
449,appendix-11,11. The Day of Resurrection,appendix_11.pdf,https://www.masjidtucson.org/quran/appendices/appendix11.html,1,heading,1,The Day of Resurrection
450,appendix-11,11. The Day of Resurrection,appendix_11.pdf,https://www.masjidtucson.org/quran/appendices/appendix11.html,2,table,,"The horn is blown, whereupon everyone in the heavens and the earth is struck unconscious, except those spared by God. Then it is blown a second time, whereupon they rise up. [39:68]"
451,appendix-11,11. The Day of Resurrection,appendix_11.pdf,https://www.masjidtucson.org/quran/appendices/appendix11.html,3,paragraph,,"All generations of humans and jinns will be resurrected on this earth; about 150 billion of them. But we will not be earthbound. God teaches us through the example of the caterpillar; it turns into a pupa in the cocoon (grave), then exits the cocoon as an airborne butterfly. Similarly, we live here on earth, and when we exit the grave on the Day of Resurrection we will not be earthbound; like the butterfly (101:4)."
452,appendix-11,11. The Day of Resurrection,appendix_11.pdf,https://www.masjidtucson.org/quran/appendices/appendix11.html,4,paragraph,,"The earth will shine with the light of God (39:69) as He comes to our universe, together with the angels (89:22). Since our universe is a temporary dominion for Satan, it cannot stand the physical presence of God (7:143). As the Almighty approaches, the stars will crash into one another (77:8, 81:2), and the earth will shatter under our feet (69:14, 89:21). These horrors will not worry the believers (21:103)."
453,appendix-11,11. The Day of Resurrection,appendix_11.pdf,https://www.masjidtucson.org/quran/appendices/appendix11.html,5,heading,3,The High Heaven
454,appendix-11,11. The Day of Resurrection,appendix_11.pdf,https://www.masjidtucson.org/quran/appendices/appendix11.html,6,paragraph,,"Upon arrival of Almighty God, all the humans and jinns will be automatically stratified according to their degree of growth and development. Those who nourished their souls through worshiping God alone, believing in the Hereafter, and leading a righteous life will be strong enough to stay close to God; they will occupy the highest ranks (see Appendix 5)."
455,appendix-11,11. The Day of Resurrection,appendix_11.pdf,https://www.masjidtucson.org/quran/appendices/appendix11.html,7,heading,3,The Lower Heaven
456,appendix-11,11. The Day of Resurrection,appendix_11.pdf,https://www.masjidtucson.org/quran/appendices/appendix11.html,8,paragraph,,"Those who developed their souls to a lesser degree, as well as those who die before the age of forty, will move downward to the Lower Heaven. They will go to the location where they can be as close to God as their degree of growth and development permits them to be."
457,appendix-11,11. The Day of Resurrection,appendix_11.pdf,https://www.masjidtucson.org/quran/appendices/appendix11.html,9,heading,3,The Purgatory
458,appendix-11,11. The Day of Resurrection,appendix_11.pdf,https://www.masjidtucson.org/quran/appendices/appendix11.html,10,paragraph,,"There will be people who nourished their souls just enough to spare them Hell, but not enough to enter the Lower Heaven. They are neither in Hell, nor in Heaven. They will implore God to admit them into the Lower Heaven (7:46-50). God will have mercy on them, and will merge the Purgatory into the Lower Heaven."
459,appendix-11,11. The Day of Resurrection,appendix_11.pdf,https://www.masjidtucson.org/quran/appendices/appendix11.html,11,heading,3,Hell
460,appendix-11,11. The Day of Resurrection,appendix_11.pdf,https://www.masjidtucson.org/quran/appendices/appendix11.html,12,paragraph,,"A new, eighth universe will be created to house those who run away from God due to their weakness; they failed to nourish and develop their souls (69:17). God does not put a single being in Hell; they go to it on their own volition (Appendix 5)."
461,appendix-12,12. Role of the Prophet Muhammad,appendix_12.pdf,https://www.masjidtucson.org/quran/appendices/appendix12.html,1,heading,1,Role of the Prophet Muhammad
462,appendix-12,12. Role of the Prophet Muhammad,appendix_12.pdf,https://www.masjidtucson.org/quran/appendices/appendix12.html,2,paragraph,,"The Prophet's sole mission was to deliver Quran, the whole Quran, and nothing but Quran (3:20; 5:48-50, 92, 99; 6:19; 13:40; 16:35, 82; 24:54; 29:18; 42:48; 64:12)."
463,appendix-12,12. Role of the Prophet Muhammad,appendix_12.pdf,https://www.masjidtucson.org/quran/appendices/appendix12.html,3,paragraph,,"Delivering the Quran was such a momentous and noble mission that the Prophet did not have any time to do anything else. Moreover, the Prophet was enjoined in the strongest words from issuing any religious teachings besides the Quran (69:38-47). He was even enjoined from explaining the Quran (75:15-19) — God is the only teacher of the Quran (55:1-2) and the Quran is the best Hadith (39:23 & 45:6)."
464,appendix-12,12. Role of the Prophet Muhammad,appendix_12.pdf,https://www.masjidtucson.org/quran/appendices/appendix12.html,4,paragraph,,"These Quranic facts are manifested in the historical reality that the words and actions (Hadith & Sunna) attributed to the Prophet did not appear until the second century after his death. The Quran has prophesied the fabrication of Hadith and Sunna by the Prophet's enemies (6:112-115). The Quran teaches us that it was God's will to permit the invention of Hadith and Sunna to serve as criteria for exposing those who believe only with their lips, not in their hearts. Those who are attracted to Hadith and Sunna are proven to be false believers (6:113). Ironically, the books of Hadith report the Prophet's orders to write down nothing from him except the Quran! Shown below are two such Hadiths taken from the Hadithists' most reliable sources, Sahih Muslim and Is-haah Ahmad Ibn Hanbal:"
465,appendix-12,12. Role of the Prophet Muhammad,appendix_12.pdf,https://www.masjidtucson.org/quran/appendices/appendix12.html,5,image,,Arabic: Do not down write anything from me except Quran
466,appendix-12,12. Role of the Prophet Muhammad,appendix_12.pdf,https://www.masjidtucson.org/quran/appendices/appendix12.html,6,image,,Arabic: Prophet maintained anti-hadith stand until death
467,appendix-13,"13. The First Pillar of Islam (Submission):
""Laa Elaaha Ellaa Allah"" (No god except God)",appendix_13.pdf,https://www.masjidtucson.org/quran/appendices/appendix13.html,1,heading,1,"The First Pillar of Islam (Submission): ""Laa Elaaha Ellaa Allah"" (No god except God)"
468,appendix-13,"13. The First Pillar of Islam (Submission):
""Laa Elaaha Ellaa Allah"" (No god except God)",appendix_13.pdf,https://www.masjidtucson.org/quran/appendices/appendix13.html,2,paragraph,,"Verse 3:18 states the First Pillar of Islam (Submission): ""God bears witness that there is no other god besides Him, and so do the angels and those who possess knowledge."""
469,appendix-13,"13. The First Pillar of Islam (Submission):
""Laa Elaaha Ellaa Allah"" (No god except God)",appendix_13.pdf,https://www.masjidtucson.org/quran/appendices/appendix13.html,3,paragraph,,"This most crucial pillar has been distorted. Millions of Muslims have adopted Satan's polytheistic version, and insist upon mentioning the name of Muhammad besides the name of God. However, the Quran's great criterion in 39:45 stamps such Muslims as disbelievers: ""When God ALONE is mentioned, the hearts of those who do disbelieve in the Hereafter shrink with aversion, but when others are mentioned with Him, they become satisfied."""
470,appendix-13,"13. The First Pillar of Islam (Submission):
""Laa Elaaha Ellaa Allah"" (No god except God)",appendix_13.pdf,https://www.masjidtucson.org/quran/appendices/appendix13.html,4,paragraph,,"I have conducted extensive research into this criterion, and I have reached a startling conclusion: the idol worshipers who do not uphold the First Pillar of Islam as dictated in 3:18 are forbidden by God from uttering the correct Shahadah. They simply cannot say: ""Ash-hadu Allaa Elaaha Ellaa Allah"" by itself, without mentioning the name of Muhammad. Try it with any idol worshiper who claims to be a Muslim. Challenge them to say: ""Ash-hadu Allaa Elaaha Ellaa Allah."" They can never say it. Since this is the religion of Abraham (2:130, 135; 3:95; 4:125; 6:161; 12:37-38; 16:123; 22:78; Appendix 9), the ONLY creed must be ""LAA ELAAHA ELLAA ALLAH (there is no god except the One God)"". Muhammad did not exist on earth before Abraham."
471,appendix-13,"13. The First Pillar of Islam (Submission):
""Laa Elaaha Ellaa Allah"" (No god except God)",appendix_13.pdf,https://www.masjidtucson.org/quran/appendices/appendix13.html,5,heading,3,A Gross Blasphemy
472,appendix-13,"13. The First Pillar of Islam (Submission):
""Laa Elaaha Ellaa Allah"" (No god except God)",appendix_13.pdf,https://www.masjidtucson.org/quran/appendices/appendix13.html,6,paragraph,,"There is no greater blasphemy than distorting the Quran to idolize the prophet Muhammad against his will. Verse 19 of Sura ""Muhammad"" (47:19) states: ""You shall know that there is no god except the one God."" Shown below is a photocopy of the regular logo of a Muslim publication THE REVIEW OF RELIGIONS (The London Mosque, 16 Gressenhall Road, London SW18 5QL, England.) Using the Quran's calligraphic style, the publishers of THE REVIEW OF RELIGIONS added the phrase ""Muhammad Rasool Allah"" in such a way that gives a false impression that such is the Quranic statement of 47:19. What a blasphemy!"
473,appendix-13,"13. The First Pillar of Islam (Submission):
""Laa Elaaha Ellaa Allah"" (No god except God)",appendix_13.pdf,https://www.masjidtucson.org/quran/appendices/appendix13.html,7,image,,"Arabic: You shall know that there is no god besides the One God, Allah. Muhammad is a messenger of God"
474,appendix-13,"13. The First Pillar of Islam (Submission):
""Laa Elaaha Ellaa Allah"" (No god except God)",appendix_13.pdf,https://www.masjidtucson.org/quran/appendices/appendix13.html,8,paragraph,,"You shall know that there is no god besides the One God, Allah. Muhammad is a messenger of God."
475,appendix-13,"13. The First Pillar of Islam (Submission):
""Laa Elaaha Ellaa Allah"" (No god except God)",appendix_13.pdf,https://www.masjidtucson.org/quran/appendices/appendix13.html,9,paragraph,,[ The blasphemy ]
476,appendix-13,"13. The First Pillar of Islam (Submission):
""Laa Elaaha Ellaa Allah"" (No god except God)",appendix_13.pdf,https://www.masjidtucson.org/quran/appendices/appendix13.html,10,paragraph,,Typical Example of the Distorted Islam
477,appendix-14,14. Predestination,appendix_14.pdf,https://www.masjidtucson.org/quran/appendices/appendix14.html,1,heading,1,Predestination
478,appendix-14,14. Predestination,appendix_14.pdf,https://www.masjidtucson.org/quran/appendices/appendix14.html,2,paragraph,,"We are absolutely free to believe or disbelieve in God. It is God's will that we will (18:29, 25:57, 73:19, 74:37, 76:29, 78:39, 80:12)."
479,appendix-14,14. Predestination,appendix_14.pdf,https://www.masjidtucson.org/quran/appendices/appendix14.html,3,paragraph,,"After committing our original sin (Appendix 7), God gave us a chance to denounce our crime and accept His absolute authority (33:72). But we decided that we wanted to see a demonstration of Satan's competence as a god. Many people protest the fact that God has created them, to put them through this gruesome test. Obviously, such people are not aware that [1] they have committed a horrendous crime (Introduction & Appendix 7), and [2] that they were given a chance to denounce their crime and redeem themselves, but they chose to go through the test."
480,appendix-14,14. Predestination,appendix_14.pdf,https://www.masjidtucson.org/quran/appendices/appendix14.html,4,paragraph,,"We learn from 57:22 that our lives, along with everything else around us, are pre-recorded on something like a videotape. God fully knows what kind of decision each of us is destined to make; He knows which of us are going to Heaven and which are going to Hell. Even before we were born into this world, God knew which souls are good and which souls are evil. As far as God's omniscience is concerned, we can imagine a stamp on everyone's forehead that says ""Heaven"" or ""Hell."" Yet, as far as we are concerned, we are totally free to side with God's absolute authority, or Satan's polytheistic views. Predestination, therefore, is a fact as far as God is concerned, not as far as we are concerned."
481,appendix-14,14. Predestination,appendix_14.pdf,https://www.masjidtucson.org/quran/appendices/appendix14.html,5,paragraph,,"This understanding explains the numerous verses stating that ""God guides whomever He wills, and misleads whomever He wills."" Based on His knowledge, God assigns our souls to the circumstances that we deserve. When God said to the angels, ""I know what you do not know"" (2:30), this meant that some of us deserved a chance to redeem ourselves. One example of God's guidance for those who deserve guidance is found in 21:51: ""We granted Abraham his guidance, for we were fully aware of him."" In other words, God knew that Abraham was a good soul who deserved to be guided, and God granted him his guidance and understanding. Another good example is stated in 12:24. Joseph fell for the Egyptian nobleman's wife, and almost committed adultery ""if it were not that he saw a sign from his Lord."" God teaches us in 12:24 that He ""diverted evil and sin from Joseph, for he was one of My devoted worshipers."" Was it Joseph who controlled his lust? Or, was it God's protection from sin that rendered him chaste? Such is predestination."
482,appendix-15,15. Religious Duties: A Gift From God,appendix_15.pdf,https://www.masjidtucson.org/quran/appendices/appendix15.html,1,heading,1,Religious Duties: A Gift From God
483,appendix-15,15. Religious Duties: A Gift From God,appendix_15.pdf,https://www.masjidtucson.org/quran/appendices/appendix15.html,2,paragraph,,"When Abraham implored God in 14:40, he did not ask for wealth or health; the gift he implored for was: ""Please God, make me one who observes the contact prayers (Salat)."" The religious duties instituted by God are in fact a great gift from Him. They constitute the nourishment required for the growth and development of our souls. Without such nourishment, we cannot survive the immense energy associated with God's physical presence on the Day of Judgment. Belief in God does not by itself guarantee our redemption; we must also nourish our souls (6:158, 10:90-92). Additionally, 15:99 states that observing the religious duties instituted by God is our means of attaining certainty: ""Worship your Lord in order to attain certainty."""
484,appendix-15,15. Religious Duties: A Gift From God,appendix_15.pdf,https://www.masjidtucson.org/quran/appendices/appendix15.html,3,heading,3,The Contact Prayers (Salat)
485,appendix-15,15. Religious Duties: A Gift From God,appendix_15.pdf,https://www.masjidtucson.org/quran/appendices/appendix15.html,4,paragraph,,"The five daily contact prayers are the main meals for the soul. While a soul may attain some growth and development by leading a righteous life, and without observing the contact prayers, this would be like surviving on snacks without regular meals."
486,appendix-15,15. Religious Duties: A Gift From God,appendix_15.pdf,https://www.masjidtucson.org/quran/appendices/appendix15.html,5,paragraph,,"We learn from 2:37 that we can establish contact with God by uttering the specific Arabic words given to us by God. Sura 1, The Key, is a mathematically composed combination of sounds that unlocks the door between us and God:"
487,appendix-15,15. Religious Duties: A Gift From God,appendix_15.pdf,https://www.masjidtucson.org/quran/appendices/appendix15.html,6,list,,"The Dawn Prayer must be observed during two hours before sunrise (11:114, 24:58). The Noon Prayer is due when the sun declines from its highest point at noon (17:78). The Afternoon Prayer can be observed during the 3-4 hours preceding sunset (2:238). The Sunset Prayer becomes due after sunset (11:114). The Night Prayer can be observed after the twilight disappears from the sky (24:58). * The Friday noon congregational prayer is an obligatory duty upon every Submitting man and woman (62:9). Failure to observe the Friday Prayer is a gross offense."
488,appendix-15,15. Religious Duties: A Gift From God,appendix_15.pdf,https://www.masjidtucson.org/quran/appendices/appendix15.html,7,paragraph,,"Each contact prayer is valid if observed anytime during the period it becomes due until the next prayer becomes due. Once missed, a given contact prayer is a missed opportunity that cannot be made up; one can only repent and ask forgiveness. The five prayers consist of 2, 4, 4, 3, and 4 units (Rak'ahs), respectively."
489,appendix-15,15. Religious Duties: A Gift From God,appendix_15.pdf,https://www.masjidtucson.org/quran/appendices/appendix15.html,8,paragraph,,"The proof that Salat was already established through Abraham is found in 8:35, 9:54, 16:123, & 21:73. This most important duty in Islam (Submission) has been so severely distorted that the contact prayers (Salat) have become a practice in idolatry for the vast majority of Muslims. Although the Quran commands that our contact prayers must be devoted to God alone (20:14; 39:3, 45), today's Muslims insist on commemorating ""Muhammad and his family"" and ""Abraham and his family"" during their prayers. This renders the prayers null and void (39:65)."
490,appendix-15,15. Religious Duties: A Gift From God,appendix_15.pdf,https://www.masjidtucson.org/quran/appendices/appendix15.html,9,paragraph,,"The following text, pertaining to the miracles confirming the contact prayers, is excerpted (with minor editing), from the January 1990 issues of the Submitter's Perspective (the regular and special bonus issues), as written by Dr. Rashad Khalifa:"
491,appendix-15,15. Religious Duties: A Gift From God,appendix_15.pdf,https://www.masjidtucson.org/quran/appendices/appendix15.html,10,heading,3,Awesome Mathematical Miracle Confirms All The 5 Contact Prayers
492,appendix-15,15. Religious Duties: A Gift From God,appendix_15.pdf,https://www.masjidtucson.org/quran/appendices/appendix15.html,11,paragraph,,"[1] Sura 1 is God's gift to us, to establish contact with Him (Salat). Write the sura number and the number of verses next to each other and you get 17, the total number of units in the 5 daily prayers."
493,appendix-15,15. Religious Duties: A Gift From God,appendix_15.pdf,https://www.masjidtucson.org/quran/appendices/appendix15.html,12,paragraph,,"[2] Let us write down the sura number, followed by the number of every verse in the sura. This is what we get:"
494,appendix-15,15. Religious Duties: A Gift From God,appendix_15.pdf,https://www.masjidtucson.org/quran/appendices/appendix15.html,13,table,,"Properties of Sura 1, The Key Verse No No of Letters Gematrical Value 1 19 786 2 17 581 3 12 618 4 11 241 5 19 836 6 18 1072 7 43 6009"
495,appendix-15,15. Religious Duties: A Gift From God,appendix_15.pdf,https://www.masjidtucson.org/quran/appendices/appendix15.html,14,paragraph,,"[3] Now, let us replace each verse number by the number of letters in that verse. This is what we get:"
496,appendix-15,15. Religious Duties: A Gift From God,appendix_15.pdf,https://www.masjidtucson.org/quran/appendices/appendix15.html,15,paragraph,,"[4] Let us include the gematrical value of every verse, and write it down following the number of letters in each verse:"
497,appendix-15,15. Religious Duties: A Gift From God,appendix_15.pdf,https://www.masjidtucson.org/quran/appendices/appendix15.html,16,paragraph,,"[5] Now, let us add the number of each verse, to be followed by the number of letters in that verse, then the gematrical value of that verse. This is what we get:"
498,appendix-15,15. Religious Duties: A Gift From God,appendix_15.pdf,https://www.masjidtucson.org/quran/appendices/appendix15.html,17,paragraph,,"[6] Instead of the gematrical values of every verse, let us write down the gematrical values of every individual letter in Sura 1. This truly awesome miracle, shows that the resulting long number, consisting of 274 digits, is also a multiple of 19. ALLAHU AKBAR."
499,appendix-15,15. Religious Duties: A Gift From God,appendix_15.pdf,https://www.masjidtucson.org/quran/appendices/appendix15.html,18,paragraph,,"This number starts with the sura number, followed by the number of verses in the sura, followed by the verse number, followed by the number of letters in this verse, followed by the gematrical values of every letter in this verse, followed by the number of the next verse, followed by the number of letters in this verse, followed by the gematrical values of every letter in this verse, and so on to the end of the sura. Thus, the last component is 50, the value of ""N"" (last letter)."
500,appendix-15,15. Religious Duties: A Gift From God,appendix_15.pdf,https://www.masjidtucson.org/quran/appendices/appendix15.html,19,paragraph,,"[7] Since I cannot write very long numbers here, let us substitute [*] for the long number consisting of the number of every verse, followed by the number of letters in the verse, followed by the gematrical value of every individual letter in the verse. If we write down the number of the sura, followed by its number of verses, we get 17, the number of units (Rak'aas) in the 5 daily prayers. Next to the 17, write down the number of the first prayer (1), followed by its number of Rak'aas, which is 2, then two [*]'s, followed by the number of the second prayer (2), followed by the number of Rak'aas in the second prayer (4), followed by four [*]'s, and so on. Not only is the resulting long number a multiple of 19, but also the number of its component digits is 4636 (19x244) ...."
501,appendix-15,15. Religious Duties: A Gift From God,appendix_15.pdf,https://www.masjidtucson.org/quran/appendices/appendix15.html,20,heading,3,CONFIRMATION OF FRIDAY PRAYERS
502,appendix-15,15. Religious Duties: A Gift From God,appendix_15.pdf,https://www.masjidtucson.org/quran/appendices/appendix15.html,21,paragraph,,"[8] Since the Friday prayer consists of two sermons and two Rak'aas (total is still 4 units), we read only 15 ""Keys"" on Friday, compared with 17 on the other days. Abdullah Arik discovered that if we replace the 17 by 15 in the long number in [7], we must remove two ""Keys"" from the noon prayer to get a multiple of 19. This confirms the Friday Prayer, at noon, with 2 ""Keys."" The long number shown below represents Friday's five prayers; it is a multiple of 19."
503,appendix-15,15. Religious Duties: A Gift From God,appendix_15.pdf,https://www.masjidtucson.org/quran/appendices/appendix15.html,22,paragraph,,"Please note that, Dr. Khalifa indicated, there are other similar patterns that result in multiples of 19. For example, a short representation of “The Key” consists of the Sura number (1), followed by the number of verses (7), followed by the total number of letters in Sura 1 (139), followed by the total gematrical value of the whole sura (10143). The resulting number (1713910143) representing [*] can be used in the above patterns, without including the sequence number of the prayers. The resultant numbers for both regular and Friday prayer representations are multiples of 19. For example, here is the pattern for the regular prayers:"
504,appendix-15,15. Religious Duties: A Gift From God,appendix_15.pdf,https://www.masjidtucson.org/quran/appendices/appendix15.html,23,paragraph,,17 2[*][*] 4[*][*][*][*] 4[*][*][*][*] 3[*][*][*] 4[*][*][*][*]
505,appendix-15,15. Religious Duties: A Gift From God,appendix_15.pdf,https://www.masjidtucson.org/quran/appendices/appendix15.html,24,heading,3,"""THE KEY"" (Al-Fateha) MUST BE RECITED IN ARABIC"
506,appendix-15,15. Religious Duties: A Gift From God,appendix_15.pdf,https://www.masjidtucson.org/quran/appendices/appendix15.html,25,paragraph,,"[9] The first sura in the Quran is mathematically composed in a manner that challenges and stumps the greatest mathematicians on earth. Now we appreciate the fact that when we recite Sura 1, ""The Key,"" during our Contact Prayers, something happens in the universe, and we establish contact with our Creator. The result is perfect happiness, now and forever. By contacting our Almighty Creator 5 times a day, we nourish and develop our souls in preparation for the Big Day when we meet God. Only those who nourish their soul will be able to withstand and enjoy the physical presence of Almighty God."
507,appendix-15,15. Religious Duties: A Gift From God,appendix_15.pdf,https://www.masjidtucson.org/quran/appendices/appendix15.html,26,paragraph,,"All submitters, of all nationalities, recite the words of ""The Key"" which were written by God Himself, and given to us to establish contact with Him (2:37)."
508,appendix-15,15. Religious Duties: A Gift From God,appendix_15.pdf,https://www.masjidtucson.org/quran/appendices/appendix15.html,27,paragraph,,"Edip Yuksel's discovery adds to the awesomeness of ""The Key"" and proclaims clearly that it must be recited in Arabic."
509,appendix-15,15. Religious Duties: A Gift From God,appendix_15.pdf,https://www.masjidtucson.org/quran/appendices/appendix15.html,28,paragraph,,"When you recite ""The Key"" in Arabic, your lips touch each other precisely 19 times."
510,appendix-15,15. Religious Duties: A Gift From God,appendix_15.pdf,https://www.masjidtucson.org/quran/appendices/appendix15.html,29,paragraph,,"Furthermore, Your lips touch each other where the letters ""B"" and ""M"" occur. There are 4 ""B's"" and 15 ""M's"" and this adds up to 19. The gematrical value of the 4 ""B's"" is 4x2=8, and the gematrical value of the 15 ""M's"" is 15x40=600. The total gematrical value of the 4 ""B's"" and 15 ""M's"" is 608, that is 19x32."
511,appendix-15,15. Religious Duties: A Gift From God,appendix_15.pdf,https://www.masjidtucson.org/quran/appendices/appendix15.html,30,table,,Word Letter Value 1. Bism B 2 2. Bism M 40 3. Rahman M 40 4. Rahim M 40 5. Al-Hamdu M 40 6. Rub B 2 7. `Alamin M 40 8. Rahman M 40 9. Rahim M 40 10. Malik M 40 11. Yawm M 40 12. Na'budu B 2 13. Mustaqim M 40 14. Mustaqim M 40 15. An`amta M 40 16. `Alayhim M 40 17. Maghdub M 40 18. Maghdub B 2 19. `Alayhim M 40 608 (19x32)
512,appendix-15,15. Religious Duties: A Gift From God,appendix_15.pdf,https://www.masjidtucson.org/quran/appendices/appendix15.html,31,heading,3,"CONFIRMATION OF THE 5 DAILY PRAYERS, NUMBER OF BOWINGS (Ruku'), PROSTRATIONS (Sujood), AND TASHAHHUD"
513,appendix-15,15. Religious Duties: A Gift From God,appendix_15.pdf,https://www.masjidtucson.org/quran/appendices/appendix15.html,32,paragraph,,"[10] One of the common challenges... is: ""If the Quran is complete and detailed (as claimed in 6:19, 38, & 114), where are the details of the Contact Prayers (Salat)?"" These people ask this question because they are not aware that the Quran informs us that the Contact Prayers came from Abraham (21:73 & 22:78).... Saeed Talari... wrote down the numbers of the prayers with their bowings, prostrations and Tashahhuds...:"
514,appendix-15,15. Religious Duties: A Gift From God,appendix_15.pdf,https://www.masjidtucson.org/quran/appendices/appendix15.html,33,paragraph,,"This long number consists of the sura that we recite in the 5 prayers (1) followed by the number of the first prayer (1), then the number of ""Keys"" that we recite in this prayer (2), then the number of bowings (Ruku`) (2), then the number of prostrations (4), then the number of Tashahhuds (in the sitting position) (1), then the number of the second prayer (2), then the number of ""Keys"" that we recite in the second prayer (4), then the number of bowings (Ruku`) in this prayer (4), then the number of prostrations (8), then the number of Tashahhuds (2), then the number of the third prayer (3), and so on to the last prayer. This long number is a multiple of 19, and this confirms the minutest details of the prayers, even in the numbers of Ruku`, Sujud, and Tashahhud."
515,appendix-15,15. Religious Duties: A Gift From God,appendix_15.pdf,https://www.masjidtucson.org/quran/appendices/appendix15.html,34,heading,3,The Obligatory Charity (Zakat)
516,appendix-15,15. Religious Duties: A Gift From God,appendix_15.pdf,https://www.masjidtucson.org/quran/appendices/appendix15.html,35,paragraph,,"Zakat must be given away ""on the day of harvest"" (6:141). Whenever we receive ""net income,"" we must set aside 2.5% and give it to the specified recipients - the parents, relatives, orphans, the poor, and the traveling alien, in this order (2:215). The vital importance of Zakat is reflected in God's law: ""My mercy encompasses all things, but I will specify it for the righteous who give Zakat"" (7:156)."
517,appendix-15,15. Religious Duties: A Gift From God,appendix_15.pdf,https://www.masjidtucson.org/quran/appendices/appendix15.html,36,paragraph,,"Zakat must be carefully calculated and given away on a regular basis whenever we receive any income. Government taxes should be deducted, but not other expenses such as debts, mortgages, and living expenses. If one does not know needy persons, he or she may give the Zakat to a mosque or charitable organization with the distinct purpose of helping poor people. Charities given to mosques or hospitals or organizations cannot be considered Zakat."
518,appendix-15,15. Religious Duties: A Gift From God,appendix_15.pdf,https://www.masjidtucson.org/quran/appendices/appendix15.html,37,heading,3,Fasting
519,appendix-15,15. Religious Duties: A Gift From God,appendix_15.pdf,https://www.masjidtucson.org/quran/appendices/appendix15.html,38,paragraph,,The full details of fasting are given in 2:183-187.
520,appendix-15,15. Religious Duties: A Gift From God,appendix_15.pdf,https://www.masjidtucson.org/quran/appendices/appendix15.html,39,heading,3,Pilgrimage: Hajj & `Umrah
521,appendix-15,15. Religious Duties: A Gift From God,appendix_15.pdf,https://www.masjidtucson.org/quran/appendices/appendix15.html,40,paragraph,,"Once in a lifetime, Hajj and `Umrah are decreed for those who can afford it. Pilgrimage commemorates Abraham's exemplary submission to God (Appendix 9), and must be observed during the four Sacred Months - Zul-Hijjah, Muharram, Safar, & Rabi` I (12th, 1st, 2nd, 3rd months) (2:197; 9:2, 36). `Umrah can be observed any time. Like all other duties in Islam, Hajj has been distorted. Most Muslims observe Hajj only during a few days in Zul-Hijjah, and they consider Rajab, Zul-Qi'dah, Zul-Hijjah, and Muharram (7th, 11th, 12th, 1st months) to be the Sacred Months. This is a distortion that is strongly condemned (9:37)."
522,appendix-15,15. Religious Duties: A Gift From God,appendix_15.pdf,https://www.masjidtucson.org/quran/appendices/appendix15.html,41,paragraph,,"The pilgrimage begins with a bath or shower, followed by a state of sanctity called ""Ihraam,"" where the male pilgrim wears seamless sheets of material, and the woman wears a modest dress (2:196). Throughout Hajj, the pilgrim abstains from sexual intercourse, vanities such as shaving and cutting the hair, arguments, misconduct, and bad language (2:197). Cleanliness, bathing, and regular hygiene practices are encouraged. Upon arrival at the Sacred Mosque in Mecca, the pilgrim walks around the Ka`bah seven times, while glorifying and praising God (2:125, 22:26-29). The common formula is: ""Labbayka Allaahumma Labbayk"" (My God, I have responded to You). ""Labbayka Laa Shareeka Laka Labbayk"" (I have responded to You, and I proclaim that there is no other god besides You; I have responded to You). The next step is to walk the half-mile distance between the knolls of Safa and Marwah seven times, with occasional trotting (2:158). This completes the `Umrah portion of the pilgrimage."
523,appendix-15,15. Religious Duties: A Gift From God,appendix_15.pdf,https://www.masjidtucson.org/quran/appendices/appendix15.html,42,paragraph,,"The pilgrim then goes to `Arafat to spend a day of worship, meditation, and glorification of God, from dawn to sunset (2:198). After sunset, the pilgrim goes to Muzdalifah where the Night Prayer is observed, and 21 pebbles are picked up for the symbolic stoning of Satan at Mina. From Muzdalifah, the pilgrim goes to Mina to spend two or three days (2:203). On the first morning at Mina, the pilgrim offers an animal sacrifice to feed the poor and to commemorate God's intervention to save Ismail and Abraham from Satan's trick (37:107, Appendix 9). The stoning ceremonies symbolize rejection of Satan's polytheism and are done by throwing seven pebbles at each of three stations, while glorifying God (15:34). The pilgrim then returns to Mecca and observes a farewell circumvolution of the Ka`bah seven times."
524,appendix-15,15. Religious Duties: A Gift From God,appendix_15.pdf,https://www.masjidtucson.org/quran/appendices/appendix15.html,43,paragraph,,"Unfortunately, most of today's Muslim pilgrims make it a custom to visit the prophet Muhammad's tomb where they commit the most flagrant acts of idolatry and thus nullify their Hajj. The Quran consistently talks about ""The Sacred Mosque,"" while today's Muslims talk about ""The Two Sacred Mosques!"" In a glaring act of idolatry, the Muslims have set up Muhammad's tomb as another ""Sacred Mosque!"" This is a blasphemous violation of the Quran, and, ironically, even violates Hadith. The Hadith shown below illustrates this strange irony:"
525,appendix-15,15. Religious Duties: A Gift From God,appendix_15.pdf,https://www.masjidtucson.org/quran/appendices/appendix15.html,44,table,,"Translation of this false statement: ""God has cursed the Jews and Christians for turning the tombs of their prophets into mosques."" [Bukhari, Nawawi Edition, Vol. 6, Page 14]"
526,appendix-15,15. Religious Duties: A Gift From God,appendix_15.pdf,https://www.masjidtucson.org/quran/appendices/appendix15.html,45,image,,Arabic: God has cursed the Jews and Christians for turning the tombs of their prophets into mosques
527,appendix-15,15. Religious Duties: A Gift From God,appendix_15.pdf,https://www.masjidtucson.org/quran/appendices/appendix15.html,46,heading,3,Physical Benefits
528,appendix-15,15. Religious Duties: A Gift From God,appendix_15.pdf,https://www.masjidtucson.org/quran/appendices/appendix15.html,47,paragraph,,"In addition to their invaluable spiritual benefits, there is a plethora of physical, economic, and health benefits from observing the contact prayers (Salat), obligatory charity (Zakat), fasting during the month of Ramadan, and Hajj."
529,appendix-15,15. Religious Duties: A Gift From God,appendix_15.pdf,https://www.masjidtucson.org/quran/appendices/appendix15.html,48,paragraph,,"Observing the Dawn prayer interrupts long periods of stillness during sleep; this is now proven to help prevent arthritis. Also, getting up early in the morning helps combat depression and other psychological problems. The prostration position which is repeated during the contact prayers expands the blood vessels in our brains to accommodate more blood, and this prevents headaches. The repeated bending of the back and the joints is a healthful exercise. All these are scientifically established facts."
530,appendix-15,15. Religious Duties: A Gift From God,appendix_15.pdf,https://www.masjidtucson.org/quran/appendices/appendix15.html,49,paragraph,,"The ablutions required prior to the contact prayers encourage us to use the toilet more frequently. This habit protects us from a common and devastating cancer, colon cancer. Harmful chemicals are excreted in the urine and fecal matter. If these excretions are kept in the colon for prolonged periods of time, the harmful materials are re-absorbed into the body, and cause cancer."
531,appendix-15,15. Religious Duties: A Gift From God,appendix_15.pdf,https://www.masjidtucson.org/quran/appendices/appendix15.html,50,paragraph,,"Fasting during the month of Ramadan restores our expanded stomachs to their normal sizes, lowers our blood pressure through temporary dehydration, rids the body of harmful toxins, gives our kidneys a much needed rest, and reduces our weight by removing excessive and harmful fat."
532,appendix-15,15. Religious Duties: A Gift From God,appendix_15.pdf,https://www.masjidtucson.org/quran/appendices/appendix15.html,51,paragraph,,Zakat charity and Hajj pilgrimage have far reaching economic and social benefits.
533,appendix-16,16. Dietary Prohibitions,appendix_16.pdf,https://www.masjidtucson.org/quran/appendices/appendix16.html,1,heading,1,Dietary Prohibitions
534,appendix-16,16. Dietary Prohibitions,appendix_16.pdf,https://www.masjidtucson.org/quran/appendices/appendix16.html,2,paragraph,,"The Quran teaches that God is extremely displeased with those who prohibit anything that was not specifically prohibited in the Quran (16:112-116). The upholding of any prohibitions not specifically mentioned in the Quran is tantamount to idolatry (6:142-152). Such prohibitions represent some other god(s) besides God. If you worship God ALONE, you will uphold His teachings ALONE and honor the commandments and prohibitions instituted only by Him."
535,appendix-16,16. Dietary Prohibitions,appendix_16.pdf,https://www.masjidtucson.org/quran/appendices/appendix16.html,3,paragraph,,"The absolute specificity of dietary prohibitions in the Quran is best illustrated in 6:145-146. We learn from these two verses that when God prohibits ""meat,"" He prohibits ""meat"" and nothing else, and when He prohibits ""fat,"" that is what He specifically prohibits. These two verses inform us that ""the meat"" of pigs is prohibited, not ""the fat."" Obviously, God knew that in many countries, lard would be used in baked goods and other food products, and that such usage does not render the foods Haraam (prohibited). The Quran specifically prohibits four meats (2:173, 5:3, 6:142-145, and 16:112):"
536,appendix-16,16. Dietary Prohibitions,appendix_16.pdf,https://www.masjidtucson.org/quran/appendices/appendix16.html,4,paragraph,,"Say, ""I do not find in what was revealed to me anything prohibited for any eater unless it is (1) carrion, (2) running blood, (3) the meat of pigs, for it is unclean, and (4) meat blasphemously dedicated to other than God."" If one is forced to eat these without being malicious or deliberate, then your Lord is Forgiver, Most Merciful. [ 6:145 ]"
537,appendix-17,17. Death,appendix_17.pdf,https://www.masjidtucson.org/quran/appendices/appendix17.html,1,heading,1,Death
538,appendix-17,17. Death,appendix_17.pdf,https://www.masjidtucson.org/quran/appendices/appendix17.html,2,paragraph,,"Death is a great mystery to most people. Not so for the students of the Quran. We learn that death is exactly like sleeping; complete with dreams (6:60, 40:46). The period between death and resurrection passes like one night of sleep (2:259; 6:60; 10:45; 16:21; 18:11, 19, 25; 30:55)."
539,appendix-17,17. Death,appendix_17.pdf,https://www.masjidtucson.org/quran/appendices/appendix17.html,3,paragraph,,"At the moment of death, everyone knows his or her destiny; Heaven or Hell. For the disbelievers, death is a horrible event; the angels beat them on the faces and rear ends as they snatch away their souls (8:50, 47:27, 79:1)."
540,appendix-17,17. Death,appendix_17.pdf,https://www.masjidtucson.org/quran/appendices/appendix17.html,4,paragraph,,"Consistently, the Quran talks about two deaths, the first death took place when we failed to make a stand with God's absolute authority (Appendix 7). That first death lasted until we were born into this world. The second death terminates our life in this world (2:28, 22:66, 40:11)."
541,appendix-17,17. Death,appendix_17.pdf,https://www.masjidtucson.org/quran/appendices/appendix17.html,5,paragraph,,"The following page is a reproduction of the lead article from the February, 1990 issue of the Submitters Perspective, the monthly bulletin of United Submitters International. This issue was completed and mailed ahead of time, in December, 1989. Dr. Khalifa was martyred on January 31, 1990 and his soul was taken directly to Paradise."
542,appendix-17,17. Death,appendix_17.pdf,https://www.masjidtucson.org/quran/appendices/appendix17.html,6,image,,Heading for February 1990
543,appendix-17,17. Death,appendix_17.pdf,https://www.masjidtucson.org/quran/appendices/appendix17.html,7,heading,1,The Righteous Do Not Really Die They Go Straight to Heaven
544,appendix-17,17. Death,appendix_17.pdf,https://www.masjidtucson.org/quran/appendices/appendix17.html,8,image,,Quran 2:25 (Arabic)
545,appendix-17,17. Death,appendix_17.pdf,https://www.masjidtucson.org/quran/appendices/appendix17.html,9,image,,Quran 3:169 (Arabic)
546,appendix-17,17. Death,appendix_17.pdf,https://www.masjidtucson.org/quran/appendices/appendix17.html,10,image,,Quran 2:154 (Arabic)
547,appendix-17,17. Death,appendix_17.pdf,https://www.masjidtucson.org/quran/appendices/appendix17.html,11,image,,Quran 8:24 (Arabic)
548,appendix-17,17. Death,appendix_17.pdf,https://www.masjidtucson.org/quran/appendices/appendix17.html,12,image,,Quran 22:58 (Arabic)
549,appendix-17,17. Death,appendix_17.pdf,https://www.masjidtucson.org/quran/appendices/appendix17.html,13,image,,Quran 44:56 (Arabic)
550,appendix-17,17. Death,appendix_17.pdf,https://www.masjidtucson.org/quran/appendices/appendix17.html,14,image,,Quran 36:26-27 (Arabic)
551,appendix-17,17. Death,appendix_17.pdf,https://www.masjidtucson.org/quran/appendices/appendix17.html,15,paragraph,,"As stated in 3:81 and 46:9, God's Messenger of the Covenant does not bring anything new; everything I receive and pass on to you is already in the Quran. However, the Quran is full of information that is kept by Almighty God for revelation at a specific time. Now is the time to look at the verses shown above and learn the great news: THE RIGHTEOUS DO NOT DIE; when their lives on this earth come to the predetermined end, the angel of death simply invites them to leave their earthly bodies and move on to Heaven, the same Paradise where Adam and Eve once lived. Heaven has been in existence since Adam and Eve. We learn from 89:27-30 that God invites the believers' souls: ""Enter My Paradise."""
552,appendix-17,17. Death,appendix_17.pdf,https://www.masjidtucson.org/quran/appendices/appendix17.html,16,heading,3,MY OWN EXPERIENCE
553,appendix-17,17. Death,appendix_17.pdf,https://www.masjidtucson.org/quran/appendices/appendix17.html,17,paragraph,,"When God's covenant with the prophets was fulfilled in accordance with 3:81, I was taken to Heaven where the righteous live NOW (4:69). While my body was down here on earth, I was in the same Paradise of Adam & Eve."
554,appendix-17,17. Death,appendix_17.pdf,https://www.masjidtucson.org/quran/appendices/appendix17.html,18,heading,3,THE DISBELIEVERS
555,appendix-17,17. Death,appendix_17.pdf,https://www.masjidtucson.org/quran/appendices/appendix17.html,19,paragraph,,"As for the disbelievers, they know at the moment of death that they are destined for Hell. The angels beat them up on the faces and rear ends (8:50 & 47:27), order them to evict their souls (6:93), then ""snatch their souls"" (79:1). The Quran teaches that the disbelievers go through 2 deaths (2:28 & 40:11). They will be put to death - a state of nothingness during which they see Hell day and night in a"
556,appendix-17,17. Death,appendix_17.pdf,https://www.masjidtucson.org/quran/appendices/appendix17.html,20,paragraph,,"continuous nightmare that lasts until the Day of Judgment (40:46). Hell is not yet in existence (40:46, 89:23)."
557,appendix-17,17. Death,appendix_17.pdf,https://www.masjidtucson.org/quran/appendices/appendix17.html,21,heading,3,"Of Course, the Righteous Depart"
558,appendix-17,17. Death,appendix_17.pdf,https://www.masjidtucson.org/quran/appendices/appendix17.html,22,paragraph,,"As far as people are concerned, the righteous ""die."" People do not realize that the righteous simply leave their bodies, and move on to Paradise. The verses shown above are self explanatory. They tell us that the righteous die only once - the one death we have already experienced as a consequence of the great fued (38:69). In 36:26-27, we see the best evidence that the righteous go to Paradise, while their friends and relatives are still living on earth. Like going to Hawaii and waiting for us there."
559,appendix-17,17. Death,appendix_17.pdf,https://www.masjidtucson.org/quran/appendices/appendix17.html,23,paragraph,,See also 16:32 & 6:60-62.
560,appendix-18,18. Quran: All You Need For Salvation,appendix_18.pdf,https://www.masjidtucson.org/quran/appendices/appendix18.html,1,heading,1,Quran: All You Need For Salvation
561,appendix-18,18. Quran: All You Need For Salvation,appendix_18.pdf,https://www.masjidtucson.org/quran/appendices/appendix18.html,2,paragraph,,"The words of the Quran speak in 19:64, saying, ""We come down in accordance with the commandments of your Lord. To Him belongs the past, present, and the future. Your Lord never forgets."" God did not forget, for example, to tell us how to sleep (18:109, 31:27). Yet, the fabricators of such false doctrine as Hadith & Sunna have come up with religious teachings dictating on their followers how to sleep, and even how to cut your nails. The Sacred Mosque in Mecca and the illegal ""Sacred Mosque"" of Medina, hire some individuals to seek out the exhausted visitors and beat them with a stick if they fall asleep on the wrong side!"
562,appendix-18,18. Quran: All You Need For Salvation,appendix_18.pdf,https://www.masjidtucson.org/quran/appendices/appendix18.html,3,paragraph,,"The Quran proclaims that the Quran is complete, perfect, and fully detailed (6:19, 38, 114, 115; 50:45), and that religious regulations not specifically instituted in the Quran constitute a religion other than Islam (42:21, 17:46). The true believers uphold the Quran, the whole Quran, and nothing but the Quran. This principle is confirmed by the Quran's mathematical code. Verse 46 of Sura 17 proclaims that we shall uphold the Quran ALONE. The word ""ALONE"" occurs in the Quran 6 times: 7:70, 17:46, 39:45, 40:12 & 84, and 60:4. All these occurrences refer to God, except 17:46. When we add the numbers of suras and verses which refer to ""GOD ALONE,"" we get 361, 19x19. This proves that 17:46 refers to ""the Quran ALONE."""
563,appendix-19,19. Hadith & Sunna: Satanic Innovations,appendix_19.pdf,https://www.masjidtucson.org/quran/appendices/appendix19.html,1,heading,1,Hadith & Sunna: Satanic Innovations
564,appendix-19,19. Hadith & Sunna: Satanic Innovations,appendix_19.pdf,https://www.masjidtucson.org/quran/appendices/appendix19.html,2,table,,"Which Hadith, other than God and His revelations, do they uphold? [45:6] The Quran is not a fabricated Hadith; ...it details everything. [12:111] Some people uphold vain Hadith to divert others from the path of God. [31:6] The only Sunna to follow shall be God's Sunna. [17:77, 33:62, 48:23, 6:114]"
565,appendix-19,19. Hadith & Sunna: Satanic Innovations,appendix_19.pdf,https://www.masjidtucson.org/quran/appendices/appendix19.html,3,paragraph,,"Which Hadith, other than God and His revelations, do they uphold? [45:6]"
566,appendix-19,19. Hadith & Sunna: Satanic Innovations,appendix_19.pdf,https://www.masjidtucson.org/quran/appendices/appendix19.html,4,paragraph,,The Quran is not a fabricated Hadith; ...it details everything. [12:111]
567,appendix-19,19. Hadith & Sunna: Satanic Innovations,appendix_19.pdf,https://www.masjidtucson.org/quran/appendices/appendix19.html,5,paragraph,,Some people uphold vain Hadith to divert others from the path of God. [31:6]
568,appendix-19,19. Hadith & Sunna: Satanic Innovations,appendix_19.pdf,https://www.masjidtucson.org/quran/appendices/appendix19.html,6,paragraph,,"The only Sunna to follow shall be God's Sunna. [17:77, 33:62, 48:23, 6:114]"
569,appendix-19,19. Hadith & Sunna: Satanic Innovations,appendix_19.pdf,https://www.masjidtucson.org/quran/appendices/appendix19.html,7,paragraph,,"The Quran informs us that some enemies of the Prophet, described as ""human and jinn devils,"" will fabricate lies and attribute them to the Prophet (6:112, 25:31). This is precisely what happened after the prophet Muhammad's death; Hadith (oral) and Sunna (actions) were invented and attributed to the Prophet. Hadith and Sunna are satanic innovations because they: [1] defy the divine assertions that the Quran is complete, perfect, fully detailed, and shall be the only source of religious guidance (6:19, 38, 114 & 45:6-7), [2] blaspheme against the Prophet and depict him as a vicious tyrant who did not uphold the Quran, and [3] create false doctrines based on superstition, ignorance, and indefensible nonsensical traditions. The prophet Muhammad was enjoined, in very strong words, from issuing any religious teachings besides the Quran (69:38-48)."
570,appendix-19,19. Hadith & Sunna: Satanic Innovations,appendix_19.pdf,https://www.masjidtucson.org/quran/appendices/appendix19.html,8,paragraph,,"Some Muslims compromise: ""If a Hadith agrees with the Quran we will accept it, and if it contradicts the Quran, we will reject it!"" Such premise proves that these people do not believe God's assertions that the Quran is ""complete, perfect and fully detailed."" The moment they seek guidance from anything besides the Quran, no matter how ""right"" it seems, they fall into Satan's trap (see 63:1). For they have rejected God's word and set up another god besides God (18:57). See Appendix 33."
571,appendix-19,19. Hadith & Sunna: Satanic Innovations,appendix_19.pdf,https://www.masjidtucson.org/quran/appendices/appendix19.html,9,paragraph,,The Quran's mathematical miracle provides mathematical evidence that the Quran shall be our only source of religious teachings. Here are just 2 examples:
572,appendix-19,19. Hadith & Sunna: Satanic Innovations,appendix_19.pdf,https://www.masjidtucson.org/quran/appendices/appendix19.html,10,paragraph,,"1. "" = We did not leave anything out of this book,"" is in Verse 38 (19x2) and consists of 19 Arabic letters (6:38)."
573,appendix-19,19. Hadith & Sunna: Satanic Innovations,appendix_19.pdf,https://www.masjidtucson.org/quran/appendices/appendix19.html,11,image,,"Quran 6:38, We did not leave anything out of this book"
574,appendix-19,19. Hadith & Sunna: Satanic Innovations,appendix_19.pdf,https://www.masjidtucson.org/quran/appendices/appendix19.html,12,paragraph,,"2. "" = He sent down this book fully detailed,"" is in Verse 114 (19x6) and consists of 19 Arabic letters (6:114)."
575,appendix-19,19. Hadith & Sunna: Satanic Innovations,appendix_19.pdf,https://www.masjidtucson.org/quran/appendices/appendix19.html,13,image,,"Quran 6:114, He sent down this book fully detailed"
576,appendix-20,20. Quran: Unlike Any Other Book,appendix_20.pdf,https://www.masjidtucson.org/quran/appendices/appendix20.html,1,heading,1,Quran: Unlike Any Other Book
577,appendix-20,20. Quran: Unlike Any Other Book,appendix_20.pdf,https://www.masjidtucson.org/quran/appendices/appendix20.html,2,paragraph,,"The Quran is God's Final Testament to the world, and He has pledged to protect it from the slightest distortion (15:9). Thus, the Quran is surrounded by invisible forces that guard it and serve it (13:39, 41:42, 42:24)."
578,appendix-20,20. Quran: Unlike Any Other Book,appendix_20.pdf,https://www.masjidtucson.org/quran/appendices/appendix20.html,3,paragraph,,"Unlike any other book, the Quran is taught by God (55:1-2); He teaches us what we need at the time we need it. This is why we read the Quran hundreds of times without getting bored. We can read a novel, for example, only once. But the Quran can be read an infinite number of times, and we derive new and valuable information from it every time. On the other hand, the insincere readers - those who read the Quran to find fault with it - are diverted from the Quran (7:146, 17:45, 18:57, 41:44). In fact, God's invisible forces help them find the faults they seek. Since the Quran is perfect, such ""faults"" serve only to reveal the stupidity of God's enemies."
579,appendix-20,20. Quran: Unlike Any Other Book,appendix_20.pdf,https://www.masjidtucson.org/quran/appendices/appendix20.html,4,paragraph,,"God uses His own attributes to describe the Quran; He calls the Quran "" `Azeem = Great"" (15:87), ""Hakeem = Full of wisdom"" (36:2), ""Majid = Glorious"" (50:1), and ""Karim = Honorable"" (56:77). What can we say?"
580,appendix-20,20. Quran: Unlike Any Other Book,appendix_20.pdf,https://www.masjidtucson.org/quran/appendices/appendix20.html,5,paragraph,,"Since the Quran is God's message to all the people, regardless of their language, the Quran is accessible to the believers, regardless of their language (41:44). This explains a profound phenomenon: the believers who do not know Arabic know the Quran better than the Arabic speaking unbelievers. Because of the invisible forces serving the Quran, it is readily and enjoyably accessible to the sincere believers, and utterly inaccessible to the unbelievers (17:45, 18:57, 56:79)."
581,appendix-21,21. Satan: Fallen Angel,appendix_21.pdf,https://www.masjidtucson.org/quran/appendices/appendix21.html,1,heading,1,Satan: Fallen Angel
582,appendix-21,21. Satan: Fallen Angel,appendix_21.pdf,https://www.masjidtucson.org/quran/appendices/appendix21.html,2,paragraph,,"In God's kingdom, certain creatures are necessarily given the powers needed to perform their duties. Satan believed that his God-given powers qualified him to function as an independent god. As evidenced by the prevalence of misery, disease, accidents, and war in his dominion, we now know that Satan is incompetent."
583,appendix-21,21. Satan: Fallen Angel,appendix_21.pdf,https://www.masjidtucson.org/quran/appendices/appendix21.html,3,paragraph,,"The Quran clearly states that Satan was an angel, by virtue of the immense powers and rank bestowed upon him. This is why he is addressed as an angel (2:34, 7:11, 15:29, 17:61, 18:50, 20:116, 38:71) prior to his fall. By definition, a jinn is a fallen angel (18:50). Satan's rebellion teaches us that the angels were created with minds of their own, and absolute freedom of choice (2:34)."
584,appendix-22,22. Jesus,appendix_22.pdf,https://www.masjidtucson.org/quran/appendices/appendix22.html,1,heading,1,Jesus
585,appendix-22,22. Jesus,appendix_22.pdf,https://www.masjidtucson.org/quran/appendices/appendix22.html,2,paragraph,,"The Quran, informs us that Jesus was a human messenger of God whose sole mission was to deliver God's message; he never possessed any power, and is now dead (4:171, 5:75, 117). Those who consider Jesus to be God, or Son of God, or part of a trinity are ""pagans"" (5:17, 72, 73). Outstanding Christian scholars have reached these same conclusions (THE MYTH OF GOD INCARNATE, John Hick, ed., The Westminster Press, Philadelphia, 1977 & THE MYTH MAKER, Hyam Maccoby, Harper & Row 1986). Christianity is the product of Nicene (AD 325)."
586,appendix-22,22. Jesus,appendix_22.pdf,https://www.masjidtucson.org/quran/appendices/appendix22.html,3,heading,3,The Bible's Jesus
587,appendix-22,22. Jesus,appendix_22.pdf,https://www.masjidtucson.org/quran/appendices/appendix22.html,4,paragraph,,"Jesus proclaimed aloud: ``Whoever puts faith in me believes not so much in me as in him who sent me; ..... For I have not spoken on my own; no, the Father who sent me has commanded me what to say and how to speak. Since I know that his commandment means eternal life, whatever I say is spoken just as he instructed me.'' [ John 12:44-50 ]"
588,appendix-22,22. Jesus,appendix_22.pdf,https://www.masjidtucson.org/quran/appendices/appendix22.html,5,paragraph,,"""I cannot do anything of myself. I judge as I hear, and my judgment is honest because I am not seeking my own will but the will of him who sent me."" [ John 5:30 ]"
589,appendix-22,22. Jesus,appendix_22.pdf,https://www.masjidtucson.org/quran/appendices/appendix22.html,6,paragraph,,Jesus said: ``My doctrine is not my own; it comes from him who sent me.'' [ John 7:16 ]
590,appendix-22,22. Jesus,appendix_22.pdf,https://www.masjidtucson.org/quran/appendices/appendix22.html,7,paragraph,,"""Men of Israel, listen to me! Jesus the Nazorean was a man whom God sent to you with miracles, wonders, and signs as his credentials. These God worked through him in your midst, as you well know."" [ Acts 2:22 ]"
591,appendix-22,22. Jesus,appendix_22.pdf,https://www.masjidtucson.org/quran/appendices/appendix22.html,8,paragraph,,``...The man who hears my word and has faith in him who sent me possesses eternal life.'' [ John 5:24 ]
592,appendix-22,22. Jesus,appendix_22.pdf,https://www.masjidtucson.org/quran/appendices/appendix22.html,9,paragraph,,"""Whoever welcomes me welcomes, not me, but him who sent me."" [ Mattew 10:40, Mark 9:37, Luke 9:48, & John 13:20 ]"
593,appendix-22,22. Jesus,appendix_22.pdf,https://www.masjidtucson.org/quran/appendices/appendix22.html,10,paragraph,,"``...I have not come of myself. I was sent by One who has the right to send, and him you do not know. I know him because it is from him I come; he sent me.'' [ John 7:28-29 ]"
594,appendix-22,22. Jesus,appendix_22.pdf,https://www.masjidtucson.org/quran/appendices/appendix22.html,11,paragraph,,"Jesus looked up to heaven and said, ``...Eternal life is this: to know you, the only true God, and him whom you have sent, Jesus Christ.'' [ John 17:1-3 ]"
595,appendix-22,22. Jesus,appendix_22.pdf,https://www.masjidtucson.org/quran/appendices/appendix22.html,12,paragraph,,All who are led by the Spirit of God are sons of God. [ Romans 8:14 ]
596,appendix-22,22. Jesus,appendix_22.pdf,https://www.masjidtucson.org/quran/appendices/appendix22.html,13,paragraph,,"Jesus looked upward and said, ``Father, I thank you for having heard me. I know that you always hear me but I have said this for the sake of the crowd, that they may believe that you sent me.'' [ John 11:41-42 ]"
597,appendix-22,22. Jesus,appendix_22.pdf,https://www.masjidtucson.org/quran/appendices/appendix22.html,14,paragraph,,"As he was setting out on a journey a man came running up, knelt down before him and asked, ``Good Teacher, what must I do to share in everlasting life?'' Jesus answered, ``Why do you call me good? No one is good but God alone.'' [ Mark 10:17-18 ]"
598,appendix-22,22. Jesus,appendix_22.pdf,https://www.masjidtucson.org/quran/appendices/appendix22.html,15,paragraph,,"``None of those who call me `Lord' will enter the kingdom of God, but only the one who does the will of my Father in heaven."" [ Matthew 7:21 ]"
599,appendix-22,22. Jesus,appendix_22.pdf,https://www.masjidtucson.org/quran/appendices/appendix22.html,16,paragraph,,"``...Go to my brothers and tell them, `I am ascending to my Father and your Father, to my God and your God.' '' [ John 20:17 ]"
600,appendix-22,22. Jesus,appendix_22.pdf,https://www.masjidtucson.org/quran/appendices/appendix22.html,17,paragraph,,"``God is my Lord and your Lord; you shall worship Him alone. This is the right path."" [ Quran 3:51, 19:36, & 43:64 ]"
601,appendix-22,22. Jesus,appendix_22.pdf,https://www.masjidtucson.org/quran/appendices/appendix22.html,18,paragraph,,"Trinity, the doctrine of God taught by Christians that asserts that God is one in essence but three in ``person,'' Father, Son, and Holy Spirit. Neither the word Trinity, nor the explicit doctrine as such, appears in the New Testament, nor did Jesus and his followers intend to contradict the Shema in the Old Testament: ``Hear O Israel: The Lord our God is one'' (Deut. 6:4). [ Encyclopaedia Britannica, 1975 ]"
602,appendix-22,22. Jesus,appendix_22.pdf,https://www.masjidtucson.org/quran/appendices/appendix22.html,19,table,,"Jesus' soul was raised, i.e., he was put to death prior to the arrest and crucifixion of his body. Thus, his persecutors arrested, tortured, and crucified an empty body - Jesus was already gone to the world of souls (3:55, 4:157)."
603,appendix-22,22. Jesus,appendix_22.pdf,https://www.masjidtucson.org/quran/appendices/appendix22.html,20,heading,3,Jesus' Death
604,appendix-22,22. Jesus,appendix_22.pdf,https://www.masjidtucson.org/quran/appendices/appendix22.html,21,paragraph,,This has been the single most controversial subject in the world. The Quran's miraculous mathematical code has now provided the final answer to this topic:
605,appendix-22,22. Jesus,appendix_22.pdf,https://www.masjidtucson.org/quran/appendices/appendix22.html,22,paragraph,,"They plotted and schemed, but so did God, and God is the best schemer. Thus, God said, ``O Jesus, I am putting you to death, and raising you to Me; I will save you from the disbelievers.'' [ Quran 3:54-55 ]"
606,appendix-22,22. Jesus,appendix_22.pdf,https://www.masjidtucson.org/quran/appendices/appendix22.html,23,paragraph,,"They claimed that they killed the Messiah, Jesus, the son of Mary, the messenger of God! In fact, they never killed him; they never crucified him; they were led to believe that they did. [ Quran 4:157 ]"
607,appendix-22,22. Jesus,appendix_22.pdf,https://www.masjidtucson.org/quran/appendices/appendix22.html,24,paragraph,,"Mercifully, God has given our generation a living example of a person whose soul departed this world, but his body continued to live for 19 months. On November 25, 1984, doctors at the Humana Hospital of Louisville, Kentucky removed the diseased heart of Mr. William Schroeder and replaced it with a plastic and metal pump (THE NEW YORK TIMES, Monday, November 26, 1984)."
608,appendix-22,22. Jesus,appendix_22.pdf,https://www.masjidtucson.org/quran/appendices/appendix22.html,25,paragraph,,"On the 19th day after this historic operation - Thursday, December 13, 1984 - Mr. Schroeder, the soul, the real person, departed this world. Mr. Schroeder died. But his body continued to function with the artificial heart implanted in his body. The world was told that he ""probably suffered a stroke"" (THE NEW YORK TIMES, December 14, 1984). Significantly, only one day before Mr. Schroeder's departure, he talked with President Ronald Reagan on national TV, and demanded that the Social Security Administration send his overdue check. He was perfectly alert. From the moment ""he suffered a stroke,"" he did not recognize the day or time, nor his family members. In fact, Mr. Scroeder was no longer in this world."
609,appendix-22,22. Jesus,appendix_22.pdf,https://www.masjidtucson.org/quran/appendices/appendix22.html,26,paragraph,,The Gospels state clearly that the arrested body of Jesus was oblivious to the events surrounding it:
610,appendix-22,22. Jesus,appendix_22.pdf,https://www.masjidtucson.org/quran/appendices/appendix22.html,27,paragraph,,"The chief priests, meanwhile, brought many accusations against Jesus. Pilate interrogated him again: ""Surely you have some answer? See how many accusations they are leveling against you."" But greatly to Pilate's surprise, Jesus made no further response. [ Mark 15:3-5 ]"
611,appendix-22,22. Jesus,appendix_22.pdf,https://www.masjidtucson.org/quran/appendices/appendix22.html,28,paragraph,,"Herod was extremely pleased to see Jesus. From the reports about him he had wanted for a long time to see him, and he was hoping to see him work some miracles. He questioned Jesus at considerable length, but Jesus made no response. The chief priests and scribes were at hand to accuse him vehemently. Herod and his guards then treated him with contempt and insult. [ Luke 23:8-11 ]"
612,appendix-22,22. Jesus,appendix_22.pdf,https://www.masjidtucson.org/quran/appendices/appendix22.html,29,paragraph,,"The Savior said to me, ""He whom you saw on the tree, glad and laughing, this is the living Jesus. But this one into whose hands and feet they drive the nails is the fleshly part. [Apocalypse of Peter, VII, 3, 81] from THE NAG HAMMADI LIBRARY (Harper & Row, 1977, James M. Robinson, ed, Page 339)."
613,appendix-22,22. Jesus,appendix_22.pdf,https://www.masjidtucson.org/quran/appendices/appendix22.html,30,paragraph,,"The facts that (1) Mr. Schroeder's soul departed on the 19th day after the operation, and (2) his body survived for 19 months, are uncanny reminders that God wanted the world to know the parallel between Schroeder's situation, and the proven account of Jesus' departure prior to the arrest, torture, and crucifixion of his soulless body."
614,appendix-23,23. Chronological Sequence of Revelation,appendix_23.pdf,https://www.masjidtucson.org/quran/appendices/appendix23.html,1,heading,1,Chronological Sequence of Revelation
615,appendix-23,23. Chronological Sequence of Revelation,appendix_23.pdf,https://www.masjidtucson.org/quran/appendices/appendix23.html,2,table,,Order Sura 17...107 34....50 51....10 68....88 85....29 102...24 1.....96 18...109 35....90 52....11 69....18 86....83 103...22 2.....68 19...105 36....86 53....12 70....16 87.....2 104...63 3.....73 20...113 37....54 54....15 71....71 88.....8 105...58 4.....74 21...114 38....38 55.....6 72....14 89.....3 106...49 5......1 22...112 39.....7 56....37 73....21 90....33 107...66 6....111 23....53 40....72 57....31 74....23 91....60 108...64 7.....81 24....80 41....36 58....34 75....32 92.....4 109...61 8.....87 25....97 42....25 59....39 76....52 93....99 110...62 9.....92 26....91 43....35 60....40 77....67 94....57 111...48 10....89 27....85 44....19 61....41 78....69 95....47 112....5 11....93 28....95 45....20 62....42 79....70 96....13 113....9 12....94 29...106 46....56 63....43 80....78 97....55 114..110 13...103 30...101 47....26 64....44 81....79 98....76 14...100 31....75 48....27 65....45 82....82 99....65 15...108 32...104 49....28 66....46 83....84 100...98 16...102 33....77 50....17 67....51 84....30 101...59
616,appendix-24,24. Tampering with the Word of God,appendix_24.pdf,https://www.masjidtucson.org/quran/appendices/appendix24.html,1,heading,1,Tampering with the Word of God
617,appendix-24,24. Tampering with the Word of God,appendix_24.pdf,https://www.masjidtucson.org/quran/appendices/appendix24.html,2,table,,"A superhuman mathematical system pervades the Quran and serves to guard and authenticate every element in it. Nineteen years after the Prophet's death, some scribes injected two false verses at the end of Sura 9, the last sura revealed in Medina. The evidence presented in this Appendix incontrovertibly removes these human injections, restores the Quran to its pristine purity, and illustrates a major function of the Quran's mathematical code, namely, to protect the Quran from the slightest tampering. Thus, the code rejects ONLY the false injections 9:128-129."
618,appendix-24,24. Tampering with the Word of God,appendix_24.pdf,https://www.masjidtucson.org/quran/appendices/appendix24.html,3,paragraph,,"A superhuman mathematical system pervades the Quran and serves to guard and authenticate every element in it. Nineteen years after the Prophet's death, some scribes injected two false verses at the end of Sura 9, the last sura revealed in Medina. The evidence presented in this Appendix incontrovertibly removes these human injections, restores the Quran to its pristine purity, and illustrates a major function of the Quran's mathematical code, namely, to protect the Quran from the slightest tampering. Thus, the code rejects ONLY the false injections 9:128-129."
619,appendix-24,24. Tampering with the Word of God,appendix_24.pdf,https://www.masjidtucson.org/quran/appendices/appendix24.html,4,table,,"""Surely, we have revealed this scripture, and surely, we will preserve it."" [ 15:9 ]"
620,appendix-24,24. Tampering with the Word of God,appendix_24.pdf,https://www.masjidtucson.org/quran/appendices/appendix24.html,5,paragraph,,"""Surely, we have revealed this scripture, and surely, we will preserve it."" [ 15:9 ]"
621,appendix-24,24. Tampering with the Word of God,appendix_24.pdf,https://www.masjidtucson.org/quran/appendices/appendix24.html,6,paragraph,,"The Quran is God's Final Testament. Hence the divine pledge to keep it perfectly preserved. To assure us of both the divine authorship, and the perfect preservation of the Quran, the Almighty author has rendered the Quran mathematically composed. As proven by the physical evidence in Appendix 1, such mathematical composition is far beyond human capabilities. The slightest violation of God's Final Testament is destined to stand out in glaring disharmony. A deviation by only 1 - one sura, one verse, one word, even one letter - is immediately exposed."
622,appendix-24,24. Tampering with the Word of God,appendix_24.pdf,https://www.masjidtucson.org/quran/appendices/appendix24.html,7,paragraph,,"Nineteen years after the Prophet Muhammad's death, during the reign of Khalifa `Uthman, a committee of scribes was appointed to make several copies of the Quran to be dispatched to the new Muslim lands. The copies were to be made from the original Quran which was written by Muhammad's hand (Appendix 28)."
623,appendix-24,24. Tampering with the Word of God,appendix_24.pdf,https://www.masjidtucson.org/quran/appendices/appendix24.html,8,paragraph,,"This committee was supervised by `Uthman Ibn `Affaan, `Ali Ibn Abi Taaleb, Zeid Ibn Thaabet, Ubayy Ibn Ka`ab, `Abdullah Ibn Al-Zubair, Sa`eed Ibn Al-`Aas, and `Abdul Rahman Ibn Al-Haareth Ibn Heshaam. The Prophet, of course, had written the Quran in its chronological order of revelation (Appendix 23), together with the necessary instructions to place every piece in its proper position. The last sura revealed in Medina was Sura 9. Only Sura 110, a very short sura, was revealed after Sura 9, in Mina."
624,appendix-24,24. Tampering with the Word of God,appendix_24.pdf,https://www.masjidtucson.org/quran/appendices/appendix24.html,9,paragraph,,"The committee of scribes finally came to Sura 9, and put it in its proper place. One of the scribes suggested adding a couple of verses to honor the Prophet. The majority of scribes agreed. `Ali was outraged. He vehemently maintained that the word of God, written down by the hand of His final prophet, must never be altered."
625,appendix-24,24. Tampering with the Word of God,appendix_24.pdf,https://www.masjidtucson.org/quran/appendices/appendix24.html,10,paragraph,,"Ali's protest is documented in many references, but I cite and reproduce here the classic reference AL ITQAAN FEE 'ULUM AL QURAN by Jalaluddin Al-Suyuty, Al-Azhareyyah Press, Cairo, Egypt, 1318 AH, Page 59 [see Insert 1]."
626,appendix-24,24. Tampering with the Word of God,appendix_24.pdf,https://www.masjidtucson.org/quran/appendices/appendix24.html,12,image,,"Translation: `Ali was asked: ""Why are you staying home?"" He said, ""Something has been added to the Quran, and I have pledged never to put on my street clothes, except for the prayer, until the Quran is restored."" [Insert 1]"
627,appendix-24,24. Tampering with the Word of God,appendix_24.pdf,https://www.masjidtucson.org/quran/appendices/appendix24.html,13,paragraph,,The horrendous dimensions of this crime can be realized once we look at the consequences:
628,appendix-24,24. Tampering with the Word of God,appendix_24.pdf,https://www.masjidtucson.org/quran/appendices/appendix24.html,14,paragraph,,"(1) `Uthman was assassinated, and `Ali was installed as the fourth Khalifa."
629,appendix-24,24. Tampering with the Word of God,appendix_24.pdf,https://www.masjidtucson.org/quran/appendices/appendix24.html,15,paragraph,,"(2) A 50-year war erupted between the new Khalifa and his supporters on one side, and the Mohammedan distorters of the Quran on the other side."
630,appendix-24,24. Tampering with the Word of God,appendix_24.pdf,https://www.masjidtucson.org/quran/appendices/appendix24.html,16,paragraph,,"(3) `Ali was martyred, and eventually his family, the prophet Muhammad's family, except for some women and children, were killed."
631,appendix-24,24. Tampering with the Word of God,appendix_24.pdf,https://www.masjidtucson.org/quran/appendices/appendix24.html,17,paragraph,,"(4) The disaster culminated in the infamous Battle of Karbala, where `Ali's son, Hussein, and his family were massacred."
632,appendix-24,24. Tampering with the Word of God,appendix_24.pdf,https://www.masjidtucson.org/quran/appendices/appendix24.html,18,paragraph,,"(5) The Muslims were deprived of the pure, unaltered, Quran for 1400 years."
633,appendix-24,24. Tampering with the Word of God,appendix_24.pdf,https://www.masjidtucson.org/quran/appendices/appendix24.html,19,paragraph,,"The distorters of the Quran finally won the war, and the ""official"" history that came to us represented the victors' point of view. This apparent victory for God's enemies was, of course, in accordance with God's will. In just two decades after the Prophet's death, the idol worshipers who were defeated by the Prophet in the conquest of Mecca (632 AD) reverted to idolatry. Ironically, this time around their idol was the Prophet himself. Such idol worshipers obviously did not deserve to possess the pure Quran. Hence the blessed martyrdom of the true believers who tried to restore the Quran, and the apparent victory for the distorters of God's word."
634,appendix-24,24. Tampering with the Word of God,appendix_24.pdf,https://www.masjidtucson.org/quran/appendices/appendix24.html,20,paragraph,,"The first peace time ruler after this lengthy and disastrous war was Marwan Ibn Al Hakam (died 65 AH/684 AD). One of the first duties he performed was to destroy the original Quran, the one that was so scrupulously written by the Prophet's own hand, ""fearing it might become the cause of NEW disputes"" [see `ULUM AL-QURAN, by Ahmad von Denffer, Islamic Foundation, Leicester, United Kingdom, 1983, Page 56.]. The question an intelligent person must ask is: ""If the original Quran were identical to the Quran in circulation at that time, why did Marwan Ibn Al-Hakam have to destroy it?!"""
635,appendix-24,24. Tampering with the Word of God,appendix_24.pdf,https://www.masjidtucson.org/quran/appendices/appendix24.html,21,paragraph,,"Upon examining the oldest Islamic references, we realize that the false injections, 9:128-129, were always suspect. For example, we read in Bukhary's famous Hadith, and Al-Suyuty's famous Itqaan, that every single verse in the Quran was verified by a multiplicity of witnesses ""except Verses 128 and 129 of Sura 9; they were found only with Khuzeimah Ibn Thaabet Al-Ansaary."" When some people questioned this improper exception, someone came up with a Hadith stating that ""the testimony of Khuzeimah equals the testimony of two men!!!"""
636,appendix-24,24. Tampering with the Word of God,appendix_24.pdf,https://www.masjidtucson.org/quran/appendices/appendix24.html,22,paragraph,,"Strangely, the false injections 9:128-129 are labeled in the traditional Quran printings as ""Meccan"" [see Insert 2]."
637,appendix-24,24. Tampering with the Word of God,appendix_24.pdf,https://www.masjidtucson.org/quran/appendices/appendix24.html,23,table,,"The Title Figure of Sura 9 from a standard Quran, showing that this sura is Medinan, ""except for the last two verses; they are Meccan""!!! [Insert 2]"
638,appendix-24,24. Tampering with the Word of God,appendix_24.pdf,https://www.masjidtucson.org/quran/appendices/appendix24.html,24,image,,"Translation: `The Title Figure of Sura 9 from a standard Quran, showing that this sura is Medinan, ""except for the last two verses; they are Meccan""!!! [Insert 2]"
639,appendix-24,24. Tampering with the Word of God,appendix_24.pdf,https://www.masjidtucson.org/quran/appendices/appendix24.html,25,paragraph,,"How could these `Meccan' verses be found with Khuzeimah, a late `Medinan' Muslim?! How could a Medinan sura contain Meccan verses, when the universal convention has been to label as `Medinan' all revelations after the Prophet's Hijerah from Mecca??!! Despite these discrepancies, plus many more glaring contradictions associated with Verses 9:128-129, no one dared to question their authenticity. The discovery of the Quran's mathematical code in 1974, however, ushered in a new era where the authenticity of every element in the Quran is proven (Appendix 1)."
640,appendix-24,24. Tampering with the Word of God,appendix_24.pdf,https://www.masjidtucson.org/quran/appendices/appendix24.html,26,paragraph,,"As it turns out, the injection of the two false Verses 9:128-129 resulted in: (1) demonstrating the major function of the Quran's mathematical system, and (2) producing an awesome miracle in its own right, and (3) distinguishing the true believers from the hypocrites (they uphold traditions)."
641,appendix-24,24. Tampering with the Word of God,appendix_24.pdf,https://www.masjidtucson.org/quran/appendices/appendix24.html,27,paragraph,,The translation of the two false verses is shown in Insert 3:
642,appendix-24,24. Tampering with the Word of God,appendix_24.pdf,https://www.masjidtucson.org/quran/appendices/appendix24.html,28,table,,"""A messenger has come to you from among you who wants no hardship to afflict you, and cares about you, and is compassionate towards the believers, merciful. If they turn away, then say, 'Sufficient for me is God, there is no god except He. I put my trust in Him. He is the Lord with the great throne.' "" [Insert 3]"
643,appendix-24,24. Tampering with the Word of God,appendix_24.pdf,https://www.masjidtucson.org/quran/appendices/appendix24.html,29,paragraph,,[Insert 3]
644,appendix-24,24. Tampering with the Word of God,appendix_24.pdf,https://www.masjidtucson.org/quran/appendices/appendix24.html,30,heading,2,THE PHYSICAL EVIDENCE
645,appendix-24,24. Tampering with the Word of God,appendix_24.pdf,https://www.masjidtucson.org/quran/appendices/appendix24.html,31,paragraph,,"[1] The first violation of the Quran's code by Verses 9:128-129 appeared when the count of the word ""God"" (Allah) in the Quran was found to be 2699, which is not a multiple of 19, unless we remove one. The count of the word ""God"" is shown at the bottom of each page in this translation. The total shown at the end of the Quran is 2698, 19x142, because the false injections 9:128-129 have been removed."
646,appendix-24,24. Tampering with the Word of God,appendix_24.pdf,https://www.masjidtucson.org/quran/appendices/appendix24.html,32,paragraph,,"[2] The sum of all the verse numbers where the word ""God"" occurs is 118123, or 19x6217. This total is obtained by adding the numbers of verses wherever the word ""God"" is found. If the false Verse 9:129 is included, this phenomenon disappears."
647,appendix-24,24. Tampering with the Word of God,appendix_24.pdf,https://www.masjidtucson.org/quran/appendices/appendix24.html,33,paragraph,,"[3] As shown at the end of Sura 9 in this translation, the total occurrence of the word ""God"" to the end of Sura 9 is 1273, 19x67. If the false injections 9:128-129 were included, the total would have become 1274, not a multiple of 19."
648,appendix-24,24. Tampering with the Word of God,appendix_24.pdf,https://www.masjidtucson.org/quran/appendices/appendix24.html,34,paragraph,,"[4] The occurrence of the word ""God"" from the first Quranic initial (""A.L.M."" of 2:1) to the last initial (""N."" of 68:1) totals 2641, or 19x139. Since it is easier to list the suras outside the initialed section of the Quran, Table 1 shows the 57 occurrences of the word ""God"" in that section. Subtracting 57 from the total occurrence of the word ""God"" gives us 2698- 57 = 2641 = 19x139, from the first initial to the last initial. If the human injections 9:128 and 129 were included, the count of the word ""God"" in the initialed section would have become 2642, not a multiple of 19."
649,appendix-24,24. Tampering with the Word of God,appendix_24.pdf,https://www.masjidtucson.org/quran/appendices/appendix24.html,35,paragraph,,"Table 1: Occurrence of the word ""God"" outside the initialed section"
650,appendix-24,24. Tampering with the Word of God,appendix_24.pdf,https://www.masjidtucson.org/quran/appendices/appendix24.html,36,table,,Sura No. No. of Occurrences Sura No. No. of Occurrences 1 2 84 1 69 1 85 3 70 1 87 1 71 7 88 1 72 10 91 2 73 7 95 1 74 3 96 1 76 5 98 3 79 1 104 1 81 1 110 2 82 1 112 2 57 = (19x3)
651,appendix-24,24. Tampering with the Word of God,appendix_24.pdf,https://www.masjidtucson.org/quran/appendices/appendix24.html,37,paragraph,,"[5] Sura 9 is an un-initialed sura, and if we look at the 85 un-initialed suras, we find that the word ""God"" occurs in 57 of these suras, 19x3. The total number of verses in the suras where the word ""God"" is found is 1045, 19x55. If 9:128-129 were included, the verses containing the word ""God"" would increase by 1."
652,appendix-24,24. Tampering with the Word of God,appendix_24.pdf,https://www.masjidtucson.org/quran/appendices/appendix24.html,38,paragraph,,"[6] The word ""God"" from the missing Basmalah (Sura 9) to the extra Basmalah (Sura 27) occurs in 513 verses, 19x27, within 19 suras (Table 2). If the false Verses 9:128-129 were included, the number of verses containing the word ""God"" would have become 514, and this phenomenon would have disappeared."
653,appendix-24,24. Tampering with the Word of God,appendix_24.pdf,https://www.masjidtucson.org/quran/appendices/appendix24.html,39,paragraph,,"Table 2: The word ""God"" from the missing Basmalah to the extra Basmalah."
654,appendix-24,24. Tampering with the Word of God,appendix_24.pdf,https://www.masjidtucson.org/quran/appendices/appendix24.html,40,table,,"No. Sura No. No. of Verses with ""God"" 1. 9 100 2. 10 49 3. 11 33 4. 12 34 5. 13 23 6. 14 28 7. 15 2 8. 16 64 9. 17 10 10. 18 14 11. 19 8 12. 20 6 13. 21 5 14. 22 50 15. 23 12 16. 24 50 17. 25 6 18. 26 13 19. 27 6 19 342 513 No. of suras = 19, Total of sura numbers =342 =19x18 Total of verses = 513 = 19 x 27"
655,appendix-24,24. Tampering with the Word of God,appendix_24.pdf,https://www.masjidtucson.org/quran/appendices/appendix24.html,41,paragraph,,"[7] The word ""Elaah"" which means ""god"" occurs in Verses 9:129. The total occurrence of this word in the Quran is 95, 19x5. The inclusion of 9:128-129 causes this word to increase by 1, to 96."
656,appendix-24,24. Tampering with the Word of God,appendix_24.pdf,https://www.masjidtucson.org/quran/appendices/appendix24.html,42,paragraph,,"[8] The INDEX TO THE WORDS OF THE QURAN, lists 116 ""Rasool"" (Messenger) words. One of these words is in 9:128. By removing this false verse, 115 ""Rasool"" words remain. Another ""Rasool"" word which must be excluded from counting is in 12:50, since it refers to the ""messenger of Pharaoh,"" not the messenger of God. Thus, the total occurrence of ""Rasool"" of God is 114, 19x6."
657,appendix-24,24. Tampering with the Word of God,appendix_24.pdf,https://www.masjidtucson.org/quran/appendices/appendix24.html,43,paragraph,,"[9] Another important word that occurs in the false Verses 9:128-129 is the word ""Raheem"" (Merciful). This word is used in the Quran exclusively as a name of God, and its total count is 114, 19x6, after removing the word ""Raheem"" of 9:128, which refers to the prophet. According to 7:188, 10:49, and 72:21 the Prophet did not possess any power of mercy."
658,appendix-24,24. Tampering with the Word of God,appendix_24.pdf,https://www.masjidtucson.org/quran/appendices/appendix24.html,44,paragraph,,"[10] The INDEX lists 22 occurrences of the word "" `Arsh"" (Throne). After removing the false injection 9:129, and the "" `Arsh"" of Joseph which occurs in 12:100, and the "" `Arsh"" of the Queen of Sheba (27:23), we end up with 19 "" `Arsh"" words. This proves that the word "" `Arsh"" of 9:129 does not belong in the Quran."
659,appendix-24,24. Tampering with the Word of God,appendix_24.pdf,https://www.masjidtucson.org/quran/appendices/appendix24.html,45,paragraph,,"[11] The Quranic command ""Qul"" (Say) occurs in the Quran 332 times. Also, the word ""Qaaloo"" (They said) occurs the same number of times, 332. Since the false Verse 9:129 contains the word ""Qul"" (Say), its inclusion would have destroyed this typical Quranic phenomenon."
660,appendix-24,24. Tampering with the Word of God,appendix_24.pdf,https://www.masjidtucson.org/quran/appendices/appendix24.html,46,paragraph,,"[12] The Quran contains 6234 numbered verses and 112 un-numbered verses (Basmalahs). Thus, the total number of verses in the Quran is 6346, 19x334. The false Verses 9:128-129 violate this important criterion of the Quran's code."
661,appendix-24,24. Tampering with the Word of God,appendix_24.pdf,https://www.masjidtucson.org/quran/appendices/appendix24.html,47,paragraph,,"[13] In addition to violating the numbers of words as listed above, 9:128-129 violate the Quran's mathematical structure. When we add the number of verses in each sura, plus the sum of verse numbers (1+2+3+... +n, where n=number of verses), plus the number of each sura, the cumulative total for the whole Quran comes to 346199, or 19x19x959. This phenomenon confirms the authenticity of every verse in the Quran, while excluding 9:128-129. Table 3 is an abbreviated illustration of the calculations of Item 13. This phenomenon is impossible if the false Verses 9:128-129 are included."
662,appendix-24,24. Tampering with the Word of God,appendix_24.pdf,https://www.masjidtucson.org/quran/appendices/appendix24.html,48,paragraph,,"Table 3: Mathematical coding of the Quran's suras & verses, based on ""19"""
663,appendix-24,24. Tampering with the Word of God,appendix_24.pdf,https://www.masjidtucson.org/quran/appendices/appendix24.html,49,table,,Sura No. No. of Verses Sum of Verse #'s Total 1 7 28 36 2 286 41041 41329 - - - - 9 127 8128 8264 - - - - 114 6 21 141 6555 6234 333410 346199 (19 x 19 x 959)
664,appendix-24,24. Tampering with the Word of God,appendix_24.pdf,https://www.masjidtucson.org/quran/appendices/appendix24.html,50,paragraph,,"[14] When we carry out the same calculations as in Item 13 above, but for the 85 un-initialed suras only, which include Sura 9, the cumulative total is also a multiple of 19. The cumulative total for all un-initialed suras is 156066, or 19x8214. This result depends on the fact that Sura 9 consists of 127 verses, not 129. The data are shown in Table 4. The false verses would have destroyed this criterion."
665,appendix-24,24. Tampering with the Word of God,appendix_24.pdf,https://www.masjidtucson.org/quran/appendices/appendix24.html,51,paragraph,,Table 4: Mathematical coding of the Quran's 85 un-initialed suras.
666,appendix-24,24. Tampering with the Word of God,appendix_24.pdf,https://www.masjidtucson.org/quran/appendices/appendix24.html,52,table,,Sura No. No. of Verses Sum of Verse #'s Total 1 7 28 36 4 176 15576 15756 - - - - 9 127 8128 8264 - - - - 114 6 21 141 156066 156066 = (19x8214)
667,appendix-24,24. Tampering with the Word of God,appendix_24.pdf,https://www.masjidtucson.org/quran/appendices/appendix24.html,53,paragraph,,156066 = (19x8214)
668,appendix-24,24. Tampering with the Word of God,appendix_24.pdf,https://www.masjidtucson.org/quran/appendices/appendix24.html,54,paragraph,,"[15] By adding the sura numbers of all un-initialed suras (85 suras), plus their number of verses, from the beginning of the Quran to the end of Sura 9 we get 703, 19x37. The detailed data are shown in Table 5. This phenomenon depends on the fact that Sura 9 consists of 127 verses."
669,appendix-24,24. Tampering with the Word of God,appendix_24.pdf,https://www.masjidtucson.org/quran/appendices/appendix24.html,55,table,,Sura No. # Verses Total 1 7 8 4 176 180 5 120 125 6 165 171 8 75 83 9 127 136 703 (19x37)
670,appendix-24,24. Tampering with the Word of God,appendix_24.pdf,https://www.masjidtucson.org/quran/appendices/appendix24.html,56,paragraph,,Table 5: Un-initialed suras and their verses from the beginning to Sura 9
671,appendix-24,24. Tampering with the Word of God,appendix_24.pdf,https://www.masjidtucson.org/quran/appendices/appendix24.html,57,paragraph,,"[16] By adding the sura number of the un-initialed suras, plus the number of verses, plus the sum of verse numbers from the missing Basmalah (9:1) to the end of the Quran, the grand total comes to 116090, or 19x6110. These data are in Table 6. If Verses 9:128-129 are included, the number of verses for Sura 9 becomes 129, and the grand total becomes 116349, not a multiple of 19."
672,appendix-24,24. Tampering with the Word of God,appendix_24.pdf,https://www.masjidtucson.org/quran/appendices/appendix24.html,58,paragraph,,"[17] When the same calculations of Item 16 are done for all the verses from the missing Basmalah of Sura 9 to the extra Basmalah of Sura 27, the grand total comes to 119966, or 19x6314. This phenomenon would be destroyed, and the total would no longer be divisible by 19, if the number of verses in Sura 9 were 129. Since this phenomenon is also related to the absence of Basmalah from Sura 9, it is explained and the detailed data are given in table form in Appendix 29."
673,appendix-24,24. Tampering with the Word of God,appendix_24.pdf,https://www.masjidtucson.org/quran/appendices/appendix24.html,59,table,,Sura No. No. of Verses Sum of Verse #'s Total 9 127 8128 8264 16 128 8256 8400 - - - - 113 5 15 133 114 6 21 141 ------ 116090 (19x6110)
674,appendix-24,24. Tampering with the Word of God,appendix_24.pdf,https://www.masjidtucson.org/quran/appendices/appendix24.html,60,paragraph,,Table 6: The un-initialed suras & their verses from missing Basmalah (Sura 9) to the end of the Quran
675,appendix-24,24. Tampering with the Word of God,appendix_24.pdf,https://www.masjidtucson.org/quran/appendices/appendix24.html,61,paragraph,,"[18] When the same calculations of Items 16 and 17 are carried out from the missing Basmalah (9:1) to the verse where the number 19 is mentioned (74:30), we find that the grand total comes to 207670, or 19x10930 (Table 7). Sura 9 must consist of 127 verses."
676,appendix-24,24. Tampering with the Word of God,appendix_24.pdf,https://www.masjidtucson.org/quran/appendices/appendix24.html,62,table,,Sura No. No. of Verses Sum of Verse #s Total 9 127 8128 8264 10 109 5995 6114 - - - - 73 20 210 303 74 30 465 569 2739 4288 200643 207670 (19x10930)
677,appendix-24,24. Tampering with the Word of God,appendix_24.pdf,https://www.masjidtucson.org/quran/appendices/appendix24.html,63,paragraph,,Table 7: The suras and verses from the missing Basmalah to 74:30.
678,appendix-24,24. Tampering with the Word of God,appendix_24.pdf,https://www.masjidtucson.org/quran/appendices/appendix24.html,64,paragraph,,"[19] Sura 9 consists of 127 verses. The digits of 127 add up to 1+2+7 = 10. Let us look at all the verses whose digits add up to 10, from the missing Basmalah of Sura 9, to the extra Basmalah of Sura 27. If Sura 9 consisted of 129 verses, the grand total would be 2472, instead of 2470 (19x130); 2472 is not a multiple of 19, and this phenomenon would have disappeared. The data are in Table 8."
679,appendix-24,24. Tampering with the Word of God,appendix_24.pdf,https://www.masjidtucson.org/quran/appendices/appendix24.html,65,table,,Sura No. No. of Verses How many add up to 10 Total 9 127 12 148 10 109 10 129 11 123 11 145 12 111 10 133 13 43 3 59 14 52 4 70 15 99 9 123 16 128 12 156 17 111 10 138 18 110 10 138 19 98 9 126 20 135 12 167 21 112 10 143 22 78 7 107 23 118 11 152 24 64 6 94 25 77 7 109 26 227 22 275 27 29 2 58 342 1951 177 2470 342 = 19x18 & 2470 = 19x130
680,appendix-24,24. Tampering with the Word of God,appendix_24.pdf,https://www.masjidtucson.org/quran/appendices/appendix24.html,66,paragraph,,Table 8: The verses whose digits add up to 10 from 9:1 to 27:29.
681,appendix-24,24. Tampering with the Word of God,appendix_24.pdf,https://www.masjidtucson.org/quran/appendices/appendix24.html,67,paragraph,,342 = 19x18 & 2470 = 19x130
682,appendix-24,24. Tampering with the Word of God,appendix_24.pdf,https://www.masjidtucson.org/quran/appendices/appendix24.html,68,paragraph,,"[20] The falsifiers wanted us to believe that Sura 9 consists of 129 verses. The number 129 ends with the digit ""9."" Let us look at the first sura and the last sura whose number of verses ends with the digit ""9."" These are Sura 10 and Sura 104. By adding the sura number, plus the number of verses, plus the sum of verse numbers, from Sura 10 to Sura 104, we get a grand total that equals 23655, or 19x1245. The details are shown in Table 9."
683,appendix-24,24. Tampering with the Word of God,appendix_24.pdf,https://www.masjidtucson.org/quran/appendices/appendix24.html,69,paragraph,,"The inclusion of Sura 9 with the wrong number of verses, 129, would have altered both the sum of verse numbers and the cumulative total - the sum of verse numbers would have become 627+129=756, and the cumulative total would not be 23655 - and the Quran's code would have been violated (Table 9)."
684,appendix-24,24. Tampering with the Word of God,appendix_24.pdf,https://www.masjidtucson.org/quran/appendices/appendix24.html,70,table,,Sura No. No. of Verses Sum of Verse #s Total 10 109 5995 6114 15 99 4950 5064 29 69 2415 2513 43 89 4005 4137 44 59 1770 1873 48 29 435 512 52 49 1225 1326 57 29 435 521 81 29 435 545 82 19 190 291 87 19 190 296 96 19 190 305 104 9 45 158 ----- ----- ------ ------ 748 627 22280 23655 (19x1245)
685,appendix-24,24. Tampering with the Word of God,appendix_24.pdf,https://www.masjidtucson.org/quran/appendices/appendix24.html,71,paragraph,,"Table 9: All the suras whose number of verses ends with ""9."""
686,appendix-24,24. Tampering with the Word of God,appendix_24.pdf,https://www.masjidtucson.org/quran/appendices/appendix24.html,72,paragraph,,"[21] The false injection consisted of Verses 128 and 129 at the end of Sura 9. If we look at the numbers 128 and 129, we see two 1's, two 2's, one 8, and one 9. Now let us look at all the verses in the Quran, and count all the 1's we see. This means the 1's we see in verses 1, 10, 11, 12, 13... 21, 31, and so on. The total count of the 1's is 2546 (19x134), provided the correct number of verses in Sura 9, 127, is used. If 128 and 129 are included, the grand total becomes 2548, which is not a multiple of 19 (Table 11)."
687,appendix-24,24. Tampering with the Word of God,appendix_24.pdf,https://www.masjidtucson.org/quran/appendices/appendix24.html,73,table,,Sura No. No. of Verses No. of 1's 1 7 1 4 176 115 - - - 9 127 61 - - - 113 5 1 114 6 1 ---- 1406 (19x74)
688,appendix-24,24. Tampering with the Word of God,appendix_24.pdf,https://www.masjidtucson.org/quran/appendices/appendix24.html,74,paragraph,,Table 10: Counting all the 1's in the 85 un-initialed suras.
689,appendix-24,24. Tampering with the Word of God,appendix_24.pdf,https://www.masjidtucson.org/quran/appendices/appendix24.html,75,table,,Sura No. of 1's No. of 2's No. of 8's No. of 9's Total 1 1 1 0 0 2 2 159 146 55 48 408 9 61 31 22 22 136 10 31 21 21 21 94 114 1 1 0 0 2 2546 1641 908 833 5928 (19 x 134) (19 x 312)
690,appendix-24,24. Tampering with the Word of God,appendix_24.pdf,https://www.masjidtucson.org/quran/appendices/appendix24.html,76,paragraph,,Table 11: Counting the digits that make up 128 and 129 in the whole Quran.
691,appendix-24,24. Tampering with the Word of God,appendix_24.pdf,https://www.masjidtucson.org/quran/appendices/appendix24.html,77,paragraph,,"[22] Since Sura 9 is an un-initialed sura, let us look at all the verse numbers in the 85 un-initialed suras and count all the 1's we see. As shown in Table 10, the total count of the digit ""1"" in the un-initialed suras is 1406, or 19x74. Obviously, if Sura 9 consisted of 129 verses, we would see two additional 1's, from 128 and 129, and the code would be violated."
692,appendix-24,24. Tampering with the Word of God,appendix_24.pdf,https://www.masjidtucson.org/quran/appendices/appendix24.html,78,paragraph,,"[23] Following the same process explained in Items 22 and 23 for the digit ""1,"" let us count all the 2's, 8's and 9's in all the verse numbers of the whole Quran. As shown in Table 11, the total count of all the 2's, 8's, and 9's is 3382, or 19x178. This makes the grand total of all the 1's, 2's, 8's, and 9's 2546+3382 = 5928, 19x312."
693,appendix-24,24. Tampering with the Word of God,appendix_24.pdf,https://www.masjidtucson.org/quran/appendices/appendix24.html,79,paragraph,,"In this remarkable phenomenon, we considered every single verse in the Quran, and examined the individual digits that make up Verses 128 and 129. Since 128 and 129 contain 6 digits, the inclusion of these human injections causes the total count of these digits in the whole Quran to be 5928+6 = 5934, not a multiple of 19."
694,appendix-24,24. Tampering with the Word of God,appendix_24.pdf,https://www.masjidtucson.org/quran/appendices/appendix24.html,80,paragraph,,"[24] The total count of all the digits (1 through 9) in all the verse numbers of the 85 un-initialed suras, including Sura 9 with 127 verses, is 27075, or 19x19x75."
695,appendix-24,24. Tampering with the Word of God,appendix_24.pdf,https://www.masjidtucson.org/quran/appendices/appendix24.html,81,paragraph,,"[25] Adding up the digits of the Quran's suras and verses produces a multiple of 19, provided the correct number of verses for Sura 9, 127, is taken. To do this, you make a list of the Quran's 114 suras and the number of verses in each sura. Add the digits of every sura number. The sum of digits of 10=1, 11=2, 12=3, 99=18, and so on. The total for all the suras is 975. The same thing is done for the numbers of verses in every sura. For example, Sura 2 consists of 286 verses. The digits of 286 add up to 2+8+6=16. For Sura 9, the digits of its number of verses add up to 1+2+7=10. The total for all 114 suras is 906. Thus, the grand total for the sum of digits of all the suras and verses is 975+906 = 1881 = 19x99. Naturally, this observation would not be possible if Sura 9 consisted of 129 verses. Table 12 is abbreviated to illustrate the calculations."
696,appendix-24,24. Tampering with the Word of God,appendix_24.pdf,https://www.masjidtucson.org/quran/appendices/appendix24.html,82,table,,Sura No. No. of Verses Sum of Digits of Suras Sum of Digits of Verses 1 7 1 7 2 286 2 16 3 200 3 2 9 127 9 10 114 6 6 6 ----- ----- 975 906 975+906 = 1881 = 19x99
697,appendix-24,24. Tampering with the Word of God,appendix_24.pdf,https://www.masjidtucson.org/quran/appendices/appendix24.html,83,paragraph,,Table 12: Sum of digits of all suras & verse numbers in the whole Quran.
698,appendix-24,24. Tampering with the Word of God,appendix_24.pdf,https://www.masjidtucson.org/quran/appendices/appendix24.html,84,paragraph,,975+906 = 1881 = 19x99
699,appendix-24,24. Tampering with the Word of God,appendix_24.pdf,https://www.masjidtucson.org/quran/appendices/appendix24.html,85,paragraph,,"[26] Miraculously, if we calculate the sum of digits for every sura in the Quran, and multiply the sum for each sura by the sum of digits of its number of verses, instead of adding, we still end up with a grand total that is a multiple of 19. For example, Sura 2 has 286 verses. The sum of digits of 2+8+6=16. So you multiply 2 by 16, and you get 32, instead of adding 2+16 as we did in Item 26. This is done for every sura in the Quran. The grand total for all the suras is 7771, or 19x409. Once again, every single verse in the Quran is confirmed, while the false verses are utterly rejected. See Table 13."
700,appendix-24,24. Tampering with the Word of God,appendix_24.pdf,https://www.masjidtucson.org/quran/appendices/appendix24.html,86,table,,Sura No. No. of Verses Sum of Digits of Suras Sum of Digits of Verses = Multiplication Product ------ ------ ----- ------ -------------- 1 7 1 x 7 = 7 2 286 2 x 16 = 32 3 200 3 x 2 = 6 - - - - - 9 127 9 x 10 = 90 - - - - 114 6 6 6 = 36 ----- ----- ------ 975 906 7771 (19x409) 975+906 = 1881 = 19x99
701,appendix-24,24. Tampering with the Word of God,appendix_24.pdf,https://www.masjidtucson.org/quran/appendices/appendix24.html,87,paragraph,,Table 13: Multiplication of the sum of digits of the Quran's suras and verses.
702,appendix-24,24. Tampering with the Word of God,appendix_24.pdf,https://www.masjidtucson.org/quran/appendices/appendix24.html,88,paragraph,,975+906 = 1881 = 19x99
703,appendix-24,24. Tampering with the Word of God,appendix_24.pdf,https://www.masjidtucson.org/quran/appendices/appendix24.html,89,paragraph,,"[27] Another truly awesome phenomenon: Sura 9 is an odd-numbered sura, and if we carry out the calculations described above for the odd-numbered suras only, we find that the total for the suras is 513 (19x27), the total for the verses is 437 (19x23), and the grand total for both is 513+437 = 950 (19x50). Table 14 illustrates this remarkable phenomenon."
704,appendix-24,24. Tampering with the Word of God,appendix_24.pdf,https://www.masjidtucson.org/quran/appendices/appendix24.html,90,table,,"Table 14: Same data as in Table 12, but only for the odd-numbered suras. Sura No. No. of Verses Sum of Digits of Suras Sum of Digits of Verses Total 1 7 1 7 8 3 200 3 2 5 9 127 9 10 19 113 5 5 5 10 ----- ----- ----- 513 437 950 (19x27) (19x23) (19x50)"
705,appendix-24,24. Tampering with the Word of God,appendix_24.pdf,https://www.masjidtucson.org/quran/appendices/appendix24.html,91,paragraph,,"[28] Let us take all the suras that consist of 127 verses or less. There are 105 such suras. The sum of the sura numbers of these 105 suras, plus the sum of their verse numbers is 10963, or 19x577. Sura 9 is the only sura that has 127 verses. See Table 15. If Sura 9 did consist of 129 verses, it would not be included in this list of suras, the total would be 10827 (10963-136), this phenomenon would have disappeared, and the Quran's code would have been violated."
706,appendix-24,24. Tampering with the Word of God,appendix_24.pdf,https://www.masjidtucson.org/quran/appendices/appendix24.html,92,table,,Sura No. No. of Verses Total 1 7 8 5 120 125 8 75 83 9 127 136 - - - 113 5 118 114 6 120 ---- ----- ------ 6434 4529 10963 (19x577)
707,appendix-24,24. Tampering with the Word of God,appendix_24.pdf,https://www.masjidtucson.org/quran/appendices/appendix24.html,93,paragraph,,"[29] Since Sura 9 is odd-numbered, and its number of verses is also odd, let us look at all the odd-numbered suras whose number of verses is also odd. This gives us 27 suras: 1, 9, 11, 13, 15, 17, 25, 27, 29, 33, 35, 39, 43, 45, 57, 63, 81, 87, 91, 93, 97, 101, 103, 105, 107, 111, and 113. They consist of 7, 127, 123, 43, 99, 111, 77, 93, 69, 73, 45, 75, 89, 37, 29, 11, 29, 19, 15, 11, 5, 11, 3, 5, 7, 5, and 5 verses, respectively. The sum of these sura numbers, plus their sum of verse numbers is 2774, 19x146. If we take the wrong number of verses for Sura 9 , i.e., 129, this miracle disappears."
708,appendix-24,24. Tampering with the Word of God,appendix_24.pdf,https://www.masjidtucson.org/quran/appendices/appendix24.html,94,paragraph,,"[30] The correct number of verses in Sura 9 is 127, and this is a prime number - it is not divisible by any number except 1, and itself. Let us look at all the suras whose number of verses is a prime number. These are Suras 1, 9, 13, 33, 43, 45, 57, 63, 81, 87, 93, 97, 101, 103, 105, 107, 111, and 113. The numbers of verses in these suras are 7, 127, 43, 73, 89, 37, 29, 11, 29, 19, 11, 5, 11, 3, 5, 7, 5, and 5, respectively. If you add the digits of these suras, you get 137, while the digits of the verses add up to 129. This makes the grand total of all the digits 137+129 = 266 = 19x14."
709,appendix-24,24. Tampering with the Word of God,appendix_24.pdf,https://www.masjidtucson.org/quran/appendices/appendix24.html,95,paragraph,,"[31] The distorters added two false verses to Sura 9, and this caused the sura to have 129 verses. Since 129 consists of 3 digits, and is divisible by 3, let us look at the suras whose number of verses is divisible by 3, and consists of 3 digits. The total of these sura numbers is 71, and the total number of verses is 765. This produces a grand total of 71 + 765 = 836, or 19x44. The data are shown in Table 16."
710,appendix-24,24. Tampering with the Word of God,appendix_24.pdf,https://www.masjidtucson.org/quran/appendices/appendix24.html,96,table,,Sura No. No. of Verses Total 5 120 125 6 165 171 11 123 134 12 111 123 17 111 128 20 135 155 ---- ----- ----- 71 765 836 (19x44)
711,appendix-24,24. Tampering with the Word of God,appendix_24.pdf,https://www.masjidtucson.org/quran/appendices/appendix24.html,97,paragraph,,# of Verses
712,appendix-24,24. Tampering with the Word of God,appendix_24.pdf,https://www.masjidtucson.org/quran/appendices/appendix24.html,98,paragraph,,------
713,appendix-24,24. Tampering with the Word of God,appendix_24.pdf,https://www.masjidtucson.org/quran/appendices/appendix24.html,99,paragraph,,-----------
714,appendix-24,24. Tampering with the Word of God,appendix_24.pdf,https://www.masjidtucson.org/quran/appendices/appendix24.html,100,paragraph,,------
715,appendix-24,24. Tampering with the Word of God,appendix_24.pdf,https://www.masjidtucson.org/quran/appendices/appendix24.html,101,paragraph,,(19x44)
716,appendix-24,24. Tampering with the Word of God,appendix_24.pdf,https://www.masjidtucson.org/quran/appendices/appendix24.html,102,paragraph,,"If Sura 9 had 129 verses, it would have been included in this table, and would have destroyed this phenomenon."
717,appendix-24,24. Tampering with the Word of God,appendix_24.pdf,https://www.masjidtucson.org/quran/appendices/appendix24.html,103,paragraph,,"[32] If Sura 9 consisted of 129 verses, as the falsifiers would like us to believe, then let us look at all the suras which consist of 129 verses or more. There are 8 such suras. Their data are shown Table 17. If Sura 9 consisted of 129 verses, the total number of verses would have been 1577 + 129 = 1706, not a multiple of 19."
718,appendix-24,24. Tampering with the Word of God,appendix_24.pdf,https://www.masjidtucson.org/quran/appendices/appendix24.html,104,table,,Sura No. No. of Verses 2 286 3 200 4 176 6 165 7 206 20 135 26 227 37 182 ----- 1577 (19x83)
719,appendix-24,24. Tampering with the Word of God,appendix_24.pdf,https://www.masjidtucson.org/quran/appendices/appendix24.html,105,paragraph,,Sura No.
720,appendix-24,24. Tampering with the Word of God,appendix_24.pdf,https://www.masjidtucson.org/quran/appendices/appendix24.html,106,paragraph,,No. of Verses
721,appendix-24,24. Tampering with the Word of God,appendix_24.pdf,https://www.masjidtucson.org/quran/appendices/appendix24.html,107,paragraph,,---------
722,appendix-24,24. Tampering with the Word of God,appendix_24.pdf,https://www.masjidtucson.org/quran/appendices/appendix24.html,108,paragraph,,--------------
723,appendix-24,24. Tampering with the Word of God,appendix_24.pdf,https://www.masjidtucson.org/quran/appendices/appendix24.html,109,paragraph,,(19x83)
724,appendix-24,24. Tampering with the Word of God,appendix_24.pdf,https://www.masjidtucson.org/quran/appendices/appendix24.html,110,paragraph,,"[33] The numbers 127, 128 and 129 have two digits in common, ""1"" and ""2."" Let us consider all the suras whose number of verses contains the digits 1 and 2. By adding the sura numbers plus the numbers of verses, we get 1159, 19x61. See Table 18."
725,appendix-24,24. Tampering with the Word of God,appendix_24.pdf,https://www.masjidtucson.org/quran/appendices/appendix24.html,111,paragraph,,"If Sura 9 consisted of 129 verses, the total would have become 1159+2 = 1161, not a multiple of 19."
726,appendix-24,24. Tampering with the Word of God,appendix_24.pdf,https://www.masjidtucson.org/quran/appendices/appendix24.html,112,table,,Sura No. No. of Verses Total 5 120 125 9 127 136 11 123 134 16 128 144 21 112 133 37 182 219 65 12 77 66 12 78 92 21 113 ---- ----- ----- 322 837 1159 (19x61)
727,appendix-24,24. Tampering with the Word of God,appendix_24.pdf,https://www.masjidtucson.org/quran/appendices/appendix24.html,113,paragraph,,Verses
728,appendix-24,24. Tampering with the Word of God,appendix_24.pdf,https://www.masjidtucson.org/quran/appendices/appendix24.html,114,paragraph,,------
729,appendix-24,24. Tampering with the Word of God,appendix_24.pdf,https://www.masjidtucson.org/quran/appendices/appendix24.html,115,paragraph,,"[34] Sura 9 is a single-digit sura whose number of verses contains the digits 1 and 2. There is only one other sura that possesses these traits: Sura 5 is a single-digit sura, and it consists of 120 verses. As shown in Table 19, the number of verses in these two suras is 120+127 = 247 = 19x13. If Sura 9 consisted of 129 verses, the total would have been 247+2 = 249, not a multiple of 19."
730,appendix-24,24. Tampering with the Word of God,appendix_24.pdf,https://www.masjidtucson.org/quran/appendices/appendix24.html,116,table,,Sura No. No. of Verses 5 120 9 127 ---- ----- 247 (19x13)
731,appendix-24,24. Tampering with the Word of God,appendix_24.pdf,https://www.masjidtucson.org/quran/appendices/appendix24.html,117,paragraph,,Sura Number
732,appendix-24,24. Tampering with the Word of God,appendix_24.pdf,https://www.masjidtucson.org/quran/appendices/appendix24.html,118,paragraph,,No. of Verses
733,appendix-24,24. Tampering with the Word of God,appendix_24.pdf,https://www.masjidtucson.org/quran/appendices/appendix24.html,119,paragraph,,-----------
734,appendix-24,24. Tampering with the Word of God,appendix_24.pdf,https://www.masjidtucson.org/quran/appendices/appendix24.html,120,paragraph,,-------------
735,appendix-24,24. Tampering with the Word of God,appendix_24.pdf,https://www.masjidtucson.org/quran/appendices/appendix24.html,121,paragraph,,(19x13)
736,appendix-24,24. Tampering with the Word of God,appendix_24.pdf,https://www.masjidtucson.org/quran/appendices/appendix24.html,122,paragraph,,"[35] We looked at all the suras whose number of verses contains ""1"" and ""2."" Let us now look at all the suras whose number of verses begins with the digit ""1."" There are 30 suras that possess this quality: Suras 4, 5, 6, 9, 10, 11, 12, 16, 17, 18, 20, 21, 23, 37, 49, 60, 61, 62, 63, 64, 65, 66, 82, 86, 87, 91, 93, 96, 100, and 101."
737,appendix-24,24. Tampering with the Word of God,appendix_24.pdf,https://www.masjidtucson.org/quran/appendices/appendix24.html,123,paragraph,,"Their numbers of verses are 176, 120, 165, 127, 109, 123, 111, 128, 111, 110, 135, 112, 118, 182, 18, 13, 14, 11, 11, 18, 12, 12, 19, 17, 19, 15, 11, 19, 11, and 11. The sum of verse numbers (1+2+3+...+n) for these 30 suras is 126122, or 19x6638."
738,appendix-24,24. Tampering with the Word of God,appendix_24.pdf,https://www.masjidtucson.org/quran/appendices/appendix24.html,124,paragraph,,"If Sura 9 consisted of 129 verses, the sum of their verse numbers would have been 126122 + 128 + 129 = 126379, and this total is not a multiple of 19."
739,appendix-24,24. Tampering with the Word of God,appendix_24.pdf,https://www.masjidtucson.org/quran/appendices/appendix24.html,125,paragraph,,"[36] Sura 9 consists of 127 verses, and 9+1+2+7 equals 19. Let us look at all the suras whose digits of sura and verses add up to 19. There are 10 suras that meet this specification, and the total of their sura numbers and numbers of verses is 1216, or 19x64. The data are shown in Table 20."
740,appendix-24,24. Tampering with the Word of God,appendix_24.pdf,https://www.masjidtucson.org/quran/appendices/appendix24.html,126,table,,Sura No. No. of Verses Total 9 127 136 22 78 100 26 227 253 45 37 82 54 55 109 64 18 82 72 28 100 77 50 127 78 40 118 84 25 109 ----- ----- ----- 531 685 1216 (19x64)
741,appendix-24,24. Tampering with the Word of God,appendix_24.pdf,https://www.masjidtucson.org/quran/appendices/appendix24.html,127,paragraph,,Verses
742,appendix-24,24. Tampering with the Word of God,appendix_24.pdf,https://www.masjidtucson.org/quran/appendices/appendix24.html,128,paragraph,,------
743,appendix-24,24. Tampering with the Word of God,appendix_24.pdf,https://www.masjidtucson.org/quran/appendices/appendix24.html,129,paragraph,,------
744,appendix-24,24. Tampering with the Word of God,appendix_24.pdf,https://www.masjidtucson.org/quran/appendices/appendix24.html,130,paragraph,,------
745,appendix-24,24. Tampering with the Word of God,appendix_24.pdf,https://www.masjidtucson.org/quran/appendices/appendix24.html,131,paragraph,,(19x64)
746,appendix-24,24. Tampering with the Word of God,appendix_24.pdf,https://www.masjidtucson.org/quran/appendices/appendix24.html,132,paragraph,,Mr. Gatut Adisoma of Masjid Tucson made the following two discoveries.
747,appendix-24,24. Tampering with the Word of God,appendix_24.pdf,https://www.masjidtucson.org/quran/appendices/appendix24.html,133,paragraph,,"[37] Sura 9 consists of 127 verses, and (9) plus (1+2+7) add up to 19. There are three other suras in the whole Quran whose sura digits add up to 9 and the digits of their number of verses add up to 10. These are suras 9, 45, 54, and 72. They consist of 127, 37, 55, and 28 verses, respectively. The total number of verses in these three suras is 247, 19x13."
748,appendix-24,24. Tampering with the Word of God,appendix_24.pdf,https://www.masjidtucson.org/quran/appendices/appendix24.html,134,paragraph,,"If Sura 9 consisted of 129 verses, it would not be included in this table to begin with. See Table 21."
749,appendix-24,24. Tampering with the Word of God,appendix_24.pdf,https://www.masjidtucson.org/quran/appendices/appendix24.html,135,table,,Sura No. No. of Verses 9 127 45 37 54 55 72 28 ------ 247 (19x13)
750,appendix-24,24. Tampering with the Word of God,appendix_24.pdf,https://www.masjidtucson.org/quran/appendices/appendix24.html,136,paragraph,,"[38] If Sura 9 consisted of 129 verses as the distorters claimed, then there is only one other sura in the whole Quran whose sura digits add up to 9, and its number of verses' digits add up to 12, namely Sura 27."
751,appendix-24,24. Tampering with the Word of God,appendix_24.pdf,https://www.masjidtucson.org/quran/appendices/appendix24.html,137,paragraph,,"As shown in Table 22, this combination, with 129 verses for Sura 9, does not conform with the Quran's code."
752,appendix-24,24. Tampering with the Word of God,appendix_24.pdf,https://www.masjidtucson.org/quran/appendices/appendix24.html,138,table,,Sura No. No. of Verses 9 129 27 93 ----- 222 (not a multiple of 19)
753,appendix-24,24. Tampering with the Word of God,appendix_24.pdf,https://www.masjidtucson.org/quran/appendices/appendix24.html,139,paragraph,,Sura No.
754,appendix-24,24. Tampering with the Word of God,appendix_24.pdf,https://www.masjidtucson.org/quran/appendices/appendix24.html,140,paragraph,,No. of Verses
755,appendix-24,24. Tampering with the Word of God,appendix_24.pdf,https://www.masjidtucson.org/quran/appendices/appendix24.html,141,paragraph,,----------
756,appendix-24,24. Tampering with the Word of God,appendix_24.pdf,https://www.masjidtucson.org/quran/appendices/appendix24.html,142,paragraph,,-------------
757,appendix-24,24. Tampering with the Word of God,appendix_24.pdf,https://www.masjidtucson.org/quran/appendices/appendix24.html,143,paragraph,,(not a multiple of 19)
758,appendix-24,24. Tampering with the Word of God,appendix_24.pdf,https://www.masjidtucson.org/quran/appendices/appendix24.html,144,paragraph,,"[39] Let us assume for awhile that Sura 9 consists of 129 verses. Since the number 129 ends with the digit ""9,"" let us look at all the suras where the number of verses ends with the digit ""9."""
759,appendix-24,24. Tampering with the Word of God,appendix_24.pdf,https://www.masjidtucson.org/quran/appendices/appendix24.html,145,paragraph,,"We find 13 suras in the Quran whose number of verses ends with the digit ""9."" They are Suras 10, 15, 29, 43, 44, 48, 52, 57, 81, 82, 87, 96, and 104. Their numbers of verses are 109, 99, 69, 89, 59, 29, 49, 29, 29, 19, 19, 19, and 9, respectively."
760,appendix-24,24. Tampering with the Word of God,appendix_24.pdf,https://www.masjidtucson.org/quran/appendices/appendix24.html,146,paragraph,,"As illustrated by Table 23, many conform with the Quran's code only if Sura 9 is excluded; it does not consist of 129 verses. Without Sura 9, the total number of verses in these 13 suras is 627, 19x33. Additionally, the sura number, plus the number of verses, plus the sum the sum of verse numbers, add up to 23655, or 19x1245. These phenomena would have disappeared if Sura 9 consisted of 129 verses."
761,appendix-24,24. Tampering with the Word of God,appendix_24.pdf,https://www.masjidtucson.org/quran/appendices/appendix24.html,147,table,,Sura No. No. of Verses Sum of Verse #'s Total 10 109 5995 6114 15 99 4950 5064 29 69 2415 2513 43 89 4005 4137 44 59 1770 1873 48 29 435 512 52 49 1225 1326 57 29 435 521 81 29 435 545 82 19 190 291 87 19 190 296 96 19 190 305 104 9 45 158 ----- ------ ------ ------- 748 627 22280 23655 (19x33) (19x1245)
762,appendix-24,24. Tampering with the Word of God,appendix_24.pdf,https://www.masjidtucson.org/quran/appendices/appendix24.html,148,paragraph,,"Table 23: All suras whose number of verses end with the digit ""9."""
763,appendix-24,24. Tampering with the Word of God,appendix_24.pdf,https://www.masjidtucson.org/quran/appendices/appendix24.html,149,paragraph,,Verses
764,appendix-24,24. Tampering with the Word of God,appendix_24.pdf,https://www.masjidtucson.org/quran/appendices/appendix24.html,150,paragraph,,------
765,appendix-24,24. Tampering with the Word of God,appendix_24.pdf,https://www.masjidtucson.org/quran/appendices/appendix24.html,151,paragraph,,------
766,appendix-24,24. Tampering with the Word of God,appendix_24.pdf,https://www.masjidtucson.org/quran/appendices/appendix24.html,152,paragraph,,(19x33)
767,appendix-24,24. Tampering with the Word of God,appendix_24.pdf,https://www.masjidtucson.org/quran/appendices/appendix24.html,153,paragraph,,"[40] Sura 9 is an odd-numbered sura whose number of verses ends with the digit ""9."" Let us now look at all the odd-numbered suras whose number of verses ends with ""9."" As shown in Table 24, the total of sura number and number of verses in these suras is 646, or 19x34. If Sura 9 had 129 verses, it would have been included in this group, and the total would have been 646+129+9 = 784, which is not a multiple of 19."
768,appendix-24,24. Tampering with the Word of God,appendix_24.pdf,https://www.masjidtucson.org/quran/appendices/appendix24.html,154,table,,Sura No. No. of Verses Total 15 99 114 29 69 98 43 89 132 57 29 86 81 29 110 87 19 106 ---- ----- ----- 312 334 646 (19x34)
769,appendix-24,24. Tampering with the Word of God,appendix_24.pdf,https://www.masjidtucson.org/quran/appendices/appendix24.html,155,paragraph,,-----------
770,appendix-24,24. Tampering with the Word of God,appendix_24.pdf,https://www.masjidtucson.org/quran/appendices/appendix24.html,156,paragraph,,"[41] By now, it is incontrovertibly proven that Sura 9 consists of 127 verses. Let us now look at the suras whose number of verses ends with ""7."" There are 7 such suras; they are Suras 1, 9, 25, 26, 45, 86, and 107. Their numbers of verses are 7, 127, 77, 227, 37, 17, and 7 verses, respectively. The grand total of sura numbers plus number of verses for these seven suras is 798, 19x42. The details are shown in Table 25. Thus, every sura whose number of verses ends with the digit ""7,"" including Sura 9, conforms with the code."
771,appendix-24,24. Tampering with the Word of God,appendix_24.pdf,https://www.masjidtucson.org/quran/appendices/appendix24.html,157,table,,"Table 25: The suras whose number of verses ends with the digit ""7."" Sura No. No. of Verses Total 1 7 8 9 127 136 25 77 102 26 227 253 45 37 82 86 17 103 107 7 114 ----- ----- ------ 299 499 798 (19x42)"
772,appendix-24,24. Tampering with the Word of God,appendix_24.pdf,https://www.masjidtucson.org/quran/appendices/appendix24.html,158,paragraph,,Sura No.
773,appendix-24,24. Tampering with the Word of God,appendix_24.pdf,https://www.masjidtucson.org/quran/appendices/appendix24.html,159,paragraph,,No.of Verses
774,appendix-24,24. Tampering with the Word of God,appendix_24.pdf,https://www.masjidtucson.org/quran/appendices/appendix24.html,160,paragraph,,--------
775,appendix-24,24. Tampering with the Word of God,appendix_24.pdf,https://www.masjidtucson.org/quran/appendices/appendix24.html,161,paragraph,,------------
776,appendix-24,24. Tampering with the Word of God,appendix_24.pdf,https://www.masjidtucson.org/quran/appendices/appendix24.html,162,paragraph,,"[42] The last two verses of Sura 9 are 126 and 127. Since the falsifiers added two verses, let us look at the last two verses of every sura in the Quran, and count the digit ""7,"" all of them, among these last two verses."
777,appendix-24,24. Tampering with the Word of God,appendix_24.pdf,https://www.masjidtucson.org/quran/appendices/appendix24.html,163,paragraph,,"As shown in Table 26, the total number of the digit ""7"" among the last two verses of every sura in the Quran is 38, 19x2."
778,appendix-24,24. Tampering with the Word of God,appendix_24.pdf,https://www.masjidtucson.org/quran/appendices/appendix24.html,164,table,,"Table 26: The total number of the digit ""7"" among the last two verses of every sura in the Quran. Sura No. Last 2 Verses 7's in Last 2 Verses 1 6,7 1 2 285,286 0 3 199,200 0 4 175,176 2 - - - 9 126,127 1 - - - 25 76,77 3 - - - 114 5,6 0 ----- 38"
779,appendix-24,24. Tampering with the Word of God,appendix_24.pdf,https://www.masjidtucson.org/quran/appendices/appendix24.html,165,paragraph,,"Table 26: The total number of the digit ""7"" among the last two verses of every sura in the Quran."
780,appendix-24,24. Tampering with the Word of God,appendix_24.pdf,https://www.masjidtucson.org/quran/appendices/appendix24.html,166,paragraph,,7's in Last
781,appendix-24,24. Tampering with the Word of God,appendix_24.pdf,https://www.masjidtucson.org/quran/appendices/appendix24.html,167,paragraph,,2 Verses
782,appendix-24,24. Tampering with the Word of God,appendix_24.pdf,https://www.masjidtucson.org/quran/appendices/appendix24.html,168,paragraph,,-----------
783,appendix-24,24. Tampering with the Word of God,appendix_24.pdf,https://www.masjidtucson.org/quran/appendices/appendix24.html,169,paragraph,,"If the last verse in Sura 9 was 129 instead of 127, the number of occurrences of the digit ""7"" would have been 37, not 38, and this criterion would have been destroyed."
784,appendix-24,24. Tampering with the Word of God,appendix_24.pdf,https://www.masjidtucson.org/quran/appendices/appendix24.html,170,paragraph,,"[43] Assuming that Sura 9 consists of 129 verses, let us look at all the suras that contain a verse No. 129. This means that we look at all the suras that consist of 129 or more verses. For example, Sura 2 consists of 286 verses. Therefore, it contains a verse that is assigned the number ""129."" We then take this verse and add it to all the other verses assigned the number 129 throughout the Quran. Under this assumption, there are 9 suras that contain a verse No. 129. Interestingly, we find that the total of sura numbers of these 9 suras is a multiple of 19 (114), while the total for the nine 129's can be a multiple of 19 if 2 is deducted from their total. In other words, we are told that one of these 9 suras contains 2 extra verses. The details are in Table 27."
785,appendix-24,24. Tampering with the Word of God,appendix_24.pdf,https://www.masjidtucson.org/quran/appendices/appendix24.html,171,paragraph,,"When we add 114, plus 1161, and remove 2, we get 1273, or 19x67. Compare this total (1273) with the total reported in the Item 44 below. Of the 9 suras listed in Table 27, which one has the extra 2 verses? The answer is provided in Item 44."
786,appendix-24,24. Tampering with the Word of God,appendix_24.pdf,https://www.masjidtucson.org/quran/appendices/appendix24.html,172,table,,Sura No. Verse No. 2 129 3 129 4 129 6 129 7 129 9 ? 129 20 129 26 129 37 129 ---- ----- 114 1161 (114+1161-2 = 1273 = (19x67)
787,appendix-24,24. Tampering with the Word of God,appendix_24.pdf,https://www.masjidtucson.org/quran/appendices/appendix24.html,173,paragraph,,"Table 27: All suras which contain a verse number ""129."""
788,appendix-24,24. Tampering with the Word of God,appendix_24.pdf,https://www.masjidtucson.org/quran/appendices/appendix24.html,174,paragraph,,(114+1161-2 = 1273 =
789,appendix-24,24. Tampering with the Word of God,appendix_24.pdf,https://www.masjidtucson.org/quran/appendices/appendix24.html,175,paragraph,,(19x67)
790,appendix-24,24. Tampering with the Word of God,appendix_24.pdf,https://www.masjidtucson.org/quran/appendices/appendix24.html,176,paragraph,,"[44] To pinpoint the location of these two false verses, let us look at all the suras that contain a verse No. 128, while continuing to assume that Sura 9 consists of 129 verses. This will give us the same list of suras as in Table 27, and also bring in Sura 16 which has precisely 128 verses."
791,appendix-24,24. Tampering with the Word of God,appendix_24.pdf,https://www.masjidtucson.org/quran/appendices/appendix24.html,177,paragraph,,"As shown in Table 28, Sura 9 stands out in glaring disharmony; it is singled out as the sura that contains the false verses. The total of suras and verses becomes divisible by 19 only if Sura 9 is removed. Note that the divisible total, after removing Sura 9, is 1273, 19x67, which is the same total obtained in Item 43 above after removing 2 verses. This remarkable phenomenon proves that Sura 9 could not contain a verse No. 128."
792,appendix-24,24. Tampering with the Word of God,appendix_24.pdf,https://www.masjidtucson.org/quran/appendices/appendix24.html,178,table,,"Sura No. Verse No. 2 128 3 128 4 128 6 128 7 128 9 ? 128 16 128 20 128 26 128 37 128 ---- ----- 130 1280 (130+1280 = 1410 not a multiple of 19) If we remove Sura 9, with its 128 verses, we get 1410-9-128 = 1273 = 19 x 67"
793,appendix-24,24. Tampering with the Word of God,appendix_24.pdf,https://www.masjidtucson.org/quran/appendices/appendix24.html,179,paragraph,,"Table 28: All suras containing a verse number ""128."""
794,appendix-24,24. Tampering with the Word of God,appendix_24.pdf,https://www.masjidtucson.org/quran/appendices/appendix24.html,180,paragraph,,(130+1280 = 1410
795,appendix-24,24. Tampering with the Word of God,appendix_24.pdf,https://www.masjidtucson.org/quran/appendices/appendix24.html,181,paragraph,,not a multiple of 19)
796,appendix-24,24. Tampering with the Word of God,appendix_24.pdf,https://www.masjidtucson.org/quran/appendices/appendix24.html,182,paragraph,,"If we remove Sura 9,"
797,appendix-24,24. Tampering with the Word of God,appendix_24.pdf,https://www.masjidtucson.org/quran/appendices/appendix24.html,183,paragraph,,"with its 128 verses,"
798,appendix-24,24. Tampering with the Word of God,appendix_24.pdf,https://www.masjidtucson.org/quran/appendices/appendix24.html,184,paragraph,,we get 1410-9-128 =
799,appendix-24,24. Tampering with the Word of God,appendix_24.pdf,https://www.masjidtucson.org/quran/appendices/appendix24.html,185,paragraph,,1273 = 19 x 67
800,appendix-24,24. Tampering with the Word of God,appendix_24.pdf,https://www.masjidtucson.org/quran/appendices/appendix24.html,186,paragraph,,"[45] Sura 9 is an un-initialed sura whose last two verses are 126 and 127. Let us take the 85 un-initialed suras, and add up the numbers of the last two verses in each sura. For example, the last two verses in Sura 1 are 6 and 7. Add 6+7 and you get 13. The next un-initialed sura is Sura 4; its last two verses are 175 and 176. Add 175+176 and you get 351. Do this for all un-initialed suras. The data are in Table 29. Thus, the last two verses of Sura 9 are confirmed to be 126 and 127."
801,appendix-24,24. Tampering with the Word of God,appendix_24.pdf,https://www.masjidtucson.org/quran/appendices/appendix24.html,187,table,,Sura No. Last 2 Verses Total 1 6+7 13 4 175+176 351 5 119+120 239 - - - 9 126+127 253 - - - 114 5+6 13 ------ 6897 (19x363)
802,appendix-24,24. Tampering with the Word of God,appendix_24.pdf,https://www.masjidtucson.org/quran/appendices/appendix24.html,188,paragraph,,Table 29: Abbreviated table of the last two verses in the un-initialed suras
803,appendix-24,24. Tampering with the Word of God,appendix_24.pdf,https://www.masjidtucson.org/quran/appendices/appendix24.html,189,paragraph,,Last 2
804,appendix-24,24. Tampering with the Word of God,appendix_24.pdf,https://www.masjidtucson.org/quran/appendices/appendix24.html,190,paragraph,,Verses
805,appendix-24,24. Tampering with the Word of God,appendix_24.pdf,https://www.masjidtucson.org/quran/appendices/appendix24.html,191,paragraph,,------
806,appendix-24,24. Tampering with the Word of God,appendix_24.pdf,https://www.masjidtucson.org/quran/appendices/appendix24.html,192,paragraph,,-------
807,appendix-24,24. Tampering with the Word of God,appendix_24.pdf,https://www.masjidtucson.org/quran/appendices/appendix24.html,193,paragraph,,-------
808,appendix-24,24. Tampering with the Word of God,appendix_24.pdf,https://www.masjidtucson.org/quran/appendices/appendix24.html,194,paragraph,,175+176
809,appendix-24,24. Tampering with the Word of God,appendix_24.pdf,https://www.masjidtucson.org/quran/appendices/appendix24.html,195,paragraph,,119+120
810,appendix-24,24. Tampering with the Word of God,appendix_24.pdf,https://www.masjidtucson.org/quran/appendices/appendix24.html,196,paragraph,,126+127
811,appendix-24,24. Tampering with the Word of God,appendix_24.pdf,https://www.masjidtucson.org/quran/appendices/appendix24.html,197,paragraph,,------
812,appendix-24,24. Tampering with the Word of God,appendix_24.pdf,https://www.masjidtucson.org/quran/appendices/appendix24.html,198,paragraph,,(19x363)
813,appendix-24,24. Tampering with the Word of God,appendix_24.pdf,https://www.masjidtucson.org/quran/appendices/appendix24.html,199,paragraph,,"[46] Let us now take the last two verses in every sura in the Quran, initialed and un-initialed, and add the digits of the last two verses in each sura (Table 30). It is readily obvious that the last two verses of every sura in the Quran are divinely fixed, and divinely guarded through this intricate mathematical code. The last two verses of Sura 9 are confirmed to be 126 & 127, not 128 & 129."
814,appendix-24,24. Tampering with the Word of God,appendix_24.pdf,https://www.masjidtucson.org/quran/appendices/appendix24.html,200,table,,"Sura No. Last 2 Verses Sum of the Digits 1 6,7 6 + 7 2 285,286 2+8+5+2+8+6 3 199,200 1+9+9+2+0+0 - - - 9 126,127 1+2+6+1+2+7 - - 113 4,5 4 + 5 114 5,6 5 + 6 ------------ 1824 = 19x96"
815,appendix-24,24. Tampering with the Word of God,appendix_24.pdf,https://www.masjidtucson.org/quran/appendices/appendix24.html,201,paragraph,,Table 30: Sum of digits of the last two verses of every sura in the Quran
816,appendix-24,24. Tampering with the Word of God,appendix_24.pdf,https://www.masjidtucson.org/quran/appendices/appendix24.html,202,paragraph,,Sum of
817,appendix-24,24. Tampering with the Word of God,appendix_24.pdf,https://www.masjidtucson.org/quran/appendices/appendix24.html,203,paragraph,,the Digits
818,appendix-24,24. Tampering with the Word of God,appendix_24.pdf,https://www.masjidtucson.org/quran/appendices/appendix24.html,204,paragraph,,-------------
819,appendix-24,24. Tampering with the Word of God,appendix_24.pdf,https://www.masjidtucson.org/quran/appendices/appendix24.html,205,paragraph,,2+8+5+2+8+6
820,appendix-24,24. Tampering with the Word of God,appendix_24.pdf,https://www.masjidtucson.org/quran/appendices/appendix24.html,206,paragraph,,1+9+9+2+0+0
821,appendix-24,24. Tampering with the Word of God,appendix_24.pdf,https://www.masjidtucson.org/quran/appendices/appendix24.html,207,paragraph,,1+2+6+1+2+7
822,appendix-24,24. Tampering with the Word of God,appendix_24.pdf,https://www.masjidtucson.org/quran/appendices/appendix24.html,208,paragraph,,------------
823,appendix-24,24. Tampering with the Word of God,appendix_24.pdf,https://www.masjidtucson.org/quran/appendices/appendix24.html,209,paragraph,,1824 = 19x96
824,appendix-24,24. Tampering with the Word of God,appendix_24.pdf,https://www.masjidtucson.org/quran/appendices/appendix24.html,210,paragraph,,"[47] Sura 9 consists of 127 verses, and 127 consists of 3 digits. Let us look at all the suras whose number of verses consists of 3 digits; these are suras 2, 3, 4, 5, 6, 7, 9, 10, 11, 12, 16, 17, 18, 20, 21, 23, 26, and 37. Their verse numbers are 286, 200, 176, 120, 165, 206, 127, 109, 123, 111, 128, 111, 110, 135, 112, 118, 227, and 182, respectively. By taking the last digit in each number of verses, and adding up these digits, we get 6+0+6+0+5+ 6+7+9+3+1+8+1+0+5+2+8+7+2 = 76 = 19x4."
825,appendix-24,24. Tampering with the Word of God,appendix_24.pdf,https://www.masjidtucson.org/quran/appendices/appendix24.html,211,paragraph,,"If Sura 9 consisted of 129 verses, the last digit in its number of verses would be 9 instead of 7, and the total of last digits would be 78 instead of 76, and this phenomenon would disappear."
826,appendix-24,24. Tampering with the Word of God,appendix_24.pdf,https://www.masjidtucson.org/quran/appendices/appendix24.html,212,paragraph,,"[48] Let us look at the list of suras shown in Item 47 above. Since the number of verses in Sura 9 is an odd number, let us now consider the odd-numbered verse numbers. There are 8 suras with a 3-digit, odd number of verses: Suras 6, 9, 10, 11, 12, 17, 20, and 26. Their numbers of verses are 165, 127, 109, 123, 111, 111, 135, & 227."
827,appendix-24,24. Tampering with the Word of God,appendix_24.pdf,https://www.masjidtucson.org/quran/appendices/appendix24.html,213,paragraph,,"The last digits in these numbers of verses are 5, 7, 9, 3, 1, 1, 5, and 7, respectively, and the sum of these digits is 38, or 19x2. Obviously, if Sura 9 consisted of 129 verses, its last digit would be 9, not 7, and the sum of the last digits would be 40, not a multiple of 19. The detailed data are shown in Table 31. Thus, we are getting more and more specific, as we zoom in on the last digit in the number of verses."
828,appendix-24,24. Tampering with the Word of God,appendix_24.pdf,https://www.masjidtucson.org/quran/appendices/appendix24.html,214,table,,Sura No. No. of Verses Last Digit 6 165 5 9 127 7 10 109 9 11 123 3 12 111 1 17 111 1 20 135 5 26 227 7 ----- 38 (19x2)
829,appendix-24,24. Tampering with the Word of God,appendix_24.pdf,https://www.masjidtucson.org/quran/appendices/appendix24.html,215,paragraph,,"Table 31: All suras whose number of verses is odd, and consists of 3 digits"
830,appendix-24,24. Tampering with the Word of God,appendix_24.pdf,https://www.masjidtucson.org/quran/appendices/appendix24.html,216,paragraph,,"[49] Let us continue to work with the same group of suras of Items 47 and 48. Since Sura 9 is an odd-numbered sura, let us now remove all the even-numbered suras from the list of suras shown in Item 47. Now we have odd-numbered suras, with odd- numbered verses. There are only three such suras in the whole Quran: 9, 11, and 17. Their numbers of verses are 127, 123, and 111 (Table 32). If Sura 9 consisted of 129 verses, this remarkable phenomenon would have been destroyed."
831,appendix-24,24. Tampering with the Word of God,appendix_24.pdf,https://www.masjidtucson.org/quran/appendices/appendix24.html,217,table,,Sura No. No. of Verses 9 127 11 123 17 111 ------ 361 (19x19)
832,appendix-24,24. Tampering with the Word of God,appendix_24.pdf,https://www.masjidtucson.org/quran/appendices/appendix24.html,218,paragraph,,Table 32: Odd numbered suras whose number of verses is odd and consists of 3 digits.
833,appendix-24,24. Tampering with the Word of God,appendix_24.pdf,https://www.masjidtucson.org/quran/appendices/appendix24.html,219,paragraph,,"[50] Let us continue to work with the three suras listed in Item 49. These are all the suras in the Quran whose number is odd (like Sura 9), their number of verses consists of 3 digits (like Sura 9), and their number of verses is also odd (like Sura 9)."
834,appendix-24,24. Tampering with the Word of God,appendix_24.pdf,https://www.masjidtucson.org/quran/appendices/appendix24.html,220,paragraph,,"As shown in Table 32, the verse numbers of these 3 suras are 127, 123, and 111. Just add the individual digits, and you get 1 + 2 + 7 + 1 + 2 + 3 + 1 + 1 + 1=19."
835,appendix-24,24. Tampering with the Word of God,appendix_24.pdf,https://www.masjidtucson.org/quran/appendices/appendix24.html,221,paragraph,,"Obviously, this phenomenon depends on the now proven truth that Sura 9 consists of 127 verses. If Sura 9 consisted of 129 verses, the only suras in the Quran that possess the above stated qualities would have added up to 1+2+9+1+2+3+1+1+1 = 21. In other words, this important component of the Quran's mathematical code would have disappeared."
836,appendix-24,24. Tampering with the Word of God,appendix_24.pdf,https://www.masjidtucson.org/quran/appendices/appendix24.html,222,paragraph,,"[51] There are three suras (1) whose numbers are odd, (2) their numbers of verses are odd, and (3) the number of verses consists of 3 digits. They are Suras: 9, 11, and 17 (see Items 48 through 50 for the flow of this point). Just add the individual digits that make up the three sura numbers, and you get 9+1+1+1+7=19."
837,appendix-24,24. Tampering with the Word of God,appendix_24.pdf,https://www.masjidtucson.org/quran/appendices/appendix24.html,223,paragraph,,"[52] The number 129 is divisible by 3. If Sura 9 consisted of 129 verses as the distorters claimed, then it would be (1) an odd-numbered sura that (2) consists of a 3-digit number of verses, (3) the number of verses is odd, and (4) the number of verses is divisible by 3. There are only two suras in the whole Quran that possess these qualities: Sura 11 with 123 verses, and Sura 17 with 111 verses. The sum of digits of both sura numbers and the numbers of verses comes to 1+1+1+2+3+1+7+1+1+1 = 19. This can be observed only if Sura 9 consists of 127 verses."
838,appendix-24,24. Tampering with the Word of God,appendix_24.pdf,https://www.masjidtucson.org/quran/appendices/appendix24.html,224,paragraph,,"[53] Sura 9 is (1) odd-numbered, (2) its number of verses is odd, (3) its number of verses ends with the digit ""7,"" (4) its number of verses is a prime number, and (5) the sura number is divisible by 3 & 9. The only two suras that possess these qualities are: Sura 9 (127 verses), and Sura 45 (37 verses). Just add the digits you see:"
839,appendix-24,24. Tampering with the Word of God,appendix_24.pdf,https://www.masjidtucson.org/quran/appendices/appendix24.html,225,table,,9+1+2+7=19 & 4+5+3+7=19; Total for both suras = 19+19 = 38.
840,appendix-24,24. Tampering with the Word of God,appendix_24.pdf,https://www.masjidtucson.org/quran/appendices/appendix24.html,226,paragraph,,9+1+2+7=19 & 4+5+3+7=19; Total for both suras = 19+19 = 38.
841,appendix-24,24. Tampering with the Word of God,appendix_24.pdf,https://www.masjidtucson.org/quran/appendices/appendix24.html,227,paragraph,,"[54] Let us assume that Sura 9 does have 129 verses. In that case we will have only two suras in the whole Quran whose number begins with 9, and their number of verses ends with 9: Sura 9 (129 verses) and Sura 96 (19 verses). As detailed in Table 33, the grand total of sura number, plus the number of verses, plus the sum of verse numbers is 8828, not a multiple of 19."
842,appendix-24,24. Tampering with the Word of God,appendix_24.pdf,https://www.masjidtucson.org/quran/appendices/appendix24.html,228,table,,Sura No. No. of Verses Sum of Verse #s Total 9 129? 8385 8523 96 19 190 305 ----- ------ ------ ----- 105 148 8575 8828 (Not multiple of 19)
843,appendix-24,24. Tampering with the Word of God,appendix_24.pdf,https://www.masjidtucson.org/quran/appendices/appendix24.html,229,paragraph,,"Table 33: Suras whose numbers begins with ""9"" and their number of verses ends with ""9."""
844,appendix-24,24. Tampering with the Word of God,appendix_24.pdf,https://www.masjidtucson.org/quran/appendices/appendix24.html,230,paragraph,,------
845,appendix-24,24. Tampering with the Word of God,appendix_24.pdf,https://www.masjidtucson.org/quran/appendices/appendix24.html,231,paragraph,,(Not multiple of 19)
846,appendix-24,24. Tampering with the Word of God,appendix_24.pdf,https://www.masjidtucson.org/quran/appendices/appendix24.html,232,paragraph,,"Now let us remove the false verses (128 & 129) from Sura 9, and repeat the same calculations. The result of this correction is shown in Table 34. The grand total becomes 8569, 19x451."
847,appendix-24,24. Tampering with the Word of God,appendix_24.pdf,https://www.masjidtucson.org/quran/appendices/appendix24.html,233,table,,Sura No. No. of Verses Sum of Verse #s Total 9 127 8128 8264 96 19 190 305 ----- ------ ------ ----- 105 146 8318 8569 (19x451)
848,appendix-24,24. Tampering with the Word of God,appendix_24.pdf,https://www.masjidtucson.org/quran/appendices/appendix24.html,234,paragraph,,"Table 34: Same data as in Table 33, after correcting the number of verses in Sura 9."
849,appendix-24,24. Tampering with the Word of God,appendix_24.pdf,https://www.masjidtucson.org/quran/appendices/appendix24.html,235,paragraph,,Verses
850,appendix-24,24. Tampering with the Word of God,appendix_24.pdf,https://www.masjidtucson.org/quran/appendices/appendix24.html,236,paragraph,,------
851,appendix-24,24. Tampering with the Word of God,appendix_24.pdf,https://www.masjidtucson.org/quran/appendices/appendix24.html,237,paragraph,,------
852,appendix-24,24. Tampering with the Word of God,appendix_24.pdf,https://www.masjidtucson.org/quran/appendices/appendix24.html,238,paragraph,,------
853,appendix-24,24. Tampering with the Word of God,appendix_24.pdf,https://www.masjidtucson.org/quran/appendices/appendix24.html,239,paragraph,,(19x451)
854,appendix-24,24. Tampering with the Word of God,appendix_24.pdf,https://www.masjidtucson.org/quran/appendices/appendix24.html,240,paragraph,,"[55] Let us assume that Sura 9 consists of 129 verses. The total of these digits is 9+1+2+9=21. Let us look at all the suras where the digits of their number of verses add up to 21. There are 7 such suras: 9, 25, 27, 37, 68, 94, and 97."
855,appendix-24,24. Tampering with the Word of God,appendix_24.pdf,https://www.masjidtucson.org/quran/appendices/appendix24.html,241,paragraph,,"By adding the sura numbers, plus the number of verses in each sura, plus the sum of verse numbers, the grand total comes to 34744, not a multiple of 19 Table 35)."
856,appendix-24,24. Tampering with the Word of God,appendix_24.pdf,https://www.masjidtucson.org/quran/appendices/appendix24.html,242,table,,Sura No. No. of Verses Sum of Verse #s Total 9 129? 8385 8523 25 77 3003 3105 27 93 4371 4491 37 182 16653 16872 68 52 1378 1498 94 8 36 138 97 5 15 117 ----- ------ ------ ------ 357 546 33841 34744 (Not divisible by 19)
857,appendix-24,24. Tampering with the Word of God,appendix_24.pdf,https://www.masjidtucson.org/quran/appendices/appendix24.html,243,paragraph,,"Table 35: Suras whose digits of sura numbers and verse numbers add up to 21, assuming that Sura 9 consists of 129 verses."
858,appendix-24,24. Tampering with the Word of God,appendix_24.pdf,https://www.masjidtucson.org/quran/appendices/appendix24.html,244,paragraph,,------
859,appendix-24,24. Tampering with the Word of God,appendix_24.pdf,https://www.masjidtucson.org/quran/appendices/appendix24.html,245,paragraph,,(Not divisible by 19)
860,appendix-24,24. Tampering with the Word of God,appendix_24.pdf,https://www.masjidtucson.org/quran/appendices/appendix24.html,246,paragraph,,"Now, let us use the correct number of verses for Sura 9, 127, and repeat the same calculations as in Table 35. This causes the grand total to become 34485, or 19x1815. See Table 36."
861,appendix-24,24. Tampering with the Word of God,appendix_24.pdf,https://www.masjidtucson.org/quran/appendices/appendix24.html,247,table,,Sura No. No. of Verses Sum of Verse #s Total 9 127 8128 8264 25 77 3003 3105 27 93 4371 4491 37 182 16653 16872 68 52 1378 1498 94 8 36 138 97 5 15 117 ----- ------ ------ ------ 357 544 33584 34485 (19x1815)
862,appendix-24,24. Tampering with the Word of God,appendix_24.pdf,https://www.masjidtucson.org/quran/appendices/appendix24.html,248,paragraph,,"Table 36: Calculations of Table 35, after correcting the verses in Sura 9."
863,appendix-24,24. Tampering with the Word of God,appendix_24.pdf,https://www.masjidtucson.org/quran/appendices/appendix24.html,249,paragraph,,------
864,appendix-24,24. Tampering with the Word of God,appendix_24.pdf,https://www.masjidtucson.org/quran/appendices/appendix24.html,250,paragraph,,"[56] For the last time, let us assume that Sura 9 consists of 129 verses. We have here a sura that (1) is an odd numbered sura, (2) its number is divisible by 3, (3) the number of verses, 129, is also divisible by 3, and (4) the number of verses ends with the digit ""9."" There is only one sura that possesses these qualities: Sura 15 is divisible by 3, its number of verses is 99, which is divisible by 3 and ends with the digit ""9."" If Sura 9 consisted of 129, and we added the sura and verse numbers for these two suras, we would end up with the following results: 9 + 129 + 15 + 99 = 252 - not a multiple of 19."
865,appendix-24,24. Tampering with the Word of God,appendix_24.pdf,https://www.masjidtucson.org/quran/appendices/appendix24.html,251,paragraph,,"If we throw away the false number 129, we have one sura in the Quran whose number is odd, and its number of verses is divisible by 3 and ends with the digit 9 - Sura 15. Now we have the following result:"
866,appendix-24,24. Tampering with the Word of God,appendix_24.pdf,https://www.masjidtucson.org/quran/appendices/appendix24.html,252,table,,15 + 99 = 114 = 19x6.
867,appendix-24,24. Tampering with the Word of God,appendix_24.pdf,https://www.masjidtucson.org/quran/appendices/appendix24.html,253,paragraph,,"[57] For some time now, we have been dealing with numbers. Let us now look at specific words and letters that occur in the false injections 9:128-129."
868,appendix-24,24. Tampering with the Word of God,appendix_24.pdf,https://www.masjidtucson.org/quran/appendices/appendix24.html,254,paragraph,,"The last statement in 9:127 describes the disbelievers as ""LAA YAFQAHOON"" (they do not comprehend). Thus, the last letter in Sura 9 is ""N"" (Noon)."
869,appendix-24,24. Tampering with the Word of God,appendix_24.pdf,https://www.masjidtucson.org/quran/appendices/appendix24.html,255,paragraph,,"According to the falsifiers, the last verse is 129, and the last letter is ""M"" (Meem), since the last false word is ""AZEEM."""
870,appendix-24,24. Tampering with the Word of God,appendix_24.pdf,https://www.masjidtucson.org/quran/appendices/appendix24.html,256,paragraph,,"Now let us look at the first letter and the last letter of every sura from the beginning of the Quran to Sura 9, and calculate their gematrical (numerical) values. Table 37 shows that the last true letter in Sura 9 must be ""N,"" not ""M."""
871,appendix-24,24. Tampering with the Word of God,appendix_24.pdf,https://www.masjidtucson.org/quran/appendices/appendix24.html,257,table,,Sura No. First Letter Last Letter Total 1 B = 2 N = 50 52 2 A = 1 N = 50 51 3 A = 1 N = 50 51 4 Y = 10 M = 40 50 5 Y = 10 R = 200 210 6 A = 1 M = 40 41 7 A = 1 N = 50 51 8 Y = 10 M = 40 50 9 B = 2 N = 50 52 ------ ------ ------ 38 570 608 (19x2) (19x30) (19x32)
872,appendix-24,24. Tampering with the Word of God,appendix_24.pdf,https://www.masjidtucson.org/quran/appendices/appendix24.html,258,paragraph,,Table 37: Gematrical value of the first and last letters of every sura from the beginning of the Quran to Sura 9.
873,appendix-24,24. Tampering with the Word of God,appendix_24.pdf,https://www.masjidtucson.org/quran/appendices/appendix24.html,259,paragraph,,Letter
874,appendix-24,24. Tampering with the Word of God,appendix_24.pdf,https://www.masjidtucson.org/quran/appendices/appendix24.html,260,paragraph,,------
875,appendix-24,24. Tampering with the Word of God,appendix_24.pdf,https://www.masjidtucson.org/quran/appendices/appendix24.html,261,paragraph,,------
876,appendix-24,24. Tampering with the Word of God,appendix_24.pdf,https://www.masjidtucson.org/quran/appendices/appendix24.html,262,paragraph,,Y = 10
877,appendix-24,24. Tampering with the Word of God,appendix_24.pdf,https://www.masjidtucson.org/quran/appendices/appendix24.html,263,paragraph,,Y = 10
878,appendix-24,24. Tampering with the Word of God,appendix_24.pdf,https://www.masjidtucson.org/quran/appendices/appendix24.html,264,paragraph,,Y = 10
879,appendix-24,24. Tampering with the Word of God,appendix_24.pdf,https://www.masjidtucson.org/quran/appendices/appendix24.html,265,paragraph,,------
880,appendix-24,24. Tampering with the Word of God,appendix_24.pdf,https://www.masjidtucson.org/quran/appendices/appendix24.html,266,paragraph,,(19x2)
881,appendix-24,24. Tampering with the Word of God,appendix_24.pdf,https://www.masjidtucson.org/quran/appendices/appendix24.html,267,paragraph,,"[58] Sister Ihsan Ramadan of Masjid Tucson counted all the suras in the Quran which end with the letter ""N"" (Noon), the last letter in Sura 9."
882,appendix-24,24. Tampering with the Word of God,appendix_24.pdf,https://www.masjidtucson.org/quran/appendices/appendix24.html,268,paragraph,,"She found that 43 suras end with the same letter as Sura 9 (N) - suras 1, 2, 3, 7, 9, 10, 11, 12, 15, 16, 21, 23, 26, 27, 28, 29, 30, 32, 36, 37, 38, 39, 40, 43, 44, 46, 49, 51, 58, 61, 62, 63, 66, 67, 68, 70, 77, 81, 83, 84, 95, 107, and 109. Just add the sura numbers + number of suras that end with ""N"", and you get:"
883,appendix-24,24. Tampering with the Word of God,appendix_24.pdf,https://www.masjidtucson.org/quran/appendices/appendix24.html,269,table,,1919.
884,appendix-24,24. Tampering with the Word of God,appendix_24.pdf,https://www.masjidtucson.org/quran/appendices/appendix24.html,270,paragraph,,"Thus, the last letter in Sura 9 is once again confirmed to be ""N,"" not ""M."""
885,appendix-24,24. Tampering with the Word of God,appendix_24.pdf,https://www.masjidtucson.org/quran/appendices/appendix24.html,271,paragraph,,"[59] Now let us look at the crucial expression ""LA ELAAHA ELLA HOO"" (There is no god except He). This phrase occurs in the false injection 9:129."
886,appendix-24,24. Tampering with the Word of God,appendix_24.pdf,https://www.masjidtucson.org/quran/appendices/appendix24.html,272,paragraph,,"This very special expression occurs 29 times in 19 suras (Table 38). By adding the sura numbers of the 19 suras, plus the verse numbers where the phrase ""LAA ELAAHA ELLA HOO"" occurs, plus the number of occurrences of this crucial phrase, the grand total comes to 2128, or 19x112. This awesome result is dependent on the fact that 9:128-129 do not belong in the Quran."
887,appendix-24,24. Tampering with the Word of God,appendix_24.pdf,https://www.masjidtucson.org/quran/appendices/appendix24.html,273,paragraph,,"Obviously, if 9:129 were included, the crucial expression ""LA ELAAHA ELLA HOO,"" the First Pillar of Islam, would not conform with the mathematical code."
888,appendix-24,24. Tampering with the Word of God,appendix_24.pdf,https://www.masjidtucson.org/quran/appendices/appendix24.html,274,table,,"No. Sura No. Verses with the key phrase Frequency of the phrase 1. 2 163,255 2 2. 3 2,6,18(2x) 4 3. 4 87 1 4. 6 102,106 2 5. 7 158 1 6. 9 31 1 7. 11 14 1 8. 13 30 1 9. 20 8,98 2 10. 23 116 1 11. 27 26 1 12. 28 70,88 2 13. 35 3 1 14. 39 6 1 15. 40 3,62,65 3 16. 44 8 1 17. 59 22,23 2 18. 64 13 1 19. 73 9 1 ----- ------- ---- 507 1592 29 507+1592+29 = 2128 = 19x112"
889,appendix-24,24. Tampering with the Word of God,appendix_24.pdf,https://www.masjidtucson.org/quran/appendices/appendix24.html,275,paragraph,,"Table 38: List of all occurrences of the crucial phrase: ""LAA ELAAHA ELLA HOO"" (There is no other god besides Him), after removing 9:129"
890,appendix-24,24. Tampering with the Word of God,appendix_24.pdf,https://www.masjidtucson.org/quran/appendices/appendix24.html,276,paragraph,,507+1592+29 = 2128 = 19x112
891,appendix-24,24. Tampering with the Word of God,appendix_24.pdf,https://www.masjidtucson.org/quran/appendices/appendix24.html,277,paragraph,,"[60] The first occurrence of ""LA ELAAHA ELLA HOO"" is in 2:163, and the last occurrence is in 73:9. If we add the sura number, plus the number of verses, plus the sum of verse numbers from the first occurrence to the last occurrence, the grand total comes to 316502, or 19x16658."
892,appendix-24,24. Tampering with the Word of God,appendix_24.pdf,https://www.masjidtucson.org/quran/appendices/appendix24.html,278,paragraph,,"Table 39 presents the detailed data. Naturally, if ""LAA ELAAHA ELLA HOO"" of the false verse 129 were included, this phenomenon would have disappeared."
893,appendix-24,24. Tampering with the Word of God,appendix_24.pdf,https://www.masjidtucson.org/quran/appendices/appendix24.html,279,table,,Sura No. No. of Verses Sum of Verse #s Total 2 123 27675 27800 (286-163) 3 200 20100 20303 - - - - 9 127 8128 8264 - - - - 72 28 406 506 73 9 45 127 ---- ----- ------ ------ 2700 5312 308490 316502 (19x16658)
894,appendix-24,24. Tampering with the Word of God,appendix_24.pdf,https://www.masjidtucson.org/quran/appendices/appendix24.html,280,paragraph,,"Table 39: All suras and verses from the first occurrence to the last occurrence of ""LAA ELAAHA ELLA HOO"""
895,appendix-24,24. Tampering with the Word of God,appendix_24.pdf,https://www.masjidtucson.org/quran/appendices/appendix24.html,281,paragraph,,Sum of
896,appendix-24,24. Tampering with the Word of God,appendix_24.pdf,https://www.masjidtucson.org/quran/appendices/appendix24.html,282,paragraph,,Verse #s
897,appendix-24,24. Tampering with the Word of God,appendix_24.pdf,https://www.masjidtucson.org/quran/appendices/appendix24.html,283,paragraph,,--------
898,appendix-24,24. Tampering with the Word of God,appendix_24.pdf,https://www.masjidtucson.org/quran/appendices/appendix24.html,284,paragraph,,------
899,appendix-24,24. Tampering with the Word of God,appendix_24.pdf,https://www.masjidtucson.org/quran/appendices/appendix24.html,285,paragraph,,------
900,appendix-24,24. Tampering with the Word of God,appendix_24.pdf,https://www.masjidtucson.org/quran/appendices/appendix24.html,286,paragraph,,308490
901,appendix-24,24. Tampering with the Word of God,appendix_24.pdf,https://www.masjidtucson.org/quran/appendices/appendix24.html,287,paragraph,,316502
902,appendix-24,24. Tampering with the Word of God,appendix_24.pdf,https://www.masjidtucson.org/quran/appendices/appendix24.html,288,paragraph,,(19x16658)
903,appendix-24,24. Tampering with the Word of God,appendix_24.pdf,https://www.masjidtucson.org/quran/appendices/appendix24.html,289,paragraph,,"[61] The phrase ""LAA ELAAHA ELLA HOO"" occurs 7 times between the missing Basmalah of Sura 9 and the extra Basmalah of Sura 27, in 9:31, 11:14, 13:30, 20:8, 20:98, 23:116, and 27:26. By adding the numbers of the 7 verses, we get 323, or 19x17. The detailed data are shown in Table 40."
904,appendix-24,24. Tampering with the Word of God,appendix_24.pdf,https://www.masjidtucson.org/quran/appendices/appendix24.html,290,table,,Sura No. Verse Numbers With Phrase 9 31 11 14 13 30 20 8 20 98 23 116 27 26 ---- 323 (19x17)
905,appendix-24,24. Tampering with the Word of God,appendix_24.pdf,https://www.masjidtucson.org/quran/appendices/appendix24.html,291,paragraph,,"Table 40: Occurrences of the phrase ""LAA ELAAHA ELLA HOO"" from the missing Basmalah to the extra Basmalah."
906,appendix-24,24. Tampering with the Word of God,appendix_24.pdf,https://www.masjidtucson.org/quran/appendices/appendix24.html,292,table,,"If 9:129 were part of the Quran, the total in Table 40 would have been: 323 + 129 = 452, not a multiple of 19. God rejects what the hypocrites utter, even if it is the truth (63:1)."
907,appendix-24,24. Tampering with the Word of God,appendix_24.pdf,https://www.masjidtucson.org/quran/appendices/appendix24.html,293,heading,2,The Ultimate Quranic Miracle
908,appendix-24,24. Tampering with the Word of God,appendix_24.pdf,https://www.masjidtucson.org/quran/appendices/appendix24.html,294,paragraph,,"[62] Brother Abdullah Arik has discovered what I consider to be the ultimate Quranic miracle. This miraculous phenomenon incontrovertibly authenticates every single verse in the Quran - the number of verses in every sura, and the numbers assigned to every single verse in the Quran - while exposing and rejecting the false injections, 9:128-129. To witness this great phenomenon, see Page Appendix 1 (under the heading: Superhuman Numerical Combinations). Putting the number of every verse in the Quran in sequence from the beginning to the end, with the number of verses in each sura ahead of the verse numbers of each sura, the final number consists of 12692 digits (19x668), and the number itself is also a multiple of 19. If the wrong number of verses for Sura 9 was used - 129 instead of 127 - neither the number of digits, nor the number itself would be divisible by 19."
909,appendix-24,24. Tampering with the Word of God,appendix_24.pdf,https://www.masjidtucson.org/quran/appendices/appendix24.html,295,paragraph,,"[63] Since the subject of this Appendix is Sura 9 and its number of true verses, it is noteworthy that if we write down the number of the sura, 9, followed by the correct number of verses, 127, followed by the numbers of all the verses from 1 to 127, the resulting long number is a multiple of 19. Needless to say, if the wrong number of verses is used, i.e., 129 instead of 127, this remarkable miracle would have disappeared:"
910,appendix-24,24. Tampering with the Word of God,appendix_24.pdf,https://www.masjidtucson.org/quran/appendices/appendix24.html,296,table,,9 127 1 2 3 4 5 ..... 122 123 124 125 126 127. The total number of verses in Sura 9 is followed by the numbers of every verse in the sura from 1 to 127. The resulting long number is a multiple of 19.
911,appendix-24,24. Tampering with the Word of God,appendix_24.pdf,https://www.masjidtucson.org/quran/appendices/appendix24.html,297,paragraph,,9 127 1 2 3 4 5 ..... 122 123 124 125 126 127.
912,appendix-24,24. Tampering with the Word of God,appendix_24.pdf,https://www.masjidtucson.org/quran/appendices/appendix24.html,298,paragraph,,The total number of verses in Sura 9 is followed by the numbers of every verse in the sura from 1 to 127. The resulting long number is a multiple of 19.
913,appendix-24,24. Tampering with the Word of God,appendix_24.pdf,https://www.masjidtucson.org/quran/appendices/appendix24.html,299,paragraph,,"[64] The number of verses in Sura 9, 127, is an odd number. The falsifiers added two fake verses, and this made the number of verses 129, which is also an odd number. Mr. Arik used the same computer program he devised for Item 62 above to check all odd-numbered verses in the Quran. Thus, the number of verses in every sura was written down, followed only by the last digit of each of the odd-numbered verses in that sura. Sura 1 was represented by the number 71357. Sura 2 was represented by the number 28613579.....5, and so on through the last sura. The result is a long number, with 3371 digits, that is divisible by 19. Obviously, Sura 9 was represented by the number 12713579......7:"
914,appendix-24,24. Tampering with the Word of God,appendix_24.pdf,https://www.masjidtucson.org/quran/appendices/appendix24.html,300,table,,"7 1 3 5 7 286 1 3 5 ... 3 5 ...... 5 1 3 5 6 1 3 5. The number of verses in every sura is followed by the numbers of the odd-numbered verses. The resulting long number, 3371 digits, is a multiple of 19."
915,appendix-24,24. Tampering with the Word of God,appendix_24.pdf,https://www.masjidtucson.org/quran/appendices/appendix24.html,301,paragraph,,7 1 3 5 7 286 1 3 5 ... 3 5 ...... 5 1 3 5 6 1 3 5.
916,appendix-24,24. Tampering with the Word of God,appendix_24.pdf,https://www.masjidtucson.org/quran/appendices/appendix24.html,302,paragraph,,"The number of verses in every sura is followed by the numbers of the odd-numbered verses. The resulting long number, 3371 digits, is a multiple of 19."
917,appendix-24,24. Tampering with the Word of God,appendix_24.pdf,https://www.masjidtucson.org/quran/appendices/appendix24.html,303,paragraph,,"[65] Since Sura 9 is an un-initialed sura, Mr. Arik applied the same computer program to all 85 un-initialed suras. The number of every verse in each of the 85 suras was written down, without the number of verses in the sura. Thus, Sura 1 was represented by the number 1234567, not 71234567. This was done with all un-initialed suras. The final result is a number that consists of 6635 digits, and is a multiple of 19. These awesome phenomena would be destroyed if we used the wrong number of verses for Sura 9, i.e., 129 instead of 127."
918,appendix-24,24. Tampering with the Word of God,appendix_24.pdf,https://www.masjidtucson.org/quran/appendices/appendix24.html,304,heading,2,God's Messenger of the Covenant Destined to Purify the Quran
919,appendix-24,24. Tampering with the Word of God,appendix_24.pdf,https://www.masjidtucson.org/quran/appendices/appendix24.html,305,paragraph,,"[66] Finally, in a profound demonstration of the foreknowledge of the Almighty Author of the Quran, it is mathematically coded that ""The person destined to prove that Sura 9 consists of 127 verses is Rashad Khalifa, God's Messenger of the Covenant"" (see Appendix 2). The item presented here is another one of those numerous proofs; it is chosen for its relevance to this Appendix."
920,appendix-24,24. Tampering with the Word of God,appendix_24.pdf,https://www.masjidtucson.org/quran/appendices/appendix24.html,306,paragraph,,"The gematrical value of the word ""Rashad,"" as written in the Quran (40:29, 38) is 505 (R=200, Sh=300, A=1, and D=4). The gematrical value of the word ""Khalifa,"" as written in the Quran (38:26) is 725 (Kh=600, L=30, I=10, F=80, and H=5). By writing down the value of ""Rashad,"" followed by the value of ""Khalifa,"" followed by the number of Sura 9, followed by the correct number of verses in this sura, the product is 5057259127. This number is a multiple of 19; it equals 19x266171533."
921,appendix-24,24. Tampering with the Word of God,appendix_24.pdf,https://www.masjidtucson.org/quran/appendices/appendix24.html,307,paragraph,,"[67] The number of verses from 3:81, where God's Messenger of the Covenant is prophesied, to 9:127, the end of Sura 9, is 988 (19x52). Table 41."
922,appendix-24,24. Tampering with the Word of God,appendix_24.pdf,https://www.masjidtucson.org/quran/appendices/appendix24.html,308,paragraph,,[68] The sum of verse numbers from 3:81 to 9:127 is also a multiple of 19 (Table 41).
923,appendix-24,24. Tampering with the Word of God,appendix_24.pdf,https://www.masjidtucson.org/quran/appendices/appendix24.html,309,table,,Sura No. No. of Verses Sum of Verse #s 3 119 16860 4 176 15576 5 120 7260 6 165 13695 7 206 21321 8 75 2850 9 127 8128 ---- ------- 988 85690 (19x52) (19x4510)
924,appendix-24,24. Tampering with the Word of God,appendix_24.pdf,https://www.masjidtucson.org/quran/appendices/appendix24.html,310,paragraph,,Table 41: The number of verses from 3:81 to the end of Sura 9.
925,appendix-24,24. Tampering with the Word of God,appendix_24.pdf,https://www.masjidtucson.org/quran/appendices/appendix24.html,311,paragraph,,Sum of
926,appendix-24,24. Tampering with the Word of God,appendix_24.pdf,https://www.masjidtucson.org/quran/appendices/appendix24.html,312,paragraph,,Verse #s
927,appendix-24,24. Tampering with the Word of God,appendix_24.pdf,https://www.masjidtucson.org/quran/appendices/appendix24.html,313,paragraph,,--------
928,appendix-24,24. Tampering with the Word of God,appendix_24.pdf,https://www.masjidtucson.org/quran/appendices/appendix24.html,314,paragraph,,-------
929,appendix-24,24. Tampering with the Word of God,appendix_24.pdf,https://www.masjidtucson.org/quran/appendices/appendix24.html,315,paragraph,,(19x4510)
930,appendix-24,24. Tampering with the Word of God,appendix_24.pdf,https://www.masjidtucson.org/quran/appendices/appendix24.html,316,table,,"Sura No. Frequency of ""God"" 3 132 4 229 5 147 6 87 7 61 8 88 9 168 ----- 912 (19x48)"
931,appendix-24,24. Tampering with the Word of God,appendix_24.pdf,https://www.masjidtucson.org/quran/appendices/appendix24.html,317,paragraph,,"Table 42: Occurrence of the word ""God"" from 3:78 to the end of Sura 9"
932,appendix-24,24. Tampering with the Word of God,appendix_24.pdf,https://www.masjidtucson.org/quran/appendices/appendix24.html,318,paragraph,,"[69] In Verse 3:78, just 3 verses before proclaiming God's Messenger of the Covenant, the word ""God"" number 361 (19x19) occurs. This verse (3:78) informs us that some falsifiers will ""add falsehood to the Quran, then claim that it is part of the Quran; they attribute lies to God, knowingly."""
933,appendix-24,24. Tampering with the Word of God,appendix_24.pdf,https://www.masjidtucson.org/quran/appendices/appendix24.html,319,paragraph,,"[70] The word ""God"" occurs 912 times (19x48) from Verse 3:78, which exposes the falsifiers, to 9:127."
934,appendix-24,24. Tampering with the Word of God,appendix_24.pdf,https://www.masjidtucson.org/quran/appendices/appendix24.html,320,paragraph,,"[71] The number of letters, plus the number of words in 3:78 and in the false verses 9:128-129, give the same total, 143. Verse 3:78 consists of 27 words and 116 letters, & 9:128-129 consist of 115 letters and 28 words."
935,appendix-24,24. Tampering with the Word of God,appendix_24.pdf,https://www.masjidtucson.org/quran/appendices/appendix24.html,321,image,,Arabic
936,appendix-24,24. Tampering with the Word of God,appendix_24.pdf,https://www.masjidtucson.org/quran/appendices/appendix24.html,322,heading,2,What Can We Say?
937,appendix-24,24. Tampering with the Word of God,appendix_24.pdf,https://www.masjidtucson.org/quran/appendices/appendix24.html,323,paragraph,,"The overwhelming physical evidence provided by the Almighty to protect and authenticate His message leaves no doubt that: (1) no distortion of any kind can enter the Quran, (2) Verses 9:128-129 do not belong in the Quran, and (3) every element in the Quran is mathematically structured far beyond human capabilities - the number of suras, the number of verses, the numbers assigned to the suras and verses, the frequency of occurrence of key expressions, the number of words, the number of letters, and the unique and often uncommon spelling of certain words."
938,appendix-24,24. Tampering with the Word of God,appendix_24.pdf,https://www.masjidtucson.org/quran/appendices/appendix24.html,324,paragraph,,"This Appendix documents a profound miracle in its own right. Vast and utterly overwhelming as it is, it does not surpass or even match the overall mathematical miracle of the Quran which is detailed in Appendix One. This merely confirms the fact that the Almighty Author of the Quran has deliberately permitted the blasphemous addition of two verses to Sura 9 in order to:"
939,appendix-24,24. Tampering with the Word of God,appendix_24.pdf,https://www.masjidtucson.org/quran/appendices/appendix24.html,325,table,,(1) Demonstrate an essential function of the Quran's mathematical composition. (2) Prove the impossibility of tampering with the Quran. (3) Fulfill God's promise to distinguish the believers and expose the hypocrites.
940,appendix-24,24. Tampering with the Word of God,appendix_24.pdf,https://www.masjidtucson.org/quran/appendices/appendix24.html,326,paragraph,,(2) Prove the impossibility of tampering with the Quran.
941,appendix-24,24. Tampering with the Word of God,appendix_24.pdf,https://www.masjidtucson.org/quran/appendices/appendix24.html,327,paragraph,,(3) Fulfill God's promise to distinguish the believers and expose the hypocrites.
942,appendix-24,24. Tampering with the Word of God,appendix_24.pdf,https://www.masjidtucson.org/quran/appendices/appendix24.html,328,heading,2,Why Did God Permit It For 1400 Years ??
943,appendix-24,24. Tampering with the Word of God,appendix_24.pdf,https://www.masjidtucson.org/quran/appendices/appendix24.html,329,paragraph,,"Due to the mass corruption of Islam shortly after the prophet Muhammad's death, God obviously has fulfilled His pledge in 47:38. A divine decree issued in Sura 47, which is entitled ""Muhammad,"" Verse 38 (19x2), stipulates that ""if the Arabs failed to uphold the Quran, God will dismiss them from His grace, and substitute other people in their place."""
944,appendix-24,24. Tampering with the Word of God,appendix_24.pdf,https://www.masjidtucson.org/quran/appendices/appendix24.html,330,paragraph,,"When the Arabs distorted the Quran a few years after the Prophet's death, and exterminated the Prophet's family in the process, they incurred God's pledge of 47:38, and no longer deserved to possess the Quran; the true Quran. The evidence is irrefutable that the Arabs have abandoned the Quran en masse."
945,appendix-24,24. Tampering with the Word of God,appendix_24.pdf,https://www.masjidtucson.org/quran/appendices/appendix24.html,331,paragraph,,"For example, there is not a single mosque in the so-called Muslim world today (1989) that upholds the crucial commandment: ""The mosques belong to God; you shall not invoke anyone else besides God"" (72:18)."
946,appendix-24,24. Tampering with the Word of God,appendix_24.pdf,https://www.masjidtucson.org/quran/appendices/appendix24.html,332,paragraph,,The call to prayer (Azan) and the prayer itself are no longer devoted to God alone; Muhammad's name is invariably invoked along with the name of God.
947,appendix-24,24. Tampering with the Word of God,appendix_24.pdf,https://www.masjidtucson.org/quran/appendices/appendix24.html,333,paragraph,,"The ""First Pillar of Islam"" is clearly stated in the Quran, 3:18 & 47:19, and its words are decreed to be: LAA ELAAHA ELLA ALLAH (There is no other god besides God). But the Muslims, as early as the first century AH, do not want God if Muhammad is not invoked along with Him. This is easily demonstrable today by going into any mosque and declaring: ""LAA ELAAHA ELLA ALLAH;"" this will actually enrage today's Muslims. This behavior is documented in the Quran, 39:45. Moreover, my own research has now convinced me that the traditional Muslims are forbidden by God from uttering the Quranic, divinely dictated Shahaadah: ""Ash-hadu Allaa Elaaha Ellaa Allah."" They can never say this Shahaadah (without invoking Muhammad's name). Test them yourself. The First Pillar of the distorted Islam, LAA ELAAHA ELLA ALLAH, MUHAMMAD RASOOL ALLAH, does not conform with God's commandments that came to us through Muhammad (see Appendix 13)."
948,appendix-24,24. Tampering with the Word of God,appendix_24.pdf,https://www.masjidtucson.org/quran/appendices/appendix24.html,334,paragraph,,"A number of other commandments are violated as well by this Mohammedan Shahaadah. For example, the Quran enjoins us repeatedly from making any distinction among God's messengers (2:136, 285; 3:84). The distorted Shahaadah gives more distinction to Muhammad, against his will. Despite the Quran's repeated assertions that it is ""complete, perfect, and fully detailed"" (6:19, 38, & 114), the ""Muslims"" have refused to believe their Creator; they uphold such ridiculous and nonsensical sources as Hadith and Sunna. This unanimous rebellion against God and His messenger, and the mass reversion to glaring idolatry - idolizing the Prophet and the saints - called for fulfillment of God's pledge in 47:38."
949,appendix-24,24. Tampering with the Word of God,appendix_24.pdf,https://www.masjidtucson.org/quran/appendices/appendix24.html,335,paragraph,,"In view of the incontrovertible divine evidence presented here, and in Appendices 1, 2, and 26, one can truly appreciate the following verses:"
950,appendix-24,24. Tampering with the Word of God,appendix_24.pdf,https://www.masjidtucson.org/quran/appendices/appendix24.html,336,table,,"Surely, we have revealed this message, and surely, we will preserve it. [ 15:9 ] Say, ""If all the humans, and all the jinns, banded together, in order to produce a Quran like this, they will surely fail, no matter how much assistance they lend one another."" [ 17:88 ] The disbelievers rejected this message when it came to them, though it is a profound scripture. No falsehood can enter it, through addition or deletion. For it is a revelation from the Most Wise, Most Praiseworthy. [ 41:41-42 ] If we revealed this Quran to a mountain, you would see it trembling, crumbling, out of reverence for God. [ 59:21 ]"
951,appendix-24,24. Tampering with the Word of God,appendix_24.pdf,https://www.masjidtucson.org/quran/appendices/appendix24.html,337,paragraph,,"Surely, we have revealed this message, and surely, we will preserve it. [ 15:9 ]"
952,appendix-24,24. Tampering with the Word of God,appendix_24.pdf,https://www.masjidtucson.org/quran/appendices/appendix24.html,338,paragraph,,"Say, ""If all the humans, and all the jinns, banded together, in order to produce a Quran like this, they will surely fail, no matter how much assistance they lend one another."" [ 17:88 ]"
953,appendix-24,24. Tampering with the Word of God,appendix_24.pdf,https://www.masjidtucson.org/quran/appendices/appendix24.html,339,paragraph,,"The disbelievers rejected this message when it came to them, though it is a profound scripture. No falsehood can enter it, through addition or deletion. For it is a revelation from the Most Wise, Most Praiseworthy. [ 41:41-42 ]"
954,appendix-24,24. Tampering with the Word of God,appendix_24.pdf,https://www.masjidtucson.org/quran/appendices/appendix24.html,340,paragraph,,"If we revealed this Quran to a mountain, you would see it trembling, crumbling, out of reverence for God. [ 59:21 ]"
955,appendix-24,24. Tampering with the Word of God,appendix_24.pdf,https://www.masjidtucson.org/quran/appendices/appendix24.html,341,table,,"I acknowledge with thanks the valuable contributions of Mahmoud Ali Abib, Gatut Adisoma, Abdullah Arik, Ihsan Ramadan, Lisa Spray, and Edip Yuksel. Some of the astounding mathematical facts presented in this Appendix were discovered by these hard working researchers at Masjid Tucson."
956,appendix-25,25. End Of The World,appendix_25.pdf,https://www.masjidtucson.org/quran/appendices/appendix25.html,1,heading,1,End Of The World
957,appendix-25,25. End Of The World,appendix_25.pdf,https://www.masjidtucson.org/quran/appendices/appendix25.html,2,table,,(God is) the Knower of the future; He does not permit anyone to unveil such knowledge. Only through the messengers that He chooses does He reveal future and past events. [ 72:27 ]
958,appendix-25,25. End Of The World,appendix_25.pdf,https://www.masjidtucson.org/quran/appendices/appendix25.html,3,paragraph,,Among the duties charged to me as God's Messenger of the Covenant is unveiling the end of the world (Page 415). We learn from 18:7-8 and 69:13-15 that this world will come to an end. A new earth and new heavens will replace the present heavens and earth (14:48).
959,appendix-25,25. End Of The World,appendix_25.pdf,https://www.masjidtucson.org/quran/appendices/appendix25.html,4,heading,3,Signs of the Approaching End of the World
960,appendix-25,25. End Of The World,appendix_25.pdf,https://www.masjidtucson.org/quran/appendices/appendix25.html,5,paragraph,,"The Quran provides many signs, and states that the means for unveiling the end of the world have been given (47:18). The signs given in the Quran include:"
961,appendix-25,25. End Of The World,appendix_25.pdf,https://www.masjidtucson.org/quran/appendices/appendix25.html,6,paragraph,,"1. The splitting of the moon: This already happened in June 1969 when we landed on the moon and brought back moon rocks. People on earth can go now to many museums, colleges and observatories to look at pieces of the moon."
962,appendix-25,25. End Of The World,appendix_25.pdf,https://www.masjidtucson.org/quran/appendices/appendix25.html,7,paragraph,,2. Discovering the Quran's 19-based mathematical code (74:30-37): Fulfilled in 1969-1974.
963,appendix-25,25. End Of The World,appendix_25.pdf,https://www.masjidtucson.org/quran/appendices/appendix25.html,8,paragraph,,"3. The creature (27:82): ""Made from the earth, it alerts the people that they have been oblivious to their Creator."" The Creature, made from the earth, did appear and was instrumental in unveiling the Quran's numerical code, and proclaiming that the world has neglected God's message; the creature is the computer. Note that the digits that make up 27:82 add up to 19."
964,appendix-25,25. End Of The World,appendix_25.pdf,https://www.masjidtucson.org/quran/appendices/appendix25.html,9,paragraph,,"4. Appearance of God's Messenger of the Covenant (3:81): As detailed in Appendix 2, a consolidating messenger, prophesied in the Quran, comes after all the prophets have delivered the scriptures, to purify and unify. This prophecy was fulfilled in Ramadan 1408."
965,appendix-25,25. End Of The World,appendix_25.pdf,https://www.masjidtucson.org/quran/appendices/appendix25.html,10,paragraph,,5. The Smoke (44:10): occurs after God's Messenger of the Covenant has delivered the unified message and proclaimed Submission (Islam) as the only religion acceptable by God.
966,appendix-25,25. End Of The World,appendix_25.pdf,https://www.masjidtucson.org/quran/appendices/appendix25.html,11,paragraph,,"6. Gog and Magog: they re-appear, in accordance with God's plan, in the year 1700 AH (2271 AD). Gog and Magog are mentioned in 18:94 and 21:96. If you count the verses from 18:94 to the end of Sura 18, you find them 17. If you count the verses from 21:96 to the end of Sura 21, you find them also 17. This is the Quran's sign that Gog and Magog will re-appear in 1700 AH."
967,appendix-25,25. End Of The World,appendix_25.pdf,https://www.masjidtucson.org/quran/appendices/appendix25.html,12,heading,3,It Will Not Remain Hidden [20:15]
968,appendix-25,25. End Of The World,appendix_25.pdf,https://www.masjidtucson.org/quran/appendices/appendix25.html,13,paragraph,,"Verse 15 of Sura 20 informs us that the end of the world will be revealed by God before the end of the world, and Sura 15, Verse 87, gives the time for that event:"
969,appendix-25,25. End Of The World,appendix_25.pdf,https://www.masjidtucson.org/quran/appendices/appendix25.html,14,table,,"We have given you the seven pairs, and the great Quran. [ 15:87 ]"
970,appendix-25,25. End Of The World,appendix_25.pdf,https://www.masjidtucson.org/quran/appendices/appendix25.html,15,paragraph,,"The seven pairs are the 14 Quranic Initials. The total gematrical value of these profound pillars of the Quran's miracle pinpoints the year of the end of the world. It is noteworthy that Verse 85 of Sura 15 states: ""The end of the world will surely come to pass."" The next verse, 15:86, tells us that God is the Creator of this world, and, of course, He knows when it will end. The following verse, 15:87, tells us when the world will end. As shown in Table 1, the gematrical values of ""The Seven Pairs"" of Quranic Initials total 1709 (see also Table 1 of Appendix 1). According to 15:87, the world will survive for 1709 lunar years from the time this prophecy is stated in the Quran. This means that the world will end in the year 1710 AH. This number is a multiple of 19; 1710 = 19x90."
971,appendix-25,25. End Of The World,appendix_25.pdf,https://www.masjidtucson.org/quran/appendices/appendix25.html,16,paragraph,,"Table 1: Total Gematrical Value of ""The Seven Pairs"" of Quranic Initials"
972,appendix-25,25. End Of The World,appendix_25.pdf,https://www.masjidtucson.org/quran/appendices/appendix25.html,17,table,,Quranic Initial Gematrical Value ------- ---------- 1. Q 100 2. N 50 3. S (Saad) 90 4. H.M. 48 5. Y.S. 70 6. T.H. 14 7. T.S. 69 8. A.L.M. 71 9. A.L.R. 231 10. T.S.M. 109 11. `A.S.Q. 230 12. A.L.M.S. 161 13. A.L.M.R. 271 14. K.H.Y.`A.S. 195 ---- 1709
973,appendix-25,25. End Of The World,appendix_25.pdf,https://www.masjidtucson.org/quran/appendices/appendix25.html,18,paragraph,,"The unveiling of this information took place in the year 1400 AH, 309 years before the prophesied end of the world (1709-1400=309). The number 309 is a Quranic number (18:25), and is connected with the end of the world (18:21). The peculiar way of writing 309 in 18:25, ""Three hundred years, increased by nine,"" indicates that the 309 are lunar years. The difference between 300 solar years and 300 lunar years is 9 years."
974,appendix-25,25. End Of The World,appendix_25.pdf,https://www.masjidtucson.org/quran/appendices/appendix25.html,19,paragraph,,"The year of this discovery, 1400 AH, coincided with 1980 AD, and 1980 plus 300 solar years is 2280, also a multiple of 19, 19x120. Thus the world ends in 1710 AH, 19x90, which coincides with 2280 AD, 19x120. For the disbelievers who do not accept these powerful Quranic proofs, the end of the world will come suddenly (6:31, 44, 47; 7:95, 187; 12:107; 21:40, 22:55; 26:202; 29:53; 39:55; 43:66; and 47:18)."
975,appendix-25,25. End Of The World,appendix_25.pdf,https://www.masjidtucson.org/quran/appendices/appendix25.html,20,paragraph,,"While Hadith is forbidden as a source of religious teachings (Appendix 19), it can be a useful source of history. We can derive a lot of information about historical events and local customs and traditions during the early centuries of Islam. The books of Hadith indicate that the Quranic Initials were believed to determine the life span of the Muslim Ummah. The classic exegesis by Al-Baydaawy cites the following historical event as a possible explanation of the Quranic Initials. The same event is detailed in Al-Suyooty's ITQAAN, First Printing, 1318 AH, Vol 2, Page 10:"
976,appendix-25,25. End Of The World,appendix_25.pdf,https://www.masjidtucson.org/quran/appendices/appendix25.html,21,paragraph,,"The Jews of Medina went to the Prophet and said, ""Your Quran is initialed with A.L.M., and these Initials determine the life span of your religion. Since `A' is 1, `L' is 30, and `M' is 40, this means that your religion will survive only 71 years."" Muhammad said, ""We also have A.L.M.S."" They said, ""The `A' is 1, the `L' is 30, the `M' is 40, and the `S' is 90. This adds up to 161. Do you have anything else?"" The Prophet said, ""Yes, A.L.M.R."" They said, ""This is longer and heavier; the `A' is 1, `L' is 30, `M' is 40, and `R' is 200, making the total 271."" They finally gave up, saying, ""We do not know how many of these Initials he was given!"" [Al-Suyuty's Famous Reference ITQAAN]"
977,appendix-25,25. End Of The World,appendix_25.pdf,https://www.masjidtucson.org/quran/appendices/appendix25.html,22,paragraph,,"Although this narration is well known, many scholars have been reluctant to accept the unmistakable connection between the Quranic Initials and the end of the world. They could not bring themselves to deal with this subject for the simple reason that the calculation makes the end of the world, and judgment, a reality."
978,appendix-26,26. The Three Messengers of Islam,appendix_26.pdf,https://www.masjidtucson.org/quran/appendices/appendix26.html,1,heading,1,The Three Messengers of Islam
979,appendix-26,26. The Three Messengers of Islam,appendix_26.pdf,https://www.masjidtucson.org/quran/appendices/appendix26.html,2,paragraph,,"This Appendix provides the Quranic mathematical evidence that [1] Abraham was the original messenger of Islam, i.e, Submission (22:78), [2] Muhammad was the scripture delivering messenger (47:2), and [3] Rashad is the purifying and consolidating messenger who delivered the religion's authenticating proof (3:81, & Appendix 2)."
980,appendix-26,26. The Three Messengers of Islam,appendix_26.pdf,https://www.masjidtucson.org/quran/appendices/appendix26.html,3,heading,2,Perpetual and Verifiable Evidence
981,appendix-26,26. The Three Messengers of Islam,appendix_26.pdf,https://www.masjidtucson.org/quran/appendices/appendix26.html,4,paragraph,,"[1] As pointed out in Appendix 2, the gematrical value of ""Abraham"" is 258, the gematrical value of ""Muhammad"" is 92, the gematrical value of ""Rashad"" is 505, and 258+92+505 =855 = 19x45."
982,appendix-26,26. The Three Messengers of Islam,appendix_26.pdf,https://www.masjidtucson.org/quran/appendices/appendix26.html,5,paragraph,,"[2] If we include ""Ismail,"" whose gematrical value is 211 and ""Isaac,"" whose gematrical value is 169, we still end up with a total gematrical value of 855+211+169 = 1235 = 19x65. The total gematrical value of the three messengers, or the five, cannot conform with the Quran's 19-based mathematical code if either Abraham, Muhammad, or Rashad is not included."
983,appendix-26,26. The Three Messengers of Islam,appendix_26.pdf,https://www.masjidtucson.org/quran/appendices/appendix26.html,6,paragraph,,"[3] The first and last occurrences of ""Abraham"" are in 2:124 and 87:19. By adding the sura numbers, plus the number of verses, plus the sum of verse numbers from the first occurrence to the last occurrence, the grand total is 333260, 19x17540 (Table 1)."
984,appendix-26,26. The Three Messengers of Islam,appendix_26.pdf,https://www.masjidtucson.org/quran/appendices/appendix26.html,7,paragraph,,Table 1: The Suras & Verses from the First to the Last Occurence of Abraham
985,appendix-26,26. The Three Messengers of Islam,appendix_26.pdf,https://www.masjidtucson.org/quran/appendices/appendix26.html,8,table,,Sura No. of Sum of Total No. Verses Verse #s ------ ------ -------- ----- 2 163 33415 33580 3 200 20100 20303 4 176 15576 15756 5 120 7260 7385 - - - - 9 127 8128 8264 - - - - 84 25 325 434 85 22 253 360 86 17 153 256 87 19 190 296 ---- ---- ------ ------ 3827 5835 323598 333260 (19x17540)
986,appendix-26,26. The Three Messengers of Islam,appendix_26.pdf,https://www.masjidtucson.org/quran/appendices/appendix26.html,9,paragraph,,"[4] As pointed out in Appendix 2, the name of God's Messenger of the Covenant is introduced to the computer age through mathematical coding. If the name was specified in the Quran, as is the case with past messengers, millions of people would have named their children ""Rashad Khalifa."" Thus, the root word ""Rashada"" is mentioned in the Quran 19 times (Appendix 2)."
987,appendix-26,26. The Three Messengers of Islam,appendix_26.pdf,https://www.masjidtucson.org/quran/appendices/appendix26.html,10,paragraph,,"[5] ""Abraham"" is mentioned in 25 suras, ""Muhammad"" is mentioned in 4 suras, and ""Rashada"" occurs in 9 suras. The total of these suras is 25+4+9 = 38 = 19x2 (INDEX TO THE WORDS OF QURAN, Abdul Baqi)."
988,appendix-26,26. The Three Messengers of Islam,appendix_26.pdf,https://www.masjidtucson.org/quran/appendices/appendix26.html,11,paragraph,,"[6] If we add the numbers of the suras where Abraham, Muhammad, and Rashada occur, plus the number of occurrences per sura, the total comes to 1083, 19x19x3 (Table 2)."
989,appendix-26,26. The Three Messengers of Islam,appendix_26.pdf,https://www.masjidtucson.org/quran/appendices/appendix26.html,12,paragraph,,"Table 2: The Suras and Occurences of Abraham, Muhammad, and Rashada."
990,appendix-26,26. The Three Messengers of Islam,appendix_26.pdf,https://www.masjidtucson.org/quran/appendices/appendix26.html,13,table,,"Sura Number of Occurences No. Abraham Muhammad Rashada ------ ------- -------- ------- 2 15 - 2 3 7 1 - 4 4 - 1 6 4 - - 7 - - 1 9 3 - - 11 4 - 3 12 2 - - 14 1 - - 15 1 - - 16 2 - - 18 - - 4 19 3 - - 21 4 - 1 22 3 - - 26 1 - - 29 2 - - 33 1 1 - 37 3 - - 38 1 - - 40 - - 2 42 1 - - 43 1 - - 47 - 1 - 48 - 1 - 49 - - 1 51 1 - - 53 1 - - 57 1 - - 60 2 - - 72 - - 4 87 1 - - --- -- -- -- 991 69 4 19 991+69+4+19 = 1083 = 19x19x3 * ""Rashada"" occurs 19 times. * Total is 19x19x3, the 3 messengers."
991,appendix-26,26. The Three Messengers of Islam,appendix_26.pdf,https://www.masjidtucson.org/quran/appendices/appendix26.html,14,paragraph,,"[7] If we take all the suras where Abraham, Muhammad, and the root word ""Rashada"" are mentioned, and add the sura numbers, plus the number of the first verse in each sura where each of the three words is mentioned, the total comes to 2793, 19x147 (Table 3)."
992,appendix-26,26. The Three Messengers of Islam,appendix_26.pdf,https://www.masjidtucson.org/quran/appendices/appendix26.html,15,paragraph,,"Table 3: The Suras & First Verse Where Abraham, Muhammad, & Rashada Occur."
993,appendix-26,26. The Three Messengers of Islam,appendix_26.pdf,https://www.masjidtucson.org/quran/appendices/appendix26.html,16,table,,Sura First Occurrence Verse No. Abraham Muhammad Rashada ---- ------- -------- ------- 2 124 - 186 3 33 144 - 4 54 - 6 6 74 - - 7 - - 146 9 70 - - 11 69 - 78 12 6 - - 14 35 - - 15 51 - - 16 120 - - 18 - - 10 19 41 - - 21 -51 - -51 22 26 - - 26 69 - - 29 16 - - 33 7 40 - 37 83 - - 38 45 - - 40 - - 29 42 13 - - 43 26 - - 47 - 2 - 48 - 29 - 49 - - 7 51 24 - - 53 37 - - 57 26 - - 60 4 - - 72 - - 2 87 19 - - --- ---- --- --- 991 1123 215 464 991+1123+215+464 = 2793 = 19x147. * Verse 21:51 cannot be added twice.
994,appendix-26,26. The Three Messengers of Islam,appendix_26.pdf,https://www.masjidtucson.org/quran/appendices/appendix26.html,17,paragraph,,"[8] The sum of all sura numbers where the three words occur, without repetition, plus the sum of all the verse numbers, without repetition, add up to 6479, 19x341. The suras are 2, 3, 4, 6, 7, 9, 11, 12, 14, 15, 16, 18, 19, 21, 22, 26, 29, 33, 37, 38, 40, 42, 43, 47, 48, 49, 51, 53, 57, 60, 72, and 87. The sum of these numbers is 991 (see Table 3). The verses where the three words are mentioned, without repetition, are 2, 4, 6, 7, 10, 13, 14, 16, 17, 19, 21, 24, 26, 29, 31, 33, 35, 37, 38, 40, 41, 43, 45, 46, 51, 54, 58, 60, 62, 65, 66, 67, 68, 69, 70, 74, 75, 76, 78, 83, 84, 87, 95, 97, 104, 109, 114, 120, 123, 124, 125, 126, 127, 130, 132, 133, 135, 136, 140, 144, 146, 161, 163, 186, 256, 258, and 260. The sum of these numbers is 5488, and: 5488 + 991 = 6479 = 19x341."
995,appendix-26,26. The Three Messengers of Islam,appendix_26.pdf,https://www.masjidtucson.org/quran/appendices/appendix26.html,18,paragraph,,"[9] If we add the sura number, plus the verse number, plus the number of verses where Abraham, Muhammad, and Rashada occur, we get a grand total that equals 7505, 19x395 (Table 4)."
996,appendix-26,26. The Three Messengers of Islam,appendix_26.pdf,https://www.masjidtucson.org/quran/appendices/appendix26.html,19,paragraph,,"Table 4: The Suras, Verses, and Occurrences of ""Abraham,"" ""Muhammad, and ""Rashada."""
997,appendix-26,26. The Three Messengers of Islam,appendix_26.pdf,https://www.masjidtucson.org/quran/appendices/appendix26.html,20,table,,"Sura Verses Where the 3 Words are Mentioned No. of No. Abraham Muhammad Rashada Verses ---- ------- -------- ------- ------ 2 124,125,126,127 - 186,256 14 130,132,133,135 136,140,258,260 3 33,65,67,68 144 - 8 84,95,97 4 54,125,163 - 6 4 6 74,75,83,161 - - 4 7 - - 146 1 9 70,114 - - 2 11 69,74,75,76 - 78,87,97 7 12 6,38 - - 2 14 35 - - 1 15 51 - - 1 16 120,123 - - 2 18 - - 10,17,24,66 4 19 41,46,58 - - 3 21 51,60,62,69 - 51 5 22 26,43,78 - - 3 26 69 - - 1 29 16,31 - - 2 33 7 40 - 2 37 83,104,109 - - 3 38 45 - - 1 40 - - 29,38 2 42 13 - - 1 43 26 - - 1 47 - 2 - 1 48 - 29 - 1 49 - - 7 1 51 24 - - 1 53 37 - - 1 57 26 - - 1 60 4 - - 1 72 - - 2,10,14,21 4 87 19 - - 1 --- - --- --- ---- -- 991 5068 215 1145 86 991+5068+215+1145+86 = 7505 = 19x395"
998,appendix-26,26. The Three Messengers of Islam,appendix_26.pdf,https://www.masjidtucson.org/quran/appendices/appendix26.html,21,paragraph,,"Thus, it is mathematically coded into the Quran that Abraham, Muhammad, and Rashad are the three messengers of Islam (Submission)."
999,appendix-26,26. The Three Messengers of Islam,appendix_26.pdf,https://www.masjidtucson.org/quran/appendices/appendix26.html,22,paragraph,,"[10] As shown in Table 4, the 19 occurrences of the root word ""Rashada"" are in verses 186, 256, 6, 146, 78, 87, 97, 10, 17, 24, 66, 51, 29, 38, 7, 2, 10, 14, and 21. These are 38 digits, 19x2."
1000,appendix-26,26. The Three Messengers of Islam,appendix_26.pdf,https://www.masjidtucson.org/quran/appendices/appendix26.html,23,paragraph,,"[11] Table 4 shows that the sum of the verse numbers where we see the 19 occurrences of the root word ""Rashada"" is 1145. By adding this total of verse numbers (1145), to the gematrical value of the name ""Rashad"" (505), plus the gematrical value of the name ""Khalifa"" (725), we get 1145+505+725 = 2375, 19x125."
1001,appendix-26,26. The Three Messengers of Islam,appendix_26.pdf,https://www.masjidtucson.org/quran/appendices/appendix26.html,24,paragraph,,"[12] If we write down these numbers next to each other, i.e., the total of verse numbers (1145), followed by the gematrical value of the name ""Rashad"" (505), followed by the gematrical value of the name ""Khalifa"" (725), we also get a number that is a multiple of 19: 1145505725 = 19x60289775."
1002,appendix-26,26. The Three Messengers of Islam,appendix_26.pdf,https://www.masjidtucson.org/quran/appendices/appendix26.html,25,heading,3,1145 + 505 + 725 = 2375 = 19 x 125
1003,appendix-26,26. The Three Messengers of Islam,appendix_26.pdf,https://www.masjidtucson.org/quran/appendices/appendix26.html,26,heading,3,1145 505 725 = 1145505725 = 19 x 60289775
1004,appendix-27,27. Who Is Your God?,appendix_27.pdf,https://www.masjidtucson.org/quran/appendices/appendix27.html,1,heading,1,Who Is Your God?
1005,appendix-27,27. Who Is Your God?,appendix_27.pdf,https://www.masjidtucson.org/quran/appendices/appendix27.html,2,paragraph,,"Most people are outraged upon hearing this question. ""What do you mean, `Who is your god?' they ask, `My god is the Creator of the heavens and the earth.' "" And most of these people will be shocked to find out that their proclamation that their god is the Creator of the heavens and the earth is no more than lip service, and that they are in fact destined for Hell (12:106)."
1006,appendix-27,27. Who Is Your God?,appendix_27.pdf,https://www.masjidtucson.org/quran/appendices/appendix27.html,3,table,,Your god is whoever or whatever occupies your mind most of the time.
1007,appendix-27,27. Who Is Your God?,appendix_27.pdf,https://www.masjidtucson.org/quran/appendices/appendix27.html,4,paragraph,,"Your god can be your children (7:190), your spouse (9:24), your business (18:35), or your ego (25:43). This is why we note that one of the most important and most repeated commandments in the Quran is:"
1008,appendix-27,27. Who Is Your God?,appendix_27.pdf,https://www.masjidtucson.org/quran/appendices/appendix27.html,5,table,,"""O you who believe, you shall remember God frequently; glorify Him day and night."" [33:41]"
1009,appendix-27,27. Who Is Your God?,appendix_27.pdf,https://www.masjidtucson.org/quran/appendices/appendix27.html,6,paragraph,,"To put this commandment into practice, we must establish certain habits whereby we guarantee that God occupies our minds more than anything else. The Quran helps us establish such soul saving habits:"
1010,appendix-27,27. Who Is Your God?,appendix_27.pdf,https://www.masjidtucson.org/quran/appendices/appendix27.html,7,paragraph,,"1. The Contact Prayers (Salat): those who observe the 5 daily prayers come a long way towards commemorating God a significant proportion of their waking hours. Salat helps us remember God not only during the few minutes of prayer, but also throughout the times of anticipation. At 11:00 AM, one may look at his or her watch to see if the noon prayer is due yet. This act causes one to think about God, and one is credited accordingly (20:14)."
1011,appendix-27,27. Who Is Your God?,appendix_27.pdf,https://www.masjidtucson.org/quran/appendices/appendix27.html,8,paragraph,,"2. Commemorate God before eating: Verse 6:121 enjoins us to mention God's name before we eat: ""You shall not eat from that upon which God's name has not been mentioned."""
1012,appendix-27,27. Who Is Your God?,appendix_27.pdf,https://www.masjidtucson.org/quran/appendices/appendix27.html,9,paragraph,,"3. God Willing (IN SHAA ALLAH): ""You shall not say, `I will do this or that tomorrow,' without saying, `God willing' (IN SHAA ALLAH). If you forget to do this, then apologize and say, `May my Lord guide me to do better next time.'"" [18:24]. This is a direct commandment that we must carry out, no matter who we are talking with."
1013,appendix-27,27. Who Is Your God?,appendix_27.pdf,https://www.masjidtucson.org/quran/appendices/appendix27.html,10,paragraph,,"4. God's Gift (MAA SHAA ALLAH): To invoke God's protection for our beloved objects - our children, our cars, our homes, etc. - we are enjoined in 18:39 to say ""MAA SHAA ALLAH"" (This is God's gift)."
1014,appendix-27,27. Who Is Your God?,appendix_27.pdf,https://www.masjidtucson.org/quran/appendices/appendix27.html,11,paragraph,,"5. Glorify God day and night: When we eat anything, we shouldn't be like animals; we must reflect on God's creation of the food we are eating - the flavor, our enjoyment due to the senses God has given us, the perfect packaging of the banana or the orange, the varieties of sea foods created by God, etc. - and glorify Him as we enjoy His provisions. When we see a beautiful flower, or animal, or sunsets, we must glorify God. We must seize every possible opportunity to remember and glorify God, so that God may be our God."
1015,appendix-27,27. Who Is Your God?,appendix_27.pdf,https://www.masjidtucson.org/quran/appendices/appendix27.html,12,paragraph,,"6. First Utterance: Make it a habit to say: ""In the name of God, Most Gracious, Most Merciful. There is no other god besides God,"" the moment you wake up every morning. If you establish this good habit, this is what you will utter when you are resurrected."
1016,appendix-28,28. Muhammad Wrote God's Revelations With His Own Hand,appendix_28.pdf,https://www.masjidtucson.org/quran/appendices/appendix28.html,1,heading,1,Muhammad Wrote God's Revelations With His Own Hand
1017,appendix-28,28. Muhammad Wrote God's Revelations With His Own Hand,appendix_28.pdf,https://www.masjidtucson.org/quran/appendices/appendix28.html,2,paragraph,,"The first revelation was ""Read,"" and included the statement ""God teaches by means of the pen"" (96:1-4), and the second revelation was ""The Pen"" (68:1). The only function of the pen is to write."
1018,appendix-28,28. Muhammad Wrote God's Revelations With His Own Hand,appendix_28.pdf,https://www.masjidtucson.org/quran/appendices/appendix28.html,3,paragraph,,"Ignorant Muslim scholars of the first two centuries after the Quran could not understand the Quran's challenge to produce anything like it. They had no idea about the Quran's mathematical composition, and they knew that many literary giants could have composed works comparable to the Quran. In fact, many such literary giants did claim the ability to produce a literary work as excellent as the Quran. The latest claim came from Taha Hussein, the renowned Egyptian writer."
1019,appendix-28,28. Muhammad Wrote God's Revelations With His Own Hand,appendix_28.pdf,https://www.masjidtucson.org/quran/appendices/appendix28.html,4,paragraph,,"The ignorant Muslim scholars then decided to proclaim Muhammad an illiterate man! They figured that this would make the Quran's extraordinary literary excellence truly miraculous. The word they relied on to bestow illiteracy upon the Prophet was ""UMMY."" Unfortunately for those ""scholars,"" this word clearly means ""Gentile,"" or one who does not follow any scripture (Torah, Injeel, or Quran) [see 2:78, 3:20 & 75, 62:2]; it does NOT mean ""illiterate."""
1020,appendix-28,28. Muhammad Wrote God's Revelations With His Own Hand,appendix_28.pdf,https://www.masjidtucson.org/quran/appendices/appendix28.html,5,paragraph,,"The Prophet was a successful merchant. The ""Muslim scholars"" who fabricated the illiteracy lie forgot that there were no numbers during the Prophet's time; the letters of the alphabet were used as numbers. As a merchant dealing with numbers every day, the Prophet had to know the alphabet, from one to one-thousand."
1021,appendix-28,28. Muhammad Wrote God's Revelations With His Own Hand,appendix_28.pdf,https://www.masjidtucson.org/quran/appendices/appendix28.html,6,paragraph,,"The Quran tells us that Muhammad wrote down the Quran - Muhammad's contemporaries are quoted as saying, ""These are tales from the past that he wrote down. They are being dictated to him day and night"" (25:5). You cannot ""dictate"" to an illiterate person. The Prophet's enemies who accuse him of illiteracy abuse Verse 29:48, which relates specifically to previous scriptures."
1022,appendix-28,28. Muhammad Wrote God's Revelations With His Own Hand,appendix_28.pdf,https://www.masjidtucson.org/quran/appendices/appendix28.html,7,paragraph,,"On the 27th night of Ramadan 13 B.H. (Before Hijerah), Muhammad the soul, the real person, not the body, was summoned to the highest universe and the Quran was given to him (2:97, 17:1, 44:3, 53:1-18, 97:1-5). Subsequently, the angel Gabriel helped Muhammad release a few verses of the Quran at a time, from the soul to Muhammad's memory. The Prophet wrote down and memorized the verses just released into his mind. When the Prophet died, he left the complete Quran written down with his own hand in the chronological order of revelation, along with specific instructions as to where to place every verse. The divine instructions recorded by the Prophet were designed to put the Quran together into the final format intended for God's Final Testament to the world (75:17). The early Muslims did not get around to putting the Quran together until the time of Khalifa Rashed `Uthmaan. A committee was appointed to carry out this task. Read Appendix 24 for the details."
1023,appendix-29,29. The Missing Basmalah,appendix_29.pdf,https://www.masjidtucson.org/quran/appendices/appendix29.html,1,heading,1,The Missing Basmalah
1024,appendix-29,29. The Missing Basmalah,appendix_29.pdf,https://www.masjidtucson.org/quran/appendices/appendix29.html,2,paragraph,,"Every sura in the Quran opens with the statement ""In the name of God, Most Gracious, Most Merciful,"" known as the Basmalah, with the exception of Sura 9. This conspicuous absence of the Basmalah from Sura 9 has been an intriguing feature of the Quran for 14 centuries. Many theories have been advanced to explain this phenomenon."
1025,appendix-29,29. The Missing Basmalah,appendix_29.pdf,https://www.masjidtucson.org/quran/appendices/appendix29.html,3,paragraph,,"Now we learn that the missing Basmalah plays a significant role as [1] a significant constituent of the Quran's mathematical miracle, and [2] a glaring sign from the Most Gracious, Most Merciful, that Sura 9 has been tampered with and must be purified (Appendix 24). Both roles of the missing Basmalah were revealed with the discovery of the Quran's mathematical code. The following list of factual observations illustrate the miraculous features of the missing Basmalah:"
1026,appendix-29,29. The Missing Basmalah,appendix_29.pdf,https://www.masjidtucson.org/quran/appendices/appendix29.html,4,paragraph,,"[1] Since the Basmalah consists of 19 Arabic letters, and prefixes all the suras except one, it can be considered the foundation upon which the Quran's 19-based code is built. But the absence of the Basmalah from Sura 9 causes the number of this crucial opening statement to be 113, a number that does not conform with the Quran's code. However, we find that this deficiency is compensated for in Sura 27. Two Basmalahs occur in Sura 27, one as an opener and one in Verse 30. This restores the total number of Basmalahs in the Quran to 114, 19x6."
1027,appendix-29,29. The Missing Basmalah,appendix_29.pdf,https://www.masjidtucson.org/quran/appendices/appendix29.html,5,paragraph,,"[2] From the missing Basmalah of Sura 9 to the extra Basmalah of Sura 27, there are 19 suras."
1028,appendix-29,29. The Missing Basmalah,appendix_29.pdf,https://www.masjidtucson.org/quran/appendices/appendix29.html,6,paragraph,,"[3] The sum of sura numbers from the missing Basmalah (Sura 9) to the extra Basmalah (Sura 27) is 9+10+11+12+ ... +25+26+27 = 342, 19x18. This is a mathematical property, any consecutive 19 numbers will add up to a multiple of 19. But the miraculous phenomenon is that this number, 342, equals the number of words from the first Basmalah of Sura 27 to the second Basmalah in 27:30."
1029,appendix-29,29. The Missing Basmalah,appendix_29.pdf,https://www.masjidtucson.org/quran/appendices/appendix29.html,7,paragraph,,"[4] The occurrence of the extra Basmalah in 27:30 conforms with the Quran's code in that the sura number, plus the verse number is a multiple of 19 (27+30 = 57 = 19x3)."
1030,appendix-29,29. The Missing Basmalah,appendix_29.pdf,https://www.masjidtucson.org/quran/appendices/appendix29.html,8,paragraph,,[5] The occurrence of the extra Basmalah in Verse 30 compares with the occurrence of the number 19 itself in Verse 30 (Sura 74).
1031,appendix-29,29. The Missing Basmalah,appendix_29.pdf,https://www.masjidtucson.org/quran/appendices/appendix29.html,9,paragraph,,"[6] The Quran contains 6234 numbered verses. The absence of the Basmalah from Sura 9, and compensating for it in Verse 30 of Sura 27 gives us two numbered Basmalahs, 1:1 & 27:30, and 112 un-numbered Basmalahs. This causes the total number of verses in the Quran to be 6234+112 = 6346, 19x334."
1032,appendix-29,29. The Missing Basmalah,appendix_29.pdf,https://www.masjidtucson.org/quran/appendices/appendix29.html,10,paragraph,,"[7] From the missing Basmalah to the extra Basmalah, the number of verses containing the word ""Allah"" is 513, 19x27. Note that 27 is the sura number where the extra Basmalah occurs. The data are in Table 1."
1033,appendix-29,29. The Missing Basmalah,appendix_29.pdf,https://www.masjidtucson.org/quran/appendices/appendix29.html,11,paragraph,,"Table 1: The Verses Containing the Word ""Allah"" from the Missing Basmalah to the Extra Basmalah."
1034,appendix-29,29. The Missing Basmalah,appendix_29.pdf,https://www.masjidtucson.org/quran/appendices/appendix29.html,12,table,,"Sura Number Verses w/ ""Allah"" ------ --------- 9 100 10 49 11 33 12 34 13 23 14 28 15 2 16 64 17 10 18 14 19 8 20 6 21 5 22 50 23 12 24 50 25 6 26 13 27 6 --- --- 342 (19x18) 513 (19x27)"
1035,appendix-29,29. The Missing Basmalah,appendix_29.pdf,https://www.masjidtucson.org/quran/appendices/appendix29.html,13,paragraph,,"[8] The sum of verse numbers (1+2+3+ ... +n), plus the number of verses, from the missing Basmalah to the extra Basmalah is 119624, 19x6296. See Table 2."
1036,appendix-29,29. The Missing Basmalah,appendix_29.pdf,https://www.masjidtucson.org/quran/appendices/appendix29.html,14,paragraph,,Table 2: Suras & Verses From the Missing Basmalah to the Extra Basmalah
1037,appendix-29,29. The Missing Basmalah,appendix_29.pdf,https://www.masjidtucson.org/quran/appendices/appendix29.html,15,table,,Sura Verses Sum of Verse # ---- ------ -------------- 9 127 8128 10 109 5995 11 123 7626 12 111 6216 13 43 946 14 52 1378 15 99 4950 16 128 8256 17 111 6216 18 110 6105 19 98 4851 20 135 9180 21 112 6328 22 78 3081 23 118 7021 24 64 2080 25 77 3003 26 227 25878 27 29 435 --- ---- ------ 342 1951 117673 342 + 1951 + 117673 =119624 = 19 x 6296
1038,appendix-29,29. The Missing Basmalah,appendix_29.pdf,https://www.masjidtucson.org/quran/appendices/appendix29.html,16,paragraph,,"[9] This item also proves that Sura 9 consists of 127 verses, not 129 (see Appendix 24). The sum of digits of 127 is 1+2+7=10. By finding all the verses whose digits add up to 10, from the missing Basmalah of Sura 9 to the extra Basmalah of Sura 27, then adding the number of these verses to the total number of verses from the missing Basmalah to the extra Basmalah, we get 2128, or 19x112 (Table 3)."
1039,appendix-29,29. The Missing Basmalah,appendix_29.pdf,https://www.masjidtucson.org/quran/appendices/appendix29.html,17,paragraph,,"[10] Sura 9 is an odd-numbered sura whose number of verses (127) is also odd. From the missing Basmalah to the extra Basmalah, there are 7 suras that possess this property; they are odd-numbered suras whose numbers of verses are also odd. As detailed in Table 4, these are Suras 9, 11, 13, 15, 17, 25, and 27. By adding the digits that make up the sura numbers and the numbers of verses, the grand total is 114, 19x6."
1040,appendix-29,29. The Missing Basmalah,appendix_29.pdf,https://www.masjidtucson.org/quran/appendices/appendix29.html,18,paragraph,,"Table 3: The Verse Whose Digits Add Up to 10, from the Missing Basmalah to the Extra Basmalah"
1041,appendix-29,29. The Missing Basmalah,appendix_29.pdf,https://www.masjidtucson.org/quran/appendices/appendix29.html,19,table,,Sura No No. of Verses No. of Occurences ---- ------. ---------- 9 127 12 10 109 10 11 123 11 12 111 10 13 43 3 14 52 4 15 99 9 16 128 12 17 111 10 18 110 10 19 98 9 20 135 12 21 112 10 22 78 7 23 118 11 24 64 6 25 77 7 26 227 22 27 29 2 --- ---- --- 342 1951 177 (19x18) & 1951+177=2128=19x112
1042,appendix-29,29. The Missing Basmalah,appendix_29.pdf,https://www.masjidtucson.org/quran/appendices/appendix29.html,20,paragraph,,Table 4: The Odd-numbered Suras Whose Number of Verses are also Odd
1043,appendix-29,29. The Missing Basmalah,appendix_29.pdf,https://www.masjidtucson.org/quran/appendices/appendix29.html,21,table,,Sura No. Sum of Digits No of Verses Sum of Digits ---- ------ ------ ------ 9 9 127 10 11 2 123 6 13 4 43 7 15 6 99 18 17 8 111 3 25 7 77 14 27 9 29 11 -- -- 45 69 45+69 = 114 = 19x6
1044,appendix-29,29. The Missing Basmalah,appendix_29.pdf,https://www.masjidtucson.org/quran/appendices/appendix29.html,22,paragraph,,"[11] The next two features authenticate both the missing Basmalah and the number of verses in Sura 9 (where two false verses had been injected). If we take the same suras listed in Table 4, odd-numbered suras whose numbers of verses are also odd, and write down the number of every sura, followed by its number of verses, the resulting long number (30 digits) is a multiple of 19 (Figure 1)."
1045,appendix-29,29. The Missing Basmalah,appendix_29.pdf,https://www.masjidtucson.org/quran/appendices/appendix29.html,23,paragraph,,"[12] Let us continue to work with the suras listed in Table 4. They are the odd-numbered suras whose verses are also odd-numbered, from the missing Basmalah to the extra Basmalah. If we write down the number of every sura, followed by the last digit in every verse in that sura, we end up with a long number, 1988 digits, which is divisible by 19 (Figure 2)."
1046,appendix-29,29. The Missing Basmalah,appendix_29.pdf,https://www.masjidtucson.org/quran/appendices/appendix29.html,24,table,,9 127 11 123 13 43 15 99 17 111 25 77 27 29 Every sura number is followed by the number of verses in that sura. This long number equals 19 x 48037427533385052195322409091. [Figure 1]
1047,appendix-29,29. The Missing Basmalah,appendix_29.pdf,https://www.masjidtucson.org/quran/appendices/appendix29.html,25,paragraph,,9 127 11 123 13 43 15 99 17 111 25 77 27 29
1048,appendix-29,29. The Missing Basmalah,appendix_29.pdf,https://www.masjidtucson.org/quran/appendices/appendix29.html,26,paragraph,,Every sura number is followed by the number of verses in that sura. This long number equals 19 x 48037427533385052195322409091.
1049,appendix-29,29. The Missing Basmalah,appendix_29.pdf,https://www.masjidtucson.org/quran/appendices/appendix29.html,27,table,,9 1234567890123... ... 27 1234567890 ... 789 The sura number is followed by the last digit in every verse number. [Figure 2]
1050,appendix-29,29. The Missing Basmalah,appendix_29.pdf,https://www.masjidtucson.org/quran/appendices/appendix29.html,28,paragraph,,9 1234567890123... ... 27 1234567890 ... 789
1051,appendix-29,29. The Missing Basmalah,appendix_29.pdf,https://www.masjidtucson.org/quran/appendices/appendix29.html,29,paragraph,,The sura number is followed by the last digit in every verse number.
1052,appendix-30,30. Polygamy,appendix_30.pdf,https://www.masjidtucson.org/quran/appendices/appendix30.html,1,heading,1,Polygamy
1053,appendix-30,30. Polygamy,appendix_30.pdf,https://www.masjidtucson.org/quran/appendices/appendix30.html,2,paragraph,,"Polygamy was a way of life until the Quran was revealed 1400 years ago. When the earth was young and under-populated, polygamy was one way of populating it and bringing in the human beings needed to carry out God's plan. By the time the Quran was revealed, the world had been sufficiently populated, and the Quran put down the first limitations against polygamy."
1054,appendix-30,30. Polygamy,appendix_30.pdf,https://www.masjidtucson.org/quran/appendices/appendix30.html,3,paragraph,,"Polygamy is permitted in the Quran, but under strictly observed circumstances. Any abuse of this divine permission incurs severe retribution. Thus, although polygamy is permitted by God, it behooves us to examine our circumstances carefully before saying that a particular polygamous relationship is permissible."
1055,appendix-30,30. Polygamy,appendix_30.pdf,https://www.masjidtucson.org/quran/appendices/appendix30.html,4,paragraph,,"Our perfect example here is the prophet Muhammad. He was married to one wife, Khadijah, until she died. He had all his children, except one, from Khadijah. Thus, she and her children enjoyed the Prophet's full attention for as long as she was married to him; twenty-five years. For all practical purposes, Muhammad had one wife - from the age of 25 to 50. During the remaining 13 years of his life, he married the aged widows of his friends who left many children. The children needed a complete home, with a fatherly figure, and the Prophet provided that. Providing a fatherly figure for orphans is the only specific circumstance in support of polygamy mentioned in the Quran (4:3)."
1056,appendix-30,30. Polygamy,appendix_30.pdf,https://www.masjidtucson.org/quran/appendices/appendix30.html,5,paragraph,,"Other than marrying widowed mothers of orphans, there were three political marriages in the Prophet's life. His close friends Abu Bakr and Omar insisted that he marry their daughters, Aisha and Hafsah, to establish traditional family ties among them. The third marriage was to Maria the Egyptian; she was given to him as a political gesture of friendship from the ruler of Egypt."
1057,appendix-30,30. Polygamy,appendix_30.pdf,https://www.masjidtucson.org/quran/appendices/appendix30.html,6,paragraph,,This perfect example tells us that a man must give his full attention and loyalty in marriage to his wife and children in order to raise a happy and wholesome family.
1058,appendix-30,30. Polygamy,appendix_30.pdf,https://www.masjidtucson.org/quran/appendices/appendix30.html,7,paragraph,,"The Quran emphasizes the limitations against polygamy in very strong words: ""If you fear lest you may not be perfectly equitable in treating more than one wife, then you shall be content with one."" (4:3) ""You cannot be equitable in a polygamous relationship, no matter how hard you try."" (4:129)"
1059,appendix-30,30. Polygamy,appendix_30.pdf,https://www.masjidtucson.org/quran/appendices/appendix30.html,8,paragraph,,"The Quranic limitations against polygamy point out the possibility of abusing God's law. Therefore, unless we are absolutely sure that God's law will not be abused, we had better resist our lust and stay away from polygamy. If the circumstances do not dictate polygamy, we had better give our full attention to one wife and one set of children. The children's psychological and social well-being, especially in countries where polygamy is prohibited, almost invariably dictate monogamy. A few basic criteria must be observed in contemplating polygamy:"
1060,appendix-30,30. Polygamy,appendix_30.pdf,https://www.masjidtucson.org/quran/appendices/appendix30.html,9,paragraph,,1. It must alleviate pain and suffering and not cause any pain or suffering.
1061,appendix-30,30. Polygamy,appendix_30.pdf,https://www.masjidtucson.org/quran/appendices/appendix30.html,10,paragraph,,"2. If you have a young family, it is almost certain that polygamy is an abuse."
1062,appendix-30,30. Polygamy,appendix_30.pdf,https://www.masjidtucson.org/quran/appendices/appendix30.html,11,paragraph,,3. Polygamy to substitute a younger wife is an abuse of God's law (4:19).
1063,appendix-31,31. Evolution: Divinely Controlled,appendix_31.pdf,https://www.masjidtucson.org/quran/appendices/appendix31.html,1,heading,1,Evolution: Divinely Controlled
1064,appendix-31,31. Evolution: Divinely Controlled,appendix_31.pdf,https://www.masjidtucson.org/quran/appendices/appendix31.html,2,paragraph,,We learn from the Quran that evolution is a divinely designed fact:
1065,appendix-31,31. Evolution: Divinely Controlled,appendix_31.pdf,https://www.masjidtucson.org/quran/appendices/appendix31.html,3,table,,"Life began in water: ""From water we initiated all living things."" (21:30, 24:45)"
1066,appendix-31,31. Evolution: Divinely Controlled,appendix_31.pdf,https://www.masjidtucson.org/quran/appendices/appendix31.html,4,paragraph,,"Life began in water: ""From water we initiated all living things."" (21:30, 24:45)"
1067,appendix-31,31. Evolution: Divinely Controlled,appendix_31.pdf,https://www.masjidtucson.org/quran/appendices/appendix31.html,5,table,,"Humans not descendants of monkeys: ""He started the creation of man from mud."" (32:7) Man created from ""aged"" mud: ""I am creating the human being from 'aged' clay."" (15:28)"
1068,appendix-31,31. Evolution: Divinely Controlled,appendix_31.pdf,https://www.masjidtucson.org/quran/appendices/appendix31.html,6,paragraph,,"Humans not descendants of monkeys: ""He started the creation of man from mud."" (32:7)"
1069,appendix-31,31. Evolution: Divinely Controlled,appendix_31.pdf,https://www.masjidtucson.org/quran/appendices/appendix31.html,7,paragraph,,"Man created from ""aged"" mud: ""I am creating the human being from 'aged' clay."" (15:28)"
1070,appendix-31,31. Evolution: Divinely Controlled,appendix_31.pdf,https://www.masjidtucson.org/quran/appendices/appendix31.html,8,paragraph,,"Evolution is possible only within a given species. For example, the navel orange evolved from seeded oranges, not from apples. The laws of probability preclude the possibility of haphazard evolution between species. A fish cannot evolve into a bird; a monkey can never evolve into a human."
1071,appendix-31,31. Evolution: Divinely Controlled,appendix_31.pdf,https://www.masjidtucson.org/quran/appendices/appendix31.html,9,heading,3,Probability Laws Preclude Darwin's Evolution
1072,appendix-31,31. Evolution: Divinely Controlled,appendix_31.pdf,https://www.masjidtucson.org/quran/appendices/appendix31.html,10,paragraph,,"In this computer age, we have mathematical laws that tell us whether a certain event is probable or not. If we throw five numbered cubes up in the air and let them fall into a guided straight line, the probability laws tell us the number of possible combinations we can get: 1x2x3x4x5=120 combinations. Thus, the probability of obtaining any combination is 1 in 120, or 1/120, or 0.0086. This probability diminishes fast when we increase the number of cubes. If we increase them by one, the number of combinations becomes 1x2x3x4x5x6=720, and the probability of getting any combination diminishes to 1/720, 0.0014. Mathematicians, who are very exacting scientists, have agreed that the probability diminishes to ""Zero"" when we increase the number of cubes to 84. If we work with 84 cubes, the probability diminishes to 209x10-50, or 0.00000000000000000000000000000000000000000000000000209"
1073,appendix-31,31. Evolution: Divinely Controlled,appendix_31.pdf,https://www.masjidtucson.org/quran/appendices/appendix31.html,11,paragraph,,"Darwin's famous statement that ""life began as a `simple' cell"" is laughable. As recently as 50 years ago, Wells, Huxley, and Wells wrote in their classic textbook that ""nothing can be seen inside the nucleus but clear fluid."" We know now that the cell, is an extremely complex unit, with billions of nucleotides in the gene material inside the nucleus, and millions of biochemical reactions. The probability laws tell us that the probability of the haphazard creation of the exacting sequences of nucleotides into DNA is Zero, many times over. We are not talking about 84 nucleotides; we are talking about billions of nucleotides that must be arranged in a specific sequence."
1074,appendix-31,31. Evolution: Divinely Controlled,appendix_31.pdf,https://www.masjidtucson.org/quran/appendices/appendix31.html,12,paragraph,,"Some evolutionists have stated that the human gene and the monkey's gene are 90% similar. However, even if the similarity was 99%, we are still talking about 300,000,000 nucleotides that must be haphazardly re-arranged to change the monkey into a human. The probability laws preclude this as an utter impossibility. The human gene contains 30,000,000,000 nucleotides; 1% of that is 300,000,000."
1075,appendix-31,31. Evolution: Divinely Controlled,appendix_31.pdf,https://www.masjidtucson.org/quran/appendices/appendix31.html,13,paragraph,,A fitting quote here is that of Professor Edwin Conklin; he stated:
1076,appendix-31,31. Evolution: Divinely Controlled,appendix_31.pdf,https://www.masjidtucson.org/quran/appendices/appendix31.html,14,table,,The probability of life originating from accident is comparable to the probability of the Unabridged Dictionary resulting from an explosion in a printing factory.
1077,appendix-32,32. The Crucial Age of 40,appendix_32.pdf,https://www.masjidtucson.org/quran/appendices/appendix32.html,1,heading,1,The Crucial Age of 40
1078,appendix-32,32. The Crucial Age of 40,appendix_32.pdf,https://www.masjidtucson.org/quran/appendices/appendix32.html,2,paragraph,,"What is the age of responsibility? If a child dies at the age of 12, without even hearing about God, does this child go to Heaven or Hell? What if the child is 15 years old, or 21, or 25? At what age will the human being be held responsible for his or her beliefs? This question has puzzled researchers of all religions for a long time."
1079,appendix-32,32. The Crucial Age of 40,appendix_32.pdf,https://www.masjidtucson.org/quran/appendices/appendix32.html,3,paragraph,,"The Quran sets the age of responsibility at 40; anyone who dies before this age goes to Heaven (46:15). If the person believed in God and benefitted from belief by nourishing and developing the soul (see Appendix 15), he or she goes to the High Heaven. Otherwise, the person goes to the Lower Heaven."
1080,appendix-32,32. The Crucial Age of 40,appendix_32.pdf,https://www.masjidtucson.org/quran/appendices/appendix32.html,4,paragraph,,"Your first reaction to this piece of information is objection: ""What if the person was really bad, evil, and an atheist, will he go to Heaven if he died before the age of 40?"" This is because you are mean, while God is the Most Merciful. Our tendency is to ""put them all in Hell."""
1081,appendix-32,32. The Crucial Age of 40,appendix_32.pdf,https://www.masjidtucson.org/quran/appendices/appendix32.html,5,paragraph,,"People who objected strongly to this Divine mercy cannot come up with a cut-off age of responsibility. They ask questions like, ""What if the person was really wicked?"" The answer is, ""Does God know that this person was wicked?"" ""Yes."" ""Does God know that this person does not deserve to go to Heaven?"" ""Yes."" ""Therefore, this person will not die before the age of 40."" As simple as that. God is the only one who terminates our lives on this earth. He knows exactly who deserves to go Heaven and who deserves to go to Hell."
1082,appendix-32,32. The Crucial Age of 40,appendix_32.pdf,https://www.masjidtucson.org/quran/appendices/appendix32.html,6,paragraph,,"Early in 1989 a man by the name of Theodore Robert Bundy was executed for killing a number of women. The whole nation agreed that he was one of the most vicious criminals in history. So much so that his execution was one of the rare occasions where the opponents of capital punishment did not protest. On the contrary, many people actually celebrated his execution. Numerous journalists, editorials, and politicians lamented the fact that justice took eleven years to execute Ted Bundy. They stated that Bundy should have been executed within a maximum of six years after his conviction. According to the Quran, this would have been the greatest favor anyone could have done to Bundy. He was 42 years old when executed. Had he been executed five years earlier, at the age of 37, he would have gone straight to Heaven, and he did not deserve that."
1083,appendix-32,32. The Crucial Age of 40,appendix_32.pdf,https://www.masjidtucson.org/quran/appendices/appendix32.html,7,paragraph,,"As it turns out, Bundy was one of the signs God has given us to confirm that anyone who dies before 40 goes to Heaven. Bundy's name, Theodore Robert Bundy, consists of 19 letters, and he confessed to killing 19 women just one day before his execution. There were many other signs from God."
1084,appendix-32,32. The Crucial Age of 40,appendix_32.pdf,https://www.masjidtucson.org/quran/appendices/appendix32.html,8,paragraph,,Delivering this important piece of information is one of the responsibilities given to me as God's Messenger of the Covenant. It is not my personal opinion.
1085,appendix-32,32. The Crucial Age of 40,appendix_32.pdf,https://www.masjidtucson.org/quran/appendices/appendix32.html,9,paragraph,,It is noteworthy that both Martin Luther King and Malcolm X were assassinated just a couple of months before their 40th birthdays.
1086,appendix-33,33. Why Did God Send A Messenger Now?,appendix_33.pdf,https://www.masjidtucson.org/quran/appendices/appendix33.html,1,heading,1,Why Did God Send A Messenger Now?
1087,appendix-33,33. Why Did God Send A Messenger Now?,appendix_33.pdf,https://www.masjidtucson.org/quran/appendices/appendix33.html,2,paragraph,,"As stated in 3:81, and in Appendix 2, God has sent a messenger to consolidate the messages delivered by all the prophets, purify them, and unify them into one religion: Submission. The timing is certainly ripe for fulfillment of this important prophecy, for the following reasons:"
1088,appendix-33,33. Why Did God Send A Messenger Now?,appendix_33.pdf,https://www.masjidtucson.org/quran/appendices/appendix33.html,3,paragraph,,"1. Judaism, Christianity, and Islam have been corrupted beyond recognition."
1089,appendix-33,33. Why Did God Send A Messenger Now?,appendix_33.pdf,https://www.masjidtucson.org/quran/appendices/appendix33.html,4,paragraph,,2. All God's messages have been delivered; the Quran is the Final Testament.
1090,appendix-33,33. Why Did God Send A Messenger Now?,appendix_33.pdf,https://www.masjidtucson.org/quran/appendices/appendix33.html,5,paragraph,,"3. More than 93% of the human beings destined to live in this world are yet to come. As illustrated in the Introduction, the people who have lived on this earth since Adam are only one-fifteenth of the total projected human population."
1091,appendix-33,33. Why Did God Send A Messenger Now?,appendix_33.pdf,https://www.masjidtucson.org/quran/appendices/appendix33.html,6,heading,2,Judaism
1092,appendix-33,33. Why Did God Send A Messenger Now?,appendix_33.pdf,https://www.masjidtucson.org/quran/appendices/appendix33.html,7,paragraph,,"The best illustration of today's corrupted Judaism can be found in the books of a famous Rabbi; Harold S. Kushner. In his best seller WHEN BAD THINGS HAPPEN TO GOOD PEOPLE, Avon Books, 1981, Rabbi Kushner states the following:"
1093,appendix-33,33. Why Did God Send A Messenger Now?,appendix_33.pdf,https://www.masjidtucson.org/quran/appendices/appendix33.html,8,table,,"..., we would be advised to take this world as seriously as we can, in case it turns out to be the only one we will ever have, and to look for meaning and justice here. (P. 29) Bad things do happen to good people in this world, but it is not God who wills it. God would like people to get what they deserve, but He cannot always arrange it. (P. 42) God does not reach down to interrupt the workings of laws of nature to protect the righteous from harm. This is a second area of our world which causes bad things to happen to good people, and God does not cause it and cannot stop it. (P. 58) God can't do everything, but He can do some important things. (P. 113) We can't ask Him to make us immune to disease, because He can't do that. (P. 125) I recognize His limitations. He is limited in what He can do by law of nature, and by the evolution of human nature and human moral freedom. (P. 134)"
1094,appendix-33,33. Why Did God Send A Messenger Now?,appendix_33.pdf,https://www.masjidtucson.org/quran/appendices/appendix33.html,9,heading,2,Christianity
1095,appendix-33,33. Why Did God Send A Messenger Now?,appendix_33.pdf,https://www.masjidtucson.org/quran/appendices/appendix33.html,10,paragraph,,"If Jesus came back to life today, the Christians would crucify him. Outstanding Christian scholars have reached solid conclusions that today's Christianity has nothing to do with Jesus, and that its doctrine was mortally distorted at the infamous Nicene Conferences (325 A.D.). See THE MYTH OF GOD INCARNATE, Westminster Press, Philadelphia, 1977."
1096,appendix-33,33. Why Did God Send A Messenger Now?,appendix_33.pdf,https://www.masjidtucson.org/quran/appendices/appendix33.html,11,heading,2,Islam
1097,appendix-33,33. Why Did God Send A Messenger Now?,appendix_33.pdf,https://www.masjidtucson.org/quran/appendices/appendix33.html,12,paragraph,,"If Muhammad came back to this world, the ""Muslims"" would stone him to death. The religion they follow today has nothing to do with the Islam, i.e., Submission, preached by Abraham and Muhammad. Everything the ""Muslims"" do is wrong: the First Pillar (Shahaadah), the call to Salat prayer (Azan), the ablution (Wudu), the daily Salat prayers, the Zakat charity, Hajj, and all other practices of Islam (see Appendices 2, 13, & 15)."
1098,appendix-33,33. Why Did God Send A Messenger Now?,appendix_33.pdf,https://www.masjidtucson.org/quran/appendices/appendix33.html,13,heading,2,"""A Religion Never Authorized by God"" (42:21)"
1099,appendix-33,33. Why Did God Send A Messenger Now?,appendix_33.pdf,https://www.masjidtucson.org/quran/appendices/appendix33.html,14,paragraph,,The extent to which Islam has been corrupted is illustrated in the following table:
1100,appendix-33,33. Why Did God Send A Messenger Now?,appendix_33.pdf,https://www.masjidtucson.org/quran/appendices/appendix33.html,15,table,,"Innovation Violated Quranic Principles Hadith & Sunna 6:19, 38, 114; 7:1-3; 12:111; 17:46; 31:6; 45:6; 69:38-47; plus more. Killing whomever they consider an apostate 2:256; 4:90; 10:99; 18:29; 88:21-22. Vicious criminal justice system: Cutting off the hand of the thief 5:38, 12:31. Stoning the adulterers to death 24:2, 4:25. Killing anyone who does not observe Salat 2:256, 18:29. Killing one who drinks alcohol for the 4th time 2:256, 18:29. Forbidding menstruating women from worshiping 2:222 Forbidding women from the Friday Prayer 62:9 Idolizing Muhammad against his will: calling him ""the most honorable messenger"" 2:285. claiming that he was infallible 4:79; 9:117; 17:73-74; 33:37; 40:66, 66:1; 80:1-10; 93:7. setting up his tomb as a ""Sacred Mosque"" 2:149-150. claiming that he possesses power of intercession 2:48,123,254; 6:70,94; 7:53; 10:3; 39:44; 43:86; 74:48. inventing an indefensible story about his ascension to the heavens on a horse, at the speed of light, and talking God out of 50 Salat prayers. At the speed of light, he would still be traveling within the Milky Way Galaxy. 17:1; 53:1-18. Adding his name in the Salat prayers & Azan 20:14; 72:18. Adding his name to the First Pillar of Islam 3:18; 37:35; 39:45 Insulting Muhammad by depicting him as a vicious man: they claim he gouged out people's eyes 3:159; 68:4. claiming he possessed sexual power of 30 men 18:110; 25:20. Nullifying the fact that Muhammad was the last prophet by teaching that Jesus will come back to this world. This makes Jesus the last prophet. 33:40 Claiming that Muhammad was illiterate, un-intelligent. see Appendix 28. A bizarre dietary system with multitudes of prohibitions 6:145-150; 16:115,116 Altering the Sacred Months 9:37. Neglecting the Zakat charity through distortion 6:141, Appendix 15. Oppressing women and forcing them to wear head-covers and unreasonable clothes; and depriving them of all rights in marriage, divorce, inheritance, etc. 2:228; 3:195; 4:19,32; 9:71. Insulting women by instituting that ""if a monkey, dog, or a woman passes in front of a praying person, his prayer is nullified"" (Hadith) Inventing numerous rules from ablution, to prayer, to sleeping, to cutting one's nails 5:101; 42:21; 2:67-71. Prohibiting gold and silk for men 5:48-49; 7:31-32. Prohibiting music and the arts 7:32; 34:13; 42:21. Ridiculing Islam by stating that the earth is built on top of a giant whale!! (79:30; Ibn Kathir, 1200 AD & Ben Baz, 1975 AD)"
1101,appendix-33,33. Why Did God Send A Messenger Now?,appendix_33.pdf,https://www.masjidtucson.org/quran/appendices/appendix33.html,16,paragraph,,"This is only a minute sample of the violations committed by the ""Muslims"" on a daily basis. This is why God has sent His Messenger of the Covenant now."
1102,appendix-34,34. Virginity,appendix_34.pdf,https://www.masjidtucson.org/quran/appendices/appendix34.html,1,heading,1,Virginity
1103,appendix-34,34. Virginity,appendix_34.pdf,https://www.masjidtucson.org/quran/appendices/appendix34.html,2,table,,"Sons and daughters of the true believers must be taught that their happiness throughout their lives depends on following God's law and preserving their chastity. This means that they must keep themselves for their spouses only, and never allow anyone else to touch them in a sexual manner (23:5-6, 24:30, 33:35, 70:29-30)."
1104,appendix-34,34. Virginity,appendix_34.pdf,https://www.masjidtucson.org/quran/appendices/appendix34.html,3,paragraph,,"Today's society is replete with powerful temptations. In America's society of the eighties, even parents start talking about boyfriends for their daughters and girlfriends for their sons. When they reach their teens, many parents even supply birth control means to their children. An alarming percentage of teen-agers are sexually active, even though they are not physiologically mature, and without any moral limitations. Millions of illicit pregnancies and the tragedies associated with them, plus millions of tragic abortions, happen every month in the USA."
1105,appendix-34,34. Virginity,appendix_34.pdf,https://www.masjidtucson.org/quran/appendices/appendix34.html,4,paragraph,,"Among the results of this moral breakdown: unwanted and unsupported children, delinquent and irresponsible fathers, criminals who have no regard for people's lives or properties, millions of social misfits, incurable genital herpes, incurable genital warts, devastating syphilis and gonorrhea, dysplasia, the killer AIDS, and new diseases never known before."
1106,appendix-34,34. Virginity,appendix_34.pdf,https://www.masjidtucson.org/quran/appendices/appendix34.html,5,paragraph,,"What most people do not know is that this moral breakdown costs them dearly throughout their lives. For the only law that rules the world is God's law, and these flagrant violations of God's law cost them a lot of misery and problems (20:124)."
1107,appendix-34,34. Virginity,appendix_34.pdf,https://www.masjidtucson.org/quran/appendices/appendix34.html,6,paragraph,,"The true believers who care about their children will advise them and remind them repeatedly and persistently (20:132) to keep their chastity. This means staying virgin until their wedding night, then staying loyal to one's spouse - never committing adultery - for their own happiness. God's advice to keep our chastity, before and after marriage, is for our own good. God is the one who controls our health, wealth, and happiness or misery (53:43, 48)."
1108,appendix-35,35. Drugs & Alcohol,appendix_35.pdf,https://www.masjidtucson.org/quran/appendices/appendix35.html,1,heading,1,Drugs & Alcohol
1109,appendix-35,35. Drugs & Alcohol,appendix_35.pdf,https://www.masjidtucson.org/quran/appendices/appendix35.html,2,paragraph,,"There is no compromise whatsoever regarding illicit drugs and alcoholic beverages; they are called ""abominations and the work of Satan"" (5:90). In 2:219 and 5:90, we see that ""intoxicants, gambling, the idols' altars, and games of chance"" are strictly prohibited. The word used for intoxicants is ""Khamr"" from the root word ""Khamara"" which means ""to cover."" Thus, anything that covers or hinders the mind is prohibited. This includes anything that alters the mind, such as marijuana, heroin, cocaine, alcohol, hashish, and anything else that affects the mind."
1110,appendix-36,36. What Price A Great Nation,appendix_36.pdf,https://www.masjidtucson.org/quran/appendices/appendix36.html,1,heading,1,What Price A Great Nation
1111,appendix-36,36. What Price A Great Nation,appendix_36.pdf,https://www.masjidtucson.org/quran/appendices/appendix36.html,2,table,,"If the people of the scripture (Jews, Christians, and Muslims) believe and maintain a righteous life, we will remit their sins and admit them into the blissful Heaven. Had they observed the Torah, the Gospel, and what is revealed herein from their Lord, they would have enjoyed provisions from above them, and from beneath their feet. Some of them are righteous, but most of them are evil doers. [5:65-66] If only the people of the various communities believed and maintained a righteous life, we would have showered them with blessings from the heaven and the earth. [7:96] God is the One who controls your happiness, or misery..... God is the One who makes you rich or poor. [53:43, 48]"
1112,appendix-36,36. What Price A Great Nation,appendix_36.pdf,https://www.masjidtucson.org/quran/appendices/appendix36.html,3,paragraph,,"If the people of the scripture (Jews, Christians, and Muslims) believe and maintain a righteous life, we will remit their sins and admit them into the blissful Heaven. Had they observed the Torah, the Gospel, and what is revealed herein from their Lord, they would have enjoyed provisions from above them, and from beneath their feet. Some of them are righteous, but most of them are evil doers. [5:65-66]"
1113,appendix-36,36. What Price A Great Nation,appendix_36.pdf,https://www.masjidtucson.org/quran/appendices/appendix36.html,4,paragraph,,"If only the people of the various communities believed and maintained a righteous life, we would have showered them with blessings from the heaven and the earth. [7:96]"
1114,appendix-36,36. What Price A Great Nation,appendix_36.pdf,https://www.masjidtucson.org/quran/appendices/appendix36.html,5,paragraph,,"God is the One who controls your happiness, or misery..... God is the One who makes you rich or poor. [53:43, 48]"
1115,appendix-36,36. What Price A Great Nation,appendix_36.pdf,https://www.masjidtucson.org/quran/appendices/appendix36.html,6,paragraph,,"A nation that upholds God's laws is guaranteed prominence among the nations of the world, victory, prosperity, and happiness (10:62-64, 16:97, 24:55, 41:30-31). On the other hand, a nation that violates God's laws incurs a miserable life (20:124). A nation that upholds God's laws is guaranteed to be a great nation. This is not a mere idealistic dream; since God is in full control (10:61), His guarantees and promises are done. A nation that upholds God's laws is characterized by:"
1116,appendix-36,36. What Price A Great Nation,appendix_36.pdf,https://www.masjidtucson.org/quran/appendices/appendix36.html,7,paragraph,,"1. Maximum freedom for the people - freedom of religion, freedom of expression, freedom to travel, and freedom of economy (2:256, 10:99, 88:21-22)."
1117,appendix-36,36. What Price A Great Nation,appendix_36.pdf,https://www.masjidtucson.org/quran/appendices/appendix36.html,8,paragraph,,"2. Guaranteed human rights for all the people, regardless of their race, color, creed, social status, financial situation, or political affiliation (5:8, 49:13)."
1118,appendix-36,36. What Price A Great Nation,appendix_36.pdf,https://www.masjidtucson.org/quran/appendices/appendix36.html,9,paragraph,,"3. Prosperity for all the people. God's economic system is based on constant circulation of wealth, no usury, and productive investment. Non-productive economy such as gambling, lottery, and high interest loans are not permitted (2:275-7, 59:7)."
1119,appendix-36,36. What Price A Great Nation,appendix_36.pdf,https://www.masjidtucson.org/quran/appendices/appendix36.html,10,paragraph,,"4. Social justice for all. Because of the obligatory charity (Zakat), no one will go hungry or un-sheltered (2:215, 70:24-25, 107:1-7)."
1120,appendix-36,36. What Price A Great Nation,appendix_36.pdf,https://www.masjidtucson.org/quran/appendices/appendix36.html,11,paragraph,,"5. A political system that is based on unanimous consensus. Through mutual consultation and freedom of expression, one side of any given issue convinces all participants in the discussion. The end result is a unanimous agreement, not the opinion of a 51% majority rammed down the throat of the 49% minority (42:38)."
1121,appendix-36,36. What Price A Great Nation,appendix_36.pdf,https://www.masjidtucson.org/quran/appendices/appendix36.html,12,paragraph,,"6. A society that upholds and maintains the highest standards of moral behavior. There will be a strong family, no alcoholism, no illicit drugs, no illegitimate pregnancies, no abortions, and practically no divorce."
1122,appendix-36,36. What Price A Great Nation,appendix_36.pdf,https://www.masjidtucson.org/quran/appendices/appendix36.html,13,paragraph,,"7. Maximum regard for people's lives and properties. Therefore, there will be no crime against the people's lives or properties."
1123,appendix-36,36. What Price A Great Nation,appendix_36.pdf,https://www.masjidtucson.org/quran/appendices/appendix36.html,14,paragraph,,"8. Prevalence of love, courtesy, peace, and mutual respect among the people, and between this nation and other world communities (3:110, 60:8-9)."
1124,appendix-36,36. What Price A Great Nation,appendix_36.pdf,https://www.masjidtucson.org/quran/appendices/appendix36.html,15,paragraph,,9. Environmental protection is guaranteed through conservation and prohibition of wasteful practices (30:41).
1125,appendix-37,37. Criminal Justice,appendix_37.pdf,https://www.masjidtucson.org/quran/appendices/appendix37.html,1,heading,1,Criminal Justice
1126,appendix-37,37. Criminal Justice,appendix_37.pdf,https://www.masjidtucson.org/quran/appendices/appendix37.html,2,paragraph,,"If a thief steals a thousand dollars from you, and they put him in prison, what do you get? If the thief has a wife and children, what is their crime? Why should they be deprived of their father?"
1127,appendix-37,37. Criminal Justice,appendix_37.pdf,https://www.masjidtucson.org/quran/appendices/appendix37.html,3,paragraph,,"The Quran solves this problem, as well as the problems associated with the criminal justice systems prevalent in today's world."
1128,appendix-37,37. Criminal Justice,appendix_37.pdf,https://www.masjidtucson.org/quran/appendices/appendix37.html,4,heading,3,Equivalence is the Law [2:178-179]
1129,appendix-37,37. Criminal Justice,appendix_37.pdf,https://www.masjidtucson.org/quran/appendices/appendix37.html,5,paragraph,,"According to the Quranic criminal justice, the thief who is convicted of stealing a thousand dollars from you must work for you until you are fully paid for the thousand dollars you lost, plus any other damage and inconvenience the theft may have caused you. At the same time, the thief's innocent wife and children are not deprived of their man, and the expensive prison system is eliminated. Imprisonment is a cruel and inhumane punishment that has proven useless to all concerned."
1130,appendix-37,37. Criminal Justice,appendix_37.pdf,https://www.masjidtucson.org/quran/appendices/appendix37.html,6,paragraph,,"Contrary to common belief, the thief's hand shall not be cut off. Thank God for His mercy and His mathematical miracle in the Quran, we know now that the thief's hand is to be marked. Marking the hand of the thief is stated in 5:38. The sura and verse numbers add up to 5+38 = 43. The other place in the Quran where ""the hand is cut"" is found in 12:31. This is where we see the women who admired Joseph so much, they ""cut"" their hands. Obviously, they did not sever their hands; no one can do that. The sura and verse numbers add up to 12+31=43, the same total as in 5:38. This gives mathematical confirmation that the Quranic law calls for marking the hand of the thief, not severing it. Additional mathematical confirmation is provided: 19 verses after 12:31, we see the ""cutting of the hand"" again. Punishment in Submission (Islam) is based on equivalence and social pressure (2:178, 5:38, 24:2)."
1131,appendix-37,37. Criminal Justice,appendix_37.pdf,https://www.masjidtucson.org/quran/appendices/appendix37.html,7,paragraph,,"The blasphemy called ""Hadith & Sunna"" has instituted stoning to death as the punishment for married adulterers. This is not God's law. As stated in 24:2, the punishment for adultery is whipping in public; a hundred symbolic lashes. As pointed out above, the basic punishment is social pressure and scandalizing the criminal. Whipping in public achieves this goal."
1132,appendix-37,37. Criminal Justice,appendix_37.pdf,https://www.masjidtucson.org/quran/appendices/appendix37.html,8,paragraph,,"In dealing with murder, the Quran definitely discourages capital punishment (2:179). ""The free for the free, the slave for the slave, and the female for the female"" (2:178). Due to human meanness and injustice, many people cannot even imagine what this Quranic law says. They refuse to accept the clear injunctions that strict equivalence must be observed - if a woman kills a man, or a man kills a woman, or a slave kills a free person, or a free person kills a slave, capital punishment cannot be applied. The Quran prefers that the murderer compensate the victim's family. Killing the murderer does not bring the victim back, nor does the family of the victim benefit from executing the murderer. The compensation, however, must be sufficient to be a deterrent for others. In Submission (Islam), the victim and/or the victim's family are the judges for all crimes; they decide what the punishment shall be under the supervision of a person who knows the Quran."
1133,appendix-38,38. 19: The Creator's Signature,appendix_38.pdf,https://www.masjidtucson.org/quran/appendices/appendix38.html,1,heading,1,19: The Creator's Signature
1134,appendix-38,38. 19: The Creator's Signature,appendix_38.pdf,https://www.masjidtucson.org/quran/appendices/appendix38.html,2,paragraph,,"The scriptures are not the only mathematically composed creations of God where the number 19 is the common denominator. It is profound indeed that Galileo made his famous statement: ""Mathematics is the language with which God created the universe."" A plethora of scientific findings have now shown that the number 19 represents God's signature upon certain creations. This divine stamp appears throughout the universe in much the same manner as the signature of Michelangelo and Picasso identify their works. For example:"
1135,appendix-38,38. 19: The Creator's Signature,appendix_38.pdf,https://www.masjidtucson.org/quran/appendices/appendix38.html,3,paragraph,,"1. The sun, the moon, and the earth become aligned in the same relative positions once every 19 years (see ENCYCLOPEDIA JUDAICA under ""Calendar"")."
1136,appendix-38,38. 19: The Creator's Signature,appendix_38.pdf,https://www.masjidtucson.org/quran/appendices/appendix38.html,4,paragraph,,"2. Halley's comet, a profound heavenly phenomenon, visits our solar system every 76 years, 19x4."
1137,appendix-38,38. 19: The Creator's Signature,appendix_38.pdf,https://www.masjidtucson.org/quran/appendices/appendix38.html,5,paragraph,,"3. God's stamp on you and me is manifested in the fact that the human body contains 209 bones, 19x11."
1138,appendix-38,38. 19: The Creator's Signature,appendix_38.pdf,https://www.masjidtucson.org/quran/appendices/appendix38.html,6,paragraph,,"4. LANGMAN'S MEDICAL EMBRYOLOGY, by T. W. Sadler, is used as a textbook in most of the Medical Schools in the U.S.A. On Page 88 of the Fifth edition, we read the following statement: ""In general the length of pregnancy for a full term fetus is considered to be 280 days or 40 weeks after onset of the last menstruation, or more accurately, 266 days or 38 weeks after fertilization."" The numbers 266 and 38 are both multiples of 19."
1139,introduction,INTRODUCTION,introduction.pdf,https://www.masjidtucson.org/quran/appendices/introduction.html,1,heading,1,INTRODUCTION
1140,introduction,INTRODUCTION,introduction.pdf,https://www.masjidtucson.org/quran/appendices/introduction.html,2,heading,4,"In the name of God, Most Gracious, Most Merciful"
1141,introduction,INTRODUCTION,introduction.pdf,https://www.masjidtucson.org/quran/appendices/introduction.html,3,paragraph,,"This is God's final message to humanity. All of God's prophets have come to this world, and all the scriptures have been delivered. The time has come to purify and consolidate all the messages delivered by God's prophets into one message, and to proclaim that henceforth, there is only one religion acceptable to God, ""Submission"" (3:19, 85). ""Submission"" is the religion whereby we recognize God's absolute authority, and reach an unshakeable conviction that God ALONE possesses all power; no other entity possesses any power that is independent of Him. The natural result of such a realization is to devote our lives and our worship absolutely to God ALONE. This is the First Commandment in all the scriptures, including the Old Testament, the New Testament, and this Final Testament."
1142,introduction,INTRODUCTION,introduction.pdf,https://www.masjidtucson.org/quran/appendices/introduction.html,4,quote,,"Hear, O Israel! The Lord our God is One God! Therefore you shall adore the Lord your God with all your heart, with all your soul, with all your mind, and with all your strength. [Deuteronomy 6:4-5, Mark 12:29-30, Quran 3:18]"
1143,introduction,INTRODUCTION,introduction.pdf,https://www.masjidtucson.org/quran/appendices/introduction.html,5,quote,,"Let us meditate on God, His glorious attributes, who is the basis of everything in this universe as its Creator, who is fit to be worshiped as Omnipresent, Omnipotent, Omniscient and self existent conscious being, who removes all ignorance and impurities from the mind and purifies and sharpens our intellect. [Gayatri Mantra, Yajur Veda]"
1144,introduction,INTRODUCTION,introduction.pdf,https://www.masjidtucson.org/quran/appendices/introduction.html,6,paragraph,,"While every religion has been corrupted by innovations, traditions, and false, idolatrous doctrines, there may be ""Submitters"" within every religion. There may be Submitters who are Christian, Jewish, Muslim, Hindu, Buddhist, or anything else. These Submitters, collectively, constitute the only religion acceptable to God. As emphasized by the theme on the front page of this book, all Submitters who are devoted to God ALONE, and do not set up any idols beside God, are redeemed into God's eternal kingdom (2:62). A criterion of the true submitters is that they will find nothing objectionable in the Quran."
1145,introduction,INTRODUCTION,introduction.pdf,https://www.masjidtucson.org/quran/appendices/introduction.html,7,paragraph,,"With the advent of this Testament, God's message to the world is now complete. We have now received the long awaited answers to our most urgent questions—who we are, the purpose of our lives, how we came into this world, where do we go from here, which religion is the right one, was it evolution or creation, etc."
1146,introduction,INTRODUCTION,introduction.pdf,https://www.masjidtucson.org/quran/appendices/introduction.html,8,paragraph,,"Some may wonder: ""Why did God wait all this time to perfect and consolidate His message? What about all the people since Adam who did not receive the complete scripture?"" Bearing in mind that the Quran answers this question in 20:52, it is a matter of simple statistics that the world's population from the beginning until now did not exceed 7,000,000,000. From now to the end of the world, 2280 A.D. (Appendix 25), it is estimated that the total world population will exceed 75,000,000,000. Thus, the vast majority of people are destined to receive God's purified and consolidated message (see diagram)."
1147,introduction,INTRODUCTION,introduction.pdf,https://www.masjidtucson.org/quran/appendices/introduction.html,9,image,,World population from now (1989) to the end of the world (2280). [ The black section represents the world population since Adam ]
1148,introduction,INTRODUCTION,introduction.pdf,https://www.masjidtucson.org/quran/appendices/introduction.html,10,heading,3,Before Genesis
1149,introduction,INTRODUCTION,introduction.pdf,https://www.masjidtucson.org/quran/appendices/introduction.html,11,paragraph,,"It all began billions of years ago when one of God's high-ranking creatures, Satan, developed a supercilious idea that he could run a dominion as an independent god besides God. This challenge to God's absolute authority was not only blasphemous, it was also erroneous. Satan was ignorant of the fact that God alone possesses the ability to be a god, and that there is much more to godhood than he realized. It was the ego—arrogance augmented by ignorance—that led Satan to believe that he could take care of a dominion, as a god, and run it without disease, misery, war, accidents, and chaos. The vast majority of God's creatures disagreed with Satan. Yet, the minute egoistic minority that agreed with him to various extents were in the billions. Thus, a profound dispute erupted within the Heavenly Community (38:69). The rebels' unjustifiable challenge to God's absolute authority was met and resolved in the most efficient manner. After giving the rebels sufficient chances to denounce their crime and submit to Him, God decided to exile the hard core rebels on a space ship called Earth, and give them yet another chance to redeem themselves."
1150,introduction,INTRODUCTION,introduction.pdf,https://www.masjidtucson.org/quran/appendices/introduction.html,12,paragraph,,"If you claim that you can fly a plane, the best way to test your claim is to give you a plane and ask you to fly it. This is precisely what God decided to do in response to Satan's claim that he could be a god; God appointed him a temporary god on the tiny speck Earth (2:30, 36:60). As for those who agreed with Satan, they were given a chance to kill their egos and submit to God's absolute authority. While the vast majority of the guilty creatures took advantage of this opportunity, a miniscule minority consisting of about 150 billion creatures failed to take advantage of this offer (33:72)."
1151,introduction,INTRODUCTION,introduction.pdf,https://www.masjidtucson.org/quran/appendices/introduction.html,13,image,,Diagram showing the vast majority that did not agree with Satan and the vast majority that repented
1152,introduction,INTRODUCTION,introduction.pdf,https://www.masjidtucson.org/quran/appendices/introduction.html,14,paragraph,,The dispute in the Heavenly Community led to the classification of God's creatures into different categories:
1153,introduction,INTRODUCTION,introduction.pdf,https://www.masjidtucson.org/quran/appendices/introduction.html,15,heading,3,(1) The Angels
1154,introduction,INTRODUCTION,introduction.pdf,https://www.masjidtucson.org/quran/appendices/introduction.html,16,paragraph,,"Creatures who never questioned God's absolute authority were classified as angels; they knew that God alone possesses the ability and qualifications to be a god. The vast majority of God's creatures—countless numbers—belong in this category. The number of angels is so enormous, even the angels do not know how many of them there are; only God knows their number (74:31)."
1155,introduction,INTRODUCTION,introduction.pdf,https://www.masjidtucson.org/quran/appendices/introduction.html,17,heading,3,(2) The Animals
1156,introduction,INTRODUCTION,introduction.pdf,https://www.masjidtucson.org/quran/appendices/introduction.html,18,paragraph,,"Although the angels suggested that the rebels and their leader should be exiled from God's kingdom (2:30), the Most Merciful willed to give the rebels a chance to denounce their crime, repent, and submit to His absolute authority (33:72). As represented in the diagram above, the vast majority of the rebels took advantage of God's gracious offer to re-enter His kingdom. They agreed to kill their egos, come to this world to perform a submissive role, as an expiation for their blasphemy. In return for their submissive role in this world, these creatures are redeemed back to God's eternal kingdom (6:38). The horse, the dog, the tree, the sun, the moon, the stars, as well as deformed and retarded children are among the intelligent creatures who denounced their crime and repented:"
1157,introduction,INTRODUCTION,introduction.pdf,https://www.masjidtucson.org/quran/appendices/introduction.html,19,quote,,"Do you not realize that to God prostrates everything in the heavens and the earth; the sun, the moon, the stars, the mountains, the trees, the animals, as well as many people? Many people, however, are destined for retribution.(22:18)"
1158,introduction,INTRODUCTION,introduction.pdf,https://www.masjidtucson.org/quran/appendices/introduction.html,20,quote,,The stars and the trees prostrate.(55:6)
1159,introduction,INTRODUCTION,introduction.pdf,https://www.masjidtucson.org/quran/appendices/introduction.html,21,paragraph,,"The horse has no ego. The horse's owner can be rich or poor, tall or short, fat or thin, young or old, and the horse will serve them all. The dog has no ego; it will wag its tail to its owner, no matter how rich or poor the owner might be. The sun rises and sets every day at precisely the times prescribed by God. The moon follows its synchronized orbit around the earth, without the slightest deviation. The human body—a temporary garment—belongs to the Earth; as such, it is a submitter. The heart, lungs, kidneys, and other organs, perform their functions without our control."
1160,introduction,INTRODUCTION,introduction.pdf,https://www.masjidtucson.org/quran/appendices/introduction.html,22,heading,3,(3) The Humans
1161,introduction,INTRODUCTION,introduction.pdf,https://www.masjidtucson.org/quran/appendices/introduction.html,23,paragraph,,"The hard-core rebels—humans and jinns—refused to denounce their crime, and opted for witnessing a demonstration of Satan's claim. These egotistic creatures who failed to submit to God's absolute authority, even when offered a chance to do so, were divided in half. The half that were less convinced of Satan's point of view became classified as humans. Although they harbored doubts about Satan's claim, they failed to make a firm stand regarding God's absolute authority. It is the ego that prevented these creatures from appreciating God's omnipotence, it is the ego that prevented them from submitting when such an opportunity was offered to them (33:72), and it is the ego that stands between most of us and redemption to God's kingdom (25:43). This is why ""Kill your ego"" is one of the first commandments in the Quran (2:54)."
1162,introduction,INTRODUCTION,introduction.pdf,https://www.masjidtucson.org/quran/appendices/introduction.html,24,heading,3,(4) The Jinns
1163,introduction,INTRODUCTION,introduction.pdf,https://www.masjidtucson.org/quran/appendices/introduction.html,25,paragraph,,"The other half of the guilty creatures, those who leaned closer to Satan's point of view and exhibited the biggest egos, became classified as jinns. It was God's plan to assign one jinn to every human being from birth to death. The jinn companion represents Satan and constantly promotes his point of view (50:23, 27). Both the jinns and the humans are given a precious chance in this world to re-educate themselves, denounce their egoism, and redeem themselves by submitting to God's absolute authority. Whenever a human being is born, a jinn is born and is assigned to the new human. We learn from the Quran that the jinns are Satan's descendants (7:27, 18:50). When a jinn being is born and assigned to a human being, the jinn remains a constant companion of the human until the human dies. The jinn is then freed, and lives on for a few centuries. Both humans and jinns are required to worship God alone (51:56)."
1164,introduction,INTRODUCTION,introduction.pdf,https://www.masjidtucson.org/quran/appendices/introduction.html,26,heading,3,God Does Not Want Robots
1165,introduction,INTRODUCTION,introduction.pdf,https://www.masjidtucson.org/quran/appendices/introduction.html,27,paragraph,,"The dispute in the Heavenly Community as stated in 38:69 and described above proves that God's creatures possess the freedom of choice; they have minds of their own. The rebellion of a miniscule minority among God's creatures has served to emphasize the wonderful fact that God's creatures serve Him because they appreciate His infinite magnificence. Without the rebellion, we would have never known that freedom is God's gift to His creatures."
1166,introduction,INTRODUCTION,introduction.pdf,https://www.masjidtucson.org/quran/appendices/introduction.html,28,heading,3,"Most Gracious, Most Merciful"
1167,introduction,INTRODUCTION,introduction.pdf,https://www.masjidtucson.org/quran/appendices/introduction.html,29,paragraph,,"Even in our worldly dimension, any enterprise expects its employees to be loyal and devoted to the welfare of the enterprise. If an employee is not totally dedicated to the enterprise, or is shown to have divided loyalties, he is immediately dismissed. Since the humans and the jinns sided with Satan, then turned down God's offer to reconsider their rebellious acts, the angels expected Satan and his allies to be banished from God's kingdom (2:30). It was immense mercy from God that He granted us this additional chance to denounce our crime and redeem ourselves."
1168,introduction,INTRODUCTION,introduction.pdf,https://www.masjidtucson.org/quran/appendices/introduction.html,30,paragraph,,"To carry out this exteremly merciful plan of redemption, God ""created death"" (67:1-2). The divine plan called for bringing the rebels into another existence, where they have no recollection of the heavenly feud. Under the circumstances of this life, the humans and the jinns receive both God's messages and Satan's messages, then freely choose either side. Based on their freewill decision, they are either redeemed into God's kingdom, or become permanently exiled with Satan."
1169,introduction,INTRODUCTION,introduction.pdf,https://www.masjidtucson.org/quran/appendices/introduction.html,31,heading,3,Satan's Temporary Dominion
1170,introduction,INTRODUCTION,introduction.pdf,https://www.masjidtucson.org/quran/appendices/introduction.html,32,paragraph,,"To emphasize the utter insignificance of Satan's projected dominion, God created a billion galaxies, a billion trillion stars, within a vast universe that spans billions of light years. If we travel towards the Sun (93,000,000 miles) at the speed of light, we will reach it in eight minutes. If we keep going, we will reach the border of our Milky Way Galaxy after 50-70,000 years at the speed of light. To reach the nearest galaxy, it will take us 2,000,000 years at the speed of light, and there are at least 2,000,000,000 galaxies in ""our universe."" With the most powerful telescopes, the earth is utterly invisible from the edge of our own galaxy, let alone from the edge of our universe. As if our universe were not vast enough, God created six more, even larger universes surrounding our universe (2:29, 67:3). God then informed Satan that a tiny mote within the smallest and innermost universe, the planet Earth, shall be his dominion. God's plan called for placing the humans and jinns in a universe that cannot stand His physical presence (7:143). Thus, Satan rules his minute kingdom far from the physical presence of God, though with God's full knowledge and control. It should also be noted that the number of rebels who repented was so vast, that the planet earth could not possibly accommodate all of them. As it is, the animals vastly outnumber the humans on this planet. It would take an unmanagable earth to accommodate all the repentant rebels. Hence the placement of uncountable decillions of creatures in outer space."
1171,introduction,INTRODUCTION,introduction.pdf,https://www.masjidtucson.org/quran/appendices/introduction.html,33,heading,3,Adam and Eve
1172,introduction,INTRODUCTION,introduction.pdf,https://www.masjidtucson.org/quran/appendices/introduction.html,34,paragraph,,"The body of the first human being was shaped on earth by God's angels, in accordance with God's instructions (7:11). God then assigned the first person, Adam, to that body. When God informed the angels that they will be serving the humans throughout the test period—guarding them, driving the winds, distributing the rain and provisions, etc.—Satan was the only one who refused to ""fall prostrate"" (2:34, 15:31, 38:74). Adam's mate was cloned, with feminine features, from Adam, and God assigned the second human being to her body. While the empty (soulless) bodies of Adam and Eve remained here on earth, their souls, the real persons, resided in Heaven. Adam and Eve remained in Heaven for as long as they upheld God's commandments. Once they listened to Satan instead, they reflected a flawed human nature in all of us, and they immediately belonged to Satan's dominion down on Earth—""their bodies became visible to them"" (7:20, 20:121). The rest is history."
1173,introduction,INTRODUCTION,introduction.pdf,https://www.masjidtucson.org/quran/appendices/introduction.html,35,heading,3,Satan: Father of All the Jinns
1174,introduction,INTRODUCTION,introduction.pdf,https://www.masjidtucson.org/quran/appendices/introduction.html,36,paragraph,,"Putting the jinns and the humans to the test stipulated that Satan shall reproduce whenever a human being is born. As mentioned above, every time a human being is born, a jinn being is born to serve as a constant companion of the human person. Every human being is subjected to the incessant persuasions of Satan's representative who lives in the same body from birth to death. Satan's representative tries to convince the human companion of Satan's point of view: that God alone is not enough. On the Day of Judgment, the jinn companion serves as a witness against the human counterpart (43:38; 50:23, 27). Many jinn companions are converted to God's point of view by the human companions."
1175,introduction,INTRODUCTION,introduction.pdf,https://www.masjidtucson.org/quran/appendices/introduction.html,37,paragraph,,"God did not leave the human being without preparation. To help the humans in their final chance to reconsider their blasphemy, every person is born with instinctive knowledge that God ALONE, and no one else, is our Lord and Master (7:172-173). The jinns were not given this instinctive knowledge, but they are given a much longer life span and greater abilities to study God's signs throughout the innermost universe. Since they represent Satan's point of view, their instinctive nature leans strongly in favor of polytheism. In addition to our built-in instinct to worship God alone, God sent messengers to help us redeem ourselves. With all these elements in view, we can appreciate the fact that the only unforgivable offense (if maintained until death) is idol worship: believing that anyone besides God possesses any power."
1176,introduction,INTRODUCTION,introduction.pdf,https://www.masjidtucson.org/quran/appendices/introduction.html,38,heading,3,Forty Years Grace Period
1177,introduction,INTRODUCTION,introduction.pdf,https://www.masjidtucson.org/quran/appendices/introduction.html,39,paragraph,,"The human being is given forty years to study, look around, reflect, and examine all points of view before making this most important decision—to uphold Satan's point of view, or God's absolute authority. Anyone who dies before the age of forty is chosen by God for redemption due to circumstances known only to God. Anyone who dies before the age of 40 goes to Heaven (46:15, Appendix 32). God's immense mercy is evident from the fact that even those who believe in the Quran find it difficult to accept such a compassionate divine law."
1178,introduction,INTRODUCTION,introduction.pdf,https://www.masjidtucson.org/quran/appendices/introduction.html,40,paragraph,,"God's messengers delivered the good news of our God-given chance to redeem ourselves, and they were supported by formidable signs. When Moses went to Pharaoh, he was supported by such miracles as the turning of his staff into a serpent. Jesus created live birds from clay by God's leave, healed the leprous and the blind by God's leave, and revived the dead by God's leave. The prophet Muhammad, God's messenger who delivered this Final Testament, did not exhibit such miracles (10:20). The Quran itself was the miracle supporting Muhammad's mission (29:50-51). It was divine wisdom that separated the Miracle of the Quran from Muhammad by 14 centuries. Now that we understand the momentous dimensions of the Quran's mathematical miracle (Appendix 1), we realize that millions of people would have worshiped Muhammad as God incarnate if this Miracle were revealed through him."
1179,introduction,INTRODUCTION,introduction.pdf,https://www.masjidtucson.org/quran/appendices/introduction.html,41,heading,3,"Proof of Authenticity: Physical, Tangible, Irrefutable."
1180,introduction,INTRODUCTION,introduction.pdf,https://www.masjidtucson.org/quran/appendices/introduction.html,42,paragraph,,"With the advent of the computer age, we discover that the Quran's mathematical code is ""One of the great miracles"" as stated in 74:30-35. While the miracles given to previous messengers were limited in time and place, the Quran's miracle is perpetual. Only a few people witnessed the miracles of Moses and Jesus, but the Quran's miracle can be witnessed by anyone at any time. Furthermore, the Quran's miracle documents and proves all the previous miracles (5:48)."
1181,introduction,INTRODUCTION,introduction.pdf,https://www.masjidtucson.org/quran/appendices/introduction.html,43,paragraph,,"As detailed in Appendix 1, the Quran's mathematical miracle is based on the number ""19."" To share this awesome miracle with the reader, the word ""GOD"" is printed throughout the English text in bold capital letters and the cumulative number of occurrences is shown at the lower left corner of every page. The total occurrence of this most important word is shown at the end of the Quran to be 2698. This total is a multiple of 19. Additionally, when we add the numbers assigned to every verse where the word ""God"" occurs, the total comes to 118123, also a multiple of 19 (19x6217). The cumulative sum of verse numbers where the word ""God"" occurs is shown on the lower right corner of every page. These simple physical facts are easily verifiable by the reader, and they suffice to prove the super-human nature of the Quran's mathematical composition."
1182,introduction,INTRODUCTION,introduction.pdf,https://www.masjidtucson.org/quran/appendices/introduction.html,44,heading,3,Proof of Authenticity to be Verified by the Reader
1183,introduction,INTRODUCTION,introduction.pdf,https://www.masjidtucson.org/quran/appendices/introduction.html,45,table,,"Total Count of the Word ""God"" (Shown at the lower left corner of every page) 2698 (19x142) Total Sum of Verse Numbers (Shown at the lower right corner) 118123 (19x6217)"
1184,introduction,INTRODUCTION,introduction.pdf,https://www.masjidtucson.org/quran/appendices/introduction.html,46,paragraph,,"In addition to the Quran's extraordinary mathematical composition, we find a large number of Quranic facts which are proven or theorized by modern science. Here are a few examples of such advance scientific information:"
1185,introduction,INTRODUCTION,introduction.pdf,https://www.masjidtucson.org/quran/appendices/introduction.html,47,list,,"The earth is egg-shaped (10:24, 39:5, 79:30). The earth is not standing still; it moves constantly (27:88). The sun is a source of light, while the moon reflects it (10:5, 25:61, 71:16). The proportion of oxygen diminishes as we climb towards the sky (6:125). The ""Big Bang Theory"" is confirmed (21:30). The ""Expansion of the Universe Theory"" is confirmed (51:47). The universe started out as a gaseous mass (41:11). Evolution is a fact; within a given species, evolution is a divinely guided process (21:30, 24:45, 32:7-9, 18:37, 15:28-29, 7:11, 71:13-14, Appendix 31). The man's seminal fluid decides the baby's gender (53:45-46)."
1186,introduction,INTRODUCTION,introduction.pdf,https://www.masjidtucson.org/quran/appendices/introduction.html,48,image,,earth egg shaped image
1187,introduction,INTRODUCTION,introduction.pdf,https://www.masjidtucson.org/quran/appendices/introduction.html,49,heading,3,No Nonsense
1188,introduction,INTRODUCTION,introduction.pdf,https://www.masjidtucson.org/quran/appendices/introduction.html,50,paragraph,,"Equally miraculous is the absence of any nonsense in the Quran. This is particularly significant in view of the dominance of ignorance and superstition at the time of revelation of the Quran. For example, the most respected exegesis among the traditional Muslims is that of Ibn Kathir. In this famous reference, written centuries after the Prophet, we read that the earth is carried on 40,000 horns of a giant bull, who stands on top of a giant whale (see Ibn Kathir's interpretation of Verse 68:1)."
1189,introduction,INTRODUCTION,introduction.pdf,https://www.masjidtucson.org/quran/appendices/introduction.html,51,paragraph,,"As recently as 1975, and in the same location where the Quran was revealed, the president of the Islamic University of Medina, Saudi Arabia, Sheikh Abdul Aziz Ben Baz, declared that the earth is flat and standing still (see insert)!!"
1190,introduction,INTRODUCTION,introduction.pdf,https://www.masjidtucson.org/quran/appendices/introduction.html,52,image,,Arabic from Ben Baz's Book
1191,introduction,INTRODUCTION,introduction.pdf,https://www.masjidtucson.org/quran/appendices/introduction.html,53,paragraph,,"Translation from Ben Baz' book, Page 23: ""If the earth is rotating as they claim, the countries, the mountains, the trees, the rivers, and the oceans will have no bottom and the people will see the eastern countries move to the west and the western countries move to the east."""
1192,introduction,INTRODUCTION,introduction.pdf,https://www.masjidtucson.org/quran/appendices/introduction.html,54,heading,3,Perfect Happiness: Now and Forever
1193,introduction,INTRODUCTION,introduction.pdf,https://www.masjidtucson.org/quran/appendices/introduction.html,55,paragraph,,"One of the most elusive objectives of every human being is ""Happiness."" The Quran reveals the secret of attaining perfect happiness in this life and forever. We learn from the Quran that happiness is an exclusive quality of the soul. Thus, a body that attains all the material successes it longs for—money, power, fame, etc.—often belongs to an unhappy person. Happiness depends totally on the degree of growth and development attained by the soul, the real person. The Quran provides a detailed map towards perfect happiness for both body and soul, both in this world and in the eternal Hereafter (Appendix 15)."
1194,introduction,INTRODUCTION,introduction.pdf,https://www.masjidtucson.org/quran/appendices/introduction.html,56,paragraph,,"In the numerous verses throughout this proven Testament, God personally guarantees the believers' happiness, now and forever:"
1195,introduction,INTRODUCTION,introduction.pdf,https://www.masjidtucson.org/quran/appendices/introduction.html,57,quote,,"Absolutely, God's allies will have nothing to fear, nor will they grieve. They are those who believe and lead a righteous life. For them happiness in this life, and in the Hereafter. Such is God's inviolable law. This is the true triumph[10:62-64]"
1196,introduction,INTRODUCTION,introduction.pdf,https://www.masjidtucson.org/quran/appendices/introduction.html,58,heading,3,All Believers Constitute the One Acceptable Religion
1197,introduction,INTRODUCTION,introduction.pdf,https://www.masjidtucson.org/quran/appendices/introduction.html,59,paragraph,,"As expected from the Creator's final message, one of the prominent themes in the Quran is the call for unity among all believers, and the repeated prohibition of making any distinction among God's messengers. If the object of worship is one and the same, there will be absolute unity among all believers. It is the human factor, i.e., devotion and prejudice to such powerless humans as Jesus, Muhammad, and the saints that causes division, hatred, and bitter wars among the misguided believers. A guided believer is devoted to God ALONE, and rejoices in seeing any other believer who is devoted to God ALONE, regardless of the name such a believer calls his or her religion."
1198,introduction,INTRODUCTION,introduction.pdf,https://www.masjidtucson.org/quran/appendices/introduction.html,60,quote,,"Surely, those who believe, those who are Jewish, the Christians, and the converts; anyone who (1) believes in God, (2) believes in the Last Day, and (3) leads a righteous life, will receive their recompense from their Lord; they have nothing to fear, nor will they grieve.[2:62, 5:69]"
1199,introduction,INTRODUCTION,introduction.pdf,https://www.masjidtucson.org/quran/appendices/introduction.html,61,heading,3,God's Messenger of the Covenant
1200,introduction,INTRODUCTION,introduction.pdf,https://www.masjidtucson.org/quran/appendices/introduction.html,62,paragraph,,"As detailed in Appendix 2, the publication of this book marks the advent of a new era—the era where God's messages, delivered by all His prophets, are consolidated into one. God's one and only religion, ""Submission,"" shall dominate all other religions (9:33, 48:28, and 61:9). Today's corrupted religions, including Judaism, Christianity, Hinduism, Buddhism, and Islam, will simply die out, and ""Submission"" will prevail. This is not the wishful thinking of a human being or a collection of humans; this is God's inviolable law (3:19, 9:33, 41:53, 48:28, 61:9, 110:1)."
1201,introduction,INTRODUCTION,introduction.pdf,https://www.masjidtucson.org/quran/appendices/introduction.html,63,paragraph,,"Rashad Khalifa Tucson Ramadan 26, 1409*"
1202,introduction,INTRODUCTION,introduction.pdf,https://www.masjidtucson.org/quran/appendices/introduction.html,64,paragraph,,"* The final draft of the first printing was completed in the Night of Destiny 1409. If we add the day, month, and year of this date, we get 1444, or 19x19x4 [Ramadan 26, 1409: 9+26+1409 = 1444.]"
1203,proclamation,"Proclaiming
One Unified Religion
for All the People",proclamation.pdf,https://www.masjidtucson.org/quran/appendices/proclamation.html,1,heading,1,Proclaiming One Unified Religion for All the People
1204,proclamation,"Proclaiming
One Unified Religion
for All the People",proclamation.pdf,https://www.masjidtucson.org/quran/appendices/proclamation.html,2,paragraph,,"All religions of the world — Judaism, Christianity, Islam, Hinduism, Buddhism, and others — have been severely corrupted through innovations, traditions, and the idolization of humans such as the prophets and the saints."
1205,proclamation,"Proclaiming
One Unified Religion
for All the People",proclamation.pdf,https://www.masjidtucson.org/quran/appendices/proclamation.html,3,paragraph,,"God's plan, as stated in the Old Testament (Malachi 3:1), the New Testament (Luke 17:22-36 & Matthew 24:27), and this Final Testament (3:81), calls for the sending of God's Messenger of the Covenant after all the scriptures have been delivered. The main function of God's Messenger of the Covenant is to purify the scriptures and unify them into one universal message to this world from the Creator and Sustainer of this world."
1206,proclamation,"Proclaiming
One Unified Religion
for All the People",proclamation.pdf,https://www.masjidtucson.org/quran/appendices/proclamation.html,4,paragraph,,"This major scriptural prophecy has now been fulfilled. God's Messenger of the Covenant has arrived, supported by overwhelming tangible proof (see Appendix Two). The purification and unification process has begun. God's plan is supported by God's invisible forces, and the enormous dimensions of this divine plan is manifest in the recent exposure of false religionists, and the removal of such anti-freedom barriers as the Berlin Wall, the Iron Curtain, and the bamboo curtain."
1207,proclamation,"Proclaiming
One Unified Religion
for All the People",proclamation.pdf,https://www.masjidtucson.org/quran/appendices/proclamation.html,5,paragraph,,"Henceforth, there is only one religion acceptable to God - Submission. Anyone who submits to God and devotes the worship to God ALONE is a ""Submitter."" Thus, one may be a Jewish Submitter, a Christian Submitter, a Buddhist Submitter, a Hindu Submitter, or a Muslim Submitter."
1208,proclamation,"Proclaiming
One Unified Religion
for All the People",proclamation.pdf,https://www.masjidtucson.org/quran/appendices/proclamation.html,6,quote,,The only religion acceptable to God is Submission. [3:19]
1209,proclamation,"Proclaiming
One Unified Religion
for All the People",proclamation.pdf,https://www.masjidtucson.org/quran/appendices/proclamation.html,7,quote,,"Anyone who seeks other than Submission as his religion, it will not be accepted from him and, in the Hereafter, he will be with the losers. [3:85]"
1210,proclamation,"Proclaiming
One Unified Religion
for All the People",proclamation.pdf,https://www.masjidtucson.org/quran/appendices/proclamation.html,8,quote,,"A prophet like me will the Lord, your God, raise up for you from among your kinsmen; to him you shall listen. (Moses in Deuteronomy 18:15)"
1211,proclamation,"Proclaiming
One Unified Religion
for All the People",proclamation.pdf,https://www.masjidtucson.org/quran/appendices/proclamation.html,9,quote,,"I will raise up for them a prophet like you from among their kinsmen, and will put My words into his mouth; he shall tell them all that I command him. If any man will not listen to My words which he speaks in My name, I Myself will make him answer for it. (Deuteronomy 18:18-19)"
1212,proclamation,"Proclaiming
One Unified Religion
for All the People",proclamation.pdf,https://www.masjidtucson.org/quran/appendices/proclamation.html,10,quote,,"I will ask the Father, and He will give you another Paraclete - to be with you always: THE SPIRIT OF TRUTH. (Jesus in John 14:16-17)"
1213,proclamation,"Proclaiming
One Unified Religion
for All the People",proclamation.pdf,https://www.masjidtucson.org/quran/appendices/proclamation.html,11,quote,,"When THE SPIRIT OF TRUTH comes to you, he will guide you to all truth, and will announce to you the things to come. (Jesus in John 16:13)"
1214,proclamation,"Proclaiming
One Unified Religion
for All the People",proclamation.pdf,https://www.masjidtucson.org/quran/appendices/proclamation.html,12,paragraph,,God's Messenger of the Covenant
1215,proclamation,"Proclaiming
One Unified Religion
for All the People",proclamation.pdf,https://www.masjidtucson.org/quran/appendices/proclamation.html,13,quote,,"Lo, I am sending My messenger to prepare the way before Me; and suddenly there will come to the temple the Lord whom you seek, and the messenger of the covenant whom you desire. Yes, he is coming, says the Lord of hosts. But who will endure the day of his coming? And who can stand when he appears? For he is like the refiner's fire ... he will sit purifying .... (Malachi 3:1-3)"
1216,proclamation,"Proclaiming
One Unified Religion
for All the People",proclamation.pdf,https://www.masjidtucson.org/quran/appendices/proclamation.html,14,quote,,"When God ALONE is mentioned, the hearts of those who do not believe in the Hereafter shrink with aversion. But when others are mentioned besides Him, they rejoice. [39:45]"
1217,proclamation,"Proclaiming
One Unified Religion
for All the People",proclamation.pdf,https://www.masjidtucson.org/quran/appendices/proclamation.html,15,paragraph,,"On the 27th night of Ramadan, 13 B.H. (Before Hijra) (610 A.D.), the prophet Muhammad (the soul - the real person - not the body) was summoned to the highest possible point, millions of light years from the planet Earth, and this Quran was placed into his heart (2:185, 17:1, 44:3, 53:1-18, 97:1)."
1218,proclamation,"Proclaiming
One Unified Religion
for All the People",proclamation.pdf,https://www.masjidtucson.org/quran/appendices/proclamation.html,16,paragraph,,"Subsequently, the Quran was released into Muhammad's memory, with Gabriel's mediation, over a period of 23 years, 610 to 632 A.D. (17:106). At the moment of release, Muhammad scrupulously wrote it down with his own hand (Appendix 28). What Muhammad left was the complete Quran, written in the chronological sequence of revelation, with detailed instructions for putting the revelations into the sequence decreed by God."
1219,proclamation,"Proclaiming
One Unified Religion
for All the People",proclamation.pdf,https://www.masjidtucson.org/quran/appendices/proclamation.html,17,paragraph,,"During the re-arrangement process, the scribes who idolized the Prophet added two verses at the end of Sura 9, the last sura revealed in Medina. This blasphemous act resulted in a 50-year war between Ali Ibn Abi Taaleb and his supporters on one side and the distorters of the Quran on the other side. The war ended when Hussein ibn Ali and his family were martyred in Karbala."
1220,proclamation,"Proclaiming
One Unified Religion
for All the People",proclamation.pdf,https://www.masjidtucson.org/quran/appendices/proclamation.html,18,paragraph,,"It was the Umayyad ruler Marwan Ibn Al-Hakam (died in 684 AD) who destroyed the original Quran that was written by Muhammad's hand, ""fearing the eruption of new disputes."""
1221,proclamation,"Proclaiming
One Unified Religion
for All the People",proclamation.pdf,https://www.masjidtucson.org/quran/appendices/proclamation.html,19,paragraph,,"God's Messenger of the Covenant has presented overwhelming evidence that 9:128-129 do not belong in the Quran (Appendix 24). With the removal of these false verses, the Quran has finally been restored. Our generation is the first ever to receive the Quran in its purified and finalized form (see Appendix 1 and 28)."
