marker,verse_reference,chapter_number,text,layout_text,pdf_page,printed_page,bbox,bbox_normalized,later_edition_candidates_same_label,exact_match_to_later_edition
*,1:1,1,"This verse, known as the “Basmalah,” occupies a special position in the Quran. It is the opening statement of every sura, ex cept Sura 9, and it constitutes the foundation upon which the Quran’s 19-based mathematical miracle is built (App. 1). The Basmalah consists of 19 Arabic letters, and its constituent words [Bism Allah Al-Rahman Al-Raheem] occur in the Quran in multiples of 19: 19, 2698, 57, and 114 times, respectively. Thus, the reader is handed at the outset tangible proof that this is not a human-made book. Numerous mathematical phenomena are connected with this verse. For example, the absence of Basmalah from Sura 9 is com pensated for 19 suras later; Sura 27 contains two Basmalahs (see Appendix 29 and Footnote 27:30). Thus, the count of all Basmalahs is restored to 114, 19x6. Additionally, when we add the sura numbers from the missing Basmalah (Sura 9) to the extra Bas malah (Sura 27) [9+10+11+.... +27], the total comes to 342, 19x18. This total, remarkably, is also the number of words between the two Basmalahs of Sura 27. As detailed in Appendix 1, the Quran’s mathematical code is so vast, and so intricate that no force on earth could possibly imitate it, let alone manufacture it (17:88).","This verse, known as the “Basmalah,”
occupies a special position in the Quran. It
is the opening statement of every sura, ex
cept Sura 9, and it constitutes the founda
tion upon which the Quran’s 19-based
mathematical miracle is built (App. 1).
The Basmalah consists of 19 Arabic let
ters, and its constituent words [Bism Allah
Al-Rahman Al-Raheem] occur in the Quran
in multiples of 19: 19, 2698, 57, and 114
times, respectively. Thus, the reader is
handed at the outset tangible proof that
this is not a human-made book.
Numerous mathematical phenomena are
connected with this verse. For example, the absence of Basmalah from Sura 9 is com
pensated for 19 suras later; Sura 27 contains two Basmalahs (see Appendix 29 and
Footnote 27:30). Thus, the count of all Basmalahs is restored to 114, 19x6. Additionally,
when we add the sura numbers from the missing Basmalah (Sura 9) to the extra Bas
malah (Sura 27) [9+10+11+.... +27], the total comes to 342, 19x18. This total,
remarkably, is also the number of words between the two Basmalahs of Sura 27.
As detailed in Appendix 1, the Quran’s mathematical code is so vast, and so intricate
that no force on earth could possibly imitate it, let alone manufacture it (17:88).",20,1,"[39.25, 331.548, 482.89, 660.947]","[0.075787, 0.463898, 0.9324, 0.924789]","The first verse in the Quran represents the foundation upon which a superhuman 19-based mathematical miracle is built. This important statement consists of 19 Arabic letters, and every word in it occurs in the whole Quran in multiples of 19 (see Appendices 1 & 29 for the details).",False
*,2:1,2,"These initials remained a divinely guarded secret for 1400 years. Hundreds of Muslim and Orientalist scholars tried in vain to decipher their significance. Ob viously, the Almighty author of the Quran has willed that the decoding of these initials shall be reserved for a specific per son, in a specific place, at a specific time (see Appendicies 1, 2, and 26). Now we recognize these initials as a major component of the Quran’s extraordinary mathematical code. The meaning of A.L.M. is pointed out in Verse 2: “This scripture is infallible.” This is incontrovertibly proven by the fact that the frequencies of occurrence of these three initials in this sura are 4502, 3202, and 2195, respectively. The sum of these numbers is 9899, or 19x521. Thus, these most frequent letters of the Arabic language did not suffer any distortion, addition, or loss. These same initials also prefix Suras 3, 29, 30, 31, and 32. Their frequencies of occurrence add up to multiples of 19 in each one of these suras.","These initials remained a divinely
guarded secret for 1400 years. Hundreds
of Muslim and Orientalist scholars tried
in vain to decipher their significance. Ob
viously, the Almighty author of the Quran
has willed that the decoding of these ini
tials shall be reserved for a specific per
son, in a specific place, at a specific time
(see Appendicies 1, 2, and 26). Now we
recognize these initials as a major com
ponent of the
Quran’s
extraordinary
mathematical code.
The meaning of A.L.M. is pointed out in Verse 2: “This scripture is infallible.” This is
incontrovertibly proven by the fact that the frequencies of occurrence of these three
initials in this sura are 4502, 3202, and 2195, respectively. The sum of these numbers is
9899, or 19x521. Thus, these most frequent letters of the Arabic language did not suffer
any distortion, addition, or loss. These same initials also prefix Suras 3, 29, 30, 31, and
32. Their frequencies of occurrence add up to multiples of 19 in each one of these suras.",21,2,"[38.5, 376.761, 480.44, 620.659]","[0.074339, 0.52716, 0.927669, 0.868419]","These initials remained a divinely guarded secret for 1400 years. Now we recognize them as a major component of the Quran's mathematical miracle (see Appendices 1, 2, 24, and 26). The meaning of A.L.M. is pointed out in Verse 2: ""This scripture is infallible."" This is incontrovertibly proven by the fact that the frequencies of occurrence of these three initials in this sura are 4502, 3202, and 2195, respectively. The sum of these numbers is 9899, or 19x521. Thus, these most frequent letters of the Arabic language are mathematically placed according to a super-human pattern. These same initials also prefix Suras 3, 29, 30, 31, and 32, and their frequencies of occurrence add up to multiples of 19 in each one of these suras.",False
*,2:3,2,See Appendix 15.,See Appendix 15.,21,2,"[40.45, 630.661, 147.865, 641.661]","[0.078104, 0.882414, 0.285509, 0.897805]","Since the Contact Prayers are decreed five times a day, they constitute the prime source of nourishment for our souls. Along with all other practices in Submission, the Contact Prayers were originally revealed through Abraham (21:73, 22:78). Although these five daily prayers were practiced before the revelation of the Quran, each Contact Prayer is specifically mentioned in the Quran (24:58, 11:114, 17:78, & 2:238). Appendices 1 & 15 provide physical evidence supporting all the details of the Contact Prayers, including the number of units (Rak'aas) and the numbers of bowings, prostrations, and Tashahhuds in each prayer.

±±2:3 When God uses the plural tense, this indicates that other entities, usually the angels, are involved. When God spoke to Moses, the singular form was used (20:12- 14). See Appendix 10.",False
**,2:3,2,See Appendix 10.,See Appendix 10.,21,2,"[38.5, 651.311, 473.656, 660.741]","[0.074339, 0.911307, 0.91457, 0.924501]","Since the Contact Prayers are decreed five times a day, they constitute the prime source of nourishment for our souls. Along with all other practices in Submission, the Contact Prayers were originally revealed through Abraham (21:73, 22:78). Although these five daily prayers were practiced before the revelation of the Quran, each Contact Prayer is specifically mentioned in the Quran (24:58, 11:114, 17:78, & 2:238). Appendices 1 & 15 provide physical evidence supporting all the details of the Contact Prayers, including the number of units (Rak'aas) and the numbers of bowings, prostrations, and Tashahhuds in each prayer.

±±2:3 When God uses the plural tense, this indicates that other entities, usually the angels, are involved. When God spoke to Moses, the singular form was used (20:12- 14). See Appendix 10.",False
*,2:20,2,“He” and “she” do not necessarily imply natural gender in Arabic (Appendix 4).,“H e” and “she” do not necessarily imply natural gender in Arabic (Appendix 4).,23,4,"[38.75, 586.761, 478.282, 599.668]","[0.074821, 0.820989, 0.923503, 0.839049]","""He"" and ""she"" do not necessarily imply natural gender in Arabic (Appendix 4).",False
*,2:23-24,2,"The Quran’s inimitable mathematical code points to Rashad Khalifa as God’s servant mentioned here. Many literary giants, including Al-Mutanabby and Taha Hussein, have answered the literary challenge. Therefore, it is the Quran’s mathematical code revealed through Rashad Khalifa that is the real challenge; it can never be imitated. See Appendices 1, 2, 24, and 26 for the proof.","The Quran’s inimitable mathematical code points to Rashad Khalifa as God’s
servant mentioned here. Many literary giants, including Al-Mutanabby and Taha Hus
sein, have answered the literary challenge. Therefore, it is the Quran’s mathematical
code revealed through Rashad Khalifa that is the real challenge; it can never be im
itated. See Appendices 1, 2, 24, and 26 for the proof.",23,4,"[38.75, 599.668, 478.282, 664.208]","[0.074821, 0.839049, 0.923503, 0.929352]","The Quran's miraculous mathematical code provides numerous proofs as it spells out the name ""Rashad Khalifa"" as God's servant mentioned here. Some literary giants, including Al-Mutanabby and Taha Hussein, have answered the literary challenge, but they had no awareness of the Quran's mathematical composition. It is the Quran's mathematical code, revealed through God's Messenger of the Covenant, Rashad Khalifa, that is the real challenge—for it can never be imitated. See Appendices 1, 2, 24, & 26 for the detailed proofs.",False
*,2:28,2,"Consistently throughout the Quran, our Creator informs us that we go through two deaths and two lives (see 40:11).","Consistently throughout the Quran, our Creator informs us that we go through
two deaths and two lives (see 40:11).",24,5,"[40.9, 602.811, 477.708, 627.261]","[0.078973, 0.843446, 0.922394, 0.877656]","The righteous do not really die; they go straight to Heaven. When their interim on this earth comes to an end, the angels of death simply invite them to go to the same Paradise where Adam and Eve once lived (2:154, 3:169, 8:24, 22:58, 16:32, 36:20-27, 44:56, 89:27-30). Thus, while the righteous experience only the first death following our original sin, the unrighteous go through two deaths (40:11). At the time of death, the disbelievers know their miserable fate (8:50, 47:27), then they suffer a continuous nightmare that lasts until Hell is created (40:46, 89:23, Appendix 17).",False
*,2:24-26,2,See Appendix 5.,See Appendix 5.,24,5,"[39.7, 629.561, 477.456, 642.027]","[0.076656, 0.880874, 0.921908, 0.898317]",,False
*,2:29,2,"Our universe with its billion galaxies, spanning distances of billions of light years, is the smallest and innermost of the seven universes (Appendix 6).","Our universe with its billion galaxies, spanning distances of billions of light years,
is the smallest and innermost of the seven universes (Appendix 6).",24,5,"[39.7, 642.027, 477.456, 666.961]","[0.076656, 0.898317, 0.921908, 0.933204]","Our universe with its billion galaxies, spanning distances of billions of light years, is the smallest and innermost of seven universes (Appendix 6). Please look up 41:10-11.",False
*,2:30-37,2,These verses provide us with the answers to such crucial questions as: “Why are we here?” and “What is the purpose of our life?” See Appendix 7.,"These verses provide us with the answers to such crucial questions as: “Why
are we here?” and “What is the purpose of our life?” See Appendix 7.",25,6,"[39.95, 614.461, 477.723, 638.911]","[0.077138, 0.859747, 0.922423, 0.893957]","These verses answer such crucial questions as: ""Why are we here?"" (See Appendix 7).",False
*,2:37,2,"Similarly, God gives us specific words, the words of Sura 1, in order to establish contact with Him during our contact prayers (Appendix 15).","Similarly, God gives us specific words, the words of Sura 1, in order to establish
contact with Him during our contact prayers (Appendix 15).",25,6,"[39.5, 640.861, 476.549, 661.781]","[0.07627, 0.896685, 0.920156, 0.925956]","Similarly, God has given us specific, mathematically coded words, the words of Sura 1, to establish contact with Him (see Footnote 1:1 and Appendix 15).",False
*,2:67-73,2,"See the story of the heifer in the Bible’s Book of Numbers, Chapter 19.","See the story of the heifer in the Bible’s Book of Numbers, Chapter 19.",29,10,"[38.5, 654.698, 472.252, 664.498]","[0.074339, 0.916046, 0.911859, 0.929758]",,False
*,2:104,2,The word “Raa'ena” was abused by some Hebrew-speaking people who twisted their tongues to make it sound like a dirty word (see also 4:46).,"The word “Raa'ena” was abused by some Hebrew-speaking people who twisted
their tongues to make it sound like a dirty word (see also 4:46).",35,16,"[40.7, 641.598, 477.802, 663.05]","[0.078587, 0.897717, 0.922576, 0.927732]","The word ""Raa'ena"" was abused by some Hebrew-speaking people, and twisted to sound like a dirty word (see also 4:46).",False
*,2:106,2,"As detailed in Appendix One, the Quran’s mathematical miracle is perpetual and is far greater than all previous miracles (see 34:45). Like the Quran itself, it confirms and supersedes all previous miracles (74:35).","As detailed in Appendix One, the Quran’s mathematical miracle is perpetual
and is far greater than all previous miracles (see 34:45). Like the Quran itself, it con
firms and supersedes all previous miracles (74:35).",36,17,"[39.25, 622.748, 480.794, 656.771]","[0.075787, 0.871342, 0.928353, 0.918946]","The Quran's mathematical miracle is perpetual & greater than previous miracles (34:45, 74:35). Like the Quran itself, it confirms, consummates, and supersedes all previous miracles.",False
*,2:118,2,"When one attains certainty, no miracle can affect his decision to join God’s kingdom. If God permitted anyone who has not attained certainty to witness an ex traordinary miracle, this would constitute divine interference.","When one attains certainty, no miracle can affect his decision to join God’s
kingdom. If God permitted anyone who has not attained certainty to witness an ex
traordinary miracle, this would constitute divine interference.",37,18,"[40.7, 615.698, 479.072, 653.847]","[0.078587, 0.861478, 0.925028, 0.914855]",,False
*,2:119,2,"For the exact identity of this messenger, please see Appendix Two.","For the exact identity of this messenger, please see Appendix Two.",37,18,"[40.7, 654.698, 474.092, 664.55]","[0.078587, 0.916046, 0.915412, 0.929831]","It is my obligation to point out that the identity of this messenger is confirmed to be ""Rashad Khalifa,"" God's Messenger of the Covenant. By adding the gematrical value of ""Rashad"" (505), plus the gematrical value of ""Khalifa"" (725), plus the verse number (119), we get 1349, a multiple of 19. See 3:81 and Appendix Two.",False
*,2:127-132,2,"When the Quran was revealed, all rites and duties of the religion were already in existence. Note that the expression: “God has pointed out the religion for you” (2:132) consists of 19 Arabic letters, the word “God” is No. 78, and Verse 78 oi Sura 22 informs us that Abraham is the father of Islam. See 22:78 and App. 9 & 26. I","When the Quran was revealed, all rites and duties of the religion were
already in existence. Note that the expression: “God has pointed out the religion for
you” (2:132) consists of 19 Arabic letters, the word “God” is No. 78, and Verse 78 oi
Sura 22 informs us that Abraham is the father of Islam. See 22:78 and App. 9 & 26.
I",39,20,"[39.95, 614.598, 478.466, 677.053]","[0.077138, 0.859938, 0.923858, 0.947325]",,False
*,2:142,2,"“Qiblah” is the direction we face during the contact prayers (Salat,). The Arabs were strongly prejudiced in favor of the Ka’aba as their ‘Qiblah.” The true believers were able to overcome their prejudices, and readily obeyed God and His messenger.","“Qiblah” is the direction we face during the contact prayers (Salat,). The Arabs
were strongly prejudiced in favor of the Ka’aba as their ‘Qiblah.” The true believers
were able to overcome their prejudices, and readily obeyed God and His messenger.",41,22,"[41.638, 619.298, 480.939, 657.447]","[0.080398, 0.866515, 0.928633, 0.919892]",,False
*,2:149,2,One of the glaring proofs of the idolatry committed by today’s “Muslims” is the establishment of Muhammad’s tomb as another “Sacred Mosque. ” The Quran consis tently talks about one “Sacred Mosque. ”,"One of the glaring proofs of the idolatry committed by today’s “Muslims” is the
establishment of Muhammad’s tomb as another “Sacred Mosque. ” The Quran consis
tently talks about one “Sacred Mosque. ”",42,23,"[39.95, 619.748, 480.74, 658.897]","[0.077138, 0.867144, 0.928249, 0.921921]","A glaring proof of the idolatry committed by today's ""Muslims"" is the designation of Muhammad's tomb as a ""Sacred Masjid."" The Quran mentions only one ""Sacred Masjid.""",False
*,2:154,2,"Death is simply another stage. See Footnote 3:169, and Appendix 17.","Death is simply another stage. See Footnote 3:169, and Appendix 17.",43,24,"[42.35, 625.048, 417.642, 637.051]","[0.081773, 0.87456, 0.806414, 0.891354]",The righteous do not really die; they simply leave their bodies here and go to the same Paradise where Adam and Eve once lived. See Appendix 17 for the proof and the details.,False
*,2:155,2,The test is designed to prove that we will worship God ALONE under all circumstances (29:2).,"The test is designed to prove that we will worship God ALONE under all cir
cumstances (29:2).",43,24,"[40.45, 645.948, 479.222, 666.902]","[0.078104, 0.903803, 0.925318, 0.933122]",The test is designed to prove that we worship God alone under all circumstances (29:2).,False
*,2:165-166,2,"Jesus, Mary, Muhammad, Ali, and the saints will disown their idolizers or the Day of Resurrection. See also 16:86, 46:6, and the Gospel of Matthew 7:21-23.","Jesus, Mary, Muhammad, Ali, and the saints will disown their idolizers or
the Day of Resurrection. See also 16:86, 46:6, and the Gospel of Matthew 7:21-23.",44,25,"[40.2, 629.598, 478.347, 654.948]","[0.077621, 0.880926, 0.923628, 0.916396]","Jesus, Mary, Muhammad, Ali, and the saints will disown their idolizers on the Day of Resurrection. See also 16:86, 35:14, 46:6, and the Gospel of Matthew 7:21-23.",False
*,2:172-173,2,"Throughout the Quran, four meats are prohibited (6:145, 16:115, & Appendix 16). Dietary prohibitions beyond these four are described as tantamount to idol worship (6:121). Prohibitions by other than God represent some other “god.""","Throughout the Quran, four meats are prohibited (6:145, 16:115, & Appen
dix 16). Dietary prohibitions beyond these four are described as tantamount to idol
worship (6:121). Prohibitions by other than God represent some other “god.""",45,26,"[41.15, 633.448, 479.338, 666.751]","[0.079455, 0.886313, 0.925542, 0.93291]","Throughout the Quran, only four meats are prohibited (6:145, 16:115, Appendix 16). Dietary prohibitions beyond these four are tantamount to idol worship (6:121,148, 150; 7:32).",False
*,2:178,2,"The Quran clearly discourages capital punishment. Every kind of excuse is provided to spare lives, even the lives of those who commit murder. Often, the victim’s kin may find it better for all concerned, under certain circumstances, to spare the life of the murderer in exchange for an equitable compensation. Additionally, capital punishment is not to be applied, for example, if a woman kills a man, or vice versa.","The Quran clearly discourages capital punishment. Every kind of excuse is pro
vided to spare lives, even the lives of those who commit murder. Often, the victim’s kin
may find it better for all concerned, under certain circumstances, to spare the life of the
murderer in exchange for an equitable compensation. Additionally, capital punishment
is not to be applied, for example, if a woman kills a man, or vice versa.",46,27,"[39.25, 596.948, 480.23, 655.809]","[0.075787, 0.835243, 0.927264, 0.9176]","The Quran clearly discourages capital punishment. Every kind of excuse is provided to spare lives, including the life of the murderer. The victim's kin may find it better, under certain circumstances, to spare the life of the murderer in exchange for an equitable compensation. Also capital punishment is not applicable if, for example, a woman kills a man, or vice versa.",False
*,2:183-187,2,"Like all duties in Islam, fasting came to us through Abraham (22:78, Appendicies 9 & 15). Prior to revelation of the Quran, however, sexual intercourse was prohibited throughout the fasting period. This rule was modified in 2:187 to allow intercourse during the nights of Ramadan.","Like all duties in Islam, fasting came to us through Abraham (22:78, Appen-
dicies 9 & 15). Prior to revelation of the Quran, however, sexual intercourse was
prohibited throughout the fasting period. This rule was modified in 2:187 to allow in
tercourse during the nights of Ramadan.",47,28,"[39.71, 607.748, 480.5, 659.496]","[0.076675, 0.850354, 0.927785, 0.922759]","Like all duties in Submission, fasting was decreed through Abraham (22:78, Appendices 9 & 15). Prior to revelation of the Quran, sexual intercourse was prohibited throughout the fasting period. This rule is modified in 2:187 to allow intercourse during the nights of Ramadan.",False
*,2:189,2,The literal idiom says: “Do not enter the homes through the back doors.”,The literal idiom says: “Do not enter the homes through the back doors.”,48,29,"[40.9, 638.948, 444.686, 651.798]","[0.078973, 0.894009, 0.858633, 0.911988]","The literal Quranic idiom says: ""Do not enter the homes through the back doors."" The question about the phases of the moon is an example of beating around the bush; there were bad ulterior motives behind this question.",False
*,2:190,2,The basic rule regulating all fighting is stated in 60:8-9.,The basic rule regulating all fighting is stated in 60:8-9.,48,29,"[40.9, 651.798, 444.686, 664.648]","[0.078973, 0.911988, 0.858633, 0.929968]","All fighting is regulated by the basic rule in 60:8-9. Fighting is allowed strictly in self-defense, while aggression and oppression are strongly condemned throughout the Quran.",False
*,2:196,2,"While Hajj and ‘Umrah must be observed together during the Sacred Months, ‘Umrah may be observed any time. See the details of Hajj and ‘Umrah in Appendix 15.","While Hajj and ‘Umrah must be observed together during the Sacred Months,
‘Umrah may be observed any time. See the details of Hajj and ‘Umrah in Appendix 15.",49,30,"[40.9, 643.148, 477.142, 664.675]","[0.078973, 0.899885, 0.921301, 0.930006]",See the details of Hajj and 'Umrah in Appendix 15.,False
*,2:197,2,"Hajj can be observed any time during the Sacred Months: Zul Hijjah, Muharram, Safar, and Rabi I. Local governments restrict Hajj to a few days for their own convenience. See 9:37.","Hajj can be observed any time during the Sacred Months: Zul Hijjah, Muhar-
ram, Safar, and Rabi I. Local governments restrict Hajj to a few days for their own
convenience. See 9:37.",50,31,"[38.299, 624.098, 478.176, 658.331]","[0.073951, 0.873231, 0.923298, 0.921129]","Hajj can be observed any time during the Sacred Months: Zul-Hijjah, Muharram, Safar, and Rabi I. Local governments restrict Hajj to a few days for their own convenience. See 9:37",False
*,2:210,2,"If God and His angels show up, everyone will believe, and the test will no longer be valid. This world is a test; it is our last chance to redeem ourselves by denouncing Satan’s challenge and upholding God’s absolute authority (see the INTRODUCTION).","If God and His angels show up, everyone will believe, and the test will no longer
be valid. This world is a test; it is our last chance to redeem ourselves by denouncing
Satan’s challenge and upholding God’s absolute authority (see the INTRODUCTION).",51,32,"[40.2, 623.598, 477.944, 656.841]","[0.077621, 0.872531, 0.92285, 0.919044]","This world is a test; it is our last chance to restore ourselves back into God's kingdom by denouncing idol worship (see the INTRODUCTION). If God and His angels show up, everyone will believe, and the test will no longer be valid.",False
*,2:211,2,"The Quran’s mathematical miracle is a great blessing, and, therefore, bringt with it an awesome responsibility (please see 5:115).","The Quran’s mathematical miracle is a great blessing, and, therefore, bringt
with it an awesome responsibility (please see 5:115).",52,33,"[39.95, 613.148, 478.006, 638.948]","[0.077138, 0.85791, 0.92297, 0.894009]","The Quran's mathematical miracle is a great blessing, and brings with it an awesome responsibility (please see 5:115).",False
*,2:213,2,"All worshipers of God ALONE (Muslims, Christians, and Jews) are truly united since the object of worship is one and the same.","All worshipers of God ALONE (Muslims, Christians, and Jews) are truly united
since the object of worship is one and the same.",52,33,"[39.0, 640.148, 476.834, 661.071]","[0.075304, 0.895688, 0.920707, 0.924963]","All worshipers of God ALONE, from all religions, are truly united.",False
*,2:219,2,"The Arabic root word for ""intoxicants” is “Khamara,” which means ""to veil” or ""cover.” Thus, any material that veils the mind is prohibited. The world now recognizes that the economic benefits reaped by the liquor industry and illicit drug dealers are not worth the traffic fatalities, devastating injuries, birth defects, brain damage to babies, family breakdowns, and other disastrous consequences of alcohol and drugs. Alcoholic beverages in the U.S. carry warnings from the Surgeon General. Check with Alcoholics Anonymous and Gamblers Anonymous for more information. See 5:90-91.","The Arabic root word for ""intoxicants” is “Khamara,” which means ""to veil” or
""cover.” Thus, any material that veils the mind is prohibited. The world now recog
nizes that the economic benefits reaped by the liquor industry and illicit drug dealers
are not worth the traffic fatalities, devastating injuries, birth defects, brain damage to
babies, family breakdowns, and other disastrous consequences of alcohol and drugs.
Alcoholic beverages in the U.S. carry warnings from the Surgeon General. Check with
Alcoholics Anonymous and Gamblers Anonymous for more information. See 5:90-91.",53,34,"[40.46, 574.998, 478.86, 659.235]","[0.078123, 0.804531, 0.924619, 0.922394]","The world now recognizes that the economic benefits from manufacturing alcoholic beverages and illicit drugs are not worth the traffic fatalities, brain damage to children of alcoholic mothers, family crises, and other disastrous consequences. Check with ""Alcoholics Anonymous"" and ""Gamblers Anonymous"" for more information. See also 5:90-91.",False
*,2:229,2,It is unlawful to throw a divorced wife into the street. Housing and alimony are among the divorcee’s rights (2:241).,"It is unlawful to throw a divorced wife into the street. Housing and alimony are
among the divorcee’s rights (2:241).",55,36,"[39.5, 634.398, 477.168, 659.848]","[0.07627, 0.887642, 0.921352, 0.923252]",,False
*,2:238,2,"All five prayers are found in 2:238, 11:114, 17:78, & 24:58. When the Quran was revealed, Salat had already been in existence (Appendices 9 & 15).","All five prayers are found in 2:238, 11:114, 17:78, & 24:58. When the Quran was
revealed, Salat had already been in existence (Appendices 9 & 15).",58,39,"[39.0, 644.248, 478.336, 665.525]","[0.075304, 0.901424, 0.923607, 0.931195]","All five prayers are found in 2:238, 11:114, 17:78, & 24:58. When the Quran was revealed, the Contact Prayers (Salat) had already been in existence (Appendix 9). The details of all five prayers—what to recite and the number of units (Rak'aas) per prayer, etc.—are mathematically confirmed. For example, writing down the number of units for each of the five prayers, next to each other, we get 24434, 19x1286. Also, if we use (±) to represent Sura 1 (Al-Fãtehah), where (±)=the sura number (1), followed by the number of verses (7), followed by the number of each verse, the number of letters in each verse, and the gematrical value of every letter, writing down 2 (±) (±) 4 (±) (±) (±) (±) 4 (±) (±) (±) (±) 3 (±) (±) (±) 4 (±) (±) (±) (±) produces a multiple of 19 (see 1:1).",False
*,2:246,2,"This same history is narrated in the Bible’s Book of I Samuel, Ch. 9 and 10.","This same history is narrated in the Bible’s Book of I Samuel, Ch. 9 and 10.",59,40,"[40.2, 656.348, 471.996, 666.1]","[0.077621, 0.918355, 0.911365, 0.931999]","This same history is narrated in the Bible's Book of I Samuel, Ch. 9 and 10.",False
*,2:252,2,"For the exact, mathematically proven identity of this messenger, see Appendices 2 and 26.","For the exact, mathematically proven identity of this messenger, see Appendices
2 and 26.",60,41,"[38.499, 639.098, 477.933, 660.851]","[0.074337, 0.894219, 0.922829, 0.924655]","In keeping with the mathematical composition of the Quran, God has willed that the name of the messenger mentioned here shall be spelled out mathematically. The discovery of the Quran's miraculous 19-based code has been divinely reserved for God's Messenger of the Covenant. By adding this verse number (252), plus the gematrical value of ""Rashad"" (505), plus the gematrical value of ""Khalifa"" (725) we get 252+505+725 = 1482, or 19x78. Please see Appendices 2 and 26 for the complete details related to the proven identity of God's Messenger of the Covenant, to whom this verse clearly refers.",False
*,2:254,2,One of Satan’s clever tricks is attributing the power of intercession to powerless human idols such as Jesus and Muhammad (Appendix 8).,"One of Satan’s cleverest tricks is attributing the power of intercession to power
less human idols such as Jesus and Muhammad (Appendix 8).",61,42,"[40.45, 644.248, 479.116, 665.625]","[0.078104, 0.901424, 0.925113, 0.931335]",One of Satan's clever tricks is attributing the power of intercession to powerless human idols such as Jesus and Muhammad (Appendix 8).,False
*,2:259,2,The lesson we learn is that the time between death and resurrection passes like one night (see also 18:19-25 and Appendix 17).,"The lesson we learn is that the time between death and resurrection passes like
one night (see also 18:19-25 and Appendix 17).",62,43,"[38.75, 637.748, 478.01, 659.201]","[0.074821, 0.89233, 0.922977, 0.922346]",The lesson we learn here is that the period of death—only the unrighteous die; the righteous go straight to Heaven—passes like one day (see 18:19-25 and Appendix 17).,False
*,2:275-278,2,"If interest on loans or deposits is excessive, it constitutes usury. Many people do not possess the ability, energy, or know-how to invest their money. They do not commit any error by depositing their money with financial institutions, and earning interest. The institutions invest their money on their behalf. Financial institutions oi individuals charging in excess of 15-20% interest Per Annum are committing usury.","If interest on loans or deposits is excessive, it constitutes usury. Many
people do not possess the ability, energy, or know-how to invest their money. They do
not commit any error by depositing their money with financial institutions, and earning
interest. The institutions invest their money on their behalf. Financial institutions oi
individuals charging in excess of 15-20% interest Per Annum are committing usury.",66,47,"[39.7, 594.698, 478.622, 654.053]","[0.076656, 0.832095, 0.924159, 0.915143]","It is an established economic principle that excessive interest on loans can utterly destroy a whole country. During the last few years we have witnessed the devastation of the economies of many nations where excessive interest is charged. Normal interest—less than 20%—where no one is victimized and everyone is satisfied, is not usury.",False
*,2:282,2,"Monetary transactions are the only events where two women substitute for one man. If the witnesses were one man and one woman, the possibility arises that they may marry each other. In this case, the welfare of one party in the transaction may be jeopardized. Oppressive men tend to generalize this verse. m","Monetary transactions are the only events where two women substitute for one
man. If the witnesses were one man and one woman, the possibility arises that they
may marry each other. In this case, the welfare of one party in the transaction may be
jeopardized. Oppressive men tend to generalize this verse.
m",67,48,"[39.95, 615.798, 477.72, 686.37]","[0.077138, 0.861617, 0.922417, 0.960361]","Financial transactions are the ONLY situations where two women may substitute for one man as witness. This is to guard against the real possibility that one witness may marry the other witness, and thus cause her to be biased. It is a recognized fact that women are more emotionally vulnerable than men.",False
*,3:1,3,See Footnote 2:1 and Appendix One.,See Footnote 2:1 and Appendix One.,69,50,"[42.1, 657.198, 244.204, 669.198]","[0.08129, 0.919544, 0.471527, 0.936334]",See Footnote 2:1 and Appendix One.,True
*,3:18,3,"The First Pillar of Islam is “Shahaadah,” professing that there is no other god besides God. The words of “Shahaadah” are decreed in this verse by God Himself: “La Elaaha Ella Allah.” Any other “Shahaadah,” proclaiming that Muhammad is God’s messenger is, by definition, idol-worship. It also violates the major commandments in 2:136, 2:285, 3:84, & 4:150-152 prohibiting any distinction among God’s messengers.","The First Pillar of Islam is “Shahaadah,” professing that there is no other god
besides God. The words of “Shahaadah” are decreed in this verse by God Himself: “La
Elaaha Ella Allah.” Any other “Shahaadah,” proclaiming that Muhammad is God’s
messenger is, by definition, idol-worship. It also violates the major commandments in
2:136, 2:285, 3:84, & 4:150-152 prohibiting any distinction among God’s messengers.",71,52,"[40.9, 602.948, 477.922, 663.094]","[0.078973, 0.843638, 0.922807, 0.927793]","The proclamation of faith (Shahaadah) that is decreed by God is: ""There is no god except God,"" in Arabic ""La Elaaha Ella Allah"" (see also 37:35, 47:19). The corrupted Muslims insist upon adding a second ""Shahaadah"" proclaiming that Muhammad is God's messenger. This is by definition ""Shirk"" (idolatry) and a flagrant defiance of God and His messenger. Additionally, it violates the major commandments in 2:136, 2:285, 3:84, & 4:150-152 prohibiting any distinction among God's messengers. By proclaiming that ""Muhammad is a messenger of God,"" and failing to make the same proclamation for other messengers such as Abraham, Moses, Jesus, Saleh, and Jonah, a distinction is committed and a major commandment is violated.",False
*,3:51,3,"This is precisely what Jesus is quoted to say throughout the New Testament. See for example the Gospel of John 20:17, and the book “Doctrine Development in Christianity” by Lisa Spray, Ch. 3 (Renaissance Productions, Tucson, Arizona 1989).","This is precisely what Jesus is quoted to say throughout the New Testament. See
for example the Gospel of John 20:17, and the book “Doctrine Development in
Christianity” by Lisa Spray, Ch. 3 (Renaissance Productions, Tucson, Arizona 1989).",75,56,"[40.45, 617.748, 476.47, 657.947]","[0.078104, 0.864346, 0.920004, 0.920592]","This is precisely what Jesus is quoted to say throughout the New Testament. See for example the Gospel of John 20:17, and the book ""Jesus: Myths and Message"" by Lisa Spray, Ch. 4 (Universal Unity, Fremont, California, 1992).",False
*,3:54-55,3,"We learn that Jesus’ soul, the real person, was raised; i.e., Jesus’ life on earth was terminated, and his enemies crucified his body, an empty shell (See Appendix 22).","We learn that Jesus’ soul, the real person, was raised; i.e., Jesus’ life on earth
was terminated, and his enemies crucified his body, an empty shell (See Appendix 22).",76,57,"[40.7, 601.648, 480.472, 628.472]","[0.078587, 0.841819, 0.927731, 0.879351]","We learn that Jesus' soul, the real person, was raised, i.e., Jesus' life on earth was terminated, prior to the arrest, torture, and crucifixion of his empty, soulless, but physiologically living body (See the details in Appendix 22).",False
*,3:59,3,The similarity between the creation of Jesus and Adam is confirmed mathematically; both men are mentioned in the Quran the same number of times (25 times each).,"The similarity between the creation of Jesus and Adam is confirmed mathemati
cally; both men are mentioned in the Quran the same number of times (25 times each).",76,57,"[40.7, 628.472, 480.472, 655.296]","[0.078587, 0.879351, 0.927731, 0.916883]","The ""equality"" of the creation of Jesus and Adam is confirmed mathematically; Jesus and Adam are mentioned in the Quran the same number of times; 25 times each.",False
*,3:75,3,"Prior to the discovery of the Quran’s mathematical code, some scholars falsely claimed that Muhammad was an illiterate man who could not write such a great book They distorted the meaning of the word ((Ummy,” claiming that it meant “illiterate.’ This verse proves that “Ummiyyeen” means “gentiles” (Appendix 28).","Prior to the discovery of the Quran’s mathematical code, some scholars falsely
claimed that Muhammad was an illiterate man who could not write such a great book
They distorted the meaning of the word ((Ummy,” claiming that it meant “illiterate.’
This verse proves that “Ummiyyeen” means “gentiles” (Appendix 28).",78,59,"[40.7, 603.798, 479.846, 656.498]","[0.078587, 0.844827, 0.926522, 0.918564]","Prior to the discovery of the Quran's mathematical code, some scholars falsely claimed that Muhammad was an illiterate man who could not write such a great book. They distorted the meaning of the word ""Ummy,"" claiming that it meant ""illiterate."" This verse proves that ""Ummiyyeen"" means ""gentiles"" (See also 62:2 & Appendix 28).",False
*,3:81,3,"God’s Messenger of the Covenant, as prophesied in the Bible’s Malachi 3:1-21 and the Quran’s 3:81, is to purify and unify God’s messages which were delivered by God’s prophets. Judaism, Christianity, and Islam have been corrupted beyond recogni tion, and it is the will of Almighty God to restore them and unify them under the banner of worshiping Him alone. Overwhelming evidence has been provided by God in support of His Messenger of the Covenant, whose name is specified in the Quran and mathematically coded. See Appendix 2 for the details.","God’s Messenger of the Covenant, as prophesied in the Bible’s Malachi 3:1-21
and the Quran’s 3:81, is to purify and unify God’s messages which were delivered by
God’s prophets. Judaism, Christianity, and Islam have been corrupted beyond recogni
tion, and it is the will of Almighty God to restore them and unify them under the
banner of worshiping Him alone. Overwhelming evidence has been provided by God in
support of His Messenger of the Covenant, whose name is specified in the Quran and
mathematically coded. See Appendix 2 for the details.",79,60,"[40.9, 573.948, 479.012, 658.535]","[0.078973, 0.803061, 0.924912, 0.921415]","This major prophecy has now been fulfilled. God's Messenger of the Covenant, as prophesied in this verse and in the Bible's Malachi 3:1-21, Luke 17:22-36, & Matthew 24:27 is to purify and unify God's messages which were delivered by God's prophets. Judaism, Christianity, Islam, Hinduism, Buddhism, etc. have been severely corrupted. It is the will of Almighty God to purify them and unify them under the banner of worshiping Him alone. Overwhelming evidence has been provided by God in support of His Messenger of the Covenant, whose name is incontrovertibly specified in the Quran's mathematical code as ""Rashad Khalifa.""For example, adding the gematrical value of ""Rashad"" (505), plus the value of ""Khalifa"" (725), plus the verse number (81) gives 1311, or 19x69 (see Appendix 2 for the detailed evidence).",False
*,3:86,3,"Clearly, verses 3:82-90 are connected with God’s Messenger of the Covenant. We learn from them that those who reject God’s Messenger of the Covenant are no longer Muslims, since they no longer believe the Quran. The proofs mentioned in 3:86 refer to the Quran’s mathematical code, which was revealed through God’s Messenger of the Covenant. Both 3:86and 3:90 talk about “disbelievingafter believing.”","Clearly, verses 3:82-90 are connected with God’s Messenger of the Covenant. We
learn from them that those who reject God’s Messenger of the Covenant are no longer
Muslims, since they no longer believe the Quran. The proofs mentioned in 3:86 refer to
the Quran’s mathematical code, which was revealed through God’s Messenger of the
Covenant. Both 3:86and 3:90 talk about “disbelievingafter believing.”",80,61,"[39.95, 590.248, 478.406, 655.298]","[0.077138, 0.825868, 0.923742, 0.916885]","Verses 3:82-90 inform us that those who reject God's Messenger of the Covenant are no longer submitters (Muslims), since they no longer believe the Quran. The proofs mentioned in 3:86 refer to the Quran's mathematical code, which was revealed through God's Messenger of the Covenant. Both 3:86 and 3:90 talk about ""disbelieving after believing.""",False
*,3:96,3,"This is an M-initialed sura, and the spelling of “Mecca” as “Becca” causes the occurrence of “M ” to conform to the Quran’s mathematical code. The normal spelling “Mecca” would have increased the frequency of occurrence of “M ” (Appendix 1).","This is an M-initialed sura, and the spelling of “Mecca” as “Becca” causes the
occurrence of “M ” to conform to the Quran’s mathematical code. The normal spelling
“Mecca” would have increased the frequency of occurrence of “M ” (Appendix 1).",81,62,"[41.4, 619.648, 477.852, 657.798]","[0.079938, 0.867004, 0.922672, 0.920383]","This is an M-initialed sura, and this peculiar spelling of ""Mecca"" as ""Becca"" causes the occurrence of ""M"" to conform to the Quran's mathematical code. The normal spelling ""Mecca"" would have increased the frequency of occurrence of ""M"" (Appendix 1).",False
*,3:124-5,3,"Thirty different numbers are mentioned in the Quran. Their total comes to 162146, or 19x8534. This conforms with the Quran’s mathematical miracle.","Thirty different numbers are mentioned in the Quran. Their total comes to
162146, or 19x8534. This conforms with the Quran’s mathematical miracle.",85,66,"[42.6, 601.648, 477.697, 626.598]","[0.082255, 0.841819, 0.922373, 0.876729]",,False
*,3:130,3,"Banks invest, and their net return on investment is almost invariably positive. The profits are passed on to the depositors. Since all parties are happy and no one is victimized, it is perfectly lawful to take interest from the bank (see Footnote 2:275).","Banks invest, and their net return on investment is almost invariably positive.
The profits are passed on to the depositors. Since all parties are happy and no one is
victimized, it is perfectly lawful to take interest from the bank (see Footnote 2:275).",85,66,"[42.35, 627.698, 477.596, 661.061]","[0.081773, 0.878268, 0.922178, 0.924949]","Interest on bank deposits and interest charged on loans are lawful if they are not excessive (5-15%). Banks invest and their profits are passed on to the depositors. Since all parties are happy and no one is victimized, it is perfectly lawful to take interest from the bank (see 2:275).",False
*,3:164,3,"For the exact identity of this messenger, please see Appendix 2.","For the exact identity of this messenger, please see Appendix 2.",90,71,"[39.5, 654.348, 476.912, 664.366]","[0.07627, 0.915556, 0.920857, 0.929573]",,False
*,3:169,3,Satan has abused this verse to dupe millions of people into setting up their prophets and saints (dead and powerless human creatures) as idols besides the Al mighty Creator. Please see Appendix 2 regarding the current status of God’s prophets.,"Satan has abused this verse to dupe millions of people into setting up their
prophets and saints (dead and powerless human creatures) as idols besides the Al
mighty Creator. Please see Appendix 2 regarding the current status of God’s prophets.",91,72,"[40.2, 628.548, 480.7, 666.797]","[0.077621, 0.879457, 0.928171, 0.932975]","We learn from the Quran that the righteous do not really die; they simply leave their worldly bodies and go directly to the same Paradise where Adam and Eve once lived (2:154, 8:24, 16:32, 22:58, 44:56, & 36:26-27; see also Appendix 17).",False
*,3:183,3,"For the exact identity of this messenger, please see Appendix Two.","For the exact identity of this messenger, please see Appendix Two.",93,74,"[39.95, 622.298, 476.98, 635.098]","[0.077138, 0.870712, 0.920989, 0.888622]",,False
*,3:186,3,"After passing the admission tests, the proven worshipers of God ALONE enjoy a perfect life, nowand forever. See 10:62, 24:55, and 29:2-3.","After passing the admission tests, the proven worshipers of God ALONE enjoy a
perfect life, nowand forever. See 10:62, 24:55, and 29:2-3.",93,74,"[39.95, 635.098, 476.98, 660.698]","[0.077138, 0.888622, 0.920989, 0.924441]","After passing the admission tests, the proven worshipers of God ALONE enjoy a perfect life, now and forever. See 10:62, 24:55, and 29:2-3.",False
*,3:191,3,"Your god on any given day is whoever or whatever occupies your mind most oi the time. The true believers are those who remember God more than 50% of the day, every day. See 23:84-89 and Appendix 27.","Your god on any given day is whoever or whatever occupies your mind most oi
the time. The true believers are those who remember God more than 50% of the day,
every day. See 23:84-89 and Appendix 27.",94,75,"[37.799, 629.948, 478.412, 663.701]","[0.072985, 0.881416, 0.923754, 0.928643]",Your god is whoever or whatever occupies your mind most of the time. The true believers are those who remember God most of the time. See 23:84-89 and Appendix 27.,False
*,4:3,4,See Appendix 30 for a detailed discussion of polygamy.,See Appendix 30 for a detailed discussion of polygamy.,96,77,"[39.5, 649.048, 475.143, 658.683]","[0.07627, 0.90814, 0.917442, 0.921622]",See Appendix 30 for a detailed discussion of polygamy.,True
*,4:11,4,"The Quran recommends in 2:180 that a will shall be left to conform with the specific circumstances of the deceased. For example, if the son is rich and the daughter is poor, one may leave a will giving the daughter twice as much as the son.","The Quran recommends in 2:180 that a will shall be left to conform with the
specific circumstances of the deceased. For example, if the son is rich and the daughter
is poor, one may leave a will giving the daughter twice as much as the son.",97,78,"[39.7, 628.048, 476.914, 662.851]","[0.076656, 0.878758, 0.920861, 0.927453]","Generally, the son is responsible for a family, while the daughter is taken care of by a husband. However, the Quran recommends in 2:180 that a will shall be left to conform with the specific circumstances of the deceased. For example, if the son is rich and the daughter is poor, one may leave a will giving the daughter everything, or twice as much as the son.",False
*,4:15,4,"A woman witnessed by four people in the act of committing adultery on four different occasions, with four different partners, represents a danger to public health. Such a woman is a depository of germs, and a health quarantine protects the society from her. A good example of an exit that saves a quarantined woman is marriage someone may wish to marry her, and thus protect her and the society.","A woman witnessed by four people in the act of committing adultery on four
different occasions, with four different partners, represents a danger to public health.
Such a woman is a depository of germs, and a health quarantine protects the society
from her. A good example of an exit that saves a quarantined woman is marriage some
one may wish to marry her, and thus protect her and the society.",99,80,"[40.2, 592.148, 477.754, 657.096]","[0.077621, 0.828527, 0.922483, 0.919401]","A woman witnessed by four people in the act of committing adultery on four different occasions, with four different partners, represents a danger to public health. Such a woman is a depository of germs, and a health quarantine protects the society from her. A good example of an exit that saves a quarantined woman is marriage—someone may wish to marry her, and thus protect her and the society.",False
*,4:16,4,"Public exposure of the sinners is a major deterrent, as we see in 5:38 and 24:2.","Public exposure of the sinners is a major deterrent, as we see in 5:38 and 24:2.",99,80,"[42.1, 658.148, 460.216, 670.148]","[0.08129, 0.920873, 0.888619, 0.937663]","Public exposure of the sinners is a major deterrent, as we see in 5:38 and 24:2.",True
*,4:24,4,"If believing women flee their disbelieving husbands who are at war with the believers, they do not have to obtain a divorce before remarriage. See 60:10.","If believing women flee their disbelieving husbands who are at war with the
believers, they do not have to obtain a divorce before remarriage. See 60:10.",101,82,"[41.15, 642.098, 476.342, 667.398]","[0.079455, 0.898416, 0.919757, 0.933816]","If believing women flee their disbelieving husbands who are at war with the believers, they do not have to obtain a divorce before remarriage. See 60:10.",True
*,4:34,4,"This is one of the most abused verses in the Quran. God prohibits wife-beating by using the best psychological approach. If I don’t want you to shop at Market X, I will ask you to shop at Market Y, then at Market Z, then, as a last resort, at Market X. This will effectively stop you from shopping at Market X, without insulting you. Similarly, God provides alternatives to wife-beating. This sura’s theme is “protection of women.”","This is one of the most abused verses in the Quran. God prohibits wife-beating by
using the best psychological approach. If I don’t want you to shop at Market X, I will
ask you to shop at Market Y, then at Market Z, then, as a last resort, at Market X. This
will effectively stop you from shopping at Market X, without insulting you. Similarly,
God provides alternatives to wife-beating. This sura’s theme is “protection of women.”",103,84,"[41.14, 563.598, 477.022, 628.647]","[0.079436, 0.78858, 0.92107, 0.879596]","God prohibits wife-beating by using the best psychological approach. For example, if I don't want you to shop at Market X, I will ask you to shop at Market Y, then at Market Z, then, as a last resort, at Market X. This will effectively stop you from shopping at Market X, without insulting you. Similarly, God provides alternatives to wife-beating; reasoning with her first, then employing certain negative incentives. Remember that the theme of this sura is defending the women's rights and countering the prevalent oppression of women. Any interpretation of the verses of this sura must be in favor of the women. This sura's theme is ""protection of women.""

±±4:34 This expression simply means that God is appointing the husband as ""captain of the ship."" Marriage is like a ship, and the captain runs it after due consultation with his officers. A believing wife readily accepts God's appointment, without mutiny.",False
**,4:34,4,"This expression simply means that God is appointing the husband as “captain of the ship. ” Marriage is like a ship, and the captain runs it after due consultation with his officers. A believing wife readily accepts God’s appointment, without mutiny.","This expression simply means that God is appointing the husband as “captain of
the ship. ” Marriage is like a ship, and the captain runs it after due consultation with
his officers. A believing wife readily accepts God’s appointment, without mutiny.",103,84,"[40.9, 629.848, 477.732, 668.147]","[0.078973, 0.881276, 0.922441, 0.934864]","God prohibits wife-beating by using the best psychological approach. For example, if I don't want you to shop at Market X, I will ask you to shop at Market Y, then at Market Z, then, as a last resort, at Market X. This will effectively stop you from shopping at Market X, without insulting you. Similarly, God provides alternatives to wife-beating; reasoning with her first, then employing certain negative incentives. Remember that the theme of this sura is defending the women's rights and countering the prevalent oppression of women. Any interpretation of the verses of this sura must be in favor of the women. This sura's theme is ""protection of women.""

±±4:34 This expression simply means that God is appointing the husband as ""captain of the ship."" Marriage is like a ship, and the captain runs it after due consultation with his officers. A believing wife readily accepts God's appointment, without mutiny.",False
*,4:46,4,The word “Raa’ena” was twisted by some Hebrew speaking people to sound like a dirty word. See 2:104.,"The word “Raa’ena” was twisted by some Hebrew speaking people to sound like
a dirty word. See 2:104.",105,86,"[41.9, 606.198, 477.337, 631.548]","[0.080904, 0.848185, 0.921678, 0.883655]","The word ""Raa'ena"" was twisted by some Hebrew speaking people to sound like a dirty word. See 2:104.",False
*,4:48,4,"Idolatry is not forgivable, if maintained until death. One can always repent from any offense, including idolatry (40:66).","Idolatry is not forgivable, if maintained until death. One can always repent from
any offense, including idolatry (40:66).",105,86,"[41.4, 632.598, 476.437, 654.7]","[0.079938, 0.885124, 0.91994, 0.916049]","Idol worship is not forgivable, if maintained until death. One can always repent from any offense, including idolatry before death comes (see 4:18 & 40:66).",False
*,4:79,4,"Bearing in mind that God is the ultimate doer of everything (4:78 & 8:17), bad things are strictly a consequence of our own deeds (42:30, 64:11).","Bearing in mind that God is the ultimate doer of everything (4:78 & 8:17), bad
things are strictly a consequence of our own deeds (42:30, 64:11).",109,90,"[41.9, 632.598, 476.756, 657.798]","[0.080904, 0.885124, 0.920556, 0.920383]","Muhammad was not given any proof of prophethood. Hence the expression ""God suffices as a witness"" (29:51-52). The gematrical value of ""Muhammad"" is 92, and 92 + 79 = 171 = 19 x 9.",False
*,4:82,4,"Although the Quran was revealed during the dark ages, you cannot find any nonsense in it; another proof of divine authorship (see the Introduction and App. 1).","Although the Quran was revealed during the dark ages, you cannot find any
nonsense in it; another proof of divine authorship (see the Introduction and App. 1).",110,91,"[40.2, 638.748, 478.168, 664.147]","[0.077621, 0.893729, 0.923282, 0.929267]","Although the Quran was revealed during the dark ages, you cannot find any nonsense in it; another proof of divine authorship (see the Introduction and App. 1).",True
*,4:89,4,The basic rule controlling all fighting is stated in 60:8-9.,The basic rule controlling all fighting is stated in 60:8-9.,111,92,"[42.35, 652.398, 346.382, 664.398]","[0.081773, 0.912828, 0.66882, 0.929618]",The basic rule controlling all fighting is stated in 60:8-9.,True
*,4:103,4,"Your god is whoever or whatever preoccupies your mind most of the day. In order to belong in God’s kingdom, and enjoy His grace and protection, the Quran exhorts us to remember God “always” (2:152 & 200, 3:191, 33:41-42). This profound fad explains the numerous verses asserting that “most” of those who do believe in God are going to Hell (12:106, 23:84-89, 29:61-63, 31:25, 39:38, 43:87). See Footnote 3:191 and Appendix 27.","Your god is whoever or whatever preoccupies your mind most of the day. In
order to belong in God’s kingdom, and enjoy His grace and protection, the Quran ex
horts us to remember God “always” (2:152 & 200, 3:191, 33:41-42). This profound fad
explains the numerous verses asserting that “most” of those who do believe in God are
going to Hell (12:106, 23:84-89, 29:61-63, 31:25, 39:38, 43:87). See Footnote 3:191 and
Appendix 27.",114,95,"[39.95, 581.498, 480.322, 660.695]","[0.077138, 0.813625, 0.927442, 0.924437]","Your god is whoever or whatever occupies your mind most of the day. In order to belong in God's kingdom, and enjoy His grace and protection, the Quran exhorts us to remember God ""always"" (2:152 & 200, 3:191, 33:41-42). This profound fact explains the numerous verses asserting that ""most"" of those who believe in God are going to Hell (12:106, 23:84-89, 29:61-63, 31:25, 39:38, 43:87). See Footnote 3:191 and Appendix 27.",False
*,4:116,4,A simple definition of idolatry: Believing that anything beside God can help you.,A simple definition of idolatry: Believing that anything beside God can help you.,116,97,"[41.15, 638.498, 474.528, 651.148]","[0.079455, 0.893379, 0.916254, 0.911079]",A simple definition of idolatry: Believing that anything beside God can help you.,True
*,4:118,4,The majority of believers in God fall into idolatry (12:106).,The majority of believers in God fall into idolatry (12:106).,116,97,"[41.15, 651.148, 474.528, 663.798]","[0.079455, 0.911079, 0.916254, 0.928779]",The majority of believers in God fall into idolatry (12:106).,True
*,4:125,4,"All messengers since Adam have preached one and the same religion. Abraham was the original messenger of the creed named “Islam” (22:78, Appendix 26). “Islam” is not a name, but rather a description meaning “Submission. ”","All messengers since Adam have preached one and the same religion. Abraham
was the original messenger of the creed named “Islam” (22:78, Appendix 26). “Islam”
is not a name, but rather a description meaning “Submission. ”",117,98,"[41.15, 620.248, 480.25, 658.747]","[0.079455, 0.867844, 0.927303, 0.921711]","All messengers since Adam have preached one and the same religion. Abraham was the original messenger of the creed named ""Islam"" (22:78, Appendix 26). ""Islam"" is not a name, but rather a description meaning ""Submission.""",False
*,4:157-158,4,"Jesus, the real person, the soul, was raised in the same manner as in the death of any human being. Subsequently, his enemies tortured and crucified his living, but empty, body. See Appendix 22 and the book “Doctrine Development in Christianity” by Lisa Spray (Renaissance Productions, Tucson, Arizona, 1989).","Jesus, the real person, the soul, was raised in the same manner as in the
death of any human being. Subsequently, his enemies tortured and crucified his living,
but empty, body. See Appendix 22 and the book “Doctrine Development in
Christianity” by Lisa Spray (Renaissance Productions, Tucson, Arizona, 1989).",122,103,"[40.9, 608.598, 478.532, 661.048]","[0.078973, 0.851543, 0.923985, 0.924931]","Jesus, the real person, the soul, was raised in the same manner as in the death of any righteous person. Subsequently, his enemies arrested, tortured, and crucified his living, but empty, body. See Appendices 17 & 22, and the book ""Jesus: Myths and Message"" by Lisa Spray (Universal Unity, Fremont, California, 1992).",False
*,5:2,5,"Hunting and the cutting of plants are forbidden during pilgrimage for the conservation of natural resources. With thousands of pilgrims converging on Mecca, if hunting were permitted, the land would quickly be stripped of its natural resources. Animal offerings are made part of the pilgrimage to provide for the converging pilgrims, as well as the local population, and to replenish any depleted supplies. See 2:196.","Hunting and the cutting of plants are forbidden during pilgrimage for the conser
vation of natural resources. With thousands of pilgrims converging on Mecca, if hunt
ing were permitted, the land would quickly be stripped of its natural resources. Animal
offerings are made part of the pilgrimage to provide for the converging pilgrims, as well
as the local population, and to replenish any depleted supplies. See 2:196.",125,106,"[40.9, 592.048, 477.694, 656.746]","[0.078973, 0.828387, 0.922367, 0.918911]","Hunting and the cutting of plants are forbidden during pilgrimage for the conservation of natural resources. With thousands of pilgrims converging on Mecca, if hunting were permitted, the land would quickly be stripped of its natural resources. Animal offerings are made part of the pilgrimage to provide for the converging pilgrims, as well as the local population, and to replenish any depleted supplies. See 2:196.",False
*,5:3,5,"The “meat” of the pig is prohibited, not the “fat” Anything that is not specifically prohibited in the Quran must be considered lawful. See 6:145-146.","The “meat” of the pig is prohibited, not the “fa t” Anything that is not specifically
prohibited in the Quran must be considered lawful. See 6:145-146.",126,107,"[39.5, 640.148, 478.208, 661.85]","[0.07627, 0.895688, 0.92336, 0.926053]","The ""meat"" of the pig is prohibited, not the ""fat."" Anything that is not specifically prohibited in the Quran must be considered lawful. See 6:145-146.",False
*,5:12,5,"If you fulfill the requirements stated in this verse, God will let you know that He is with you; you will have no doubt about it. Prominent among God’s signs are mathematical signs for those who understand the Quran’s miracle (Appendix 1).","If you fulfill the requirements stated in this verse, God will let you know that He
is with you; you will have no doubt about it. Prominent among God’s signs are mathe
matical signs for those who understand the Quran’s miracle (Appendix 1).",128,109,"[38.75, 622.148, 480.528, 654.43]","[0.074821, 0.870502, 0.927839, 0.915671]","If you fulfill the requirements stated in this verse, God will let you know that He is with you; you will have no doubt about it. Prominent among God's signs are mathematical signs for those who understand the Quran's miracle (Appendix 1).",False
*,5:19,5,"The name of this messenger is mathematically coded into the Quran as “Rashad Khalifa.” This very special verse warrants the presentation of specific evidence. By adding the gematrical value of the name “Rashad” (505), plus the value of the name “Khalifa” (725), plus the number of this sura (5), plus the number of this verse (19). we obtain a total of 505+725+5+19 = 1254, or 19x66. More evidence and specific details are given in Appendix 2.","The name of this messenger is mathematically coded into the Quran as “Rashac
Khalifa.” This very special verse warrants the presentation of specific evidence. By ad
ding the gematrical value of the name “Rashad” (505), plus the value of the name
“Khalifa” (725), plus the number of this sura (5), plus the number of this verse (19).
we obtain a total of 505+725+5+19 = 1254, or 19x66. More evidence and specific
details are given in Appendix 2.",130,111,"[40.7, 575.948, 481.036, 655.746]","[0.078587, 0.80586, 0.92882, 0.917512]","This verse reports the fulfillment of the biblical and Quranic prophecy regarding the advent of God's Messenger of the Covenant (Malachi 3:1, Quran 3:81). The name of this messenger is mathematically coded into the Quran as ""Rashad Khalifa."" This very special verse warrants the presentation of specific evidence. By adding the gematrical value of ""Rashad"" (505), plus the value of ""Khalifa"" (725), plus the sura number (5), plus the verse number (19), we obtain a total of 505+725+5+19 = 1254, or 19x66. Nineteen is the Quran's common denominator, which was revealed through Rashad Khalifa. More evidence and specific details are in Appendix 2.",False
*,5:27-31,5,The names of the two sons involved in this first murder are not relevant. But they are given in the Bible as Abel and Cain. See Genesis 4:2-9.,"The names of the two sons involved in this first murder are not relevant. But
they are given in the Bible as Abel and Cain. See Genesis 4:2-9.",131,112,"[39.7, 643.048, 476.632, 663.376]","[0.076656, 0.899745, 0.920317, 0.928188]",The names of the two sons involved in this first murder are not relevant. But they are given in the Bible as Abel and Cain (Genesis 4:2-9).,False
*,5:38,5,"The practice of cutting off the thief s hand, as decreed by the false Muslims, is a satanic practice without Quranic basis. Due to the special importance of this example, God has provided mathematical proof in support of marking the hand of the thief, rather than severing it Verse 12:31 refers to the women who so admired Joseph that they “cut” their hands. Obviously, they did not “cut off’ their hands; nobody can. The sum of sura and verse numbers are the same for 5:38 and 12:31, i.e., 43. It is also the will and mercy of God that this mathematical relationship conforms with the Quran’s 19-based code. Nineteen verses after 12:31, we see the same word (12:50).","The practice of cutting off the thief s hand, as decreed by the false Muslims, is a
satanic practice without Quranic basis. Due to the special importance of this example,
God has provided mathematical proof in support of marking the hand of the theif,
rather than severing it Verse 12:31 refers to the women who so admired Joseph that
they “cut” their hands. Obviously, they did not “cut off’ their hands; nobody can. The
sum of sura and verse numbers are the same for 5:38 and 12:31, i.e., 43. It is also the
will and mercy of God that this mathematical relationship conforms with the Quran’s
19-based code. Nineteen verses after 12:31, we see the same word (12:50).",133,114,"[41.15, 564.698, 477.128, 661.902]","[0.079455, 0.790119, 0.921274, 0.926126]","The practice of cutting off the thief's hand, as decreed by the false Muslims, is a satanic practice without Quranic basis. Due to the special importance of this example, God has provided mathematical proof in support of marking the hand of the thief, rather than severing it. Verse 12:31 refers to the women who so admired Joseph that they ""cut"" their hands. Obviously, they did not ""cut off"" their hands; nobody can. The sum of sura and verse numbers are the same for 5:38 and 12:31, i.e., 43. It is also the will and mercy of God that this mathematical relationship conforms with the Quran's 19-based code. Nineteen verses after 12:31, we see the same word (12:50).",False
*,5:51,5,"Relations with other people are governed by the basic rule in 5:57 & 60:8-9. The Jews and Christians who cannot be friends are specifically mentioned in 5:57; they are the ones who mock and ridicule the believers, or attack them.","Relations with other people are governed by the basic rule in 5:57 & 60:8-9. The
Jews and Christians who cannot be friends are specifically mentioned in 5:57; they are
the ones who mock and ridicule the believers, or attack them.",136,117,"[40.2, 628.548, 478.5, 660.59]","[0.077621, 0.879457, 0.923924, 0.92429]","Relations with other people are governed by the basic rule in 5:57 & 60:8-9. The Jews and Christians who cannot be friends are specifically mentioned in 5:57; they are the ones who mock and ridicule the believers, or attack them.",True
*,5:72-76,5,"Many theologians have concluded, after careful research, that today’s Christianity is not the same Christianity taught by Jesus. Two outstanding books on this subject are “The Myth of God Incarnate” (The Westminster Press, Philadelphia, 1977) and The “Mythmaker” (Harper & Row, New York, 1986). On the front jacket of “The Mythmaker” we read the following statement: “...Hyam Maccoby presents new arguments to support the view that Paul, not Jesus, was the founder of Christianity....it was Paul alone who created a new religion through his vision of Jesus as a divine Saviour who died to save humanity.”","Many theologians have concluded, after careful research, that today’s Chris
tianity is not the same Christianity taught by Jesus. Two outstanding books on this
subject are “The Myth of God Incarnate” (The Westminster Press, Philadelphia, 1977)
and The “Mythmaker” (Harper & Row, New York, 1986). On the front jacket of “The
Mythmaker” we read the following statement: “...Hyam Maccoby presents new argu
ments to support the view that Paul, not Jesus, was the founder of Christianity....it was
Paul alone who created a new religion through his vision of Jesus as a divine Saviour who
died to save humanity.”",139,120,"[40.7, 557.748, 479.175, 659.577]","[0.078587, 0.780395, 0.925227, 0.922873]","In John 20:17, we see that Jesus taught that he was neither God, nor the son of God. Many theologians have concluded, after careful research, that today's Christianity is not the same Christianity taught by Jesus. Two outstanding books on this subject are ""The Myth of God Incarnate"" (The Westminster Press, Philadelphia, 1977) and ""The Mythmaker"" (Harper & Row, New York, 1986). On the front jacket of ""The Mythmaker"" we read the following statement: ""...Hyam Maccoby presents new arguments to support the view that Paul, not Jesus, was the founder of Christianity....it was Paul alone who created a new religion through his vision of Jesus as a divine Saviour who died to save humanity.""",False
*,5:97,5,The idol-worshiping Muslims have instituted two “Sacred Mosques” by consecrating the Prophet’s tomb. The Quran talks only about one Sacred Mosque.,"The idol-worshiping Muslims have instituted two “Sacred Mosques” by con
secrating the Prophet’s tomb. The Quran talks only about one Sacred Mosque.",143,124,"[40.7, 635.948, 477.636, 661.048]","[0.078587, 0.889811, 0.922255, 0.924931]","The idol-worshiping Muslims have instituted two ""Sacred Masjids"" by consecrating the Prophet's tomb. The Quran talks only about one Sacred Masjid.",False
*,5:114-115,5,"The Quran’s overwhelming miracle (Appendix 1) is described in 74:35 as “One of the greatest miracles, ” and brings with it an uncommonly great responsibility.","The Quran’s overwhelming miracle (Appendix 1) is described in 74:35 as
“One of the greatest miracles, ” and brings with it an uncommonly great responsibility.",146,127,"[39.7, 612.948, 478.778, 636.083]","[0.076656, 0.85763, 0.92446, 0.89]","The Quran's overwhelming miracle (Appendix 1) is described in 74:35 as ""One of the greatest miracles,"" and brings with it an uncommonly great responsibility.",False
*,5:116,5,It is noteworthy that the Quran consistently calls Jesus “son of Mary” and the Bible calls him “son of man. ” God knew that they will call him “son of God!”,"It is noteworthy that the Quran consistently calls Jesus “son of Mary” and the
Bible calls him “son of man. ” God knew that they will call him “son of God!”",146,127,"[39.7, 636.083, 478.778, 659.218]","[0.076656, 0.89, 0.92446, 0.92237]","It is noteworthy that the Quran consistently calls Jesus ""son of Mary"" and the Bible calls him ""son of man."" God knew that some will blaspheme and call him ""son of God""!",False
*,6:19,6,"This verse proclaims the Quran as the only source of religious guidance. Those who uphold additional sources, such as Hadith & Sunna, are defined as idolators.","This verse proclaims the Quran as the only source of religious guidance. Those
who uphold additional sources, such as Hadith & Sunna, are defined as idolators.",149,130,"[42.35, 627.798, 477.541, 652.998]","[0.081773, 0.878408, 0.922072, 0.913667]","This verse proclaims the Quran as the only source of religious guidance. Those who uphold additional sources, such as Hadith & Sunna (lies attributed to the Prophet), are defined as idolators.",False
*,6:23,6,"Now and forever, the idol worshipers vehemently deny that they are idolators.","Now and forever, the idol worshipers vehemently deny that they are idolators.",149,130,"[41.4, 654.098, 473.34, 663.866]","[0.079938, 0.915206, 0.91396, 0.928874]","Now and forever, the idol worshipers vehemently deny that they are idolators.",True
*,6:28,6,"This is because as soon as we enter into our worldly dimension, we become totally unaware of events in the dimension of souls, where God and His angels, anc Heaven and Hell, can be seen. Thus, the guilty will not change their behavior, even after seeing the eternal dimension.","This is because as soon as we enter into our worldly dimension, we become
totally unaware of events in the dimension of souls, where God and His angels, anc
Heaven and Hell, can be seen. Thus, the guilty will not change their behavior, even
after seeing the eternal dimension.",150,231,"[39.7, 608.148, 478.348, 660.198]","[0.076656, 0.850914, 0.92363, 0.923741]","This is because as soon as we enter into our worldly dimension, we become totally unaware of events in the dimension of souls, where God and His angels, and Heaven and Hell, can be seen. Thus, the guilty will not change their behavior, even after seeing that eternal dimension.",False
*,6:38,6,"All information relevant to our eternal life of the Hereafter is contained in the Quran. The true believers accept, without hesitation, God’s assertion: “We did not leave anything out of this book. ” The importance of this statement, and similar statements, is reflected in the fact that each of them consists of 19 Arabic letters (App. 19).","All information relevant to our eternal life of the Hereafter is contained in the
Quran. The true believers accept, without hesitation, God’s assertion: “We did not
leave anything out of this book. ” The importance of this statement, and similar state
ments, is reflected in the fact that each of them consists of 19 Arabic letters (App. 19).",151,132,"[40.7, 596.748, 478.376, 648.346]","[0.078587, 0.834963, 0.923684, 0.907158]","Animals were among the creatures who took advantage of God's offer to repent after committing the original sin (see the Introduction).

±±6:38 All information relevant to our eternal life of the Hereafter is contained in the Quran. The true believers accept, without hesitation, God's assertion: ""We did not leave anything out of this book."" The importance of this statement, and similar statements, is reflected in the fact that each of them consists of 19 Arabic letters (Appendix 19).",False
*,6:44,6,"Before the guilty are thrown out the window, they are taken up to a high floor.","Before the guilty are thrown out the window, they are taken up to a high floor.",151,132,"[40.45, 657.198, 473.002, 666.133]","[0.078104, 0.919544, 0.913308, 0.932046]","Before the guilty are thrown out the window, they are taken up to a high floor.",True
*,6:92,6,"Today’s “most important community” is America, where God’s message is being restored. When the Quran was revealed, Mecca was the most important community.","Today’s “most important community” is America, where God’s message is being
restored. When the Quran was revealed, Mecca was the most important community.",158,139,"[38.75, 634.398, 478.136, 659.748]","[0.074821, 0.887642, 0.923221, 0.923112]","Today's ""most important community"" is America, where God's message is being restored. When the Quran was revealed, Mecca was the most important community.",False
*,6:113-115,6,Upholding any source besides the Quran reflects disbelief in the Quran.,Upholding any source besides the Quran reflects disbelief in the Quran.,161,142,"[43.1, 649.398, 452.42, 661.398]","[0.083221, 0.90863, 0.873566, 0.92542]",,False
*,6:121,6,Dietary prohibitions instituted by other than God represent idolatry.,Dietary prohibitions instituted by other than God represent idolatry.,162,143,"[39.5, 605.248, 478.994, 618.423]","[0.07627, 0.846856, 0.924877, 0.86529]",Dietary prohibitions instituted by other than God represent idolatry.,True
*,6:124,6,"Jealousy and ego are human traits that provoke some people to question God’s wisdom in selecting His messengers. Every messenger was ridiculed by the disbelievers (21:36, 25:41, 43:31).","Jealousy and ego are human traits that provoke some people to question God’s
wisdom in selecting His messengers. Every messenger was ridiculed by the disbelievers
(21:36, 25:41, 43:31).",162,143,"[39.5, 618.423, 478.994, 657.948]","[0.07627, 0.86529, 0.924877, 0.920593]",Jealousy and ego are human traits that provoke some people to question God's wisdom in selecting His messengers. Corrupted Muslim scholars have uttered this same utterance regarding the revelation of the Quran's mathematical code through God's Messenger of the Covenant.,False
*,6:125,6,"Centuries after the revelation of the Quran, we learned that the proportion of oxygen diminishes as we climb towards the sky, and our chests gasp for air.","Centuries after the revelation of the Quran, we learned that the proportion of
oxygen diminishes as we climb towards the sky, and our chests gasp for air.",163,144,"[41.15, 635.848, 478.143, 656.226]","[0.079455, 0.889671, 0.923234, 0.918184]","Centuries after the revelation of the Quran, we learned that the proportion of oxygen diminishes as we climb towards the sky, and we gasp for air.",False
*,6:137,6,"A perfect example is the internationally infamous incident of the execution of a Saudi Arabian princess in 1978 for alleged adultery. God’s law institutes whipping; not execution, as a punishment for adultery (24:1-2), while the idolatrous laws stipulate execution. As pointed out in 42:21, the traditionalists follow a religion that is not authorized by God.","A perfect example is the internationally infamous incident of the execution of a
Saudi Arabian princess in 1978 for alleged adultery. God’s law institutes whipping; not
execution, as a punishment for adultery (24:1-2), while the idolatrous laws stipulate
execution. As pointed out in 42:21, the traditionalists follow a religion that is not
authorized by God.",164,145,"[37.799, 597.698, 478.948, 655.261]","[0.072985, 0.836292, 0.924789, 0.916834]","A perfect example is the internationally infamous incident of the execution of a Saudi Arabian princess in 1978 for alleged adultery. God's law institutes whipping, not execution, as a punishment for adultery (24:1-2), while the idolatrous laws stipulate execution. As pointed out in 42:21, the traditionalists follow a religion that is not authorized by God.",False
*,6:141,6,"Zakat charity is so important, the Most Merciful has restricted His mercy to those who give it (7:156). Yet, the Muslim world has lost this commandment; they give Zakat only once a year. We see here that Zakat must be given away “the day we receive income.” The proportion that came to us through Abraham is 2.5% of our net income.","Zakat charity is so important, the Most Merciful has restricted His mercy to
those who give it (7:156). Yet, the Muslim world has lost this commandment; they give
Zakat only once a year. We see here that Zakat must be given away “the day we receive
income.” The proportion that came to us through Abraham is 2.5% of our net income.",165,146,"[41.15, 612.698, 477.279, 658.335]","[0.079455, 0.85728, 0.921566, 0.921135]","Zakat charity is so important, the Most Merciful has restricted His mercy to those who give it (7:156). Yet, the corrupted Muslims have lost this most important commandment; they give Zakat only once a year. We see here that Zakat must be given away ""On the day we receive income."" The proportion that came to us through Abraham is 2.5% of our net income.",False
*,6:145-146,6,"Only four kinds of animal products are prohibited: animals that die of themselves, running blood (not trapped within the meat), the meat of pigs, and animals dedicated to other than their Creator. Verse 146 informs us that such prohibitions an very specific; God prohibits either,(the meat” or “the fat, ” or both, if He so wills.","Only four kinds of animal products are prohibited: animals that die of them
selves, running blood (not trapped within the meat), the meat of pigs, and animali
dedicated to other than their Creator. Verse 146 informs us that such prohibitions an
very specific; God prohibits either,(the meat” or “the fat, ” or both, if He so wills.",166,147,"[39.7, 606.098, 480.814, 657.946]","[0.076656, 0.848045, 0.928392, 0.92059]","Only four kinds of animal products are prohibited: animals that die of themselves, running blood (not trapped within the meat), the meat of pigs, and animals dedicated to other than their Creator. Verse 146 informs us that such prohibitions are very specific; God prohibits either ""the meat"" or ""the fat,"" or both, if He so wills.",False
*,6:149,6,"The Quran’s mathematical code is a tangible and utterly incontrovertible proof that this is God’s message to the world. It takes divine intervention to prevent any reader from appreciating this extraordinary phenomenon, then falling prostrate, and accepting this overwhelming miracle (see 17:45-46, 18:57, 56:79, and Appendix One).","The Quran’s mathematical code is a tangible and utterly incontrovertible proof
that this is God’s message to the world. It takes divine intervention to prevent any
reader from appreciating this extraordinary phenomenon, then falling prostrate, and
accepting this overwhelming miracle (see 17:45-46, 18:57, 56:79, and Appendix One).",167,148,"[40.7, 620.348, 477.862, 664.885]","[0.078587, 0.867984, 0.922692, 0.930299]","The Quran's mathematical code is a tangible and utterly incontrovertible proof that this is God's message to the world. It takes divine intervention to prevent any reader from appreciating this extraordinary phenomenon, then falling prostrate, and accepting this overwhelming miracle (see 17:45-46, 18:57, 56:79, and Appendix One).",False
*,6:158,6,"After believing, the soul must grow and develop through the worship practices prescribed by God.","After believing, the soul must grow and develop through the worship practices
prescribed by God.",169,150,"[41.65, 635.498, 478.055, 657.65]","[0.080421, 0.889181, 0.923064, 0.920176]","After believing, the soul must grow and develop through the worship practices prescribed by God.",True
*,7:1,7,See Appendix 1 for the role of these initials in the Quran’s mathematical miracle. *7-9 Failing to heed our Creator leads to starvation and eventual “loss” of the soul.,"See Appendix 1 for the role of these initials in the Quran’s mathematical miracle.
*7-9 Failing to heed our Creator leads to starvation and eventual “loss” of the soul.",170,151,"[39.7, 639.548, 475.672, 660.575]","[0.076656, 0.894848, 0.918463, 0.924269]",See Appendix 1 for the role of these initials in the Quran's mathematical miracle.,False
*,7:16,7,"Satan is a proven liar, and so are his constituents (see 2:36, 6:22-23, & 7:20).","Satan is a proven liar, and so are his constituents (see 2:36, 6:22-23, & 7:20).",171,152,"[40.2, 660.948, 473.139, 670.083]","[0.077621, 0.924791, 0.913572, 0.937572]","Satan is a proven liar, and so are his constituents (see 2:36, 6:22-23, & 7:20).",True
*,7:46-49,7,"Initially, there will be 4 places: (1) the High Heaven, (2) the Lower Heaven, (3) the Purgatory, and (4) Hell. The Purgatory will be annexed into the Lower Heaven.","Initially, there will be 4 places: (1) the High Heaven, (2) the Lower Heaven,
(3) the Purgatory, and (4) Hell. The Purgatory will be annexed into the Lower Heaven.",175,156,"[41.4, 637.048, 473.392, 658.746]","[0.079938, 0.89135, 0.914061, 0.92171]","Initially, there will be 4 places: (1) the High Heaven, (2) the Lower Heaven, (3) the Purgatory, and (4) Hell. The Purgatory will be annexed into the Lower Heaven.",True
*,7:54,7,The six days of creation are allegorical; they serve as a yardstick to let us know the relative complexity of our planet Earth—it was created in “4 days” (see 41:10).,"The six days of creation are allegorical; they serve as a yardstick to let us know
the relative complexity of our planet Earth—it was created in “4 days” (see 41:10).",176,157,"[38.5, 644.148, 477.892, 665.946]","[0.074339, 0.901284, 0.92275, 0.931784]","The six days of creation are allegorical; they serve as a yardstick to let us know the relative complexity of our infinitesimal planet Earth—it was created in ""4 days"" (see 41:10).",False
*,7:102,7,"“We” here includes the humans. This life is our last chance to redeem ourselves, but most people are proven to be stubbornly evil (see the INTRODUCTION).","“We” here includes the humans. This life is our last chance to redeem oursel
ves, but most people are proven to be stubbornly evil (see the INTRODUCTION).",182,163,"[38.5, 636.348, 480.732, 658.021]","[0.074339, 0.890371, 0.928233, 0.920695]","This life is our last chance to redeem ourselves, but most people are proven to be stubbornly rebellious and evil (see the INTRODUCTION).",False
*,7:142,7,"The manner in which these numbers are mentioned is significant. As detailed in Appendix 1, all the numbers mentioned in the Quran add up to 162146, 19x8534.","The manner in which these numbers are mentioned is signiffcant. As detailed in
Appendix 1, all the numbers mentioned in the Quran add up to 162146, 19x8534.",186,167,"[38.3, 643.748, 478.004, 665.571]","[0.073953, 0.900725, 0.922966, 0.931259]","The manner in which these numbers are mentioned is significant. As detailed in Appendix 1, all the numbers mentioned in the Quran add up to 162146, 19x8534.",False
*,7:148,7,How the golden calf acquired the sound of a calf is explained in 20:96.,How the golden calf acquired the sound of a calf is explained in 20:96.,187,168,"[39.95, 653.148, 475.401, 663.08]","[0.077138, 0.913877, 0.91794, 0.927774]",How the golden calf acquired the sound of a calf is explained in Footnote 20:96.,False
*,7:156,7,"The importance of the obligatory charity (Zakat) cannot be over emphasized. As instituted in 6:141, Zakat must be given away upon receiving any income—2.5% of one’s net income must be given to the parents, the relatives, the orphans, the poor, and the traveling alien, in this order (see 2:215).","The importance of the obligatory charity (Zakat) cannot be over emphasized. As
instituted in 6:141, Zakat must be given away upon receiving any income—2.5% of
one’s net income must be given to the parents, the relatives, the orphans, the poor, and
the traveling alien, in this order (see 2:215).",189,170,"[40.2, 595.548, 477.751, 647.498]","[0.077621, 0.833284, 0.922477, 0.905972]","The importance of the obligatory charity (Zakat) cannot be over emphasized. As instituted in 6:141, Zakat must be given away upon receiving any income—2.5% of one's net income must be given to the parents, the relatives, the orphans, the poor, and the traveling alien, in this order (see 2:215).",False
*,7:157,7,Muhammad is prophesied in Deuteronomy 18:15-19 and John 14:16-17 & 16:13.,Muhammad is prophesied in Deuteronomy 18:15-19 and John 14:16-17 & 16:13.,189,170,"[39.7, 648.698, 475.408, 657.883]","[0.076656, 0.907651, 0.917953, 0.920502]",Muhammad is prophesied in Deuteronomy 18:15-19 and John 14:16-17 & 16:13.,True
*,7:172,7,"Thus, every human being is born with an instinctive knowledge about God.","Thus, every human being is born with an instinctive knowledge about God.",192,173,"[39.7, 636.198, 472.624, 648.873]","[0.076656, 0.890161, 0.912578, 0.907896]","Thus, every human being is born with an instinctive knowledge about God.",True
*,7:174,7,This life is our last chance to return to God’s Kingdom (See INTRODUCTION).,This life is our last chance to return to God’s Kingdom (See INTRODUCTION).,192,173,"[39.7, 648.873, 472.624, 661.548]","[0.076656, 0.907896, 0.912578, 0.92563]",This life is our last chance to return to God's Kingdom (See INTRODUCTION).,False
*,7:187,7,"This right time to reveal this information was predestined to be 1980 A.D., through God's Messenger of the Covenant (See 15:87, 72:27, and Appendices 2 & 11).","This right time to reveal this information was predestined to be 1980 A.D.,
through God's Messenger of the Covenant (See 15:87, 72:27, and Appendices 2 & 11).",193,174,"[41.15, 622.148, 476.162, 647.498]","[0.079455, 0.870502, 0.919409, 0.905972]","The right time to reveal this information was predestined to be 1980 A.D., through God's Messenger of the Covenant (See 15:87, 72:27, and Appendices 2 & 11).

±±7:187 The ""Hour"" comes ""suddenly"" only to the disbelievers (See Appendix 11).",False
**,7:187,7,The “Hour” comes “suddenly” only to the disbelievers (See Appendix 11).,The “Hour” comes “suddenly” only to the disbelievers (See Appendix 11).,193,174,"[42.1, 650.348, 449.428, 662.348]","[0.08129, 0.909959, 0.867789, 0.92675]","The right time to reveal this information was predestined to be 1980 A.D., through God's Messenger of the Covenant (See 15:87, 72:27, and Appendices 2 & 11).

±±7:187 The ""Hour"" comes ""suddenly"" only to the disbelievers (See Appendix 11).",False
*,7:205,7,"Your god is whoever or whatever occupies your mind most of the day. This explains the fact that most of those who believe in God are destined for Hell (See 12:106, 23:84-90, and Appendix 27).","Your god is whoever or whatever occupies your mind most of the day. This
explains the fact that most of those who believe in God are destined for Hell (See
12:106, 23:84-90, and Appendix 27).",195,176,"[41.15, 624.348, 476.344, 662.598]","[0.079455, 0.873581, 0.919761, 0.927099]","Your god is whoever or whatever occupies your mind most of the day. This explains the fact that most of those who believe in God are destined for Hell (See 12:106, 23:84-90, and Appendix 27).",True
*,8:12-16,8,All wars are governed by the basic rule in 60:8-9.,All wars are governed by the basic rule in 60:8-9.,197,178,"[41.9, 648.348, 327.86, 660.348]","[0.080904, 0.907161, 0.633057, 0.923951]",All wars are governed by the basic rule in 60:8-9.,True
*,8:17,8,"Believing in God necessitates believing in His qualities, one of which is that He is doing everything. Without knowing God, there is no belief (23:84-90). Bad things are incurred by us, and executed by Satan, in accordance with God’s laws (4:78-79, 42:30).","Believing in God necessitates believing in His qualities, one of which is that He is
doing everything. Without knowing God, there is no belief (23:84-90). Bad things are
incurred by us, and executed by Satan, in accordance with God’s laws (4:78-79, 42:30).",198,,"[37.549, 627.798, 478.404, 666.448]","[0.072502, 0.878408, 0.923738, 0.932486]","Believing in God necessitates believing in His qualities, one of which is that He is doing everything. Without knowing God, there is no belief (23:84-90). Bad things are incurred by us, and executed by Satan, in accordance with God's laws (4:78-79, 42:30).",False
*,8:35,8,"All religious practices in Islam came to us through Abraham, many centuries before the Quran (21:73, 22:78).","All religious practices in Islam came to us through Abraham, many centuries
before the Quran (21:73, 22:78).",200,181,"[40.2, 631.148, 478.018, 657.198]","[0.077621, 0.883095, 0.922993, 0.919544]","All religious practices in Islam came to us through Abraham; when the Quran was revealed, all rites in ""Submission"" were already in existence (21:73, 22:78).",False
*,9:1,9,"The absence of Basmalah from this sura is not only a profound sign from the Almighty Author of the Quran that this sura has been tampered with, but also represents an awesome miracle in its own right. See the details in Appendices 24 & 29.","The absence of Basmalah from this sura is not only a profound sign from the
Almighty Author of the Quran that this sura has been tampered with, but also repre
sents an awesome miracle in its own right. See the details in Appendices 24 & 29.",206,187,"[39.25, 625.048, 480.502, 658.261]","[0.075787, 0.87456, 0.927789, 0.921031]","The absence of Basmalah from this sura is not only a profound sign from the Almighty Author of the Quran that this sura has been tampered with, but also represents an awesome miracle in its own right. See the details in Appendices 24 & 29.

±9:1 & ±9:127 This is the only sura that is not prefixed with the Basmalah. This phenomenon has puzzled the students of the Quran for 14 centuries, and many theories were advanced to explain it. Now we realize that the conspicuous absence of the Basmalah serves three purposes: (1) It represents an advance divine proclamation that the idol worshipers were destined to tamper with the Quran by adding 2 false verses (9:128-129). (2) It demonstrates one of the functions of God's mathematical code in the Quran, namely, to guard the Quran against any alteration. (3) It provides additional miraculous features of the Quran's code. Due to their extraordinary importance, the details are given in Appendices 24 and 29. One immediate observation is that the number of occurrences of the word ""God"" at the end of Sura 9 is 1273 (19x67). If the two false verses 128 & 129 are included, this phenomenon—and many more—will vanish.",False
*,9:33,9,"This statement is mentioned three times in the Quran—9:33, 48:28, and 61:9. There is evidence that these three occurrences refer to the “Three Messengers of Islam” (Abraham, Muhammad, and Rashad). See Appendices 1, 2, and 26..","This statement is mentioned three times in the Quran—9:33, 48:28, and 61:9.
There is evidence that these three occurrences refer to the “Three Messengers of
Islam” (Abraham, Muhammad, and Rashad). See Appendices 1, 2, and 26..",211,192,"[41.4, 603.798, 477.816, 641.948]","[0.079938, 0.844827, 0.922603, 0.898206]","This statement, letter for letter, occurs here and in 61:9. If we write down the gematrical value of ""Rashad"" (505), followed by the value of ""Khalifa"" (725), followed by the sura and verse numbers where this statement occurs (9:33 & 61:9), we get 505 725 9 33 61 9, a multiple of 19. This confirms that the messenger here is Rashad Khalifa. Additionally, the number of verses from 9:33 to 61:9 (3902)+9+33+61+9+the value of ""Rashad Khalifa"" (1230) gives 5244, also a multiple of 19. The gematrical value of 9:33 & 61:9, calculated by adding the values of every letter, is 7858. By adding this number, plus the number of letters in the two verses (120), plus the number of verses from 9:33 to 61:9 (3902), plus the value of ""Rashad Khalifa"" (1230), we get 7858+120+3902+1230 = 13110 = 19x690. See Appendices 1, 2, and 26.",False
*,9:36,9,"The word “month” is mentioned in the Quran 12 times, and “day” 365 times. This is another miraculous feature of the Quran’s mathematical composition.","The word “month” is mentioned in the Quran 12 times, and “day” 365 times.
This is another miraculous feature of the Quran’s mathematical composition.",211,192,"[41.4, 643.148, 475.844, 664.55]","[0.079938, 0.899885, 0.918795, 0.929831]","The word ""month"" is mentioned in the Quran 12 times, and ""day"" 365 times.",False
*,9:37,9,"The prevalent Sacred Months in today’s Muslim World are Rajab, Zul-Qe‘dah, Zul-Hijjah, and Muharram (7th, 11th, 12th and 1st months of the Islamic Calendar). A careful study of the Quran, however, reveals that they should be Zul-Hijjah, Muharram, Safar, and Rabi I (12th, 1st, 2nd, and 3rd months). See Footnote 2:196.","The prevalent Sacred Months in today’s Muslim World are Rajab, Zul-Qe‘dah,
Zul-Hijjah, and Muharram (7th, 11th, 12th and 1st months of the Islamic Calendar). A
careful study of the Quran, however, reveals that they should be Zul-Hijjah, Muhar
ram, Safar, and Rabi I (12th, 1st, 2nd, and 3rd months). See Footnote 2:196.",212,193,"[40.45, 607.648, 480.088, 659.348]","[0.078104, 0.850214, 0.92699, 0.922552]","The Sacred Months according to the corrupted Muslim World are Rajab, Zul-Qe'dah, Zul-Hijjah, and Muharram (7th, 11th, 12th and 1st months of the Islamic Calendar). A careful study of the Quran, however, reveals that they should be Zul-Hijjah, Muharram, Safar, and Rabi I (12th, 1st, 2nd, and 3rd months). See Footnote 2:196.",False
*,9:54,9,"This is another proof that the contact prayers (Salat) existed before the Quran, and were handed down from Abraham (see 21:73). Also, it stumps those who challenge God’s assertion that the Quran is complete and fully detailed when they ask, “Where can we find the details of the contact prayers in the Quran” (6:19, 38, 114).","This is another proof that the contact prayers (Salat) existed before the Quran,
and were handed down from Abraham (see 21:73). Also, it stumps those who challenge
God’s assertion that the Quran is complete and fully detailed when they ask, “Where
can we find the details of the contact prayers in the Quran” (6:19, 38, 114).",214,195,"[40.45, 605.748, 478.21, 657.698]","[0.078104, 0.847556, 0.923364, 0.920243]","This is another proof that the Contact Prayers (Salat) existed before the Quran, and were handed down from Abraham (see 21:73). Also, it stumps those who challenge God's assertion that the Quran is complete and fully detailed when they ask, ""Where can we find the details of the Contact Prayers in the Quran?"" (6:19, 38, 114).",False
*,9:80,9,"If Muhammad could not intercede on behalf of his own uncles and cousins, what makes strangers who never met him think that he will intercede on their behalf? Abraham could not intercede on behalf of his father, nor could Noah intercede on behalf of his son (11:46 & 60:4).","If Muhammad could not intercede on behalf of his own uncles and cousins, what
makes strangers who never met him think that he will intercede on their behalf?
Abraham could not intercede on behalf of his father, nor could Noah intercede on be
half of his son (11:46 & 60:4).",219,200,"[41.15, 613.648, 479.498, 658.251]","[0.079455, 0.858609, 0.925851, 0.921017]","If Muhammad could not intercede on behalf of his own uncles and cousins, what makes strangers who never met him think that he will intercede on their behalf? Abraham could not intercede on behalf of his father, nor could Noah intercede on behalf of his son (11:46 & 60:4).",False
*,9:107,9,"Any mosque where the practices are not devoted absolutely to God ALONE belongs to Satan, not God. For example, mentioning Muhammad’s name in the Azan and/or the Salat prayers violates God’s commandments in 2:136, 2:285, 3:84, & 72:18.","Any mosque where the practices are not devoted absolutely to God ALONE
belongs to Satan, not God. For example, mentioning Muhammad’s name in the Azan
and/or the Salat prayers violates God’s commandments in 2:136, 2:285, 3:84, & 72:18.",223,204,"[40.7, 632.348, 477.036, 666.011]","[0.078587, 0.884774, 0.921097, 0.931875]","Any masjid where the practices are not devoted absolutely to God ALONE belongs to Satan, not God. For example, mentioning the names of Abraham, Muhammad, and/or Ali in the Azan and/or the Salat prayers violates God's commandments in 2:136, 2:285, 3:84, & 72:18. Unfortunately, this is a common idolatrous practice throughout the corrupted Muslim world.",False
*,9:1,9,"& *9:127 This is the only sura that is not prefixed with the Basmalah. This phenomenon has puzzled the students of the Quran for 14 centuries, and many theories have been advanced, in vain, to explain it. Now we realize that the conspicuous absence of the Basmalah serves a dual purpose: (1) It represents an advance divine proclamation that the idol worshipers were destined to tamper with the Quran by adding 2 false verses (9:128-129). (2) It demonstrates one of the functions of God’s mathematical code in the Quran, namely, to guard the Quran against any alteration. (3) It provides additional miraculous features of the Quran’s code. Due to their extraordinary importance, the details are given in Appendices 24 and 29.","& *9:127 This is the only sura that
is not prefixed with the Basmalah. This phenomenon has puzzled the students of the
Quran for 14 centuries, and many theories have been advanced, in vain, to explain it.
Now we realize that the conspicuous absence of the Basmalah serves a dual purpose:
(1) It represents an advance divine proclamation that the idol worshipers were destined
to tamper with the Quran by adding 2 false verses (9:128-129).
(2) It demonstrates one of the functions of God’s mathematical code in the Quran,
namely, to guard the Quran against any alteration.
(3) It provides additional miraculous features of the Quran’s code.
Due to their extraordinary importance, the details are given in Appendices 24 and 29.",226,207,"[38.75, 526.048, 478.081, 661.998]","[0.074821, 0.73604, 0.923115, 0.92626]","The absence of Basmalah from this sura is not only a profound sign from the Almighty Author of the Quran that this sura has been tampered with, but also represents an awesome miracle in its own right. See the details in Appendices 24 & 29.

±9:1 & ±9:127 This is the only sura that is not prefixed with the Basmalah. This phenomenon has puzzled the students of the Quran for 14 centuries, and many theories were advanced to explain it. Now we realize that the conspicuous absence of the Basmalah serves three purposes: (1) It represents an advance divine proclamation that the idol worshipers were destined to tamper with the Quran by adding 2 false verses (9:128-129). (2) It demonstrates one of the functions of God's mathematical code in the Quran, namely, to guard the Quran against any alteration. (3) It provides additional miraculous features of the Quran's code. Due to their extraordinary importance, the details are given in Appendices 24 and 29. One immediate observation is that the number of occurrences of the word ""God"" at the end of Sura 9 is 1273 (19x67). If the two false verses 128 & 129 are included, this phenomenon—and many more—will vanish.",False
*,10:1,10,These letters constitute a major portion of the Quran’s awesome mathematical code and proof of divine authorship. See Appendix 1 for details.,"These letters constitute a major portion of the Quran’s awesome mathematical
code and proof of divine authorship. See Appendix 1 for details.",227,208,"[41.4, 642.098, 476.16, 667.048]","[0.079938, 0.898416, 0.919405, 0.933326]",These letters constitute a major portion of the Quran's awesome mathematical code and proof of divine authorship. See Appendix 1 for details.,False
*,10:15,10,"The word “Quran” is mentioned in the Quran 58 times, but since this verse refers to “another Quran, ” it is excluded. “This Quran” is mentioned 57 times, 19x3.","The word “Quran” is mentioned in the Quran 58 times, but since this verse
refers to “another Quran, ” it is excluded. “This Quran” is mentioned 57 times, 19x3.",229,210,"[39.7, 569.748, 477.538, 593.577]","[0.076656, 0.797185, 0.922066, 0.830526]","The word ""Quran"" is mentioned in the Quran 58 times, but since this verse refers to ""another Quran,"" it must be excluded; ""This Quran"" is mentioned in the Quran 57 times, 19x3.",False
*,10:20,10,"In retrospect, we see now that the Quran’s miracle, indeed “One of the greatest miracles” (74:30-35), was divinely predestined to be unveiled 14 centuries after Muhammad. In view of the current condition of the traditional Muslims, if Muhammad had been given this miracle, these Muslims would have worshiped him as God incarnate. Additionally, this miracle is obviously designed for the computer age, and to be appreciated by mathematically sophisticated generations.","In retrospect, we see now that the Quran’s miracle, indeed “One of the greatest
miracles” (74:30-35), was divinely predestined to be unveiled 14 centuries after
Muhammad. In view of the current condition of the traditional Muslims, if Muhammad
had been given this miracle, these Muslims would have worshiped him as God incar
nate. Additionally, this miracle is obviously designed for the computer age, and to be
appreciated by mathematically sophisticated generations.",229,210,"[39.7, 593.577, 477.538, 665.061]","[0.076656, 0.830526, 0.922066, 0.930546]","In retrospect, we see now that the Quran's miracle, indeed ""One of the greatest miracles"" (74:30-35), was divinely predestined to be unveiled 14 centuries after Muhammad. In view of the current condition of the traditional Muslims, if Muhammad had been given this miracle, those Muslims, who are already idolizing Muhammad beside God, would have worshiped him as God incarnate. Additionally, this miracle is obviously designed for the computer age, and to be appreciated by mathematically sophisticated generations.",False
*,10:24,10,"God, of course, knows whether His judgment will come during the day, or during the night. But it just happens that the earth will be half day and half night when the end of the world comes. Another “scientific miracle” of the Quran.","God, of course, knows whether His judgment will come during the day, or
during the night. But it just happens that the earth will be half day and half night
when the end of the world comes. Another “scientific miracle” of the Quran.",230,211,"[37.1, 630.448, 480.95, 662.821]","[0.071635, 0.882116, 0.928654, 0.927412]","God, of course, knows whether His judgment will come during the day, or during the night. But it just happens that the earth will be half day and half night when the end of the world comes. Another ""scientific miracle"" of the Quran.",False
*,10:62-64,10,"Most people think that they have to wait until the Day of Resurrection before they receive their rewards for righteousness, or the retribution for wickedness. But the Quran repeatedly assures the believers that they are guaranteed perfect happiness here in this world, now and forever.","Most people think that they have to wait until the Day of Resurrection before
they receive their rewards for righteousness, or the retribution for wickedness. But the
Quran repeatedly assures the believers that they are guaranteed perfect happiness here
in this world, now and forever.",235,216,"[40.45, 610.298, 476.844, 661.548]","[0.078104, 0.853922, 0.920726, 0.92563]","Most people think that they have to wait until the Day of Resurrection before they receive their rewards for righteousness, or the retribution for wickedness. But the Quran repeatedly assures the believers that they are guaranteed perfect happiness here in this world, now and forever. At the end of their interim here, they go directly to Paradise (see Appendix 17).",False
*,10:91,10,"Believing in God is the first step. Thereafter, one needs to nourish and develop the soul through the practices of worship (see Appendix 15).","Believing in God is the first step. Thereafter, one needs to nourish and develop
the soul through the practices of worship (see Appendix 15).",238,219,"[41.4, 611.498, 478.18, 637.048]","[0.079938, 0.855601, 0.923306, 0.89135]","Believing in God is the first step. Thereafter, one needs to nourish and develop the soul through the practices of worship (see Appendix 15).",True
*,10:92,10,"God endowed the Egyptians with the exclusive knowledge of mummification. Today, Pharaoh’s mummified body is on display at the Cairo Museum.","God endowed the Egyptians with the exclusive knowledge of mummification.
Today, Pharaoh’s mummified body is on display at the Cairo Museum.",238,219,"[41.4, 638.348, 477.854, 663.951]","[0.079938, 0.893169, 0.922676, 0.928993]","God endowed the Egyptians with the exclusive knowledge of mummification. Today, Pharaoh's mummified body is on display at the Cairo Museum.",False
*,10:99-101,10,"The test demands that we denounce idolatry on our own, without divine intervention in our initial decision. God blocks out those who decide to disbelieve.","The test demands that we denounce idolatry on our own, without divine
intervention in our initial decision. God blocks out those who decide to disbelieve.",239,220,"[40.45, 640.898, 477.038, 665.848]","[0.078104, 0.896737, 0.921101, 0.931647]","The test demands that we denounce idolatry on our own, without divine intervention in our initial decision. God blocks out those who choose to disbelieve.",False
*,11:1,11,"Our generation is fortunate to witness not only (1) the Quran’s mathematical miracle (App. 1), but also (2) a literary miracle of incredible dimensions. If humans attempt to write a mathematically structured work, the numerical manipulations will adversely affect the literary quality. The Quran sets the standard for literary excellence.","Our generation is fortunate to witness not only (1) the Quran’s mathematical
miracle (App. 1), but also (2) a literary miracle of incredible dimensions. If humans
attempt to write a mathematically structured work, the numerical manipulations will
adversely affect the literary quality. The Quran sets the standard for literary excellence.",240,221,"[39.95, 608.748, 478.248, 660.796]","[0.077138, 0.851753, 0.923437, 0.924578]","Our generation is fortunate to witness two awesome phenomena in the Quran: (1) an extraordinary mathematical code (Appendix 1), and (2) a literary miracle of incredible dimensions. If humans attempt to write a mathematically structured work, the numerical manipulations will adversely affect the literary quality. The Quran sets the standard for literary excellence.",False
*,11:7,11,"The six days are simply a yardstick providing us with a lot of information. Thus, we learn that the vast lifeless physical universe was created in two days, while the tiny mote called “Earth” was created in four days (41:10-12). The provision of food, water, and oxygen for the earth's inhabitants had to be precisely calculated and arranged.","The six days are simply a yardstick providing us with a lot of information. Thus,
we learn that the vast lifeless physical universe was created in two days, while the tiny
mote called “Earth” was created in four days (41:10-12). The provision of food, water,
and oxygen for the earth's inhabitants had to be precisely calculated and arranged.",241,222,"[40.7, 597.948, 476.776, 649.147]","[0.078587, 0.836642, 0.920595, 0.908279]","The six days are simply a yardstick providing us with a lot of information. Thus, we learn that the vast lifeless physical universe was created in two days, while the tiny mote called ""Earth"" was created in four days (41:10-12). The provision of food, water, and oxygen for the earth's inhabitants had to be precisely calculated and arranged.

±±11:7 The earth was initially covered with water. Subsequently, the land mass emerged, and the continents drifted apart.",False
**,11:7,11,"The earth was initially covered with water, then the land mass emerged.","The earth was initially covered with water, then the land mass emerged.",241,222,"[42.1, 650.148, 434.056, 662.148]","[0.08129, 0.90968, 0.838108, 0.92647]","The six days are simply a yardstick providing us with a lot of information. Thus, we learn that the vast lifeless physical universe was created in two days, while the tiny mote called ""Earth"" was created in four days (41:10-12). The provision of food, water, and oxygen for the earth's inhabitants had to be precisely calculated and arranged.

±±11:7 The earth was initially covered with water. Subsequently, the land mass emerged, and the continents drifted apart.",False
*,11:13,11,The Quran’s mathematical miracle is utterly inimitable (See Appendix 1).,The Quran’s mathematical miracle is utterly inimitable (See Appendix 1).,242,223,"[40.9, 580.298, 478.48, 593.398]","[0.078973, 0.811946, 0.923885, 0.830276]",The Quran's mathematical miracle is inimitable (See Appendix 1).,False
*,11:17,11,The Quran’s mathematical code is its own built-in proof of divine authorship. The word “Bayyinah” (proof) is mentioned in the Quran 19 times.,"The Quran’s mathematical code is its own built-in proof of divine authorship.
The word “Bayyinah” (proof) is mentioned in the Quran 19 times.",242,223,"[40.9, 593.398, 478.48, 619.598]","[0.078973, 0.830276, 0.923885, 0.866934]","The Quran's 19-based mathematical code is a built-in proof of divine authorship. It is noteworthy that the word ""Bayyinah"" (proof) is mentioned in the Quran 19 times.

±±11:17 As it turns out, Moses' book was also mathematically composed, with ""19"" as the common denominator. See Footnote 46:10 and Appendix 1.",False
**,11:17,11,"The witness is God’s Messenger of the Covenant, Rashad Khalifa (Appendix 2).","The witness is God’s Messenger of the Covenant, Rashad Khalifa (Appendix 2).",242,223,"[40.9, 619.598, 478.48, 632.698]","[0.078973, 0.866934, 0.923885, 0.885264]","The Quran's 19-based mathematical code is a built-in proof of divine authorship. It is noteworthy that the word ""Bayyinah"" (proof) is mentioned in the Quran 19 times.

±±11:17 As it turns out, Moses' book was also mathematically composed, with ""19"" as the common denominator. See Footnote 46:10 and Appendix 1.",False
***,11:17,11,"As it turns out, Moses’ book was also mathematically composed, with “19” as the common denominator. See Footnote 46:10 and Appendix 1.","As it turns out, Moses’ book was also mathematically composed, with “19” as
the common denominator. See Footnote 46:10 and Appendix 1.",242,223,"[40.9, 632.698, 478.48, 658.898]","[0.078973, 0.885264, 0.923885, 0.921922]","The Quran's 19-based mathematical code is a built-in proof of divine authorship. It is noteworthy that the word ""Bayyinah"" (proof) is mentioned in the Quran 19 times.

±±11:17 As it turns out, Moses' book was also mathematically composed, with ""19"" as the common denominator. See Footnote 46:10 and Appendix 1.",False
*,11:40,11,"& 44 Noah’s ark was simply logs tied together (see 54:13), the flood was limited to the area around today’s Dead Sea, and the animals were only Noah’s livestock. The story tellers grossly exaggerated the ark, the flood, and the animals.","& 44 Noah’s ark was simply logs tied together (see 54:13), the flood was limited
to the area around today’s Dead Sea, and the animals were only Noah’s livestock. The
story tellers grossly exaggerated the ark, the flood, and the animals.",245,226,"[41.15, 619.748, 477.668, 658.148]","[0.079455, 0.867144, 0.922317, 0.920873]","& 44 This is God's proven truth: Noah's ark was made of logs, tied together with primitive ropes (54:13). Contrary to common belief, the flood was limited to the area around today's Dead Sea, and the animals were only Noah's livestock; not every animal that lived on earth.",False
*,11:46,11,"Intercession is Satan’s most effective bait to entice people into idol worship. However, Abraham could not help his father, nor could Noah help his son, nor could Muhammad help his own relatives (2:254, 9:80 & 114).","Intercession is Satan’s most effective bait to entice people into idol worship.
However, Abraham could not help his father, nor could Noah help his son, nor could
Muhammad help his own relatives (2:254, 9:80 & 114).",246,227,"[39.7, 627.198, 478.394, 660.561]","[0.076656, 0.877568, 0.923719, 0.924249]","Intercession is Satan's most effective bait to entice people into idol worship. However, Abraham could not help his father, nor could Noah help his son, nor could Muhammad help his own relatives (2:254, 9:80 & 114).",False
*,11:119,11,The Most Merciful has created us on this earth to give us a chance to denounce our original crime and to be redeemed (see the Introduction and Appendix 7),"The Most Merciful has created us on this earth to give us a chance to denounce
our original crime and to be redeemed (see the Introduction and Appendix 7)",254,235,"[40.45, 612.198, 478.088, 637.398]","[0.078104, 0.85658, 0.923128, 0.89184]","The Most Merciful has created us on this earth to give us yet another chance to denounce our original crime and to be redeemed (see the Introduction and Appendix 7).

±±11:119 God does not put a single person in Hell; they choose and insist upon going to Hell.",False
*,12:1,12,The Quranic initials constitute a major component of a great miracle (App. 1).,The Quranic initials constitute a major component of a great miracle (App. 1).,254,235,"[41.4, 638.748, 459.492, 651.348]","[0.079938, 0.893729, 0.887221, 0.911359]",The Quranic initials constitute a major component of a great miracle (App. 1).,True
*,12:2,12,Why was the Quran revealed in Arabic? See 41:44 and Appendix 4.,Why was the Quran revealed in Arabic? See 41:44 and Appendix 4.,254,235,"[41.4, 651.348, 459.492, 663.947]","[0.079938, 0.911359, 0.887221, 0.928987]",Why was the Quran revealed in Arabic? See 41:44 and Appendix 4.,True
*,12:9,12,"We learn from Joseph’s dream that he was destined for a bright future. Thus, while his brothers met to decide his fate, his fate was already decided by God. Everything is done by God (8:17), and is already recorded (57:22).","We learn from Joseph’s dream that he was destined for a bright future. Thus,
while his brothers met to decide his fate, his fate was already decided by God. Every
thing is done by God (8:17), and is already recorded (57:22).",255,236,"[40.9, 617.848, 477.928, 655.897]","[0.078973, 0.864486, 0.922819, 0.917724]","We learn from Joseph's dream that he was destined for a bright future. Thus, while his brothers met to decide his fate, his fate was already decided by God. Everything is done by God (8:17), and is already recorded (57:22).",False
*,12:23,12,"Joseph worded this statement in such a way that the governor’s wife thought that he was talking about her husband, when in fact he was talking about God.","Joseph worded this statement in such a way that the governor’s wife thought
that he was talking about her husband, when in fact he was talking about God.",257,238,"[42.6, 641.348, 477.875, 662.45]","[0.082255, 0.897367, 0.922717, 0.926892]","Joseph worded this statement in such a way that the governor's wife thought that he was talking about her husband, when in fact he was talking about God.",False
*,12:42,12,"When Joseph begged his companion to intercede with the king on his behalf, he exhibited dependence on other than God to be saved from the prison. This does not befit a true believer, and such a serious slip cost Joseph a few more years in the prison. We learn from the Quran that only God can relieve any hardship that might befall us. A true believer trusts in God and depends totally on Him alone (1:5, 6:17, 8:17, 10:107).","When Joseph begged his companion to intercede with the king on his behalf, he
exhibited dependence on other than God to be saved from the prison. This does not
befit a true believer, and such a serious slip cost Joseph a few more years in the prison.
We learn from the Quran that only God can relieve any hardship that might befall us.
A true believer trusts in God and depends totally on Him alone (1:5, 6:17, 8:17, 10:107).",259,240,"[40.45, 596.598, 477.72, 655.78]","[0.078104, 0.834753, 0.922417, 0.91756]","When Joseph begged his companion to intercede with the king on his behalf, he exhibited dependence on other than God to be saved from the prison. This does not befit a true believer, and such a serious slip cost Joseph a few years in the prison. We learn from the Quran that only God can relieve any hardship that might befall us. A true believer trusts in God and depends totally on Him alone (1:5, 6:17, 8:17, 10:107).",False
*,12:93,12,This marks the beginning of the Children of Israel in Egypt. Moses led them out of Egypt a few centuries later.,"This marks the beginning of the Children of Israel in Egypt. Moses led them out
of Egypt a few centuries later.",265,246,"[40.45, 632.348, 476.846, 653.8]","[0.078104, 0.884774, 0.92073, 0.914789]",This marks the beginning of the Children of Israel in Egypt. Moses led them out of Egypt a few centuries later.,True
*,13:1,13,"These initials constitute a major component of the Quran’s built-in proof oi divine authorship, the miraculous mathematical code. See Appendix 1.","These initials constitute a major component of the Quran’s built-in proof oi
divine authorship, the miraculous mathematical code. See Appendix 1.",268,249,"[39.95, 639.348, 478.738, 660.25]","[0.077138, 0.894568, 0.924383, 0.923814]","These initials constitute a major component of the Quran's built-in proof of divine authorship, the miraculous mathematical code. See Appendix 1.",False
*,13:8,13,"A specific number of persons (souls) are destined to come to this world, and receive this final chance to be redeemed. See the INTRODUCTION and Appendix 7.","A specific number of persons (souls) are destined to come to this world, and
receive this final chance to be redeemed. See the INTRODUCTION and Appendix 7.",269,250,"[39.95, 636.098, 476.18, 657.35]","[0.077138, 0.890021, 0.919444, 0.919757]",,False
*,13:15,13,"Even the disbelievers prostrate—for example, they cannot control their heartbeats or peristalsis. The shadows are predetermined by God’s design of the orbits of the sun and the moon, and even the peculiar shape the planet earth which causes the four seasons. The sun rises from a precise location every morning, at a precise time.","Even the disbelievers prostrate—for example, they cannot control theii
heartbeats or peristalsis. The shadows are predetermined by God’s design of the orbits
of the sun and the moon, and even the peculiar shape the planet earth which causes
the four seasons. The sun rises from a precise location every morning, at a precise time.",270,251,"[40.7, 603.948, 478.252, 656.147]","[0.078587, 0.845037, 0.923445, 0.918073]","Even the disbelievers prostrate; they cannot, for example, control their heartbeats, their lungs, or peristalsis. The shadows are predetermined by God's design of the solar and the lunar orbits, and by the peculiar shape of the planet earth which causes the four seasons. The absolute precision of the sun/earth relation is proven by the invention of solar clocks and their shadows.",False
*,13:30,13,"If we add the gematrical value of “Rashad” (505), plus the value of “Khalifa’ (725), plus the sura number (13), plus the verse number (30), we get 505+ 725+13+3C = 1273 = 19x67. God thus specifies the name of His messenger (see also Appendix 2).","If we add the gematrical value of “Rashad” (505), plus the value of “Khalifa’
(725), plus the sura number (13), plus the verse number (30), we get 505+ 725+13+3C
= 1273 = 19x67. God thus specifies the name of His messenger (see also Appendix 2).",272,253,"[39.95, 630.448, 478.58, 666.516]","[0.077138, 0.882116, 0.924078, 0.932582]","If we add the gematrical value of ""Rashad"" (505), plus the value of ""Khalifa"" (725), plus the sura number (13), plus the verse number (30), we get 505+725+13+30 = 1273 = 19x67. God thus specifies the name of His messenger (see Appendix 2 for the details).",False
*,13:37-38,13,"The verse number (38) =19x2. Placing the values of “Rashad” (505) and “Khalifa” (725) next to 13:37-38, gives 505 725 13 37 38, or 19x26617112302 (App. 2).","The verse number (38) =19x2. Placing the values of “Rashad” (505) and
“Khalifa” (725) next to 13:37-38, gives 505 725 13 37 38, or 19x26617112302 (App. 2).",273,254,"[40.7, 635.148, 476.544, 656.575]","[0.078587, 0.888692, 0.920147, 0.918672]","The verse number (38) = 19x2. Placing the values of ""Rashad"" (505) and ""Khalifa"" (725) next to 13:37-38, gives 505 725 13 37 38, or 19x26617112302 (Appendix 2).",False
*,14:1,14,These initials remained a divinely guarded secret until the Quran’s mathematical code was discovered in 1974 A.D. See Appendix 1 for the significance of these initials.,"These initials remained a divinely guarded secret until the Quran’s mathematical
code was discovered in 1974 A.D. See Appendix 1 for the significance of these initials.",274,255,"[40.7, 635.498, 477.88, 660.948]","[0.078587, 0.889181, 0.922726, 0.924791]",These initials remained a divinely guarded secret until the Quran's mathematical code was discovered in 1974 A.D. See Appendix 1 for the significance of these initials.,False
*,14:17,14,"When we blasphemed against God, and agreed with Satan during the great dispute (38:69), the angels suggested that we should be banished to Hell (Appendix 7). But the Most Merciful decided to give us another chance to redeem ourselves, and tc nullify the excuses of the stubborn ones; He said, “I know what you do not know’ (2:30). God knew that many of us would have protested that we had no idea how bao Hell was. This awful description of Hell, and in 22:19-22, nullifies such a protest.","When we blasphemed against God, and agreed with Satan during the great
dispute (38:69), the angels suggested that we should be banished to Hell (Appendix 7).
But the Most Merciful decided to give us another chance to redeem ourselves, and tc
nullify the excuses of the stubborn ones; He said, “I know what you do not know’
(2:30). God knew that many of us would have protested that we had no idea how bao
Hell was. This awful description of Hell, and in 22:19-22, nullifies such a protest.",276,257,"[39.47, 576.448, 479.97, 655.396]","[0.076212, 0.806559, 0.926762, 0.917023]","When we rebelled against God, and agreed with Satan during the great feud (38:69), the angels suggested that we should be banished to Hell (Appendix 7). But the Most Merciful decided to give us another chance to redeem ourselves. He said to the angels, ""I know what you do not know"" (2:30). God knew that many humans would have protested that they had no idea how bad Hell was. The awesome description of Hell in 14:17 and in 22:19-22, nullifies such a protest. Now we have a pretty good idea how terrible Hell is.",False
*,14:21,14,"Frequently, the Quran talks about the Hereafter in the past tense. This is because those are future events already witnessed by God, and will surely come to pass.","Frequently, the Quran talks about the Hereafter in the past tense. This is be
cause those are future events already witnessed by God, and will surely come to pass.",277,258,"[42.85, 640.898, 479.752, 662.275]","[0.082738, 0.896737, 0.926341, 0.926648]","Frequently, the Quran talks about the Hereafter in the past tense. This is because those are future events already witnessed by God, and will surely come to pass.",False
*,14:48,14,"This prophecy is also found in the Old Testament (Isaiah 65:17 & 66:22) and the New Testament: “What we await are new heavens and a new earth where, according tc his promise, the justice of God will reside. ” (2 Peter 3:13).","This prophecy is also found in the Old Testament (Isaiah 65:17 & 66:22) and the
New Testament: “What we await are new heavens and a new earth where, according tc
his promise, the justice of God will reside. ” (2 Peter 3:13).",280,261,"[39.25, 626.598, 478.448, 661.401]","[0.075787, 0.876729, 0.923823, 0.925425]","This prophecy is also found in the Old Testament (Isaiah 65:17 & 66:22) and the New Testament: ""What we await are new heavens and a new earth where, according to his promise, the justice of God will reside."" (2 Peter 3:13).",False
*,15:1,15,& *15:9 The divine source and the perfect preservation of the Quran are proven by the Quran’s mathematical code (App. 1). The name of the person destined to unveil the Quran’s miracle is mathematically coded into the crucial verse 15:9 (Appendix 2).,"& *15:9 The divine source and the perfect preservation of the Quran are proven
by the Quran’s mathematical code (App. 1). The name of the person destined to unveil
the Quran’s miracle is mathematically coded into the crucial verse 15:9 (Appendix 2).",281,262,"[42.359, 621.348, 477.599, 659.497]","[0.08179, 0.869383, 0.922184, 0.922761]","& ±15:9 The divine source and the perfect preservation of the Quran are proven by the Quran's mathematical code (App. 1). God's Messenger of the Covenant was destined to unveil this great miracle. The word ""Dhikr"" denotes the Quran's code in several verses (15:6, 21:2, 26:5, 38:1, 38:8, 74:31). The value of ""Rashad Khalifa"" (1230)+15+9=1254, 19x66.",False
*,15:20,15,"When we send astronauts into space, we provide them with precisely measured quantities of food, water, and oxygen. God created the spaceship Earth with billions ol astronauts who work and reproduce, and supplied them with a self-supporting system that generates oxygen, fresh water, and a great variety of delicious foods and drinks.","When we send astronauts into space, we provide them with precisely measured
quantities of food, water, and oxygen. God created the spaceship Earh with billions ol
astronauts who work and reproduce, and supplied them with a self-supporting system
that generates oxygen, fresh water, and a great variety of delicious foods and drinks.",282,263,"[38.75, 613.398, 478.581, 660.001]","[0.074821, 0.858259, 0.92408, 0.923466]","When we send astronauts into space, we provide them with precisely measured quantities of food, water, and oxygen. God created the spaceship Earth with billions of astronauts who work and reproduce; He supplied them with a self-supporting system that generates oxygen, fresh water, and a great variety of delicious foods and drinks.",False
*,15:85-88,15,"One of the functions of God’s Messenger of the Covenant was to deliver the Quranic assertion that the world will end in AD 2280 (20:15, 72:27 & Appendix 25).","One of the functions of God’s Messenger of the Covenant was to deliver the
Quranic assertion that the world will end in AD 2280 (20:15, 72:27 & Appendix 25).",285,266,"[40.45, 639.548, 476.112, 660.95]","[0.078104, 0.894848, 0.919313, 0.924794]","One of the functions of God's Messenger of the Covenant is to deliver the Quranic assertion that the world will end in AD 2280 (20:15, 72:27 & Appendix 25).",False
*,15:99,15,The practices of worship are our means of attaining certainty (Appendix 15).,The practices of worship are our means of attaining certainty (Appendix 15).,286,267,"[39.25, 640.298, 477.646, 651.074]","[0.075787, 0.895898, 0.922275, 0.910975]",The practices of worship are our means of attaining certainty (Appendix 15).,True
*,16:1,16,Everything is already recorded (57:22). See also Appendix 14.,Everything is already recorded (57:22). See also Appendix 14.,286,267,"[39.25, 651.074, 477.646, 661.85]","[0.075787, 0.910975, 0.922275, 0.926053]",Everything is already recorded (57:22). See also Appendix 14.,True
*,16:49,16,"The human body, whether it belongs to a believer or a disbeliever, submits to God; the heartbeats, the lungs' movement, and peristalsis illustrate this submission.","The human body, whether it belongs to a believer or a disbeliever, submits to
God; the heartbeats, the lungs' movement, and peristalsis illustrate this submission.",291,272,"[40.45, 634.298, 476.608, 655.75]","[0.078104, 0.887502, 0.92027, 0.917518]","The human body, whether it belongs to a believer or a disbeliever, submits to God; the heartbeats, the lungs' movement, and peristalsis illustrate this submission.",True
*,16:69,16,"Besides its recognized nutritive value, honey has been scientifically proven as a healing medicine of certain allergies and other ailments.","Besides its recognized nutritive value, honey has been scientifically proven as a
healing medicine of certain allergies and other ailments.",293,274,"[41.15, 618.448, 477.23, 643.548]","[0.079455, 0.865325, 0.921471, 0.900445]","Besides its recognized nutritive value, honey has been scientifically proven as a healing medicine for certain allergies and other ailments.",False
*,16:71,16,"If the humans would not give up their power to that extent, why do they expect God to do this, and create partners for Himself?","If the humans would not give up their power to that extent, why do they expect
God to do this, and create partners for Himself?",293,274,"[40.9, 644.598, 477.136, 665.8]","[0.078973, 0.901914, 0.92129, 0.93158]","If the humans would not give up their power to that extent, why do they expect God to do this, and create partners for Himself?",True
*,16:93,16,"God knows the sincere believers among us who deserve to be redeemed. Accordingly, He guides them, while blocking out those who do not qualify for redemption.","God knows the sincere believers among us who deserve to be redeemed. Accord
ingly, He guides them, while blocking out those who do not qualify for redemption.",296,211,"[39.95, 638.948, 480.232, 660.476]","[0.077138, 0.894009, 0.927268, 0.92413]","God knows the sincere believers among us who deserve to be redeemed. Accordingly, He guides them, while blocking out those who choose to disbelieve.",False
*,16:98,16,"Our salvation is attained by knowing God’s message to us, the Quran, and Satan will do his utmost to keep us from being redeemed. Hence this commandment.","Our salvation is attained by knowing God’s message to us, the Quran, and Satan
will do his utmost to keep us from being redeemed. Hence this commandment.",297,278,"[39.95, 641.148, 474.944, 662.726]","[0.077138, 0.897087, 0.917057, 0.927279]","Our salvation is attained by knowing God's message to us, the Quran, and Satan will do his utmost to keep us from being redeemed. Hence this commandment.",False
*,16:106,16,"God’s wisdom decrees that if someone holds a gun to your head and orders you to declare that you disbelieve in God, you may grant him his wish. What the heart harbors is what counts.","God’s wisdom decrees that if someone holds a gun to your head and orders you
to declare that you disbelieve in God, you may grant him his wish. What the heart
harbors is what counts.",298,279,"[40.7, 619.898, 478.032, 659.348]","[0.078587, 0.867354, 0.92302, 0.922552]","God's wisdom decrees that if someone holds a gun to your head and orders you to declare that you disbelieve in God, you may grant him his wish. What the heart harbors is what counts.",False
*,16:115,16,"& 118 The most devastating trichinosis parasite, Trichinella spiralis, (also the pork tapeworm Taenia solium) survives in the meat of pigs, not the fat. More than 150,000 people are infected annually in the United States. See 6:145-146, and App. 16.","& 118 The most devastating trichinosis parasite, Trichinella spiralis, (also the
pork tapeworm Taenia solium) survives in the meat of pigs, not the fat. More than
150,000 people are infected annually in the United States. See 6:145-146, and App. 16.",299,280,"[41.15, 629.348, 477.663, 667.748]","[0.079455, 0.880576, 0.922307, 0.934305]","& 118 The most devastating trichinosis parasite, Trichinella spiralis, (also the pork tapeworm Taenia solium) survives in the meat of pigs, not the fat. More than 150,000 people are infected annually in the United States. See 6:145-146, and Appendix 16.",False
*,16:123,16,"This informs us that all religious practices, which came to us through Abraham, were intact at the time of Muhammad (see 22:78 and Appendix 9)","This informs us that all religious practices, which came to us through
Abraham, were intact at the time of Muhammad (see 22:78 and Appendix 9)",300,281,"[40.2, 637.298, 477.936, 662.748]","[0.077621, 0.8917, 0.922835, 0.927309]","This informs us that all religious practices, which came to us through Abraham, were intact at the time of Muhammad (see 22:78 and Appendix 9).",False
*,17:1,17,"“The Aqsa Mosque” means “the farthest place where there is prostration,” many billions of Light Years away. This verse informs us that Muhammad, the soul, was taken to the Seventh Heaven to be given the Quran (2:185, 44:3, 53:1-18, & 97:1).","“The Aqsa Mosque” means “the farthest place where there is prostration,” many
billions of Light Years away. This verse informs us that Muhammad, the soul, was
taken to the Seventh Heaven to be given the Quran (2:185, 44:3, 53:1-18, & 97:1).",301,282,"[41.65, 619.648, 476.972, 658.048]","[0.080421, 0.867004, 0.920973, 0.920733]","""The Aqsa Masjid"" means ""the farthest place where there is prostration,"" many billions of Light Years away. This verse informs us that Muhammad, the soul, was taken to the highest Heaven to be given the Quran (2:185, 44:3, 53:1-18, & 97:1).",False
*,17:13,17,"Your life is already recorded, as if on a video tape, from birth to death. This same record will be made accessible to us upon resurrection. See 57:22 & Appendix 14.","Your life is already recorded, as if on a video tape, from birth to death. This
same record will be made accessible to us upon resurrection. See 57:22 & Appendix 14.",302,283,"[40.7, 633.198, 478.106, 658.398]","[0.078587, 0.885963, 0.923163, 0.921223]","Your life is already recorded, as if on a video tape, from birth to death. This same record will be made accessible to us upon resurrection. See 57:22 & Appendix 14.",True
*,17:46,17,"The Arabic word ‘alone’ refers to God in 7:70, 39:45, 40:12 & 84, and 60:4. If you add these numbers, you get 361, 19x19. But if you include 17:46, which refers to the Quran, the product is not a multiple of 19. “Alone” here refers to the Quran (App. 18).","The Arabic word ‘alone’ refers to God in 7:70, 39:45, 40:12 & 84, and 60:4. If you
add these numbers, you get 361, 19x19. But if you include 17:46, which refers to the
Quran, the product is not a multiple of 19. “Alone” here refers to the Quran (App. 18).",305,286,"[39.7, 621.098, 475.276, 659.248]","[0.076656, 0.869033, 0.917698, 0.922412]","The Arabic word ""alone"" refers to God in 7:70, 39:45, 40:12 & 84, and 60:4. If you add these numbers, you get 361, 19x19. But if you include 17:46, which refers to the Quran, the product is not a multiple of 19. ""Alone,"" therefore refers to the Quran in 17:46 (Appendix 18).",False
*,17:60,17,"Muhammad’s journey to the seventh heaven, to receive the Quran, as stated in","Muhammad’s journey to the seventh heaven, to receive the Quran, as stated in",307,288,"[40.7, 618.698, 476.06, 631.223]","[0.078587, 0.865675, 0.919212, 0.8832]","Muhammad's journey to the highest heaven to receive the Quran, as stated in 17:1 and 53:1-18, is a test because the people had to believe Muhammad on faith.",False
,17:1,17,"and 53:1-18, is a test because the people had to believe Muhammad on faith.","and 53:1-18, is a test because the people had to believe Muhammad on faith.",307,288,"[40.7, 631.223, 476.06, 643.748]","[0.078587, 0.8832, 0.919212, 0.900725]","""The Aqsa Masjid"" means ""the farthest place where there is prostration,"" many billions of Light Years away. This verse informs us that Muhammad, the soul, was taken to the highest Heaven to be given the Quran (2:185, 44:3, 53:1-18, & 97:1).",False
*,17:66,17,We now learn from physics and physical chemistry that water possesses unique qualities that render it perfectly suitable for serving our various needs.,"We now learn from physics and physical chemistry that water possesses unique
qualities that render it perfectly suitable for serving our various needs.",307,288,"[40.9, 644.948, 476.532, 669.948]","[0.078973, 0.902404, 0.920124, 0.937384]",We now learn from physics and physical chemistry that water possesses unique qualities that render it perfectly suitable for serving our various needs.,True
*,17:93,17,"God’s Messenger of the Covenant, Rashad Khalifa, was thus challenged, including the challenge to bring a new book. Verse 3:81 defines the duties of God’s Messenger of the Covenant. Overwhelming proof is detailed in Appendices 2 & 26.","God’s Messenger of the Covenant, Rashad Khalifa, was thus challenged, includ
ing the challenge to bring a new book. Verse 3:81 defines the duties of God’s Messenger
of the Covenant. Overwhelming proof is detailed in Appendices 2 & 26.",310,291,"[40.459, 625.898, 479.781, 664.898]","[0.078121, 0.875749, 0.926397, 0.930318]","God's Messenger of the Covenant, Rashad Khalifa, was thus challenged, including the challenge to bring a new book, or bring down masses from the sky. Verse 3:81 defines the duties of God's Messenger of the Covenant. Overwhelming proof is detailed in Appendices 2 & 26.",False
*,18:8-9,18,"As it turns out, the history of these Christian believers, the Seven Sleepers of Ephesus, is directly connected with the end of the world as stated in 18:9 & 21. The role of these believers in unveiling the end of the world is detailed in Appendix 25.","As it turns out, the history of these Christian believers, the Seven Sleepers of
Ephesus, is directly connected with the end of the world as stated in 18:9 & 21. The
role of these believers in unveiling the end of the world is detailed in Appendix 25.",313,294,"[40.45, 625.748, 477.88, 664.148]","[0.078104, 0.875539, 0.922726, 0.929268]","As it turns out, the history of these Christian believers, the Seven Sleepers of Ephesus, is directly connected with the end of the world as stated in 18:9 & 21. The role of these believers in unveiling the end of the world is detailed in Appendix 25.",True
*,18:16-20,18,"Ephesus is located about 200 miles south of ancient Nicene, and 30 miles south of today’s Izmir in Turkey. The dwellers of the cave were young Christians whc wanted to follow the teachings of Jesus, and worship God alone. They were fleeing the persecution of neo-christians who proclaimed a corrupted Christianity three centuries after Jesus, following the Nicene Conferences, when the Trinity doctrine was announced. In 1928, Franz Miltner, an Austrian archeologist discovered the tomb of the seven sleepers of Ephesus. Their history is well documented in several encyclopedias.","Ephesus is located about 200 miles south of ancient Nicene, and 30 miles
south of today’s Izmir in Turkey. The dwellers of the cave were young Christians whc
wanted to follow the teachings of Jesus, and worship God alone. They were fleeing the
persecution of neo-christians who proclaimed a corrupted Christianity three centuries
after Jesus, following the Nicene Conferences, when the Trinity doctrine was an
nounced. In 1928, Franz Miltner, an Austrian archeologist discovered the tomb of the
seven sleepers of Ephesus. Their history is well documented in several encyclopedias.",314,295,"[40.699, 549.448, 480.087, 641.848]","[0.078585, 0.768781, 0.926988, 0.898066]","Ephesus is located about 200 miles south of ancient Nicene, and 30 miles south of today's Izmir in Turkey. The dwellers of the cave were young Christians who wanted to follow the teachings of Jesus, and worship God alone. They were fleeing the persecution of neo-Christians who proclaimed a corrupted Christianity three centuries after Jesus, following the Nicene Conferences, when the Trinity doctrine was announced. In 1928, Franz Miltner, an Austrian archeologist discovered the tomb of the seven sleepers of Ephesus. Their history is well documented in several encyclopedias.",False
*,18:17,18,"This sign, or hint, tells us that the cave was facing north.","This sign, or hint, tells us that the cave was facing north.",314,295,"[40.699, 641.848, 480.087, 655.047]","[0.078585, 0.898066, 0.926988, 0.916534]","This sign, or hint, tells us that the cave was facing north.",True
*,18:21,18,"As detailed in Appendix 25, this story helped pinpoint the end of the world.","As detailed in Appendix 25, this story helped pinpoint the end of the world.",315,296,"[40.9, 605.498, 477.98, 617.178]","[0.078973, 0.847206, 0.922919, 0.863548]","As detailed in Appendix 25, this story helped pinpoint the end of the world.",True
*,18:24,18,This important commandment gives us daily opportunities to remember God.,This important commandment gives us daily opportunities to remember God.,315,296,"[40.9, 617.178, 477.98, 628.857]","[0.078973, 0.863548, 0.922919, 0.879889]",This important commandment gives us daily opportunities to remember God.,True
*,18:25,18,"The difference between 300 solar years and 300 lunar years is nine years. Thus, discovering the end of the world was predetermined by the Almighty to take place in 1980 AD (1400 AH), 300 years (309 lunar years) before the end of the world (72:27).","The difference between 300 solar years and 300 lunar years is nine years. Thus,
discovering the end of the world was predetermined by the Almighty to take place in
1980 AD (1400 AH), 300 years (309 lunar years) before the end of the world (72:27).",315,296,"[40.9, 628.857, 477.98, 663.894]","[0.078973, 0.879889, 0.922919, 0.928913]","The difference between 300 solar years and 300 lunar years is nine years. Thus, discovering the end of the world was predetermined by the Almighty to take place in 1980 AD (1400 AH), 300 years (309 lunar years) before the end of the world (see 72:27 & Appendix 25).",False
*,18:32-42,18,"The Quran cites many examples of the different gods that people worship besides God, such as children (7:190), religious leaders and scholars (9:31), property (18:42), dead saints and prophets (16:20-21, 35:14, & 46:5-6), and the ego (25:43, 45:23).","The Quran cites many examples of the different gods that people worship
besides God, such as children (7:190), religious leaders and scholars (9:31), property
(18:42), dead saints and prophets (16:20-21, 35:14, & 46:5-6), and the ego (25:43, 45:23).",316,297,"[39.7, 621.098, 478.036, 654.611]","[0.076656, 0.869033, 0.923028, 0.915924]","The Quran cites many examples of the different gods that people worship beside God; they include children (7:190), religious leaders and scholars (9:31), property (18:42), dead saints and prophets (16:20-21, 35:14, & 46:5-6), and the ego (25:43, 45:23).",False
*,18:50,18,"When the great feud in the heavenly society took place (38:69), all creatures became classified into angels, jinns, and humans (Appendix 7).","When the great feud in the heavenly society took place (38:69), all creatures
became classified into angels, jinns, and humans (Appendix 7).",318,299,"[41.15, 611.148, 478.034, 636.798]","[0.079455, 0.855111, 0.923024, 0.891]","When the great feud in the heavenly society took place (38:69), all creatures became classified into angels, jinns, and humans (Appendix 7).",True
*,18:51,18,God knew that Satan and his supporters (jinns and humans) were going to make the wrong decision. Hence their exclusion from witnessing the creation process.,"God knew that Satan and his supporters (jinns and humans) were going to
make the wrong decision. Hence their exclusion from witnessing the creation process.",318,299,"[39.95, 637.898, 478.908, 659.225]","[0.077138, 0.89254, 0.924711, 0.92238]",God knew that Satan and his supporters (jinns and humans) were going to make the wrong decision. Hence their exclusion from witnessing the creation process.,True
*,18:80,18,"Adolf Hitler was a cute and seemingly innocent child. Had he died as a child, many would have grieved, and many would have even questioned God’s wisdom. We learn from these profound lessons that there is a good reason behind everything.","Adolf Hitler was a cute and seemingly innocent child. Had he died as a child,
many would have grieved, and many would have even questioned God’s wisdom. We
learn from these profound lessons that there is a good reason behind everything.",321,302,"[41.65, 626.348, 477.956, 660.161]","[0.080421, 0.876379, 0.922873, 0.92369]","Adolf Hitler was a cute and seemingly innocent child. Had he died as a child, many would have grieved, and many would have even questioned God's wisdom. We learn from these profound lessons that there is a good reason behind everything.",False
*,18:94-98,18,"One of my duties as God’s Messenger of the Covenant is to state that Gog and Magog; the final sign before the end of the world, will reappear in 2270 AD (170C AH), just 10 years before the end. Note that Gog and Magog occur in Suras 18 and 21, precisely 17 verses before the end of each sura, representing 17 lunar centuries (72:27).","One of my duties as God’s Messenger of the Covenant is to state that Gog
and Magog; the final sign before the end of the world, will reappear in 2270 AD (170C
AH), just 10 years before the end. Note that Gog and Magog occur in Suras 18 and 21,
precisely 17 verses before the end of each sura, representing 17 lunar centuries (72:27).",322,303,"[39.25, 612.348, 479.315, 664.298]","[0.075787, 0.85679, 0.925497, 0.929478]","One of my duties as God's Messenger of the Covenant is to state that Gog and Magog, the final sign before the end of the world, will reappear in 2270 AD (1700 AH), just 10 years before the end. Note that Gog and Magog occur in Suras 18 and 21, precisely 17 verses before the end of each sura, representing 17 lunar centuries (see 72:27 and Appendix 25).",False
*,19:1,19,"This is the maximum number of Quranic Initials, because this sura deals with such crucial matters as the miraculous birth of John and the virgin birth of Jesus, and strongly condemns the blasphemy of Jesus’ sonship to God. The 5-lettered initials provide powerful physical evidence to support these issues (See Appendices 1 & 22).","This is the maximum number of Quranic Initials, because this sura deals with
such crucial matters as the miraculous birth of John and the virgin birth of Jesus, and
strongly condemns the blasphemy of Jesus’ sonship to God. The 5-lettered initials pro
vide powerful physical evidence to support these issues (See Appendices 1 & 22).",324,305,"[39.25, 613.548, 480.532, 660.618]","[0.075787, 0.858469, 0.927847, 0.924329]","This is the maximum number of Quranic Initials, because this sura deals with such crucial matters as the miraculous birth of John and the virgin birth of Jesus, and strongly condemns the gross blasphemy that considers Jesus to be a son of God. The five initials provide a powerful physical evidence to support these issues (See Appendices 1 & 22).",False
*,19:25,19,"Thus, Jesus was born in late September or early October. This is when dates ripen in the Middle East to the point of falling off the tree.","Thus, Jesus was born in late September or early October. This is when dates
ripen in the Middle East to the point of falling off the tree.",325,306,"[40.699, 631.748, 477.579, 656.597]","[0.078585, 0.883935, 0.922145, 0.918703]","Thus, Jesus was born in late September or early October. This is when dates ripen in the Middle East to the point of falling off the tree.",True
*,19:36,19,This is similar to the statement attributed to Jesus in the Gospel of John 20:17.,This is similar to the statement attributed to Jesus in the Gospel of John 20:17.,326,307,"[39.0, 650.748, 478.408, 660.597]","[0.075304, 0.910519, 0.923746, 0.9243]",This is similar to the statement attributed to Jesus in the Gospel of John 20:17.,True
*,19:71,19,"As detailed in Appendix 11, we will be resurrected before God comes to our universe. That will be a temporary taste of Hell for the righteous, since the absence of God is Hell. When God comes (89:22), the righteous will be rescued. See 19:72.","As detailed in Appendix 11, we will be resurrected before God comes to our
universe. That will be a temporary taste of Hell for the righteous, since the absence of
God is Hell. When God comes (89:22), the righteous will be rescued. See 19:72.",329,310,"[41.15, 620.848, 477.744, 659.148]","[0.079455, 0.868683, 0.922464, 0.922272]","As detailed in Appendix 11, we will be resurrected prior to God's physical arrival to our universe. That will be a temporary taste of Hell, since the absence of God is Hell. When God comes (89:22), the righteous will be rescued. See 19:72.",False
*,20:1,20,The role of these Quranic initials as participants in the Quran’s awesome mathematical miracle is given in detail in Appendix 1.,"The role of these Quranic initials as participants in the Quran’s awesome mathe
matical miracle is given in detail in Appendix 1.",331,312,"[40.2, 640.548, 477.596, 661.996]","[0.077621, 0.896247, 0.922178, 0.926257]",The role of these Quranic initials as components of the Quran's awesome mathematical miracle is given in detail in Appendix 1.,False
*,20:15,20,"The end of the world is given in the Quran, for it is God’s final message (15:87).","The end of the world is given in the Quran, for it is God’s final message (15:87).",332,313,"[40.7, 644.248, 477.612, 654.1]","[0.078587, 0.901424, 0.922209, 0.915209]","The end of the world is given in the Quran, God's final message (15:87).",False
*,20:54,20,"Those who possess intelligence appreciate the fact that we are astronauts who were launched into space on this ‘Spaceship Earth.’ God provided us with renewable food, water, pets, wildlife, and livestock, as we embark on this temporary space odyssey. Compare God’s ‘Spaceship Earth’ with our spaceships and astronauts (Appendix 7).","Those who possess intelligence appreciate the fact that we are astronauts who
were launched into space on this ‘Spaceship Earth.’ God provided us with renewable
food, water, pets, wildlife, and livestock, as we embark on this temporary space odyssey.
Compare God’s ‘Spaceship Earth’ with our spaceships and astronauts (Appendix 7).",334,315,"[40.45, 604.748, 480.95, 656.246]","[0.078104, 0.846156, 0.928654, 0.918212]","Those who possess intelligence appreciate the fact that we are astronauts who were launched into space on this 'Spaceship Earth.' God provided us with renewable food, water, pets, wildlife, and livestock, as we embark on this temporary space odyssey. Compare God's provisions to 'Spaceship Earth' with the provisions we give to our astronauts (Appendix 7).",False
*,20:88,20,"& 96 The Samarian went to the spot where God spoke to Moses, and grabbed a fistful of dust upon which God’s voice had echoed. This dust, when mixed with the molten gold caused the golden statue to acquire the sound of a calf.","& 96 The Samarian went to the spot where God spoke to Moses, and grabbed a
fistful of dust upon which God’s voice had echoed. This dust, when mixed with the
molten gold caused the golden statue to acquire the sound of a calf.",337,318,"[40.89, 625.398, 479.49, 658.636]","[0.078953, 0.87505, 0.925835, 0.921556]","& 96 The Samarian went to the spot where God spoke to Moses, and grabbed a fistful of dust upon which God's voice had echoed. This dust, when mixed with the molten gold caused the golden statue to acquire the sound of a calf.",False
*,20:115,20,"When Satan challenged God’s absolute authority (38:69), you and I did not make a firm stand against Satan. God is giving us a chance, on this earth, to redeem ourselves by denouncing Satan and upholding God’s absolute authority (Appendix 7).","When Satan challenged God’s absolute authority (38:69), you and I did not
make a firm stand against Satan. God is giving us a chance, on this earth, to redeem
ourselves by denouncing Satan and upholding God’s absolute authority (Appendix 7).",339,320,"[41.15, 631.548, 477.754, 669.798]","[0.079455, 0.883655, 0.922483, 0.937174]","When Satan challenged God's absolute authority (38:69), you and I did not make a firm stand against Satan. God is giving us a chance, on this earth, to redeem ourselves by denouncing Satan and upholding God's absolute authority (Appendix 7).",False
*,21:3,21,"Although both the Bible (Malachi 3:3) and the Quran (3:81) clearly prophesy the advent of God’s Messenger of the Covenant, when he did appear, supported with ‘one of the greatest miracles’ (74:30-35), he was met with heedlessness and opposition. The divine assertion that every ‘new’ revelation is opposed has been proven by the fierce opposition to the Quran’s great miracle, (see Appendices 1 & 2).","Although both the Bible (Malachi 3:3) and the Quran (3:81) clearly prophesy the
advent of God’s Messenger of the Covenant, when he did appear, supported with ‘one
of the greatest miracles’ (74:30-35), he was met with heedlessness and opposition. The
divine assertion that every ‘new’ revelation is opposed has been proven by the fierce
opposition to the Quran’s great miracle, (see Appendices 1 & 2).",341,322,"[41.899, 604.298, 480.499, 669.096]","[0.080902, 0.845527, 0.927783, 0.936191]","Although the Bible (Malachi 3:1) and the Quran (3:81) prophesy the advent of God's Messenger of the Covenant, when he did appear, supported by 'one of the greatest miracles' (74:30-35), he was met with heedlessness and opposition. The divine assertion that every 'new' proof is opposed has been proven by the Arabs' opposition to the Quran's miracle. (App. 1 & 2).",False
*,21:28,21,The myth of intercession is Satan’s most effective bait (see Appendix 8).,The myth of intercession is Satan’s most effective bait (see Appendix 8).,343,324,"[42.6, 618.198, 477.587, 630.965]","[0.082255, 0.864976, 0.922161, 0.882839]",The myth of intercession is Satan's most effective bait (see Appendix 8).,False
*,21:30,21,"The Big Bang Theory is now supported by the Creator’s infallible mathematical code (Appendix 1). Thus, it is no longer a theory; it is a proven fact.","The Big Bang Theory is now supported by the Creator’s infallible mathematical
code (Appendix 1). Thus, it is no longer a theory; it is a proven fact.",343,324,"[42.6, 630.965, 477.587, 656.498]","[0.082255, 0.882839, 0.922161, 0.918564]","The Big Bang Theory is now supported by the Creator's infallible mathematical code (Appendix 1). Thus, it is no longer a theory; it is a law, a proven fact.",False
*,21:51,21,"Was Abraham so smart as to discover God, or, did God grant him the intelligence because He knew that he deserved to be saved? As it turns out, this whole world was created to redeem those among us who deserve redemption. When the angels suggested to throw us all in Hell, God told them, ‘I know what you do not know’ (2:30). At the same time, this world proves Satan’s incompetence as a god (App. 7).","Was Abraham so smart as to discover God, or, did God grant him the intel
ligence because He knew that he deserved to be saved? As it turns out, this whole
world was created to redeem those among us who deserve redemption. When the an
gels suggested to throw us all in Hell, God told them, ‘I know what you do not know’
(2:30). At the same time, this world proves Satan’s incompetence as a god (App. 7).",345,326,"[40.9, 598.298, 480.95, 657.48]","[0.078973, 0.837132, 0.928654, 0.919938]","Was Abraham so smart as to discover God, or, did God grant him the intelligence because He knew that he deserved to be saved? As it turns out, this whole world was created to redeem those among us who deserve redemption. When the angels suggested that all the rebels, humans and jinns, must be banished out of God's kingdom, 'I know what you do not know' (2:30). At the same time, this world proves Satan's incompetence as a god (App. 7).",False
*,21:73,21,"When the Quran was revealed, all religious duties were already established through Abraham (2:128, 16:123, 22:78).","When the Quran was revealed, all religious duties were already established
through Abraham (2:128, 16:123, 22:78).",347,328,"[41.15, 644.148, 477.944, 665.65]","[0.079455, 0.901284, 0.92285, 0.93137]","When the Quran was revealed, all religious duties were already established through Abraham (2:128, 16:123, 22:78).",True
*,21:90,21,"The use of the plural tense throughout Quran indicates participation of the angels. For example, it is clear from 3:39 and from the Bible that the angels dealt with Zachariah extensively, as they gave him the good news about John. See Appendix 10.","The use of the plural tense throughout Quran indicates participation of the
angels. For example, it is clear from 3:39 and from the Bible that the angels dealt with
Zachariah extensively, as they gave him the good news about John. See Appendix 10.",348,329,"[39.5, 629.348, 478.076, 667.647]","[0.07627, 0.880576, 0.923105, 0.934164]","The use of the plural tense throughout the Quran indicates participation of the angels. It is clear from 3:39 and from the Bible that the angels dealt with Zachariah extensively, as they gave him the good news about John. See Appendix 10.",False
*,21:96,21,"By the year 2270 AD, thanks to God’s mathematical miracle in the Quran (Appendix 1), America will be the heart of Islam, and billions around the globe will have believed in the Quran (9:33, 41:53, 48:28, 61:9). Gog and Magog, will be the only bastions of heathenism, and they will attack the Muslims. That is when the world will end (15:87, 18:94, Appendix 25). God has not yet revealed the identity of Gog and Magog.","By the year 2270 AD, thanks to God’s mathematical miracle in the Quran (Ap
pendix 1), America will be the heart of Islam, and billions around the globe will have
believed in the Quran (9:33, 41:53, 48:28, 61:9). Gog and Magog, will be the only bas
tions of heathenism, and they will attack the Muslims. That is when the world will end
(15:87, 18:94, Appendix 25). God has not yet revealed the identity of Gog and Magog.",349,330,"[41.399, 596.598, 479.593, 655.459]","[0.079936, 0.834753, 0.926034, 0.917111]","By the year 2270 AD, thanks to God's mathematical miracle in the Quran (Appendix 1), America will be the heart of Submission, and billions around the globe will have believed in the Quran (9:33, 41:53, 48:28, 61:9). Gog and Magog (allegorical names of villainous communities), will be the only bastions of heathenism, and they will attack the submitters. That is when the world will end (15:87, 18:94, Appendix 25). Gog and Magog are mentioned in 18:94 & 21:96, 17 verses before the end of each sura; this may indicate the time of their appearance.",False
*,22:5,22,"The Quran’s mathematical miracle is based on the number 19. As it turns out, this number represents the Creator’s signature on His creations. Thus, you and I have 209 bones in our bodies (209=19x11). The length of pregnancy for a full term fetus is 266 days (19x14) (Langman’s Medical Embryology, T. W. Sadler, Page 88, 1985). The Jewish Calendar must be adjusted once every 19years, because the sun, the moon, and the earth line up in the same relative position once every 19 years.","The Quran’s mathematical miracle is based on the number 19. As it turns out,
this number represents the Creator’s signature on His creations. Thus, you and I have
209 bones in our bodies (209=19x11). The length of pregnancy for a full term fetus is
266 days (19x14) (Langman’s Medical Embryology, T. W. Sadler, Page 88, 1985). The
Jewish Calendar must be adjusted once every 19years, because the sun, the moon, and
the earth line up in the same relative position once every 19 years.",351,332,"[41.14, 582.698, 477.466, 660.546]","[0.079436, 0.815304, 0.921927, 0.924228]","The Quran's mathematical miracle is based on the number 19. As it turns out, this number represents the Creator's signature on His creations. Thus, you and I have 209 bones in our bodies (209=19x11). The length of pregnancy for a full term fetus is 266 days (19x14) (Langman's Medical Embryology, T. W. Sadler, Page 88, 1985).",False
*,22:19-22,22,"People who have insisted on going to Hell will inevitably complain: ‘Had we known how bad this is, we would have behaved differently. ’ They will be told that the horrors of Hell have been pointed out to them in the most graphic, though symbolic, terms. It should be noted that Heaven and Hell are almost invariably mentioned together in the Quran.","People who have insisted on going to Hell will inevitably complain: ‘Had we
known how bad this is, we would have behaved differently. ’ They will be told that the
horrors of Hell have been pointed out to them in the most graphic, though symbolic,
terms. It should be noted that Heaven and Hell are almost invariably mentioned
together in the Quran.",353,334,"[41.399, 601.998, 480.959, 666.695]","[0.079936, 0.842309, 0.928672, 0.932832]","People who have insisted upon going to Hell will inevitably complain: 'Had we known how bad this is, we would have behaved differently.' They will be told that the horrors of Hell have been pointed out to them in the most graphic, though symbolic, terms. It should be noted that Heaven and Hell are almost invariably mentioned together in the Quran.",False
*,22:26-27,22,Abraham was the original messenger of Islam. See 22:78 and Appendix 9.,Abraham was the original messenger of Islam. See 22:78 and Appendix 9.,354,335,"[41.15, 646.998, 458.786, 658.998]","[0.079455, 0.905272, 0.885858, 0.922062]",Abraham was the original messenger of Submission (Islam). See 22:78 and Appendix 9.,False
*,22:36,22,"Animal offerings from the pilgrims conserve the resources at the pilgrimage site. Note that almost 2,000,000 pilgrims converge on Mecca during pilgrimage.","Animal offerings from the pilgrims conserve the resources at the pilgrimage site.
Note that almost 2,000,000 pilgrims converge on Mecca during pilgrimage.",355,336,"[40.9, 643.298, 477.082, 668.348]","[0.078973, 0.900095, 0.921186, 0.935145]","Animal offerings from the pilgrims conserve the resources at the pilgrimage site. Note that almost 2,000,000 pilgrims converge on Mecca during pilgrimage.",True
*,22:49,22,"This command is directed specifically to God’s Messenger of the Covenant This fact, and the specific name of the messenger are mathematically coded into the Quran. See the details, together with physical evidence, in Appendices 2 and 26.","This command is directed specifically to God’s Messenger of the Covenant This
fact, and the specific name of the messenger are mathematically coded into the Quran.
See the details, together with physical evidence, in Appendices 2 and 26.",357,338,"[39.7, 631.398, 476.614, 669.448]","[0.076656, 0.883445, 0.920282, 0.936684]","This command is directed specifically to God's Messenger of the Covenant. This fact, and the specific name of the messenger are mathematically coded into the Quran. See the details, together with the irrefutable proofs, in Appendices 2 and 26.",False
*,22:78,22,"Although all messengers preached one and the same message: “Worship God alone,” Abraham was the Grst messenger to coin the terms “Islam” and “Muslim’ (2:128). What did Abraham contribute to Islam? We learn from 16:123 that all religious duties in Islam were revealed through Abraham (see Appendices 9 & 26).","Although all messengers preached one and the same message: “Worship God
alone,” Abraham was the Grst messenger to coin the terms “Islam” and “Muslim’
(2:128). What did Abraham contribute to Islam? We learn from 16:123 that all religious
duties in Islam were revealed through Abraham (see Appendices 9 & 26).",360,341,"[40.2, 614.394, 478.586, 661.048]","[0.077621, 0.859653, 0.92409, 0.924931]","Although all messengers preached one and the same message, ""Worship God alone,"" Abraham was the first messenger to coin the terms ""Submission"" (Islam) and ""Submitter"" (Muslim) (2:128). What did Abraham contribute to Submission (Islam)? We learn from 16:123 that all religious duties in Submission were revealed through Abraham (see Appendices 9 & 26).",False
*,23:27,23,"The story tellers have created a mockery of Noah’s history. Noah’s ark was a flat watercraft made of logs, tied together with primitive ropes (54:13), the flood was local, around the Dead Sea area, and the animals were Noah’s domesticated animals.","The story tellers have created a mockery of Noah’s history. Noah’s ark was a
flat watercraft made of logs, tied together with primitive ropes (54:13), the flood was
local, around the Dead Sea area, and the animals were Noah’s domesticated animals.",362,343,"[40.2, 626.748, 479.832, 665.148]","[0.077621, 0.876939, 0.926495, 0.930667]","The story tellers have created a mockery of Noah's history. Noah's ark was a flat watercraft made of logs, tied together with primitive ropes (54:13), the flood was local, around the Dead Sea area, and the animals were Noah's domesticated animals.",False
*,23:84-89,23,"Belief in God is valid only if one recognizes God’s qualities, such as the fad that God controls everything (8:17). Believers who do not know God are not really believers. Most believers nullify their belief by idolizing prophets and saints (6:106).","Belief in God is valid only if one recognizes God’s qualities, such as the fad
that God controls everything (8:17). Believers who do not know God are not really
believers. Most believers nullify their belief by idolizing prophets and saints (6:106).",366,347,"[39.5, 623.148, 478.24, 657.021]","[0.07627, 0.871901, 0.923422, 0.919296]","Belief in God is valid only if one recognizes God's qualities, such as the fact that God controls everything (8:17). Believers who do not know God are not really believers. Most believers nullify their belief by idolizing such powerless idols as the prophets and saints (6:106).",False
*,24:2,24,"Social pressure, i.e., public witnessing of the punishment, is the basic punishment (see also 5:38). The lashes shall be symbolic, not severe.","Social pressure, i.e., public witnessing of the punishment, is the basic punishment
(see also 5:38). The lashes shall be symbolic, not severe.",369,350,"[40.45, 634.048, 480.95, 655.25]","[0.078104, 0.887153, 0.928654, 0.916818]","Social pressure, i.e., public witnessing of the penalty, is the basic punishment (see also 5:38). The lashes shall be symbolic, not severe.",False
*,24:11,24,"This refers to a historical incident where the Prophet’s wife Aysha was left in the desert by mistake, and found by a young man who helped her catch up with the Prophet’s caravan. This triggered the famous (Big Lie’ against Aysha.","This refers to a historical incident where the Prophet’s wife Aysha was left in
the desert by mistake, and found by a young man who helped her catch up with the
Prophet’s caravan. This triggered the famous (Big Lie’ against Aysha.",370,351,"[40.2, 615.389, 478.154, 654.698]","[0.077621, 0.861045, 0.923255, 0.916046]","This refers to a historical incident where the Prophet's wife Aysha was left in the desert by mistake, and later found by a young man who helped her catch up with the Prophet's caravan. This triggered the famous 'Big Lie' against Aysha.",False
*,24:30-31,24,"Dressing modestly, therefore, is a trait of the believing men and women. The minimum requirements for a woman’s dress is to lengthen her garment (33:59) and to cover her chest. Tyrannical Arab traditions have given a false impression that a woman must be covered from head to toe; such is not a Quranic or Islamic dress.","Dressing modestly, therefore, is a trait of the believing men and women. The
minimum requirements for a woman’s dress is to lengthen her garment (33:59) and to
cover her chest. Tyrannical Arab traditions have given a false impression that a woman
must be covered from head to toe; such is not a Quranic or Islamic dress.",372,353,"[39.0, 608.848, 479.484, 655.518]","[0.075304, 0.851893, 0.925824, 0.917193]","Dressing modestly, therefore, is a trait of the believing men and women. The minimum requirements for a woman's dress is to lengthen her garment (33:59) and to cover her chest. Tyrannical Arab traditions have given a false impression that a woman must be covered from head to toe; such is not a Quranic or Islamic dress.",False
*,25:2,25,"When we launch astronauts into space, we measure precisely the amount of food, water, oxygen, and other needs throughout the journey. Similarly, God has launched us into space, on board spaceship Earth, and He has designed all kinds of renewable provisions for us and other creatures, a perfect design. Think, for example, of the symbiotic relationship between us and the plants; we use the oxygen they produce in photosynthesis, while they use the carbon dioxide we produce in respiration.","When we launch astronauts into space, we measure precisely the amount of food,
water, oxygen, and other needs throughout the journey. Similarly, God has launched us
into space, on board spaceship Earth, and He has designed all kinds of renewable
provisions for us and other creatures, a perfect design. Think, for example, of the sym
biotic relationship between us and the plants; we use the oxygen they produce in
photosynthesis, while they use the carbon dioxide we produce in respiration.",378,359,"[39.25, 589.048, 480.76, 660.901]","[0.075787, 0.824189, 0.928287, 0.924725]","When we launch astronauts into space, we measure precisely the amount of food, water, oxygen, and other needs throughout the journey. Similarly, God has launched us into space—on board spaceship Earth—and He has designed all kinds of renewable provisions for us and other creatures, a perfect design. Think, for example, of the symbiotic relationship between us and the plants; we use the oxygen they produce in photosynthesis, while they use the carbon dioxide we produce in respiration.",False
*,25:5,25,Muhammad’s contemporaries knew that he was a literate man who could read and write; he wrote the Quran with his own hand (see Appendix 28).,"Muhammad’s contemporaries knew that he was a literate man who could read
and write; he wrote the Quran with his own hand (see Appendix 28).",379,360,"[40.45, 598.148, 477.124, 623.148]","[0.078104, 0.836922, 0.921267, 0.871901]",Muhammad's contemporaries knew that he was a literate man who could read and write; he wrote God's revelations with his own hand (see Appendix 28).,False
*,25:6,25,"The Quran’s miraculous mathematical code, the incontrovertible answer to the disbelievers’ claims, remained a divinely guarded secret for 1400 years. God’s Messenger of the Covenant was destined to unveil it by God’s leave (Appendices 1, 2, & 26).","The Quran’s miraculous mathematical code, the incontrovertible answer to the
disbelievers’ claims, remained a divinely guarded secret for 1400 years. God’s Mes
senger of the Covenant was destined to unveil it by God’s leave (Appendices 1, 2, & 26).",379,360,"[40.2, 624.198, 478.076, 662.247]","[0.077621, 0.873371, 0.923105, 0.926608]","The Quran's miraculous mathematical code, the incontrovertible answer to the disbelievers' claims, remained a divinely guarded secret for 1400 years. God's Messenger of the Covenant was destined to unveil it by God's leave (Appendices 1, 2, & 26).",False
*,25:27-30,25,"This verse refers also to God’s Messenger of the Covenant whose name is mathematically coded in the Quran as “Rashad Khalifa.” If you write down the gematrical value of “Rashad” (505), followed by the gematrical value of “Khalifa” (725), followed by this sura number (25), followed by verses 27, 28, 29, and 30, the final number (5057252527282930) is a multiple of 19 (see Appendices 2 & 26 for details). Additionally, Muhammad will make such a statement on the Day of Judgment.","This verse refers also to God’s Messenger of the Covenant whose name is
mathematically coded in the Quran as “Rashad Khalifa.” If you write down the
gematrical value of “Rashad” (505), followed by the gematrical value of “Khalifa” (725),
followed by this sura number (25), followed by verses 27, 28, 29, and 30, the final
number (5057252527282930) is a multiple of 19 (see Appendices 2 & 26 for details).
Additionally, Muhammad will make such a statement on the Day of Judgment.",381,362,"[40.2, 588.948, 477.85, 667.145]","[0.077621, 0.824049, 0.922668, 0.933462]","This verse refers also to God's Messenger of the Covenant whose name is mathematically coded in the Quran as ""Rashad Khalifa."" If you write down the gematrical value of ""Rashad"" (505), followed by the gematrical value of ""Khalifa"" (725), followed by this sura number (25), followed by verses 27, 28, 29, and 30, the final number (5057252527282930) is a multiple of 19 (see Appendices 2 & 26 for details). The prophet Muhammad will also make such a statement as in 25:30 on the Day of Judgment.",False
*,26:1,26,See Appendix 1 for the significance of these previously mysterious letters.,See Appendix 1 for the significance of these previously mysterious letters.,386,367,"[39.7, 648.348, 477.604, 658.366]","[0.076656, 0.907161, 0.922193, 0.921178]",See Appendix 1 for the significance of these previously mysterious letters.,True
*,27:1,27,See Appendix 1 for the meaning of these Quranic initials.,See Appendix 1 for the meaning of these Quranic initials.,396,377,"[39.7, 650.748, 477.692, 660.583]","[0.076656, 0.910519, 0.922363, 0.92428]",See Appendix 1 for the meaning of these Quranic initials.,True
*,27:18-19,27,"The more unusual the events in a given sura, the stronger the mathematical evidence supporting them. This helps assure us that such strange events are indicative of God’s power. This sura’s initials, T.S., constitute a complex part of the mathematical miracles related to the Quranic initials. The unusual birth and miracles of Jesus are in Sura 19, which is prefixed with five Quranic Initials. See Appendix 1 for the details.","The more unusual the events in a given sura, the stronger the mathematical
evidence supporting them. This helps assure us that such strange events are indicative
of God’s power. This sura’s initials, T.S., constitute a complex part of the mathematical
miracles related to the Quranic initials. The unusual birth and miracles of Jesus are in
Sura 19, which is prefixed with five Quranic Initials. See Appendix 1 for the details.",397,,"[40.9, 598.748, 476.64, 657.609]","[0.078973, 0.837761, 0.920332, 0.920119]","The more unusual the events in a given sura, the stronger the mathematical evidence supporting them. This helps assure us that such strange phenomena are indicative of God's power. This sura's initials, T.S., constitute a complex part of the mathematical miracles related to the Quranic initials. The unusual birth and miracles of Jesus are in Sura 19, which is prefixed with five Quranic Initials. See Appendix 1 for the details.",False
*,27:30,27,"The ‘Basmalah’ included in this verse compensates for the ‘BasmalalT that is missing from Sura 9, 19 suras earlier. This restores the total occurrence of ‘Basmalah to 114, 19x6. See Appendix 29 for details of a vast miracle attached to this ‘Basmalah. ’","The ‘Basmalah’ included in this verse compensates for the ‘BasmalalT that is
missing from Sura 9, 19 suras earlier. This restores the total occurrence of ‘Basmalah
to 114, 19x6. See Appendix 29 for details of a vast miracle attached to this ‘Basmalah. ’",398,379,"[39.95, 619.998, 478.354, 653.871]","[0.077138, 0.867494, 0.923642, 0.914889]","The 'Basmalah' included in this verse compensates for the 'Basmalah' that is missing from Sura 9, 19 suras earlier. This restores the total occurrence of 'Basmalah' to 114, 19x6. See Appendix 29 for details of a vast and profound miracle attached to this 'Basmalah.'",False
*,27:82,27,"(2+ 7+8+2 = 19) The computer was required to unveil the Quran’s mathematical miracle, and proved that most people have discarded God’s word (App 1).","(2+ 7+8+2 = 19) The computer was required to unveil the Quran’s mathemati
cal miracle, and proved that most people have discarded God’s word (App 1).",403,,"[39.7, 638.848, 477.832, 659.925]","[0.076656, 0.893869, 0.922634, 0.923359]","(2+7+8+2 = 19) The computer was required to unveil the Quran's mathematical miracle, and it proved that most people have discarded God's message (see Appendices 1 & 19).",False
*,28:1,28,"See Appendix 1 for details of the Quran’s miraculous mathematical code, and the meaning or significance of these Quranic Initials.","See Appendix 1 for details of the Quran’s miraculous mathematical code, and the
meaning or significance of these Quranic Initials.",404,385,"[40.2, 634.298, 478.264, 655.796]","[0.077621, 0.887502, 0.923468, 0.917582]","See Appendix 1 for details of the Quran's miraculous mathematical code, and the meaning or significance of these Quranic Initials.",False
*,29:1,29,"See Appendix 1 for details of the Quran’s mathematical composition, and the meaning of these previously mysterious Quranic Initials.","See Appendix 1 for details of the Quran’s mathematical composition, and the
meaning of these previously mysterious Quranic Initials.",415,396,"[40.46, 634.398, 477.032, 659.597]","[0.078123, 0.887642, 0.921089, 0.922901]","See Appendix 1 for details of the Quran's mathematical composition, and the meaning of these previously mysterious Quranic Initials.",False
*,29:14,29,"Since the Quran’s miracle is mathematical, the numbers especially constitute ar. important part of the 19-based code. Thus, the numbers mentioned in the Quran adc up to 162146, or 19x8534 (see Appendix 1 for the details).","Since the Quran’s miracle is mathematical, the numbers especially constitute ar.
important part of the 19-based code. Thus, the numbers mentioned in the Quran adc
up to 162146, or 19x8534 (see Appendix 1 for the details).",416,397,"[39.5, 624.348, 478.834, 663.198]","[0.07627, 0.873581, 0.924568, 0.927939]","Since the Quran's miracle is mathematical, the numbers especially constitute an important part of the 19-based code. Thus, the numbers mentioned in the Quran add up to 162146, or 19x8534 (see Appendix 1 for the details).",False
*,29:19-20,29,We learn from the Quran that evolution within a given species is a divinely guided process. See Appendix 31 for the details.,"We learn from the Quran that evolution within a given species is a divinely
guided process. See Appendix 31 for the details.",417,398,"[39.95, 634.048, 477.824, 659.148]","[0.077138, 0.887153, 0.922618, 0.922272]",We learn from the Quran that evolution is a divinely guided process. See Appendix 31 for the details.,False
*,29:41-43,29,It takes a knowledgeable person to know that the Black Widow spider kills her mate. The use of the feminine reference to the spider in 29:41 is thus significant.,"It takes a knowledgeable person to know that the Black Widow spider kills
her mate. The use of the feminine reference to the spider in 29:41 is thus significant.",420,401,"[40.2, 624.548, 478.132, 650.081]","[0.077621, 0.87386, 0.923213, 0.909586]",It takes a knowledgeable person to know that the Black Widow spider kills her mate. The use of the feminine reference to the spider in 29:41 is thus significant. This is in addition to the fact that the spider web is physically very flimsy.,False
*,29:45,29,Your god is whatever occupies your mind most of the time (see Appendix 27).,Your god is whatever occupies your mind most of the time (see Appendix 27).,420,401,"[40.2, 650.081, 478.132, 662.847]","[0.077621, 0.909586, 0.923213, 0.927448]",Your god is whatever occupies your mind most of the time (see 20:14 & Appendix 27).,False
*,29:50-51,29,"It was the will of the Most Wise to separate the Quran from its awesome mathematical miracle by 1400 years. Seeing how the Muslims en masse have idolized Muhammad, it is obvious that if the Quran’s numerical miracle were also revealed through Muhammad, many people would have worshiped him as God incarnate. As it is, God willed that the great miracle of the Quran (74:30-35) shall await the computer age, to be revealed through His Messenger of the Covenant (see Appendices 1, 2, & 26).","It was the will of the Most Wise to separate the Quran from its awesome
mathematical miracle by 1400 years. Seeing how the Muslims en masse have idolized
Muhammad, it is obvious that if the Quran’s numerical miracle were also revealed
through Muhammad, many people would have worshiped him as God incarnate. As it
is, God willed that the great miracle of the Quran (74:30-35) shall await the computer
age, to be revealed through His Messenger of the Covenant (see Appendices 1, 2, & 26).",421,402,"[40.2, 582.548, 480.49, 660.445]","[0.077621, 0.815094, 0.927766, 0.924087]",,False
*,29:53,29,"Anyone who dies before the age of 40 goes to Heaven, and not everyone deserves this. People sometimes lament the slowness of justice when a vicious criminal is not executed promptly. God knows who deserves Heaven (see 46:15 and Appendix 32).","Anyone who dies before the age of 40 goes to Heaven, and not everyone deserves
this. People sometimes lament the slowness of justice when a vicious criminal is not
executed promptly. God knows who deserves Heaven (see 46:15 and Appendix 32).",422,403,"[40.2, 628.148, 478.126, 666.798]","[0.077621, 0.878897, 0.923201, 0.932976]","Anyone who dies before the age of 40 goes to Heaven, and not everyone deserves this. People sometimes lament the slowness of justice when a vicious criminal is not executed promptly. God knows who deserves Heaven (see 46:15 and Appendix 32).",True
*,30:1,30,See Appendix 1.,See Appendix 1.,423,404,"[39.5, 658.048, 475.585, 667.929]","[0.07627, 0.920733, 0.918295, 0.934559]",See Appendix 1 for the detailed explanation of these previously mysterious initials.,False
*,30:30,30,Recognizing God ALONE as our Lord and Master is a natural instinct. We are born into this world with such an instinct. See 7:172-173 and Appendix 7.,"Recognizing God ALONE as our Lord and Master is a natural instict. We are
born into this world with such an instinct. See 7:172-173 and Appendix 7.",426,407,"[40.2, 636.948, 478.498, 662.248]","[0.077621, 0.89121, 0.92392, 0.92661]",Recognizing God ALONE as our Lord and Master is a natural instinct. We are born into this world with such an instinct. See 7:172-173 and Appendix 7.,False
*,31:1,31,See Appendix 1.,See Appendix 1.,430,411,"[39.7, 649.398, 477.304, 659.133]","[0.076656, 0.90863, 0.921614, 0.922251]",See Appendix 1 for the important role of these initials.,False
*,31:13,31,"How will you feel if you take care of a child, give him the best education, and prepare him for life, only to see him thank someone else? Thus is idolatry; injustice.","How will you feel if you take care of a child, give him the best education, and
prepare him for life, only to see him thank someone else? Thus is idolatry; injustice.",431,412,"[40.7, 632.948, 477.082, 654.35]","[0.078587, 0.885614, 0.921186, 0.915559]","How will you feel if you take care of a child, give him the best education, and prepare him for life, only to see him thank someone else? Thus is idolatry; injustice.",True
*,31:34,31,"In accordance with 72:27, God has revealed the end of the world through His Messenger of the Covenant. See 15:87, 20:15, and Appendix 25 for the details.","In accordance with 72:27, God has revealed the end of the world through His
Messenger of the Covenant. See 15:87, 20:15, and Appendix 25 for the details.",433,414,"[39.5, 644.748, 475.57, 669.948]","[0.07627, 0.902124, 0.918266, 0.937384]","God reveals His knowledge whenever He wills. We learn from this verse that we may be able to predict the rain, and the gender of the fetus. But we can never know the time or place of death. In accordance with 72:27, God has revealed the end of the world through His Messenger of the Covenant. See 15:87, 20:15, and Appendix 25 for the details.",False
*,32:1,32,"The meaning of these letters is given in the next verse: “This book is, without a doubt, a revelation from the Lord of the universe. ” See Appendix 1 for the details.","The meaning of these letters is given in the next verse: “This book is, without a
doubt, a revelation from the Lord of the universe. ” See Appendix 1 for the details.",434,415,"[40.45, 639.698, 479.702, 661.244]","[0.078104, 0.895058, 0.926244, 0.925205]","The meaning of these letters is given in the next verse: ""This book is, without a doubt, a revelation from the Lord of the universe."" See Appendix 1 for the details.",False
*,32:12,32,"If sent back, they would commit the same sins. See Footnote 6:28.","If sent back, they would commit the same sins. See Footnote 6:28.",435,416,"[40.44, 577.398, 477.612, 590.281]","[0.078085, 0.807889, 0.922209, 0.825914]","If sent back, they would commit the same transgressions. See Footnote 6:28.",False
*,32:13,32,"The majority of humans “insist” on going to Hell, choosing to ignore God’s invitations to redeem them. God will not put a single person into Hell. Those who fail to redeem themselves by denouncing idolatry and devoting themselves to God ALONE, then developing their souls through the practices prescribed by our Creator, will have to run to Hell on their own volition, because they cannot stand God’s energy.","The majority of humans “insist” on going to Hell, choosing to ignore God’s
invitations to redeem them. God will not put a single person into Hell. Those who fail
to redeem themselves by denouncing idolatry and devoting themselves to God ALONE,
then developing their souls through the practices prescribed by our Creator, will have
to run to Hell on their own volition, because they cannot stand God’s energy.",435,416,"[40.44, 590.281, 477.612, 654.695]","[0.078085, 0.825914, 0.922209, 0.916042]","The majority of humans ""insist"" upon going to Hell, by choosing to ignore God's invitations to redeem them. God will not put a single person in Hell. Those who fail to redeem themselves by denouncing idolatry and devoting themselves to God ALONE, and fail to develop their souls through the practices prescribed by our Creator, will have to run to Hell on their own volition. They will be too weak to stand the physical presence of God's energy.",False
*,33:4,33,It was a custom in Arabia to estrange the wife by declaring that she was like the husband’s mother. Such an unfair practice is abrogated by the Quran.,"It was a custom in Arabia to estrange the wife by declaring that she was like the
husband’s mother. Such an unfair practice is abrogated by the Quran.",437,418,"[41.4, 634.998, 477.706, 659.948]","[0.079938, 0.888482, 0.92239, 0.923392]",It was a custom in Arabia to estrange the wife by declaring that she was like the husband's mother. Such an unfair practice is abrogated herein.,False
*,33:7,33,"This verse refers to the covenant that is detailed in 3:81. God took a covenant from the prophets that they shall support His Messenger of the Covenant who would come after them, and is destined to unify their messages under the banner of worship ing God alone. The specific identity of that messenger, and details of incontrovertible supporting evidence are given in Appendices 2 and 26. The Covenant was made before creation, and was finally fulfilled in Mecca, December 21, 1971 (Zul-Hijja 3, 1391).","This verse refers to the covenant that is detailed in 3:81. God took a covenam
from the prophets that they shall support His Messenger of the Covenant who would
come after them, and is destined to unify their messages under the banner of worship
ing God alone. The specific identity of that messenger, and details of incontrovertible
supporting evidence are given in Appendices 2 and 26. The Covenant was made before
creation, and was finally fulfilled in Mecca, December 21, 1971 (Zul-Hijja 3, 1391).",438,419,"[39.95, 580.748, 480.748, 658.995]","[0.077138, 0.812576, 0.928264, 0.922058]","The covenant is detailed in 3:81. God took a covenant from the prophets that they shall support His Messenger of the Covenant who would come after Muhammad to purify and unify their messages. The Covenant was made before the earth's creation, and was fulfilled in Mecca Zul-Hijja 3, 1391 (Dec. 21, 1971). The sum of the Islamic month (12), plus the day (3), plus the year (1391) gives 1406, 19x74. Overwhelming proof identifying God's Messenger of the Covenant as Rashad Khalifa is provided throughout the Quran (Appendices 2 & 26).",False
*,33:21,33,"Satan took this verse out of context, and relied on the people’s idolization of the prophet Muhammad to innovate a whole set of unreasonable regulations called “Sunna of the Prophet.” This created a totally different religion (42:21 and Appendix 18).","Satan took this verse out of context, and relied on the people’s idolization of the
prophet Muhammad to innovate a whole set of unreasonable regulations called “Sunna
of the Prophet.” This created a totally different religion (42:21 and Appendix 18).",439,420,"[41.9, 621.448, 477.875, 659.498]","[0.080904, 0.869523, 0.922717, 0.922762]","Satan took this verse out of context, and relied on the people's idolization of the prophet Muhammad to innovate a whole set of unauthorized and unreasonable regulations called ""Sunna of the Prophet."" This created a totally different religion (see 42:21 and Appendix 18).",False
*,33:40,33,"After the final prophet, God sends His Messenger of the Covenant (3:81, 33:7).","After the final prophet, God sends His Messenger of the Covenant (3:81, 33:7).",442,423,"[39.95, 624.098, 478.308, 637.015]","[0.077138, 0.873231, 0.923553, 0.891304]","Despite this clear definition of Muhammad, most Muslims insist that he was the last prophet and also the last messenger. This is a tragic human trait as we see in 40:34. Those who readily believe God realize that God sends His purifying and consolidating Messenger of the Covenant after the final prophet Muhammad (3:81, 33:7).",False
*,33:41-42,33,Your god is whatever occupies your thoughts most of the time. Hence the commandment to remember God and glorify Him day and night. See Appendix 27.,"Your god is whatever occupies your thoughts most of the time. Hence the
commandment to remember God and glorify Him day and night. See Appendix 27.",442,423,"[39.95, 637.015, 478.308, 662.848]","[0.077138, 0.891304, 0.923553, 0.927449]",Your god is whatever occupies your thoughts most of the time. Hence the commandment to commemorate God and glorify Him day and night. See Appendix 27.,False
*,33:53,33,"We are enjoined in 4:22 from marrying women who were previously married to our fathers. This divine commandment preserves our respect for our fathers and their most private affairs. Similarly, the prophet was a father figure to the believers of his time. For the good of those believers, God enjoined them from marrying women who were previously married to the prophet. Marriage is a sacred and very private relationship, and the prophet's private life was better kept private.","We are enjoined in 4:22 from marrying women who were previously married to
our fathers. This divine commandment preserves our respect for our fathers and their
most private affairs. Similarly, the prophet was a father figure to the believers of his
time. For the good of those believers, God enjoined them from marrying women who
were previously married to the prophet. Marriage is a sacred and very private relation
ship, and the prophet's private life was better kept private.",444,425,"[39.95, 583.648, 482.64, 656.326]","[0.077138, 0.816634, 0.931917, 0.918324]","We are enjoined in 4:22 from marrying women who were previously married to our fathers. Nor can the father marry the divorced wife of his son (4:23). This divine commandment preserves our respect for our fathers and their most private affairs. Similarly, the prophet was a father figure to the believers of his time. For the good of those believers, God enjoined them from marrying women who were previously married to the prophet. Marriage is a sacred and very private relationship, and the prophet's private life was better kept private.",False
*,33:56,33,"The word “prophet” (Nabi) consistently refers to Muhammad only when he was alive. Satan used this verse to entice the Muslims into commemorating Muhammad, constantly, instead of commemorating God as enjoined in 33:41-42.","The word “prophet” (Nabi) consistently refers to Muhammad only when he was
alive. Satan used this verse to entice the Muslims into commemorating Muhammad,
constantly, instead of commemorating God as enjoined in 33:41-42.",445,426,"[40.9, 627.348, 476.866, 660.861]","[0.078973, 0.877778, 0.920768, 0.924669]","The word ""prophet"" (Nabi) consistently refers to Muhammad only when he was alive. Satan used this verse to entice the Muslims into commemorating Muhammad, constantly, instead of commemorating God as enjoined in 33:41-42.",False
*,33:63,33,"Less than a century ago, only God possessed knowledge about television anc space satellites, for example. He revealed this knowledge at the predetermined time. Similarly, God has revealed the time appointed for the end of this world (Appendix 25).","Less than a century ago, only God possessed knowledge about television anc
space satellites, for example. He revealed this knowledge at the predetermined time.
Similarly, God has revealed the time appointed for the end of this world (Appendix 25).",446,427,"[39.5, 628.898, 478.104, 657.001]","[0.07627, 0.879947, 0.923159, 0.919268]","Less than a century ago, only God possessed knowledge about television and space satellites, for example. He revealed this knowledge at the predetermined time. Similarly, God has revealed the time appointed for the end of this world (Appendix 25).",False
*,33:72,33,See Appendix 7.,See Appendix 7.,446,427,"[39.5, 666.368, 478.104, 675.735]","[0.07627, 0.932374, 0.923159, 0.945481]","The animals, trees, stars, etc. took advantage of this most gracious offer. See Appendix 7.",False
*,34:28,34,"As detailed in Appendix 2, the name of this messenger is mathematically coded into the Quran as “Rashad Khalifa.” By adding the numerical value of the name “Rashad” (505), plus the numerical value of the name “Khalifa” (725), plus the number of the sura (34), plus the number of the verse (28), we obtain a total that conforms with the Quran’s 19-based mathematical miracle, which was unveiled through Rashad. (505+ 725+34+28=1292=19x68). More information is given in 5:19 and its footnote. 2056,","As detailed in Appendix 2, the name of this messenger is mathematically coded
into the Quran as “Rashad Khalifa.” By adding the numerical value of the name
“Rashad” (505), plus the numerical value of the name “Khalifa” (725), plus the num
ber of the sura (34), plus the number of the verse (28), we obtain a total that conforms
with the Quran’s 19-based mathematical miracle, which was unveiled through Rashad.
(505+ 725+34+28=1292=19x68). More information is given in 5:19 and its footnote.
2056,",450,431,"[38.299, 589.898, 482.89, 687.189]","[0.073951, 0.825378, 0.9324, 0.961507]","As detailed in Appendix 2, the name of this messenger is mathematically coded into the Quran as ""Rashad Khalifa."" By adding the numerical value of the name ""Rashad"" (505), plus the numerical value of the name ""Khalifa"" (725), plus the number of the sura (34), plus the number of the verse (28), we obtain a total that conforms with the Quran's 19-based mathematical miracle, which was unveiled through Rashad Khalifa. (505+725+34+28=1292=19x68). More information is given in 5:19 and its footnote.",False
*,34:45,34,"The great miracles given to Moses and Jesus were limited in time and place, they were witnessed by a few people who happened to exist in that place at that time. But the mathematical miracle of the Quran is perpetual (see 74:30-35 & Appendix 1).","The great miracles given to Moses and Jesus were limited in time and place,
they were witnessed by a few people who happened to exist in that place at that time.
But the mathematical miracle of the Quran is perpetual (see 74:30-35 & Appendix 1).",452,433,"[39.0, 626.498, 478.174, 660.371]","[0.075304, 0.876589, 0.923294, 0.923983]",The great miracles given to Moses and Jesus were limited in time and place; they were witnessed by a few people who happened to exist in that place at that time. But the mathematical miracle of the Quran is perpetual (see 74:30-35 & Appendix 1).,False
*,34:53,34,"People of all religions tend to forsake the word of God, and uphold the words of men. The Jews and the Muslims uphold the Mishnah (Hadith) and Gemarrah (Sunna), while the Christians uphold Gospels other than ((The Gospel according to Jesus. ”","People of all religions tend to forsake the word of God, and uphold the words of
men. The Jews and the Muslims uphold the Mishnah (Hadith) and Gemarrah (Sunna),
while the Christians uphold Gospels other than ((The Gospel according to Jesus. ”",453,434,"[40.45, 633.098, 478.19, 666.461]","[0.078104, 0.885823, 0.923325, 0.932505]","People of all religions tend to forsake the word of God and uphold the words of men. The Jews and the Muslims uphold the Mishnah (Hadith) and Gemarrah (Sunna), while the Christians uphold a trinity invented by the Nicene Conference, 325 years after Jesus.",False
*,35:12-13,35,"When we send our astronauts into space, we provide them with their minimum needs of food, water, and oxygen. When we sided with Satan’s blasphemy billions of years ago (Appendix 7), God launched us into space aboard the spaceship Earth. But God has supplied our spaceship Earth with awesome renewable systems that provide a great variety of fresh foods, water, oxygen, and even the reproduction of us astronauts.","When we send our astronauts into space, we provide them with their mini
mum needs of food, water, and oxygen. When we sided with Satan’s blasphemy billions
of years ago (Appendix 7), God launched us into space aboard the spaceship Earth. But
God has supplied our spaceship Earth with awesome renewable systems that provide a
great variety of fresh foods, water, oxygen, and even the reproduction of us astronauts.",455,436,"[39.7, 569.148, 480.94, 634.11]","[0.076656, 0.796345, 0.928635, 0.887239]","When we send our astronauts into space, we provide them with their minimum needs of food, water, and oxygen. When we sided with Satan's blasphemy billions of years ago (Appendix 7), God launched us into space aboard the spaceship Earth. But God has supplied our spaceship with awesome renewable systems that provide a great variety of fresh foods, water, oxygen, and even the reproduction of us astronauts.",False
*,35:14,35,"People idolize Jesus, Mary, Muhammad, Ali, and/or the saints; such idols are dead, unaware, and utterly powerless. Even when they were alive, they were powerless.","People idolize Jesus, Mary, Muhammad, Ali, and/or the saints; such idols are
dead, unaware, and utterly powerless. Even when they were alive, they were powerless.",455,436,"[39.7, 634.11, 480.94, 660.095]","[0.076656, 0.887239, 0.928635, 0.923597]","People idolize Jesus, Mary, Muhammad, Ali, and/or the saints; such idols are dead, unaware, and utterly powerless. Even when they were alive, they were powerless.",True
*,36:1,36,See Appendix 1.,See Appendix 1.,459,440,"[40.45, 629.348, 476.6, 640.599]","[0.078104, 0.880576, 0.920255, 0.896319]",See Appendix 1 for the detailed explanation of these initials.,False
*,36:3,36,"For the specific identity of this messenger, see Appendices 2 and 26.","For the specific identity of this messenger, see Appendices 2 and 26.",459,440,"[40.45, 640.599, 476.6, 651.85]","[0.078104, 0.896319, 0.920255, 0.912061]",See Appendices 2 & 26 for the irrefutable physical evidence.,False
*,36:10,36,Everyone is already stamped as a believer or a disbeliever. See Appendix 14.,Everyone is already stamped as a believer or a disbeliever. See Appendix 14.,459,440,"[40.45, 651.85, 476.6, 663.101]","[0.078104, 0.912061, 0.920255, 0.927803]",Everyone is already stamped as a believer or a disbeliever. See Appendix 14.,True
*,36:13-27,36,"God’s messengers have proof, advocate God alone, and do not ask for money.","God’s messengers have proof, advocate God alone, and do not ask for money.",460,441,"[39.5, 654.948, 477.548, 664.749]","[0.07627, 0.916396, 0.922085, 0.930109]","God's messengers have proof, advocate God alone, and do not ask for money.",False
*,36:30,36,"If the messenger presents solid proof of messengership, advocates the worship of God alone, and does not ask us for money, why should we not believe? (Appendix 2)","If the messenger presents solid proof of messengership, advocates the worship of
God alone, and does not ask us for money, why should we not believe? (Appendix 2)",461,442,"[41.65, 639.948, 478.045, 661.425]","[0.080421, 0.895408, 0.923045, 0.925458]","If the messenger presents solid proof of messengership, advocates the worship of God alone, and does not ask us for money, why should we not believe? (see Appendix 2)",False
*,38:1,38,This Quranic Initial (Saad) occurs in 3 suras. See Appendix 1 for explanation.,This Quranic Initial (Saad) occurs in 3 suras. See Appendix 1 for explanation.,472,453,"[39.0, 655.398, 478.062, 665.362]","[0.075304, 0.917025, 0.923078, 0.930967]","This Initial (Saad) occurs in suras 7, 19, & 38 a total of 152 times, 19x8 (Appendix 1).

±±38:1 The word ""Zikr"" is made distinct from the Quran and clearly points at the Quran's miraculous mathematical code. See 15:6, 9; 16:44; 21:2, 24; 26:5; & 36:11, 69.",False
*,38:23,38,"This is the only place where the number 99 occurs. Thirty different numbers are mentioned in the Quran, and their total comes to 162146, 19x8534. See Appendix 1.","This is the only place where the number 99 occurs. Thirty different numbers
are mentioned in the Quran, and their total comes to 162146, 19x8534. See Appendix 1.",473,454,"[41.9, 618.198, 477.421, 643.548]","[0.080904, 0.864976, 0.92184, 0.900445]","This is the only place where the number 99 occurs. Thirty different numbers are mentioned in the Quran, and their total comes to 162146, 19x8534. See Appendix 1.",True
*,38:24,38,"In this clear example, 99 on one side vs 1 on the other side, David’s extreme care to render the correct judgment caused him to ask forgiveness. Are we this careful?","In this clear example, 99 on one side vs 1 on the other side, David’s extreme
care to render the correct judgment caused him to ask forgiveness. Are we this careful?",473,454,"[41.65, 644.748, 477.397, 666.175]","[0.080421, 0.902124, 0.921794, 0.932104]","In this clear example, 99 on one side vs 1 on the other side, David's extreme care to render the correct judgment caused him to ask forgiveness. Are we this careful?",False
*,38:34,38,"& 41 Solomon and Job represent both ends of the testing spectrum. We are put to the test through wealth, health, or lack of them, to see if we worship God always.","& 41 Solomon and Job represent both ends of the testing spectrum. We are put
to the test through wealth, health, or lack of them, to see if we worship God always.",474,455,"[39.25, 638.598, 477.974, 660.269]","[0.075787, 0.893519, 0.922908, 0.923841]","& 41 Solomon and Job represent both ends of the testing spectrum. We are put to the test through wealth, health, or lack of them, to see if we worship God alone under all circumstances.",False
*,38:69,38,"The feud in the High Society was triggered by Satan’s challenge to God’s absolute authority. This is definitely the most important event in the history of the human race, since we failed to make a firm stand regarding God’s absolute authority. We are here to redeem ourselves (See Introduction and Appendix 7)","The feud in the High Society was triggered by Satan’s challenge to God’s ab
solute authority. This is definitely the most important event in the history of the
human race, since we failed to make a firm stand regarding God’s absolute authority.
We are here to redeem ourselves (See Introduction and Appendix 7)",476,457,"[39.95, 615.798, 480.052, 667.898]","[0.077138, 0.861617, 0.92692, 0.934515]",The feud in the High Society was triggered by Satan's challenge to God's absolute authority. This is definitely the most important event in the history of the human race. We failed to make a firm stand regarding God's absolute authority. This life represents the third and final chance to redeem ourselves (See the Introduction and Appendix 7).,False
*,39:5,39,This verse clearly informs us that the earth is round. The Arabic for “He rolls” (Yukawwiru) is derived from the Arabic word for “ball” (Kurah). The Quran is replete with scientific information that became known to us many centuries after the revelation of the Quran. See Appendix 20.,"This verse clearly informs us that the earth is round. The Arabic for “He rolls”
(Yukawwiru) is derived from the Arabic word for “ball” (Kurah). The Quran is replete
with scientific information that became known to us many centuries after the revela
tion of the Quran. See Appendix 20.",477,458,"[41.15, 612.548, 478.538, 664.048]","[0.079455, 0.85707, 0.923997, 0.929128]","This verse clearly informs us that the earth is round. The Arabic for ""He rolls"" (Yukawwir) is derived from the Arabic word for ""ball"" (Kurah). Since the Earth is not exactly round, a specific reference to its shape is given in 79:30. The Quran is replete with scientific information that became known to us centuries after the revelation of the Quran. See Appendix 20.",False
*,39:45,39,"Despite the clear commandment in 3:18 that the First Pillar of Islam ii proclaiming: “Ash-hadu An Laa Elaaha Ellaa Allah (there is no other god beside God),” the majority of “Muslims” insist upon adding the name of Muhammad. This Greatest Criterion alerts us that rejoicing in adding the name of Muhammad, or any other name, exposes disbelief in the Hereafter. See also Footnote 17:46.","Despite the clear commandment in 3:18 that the First Pillar of Islam ii
proclaiming: “Ash-hadu An Laa Elaaha Ellaa Allah (there is no other god besidet
God),” the majority of “Muslims” insist upon adding the name of Muhammad. Thii
Greatest Criterion alerts us that rejoicing in adding the name of Muhammad, or any
other name, exposes disbelief in the Hereafter. See also Footnote 17:46.",482,463,"[39.5, 592.898, 478.652, 651.997]","[0.07627, 0.829576, 0.924217, 0.912267]","Despite the clear commandment in 3:18 that the First Pillar of Submission is proclaiming: ""Ash-hadu An Lã Elãha Ellã Allãh (there is no other god beside God),"" the majority of ""Muslims"" insist upon adding the name of Muhammad. This Greatest Criterion alerts us that rejoicing in adding the name of Muhammad, or any other name, exposes disbelief in the Hereafter. See also Footnote 17:46.",False
*,39:67,39,"Our universe, with its billion galaxies, a billion trillion stars, uncountable decillions of heavenly bodies, spanning many billions of light-years, is the smallest and innermost of seven universes. This incomprehensible vastness of the seven universes k within God’s hand. Such is the greatness of God. See Appendix 6.","Our universe, with its billion galaxies, a billion trillion stars, uncountable decil-
lions of heavenly bodies, spanning many billions of light-years, is the smallest and in
nermost of seven universes. This incomprehensible vastness of the seven universes k
within God’s hand. Such is the greatness of God. See Appendix 6.",484,465,"[39.95, 607.748, 481.09, 654.212]","[0.077138, 0.850354, 0.928925, 0.915366]","Our universe, with its billion galaxies, a billion trillion stars, uncountable decillions of heavenly bodies, spanning many billions of light-years, is the smallest and innermost of seven universes. This incomprehensible vastness of the seven universes is within God's hand. Such is the greatness of God. See Appendix 6.",False
*,40:1,40,"The initials “Haa Meem” occur in Suras 40-46. The total frequency of occurrence of the letters “Haa” and “Meem” in the seven suras is 2147, or 19x113 (Appendix 1).","The initials “Haa Meem” occur in Suras 40-46. The total frequency of occurrence
of the letters “Haa” and “Meem” in the seven suras is 2147, or 19x113 (Appendix 1).",486,467,"[39.5, 643.398, 478.12, 668.748]","[0.07627, 0.900235, 0.92319, 0.935704]","The initials ""Hã Mîm"" occur in Suras 40-46. The total frequency of occurrence of the letters ""Hã"" and ""Mîm"" in the seven suras is 2147, or 19x113 (Appendix 1).",False
*,40:34,40,"The Jews refused to believe in the Messiah when he came to them, the Christians refused to believe in Muhammad when he came, and a majority of today's Muslims believe that Muhammad was the last messenger. On that erroneous basis, they refused to accept God’s Messenger of the Covenant We learn from 3:81-90 and 33:1 that those who fail to accept the Quranic injunction to “believe in and support God’s messenger of the covenant” are no longer believers. See Appendices 2 & 26.","The Jews refused to believe in the Messiah when he came to them, the Chris
tians refused to believe in Muhammad when he came, and a majority of today's Mus
lims believe that Muhammad was the last messenger. On that erroneous basis, they
refused to accept God’s Messenger of the Covenant We learn from 3:81-90 and 33:1
that those who fail to accept the Quranic injunction to “believe in and support God’s
messenger of the covenant” are no longer believers. See Appendices 2 & 26.",490,471,"[40.2, 581.848, 480.95, 660.546]","[0.077621, 0.814115, 0.928654, 0.924228]","The Jews refused to believe in the Messiah when he came to them, the Christians refused to believe in Muhammad when he came to them, and a majority of today's Muslims believe that Muhammad was the last messenger. On that erroneous basis, they refused to accept God's Messenger of the Covenant. We learn from 3:81-90 and 33:7 that those who fail to accept the Quranic injunction to ""believe in and support God's Messenger of the Covenant"" are no longer believers. See Appendices 2 & 26.

±±40:34 It is noteworthy that we find the name ""Rashad"" in the Arabic text precisely four verses ahead of the injunction against saying ""the last messenger,"" and also four verses after it.",False
*,40:60,40,"Supplication, imploring God for anything, even material luxuries, is a form of worship. Hence the commandment to implore God whenever we have any needs. An atheist will never implore God for anything.","Supplication, imploring God for anything, even material luxuries, is a form of
worship. Hence the commandment to implore God whenever we have any needs. An
atheist will never implore God for anything.",493,474,"[41.4, 587.148, 477.908, 625.547]","[0.079938, 0.821531, 0.92278, 0.875258]","Supplication, imploring God for anything, even material luxuries, is a form of worship. Hence the commandment to implore God whenever we have any need. An atheist will never implore God for anything.",False
*,40:64,40,"See Footnotes 15:20, 20:54, 25:2, and 35:12-13.","See Footnotes 15:20, 20:54, 25:2, and 35:12-13.",493,474,"[41.9, 626.848, 477.608, 639.483]","[0.080904, 0.877078, 0.922201, 0.894757]","See Footnotes 15:20, 20:54, 25:2, and 35:12-13.",True
*,40:66,40,The Arabic word “Nahaa” used in this verse indicates the stopping of something that was going on. See for example the same word in 4:171. See also 93:7.,"The Arabic word “Nahaa” used in this verse indicates the stopping of something
that was going on. See for example the same word in 4:171. See also 93:7.",493,474,"[41.9, 639.483, 477.608, 664.751]","[0.080904, 0.894757, 0.922201, 0.930112]","The Arabic word ""Nahaa"" used in this verse indicates the stopping of something that was going on. See for example the same word in 4:171. See also 93:7.",False
*,40:72,40,"Those who did not prepare themselves will suffer tremendously in the presence of God, on the Day of Judgment They cannot stand the closeness to God due to lack ol sufficient growth and development of their souls. I am using “Inferno” to describe this particular situation. See 55:44.","Those who did not prepare themselves will suffer tremendously in the presence
of God, on the Day of Judgment They cannot stand the closeness to God due to lack ol
sufficient growth and development of their souls. I am using “Inferno” to describe this
particular situation. See 55:44.",494,475,"[39.25, 609.698, 478.64, 662.497]","[0.075787, 0.853082, 0.924194, 0.926958]","Those who did not prepare themselves will suffer tremendously in the presence of God, on the Day of Judgment. They cannot stand the closeness to God due to lack of sufficient growth and development of their souls. I am using ""Inferno"" to describe this particular situation (55:44). Preparation of the soul is accomplished by the rites decreed by God, such as the Contact Prayer.",False
*,40:78,40,"We learn from 17:45-46, 18:57, and 56:79 that the unbelievers have no access to the Quran; only the believers and the sincere seekers are permitted by God to understand it. The Quran’s mathematical code, “One of the great miracles” (74:30-35), was authorized by God, and revealed through His Messenger of the Covenant (Appendix 2).","We learn from 17:45-46, 18:57, and 56:79 that the unbelievers have no access to
the Quran; only the believers and the sincere seekers are permitted by God to under
stand it. The Quran’s mathematical code, “One of the great miracles” (74:30-35), was
authorized by God, and revealed through His Messenger of the Covenant (Appendix 2).",495,476,"[40.9, 611.348, 480.5, 657.484]","[0.078973, 0.855391, 0.927785, 0.919944]","We learn from 17:45-46, 18:57, and 56:79 that the unbelievers have no access to the Quran; only the believers and the sincere seekers are permitted by God to understand it. The Quran's mathematical code, ""One of the great miracles"" (74:30-35), was authorized by God, and revealed through His Messenger of the Covenant (Appendix 2).",False
*,41:9-10,41,"The “days” of creation represent a yardstick. Thus, the physical universe was created in two days, while the calculation of provisions for all the creatures on earth required four. This also teaches us that there is life only on this planet Earth. q","The “days” of creation represent a yardstick. Thus, the physical universe was
created in two days, while the calculation of provisions for all the creatures on earth
required four. This also teaches us that there is life only on this planet Earth.
q",496,477,"[40.45, 623.686, 478.452, 671.939]","[0.078104, 0.872654, 0.923831, 0.940169]","The ""days"" of creation represent a yardstick. Thus, the physical universe was created in two days, while the calculation of provisions for all the creatures on earth required four. This also teaches us that there is life only on this planet Earth.",False
*,41:12,41,"God alone created the universe (18:51), but the angels participated in handling certain jobs in the lowest universe. Our universe cannot stand the physical presence of God (7:143). The plural tense acknowledges the angels’ role in our universe (App. 10).","God alone created the universe (18:51), but the angels participated in handling
certain jobs in the lowest universe. Our universe cannot stand the physical presence of
God (7:143). The plural tense acknowledges the angels’ role in our universe (App. 10).",497,478,"[39.95, 628.298, 477.818, 661.871]","[0.077138, 0.879107, 0.922607, 0.926082]","God alone created the universe (18:51), but the angels participated in handling certain jobs in the lowest universe. Our universe cannot stand the physical presence of God (7:143). The plural tense acknowledges the angels' role in our universe (Appendix 10).",False
*,41:42,41,"The Quran’s formidable mathematical composition guarantees that any addition, deletion, or distortion of a single letter or any other element in the Quran, is exposed and utterly rejected. The one attempt by idolizers of the Prophet to inject two false verses was thus exposed. The “pure” Quran always existed. See Appendices 1 & 24.","The Quran’s formidable mathematical composition guarantees that any addition,
deletion, or distortion of a single letter or any other element in the Quran, is exposed
and utterly rejected. The one attempt by idolizers of the Prophet to inject two false
verses was thus exposed. The “pure” Quran always existed. See Appendices 1 & 24.",500,481,"[40.2, 605.598, 478.332, 657.548]","[0.077621, 0.847346, 0.923599, 0.920034]","One of the major functions of the Quran's mathematical miracle is to guard every letter and every aspect of the Quran. Thus, any tampering is immediately recognized (Apps. 1 & 24).",False
*,41:47,41,See Appendix 25.,See Appendix 25.,501,482,"[41.65, 602.148, 477.388, 613.827]","[0.080421, 0.842519, 0.921776, 0.85886]",God has revealed this knowledge through His Messenger of the Covenant (Appendix 25).,False
*,41:53,41,"As detailed in Appendix 1, God has provided physical, verifiable, perpetual, and utterly irrefutable proof that this Quran is divine truth. This great prophecy, together with 9:33, 48:28, 61:9 & 110:2 inform us that the whole world is destined to accept the Quran as God’s unaltered message to the world. God witnesses the future (App. 38).","As detailed in Appendix 1, God has provided physical, verifiable, perpetual, and
utterly irrefutable proof that this Quran is divine truth. This great prophecy, together
with 9:33, 48:28, 61:9 & 110:2 inform us that the whole world is destined to accept the
Quran as God’s unaltered message to the world. God witnesses the future (App. 38).",501,482,"[41.65, 613.827, 477.388, 660.544]","[0.080421, 0.85886, 0.921776, 0.924226]","The letters that compose this verse are 19, and their gematrical values add up to 1387, 19x73. This great prophecy, together with 9:33, 48:28, 61:9 & 110:2, informs us that the whole world is destined to accept the Quran as God's unaltered message (See Appendix 38).",False
*,42:1,42,These initials constitute a significant part of the Quran’s miracle (Footnote 40:1).,These initials constitute a significant part of the Quran’s miracle (Footnote 40:1).,502,483,"[40.2, 597.698, 479.3, 609.535]","[0.077621, 0.836292, 0.925468, 0.852854]",These initials constitute a significant part of the Quran's miracle (Footnote 40:1).,False
*,42:2,42,"This is the only sura where we see the initials ‘A.S.Q. Ayn Seen Qaf), and the total occurrence of these three letters in this sura is 209, 19x11. Also, the letter “Q’ occurs in this sura 57 times, 19x3. The only other sura where we see the initial “Q” is Sura 50, and this letter occurs in that sura also 57 times (See Appendix 1).","This is the only sura where we see the initials ‘A.S.Q. CAyn Seen Qaf), and the
total occurrence of these three letters in this sura is 209, 19x11. Also, the letter “Q’
occurs in this sura 57 times, 19x3. The only other sura where we see the initial “Q” is
Sura 50, and this letter occurs in that sura also 57 times (See Appendix 1).",502,483,"[40.2, 609.535, 479.3, 656.88]","[0.077621, 0.852854, 0.925468, 0.919099]","This is the only sura where we see the initials 'A.S.Q. ('Ayn Seen Qaf), and the total occurrence of these three letters in this sura is 209, 19x11. Also, the letter ""Q"" occurs in this sura 57 times, 19x3. The only other sura where we see the initial ""Q"" is Sura 50, and this letter occurs in that sura also 57 times (See Appendix 1).",False
*,42:21,42,"The Islam of today’s “Muslim” world has been so distorted, it has become a Satanic cult. The Ulama, or religious scholars, have added too many extraneous laws, prohibitions, dress codes, dietary regulations, and religious practices never authorized by God. This is why God’s Messenger of the Covenant was sent (9:31, 33:67, App. 33).","The Islam of today’s “Muslim” world has been so distorted, it has become a
Satanic cult. The Ulama, or religious scholars, have added too many extraneous laws,
prohibitions, dress codes, dietary regulations, and religious practices never authorized
by God. This is why God’s Messenger of the Covenant was sent (9:31, 33:67, App. 33).",504,485,"[39.7, 615.098, 480.95, 661.265]","[0.076656, 0.860638, 0.928654, 0.925234]","The Islam of today's Muslim world has been so distorted, it has become a Satanic cult. The Ulama, or religious scholars, have added many extraneous laws, prohibitions, dress codes, dietary regulations, and religious practices never authorized by God. This is one of the main reasons for sending God's Messenger of the Covenant (9:31, 33:67, and Appendix 33).",False
*,42:24,42,An example of erasing falsehood and fixing the truth is in Appendix 24.,An example of erasing falsehood and fixing the truth is in Appendix 24.,505,486,"[42.6, 647.748, 430.164, 659.748]","[0.082255, 0.906322, 0.830593, 0.923112]","The disbelievers added 2 false statements at the end of Sura 9 to commemorate their idol, the prophet Muhammad. God has revealed overwhelming evidence to erase this blasphemy and establish the truth. By adding the gematrical value of ""Rashad Khalifa"" (1230), plus the verse number (24), we get 1254, 19x66 (please see Appendices 2 & 24 for the details).",False
*,43:1,43,"See Footnote 40:1. The frequency of occurrence of the letter “H ” (Haa) in tht seven Haa-initialed suras is 292, while the letter “M ” (Meem) occurs 1855 times in the seven suras. This adds up to a total of 2147, or 19x113. See Appendix 1 for the details.","See Footnote 40:1. The frequency of occurrence of the letter “H ” (Haa) in tht
seven Haa-initialed suras is 292, while the letter “M ” (Meem) occurs 1855 times in the
seven suras. This adds up to a total of 2147, or 19x113. See Appendix 1 for the details.",508,489,"[39.5, 582.798, 478.414, 619.003]","[0.07627, 0.815444, 0.923757, 0.866102]","See Footnote 40:1. The frequency of occurrence of the letters ""H"" (Hã) and ""M"" (Mîm) in the seven H.M.-initialed suras is 292, and 1855, respectively. This adds up to 2147, or 19x113.",False
*,43:3,43,"Arabic is the most efficient language, especially in expressing commandments., statutes and exacting laws. Hence the revelation of the Quran in Arabic for the clear understanding of all peoples, regardless of their tongues. See Appendix 4 for the details.","Arabic is the most efficient language, especially in expressing commandments.,
statutes and exacting laws. Hence the revelation of the Quran in Arabic for the cleai
understanding of all peoples, regardless of their tongues. See Appendix 4 for the details.",508,489,"[39.5, 619.003, 478.414, 655.208]","[0.07627, 0.866102, 0.923757, 0.916759]","Arabic is the most efficient language, especially in expressing commandments, statutes and exacting laws. Hence the revelation of the Quran in Arabic for the clear understanding of all peoples, regardless of their tongues. See Appendix 4 for the details.",False
*,43:20,43,"The idol worshipers cannot blame God for their idolatry, since we have absolute freedom of choice to worship God alone, or not.","The idol worshipers cannot blame God for their idolatry, since we have absolute
freedom of choice to worship God alone, or not.",509,490,"[40.9, 631.048, 477.492, 656.348]","[0.078973, 0.882955, 0.921977, 0.918355]","The idol worshipers cannot blame God for their idolatry, since we have absolute freedom of choice to worship God alone, or not.",True
*,43:36-39,43,"Each one of us has a representative of Satan as a constant companion, within the same body. Unless we convert our companions, they continue to be devils (App. 7).","Each one of us has a representative of Satan as a constant companion, within
the same body. Unless we convert our companions, they continue to be devils (App. 7).",511,492,"[41.15, 632.498, 476.856, 657.548]","[0.079455, 0.884984, 0.920749, 0.920034]",Each one of us has a representative of Satan as a constant companion (App. 7).,False
*,43:61,43,"As detailed in Appendix 25, the End of the World is given in the Quran, and the birthdate of Jesus provided one of the significant signs that the calculations are correct. We learn that the world will end in the year 2280 (19x120) after the birth of Jesus. See 47:18. Additionally, both the lunar year (1710) & the solar year (2280) are divisible by 570 (19x30), the number of years from the birth of Jesus to the birth of Muhammad.","As detailed in Appendix 25, the End of the World is given in the Quran, and the
birthdate of Jesus provided one of the significant signs that the calculations are correct.
We learn that the world will end in the year 2280 (19x120) after the birth of Jesus. See
47:18. Additionally, both the lunar year (1710) & the solar year (2280) are divisible by
570 (19x30), the number of years from the birth of Jesus to the birth of Muhammad.",513,494,"[41.65, 604.648, 478.156, 664.766]","[0.080421, 0.846017, 0.923259, 0.930133]","As detailed in Appendix 25, the End of the World is given in the Quran, and the birth date of Jesus provided one of the significant signs that the calculations are correct. We learn that the world will end in the year 2280 (19x120) after the birth of Jesus (see 47:18). Additionally, both the lunar year (1710) & the solar year (2280) are divisible by 570 (19x30), the number of years from the birth of Jesus to the birth of Muhammad. Thus, the birth date of Jesus is a marker.",False
*,44:10,44,This prophecy takes place after the advent of God’s Messenger of the Covenant,This prophecy takes place after the advent of God’s Messenger of the Covenant,515,496,"[42.35, 637.898, 470.112, 650.498]","[0.081773, 0.89254, 0.907727, 0.910169]","Only two signs are yet to be fulfilled, this smoke and Gog and Magog (Appendix 25).",False
*,44:13,44,For the specific identity of this messenger see Appendix 2.,For the specific identity of this messenger see Appendix 2.,515,496,"[42.35, 650.498, 470.112, 663.098]","[0.081773, 0.910169, 0.907727, 0.927799]","The sum of sura and verse numbers (44+13) is 57, 19x3, and this Quranic code was proclaimed by God's Messenger of the Covenant (Appendices 1, 2, & 26).",False
*,45:22,45,"God granted us this life as a precious chance to redeem ourselves, denounce our ancient alliance with Satan, and rejoin God’s kingdom. See Introduction & Appendix 7.","God granted us this life as a precious chance to redeem ourselves, denounce our
ancient alliance with Satan, and rejoin God’s kingdom. See Introduction & Appendix 7.",519,500,"[39.25, 641.948, 476.608, 666.952]","[0.075787, 0.898206, 0.92027, 0.933192]","God granted us this life as a precious chance to redeem ourselves, denounce our ancient alliance with Satan, and rejoin God's kingdom. See Introduction & Appendix 7.",False
*,46:6,46,See also Matthew 7:21-23. Jesus clearly disowns those who call him “Lord. ”,See also Matthew 7:21-23. Jesus clearly disowns those who call him “Lord. ”,522,503,"[40.7, 627.348, 478.418, 638.369]","[0.078587, 0.877778, 0.923765, 0.893199]","See also Matthew 7:21-23: Jesus clearly disowns those who call him ""Lord.""",False
*,46:10,46,"This witness is Rabbi Judah the Pious (11th Century A.D.), who discovered tht same 19-based mathematical code in intact fragments of the scripture (see Appendix 1).","This witness is Rabbi Judah the Pious (11th Century A.D.), who discovered tht
same 19-based mathematical code in intact fragments of the scripture (see Appendix 1).",522,503,"[40.7, 638.369, 478.418, 660.411]","[0.078587, 0.893199, 0.923765, 0.924039]","This witness is Rabbi Judah the Pious (11th Century A.D.), who discovered the same 19-based mathematical code in intact fragments of the scripture (see Appendix 1).",False
*,46:15,46,God knows full well who deserves to go to Heaven and who deserves to go to Hell. It is His law that whomever He puts to death before the age of 40 shall go to Heaven. God’s immense mercy is reflected in the fact that most people have difficulty accepting this divine mercy; they argue: “Put them all in Hell!” See Appendix 32.,"God knows full well who deserves to go to Heaven and who deserves to go to
Hell. It is His law that whomever He puts to death before the age of 40 shall go to
Heaven. God’s immense mercy is reflected in the fact that most people have difficulty
accepting this divine mercy; they argue: “Put them all in Hell!” See Appendix 32.",523,504,"[39.5, 614.248, 476.788, 660.118]","[0.07627, 0.859449, 0.920618, 0.923629]","God knows full well who deserves to go to Heaven and who deserves to go to Hell. It is His law that whomever He puts to death before the age of 40 shall go to Heaven. God's immense mercy is reflected in the fact that most people have difficulty accepting this divine mercy; they argue: ""Put them in Hell!"" See Appendix 32.",False
*,46:29,46,"Jinns are the creatures who fully agreed with Satan when he initiated his famous blasphemy billions of years ago. They are brought into this world as descendants of Satan. One jinn is born every time a human being is born. The newly born jinn is assigned to the same body as the newly born human, and constantly pushes Satan’s point of view. When the human dies, the jinn companion is freed (Appendix 7).","Jinns are the creatures who fully agreed with Satan when he initiated his
famous blasphemy billions of years ago. They are brought into this world as descen
dants of Satan. One jinn is born every time a human being is born. The newly born
jinn is assigned to the same body as the newly born human, and constantly pushes
Satan’s point of view. When the human dies, the jinn companion is freed (Appendix 7).",525,506,"[38.04, 594.28, 475.952, 653.153]","[0.07345, 0.83151, 0.919004, 0.913884]","Jinns are the creatures who fully agreed with Satan when he initiated his famous blasphemy billions of years ago. They are brought into this world as descendants of Satan. One jinn is born every time a human being is born. The newly born jinn is assigned to the same body as the newly born human, and constantly pushes Satan's point of view (Appendix 7).",False
*,47:18,47,"The Quran, being the Final Testament provides all the signs needed to inform us that this world will come to an end in AD 2280. See Appendix 25 for the details.","The Quran, being the Final Testament provides all the signs needed to inform
us that this world will come to an end in AD 2280. See Appendix 25 for the details.",527,508,"[41.65, 637.748, 476.436, 662.948]","[0.080421, 0.89233, 0.919938, 0.927589]","The Quran, being the Final Testament, provides all the signs needed to pinpoint the end of the world; AD 2280. See Appendix 25 for the details.",False
*,48:28,48,"This important prophecy informs us that Islam will inevitably dominate the whole world. This, together with Verses 9:33, 41:53, and 61:9 leave no doubt that God’s mathematical miracle of the Quran will play a major role in this prophecy. Solid Quranic mathematical evidence points to God’s Messenger of the Covenant as fulfilling this prophecy. See Appendices 2 & 26 for the evidence and specific details.","This important prophecy informs us that Islam will inevitably dominate the
whole world. This, together with Verses 9:33, 41:53, and 61:9 leave no doubt that God’s
mathematical miracle of the Quran will play a major role in this prophecy. Solid
Quranic mathematical evidence points to God’s Messenger of the Covenant as fulfilling
this prophecy. See Appendices 2 & 26 for the evidence and specific details.",533,514,"[41.65, 596.848, 477.791, 655.244]","[0.080421, 0.835103, 0.922555, 0.91681]","This important prophecy informs us that Submission will inevitably dominate the whole world. This, together with Verses 9:33, 41:53, and 61:9 leave no doubt that God's mathematical miracle of the Quran will play a major role in this prophecy. Solid Quranic mathematical evidence points to God's Messenger of the Covenant as fulfilling this prophecy. See Appendices 2 & 26 for the evidence and specific details.",False
*,49:2,49,"Whenever the word “prophet” (Nabi) is used in reference to Muhammad, it invariably refers to him during his life, not after his death. Obviously, we cannot possibly raise our voices above Muhammad’s voice, now that he is dead. See also 33:56.","Whenever the word “prophet” (Nabi) is used in reference to Muhammad, it in
variably refers to him during his life, not after his death. Obviously, we cannot possibly
raise our voices above Muhammad’s voice, now that he is dead. See also 33:56.",534,515,"[40.2, 623.148, 480.048, 656.84]","[0.077621, 0.871901, 0.926913, 0.919043]","Whenever the word ""prophet"" (Nabi) is used in reference to Muhammad, it invariably refers to him during his life, not after his death. Obviously, we cannot possibly raise our voices above Muhammad's voice, now that he is dead. See also 33:56.",False
*,50:1,50,See Appendix 1 for the awesome miracles connected with the Initial “Q. ”,See Appendix 1 for the awesome miracles connected with the Initial “Q. ”,537,518,"[41.4, 645.698, 434.244, 657.698]","[0.079938, 0.903453, 0.838471, 0.920243]",See Appendix 1 for the awesome miracles connected with the Initial Q (ق).,False
*,50:23-28,50,Your life-time companion witnesses everything you do. See Appendix 7.,Your life-time companion witnesses everything you do. See Appendix 7.,538,519,"[39.95, 651.798, 477.554, 661.566]","[0.077138, 0.911988, 0.922097, 0.925656]",Your life-time companion witnesses everything you do. See Appendix 7.,True
*,53:1-18,53,"Muhammad was summoned to the highest universe to receive this Quran into his heart. The stars fell away as he traveled through them at millions of times the speed of light. Subsequently, the Quran was gradually released to his memory. App. 28.","Muhammad was summoned to the highest universe to receive this Quran into
his heart. The stars fell away as he traveled through them at millions of times the
speed of light. Subsequently, the Quran was gradually released to his memory. App. 28.",545,526,"[39.95, 626.848, 476.876, 660.061]","[0.077138, 0.877078, 0.920788, 0.92355]","Muhammad was summoned to the highest universe to receive this Quran into his heart. The stars fell away as he traveled through them at millions of times the speed of light. Subsequently, the Quran was gradually released to his memory. App. 28.",True
*,54:1,54,"This important sign of the approaching end of the world came to pass in 1969 when humans landed on the moon and brought pieces of the moon to earth. At the same time, God’s mathematical Miracle of the Quran was being gradually unveiled. Traditional Muslims opposed it, since it exposed the fallacy of their practices (App. 25).","This important sign of the approaching end of the world came to pass in 1969
when humans landed on the moon and brought pieces of the moon to earth. At the
same time, God’s mathematical Miracle of the Quran was being gradually unveiled.
Traditional Muslims opposed it, since it exposed the fallacy of their practices (App. 25).",547,528,"[41.4, 609.448, 478.215, 655.084]","[0.079938, 0.852733, 0.923373, 0.916586]","This important sign of the approaching end of the world came to pass in 1969 when humans landed on the moon and brought pieces of the moon to earth. At the same time, God's mathematical Miracle of the Quran was being gradually unveiled. Traditional Muslims opposed it, since it exposed the fallacy of their practices (App. 25).",False
*,55:11,55,"Compare the spaceship Earth's renewable systems and reproducing astronauts, with the most sophisticated spaceships that we launch into space. God be glorified.","Compare the spaceship Earth's renewable systems and reproducing astronauts,
with the most sophisticated spaceships that we launch into space. God be glorified.",550,531,"[40.9, 639.948, 477.854, 665.248]","[0.078973, 0.895408, 0.922676, 0.930807]","Compare the spaceship Earth's renewable systems and reproducing astronauts, with the most sophisticated spaceships that we launch into space. God be glorified.",True
*,55:44,55,"Full details about the High Heaven, Low Heaven, the Purgatory, Hell, and the intolerable inferno are given in Appendices 5 and 11.","Full details about the High Heaven, Low Heaven, the Purgatory, Hell, and the
intolerable inferno are given in Appendices 5 and 11.",552,533,"[39.7, 641.848, 478.316, 667.548]","[0.076656, 0.898066, 0.923568, 0.934025]","Full details about the High Heaven, Low Heaven, the Purgatory, Hell, and the intolerable inferno are given in Appendices 5 and 11.",True
*,56:13-40,56,"People who believe and nourish their souls through worshiping God alone are destined for the High Heaven. The contemporary followers of each messenger invariably suffer persecution from the traditionalists and adherents of the corrupted religion. Thus, they have a special place reserved for them in the High Heaven. Ah people who die before the age of 40 go to the Lower Heaven, at least (46:15).","People who believe and nourish their souls through worshiping God alone
are destined for the High Heaven. The contemporary followers of each messenger in
variably suffer persecution from the traditionalists and adherents of the corruptee
religion. Thus, they have a special place reserved for them in the High Heaven. Ah
people who die before the age of 40 go to the Lower Heaven, at least (46:15).",554,535,"[39.7, 604.748, 480.316, 669.945]","[0.076656, 0.846156, 0.92743, 0.937379]","People who believe and nourish their souls through worshiping God alone are destined for the High Heaven. The contemporary followers of each messenger invariably suffer persecution from the traditionalists and adherents of the corrupted religion. Thus, they have a special place reserved for them in the High Heaven. All people who die before the age of 40 go to the Lower Heaven, at least (46:15).",False
*,56:75-76,56,"Our universe, the smallest and innermost of seven universes, contains a billion galaxies, a billion trillion stars, spanning billions of light years. These uncountable decillions of heavenly bodies maintain their orbits in a divinely controlled precision. The more we learn, the more we realize how awesome this oath is. See Appendix 6.","Our universe, the smallest and innermost of seven universes, contains a bil
lion galaxies, a billion trillion stars, spanning billions of light years. These uncountable
decillions of heavenly bodies maintain their orbits in a divinely controlled precision.
The more we learn, the more we realize how awesome this oath is. See Appendix 6.",555,536,"[41.15, 617.248, 478.558, 668.497]","[0.079455, 0.863646, 0.924036, 0.935353]","Our universe, the smallest and innermost of seven universes, contains a billion galaxies, a billion trillion stars, spanning billions of light years. These uncountable decillions of heavenly bodies maintain their orbits in a divinely controlled precision. The more we learn, the more we realize how awesome this oath is. See Appendix 6.",False
*,56:79,56,"The insincere who are not satisfied with the Quran alone are divinely prevented from understanding the Quran. This concept is repeated throughout the Quran (17:45, 18:57). Consequently, they cannot understand this verse. For example, compare this translation of 7:3, 17:46, 41:44, & 56:79 with other translations.","The insincere who are not satisfied with the Quran alone are divinely prevented
from understanding the Quran. This concept is repeated throughout the Quran (17:45,
18:57). Consequently, they cannot understand this verse. For example, compare this
translation of 7:3, 17:46, 41:44, & 56:79 with other translations.",556,537,"[40.7, 611.848, 478.13, 664.046]","[0.078587, 0.856091, 0.923209, 0.929126]","The insincere who are not satisfied with the Quran alone are divinely prevented from understanding the Quran. This concept is repeated throughout the Quran (17:45, 18:57). Consequently, they cannot understand this verse. For example, compare this translation of 7:3, 17:46, 41:44, & 56:79 with other translations.",True
*,57:4,57,"The six days of creation are simply a yardstick to inform us of the relative importance of various components, to emphasize the significance of the planet Earth, and to let us know that the Earth is the only inhabited planet. See Footnote 41:9-10.","The six days of creation are simply a yardstick to inform us of the relative impor
tance of various components, to emphasize the significance of the planet Earth, and to
let us know that the Earth is the only inhabited planet. See Footnote 41:9-10.",557,538,"[40.45, 630.448, 478.31, 668.748]","[0.078104, 0.882116, 0.923557, 0.935704]","The six days of creation are simply a yardstick to inform us of the relative importance of various components, to emphasize the significance of the planet Earth, and to let us know that the Earth is the only inhabited planet. See Footnote 41:9-10.",False
*,57:22,57,"We are absolutely free to side with God, or with Satan. God happens to know precisely what kind of decision each of us will make. The video tape of your life, from birth to death, is already recorded. See Appendix 14.","We are absolutely free to side with God, or with Satan. God happens to know
precisely what kind of decision each of us will make. The video tape of your life, from
birth to death, is already recorded. See Appendix 14.",559,540,"[39.95, 617.948, 477.08, 656.247]","[0.077138, 0.864626, 0.921182, 0.918213]","We are absolutely free to side with God, or with Satan. God happens to know precisely what kind of decision each of us will make. The video tape of your life, from birth to death, is already recorded. See Appendix 14.",True
*,58:2,58,Estranging a wife by declaring that she is like one’s mother was an ancient tradition in Arabia. This is the only sura where the word “Allah” occurs in every verse.,"Estranging a wife by declaring that she is like one’s mother was an ancient tradi
tion in Arabia. This is the only sura where the word “Allah” occurs in every verse.",561,542,"[40.2, 630.698, 476.162, 655.548]","[0.077621, 0.882465, 0.919409, 0.917235]","Estranging a wife by declaring that she is like one's mother was an ancient tradition in Arabia. This is the only sura where the word ""Allah"" occurs in every verse.",False
*,60:4,60,"The Arabic word for “ALONE” (WAHDAHU) occurs only six times in the Quran, one of them refers to upholding the Quran ALONE (17:46). The reference to God ALONE occurs in 7:70, 39:45, 40:12 & 84, and 60:4. The sum of these numbers (7+70+39+45+40+12+84+60+4) equals 361, or 19x19. This emphasizes that the main theme of the Quran is “Worship God ALONE. ” Appendix 1.","The Arabic word for “ALONE” (WAHDAHU) occurs only six times in the
Quran, one of them refers to upholding the Quran ALONE (17:46). The reference to
God ALONE occurs in 7:70, 39:45, 40:12 & 84, and 60:4. The sum of these numbers
(7+70+39+45+40+12+84+60+4) equals 361, or 19x19. This emphasizes that the
main theme of the Quran is “Worship God ALONE. ” Appendix 1.",568,549,"[39.95, 573.798, 478.416, 638.845]","[0.077138, 0.802852, 0.923761, 0.893865]","The Arabic word for ""ALONE"" (WAHDAHU) occurs only six times in the Quran, one of them refers to upholding the Quran ALONE (17:46). The reference to God ALONE occurs in 7:70, 39:45, 40:12 & 84, and 60:4. The sum of these numbers (7+70+39+45+40+12+84+60+4) equals 361, or 19x19. This emphasizes that the main theme of the Quran is ""Worship God ALONE."" Appendix 1.

±±60:4 We can pray for guidance for the idolators, not forgiveness, since God's law is that idolatry is the only unforgivable offense (4:48 & 116).",False
**,60:4,60,"We can pray for guidance for the idolators, not forgiveness, since God’s law is that idolatry is the only unforgivable offense (4:48 & 116).","We can pray for guidance for the idolators, not forgiveness, since God’s law is
that idolatry is the only unforgivable offense (4:48 & 116).",568,549,"[40.2, 640.548, 478.068, 665.848]","[0.077621, 0.896247, 0.923089, 0.931647]","The Arabic word for ""ALONE"" (WAHDAHU) occurs only six times in the Quran, one of them refers to upholding the Quran ALONE (17:46). The reference to God ALONE occurs in 7:70, 39:45, 40:12 & 84, and 60:4. The sum of these numbers (7+70+39+45+40+12+84+60+4) equals 361, or 19x19. This emphasizes that the main theme of the Quran is ""Worship God ALONE."" Appendix 1.

±±60:4 We can pray for guidance for the idolators, not forgiveness, since God's law is that idolatry is the only unforgivable offense (4:48 & 116).",False
*,61:9,61,The specific name of this messenger is spelled out mathematically (Appendix 2). L11,"The specific name of this messenger is spelled out mathematically (Appendix 2).
L11",571,552,"[36.1, 649.548, 475.108, 680.85]","[0.069705, 0.90884, 0.917374, 0.952637]",The specific name of this messenger is spelled out mathematically (Appendix 2).,False
*,63:1,63,"The ‘first pillar of Islam, ” as stated in 3:18 is to bear witness that God is the only god. But the corrupted “Muslim” scholars add “Muhammad is God’s messenger,” and this violates a number of commandments (see 2:285). Verse 63:1 is the only place in the Quran where such a statement is made. Only the hypocrites make such a statement.","The ‘first pillar of Islam, ” as stated in 3:18 is to bear witness that God is the only
god. But the corrupted “Muslim” scholars add “Muhammad is God’s messenger,” and
this violates a number of commandments (see 2:285). Verse 63:1 is the only place in the
Quran where such a statement is made. Only the hypocrites make such a statement.",573,554,"[39.5, 617.598, 476.116, 669.196]","[0.07627, 0.864136, 0.91932, 0.936331]","The ""first pillar of Submission,"" as stated in 3:18 is to bear witness that God is the only god. But the corrupted ""Muslim"" scholars add ""Muhammad is God's messenger,"" and this violates a number of commandments (see 2:285). Verse 63:1 is the only place in the Quran where such a statement is made. Only the hypocrites make such a statement.",False
*,63:6,63,Millions of people idolize their prophets because of this myth (Appendix 8),Millions of people idolize their prophets because of this myth (Appendix 8),574,555,"[41.65, 648.698, 441.742, 660.698]","[0.080421, 0.907651, 0.852948, 0.924441]",Millions of people idolize their prophets because of this myth (Appendix 8).,False
*,64:3,64,We are in this world due to God’s immense mercy. The Most Gracious has given us a chance to redeem ourselves. See the Introduction & Appendix 7.,"We are in this world due to God’s immense mercy. The Most Gracious has given
us a chance to redeem ourselves. See the Introduction & Appendix 7.",575,556,"[41.65, 643.048, 476.268, 668.001]","[0.080421, 0.899745, 0.919614, 0.934659]",We are in this world due to God's immense mercy. The Most Gracious has given us a chance to redeem ourselves. See the Introduction & Appendix 7.,False
*,65:1,65,"The divorcee’s interim, before becoming eligible for remarriage, is a waiting period of three menstruations. This ensures that the divorcee was not pregnant (2:228).","The divorcee’s interim, before becoming eligible for remarriage, is a waiting
period of three menstruations. This ensures that the divorcee was not pregnant (2:228).",577,558,"[39.95, 645.948, 477.548, 671.348]","[0.077138, 0.903803, 0.922085, 0.939342]","The divorcee's interim, before becoming eligible for remarriage, is a waiting period of three menstruations. This ensures that the divorcee was not pregnant (2:228).",False
*,65:10-11,65,"The “Messenger” here is clearly the Quran. Verse 10 talks about “sending down a message, ” and this points to the Quran as the messenger in 65:11 (App. 20).","The “Messenger” here is clearly the Quran. Verse 10 talks about “sending
down a message, ” and this points to the Quran as the messenger in 65:11 (App. 20).",578,559,"[40.45, 598.148, 478.176, 621.792]","[0.078104, 0.836922, 0.923298, 0.870004]","The ""Messenger"" here is clearly the Quran. Verse 10 talks about ""sending down a message,"" and this points to the Quran as the messenger in 65:11 (App. 20).",False
*,65:12,65,"Although God created six other planets that are identical to our Earth, there ii life only on our planet. Thus, the evolutionists will be shown on the Day of Judgment that life did not just “evolve” on the planet because of its particular circumstances.","Although God created six other planets that are identical to our Earth, there ii
life only on our planet. Thus, the evolutionists will be shown on the Day of Judgmem
that life did not just “evolve” on the planet because of its particular circumstances.",578,559,"[40.45, 621.792, 478.176, 657.259]","[0.078104, 0.870004, 0.923298, 0.919629]","Although God created six other planets that are identical to our Earth, there is life only on our planet. Thus, the evolutionists will be shown on the Day of Judgment that life did not just ""evolve"" on the planet because of its particular circumstances.",False
*,66:1,66,"Mohammedans around the world believe that Muhammad was infallible. This verse teaches us that he was indeed a fallible human being (18:110, 33:37, 40:66, 80:1).","Mohammedans around the world believe that Muhammad was infallible. This
verse teaches us that he was indeed a fallible human being (18:110, 33:37, 40:66, 80:1).",579,560,"[39.7, 644.348, 476.71, 665.669]","[0.076656, 0.901564, 0.920467, 0.931396]","Mohammedans around the world believe that Muhammad was infallible. This verse teaches us that he was indeed a fallible human being (18:110, 33:37, 40:66, 80:1).",True
*,67:2,67,See the Introduction and Appendix 7 for details of the purpose behind this world.,See the Introduction and Appendix 7 for details of the purpose behind this world.,581,562,"[41.15, 651.448, 474.904, 661.245]","[0.079455, 0.911499, 0.91698, 0.925206]",See the Introduction and Appendix 7 for details of the purpose behind this world.,True
*,68:1,68,“NuN” is unique among the Quran’s miraculous initials. See Appendix 1.,“NuN” is unique among the Quran’s miraculous initials. See Appendix 1.,583,564,"[40.9, 656.498, 474.916, 666.4]","[0.078973, 0.918564, 0.917003, 0.932419]","""NuN"" is unique among the Quran's miraculous initials. See Appendix 1.",False
*,69:17,69,"This earth is full of misery because of its physical distance from God, since it is in the seventh universe (7:143). In the Hereafter, an eighth universe will be created that will be even farther than our seventh universe; it will be called “Hell” (89:23)","This earth is full of misery because of its physical distance from God, since it is
in the seventh universe (7:143). In the Hereafter, an eighth universe will be created
that will be even farther than our seventh universe; it will be called “Hell” (89:23)",586,567,"[39.7, 620.248, 478.412, 659.148]","[0.076656, 0.867844, 0.923754, 0.922272]","This earth is full of misery because of its physical distance from God, since it is in the seventh universe (7:143). In the Hereafter, an eighth universe will be created that will be even farther than our seventh universe; it will be called ""Hell"" (89:23).",False
*,72:1-28,72,"The messenger here is named', mathematically, as “Rashad Khalifa,” to whom God revealed the end of the world (Appendix 25). The number of verses from 1:1 to 72:27, where the messenger is mentioned, is 5472, 19x72x4. The word “Rashada” occurs 4 times in Sura 72. The value of “Rashada” is 504, and 504+28 (verses of Sura 72) is 532, 19x28. The value of “Rashad Khalifa” (1230)+ 72+28=1330 =19x70. The digits of Sura 72 and its number of verses (28) add up to 7+2+2+8=19. Also, the crucial expression, “only to a messenger that He chooses” has a value of 361, 19x19.","The messenger here is named', mathematically, as “Rashad Khalifa,” to whom
God revealed the end of the world (Appendix 25). The number of verses from 1:1 to
72:27, where the messenger is mentioned, is 5472, 19x72x4. The word “Rashada” oc
curs 4 times in Sura 72. The value of “Rashada” is 504, and 504+28 (verses of Sura
72) is 532, 19x28. The value of “Rashad Khalifa” (1230)+ 72+28=1330 =19x70. The
digits of Sura 72 and its number of verses (28) add up to 7+2+2+8=19. Also, the
crucial expression, “only to a messenger that He chooses” has a value of 361, 19x19.",592,573,"[39.7, 574.548, 479.512, 659.057]","[0.076656, 0.803901, 0.925878, 0.922145]","The messenger here is named, mathematically, as ""Rashad Khalifa,"" to whom God revealed the end of the world (Appendix 25). The number of verses from 1:1 to 72:27, where the messenger is mentioned, is 5472, 19x72x4. The word ""Rashada"" occurs 4 times in Sura 72. The value of ""Rashada"" is 504, and 504+28 (verses of Sura 72) is 532, 19x28. The value of ""Rashad Khalifa"" (1230)+72+28=1330 =19x70. The digits of Sura 72 and its number of verses (28) add up to 7+2+2+8=19. Also, the crucial expression, ""only to a messenger that He chooses"" has a value of 1919, 19x101.",False
*,74:1,74,"God’s infinite wisdom willed to reveal the Quran through Muhammad, while the Quran’s awesome 19-based mathematical miracle was revealed through God’s Messenger of the Covenant 1406 lunar years after revelation of the Quran (1406=19x74 & 1974 AD was the Solar Year of discovery). In retrospect, we realize that the whole sura refers to the Quran’s 19-based miracle (Appendices 1 & 2).","God’s infinite wisdom willed to reveal the Quran through Muhammad, while the
Quran’s awesome 19-based mathematical miracle was revealed through God’s Mes
senger of the Covenant 1406 lunar years after revelation of the Quran (1406=19x74 &
1974 AD was the Solar Year of discovery). In retrospect, we realize that the whole sura
refers to the Quran’s 19-based miracle (Appendices 1 & 2).",594,575,"[40.7, 583.148, 480.95, 648.347]","[0.078587, 0.815934, 0.928654, 0.90716]","God's infinite wisdom willed to reveal the Quran through Muhammad, while the Quran's awesome 19-based mathematical miracle was revealed through God's Messenger of the Covenant 1406 lunar years after revelation of the Quran (1406=19x74 & 1974 AD was the Solar Year of discovery). In retrospect, we realize that the whole sura refers to the Quran's 19-based miracle (Appendices 1 & 2).",False
*,74:4,74,Quran is the garment containing the secret code. This refers to removing 9:128-9.,Quran is the garment containing the secret code. This refers to removing 9:128-9.,594,575,"[40.2, 649.648, 479.18, 659.674]","[0.077621, 0.90898, 0.925237, 0.923008]",Quran is the garment containing the secret code. This refers to removing 9:128-9.,True
*,74:30-35,74,This “One of the great miracles” provides the first physical evidence that the Quran is God’s message to the world. This 19-based miracle is detailed in Appendix 1.,"This “One of the great miracles” provides the first physical evidence that the
Quran is God’s message to the world. This 19-based miracle is detailed in Appendix 1.",595,576,"[40.45, 637.548, 476.87, 658.675]","[0.078104, 0.89205, 0.920776, 0.92161]","This ""One of the great miracles"" provides the first physical evidence that the Quran is God's message to the world. This 19-based miracle is detailed in Appendix 1.",False
*,77:20-23,77,"According to Langman’s Medical Embryology, by T. W. Sadler (Fifth Edition, Page 88): “In general the length of pregnancy for a full term fetus is 266 days or 38 weeks after fertilization. ” Both 266 and 38 are multiples of 19 (Appendix 1).","According to Langman’s Medical Embryology, by T. W. Sadler (Fifth Edition,
Page 88): “In general the length of pregnancy for a full term fetus is 266 days or 38
weeks after fertilization. ” Both 266 and 38 are multiples of 19 (Appendix 1).",600,581,"[39.49, 630.698, 478.69, 669.447]","[0.07625, 0.882465, 0.92429, 0.936683]","According to Langman's Medical Embryology, by T. W. Sadler (Fifth Edition, Page 88): ""In general the length of pregnancy for a full term fetus is 266 days or 38 weeks after fertilization."" Both 266 and 38 are multiples of 19 (Appendix 1).",False
*,79:30,79,The Arabic word “dahhaahaa”is derived from “Dahhyah” which means “egg.”.,The Arabic word “dahhaahaa”is derived from “Dahhyah” which means “egg.”.,603,584,"[41.4, 646.51, 475.85, 656.376]","[0.079938, 0.904589, 0.918807, 0.918394]","The Arabic word ""dahhaahaa"" is derived from ""Dahhyah"" which means ""egg.""",False
*,81:19,81,"By adding the sura number, plus the verse number, plus the gematrical value of the name ""Rashad” (505), plus the value of ""Khalifa” (725), we get 1330, 19x70. This provides Quranic mathematical proof that this messenger is Rashad Khalifa.","By adding the sura number, plus the verse number, plus the gematrical value of
the name ""Rashad” (505), plus the value of ""Khalifa” (725), we get 1330, 19x70. This
provides Quranic mathematical proof that this messenger is Rashad Khalifa.",605,586,"[40.46, 610.012, 477.84, 646.046]","[0.078123, 0.853522, 0.922649, 0.90394]","By adding the sura number, plus the verse number, plus the gematrical value of the name ""Rashad"" (505), plus the value of ""Khalifa"" (725), we get 1330, 19x70. This provides Quranic mathematical proof that this messenger is Rashad Khalifa.",False
*,81:23,81,Rashad Khalifa was summoned to the high horizon as detailed in Appendix 2.,"Rashad Khalifa was summoned to the high horizon as detailed in Appendix 2.
L________________________________________________________________________.",605,586,"[37.1, 646.998, 478.592, 689.351]","[0.071635, 0.905272, 0.924101, 0.964532]",Rashad Khalifa was summoned to the high horizon as detailed in Appendix 2.,False
*,89:2,89,"Last ten nights of Ramadan, wherein many believers retreat to mosques (2:187).","Last ten nights of Ramadan, wherein many believers retreat to mosques (2:187).",612,,"[41.65, 640.898, 478.428, 651.295]","[0.080421, 0.896737, 0.923785, 0.911284]","Last ten nights of Ramadan, wherein many believers retreat to the masjids (2:187).",False
*,89:3,89,See Appendix 1 for the role of the even numbers and the odd numbers. 268(,"See Appendix 1 for the role of the even numbers and the odd numbers.
268(",612,,"[41.65, 651.295, 478.428, 682.486]","[0.080421, 0.911284, 0.923785, 0.954927]",See Appendix 1 for the role of the even numbers and the odd numbers.,False
*,90:4,90,See the Introduction and Appendix 7 for the purpose behind our creation.,See the Introduction and Appendix 7 for the purpose behind our creation.,613,594,"[40.2, 648.548, 474.144, 658.3]","[0.077621, 0.907441, 0.915513, 0.921086]",See the Introduction and Appendix 7 for the purpose behind our creation.,True
*,95:1-3,95,"The fig, olive, Sinai, and Mecca possibly symbolize Adam, Jesus, Moses, Abraham, and Muhammad, respectively. Thus, all major religions are represented.","The fig, olive, Sinai, and Mecca possibly symbolize Adam, Jesus, Moses,
Abraham, and Muhammad, respectively. Thus, all major religions are represented.",616,597,"[39.7, 608.748, 480.95, 634.773]","[0.076656, 0.851753, 0.928654, 0.888167]","The fig, olive, Sinai, and Mecca possibly symbolize Adam, Jesus, Moses, Abraham, and Muhammad, respectively. Thus, all major religions are represented.",True
*,96:1-19,96,"From 96 to 114 is 19 suras. The first revelation (96:1-5) is 19 Arabic words, 76 letters (19x4). The sura consists of 19 verses and 304 Arabic letters (App. 1 & 23).","From 96 to 114 is 19 suras. The first revelation (96:1-5) is 19 Arabic words, 76
letters (19x4). The sura consists of 19 verses and 304 Arabic letters (App. 1 & 23).",616,597,"[39.7, 634.773, 480.95, 660.797]","[0.076656, 0.888167, 0.928654, 0.92458]","From 96 to 114 is 19 suras. The first revelation (96:1-5) is 19 Arabic words, 76 letters (19x4). The sura consists of 19 verses and 304 Arabic letters (App. 1 & 23).",True
*,97:1,97,"The Quran was placed into Muhammad’s soul on the 27th night of Ramadan, 13 B.H. (Before Hijrah). See also 17:1, 44:3, 53:1-18, and Appendix 28.","The Quran was placed into Muhammad’s soul on the 27th night of Ramadan, 13
B.H. (Before Hijrah). See also 17:1, 44:3, 53:1-18, and Appendix 28.",617,598,"[39.95, 603.198, 475.868, 628.298]","[0.077138, 0.843988, 0.918841, 0.879107]","The Quran was placed into Muhammad's soul on the 27th night of Ramadan, 13 B.H. (Before Hijrah). See also 17:1, 44:3, 53:1-18, and Appendix 28.",False
*,98:1-2,98,"The proof is the Quran’s mathematical code (Appendix 1) and the messenger is Rashad Khalifa. The No. of sura (98), plus the verse No. (2), plus the numerical value of “Rashad Khalifa” (1230), add up to 1330 (19x70), the same total as in 81:19 (App. 2). 2692,","The proof is the Quran’s mathematical code (Appendix 1) and the messenger is
Rashad Khalifa. The No. of sura (98), plus the verse No. (2), plus the numerical value
of “Rashad Khalifa” (1230), add up to 1330 (19x70), the same total as in 81:19 (App. 2).
2692,",617,598,"[39.5, 629.498, 477.548, 685.203]","[0.07627, 0.880786, 0.922085, 0.958728]","The proof is the Quran's mathematical code (Appendix 1) and the messenger is Rashad Khalifa. The No. of sura (98), plus the verse No. (2), plus the numerical value of ""Rashad Khalifa"" (1230) add up to 1330 (19x70), the same total as in 81:19 (App. 2).",False
*,110:1-3,110,"This last sura, chronologically, consists of 19 Arabic words (see 96:1), and the first verse consists of 19 letters. This indicates that this generation of believers shall attain the promised victory. The true Islam will prevail throughout the world (48:28).","This last sura, chronologically, consists of 19 Arabic words (see 96:1), and the
first verse consists of 19 letters. This indicates that this generation of believers shall
attain the promised victory. The true Islam will prevsiil throughout the world (48:28).",622,603,"[40.2, 580.148, 479.776, 619.222]","[0.077621, 0.811736, 0.926387, 0.866408]","This last sura, chronologically, consists of 19 Arabic words (see 96:1), and the first verse consists of 19 letters. This indicates that this generation of believers shall attain the promised victory. Submission (true Islam) will prevail throughout the world (48:28).",False
*,111:1,111,"Abee Lahab was Muhammad’s uncle and the leader of opposition. His wife carried out a campaign of persecution against Muhammad and the believers. Like all descriptions of Heaven and Hell, the rope of thorns is an allegory.","Abee Lahab was Muhammad’s uncle and the leader of opposition. His wife car
ried out a campaign of persecution against Muhammad and the believers. Like all
descriptions of Heaven and Hell, the rope of thorns is an allegory.",622,603,"[40.2, 619.222, 479.776, 658.296]","[0.077621, 0.866408, 0.926387, 0.92108]","Abee Lahab was Muhammad's uncle and the leader of the opposition. His wife carried out a campaign of persecution against Muhammad and the believers. Like all descriptions of Heaven and Hell, the rope of thorns is an allegory.",False
