pdf_page,printed_page,block_order,text,clean_text,bbox,bbox_normalized
726,711,1,INDEX,INDEX,"[236.3, 13.829, 284.975, 28.829]","[0.456266, 0.01935, 0.550251, 0.040337]"
726,711,2,A,A,"[40.299, 30.451, 118.763, 41.343]","[0.077812, 0.042607, 0.229316, 0.057847]"
726,711,2,Aad (see also Hood),Aad (see also Hood),"[40.299, 41.343, 118.763, 52.235]","[0.077812, 0.057847, 0.229316, 0.073087]"
726,711,3,162-166; 10:15-19; 11:18-19; 16:88,162-166; 10:15-19; 11:18-19; 16:88,"[190.3, 33.252, 326.94, 42.73]","[0.367445, 0.046526, 0.63128, 0.059787]"
726,711,3,"Accusations 4:112,156; 24:4-6,11-26","Accusations 4:112,156; 24:4-6,11-26","[190.3, 42.73, 326.94, 52.208]","[0.367445, 0.059787, 0.63128, 0.073049]"
726,711,3,Adam,Adam,"[190.3, 52.208, 326.94, 61.686]","[0.367445, 0.073049, 0.63128, 0.08631]"
726,711,4,daughters 3:80; 17:40; 34:40-41;,daughters 3:80; 17:40; 34:40-41;,"[338.649, 34.603, 482.69, 44.257]","[0.653889, 0.048416, 0.932014, 0.061924]"
726,711,4,37:150; 43:19; 53:27,37:150; 43:19; 53:27,"[338.649, 44.257, 482.69, 53.911]","[0.653889, 0.061924, 0.932014, 0.075431]"
726,711,4,"messengers 2:248; 3:39,4246; 6:61;","messengers 2:248; 3:39,4246; 6:61;","[338.649, 53.911, 482.69, 63.565]","[0.653889, 0.075431, 0.932014, 0.088939]"
726,711,4,7:37; 11:81; 15:51-66; 16:2; 22:75;,7:37; 11:81; 15:51-66; 16:2; 22:75;,"[338.649, 63.565, 482.69, 73.218]","[0.653889, 0.088939, 0.932014, 0.102446]"
726,711,4,35:1; 43:80; 51:24-37; 77:1; 79:3-5;,35:1; 43:80; 51:24-37; 77:1; 79:3-5;,"[338.649, 73.218, 482.69, 82.872]","[0.653889, 0.102446, 0.932014, 0.115954]"
726,711,4,97:4,97:4,"[338.649, 82.872, 482.69, 92.526]","[0.653889, 0.115954, 0.932014, 0.129461]"
726,711,4,pray for believers 40:7-9,pray for believers 40:7-9,"[338.649, 92.526, 482.69, 102.18]","[0.653889, 0.129461, 0.932014, 0.142969]"
726,711,4,retribution bringers 51:24-37,retribution bringers 51:24-37,"[338.649, 102.18, 482.69, 111.834]","[0.653889, 0.142969, 0.932014, 0.156476]"
726,711,4,revelation bringers 16:102,revelation bringers 16:102,"[338.649, 111.834, 482.69, 121.488]","[0.653889, 0.156476, 0.932014, 0.169984]"
726,711,4,sorcery 2:102,sorcery 2:102,"[338.649, 121.488, 482.69, 131.141]","[0.653889, 0.169984, 0.932014, 0.183491]"
726,711,4,"supporters 3:124-125; 8:9-12; 9:26,","supporters 3:124-125; 8:9-12; 9:26,","[338.649, 131.141, 482.69, 140.795]","[0.653889, 0.183491, 0.932014, 0.196999]"
726,711,4,"40; 33:9,43,56; 41:30; 59:6; 66:4","40; 33:9,43,56; 41:30; 59:6; 66:4","[338.649, 140.795, 482.69, 150.449]","[0.653889, 0.196999, 0.932014, 0.210507]"
726,711,4,"terminate lives 4:97; 6:61,93; 7:37;","terminate lives 4:97; 6:61,93; 7:37;","[338.649, 150.449, 482.69, 160.103]","[0.653889, 0.210507, 0.932014, 0.224014]"
726,711,4,8:50; 16:28-33; 47:27; 79:1-2,8:50; 16:28-33; 47:27; 79:1-2,"[338.649, 160.103, 482.69, 169.757]","[0.653889, 0.224014, 0.932014, 0.237522]"
726,711,4,witness & record 3:18; 4:166; 43:80;,witness & record 3:18; 4:166; 43:80;,"[338.649, 169.757, 482.69, 179.41]","[0.653889, 0.237522, 0.932014, 0.251029]"
726,711,4,50:17; 82:11-12,50:17; 82:11-12,"[338.649, 179.41, 482.69, 189.064]","[0.653889, 0.251029, 0.932014, 0.264537]"
726,711,4,worship God 3:18; 4:172; 7:206;,worship God 3:18; 4:172; 7:206;,"[338.649, 189.064, 482.69, 198.718]","[0.653889, 0.264537, 0.932014, 0.278044]"
726,711,4,13:13; 16:49; 21:19-20; 40:7- 9;,13:13; 16:49; 21:19-20; 40:7- 9;,"[338.649, 198.718, 482.69, 208.372]","[0.653889, 0.278044, 0.932014, 0.291552]"
726,711,4,41:38; 42:5,41:38; 42:5,"[338.649, 208.372, 482.69, 218.026]","[0.653889, 0.291552, 0.932014, 0.305059]"
726,711,4,Anger 3:134; 4:93; 7:154; 21:87;,Anger 3:134; 4:93; 7:154; 21:87;,"[338.649, 218.026, 482.69, 227.68]","[0.653889, 0.305059, 0.932014, 0.318567]"
726,711,4,48:6; 60:13,48:6; 60:13,"[338.649, 227.68, 482.69, 237.333]","[0.653889, 0.318567, 0.932014, 0.332074]"
726,711,4,Animals,Animals,"[338.649, 237.333, 482.69, 246.987]","[0.653889, 0.332074, 0.932014, 0.345582]"
726,711,5,rebel against Hood 7:65-72;,rebel against Hood 7:65-72;,"[40.55, 54.001, 162.45, 63.68]","[0.078297, 0.075558, 0.313671, 0.089101]"
726,711,5,11:50-60; 14:9-15; 26:123-140;,11:50-60; 14:9-15; 26:123-140;,"[40.55, 63.68, 162.45, 73.359]","[0.078297, 0.089101, 0.313671, 0.102644]"
726,711,5,41:13-16; 46:21-28; 51:41-46;,41:13-16; 46:21-28; 51:41-46;,"[40.55, 73.359, 162.45, 83.039]","[0.078297, 0.102644, 0.313671, 0.116187]"
726,711,5,69:4-8,69:4-8,"[40.55, 83.039, 162.45, 92.718]","[0.078297, 0.116187, 0.313671, 0.12973]"
726,711,5,example of 7:74; 9:70; 22:42;,example of 7:74; 9:70; 22:42;,"[40.55, 92.718, 162.45, 102.397]","[0.078297, 0.12973, 0.313671, 0.143273]"
726,711,5,25:38; 26:123; 50:13; 53:50-51;,25:38; 26:123; 50:13; 53:50-51;,"[40.55, 102.397, 162.45, 112.076]","[0.078297, 0.143273, 0.313671, 0.156816]"
726,711,5,54:18- 20; 89:6-8,54:18- 20; 89:6-8,"[40.55, 112.076, 162.45, 121.756]","[0.078297, 0.156816, 0.313671, 0.170359]"
726,711,5,Aaron (see also Moses),Aaron (see also Moses),"[40.55, 121.756, 162.45, 131.435]","[0.078297, 0.170359, 0.313671, 0.183902]"
726,711,6,"ancestor of all 4:1; 6:98; 7:11,172,","ancestor of all 4:1; 6:98; 7:11,172,","[190.45, 63.852, 331.64, 73.739]","[0.367735, 0.089341, 0.640355, 0.103175]"
726,711,6,189; 19:58; 49:13,189; 19:58; 49:13,"[190.45, 73.739, 331.64, 83.626]","[0.367735, 0.103175, 0.640355, 0.117009]"
726,711,6,angels prostrate before 2:34; 7:11-,angels prostrate before 2:34; 7:11-,"[190.45, 83.626, 331.64, 93.514]","[0.367735, 0.117009, 0.640355, 0.130843]"
726,711,6,12; 15:29-33; 17:61; 18:50; 20:116,12; 15:29-33; 17:61; 18:50; 20:116,"[190.45, 93.514, 331.64, 103.401]","[0.367735, 0.130843, 0.640355, 0.144677]"
726,711,6,creation 3:59; 15:26-29,creation 3:59; 15:26-29,"[190.45, 103.401, 331.64, 113.288]","[0.367735, 0.144677, 0.640355, 0.158511]"
726,711,6,messenger 3:33,messenger 3:33,"[190.45, 113.288, 331.64, 123.175]","[0.367735, 0.158511, 0.640355, 0.172345]"
726,711,6,redeemed 2:37; 7:23-25; 20:122,redeemed 2:37; 7:23-25; 20:122,"[190.45, 123.175, 331.64, 133.062]","[0.367735, 0.172345, 0.640355, 0.186179]"
726,711,6,sons 5:27,sons 5:27,"[190.45, 133.062, 331.64, 142.949]","[0.367735, 0.186179, 0.640355, 0.200013]"
726,711,6,taught names 2:31-33,taught names 2:31-33,"[190.45, 142.949, 331.64, 152.836]","[0.367735, 0.200013, 0.640355, 0.213847]"
726,711,6,"tested & failed 2:35-38; 7:19-25,27;","tested & failed 2:35-38; 7:19-25,27;","[190.45, 152.836, 331.64, 162.724]","[0.367735, 0.213847, 0.640355, 0.227681]"
726,711,6,"15:39-40; 17:62; 20:115,117-121;","15:39-40; 17:62; 20:115,117-121;","[190.45, 162.724, 331.64, 172.611]","[0.367735, 0.227681, 0.640355, 0.241515]"
726,711,6,"Adoption 12:21; 28:9; 33:4-5,37","Adoption 12:21; 28:9; 33:4-5,37","[190.45, 172.611, 331.64, 182.498]","[0.367735, 0.241515, 0.640355, 0.255349]"
726,711,6,"Adulteiy 4:15-16,19,25,156; 5:5;","Adulteiy 4:15-16,19,25,156; 5:5;","[190.45, 182.498, 331.64, 192.385]","[0.367735, 0.255349, 0.640355, 0.269183]"
726,711,7,Children of Israel rebel against,Children of Israel rebel against,"[40.55, 133.351, 175.75, 143.419]","[0.078297, 0.186583, 0.339351, 0.20067]"
726,711,7,7:142-156; 20:90-94,7:142-156; 20:90-94,"[40.55, 143.419, 175.75, 153.486]","[0.078297, 0.20067, 0.339351, 0.214756]"
726,711,7,Maiy his descendant 19:28,Maiy his descendant 19:28,"[40.55, 153.486, 175.75, 163.554]","[0.078297, 0.214756, 0.339351, 0.228843]"
726,711,7,Messengership of 4:163; 6:84;,Messengership of 4:163; 6:84;,"[40.55, 163.554, 175.75, 173.622]","[0.078297, 0.228843, 0.339351, 0.24293]"
726,711,7,"7:111,122; 10:75-87; 19:53; 20:30","7:111,122; 10:75-87; 19:53; 20:30","[40.55, 173.622, 175.75, 183.69]","[0.078297, 0.24293, 0.339351, 0.257017]"
726,711,7,"36,63,70; 21:48; 23:45; 25:35;","36,63,70; 21:48; 23:45; 25:35;","[40.55, 183.69, 175.75, 193.758]","[0.078297, 0.257017, 0.339351, 0.271103]"
726,711,7,"26:13-16,36,47-48; 28:34-35;","26:13-16,36,47-48; 28:34-35;","[40.55, 193.758, 175.75, 203.825]","[0.078297, 0.271103, 0.339351, 0.28519]"
726,711,7,37:114-122,37:114-122,"[40.55, 203.825, 175.75, 213.893]","[0.078297, 0.28519, 0.339351, 0.299277]"
726,711,7,"Received scripture 21:48, 37:117.","Received scripture 21:48, 37:117.","[40.55, 213.893, 175.75, 223.961]","[0.078297, 0.299277, 0.339351, 0.313363]"
726,711,7,Abou-Lahab 111:1-5,Abou-Lahab 111:1-5,"[40.55, 223.961, 175.75, 234.029]","[0.078297, 0.313363, 0.339351, 0.32745]"
726,711,7,Abel 5:27-32,Abel 5:27-32,"[40.55, 234.029, 175.75, 244.096]","[0.078297, 0.32745, 0.339351, 0.341537]"
726,711,7,Ablution 4:43; 5:6,Ablution 4:43; 5:6,"[40.55, 244.096, 175.75, 254.164]","[0.078297, 0.341537, 0.339351, 0.355624]"
726,711,7,"Abominations 5:3,90; 6:121; 7:80;","Abominations 5:3,90; 6:121; 7:80;","[40.55, 254.164, 175.75, 264.232]","[0.078297, 0.355624, 0.339351, 0.36971]"
726,711,8,17:32; 24:2-10; 25:68; 60:12; 65:1;,17:32; 24:2-10; 25:68; 60:12; 65:1;,"[190.44, 194.052, 326.94, 204.098]","[0.367716, 0.271515, 0.63128, 0.285572]"
726,711,8,70:29-31,70:29-31,"[190.44, 204.098, 326.94, 214.144]","[0.367716, 0.285572, 0.63128, 0.299628]"
726,711,8,Age of responsibility 46:15,Age of responsibility 46:15,"[190.44, 214.144, 326.94, 224.19]","[0.367716, 0.299628, 0.63128, 0.313684]"
726,711,8,Aggression forbidden 2:190-194;,Aggression forbidden 2:190-194;,"[190.44, 224.19, 326.94, 234.236]","[0.367716, 0.313684, 0.63128, 0.32774]"
726,711,9,"4:91; 5:2; 7:33,55; 8:19,60-61; 9:4,7;","4:91; 5:2; 7:33,55; 8:19,60-61; 9:4,7;","[190.199, 235.802, 332.349, 245.801]","[0.36725, 0.329931, 0.641724, 0.343921]"
726,711,9,16:126; 22:39; 42:40-43; 60:8-9,16:126; 22:39; 42:40-43; 60:8-9,"[190.199, 245.801, 332.349, 255.799]","[0.36725, 0.343921, 0.641724, 0.357911]"
726,711,9,"Agreements see Covenant, Promises","Agreements see Covenant, Promises","[190.199, 255.799, 332.349, 265.798]","[0.36725, 0.357911, 0.641724, 0.371901]"
726,711,9,divorce 65:2,divorce 65:2,"[190.199, 265.798, 332.349, 275.796]","[0.36725, 0.371901, 0.641724, 0.385891]"
726,711,9,nursing 2:233,nursing 2:233,"[190.199, 275.796, 332.349, 285.795]","[0.36725, 0.385891, 0.641724, 0.399881]"
726,711,9,violation 8:56,violation 8:56,"[190.199, 285.795, 332.349, 295.794]","[0.36725, 0.399881, 0.641724, 0.413871]"
726,711,9,Alimony 2:240-241,Alimony 2:240-241,"[190.199, 295.794, 332.349, 305.792]","[0.36725, 0.413871, 0.641724, 0.427861]"
726,711,9,"Allegory (see also Examples) 2:17,","Allegory (see also Examples) 2:17,","[190.199, 305.792, 332.349, 315.791]","[0.36725, 0.427861, 0.641724, 0.441851]"
726,711,9,"19-20,24-26,265; 3:7; 4:56; 7:58,179;","19-20,24-26,265; 3:7; 4:56; 7:58,179;","[190.199, 315.791, 332.349, 325.79]","[0.36725, 0.441851, 0.641724, 0.455841]"
726,711,9,"9:109; 10:27; 13:14-17; 14:18,24-26;","9:109; 10:27; 13:14-17; 14:18,24-26;","[190.199, 325.79, 332.349, 335.788]","[0.36725, 0.455841, 0.641724, 0.469831]"
726,711,9,18:45; 22:73; 24:39^0; 29:41; 50:11;,18:45; 22:73; 24:39^0; 29:41; 50:11;,"[190.199, 335.788, 332.349, 345.787]","[0.36725, 0.469831, 0.641724, 0.483821]"
726,711,9,57:20; 62:5,57:20; 62:5,"[190.199, 345.787, 332.349, 355.785]","[0.36725, 0.483821, 0.641724, 0.497811]"
726,711,9,Allies,Allies,"[190.199, 355.785, 332.349, 365.784]","[0.36725, 0.497811, 0.641724, 0.511801]"
726,711,10,to be resurrected 6:38.,to be resurrected 6:38.,"[338.381, 248.403, 480.3, 258.595]","[0.653371, 0.347563, 0.927399, 0.361823]"
726,711,10,are muslims 7:179; 22:18; 25:44,are muslims 7:179; 22:18; 25:44,"[338.381, 258.595, 480.3, 268.786]","[0.653371, 0.361823, 0.927399, 0.376083]"
726,711,10,prohibited 2:173; 5:3; 6:145; 16:115,prohibited 2:173; 5:3; 6:145; 16:115,"[338.381, 268.786, 480.3, 278.978]","[0.653371, 0.376083, 0.927399, 0.390343]"
726,711,10,Annulment of marraige 2:236-237,Annulment of marraige 2:236-237,"[338.381, 278.978, 480.3, 289.17]","[0.653371, 0.390343, 0.927399, 0.404603]"
726,711,10,Ant 27:18,Ant 27:18,"[338.381, 289.17, 480.3, 299.361]","[0.653371, 0.404603, 0.927399, 0.418863]"
726,711,10,"Arabic, Quran 12:2; 13:37; 14:4;","Arabic, Quran 12:2; 13:37; 14:4;","[338.381, 299.361, 480.3, 309.553]","[0.653371, 0.418863, 0.927399, 0.433123]"
726,711,10,"16:103; 19:97; 20:113; 26:195,198;","16:103; 19:97; 20:113; 26:195,198;","[338.381, 309.553, 480.3, 319.745]","[0.653371, 0.433123, 0.927399, 0.447383]"
726,711,10,"39:28; 41:3,44; 42:7; 43:3; 46:12","39:28; 41:3,44; 42:7; 43:3; 46:12","[338.381, 319.745, 480.3, 329.936]","[0.653371, 0.447383, 0.927399, 0.461643]"
726,711,10,"Arabs 6:66; 9:90,97-99,101,120; 43:57","Arabs 6:66; 9:90,97-99,101,120; 43:57","[338.381, 329.936, 480.3, 340.128]","[0.653371, 0.461643, 0.927399, 0.475903]"
726,711,10,"-58; 48:11,16; 49:14","-58; 48:11,16; 49:14","[338.381, 340.128, 480.3, 350.32]","[0.653371, 0.475903, 0.927399, 0.490163]"
726,711,10,worst disbelievers 9:97.,worst disbelievers 9:97.,"[338.381, 350.32, 480.3, 360.511]","[0.653371, 0.490163, 0.927399, 0.504423]"
726,711,10,dismissed from God’s grace 47:38,dismissed from God’s grace 47:38,"[338.381, 360.511, 480.3, 370.703]","[0.653371, 0.504423, 0.927399, 0.518683]"
726,711,10,Arafat 2:198,Arafat 2:198,"[338.381, 370.703, 480.3, 380.895]","[0.653371, 0.518683, 0.927399, 0.532943]"
726,711,10,Ark,Ark,"[338.381, 380.895, 480.3, 391.086]","[0.653371, 0.532943, 0.927399, 0.547203]"
726,711,11,22:30; 27:54; 29:28-29,22:30; 27:54; 29:28-29,"[40.45, 265.701, 168.45, 275.862]","[0.078104, 0.371766, 0.325256, 0.385983]"
726,711,11,Abortion 6:151; 17:31; 22:2; 60:12,Abortion 6:151; 17:31; 22:2; 60:12,"[40.45, 275.862, 168.45, 286.024]","[0.078104, 0.385983, 0.325256, 0.400201]"
726,711,11,Abraham,Abraham,"[40.45, 286.024, 168.45, 296.185]","[0.078104, 0.400201, 0.325256, 0.414419]"
726,711,12,builds Kaaba 2:125-127; 3:96-97;,builds Kaaba 2:125-127; 3:96-97;,"[49.1, 298.101, 186.3, 307.877]","[0.094806, 0.417099, 0.359722, 0.430778]"
726,711,12,14:37; 22:26,14:37; 22:26,"[49.1, 307.877, 186.3, 317.653]","[0.094806, 0.430778, 0.359722, 0.444456]"
726,711,12,"chosen by God 3:33; 4:125,163;","chosen by God 3:33; 4:125,163;","[49.1, 317.653, 186.3, 327.429]","[0.094806, 0.444456, 0.359722, 0.458135]"
726,711,12,6:74-83; 12:6; 16:120-123; 21:51;,6:74-83; 12:6; 16:120-123; 21:51;,"[49.1, 327.429, 186.3, 337.205]","[0.094806, 0.458135, 0.359722, 0.471813]"
726,711,12,43:28; 57:26,43:28; 57:26,"[49.1, 337.205, 186.3, 346.981]","[0.094806, 0.471813, 0.359722, 0.485492]"
726,711,12,covenant 2:125; 33:7,covenant 2:125; 33:7,"[49.1, 346.981, 186.3, 356.757]","[0.094806, 0.485492, 0.359722, 0.49917]"
726,711,12,descendants and followers of 2:128,descendants and followers of 2:128,"[49.1, 356.757, 186.3, 366.533]","[0.094806, 0.49917, 0.359722, 0.512849]"
726,711,12,"-130; 3:68,84,95; 4:54-55; 6:161;","-130; 3:68,84,95; 4:54-55; 6:161;","[49.1, 366.533, 186.3, 376.309]","[0.094806, 0.512849, 0.359722, 0.526527]"
726,711,12,"12:6,38; 29:27; 37:100-113; 38:45-47","12:6,38; 29:27; 37:100-113; 38:45-47","[49.1, 376.309, 186.3, 386.085]","[0.094806, 0.526527, 0.359722, 0.540206]"
726,711,12,destroyed idols 21:52-71; 26:70-77;,destroyed idols 21:52-71; 26:70-77;,"[49.1, 386.085, 186.3, 395.861]","[0.094806, 0.540206, 0.359722, 0.553885]"
726,711,12,37:85-98,37:85-98,"[49.1, 395.861, 186.3, 405.637]","[0.094806, 0.553885, 0.359722, 0.567563]"
726,711,12,discovers God 6:74-82,discovers God 6:74-82,"[49.1, 405.637, 186.3, 415.413]","[0.094806, 0.567563, 0.359722, 0.581242]"
726,711,12,"established Islam 2:128,130,133,135","established Islam 2:128,130,133,135","[49.1, 415.413, 186.3, 425.189]","[0.094806, 0.581242, 0.359722, 0.59492]"
726,711,12,"-140; 3:65-68,95; 4:125; 6:161; 12:38;","-140; 3:65-68,95; 4:125; 6:161; 12:38;","[49.1, 425.189, 186.3, 434.965]","[0.094806, 0.59492, 0.359722, 0.608599]"
726,711,12,16:120-123; 21:51; 43:28; 57:26,16:120-123; 21:51; 43:28; 57:26,"[49.1, 434.965, 186.3, 444.741]","[0.094806, 0.608599, 0.359722, 0.622277]"
726,711,12,example of 43:28; 53:37; 60:4-6,example of 43:28; 53:37; 60:4-6,"[49.1, 444.741, 186.3, 454.517]","[0.094806, 0.622277, 0.359722, 0.635956]"
726,711,12,family 2:132; 14:39; 37:102-108,family 2:132; 14:39; 37:102-108,"[49.1, 454.517, 186.3, 464.293]","[0.094806, 0.635956, 0.359722, 0.649634]"
726,711,12,father 6:74; 9:114; 14:41; 19:42^8;,father 6:74; 9:114; 14:41; 19:42^8;,"[49.1, 464.293, 186.3, 474.07]","[0.094806, 0.649634, 0.359722, 0.663313]"
726,711,12,26:86; 37:102-108,26:86; 37:102-108,"[49.1, 474.07, 186.3, 483.846]","[0.094806, 0.663313, 0.359722, 0.676991]"
726,711,12,messengers to 11:69-76; 15:51-60;,messengers to 11:69-76; 15:51-60;,"[49.1, 483.846, 186.3, 493.622]","[0.094806, 0.676991, 0.359722, 0.69067]"
726,711,12,29:31-32; 51:24-30,29:31-32; 51:24-30,"[49.1, 493.622, 186.3, 503.398]","[0.094806, 0.69067, 0.359722, 0.704348]"
726,711,12,"monotheist 2:135; 3:67,95; 4:125;","monotheist 2:135; 3:67,95; 4:125;","[49.1, 503.398, 186.3, 513.174]","[0.094806, 0.704348, 0.359722, 0.718027]"
726,711,12,"6:74,161; 14:35-36; 16:120-123;","6:74,161; 14:35-36; 16:120-123;","[49.1, 513.174, 186.3, 522.95]","[0.094806, 0.718027, 0.359722, 0.731705]"
726,711,12,19:48-49; 21:52-71,19:48-49; 21:52-71,"[49.1, 522.95, 186.3, 532.726]","[0.094806, 0.731705, 0.359722, 0.745384]"
726,711,12,needed signs 2:260,needed signs 2:260,"[49.1, 532.726, 186.3, 542.502]","[0.094806, 0.745384, 0.359722, 0.759062]"
726,711,12,people of 9:70; 22:43,people of 9:70; 22:43,"[49.1, 542.502, 186.3, 552.278]","[0.094806, 0.759062, 0.359722, 0.772741]"
726,711,12,prayer of 2:126-129; 14:35-41;,prayer of 2:126-129; 14:35-41;,"[49.1, 552.278, 186.3, 562.054]","[0.094806, 0.772741, 0.359722, 0.786419]"
726,711,12,6:83-87; 60:4-5,6:83-87; 60:4-5,"[49.1, 562.054, 186.3, 571.83]","[0.094806, 0.786419, 0.359722, 0.800098]"
726,711,12,protected and supported by God,protected and supported by God,"[49.1, 571.83, 186.3, 581.606]","[0.094806, 0.800098, 0.359722, 0.813776]"
726,711,12,6:83; 21:52-71; 29:24; 37:97-98,6:83; 21:52-71; 29:24; 37:97-98,"[49.1, 581.606, 186.3, 591.382]","[0.094806, 0.813776, 0.359722, 0.827455]"
726,711,12,scripture of 87:19,scripture of 87:19,"[49.1, 591.382, 186.3, 601.158]","[0.094806, 0.827455, 0.359722, 0.841133]"
726,711,12,stood up for God 2:258; 6:74-81;,stood up for God 2:258; 6:74-81;,"[49.1, 601.158, 186.3, 610.934]","[0.094806, 0.841133, 0.359722, 0.854812]"
726,711,12,"21:52-71; 26:75-87; 29:16-17,25;","21:52-71; 26:75-87; 29:16-17,25;","[49.1, 610.934, 186.3, 620.71]","[0.094806, 0.854812, 0.359722, 0.86849]"
726,711,12,37:84-107; 60:4,37:84-107; 60:4,"[49.1, 620.71, 186.3, 630.486]","[0.094806, 0.86849, 0.359722, 0.882169]"
726,711,13,to believers 4:45; 5:55-56; 8:72;,to believers 4:45; 5:55-56; 8:72;,"[189.25, 367.736, 334.29, 377.575]","[0.365418, 0.514532, 0.645472, 0.528299]"
726,711,13,9:71; 10:62; 45:19; 60:8; 66:4,9:71; 10:62; 45:19; 60:8; 66:4,"[189.25, 377.575, 334.29, 387.414]","[0.365418, 0.528299, 0.645472, 0.542065]"
726,711,13,"not to believers 3:28,118 4:89,139,","not to believers 3:28,118 4:89,139,","[189.25, 387.414, 334.29, 397.253]","[0.365418, 0.542065, 0.645472, 0.555831]"
726,711,13,"144; 5:51,57; 8:73; 9:23; 11:113;","144; 5:51,57; 8:73; 9:23; 11:113;","[189.25, 397.253, 334.29, 407.091]","[0.365418, 0.555831, 0.645472, 0.569598]"
726,711,13,"28:55; 45:19; 58:22; 60:1,9","28:55; 45:19; 58:22; 60:1,9","[189.25, 407.091, 334.29, 416.93]","[0.365418, 0.569598, 0.645472, 0.583364]"
726,711,13,"Almighty, God is 2:129,209,220,228,","Almighty, God is 2:129,209,220,228,","[189.25, 416.93, 334.29, 426.769]","[0.365418, 0.583364, 0.645472, 0.59713]"
726,711,13,"240,260; 3:4,6,18,62,126; 4:56,158,","240,260; 3:4,6,18,62,126; 4:56,158,","[189.25, 426.769, 334.29, 436.608]","[0.365418, 0.59713, 0.645472, 0.610897]"
726,711,13,"165; 5:38,95,118; 6:96; 8:10,49,63,67;","165; 5:38,95,118; 6:96; 8:10,49,63,67;","[189.25, 436.608, 334.29, 446.447]","[0.365418, 0.610897, 0.645472, 0.624663]"
726,711,13,"9:40,71; 11:66; 14:1,4,47; 16:60;","9:40,71; 11:66; 14:1,4,47; 16:60;","[189.25, 446.447, 334.29, 456.286]","[0.365418, 0.624663, 0.645472, 0.63843]"
726,711,13,"22:40,74; 26:9,68,104,122,140,159,","22:40,74; 26:9,68,104,122,140,159,","[189.25, 456.286, 334.29, 466.124]","[0.365418, 0.63843, 0.645472, 0.652196]"
726,711,13,"175,191,217; 27:9,78; 29:26,42: 30:5,","175,191,217; 27:9,78; 29:26,42: 30:5,","[189.25, 466.124, 334.29, 475.963]","[0.365418, 0.652196, 0.645472, 0.665962]"
726,711,13,"27; 31:9,27; 33:25; 34:6,27; 35:2,28;","27; 31:9,27; 33:25; 34:6,27; 35:2,28;","[189.25, 475.963, 334.29, 485.802]","[0.365418, 0.665962, 0.645472, 0.679729]"
726,711,13,"36:5,38; 38:9,66; 39:1,5,37; 40:2,8,42;","36:5,38; 38:9,66; 39:1,5,37; 40:2,8,42;","[189.25, 485.802, 334.29, 495.641]","[0.365418, 0.679729, 0.645472, 0.693495]"
726,711,13,"41:12; 42:3,19; 43:9; 44:42; 45:2,37;","41:12; 42:3,19; 43:9; 44:42; 45:2,37;","[189.25, 495.641, 334.29, 505.48]","[0.365418, 0.693495, 0.645472, 0.707262]"
726,711,13,"46:2; 48:7,19; 54:42; 57:1,25; 58:21;","46:2; 48:7,19; 54:42; 57:1,25; 58:21;","[189.25, 505.48, 334.29, 515.319]","[0.365418, 0.707262, 0.645472, 0.721028]"
726,711,13,"59:1,23,24; 60:5; 61:1; 62:1,3; 64:18;","59:1,23,24; 60:5; 61:1; 62:1,3; 64:18;","[189.25, 515.319, 334.29, 525.157]","[0.365418, 0.721028, 0.645472, 0.734794]"
726,711,13,67:2; 85:8,67:2; 85:8,"[189.25, 525.157, 334.29, 534.996]","[0.365418, 0.734794, 0.645472, 0.748561]"
726,711,13,Angels,Angels,"[189.25, 534.996, 334.29, 544.835]","[0.365418, 0.748561, 0.645472, 0.762327]"
726,711,14,of covenant 2:248,of covenant 2:248,"[338.15, 392.803, 472.65, 402.773]","[0.652925, 0.549606, 0.912628, 0.563556]"
726,711,14,"Noah’s 7:64; 10:73; 11:37-38,44;","Noah’s 7:64; 10:73; 11:37-38,44;","[338.15, 402.773, 472.65, 412.744]","[0.652925, 0.563556, 0.912628, 0.577506]"
726,711,14,19:58; 23:27-28; 26:119; 36:41;,19:58; 23:27-28; 26:119; 36:41;,"[338.15, 412.744, 472.65, 422.714]","[0.652925, 0.577506, 0.912628, 0.591457]"
726,711,14,54:13-15; 69:11,54:13-15; 69:11,"[338.15, 422.714, 472.65, 432.684]","[0.652925, 0.591457, 0.912628, 0.605407]"
726,711,14,made of logs 54:13,made of logs 54:13,"[338.15, 432.684, 472.65, 442.654]","[0.652925, 0.605407, 0.912628, 0.619357]"
726,711,14,of baby Moses 20:39,of baby Moses 20:39,"[338.15, 442.654, 472.65, 452.625]","[0.652925, 0.619357, 0.912628, 0.633307]"
726,711,14,"Atom 4:40; 10:61; 34:3,22; 99:7,8","Atom 4:40; 10:61; 34:3,22; 99:7,8","[338.15, 452.625, 472.65, 462.595]","[0.652925, 0.633307, 0.912628, 0.647257]"
726,711,14,Atonement see Expiation 4:92; 5:95,Atonement see Expiation 4:92; 5:95,"[338.15, 462.595, 472.65, 472.565]","[0.652925, 0.647257, 0.912628, 0.661208]"
726,711,14,Authority,Authority,"[338.15, 472.565, 472.65, 482.535]","[0.652925, 0.661208, 0.912628, 0.675158]"
726,711,15,"God’s 7:54,71; 10:3; 13:2; 20:5;","God’s 7:54,71; 10:3; 13:2; 20:5;","[337.89, 484.453, 474.2, 494.479]","[0.652423, 0.677841, 0.915621, 0.69187]"
726,711,15,21:22; 32:4; 40:15; 53:6; 57:4,21:22; 32:4; 40:15; 53:6; 57:4,"[337.89, 494.479, 474.2, 504.506]","[0.652423, 0.69187, 0.915621, 0.705898]"
726,711,15,humans given 4:153; 11:96: 17:33;,humans given 4:153; 11:96: 17:33;,"[337.89, 504.506, 474.2, 514.532]","[0.652423, 0.705898, 0.915621, 0.719927]"
726,711,15,18:84; 28:35; 40:23; 51:38; 55:33,18:84; 28:35; 40:23; 51:38; 55:33,"[337.89, 514.532, 474.2, 524.558]","[0.652423, 0.719927, 0.915621, 0.733955]"
726,711,15,Satan’s 2:30; 16:100; 36:60,Satan’s 2:30; 16:100; 36:60,"[337.89, 524.558, 474.2, 534.584]","[0.652423, 0.733955, 0.915621, 0.747984]"
726,711,15,Avenging 16:126; 17:33; 22:60; 42:41,Avenging 16:126; 17:33; 22:60; 42:41,"[337.89, 534.584, 474.2, 544.61]","[0.652423, 0.747984, 0.915621, 0.762012]"
726,711,15,Azar 6:74,Azar 6:74,"[337.89, 544.61, 474.2, 554.636]","[0.652423, 0.762012, 0.915621, 0.776041]"
726,711,16,"belief in 2:177,285; 4:136","belief in 2:177,285; 4:136","[199.69, 546.752, 332.35, 556.43]","[0.385576, 0.765009, 0.641726, 0.77855]"
726,711,16,creation of man 2:30-34; 7:11;,creation of man 2:30-34; 7:11;,"[199.69, 556.43, 332.35, 566.107]","[0.385576, 0.77855, 0.641726, 0.792091]"
726,711,16,15:28-30; 17:61; 18:50; 20:116;,15:28-30; 17:61; 18:50; 20:116;,"[199.69, 566.107, 332.35, 575.785]","[0.385576, 0.792091, 0.641726, 0.805631]"
726,711,16,38:71-73,38:71-73,"[199.69, 575.785, 332.35, 585.462]","[0.385576, 0.805631, 0.641726, 0.819172]"
726,711,16,disbelievers demand to see 2:210;,disbelievers demand to see 2:210;,"[199.69, 585.462, 332.35, 595.14]","[0.385576, 0.819172, 0.641726, 0.832713]"
726,711,16,"6:111,158; 15:7-8; 17:92; 23:24;","6:111,158; 15:7-8; 17:92; 23:24;","[199.69, 595.14, 332.35, 604.817]","[0.385576, 0.832713, 0.641726, 0.846253]"
726,711,16,25:21; 41:14; 43:53-60,25:21; 41:14; 43:53-60,"[199.69, 604.817, 332.35, 614.495]","[0.385576, 0.846253, 0.641726, 0.859794]"
726,711,16,drive winds 77:1-4,drive winds 77:1-4,"[199.69, 614.495, 332.35, 624.172]","[0.385576, 0.859794, 0.641726, 0.873335]"
726,711,16,"enemies of opposers 2:98,161; 3:87","enemies of opposers 2:98,161; 3:87","[199.69, 624.172, 332.35, 633.85]","[0.385576, 0.873335, 0.641726, 0.886875]"
726,711,16,guards 6:61; 13:11; 72:8; 82:10; 86:4,guards 6:61; 13:11; 72:8; 82:10; 86:4,"[199.69, 633.85, 332.35, 643.527]","[0.385576, 0.886875, 0.641726, 0.900416]"
726,711,16,in hereafter 21:103; 25:22-25; 34:40,in hereafter 21:103; 25:22-25; 34:40,"[199.69, 643.527, 332.35, 653.205]","[0.385576, 0.900416, 0.641726, 0.913956]"
726,711,16,-41; 37:1; 39:75; 66:6; 69:17; 74:31;,-41; 37:1; 39:75; 66:6; 69:17; 74:31;,"[199.69, 653.205, 332.35, 662.882]","[0.385576, 0.913956, 0.641726, 0.927497]"
726,711,16,78:38; 89:22,78:38; 89:22,"[199.69, 662.882, 332.35, 672.56]","[0.385576, 0.927497, 0.641726, 0.941038]"
726,711,16,idolization of & calling them God’s,idolization of & calling them God’s,"[199.69, 672.56, 332.35, 682.237]","[0.385576, 0.941038, 0.641726, 0.954578]"
726,711,17,B,B,"[337.791, 554.354, 477.791, 565.366]","[0.652232, 0.775645, 0.922555, 0.791053]"
726,711,17,"Baby, see Infants","Baby, see Infants","[337.791, 565.366, 477.791, 576.377]","[0.652232, 0.791053, 0.922555, 0.806461]"
726,711,17,Backbiting 49:12; 68:11; 104:1,Backbiting 49:12; 68:11; 104:1,"[337.791, 576.377, 477.791, 587.389]","[0.652232, 0.806461, 0.922555, 0.821868]"
726,711,17,"Badr, battle of 3:121-124","Badr, battle of 3:121-124","[337.791, 587.389, 477.791, 598.401]","[0.652232, 0.821868, 0.922555, 0.837276]"
726,711,17,"Banishment, 5:33; 20:97","Banishment, 5:33; 20:97","[337.791, 598.401, 477.791, 609.413]","[0.652232, 0.837276, 0.922555, 0.852683]"
726,711,17,Basmalah 1:1; 6:118; 9:0; 11:41; 27:30,Basmalah 1:1; 6:118; 9:0; 11:41; 27:30,"[337.791, 609.413, 477.791, 620.425]","[0.652232, 0.852683, 0.922555, 0.868091]"
726,711,17,Battles,Battles,"[337.791, 620.425, 477.791, 631.436]","[0.652232, 0.868091, 0.922555, 0.883499]"
726,711,18,"tested 2:124,131; 6:74; 19:48-49;","tested 2:124,131; 6:74; 19:48-49;","[37.2, 632.052, 171.9, 641.78]","[0.071829, 0.88436, 0.331917, 0.897971]"
726,711,18,37:102-108,37:102-108,"[37.2, 641.78, 171.9, 651.508]","[0.071829, 0.897971, 0.331917, 0.911583]"
726,711,18,"Abrogation 2:106,187; 3:50; 6:115;","Abrogation 2:106,187; 3:50; 6:115;","[37.2, 651.508, 171.9, 661.236]","[0.071829, 0.911583, 0.331917, 0.925194]"
726,711,19,of Badr 3:121-124,of Badr 3:121-124,"[337.55, 633.253, 456.038, 643.337]","[0.651767, 0.886041, 0.880552, 0.90015]"
726,711,19,of Hunayn 9:25,of Hunayn 9:25,"[337.55, 643.337, 456.038, 653.42]","[0.651767, 0.90015, 0.880552, 0.914258]"
726,711,19,of the Allies 33:9,of the Allies 33:9,"[337.55, 653.42, 456.038, 663.504]","[0.651767, 0.914258, 0.880552, 0.928367]"
726,711,19,Bearing witness 3:86; 4:135; 5:8;,Bearing witness 3:86; 4:135; 5:8;,"[337.55, 663.504, 456.038, 673.587]","[0.651767, 0.928367, 0.880552, 0.942476]"
726,711,20,13:39; 16:101; 18:27; 78:37,13:39; 16:101; 18:27; 78:37,"[37.109, 663.002, 171.581, 671.944]","[0.071653, 0.927665, 0.331301, 0.940176]"
726,711,20,"Abuse of scripture 7:28,32-33,37,53,","Abuse of scripture 7:28,32-33,37,53,","[37.109, 671.944, 171.581, 680.886]","[0.071653, 0.940176, 0.331301, 0.952688]"
726,711,21,6:152; 7:172; 25:72; 63:1,6:152; 7:172; 25:72; 63:1,"[348.35, 675.537, 435.75, 683.537]","[0.67262, 0.945204, 0.841379, 0.956398]"
727,712,1,Becca 3:96,Becca 3:96,"[38.299, 16.451, 107.498, 26.984]","[0.073951, 0.023018, 0.207565, 0.037756]"
727,712,1,Bee 16:68-69,Bee 16:68-69,"[38.299, 26.984, 107.498, 37.518]","[0.073951, 0.037756, 0.207565, 0.052494]"
727,712,1,"Begging 2:177,273","Begging 2:177,273","[38.299, 37.518, 107.498, 48.051]","[0.073951, 0.052494, 0.207565, 0.067232]"
727,712,1,Belief,Belief,"[38.299, 48.051, 107.498, 58.584]","[0.073951, 0.067232, 0.207565, 0.08197]"
727,712,2,Capital 2:279-280,Capital 2:279-280,"[188.05, 16.835, 324.7, 27.541]","[0.363101, 0.023555, 0.626955, 0.038535]"
727,712,2,Capital punishment 2:178-179; 5:32,Capital punishment 2:178-179; 5:32,"[188.05, 27.541, 324.7, 38.247]","[0.363101, 0.038535, 0.626955, 0.053515]"
727,712,2,"Captives 2:85; 4:24; 8:67,70; 33:26;","Captives 2:85; 4:24; 8:67,70; 33:26;","[188.05, 38.247, 324.7, 48.953]","[0.363101, 0.053515, 0.626955, 0.068495]"
727,712,2,47:4; 60:10; 76:8,47:4; 60:10; 76:8,"[188.05, 48.953, 324.7, 59.66]","[0.363101, 0.068495, 0.626955, 0.083475]"
727,712,2,"Caravan 5:96; 8:42; 12:10,19,70,82,94","Caravan 5:96; 8:42; 12:10,19,70,82,94","[188.05, 59.66, 324.7, 70.366]","[0.363101, 0.083475, 0.626955, 0.098455]"
727,712,2,"Cattle 6:144,146; 39:6","Cattle 6:144,146; 39:6","[188.05, 70.366, 324.7, 81.072]","[0.363101, 0.098455, 0.626955, 0.113435]"
727,712,2,"Cave, people of the 18:9-26","Cave, people of the 18:9-26","[188.05, 81.072, 324.7, 91.778]","[0.363101, 0.113435, 0.626955, 0.128415]"
727,712,2,"Certainty, attaining 2:118; 6:75;","Certainty, attaining 2:118; 6:75;","[188.05, 91.778, 324.7, 102.484]","[0.363101, 0.128415, 0.626955, 0.143395]"
727,712,3,"demands of 2:55,61; 4:153","demands of 2:55,61; 4:153","[336.35, 17.052, 481.5, 26.957]","[0.64945, 0.023859, 0.929716, 0.037718]"
727,712,3,delivered 2:49-50; 7:128-138; 10:75,delivered 2:49-50; 7:128-138; 10:75,"[336.35, 26.957, 481.5, 36.862]","[0.64945, 0.037718, 0.929716, 0.051577]"
727,712,3,93; 17:101-103; 20:47-80; 26:10-,93; 17:101-103; 20:47-80; 26:10-,"[336.35, 36.862, 481.5, 46.767]","[0.64945, 0.051577, 0.929716, 0.065436]"
727,712,3,66; 44:17-33,66; 44:17-33,"[336.35, 46.767, 481.5, 56.672]","[0.64945, 0.065436, 0.929716, 0.079295]"
727,712,3,disbelievers cursed 2:88-90; 5:78-80,disbelievers cursed 2:88-90; 5:78-80,"[336.35, 56.672, 481.5, 66.578]","[0.64945, 0.079295, 0.929716, 0.093154]"
727,712,3,"exhorted 2:40-48,122","exhorted 2:40-48,122","[336.35, 66.578, 481.5, 76.483]","[0.64945, 0.093154, 0.929716, 0.107014]"
727,712,3,given holy land 5:21-26; 17:104,given holy land 5:21-26; 17:104,"[336.35, 76.483, 481.5, 86.388]","[0.64945, 0.107014, 0.929716, 0.120873]"
727,712,3,heifer 2:67-74,heifer 2:67-74,"[336.35, 86.388, 481.5, 96.293]","[0.64945, 0.120873, 0.929716, 0.134732]"
727,712,3,miracles to 2:211; 7:160; 20:80;,miracles to 2:211; 7:160; 20:80;,"[336.35, 96.293, 481.5, 106.198]","[0.64945, 0.134732, 0.929716, 0.148591]"
727,712,3,26:63; 44:33,26:63; 44:33,"[336.35, 106.198, 481.5, 116.103]","[0.64945, 0.148591, 0.929716, 0.16245]"
727,712,3,"persecution of 7:127,167; 17:4-7;","persecution of 7:127,167; 17:4-7;","[336.35, 116.103, 481.5, 126.008]","[0.64945, 0.16245, 0.929716, 0.176309]"
727,712,3,20:47; 44:30,20:47; 44:30,"[336.35, 126.008, 481.5, 135.913]","[0.64945, 0.176309, 0.929716, 0.190168]"
727,712,3,prohibitions for 3:93; 4:160; 7:166,prohibitions for 3:93; 4:160; 7:166,"[336.35, 135.913, 481.5, 145.818]","[0.64945, 0.190168, 0.929716, 0.204027]"
727,712,3,"prophecy 17:4-7,104","prophecy 17:4-7,104","[336.35, 145.818, 481.5, 155.723]","[0.64945, 0.204027, 0.929716, 0.217886]"
727,712,3,Quran for 7:157; 26:197; 27:76,Quran for 7:157; 26:197; 27:76,"[336.35, 155.723, 481.5, 165.628]","[0.64945, 0.217886, 0.929716, 0.231745]"
727,712,3,"rebel 2:83; 4:156,161; 5:21-26; 61:5","rebel 2:83; 4:156,161; 5:21-26; 61:5","[336.35, 165.628, 481.5, 175.533]","[0.64945, 0.231745, 0.929716, 0.245604]"
727,712,3,"reject subsequent guidance 2:87,","reject subsequent guidance 2:87,","[336.35, 175.533, 481.5, 185.438]","[0.64945, 0.245604, 0.929716, 0.259463]"
727,712,3,"89-91,101; 3:49-52; 5:81,110; 43:59;","89-91,101; 3:49-52; 5:81,110; 43:59;","[336.35, 185.438, 481.5, 195.344]","[0.64945, 0.259463, 0.929716, 0.273322]"
727,712,3,"61:6,14","61:6,14","[336.35, 195.344, 481.5, 205.249]","[0.64945, 0.273322, 0.929716, 0.287182]"
727,712,3,Sabbath 2:65; 4:154; 7:163,Sabbath 2:65; 4:154; 7:163,"[336.35, 205.249, 481.5, 215.154]","[0.64945, 0.287182, 0.929716, 0.301041]"
727,712,3,Saul appointed 2:246-251,Saul appointed 2:246-251,"[336.35, 215.154, 481.5, 225.059]","[0.64945, 0.301041, 0.929716, 0.3149]"
727,712,3,in Sinai 2:57-61; 7:160-162,in Sinai 2:57-61; 7:160-162,"[336.35, 225.059, 481.5, 234.964]","[0.64945, 0.3149, 0.929716, 0.328759]"
727,712,3,"Torah given to 2:53,87; 17:2;","Torah given to 2:53,87; 17:2;","[336.35, 234.964, 481.5, 244.869]","[0.64945, 0.328759, 0.929716, 0.342618]"
727,712,3,32:23; 40:53-54,32:23; 40:53-54,"[336.35, 244.869, 481.5, 254.774]","[0.64945, 0.342618, 0.929716, 0.356477]"
727,712,3,"Christ see Jesus, Messiah","Christ see Jesus, Messiah","[336.35, 254.774, 481.5, 264.679]","[0.64945, 0.356477, 0.929716, 0.370336]"
727,712,3,Christians,Christians,"[336.35, 264.679, 481.5, 274.584]","[0.64945, 0.370336, 0.929716, 0.384195]"
727,712,4,"basic requirements 2:3-4,62,177,186","basic requirements 2:3-4,62,177,186","[38.89, 60.401, 183.689, 70.208]","[0.075092, 0.084512, 0.35468, 0.098234]"
727,712,4,"208,285; 27:67","208,285; 27:67","[38.89, 70.208, 183.689, 80.014]","[0.075092, 0.098234, 0.35468, 0.111955]"
727,712,4,in hereafter 27:67,in hereafter 27:67,"[38.89, 80.014, 183.689, 89.821]","[0.075092, 0.111955, 0.35468, 0.125676]"
727,712,4,nullified by idol worship 23:78-92,nullified by idol worship 23:78-92,"[38.89, 89.821, 183.689, 99.627]","[0.075092, 0.125676, 0.35468, 0.139398]"
727,712,4,Believers,Believers,"[38.89, 99.627, 183.689, 109.434]","[0.075092, 0.139398, 0.35468, 0.153119]"
727,712,5,15:99; 26:24; 45:20; 74:47,15:99; 26:24; 45:20; 74:47,"[188.299, 104.301, 292.889, 114.068]","[0.363582, 0.145937, 0.565532, 0.159603]"
727,712,5,Charity,Charity,"[188.299, 114.068, 292.889, 123.835]","[0.363582, 0.159603, 0.565532, 0.173269]"
727,712,6,"characteristics of 3:171-173; 8:2-4,-","characteristics of 3:171-173; 8:2-4,-","[39.25, 111.401, 180.549, 121.535]","[0.075787, 0.155871, 0.348617, 0.170051]"
727,712,6,74; 9:111-112; 13:20-22; 23:1-11;,74; 9:111-112; 13:20-22; 23:1-11;,"[39.25, 121.535, 180.549, 131.67]","[0.075787, 0.170051, 0.348617, 0.184231]"
727,712,6,"25:63-76; 32:15-16; 39:17-18,22-23;","25:63-76; 32:15-16; 39:17-18,22-23;","[39.25, 131.67, 180.549, 141.804]","[0.075787, 0.184231, 0.348617, 0.198411]"
727,712,6,42:36-40; 70:22-35,42:36-40; 70:22-35,"[39.25, 141.804, 180.549, 151.939]","[0.075787, 0.198411, 0.348617, 0.212591]"
727,712,6,"victorious 2:246-251; 3:139,160;","victorious 2:246-251; 3:139,160;","[39.25, 151.939, 180.549, 162.073]","[0.075787, 0.212591, 0.348617, 0.226771]"
727,712,6,7:59-64; 37:170-173; 40:51; 41:30-,7:59-64; 37:170-173; 40:51; 41:30-,"[39.25, 162.073, 180.549, 172.208]","[0.075787, 0.226771, 0.348617, 0.240951]"
727,712,6,32; 47:35,32; 47:35,"[39.25, 172.208, 180.549, 182.342]","[0.075787, 0.240951, 0.348617, 0.255131]"
727,712,6,Big bang theory 21:30,Big bang theory 21:30,"[39.25, 182.342, 180.549, 192.476]","[0.075787, 0.255131, 0.348617, 0.269311]"
727,712,6,"Birds 2:260; 3:49; 5:110; 6:38; 12:36,","Birds 2:260; 3:49; 5:110; 6:38; 12:36,","[39.25, 192.476, 180.549, 202.611]","[0.075787, 0.269311, 0.348617, 0.283491]"
727,712,6,41; 16:79; 21:79; 24:41; 27:16- 26;,41; 16:79; 21:79; 24:41; 27:16- 26;,"[39.25, 202.611, 180.549, 212.745]","[0.075787, 0.283491, 0.348617, 0.297671]"
727,712,6,34:10; 38:19; 56:21; 67:19,34:10; 38:19; 56:21; 67:19,"[39.25, 212.745, 180.549, 222.88]","[0.075787, 0.297671, 0.348617, 0.311851]"
727,712,6,Birth 3:36; 19:23; 31:14; 35:11; 41:47;,Birth 3:36; 19:23; 31:14; 35:11; 41:47;,"[39.25, 222.88, 180.549, 233.014]","[0.075787, 0.311851, 0.348617, 0.326031]"
727,712,6,46:15; 65:4-6; 90:3,46:15; 65:4-6; 90:3,"[39.25, 233.014, 180.549, 243.149]","[0.075787, 0.326031, 0.348617, 0.340211]"
727,712,6,birth name must be kept 33:4-5,birth name must be kept 33:4-5,"[39.25, 243.149, 180.549, 253.283]","[0.075787, 0.340211, 0.348617, 0.354391]"
727,712,6,"Blasphemies 4:48,112; 5:17-18,72","Blasphemies 4:48,112; 5:17-18,72","[39.25, 253.283, 180.549, 263.418]","[0.075787, 0.354391, 0.348617, 0.368571]"
727,712,6,-73; 6:138; 9:37; 17:40; 19:88-89;,-73; 6:138; 9:37; 17:40; 19:88-89;,"[39.25, 263.418, 180.549, 273.552]","[0.075787, 0.368571, 0.348617, 0.382751]"
727,712,6,"25:4,21; 33:58; 37:149-161; 56:46;","25:4,21; 33:58; 37:149-161; 56:46;","[39.25, 273.552, 180.549, 283.686]","[0.075787, 0.382751, 0.348617, 0.396931]"
727,712,6,72:3-5,72:3-5,"[39.25, 283.686, 180.549, 293.821]","[0.075787, 0.396931, 0.348617, 0.411111]"
727,712,6,"Blessings, uncountable 2:212; 14:34;","Blessings, uncountable 2:212; 14:34;","[39.25, 293.821, 180.549, 303.955]","[0.075787, 0.411111, 0.348617, 0.425291]"
727,712,6,16:18,16:18,"[39.25, 303.955, 180.549, 314.09]","[0.075787, 0.425291, 0.348617, 0.439471]"
727,712,6,"Blindness 2:18,171; 3:49; 5:71,110;","Blindness 2:18,171; 3:49; 5:71,110;","[39.25, 314.09, 180.549, 324.224]","[0.075787, 0.439471, 0.348617, 0.453651]"
727,712,6,"6:50,104; 7:64; 10:43; 11:24; 13:16,","6:50,104; 7:64; 10:43; 11:24; 13:16,","[39.25, 324.224, 180.549, 334.359]","[0.075787, 0.453651, 0.348617, 0.467831]"
727,712,6,"19; 17:72,97; 20:124,125; 22:46;","19; 17:72,97; 20:124,125; 22:46;","[39.25, 334.359, 180.549, 344.493]","[0.075787, 0.467831, 0.348617, 0.482011]"
727,712,6,24:61; 25:73; 27:81; 30:53; 35:19;,24:61; 25:73; 27:81; 30:53; 35:19;,"[39.25, 344.493, 180.549, 354.627]","[0.075787, 0.482011, 0.348617, 0.496191]"
727,712,6,"40:58; 41:17,44; 43:40; 47:23;","40:58; 41:17,44; 43:40; 47:23;","[39.25, 354.627, 180.549, 364.762]","[0.075787, 0.496191, 0.348617, 0.510371]"
727,712,6,48:17; 54:37; 80:2,48:17; 54:37; 80:2,"[39.25, 364.762, 180.549, 374.896]","[0.075787, 0.510371, 0.348617, 0.524551]"
727,712,6,"Blood, prohibited as food 2:173; 5:3;","Blood, prohibited as food 2:173; 5:3;","[39.25, 374.896, 180.549, 385.031]","[0.075787, 0.524551, 0.348617, 0.538731]"
727,712,6,6:145; 16:115,6:145; 16:115,"[39.25, 385.031, 180.549, 395.165]","[0.075787, 0.538731, 0.348617, 0.552911]"
727,712,6,Boasting 4:36; 31:18; 57:20; 90:6,Boasting 4:36; 31:18; 57:20; 90:6,"[39.25, 395.165, 180.549, 405.3]","[0.075787, 0.552911, 0.348617, 0.567091]"
727,712,6,"Bodies 2:247; 7:20,22,26,27; 10:92;","Bodies 2:247; 7:20,22,26,27; 10:92;","[39.25, 405.3, 180.549, 415.434]","[0.075787, 0.567091, 0.348617, 0.581271]"
727,712,7,"attribute of believers 2:3,177; 3:17,","attribute of believers 2:3,177; 3:17,","[188.49, 125.551, 329.84, 135.294]","[0.363951, 0.17567, 0.63688, 0.189302]"
727,712,7,134; 22:35; 23:60; 28:54; 32:16;,134; 22:35; 23:60; 28:54; 32:16;,"[188.49, 135.294, 329.84, 145.037]","[0.363951, 0.189302, 0.63688, 0.202934]"
727,712,7,"35:29; 42:38; 51:19; 57:10,18;","35:29; 42:38; 51:19; 57:10,18;","[188.49, 145.037, 329.84, 154.78]","[0.363951, 0.202934, 0.63688, 0.216566]"
727,712,7,"70:24; 92:5,18","70:24; 92:5,18","[188.49, 154.78, 329.84, 164.523]","[0.363951, 0.216566, 0.63688, 0.230199]"
727,712,7,"be charitable 2:195,267; 5:45;","be charitable 2:195,267; 5:45;","[188.49, 164.523, 329.84, 174.266]","[0.363951, 0.230199, 0.63688, 0.243831]"
727,712,7,33:35; 57:18; 63:10; 64:16; 108:2,33:35; 57:18; 63:10; 64:16; 108:2,"[188.49, 174.266, 329.84, 184.009]","[0.363951, 0.243831, 0.63688, 0.257463]"
727,712,7,to attain God’s mercy 7:156,to attain God’s mercy 7:156,"[188.49, 184.009, 329.84, 193.752]","[0.363951, 0.257463, 0.63688, 0.271096]"
727,712,7,consulting w/ messenger 58:12-13,consulting w/ messenger 58:12-13,"[188.49, 193.752, 329.84, 203.495]","[0.363951, 0.271096, 0.63688, 0.284728]"
727,712,7,"disbelievers and 3:188; 4:39; 9:54,","disbelievers and 3:188; 4:39; 9:54,","[188.49, 203.495, 329.84, 213.238]","[0.363951, 0.284728, 0.63688, 0.29836]"
727,712,7,"58, 67,79,98; 36:47; 41:7; 53:34;","58, 67,79,98; 36:47; 41:7; 53:34;","[188.49, 213.238, 329.84, 222.981]","[0.363951, 0.29836, 0.63688, 0.311993]"
727,712,7,63:7; 68:12; 107:7,63:7; 68:12; 107:7,"[188.49, 222.981, 329.84, 232.724]","[0.363951, 0.311993, 0.63688, 0.325625]"
727,712,7,"distribution of 2:215,273; 8:41;","distribution of 2:215,273; 8:41;","[188.49, 232.724, 329.84, 242.467]","[0.363951, 0.325625, 0.63688, 0.339257]"
727,712,7,9:60; 17:26; 24:22; 30:38; 59:7; 76:8;,9:60; 17:26; 24:22; 30:38; 59:7; 76:8;,"[188.49, 242.467, 329.84, 252.21]","[0.363951, 0.339257, 0.63688, 0.352889]"
727,712,7,90:12-15,90:12-15,"[188.49, 252.21, 329.84, 261.953]","[0.363951, 0.352889, 0.63688, 0.366522]"
727,712,7,excessive 17:29; 47:37,excessive 17:29; 47:37,"[188.49, 261.953, 329.84, 271.696]","[0.363951, 0.366522, 0.63688, 0.380154]"
727,712,7,expiation 2:196,expiation 2:196,"[188.49, 271.696, 329.84, 281.439]","[0.363951, 0.380154, 0.63688, 0.393786]"
727,712,7,give on day of harvest 6:141,give on day of harvest 6:141,"[188.49, 281.439, 329.84, 291.182]","[0.363951, 0.393786, 0.63688, 0.407419]"
727,712,7,giving up debt 2:280,giving up debt 2:280,"[188.49, 291.182, 329.84, 300.925]","[0.363951, 0.407419, 0.63688, 0.421051]"
727,712,7,importance of 2:270-274; 3:92;,importance of 2:270-274; 3:92;,"[188.49, 300.925, 329.84, 310.668]","[0.363951, 0.421051, 0.63688, 0.434683]"
727,712,7,"7:156; 9:99,103; 16:75; 24:56; 57:7","7:156; 9:99,103; 16:75; 24:56; 57:7","[188.49, 310.668, 329.84, 320.411]","[0.363951, 0.434683, 0.63688, 0.448316]"
727,712,7,"observe zakat 2:43,83,110; 4:77,","observe zakat 2:43,83,110; 4:77,","[188.49, 320.411, 329.84, 330.154]","[0.363951, 0.448316, 0.63688, 0.461948]"
727,712,7,"162; 5:12; 9:71; 22:41,78; 23:4;","162; 5:12; 9:71; 22:41,78; 23:4;","[188.49, 330.154, 329.84, 339.897]","[0.363951, 0.461948, 0.63688, 0.47558]"
727,712,7,"24:37,56; 27:3; 31:4; 33:33; 58:13;","24:37,56; 27:3; 31:4; 33:33; 58:13;","[188.49, 339.897, 329.84, 349.64]","[0.363951, 0.47558, 0.63688, 0.489213]"
727,712,7,73:20; 98:5,73:20; 98:5,"[188.49, 349.64, 329.84, 359.383]","[0.363951, 0.489213, 0.63688, 0.502845]"
727,712,7,origin of 21:72-73,origin of 21:72-73,"[188.49, 359.383, 329.84, 369.126]","[0.363951, 0.502845, 0.63688, 0.516477]"
727,712,7,"repaid & augmented 2:272,276;","repaid & augmented 2:272,276;","[188.49, 369.126, 329.84, 378.869]","[0.363951, 0.516477, 0.63688, 0.530109]"
727,712,7,30:39; 34:39,30:39; 34:39,"[188.49, 378.869, 329.84, 388.612]","[0.363951, 0.530109, 0.63688, 0.543742]"
727,712,7,secret is better 2:270-271,secret is better 2:270-271,"[188.49, 388.612, 329.84, 398.355]","[0.363951, 0.543742, 0.63688, 0.557374]"
727,712,7,unacceptable 2:262-264; 9:54,unacceptable 2:262-264; 9:54,"[188.49, 398.355, 329.84, 408.098]","[0.363951, 0.557374, 0.63688, 0.571006]"
727,712,7,"what to give 2:219,254,267","what to give 2:219,254,267","[188.49, 408.098, 329.84, 417.841]","[0.363951, 0.571006, 0.63688, 0.584639]"
727,712,7,Chastity,Chastity,"[188.49, 417.841, 329.84, 427.584]","[0.363951, 0.584639, 0.63688, 0.598271]"
727,712,8,"alliances & friendships 5:51,57,82","alliances & friendships 5:51,57,82","[335.99, 276.152, 476.24, 286.019]","[0.648754, 0.386389, 0.91956, 0.400194]"
727,712,8,"believers among 2:62; 3:113-115,","believers among 2:62; 3:113-115,","[335.99, 286.019, 476.24, 295.886]","[0.648754, 0.400194, 0.91956, 0.414]"
727,712,8,"199; 5:65-66,69,82-85; 13:36; 57:27;","199; 5:65-66,69,82-85; 13:36; 57:27;","[335.99, 295.886, 476.24, 305.752]","[0.648754, 0.414, 0.91956, 0.427805]"
727,712,8,61:14,61:14,"[335.99, 305.752, 476.24, 315.619]","[0.648754, 0.427805, 0.91956, 0.44161]"
727,712,8,covenant with 3:187; 5:14,covenant with 3:187; 5:14,"[335.99, 315.619, 476.24, 325.486]","[0.648754, 0.44161, 0.91956, 0.455416]"
727,712,8,exalted over disbelievers 3:55,exalted over disbelievers 3:55,"[335.99, 325.486, 476.24, 335.352]","[0.648754, 0.455416, 0.91956, 0.469221]"
727,712,8,"false doctrines 2:111,135,140; 3:67;","false doctrines 2:111,135,140; 3:67;","[335.99, 335.352, 476.24, 345.219]","[0.648754, 0.469221, 0.91956, 0.483027]"
727,712,8,"4:171; 5:17-18,116; 9:30; 18:4;","4:171; 5:17-18,116; 9:30; 18:4;","[335.99, 345.219, 476.24, 355.086]","[0.648754, 0.483027, 0.91956, 0.496832]"
727,712,8,23:91; 72:3,23:91; 72:3,"[335.99, 355.086, 476.24, 364.953]","[0.648754, 0.496832, 0.91956, 0.510637]"
727,712,8,marriage with 5:5,marriage with 5:5,"[335.99, 364.953, 476.24, 374.819]","[0.648754, 0.510637, 0.91956, 0.524443]"
727,712,8,Quran for 7:157; 13:36,Quran for 7:157; 13:36,"[335.99, 374.819, 476.24, 384.686]","[0.648754, 0.524443, 0.91956, 0.538248]"
727,712,8,"rejection among 2:111,120,135","rejection among 2:111,120,135","[335.99, 384.686, 476.24, 394.553]","[0.648754, 0.538248, 0.91956, 0.552054]"
727,712,8,Churches 7:29; 22:40,Churches 7:29; 22:40,"[335.99, 394.553, 476.24, 404.419]","[0.648754, 0.552054, 0.91956, 0.565859]"
727,712,8,"Clay, created from 6:2; 7:12; 15:26,","Clay, created from 6:2; 7:12; 15:26,","[335.99, 404.419, 476.24, 414.286]","[0.648754, 0.565859, 0.91956, 0.579664]"
727,712,8,"28,33; 17:61; 23:12; 32:7; 37:11;","28,33; 17:61; 23:12; 32:7; 37:11;","[335.99, 414.286, 476.24, 424.153]","[0.648754, 0.579664, 0.91956, 0.59347]"
727,712,8,"38:71,76; 55:14","38:71,76; 55:14","[335.99, 424.153, 476.24, 434.02]","[0.648754, 0.59347, 0.91956, 0.607275]"
727,712,8,"Clement, God is 2:225,235,263;","Clement, God is 2:225,235,263;","[335.99, 434.02, 476.24, 443.886]","[0.648754, 0.607275, 0.91956, 0.621081]"
727,712,9,20:121; 21:8; 81:7; 82:7-8; 95:4,20:121; 21:8; 81:7; 82:7-8; 95:4,"[40.2, 417.151, 165.812, 427.229]","[0.077621, 0.583673, 0.320162, 0.597773]"
727,712,9,"Bond 2:256,283; 31:22","Bond 2:256,283; 31:22","[40.2, 427.229, 165.812, 437.306]","[0.077621, 0.597773, 0.320162, 0.611874]"
727,712,9,"Bones 2:259; 6:146; 17:49,98; 19:4;","Bones 2:259; 6:146; 17:49,98; 19:4;","[40.2, 437.306, 165.812, 447.384]","[0.077621, 0.611874, 0.320162, 0.625975]"
727,712,10,"maintain 4:25; 5:5; 24:30,31,33","maintain 4:25; 5:5; 24:30,31,33","[188.49, 429.251, 314.69, 438.91]","[0.363951, 0.600603, 0.607627, 0.614117]"
727,712,10,quality of believers 3:39; 21:91;,quality of believers 3:39; 21:91;,"[188.49, 438.91, 314.69, 448.568]","[0.363951, 0.614117, 0.607627, 0.627631]"
727,712,10,23:5; 33:35; 66:12; 70:29,23:5; 33:35; 66:12; 70:29,"[188.49, 448.568, 314.69, 458.227]","[0.363951, 0.627631, 0.607627, 0.641146]"
727,712,10,Cheating (see also Dishonesty),Cheating (see also Dishonesty),"[188.49, 458.227, 314.69, 467.885]","[0.363951, 0.641146, 0.607627, 0.65466]"
727,712,11,3:155; 4:12; 5:101; 17:44; 22:59;,3:155; 4:12; 5:101; 17:44; 22:59;,"[335.999, 445.602, 469.552, 456.007]","[0.648772, 0.623482, 0.906646, 0.63804]"
727,712,11,33:51; 35:41; 64:17,33:51; 35:41; 64:17,"[335.999, 456.007, 469.552, 466.412]","[0.648772, 0.63804, 0.906646, 0.652598]"
727,712,11,"Clergy (see also Priests, Rabbis,","Clergy (see also Priests, Rabbis,","[335.999, 466.412, 469.552, 476.817]","[0.648772, 0.652598, 0.906646, 0.667157]"
727,712,11,"Scholars) 9:31,34","Scholars) 9:31,34","[335.999, 476.817, 469.552, 487.222]","[0.648772, 0.667157, 0.906646, 0.681715]"
727,712,11,"Closeness, to God 4:172; 56:11; 94:8","Closeness, to God 4:172; 56:11; 94:8","[335.999, 487.222, 469.552, 497.627]","[0.648772, 0.681715, 0.906646, 0.696273]"
727,712,11,Clot see Embryos,Clot see Embryos,"[335.999, 497.627, 469.552, 508.031]","[0.648772, 0.696273, 0.906646, 0.710832]"
727,712,11,Clothing 2:233; 4:5; 6:142; 7:31;,Clothing 2:233; 4:5; 6:142; 7:31;,"[335.999, 508.031, 469.552, 518.436]","[0.648772, 0.710832, 0.906646, 0.72539]"
727,712,12,36:78; 75:3,36:78; 75:3,"[40.45, 448.951, 92.35, 458.718]","[0.078104, 0.628167, 0.178316, 0.641832]"
727,712,12,Book,Book,"[40.45, 458.718, 92.35, 468.484]","[0.078104, 0.641832, 0.178316, 0.655498]"
727,712,13,2:282; 4:161; 7:85; 9:34; 11:84-85;,2:282; 4:161; 7:85; 9:34; 11:84-85;,"[188.49, 469.801, 322.63, 479.884]","[0.363951, 0.65734, 0.622958, 0.671449]"
727,712,13,"26:181-183; 55:9; 57:14; 83:1,3","26:181-183; 55:9; 57:14; 83:1,3","[188.49, 479.884, 322.63, 489.968]","[0.363951, 0.671449, 0.622958, 0.685557]"
727,712,13,Chests 6:125;22:46;24:31;28:69;29:49,Chests 6:125;22:46;24:31;28:69;29:49,"[188.49, 489.968, 322.63, 500.051]","[0.363951, 0.685557, 0.622958, 0.699666]"
727,712,13,Children,Children,"[188.49, 500.051, 322.63, 510.134]","[0.363951, 0.699666, 0.622958, 0.713774]"
727,712,14,of destiny 17:58,of destiny 17:58,"[40.45, 470.301, 169.3, 480.034]","[0.078104, 0.65804, 0.326897, 0.671658]"
727,712,14,disbelievers demand 6:7; 17:93,disbelievers demand 6:7; 17:93,"[40.45, 480.034, 169.3, 489.768]","[0.078104, 0.671658, 0.326897, 0.685277]"
727,712,14,Quran 2:185; 6:114; 10:1; 13:37;,Quran 2:185; 6:114; 10:1; 13:37;,"[40.45, 489.768, 169.3, 499.501]","[0.078104, 0.685277, 0.326897, 0.698896]"
727,712,14,17:45; 21:10; 31:2; 56:78,17:45; 21:10; 31:2; 56:78,"[40.45, 499.501, 169.3, 509.234]","[0.078104, 0.698896, 0.326897, 0.712515]"
727,712,14,"statute book 2:53,185,213; 3:4;","statute book 2:53,185,213; 3:4;","[40.45, 509.234, 169.3, 518.967]","[0.078104, 0.712515, 0.326897, 0.726133]"
727,712,14,13:37; 21:48; 25:1,13:37; 21:48; 25:1,"[40.45, 518.967, 169.3, 528.701]","[0.078104, 0.726133, 0.326897, 0.739752]"
727,712,14,"Bounteous, God is 2:247,261,268;","Bounteous, God is 2:247,261,268;","[40.45, 528.701, 169.3, 538.434]","[0.078104, 0.739752, 0.326897, 0.753371]"
727,712,15,adopted 33:4-5,adopted 33:4-5,"[188.659, 511.951, 330.09, 521.664]","[0.364277, 0.716316, 0.637363, 0.729907]"
727,712,15,inheritance see Inheritance,inheritance see Inheritance,"[188.659, 521.664, 330.09, 531.377]","[0.364277, 0.729907, 0.637363, 0.743497]"
727,712,15,exhort 2:132-133; 20:132,exhort 2:132-133; 20:132,"[188.659, 531.377, 330.09, 541.09]","[0.364277, 0.743497, 0.637363, 0.757087]"
727,712,15,"killing 6:137,140; 17:31; 60:12","killing 6:137,140; 17:31; 60:12","[188.659, 541.09, 330.09, 550.803]","[0.364277, 0.757087, 0.637363, 0.770678]"
727,712,15,test 3:14; 7:189-190; 8:28; 9:24;,test 3:14; 7:189-190; 8:28; 9:24;,"[188.659, 550.803, 330.09, 560.516]","[0.364277, 0.770678, 0.637363, 0.784268]"
727,712,15,18:46; 23:55; 57:20; 63:9; 64:14-15,18:46; 23:55; 57:20; 63:9; 64:14-15,"[188.659, 560.516, 330.09, 570.229]","[0.364277, 0.784268, 0.637363, 0.797859]"
727,712,15,Children of Israel (see also Jews),Children of Israel (see also Jews),"[188.659, 570.229, 330.09, 579.943]","[0.364277, 0.797859, 0.637363, 0.811449]"
727,712,15,"believers among 2:62; 5:69; 7:159,","believers among 2:62; 5:69; 7:159,","[188.659, 579.943, 330.09, 589.656]","[0.364277, 0.811449, 0.637363, 0.825039]"
727,712,15,165; 26:197; 32:23; 46:10; 61:14,165; 26:197; 32:23; 46:10; 61:14,"[188.659, 589.656, 330.09, 599.369]","[0.364277, 0.825039, 0.637363, 0.83863]"
727,712,15,"blessed 2:40,47,122","blessed 2:40,47,122","[188.659, 599.369, 330.09, 609.082]","[0.364277, 0.83863, 0.637363, 0.85222]"
727,712,15,"calf 2:51-52,54,92-93; 7:138,148-","calf 2:51-52,54,92-93; 7:138,148-","[188.659, 609.082, 330.09, 618.795]","[0.364277, 0.85222, 0.637363, 0.865811]"
727,712,15,153; 20:85-97,153; 20:85-97,"[188.659, 618.795, 330.09, 628.508]","[0.364277, 0.865811, 0.637363, 0.879401]"
727,712,15,chosen 2:122; 5:20-21; 44:32; 45:16,chosen 2:122; 5:20-21; 44:32; 45:16,"[188.659, 628.508, 330.09, 638.221]","[0.364277, 0.879401, 0.637363, 0.892991]"
727,712,15,contact prayer & charity 2:83; 5:12;,contact prayer & charity 2:83; 5:12;,"[188.659, 638.221, 330.09, 647.934]","[0.364277, 0.892991, 0.637363, 0.906582]"
727,712,15,19:59; 20:14,19:59; 20:14,"[188.659, 647.934, 330.09, 657.647]","[0.364277, 0.906582, 0.637363, 0.920172]"
727,712,15,"covenant 2:63,83-85,93; 4:154-155;","covenant 2:63,83-85,93; 4:154-155;","[188.659, 657.647, 330.09, 667.36]","[0.364277, 0.920172, 0.637363, 0.933763]"
727,712,15,"5:12-13,70","5:12-13,70","[188.659, 667.36, 330.09, 677.073]","[0.364277, 0.933763, 0.637363, 0.947353]"
727,712,15,covetous of life 2:94-96,covetous of life 2:94-96,"[188.659, 677.073, 330.09, 686.786]","[0.364277, 0.947353, 0.637363, 0.960943]"
727,712,16,"22:23; 24:60; 33:55,59; 35:33","22:23; 24:60; 33:55,59; 35:33","[336.0, 520.102, 471.7, 530.351]","[0.648774, 0.727721, 0.910793, 0.74206]"
727,712,16,"Clouds 2:57,164,210; 7:57,160; 13:12;","Clouds 2:57,164,210; 7:57,160; 13:12;","[336.0, 530.351, 471.7, 540.599]","[0.648774, 0.74206, 0.910793, 0.7564]"
727,712,16,"24:40,43; 27:88; 30:48; 35:9; 51:2;","24:40,43; 27:88; 30:48; 35:9; 51:2;","[336.0, 540.599, 471.7, 550.847]","[0.648774, 0.7564, 0.910793, 0.770739]"
727,712,16,52:44; 56:69; 77:3: 78:14; 84:16,52:44; 56:69; 77:3: 78:14; 84:16,"[336.0, 550.847, 471.7, 561.096]","[0.648774, 0.770739, 0.910793, 0.785079]"
727,712,16,Code see Quranic Miracle 74:30,Code see Quranic Miracle 74:30,"[336.0, 561.096, 471.7, 571.344]","[0.648774, 0.785079, 0.910793, 0.799418]"
727,712,16,"Colors 16:13,69; 30:22; 35:27,28","Colors 16:13,69; 30:22; 35:27,28","[336.0, 571.344, 471.7, 581.593]","[0.648774, 0.799418, 0.910793, 0.813758]"
727,712,16,"Cognizant, God is 4:35; 6:18,73,103;","Cognizant, God is 4:35; 6:18,73,103;","[336.0, 581.593, 471.7, 591.841]","[0.648774, 0.813758, 0.910793, 0.828097]"
727,712,16,"11:1; 22:63; 31:16,34; 33:34; 34:1;","11:1; 22:63; 31:16,34; 33:34; 34:1;","[336.0, 591.841, 471.7, 602.089]","[0.648774, 0.828097, 0.910793, 0.842437]"
727,712,16,49:13; 66:3; 67:14,49:13; 66:3; 67:14,"[336.0, 602.089, 471.7, 612.338]","[0.648774, 0.842437, 0.910793, 0.856776]"
727,712,16,"Companions, jinn 4:38; 7:27; 22:13;","Companions, jinn 4:38; 7:27; 22:13;","[336.0, 612.338, 471.7, 622.586]","[0.648774, 0.856776, 0.910793, 0.871116]"
727,712,17,3:73; 4:130; 5:54; 24:32,3:73; 4:130; 5:54; 24:32,"[40.449, 540.151, 150.698, 550.312]","[0.078102, 0.755773, 0.290979, 0.769991]"
727,712,17,Bribery 2:188,Bribery 2:188,"[40.449, 550.312, 150.698, 560.474]","[0.078102, 0.769991, 0.290979, 0.784208]"
727,712,17,"Business 9:24,28; 24:37; 48:11;","Business 9:24,28; 24:37; 48:11;","[40.449, 560.474, 150.698, 570.635]","[0.078102, 0.784208, 0.290979, 0.798426]"
727,712,18,"62:9,11; 63:9; 73:7; 78:11","62:9,11; 63:9; 73:7; 78:11","[51.25, 572.235, 140.098, 580.235]","[0.098957, 0.800665, 0.270512, 0.811858]"
727,712,19,c,c,"[40.45, 586.928, 170.378, 598.655]","[0.078104, 0.821223, 0.328979, 0.837631]"
727,712,19,Cain 5:27-32,Cain 5:27-32,"[40.45, 598.655, 170.378, 610.382]","[0.078104, 0.837631, 0.328979, 0.854039]"
727,712,19,Calendar 2:197; 9:36,Calendar 2:197; 9:36,"[40.45, 610.382, 170.378, 622.108]","[0.078104, 0.854039, 0.328979, 0.870447]"
727,712,19,"Calf 2:51,54,92-93; 4:153; 7:148,152;","Calf 2:51,54,92-93; 4:153; 7:148,152;","[40.45, 622.108, 170.378, 633.835]","[0.078104, 0.870447, 0.328979, 0.886855]"
727,712,20,"41:25; 43:36,38; 50:23,27","41:25; 43:36,38; 50:23,27","[336.1, 624.402, 460.828, 634.119]","[0.648967, 0.873656, 0.889801, 0.887252]"
727,712,20,"Compassionate, God is 2:143,207;","Compassionate, God is 2:143,207;","[336.1, 634.119, 460.828, 643.836]","[0.648967, 0.887252, 0.889801, 0.900848]"
727,712,21,"11:69; 20:88,96; 51:26","11:69; 20:88,96; 51:26","[40.291, 635.551, 171.891, 645.627]","[0.077797, 0.889256, 0.3319, 0.903355]"
727,712,21,"Camels 6:144; 7:40,73,77; 11:64;","Camels 6:144; 7:40,73,77; 11:64;","[40.291, 645.627, 171.891, 655.704]","[0.077797, 0.903355, 0.3319, 0.917453]"
727,712,21,"12:65,72; 17:59; 26:155; 54:27,29;","12:65,72; 17:59; 26:155; 54:27,29;","[40.291, 655.704, 171.891, 665.78]","[0.077797, 0.917453, 0.3319, 0.931552]"
727,712,21,77:33; 88:17; 91:13,77:33; 88:17; 91:13,"[40.291, 665.78, 171.891, 675.857]","[0.077797, 0.931552, 0.3319, 0.945651]"
727,712,21,Cannibalism 49:12,Cannibalism 49:12,"[40.291, 675.857, 171.891, 685.933]","[0.077797, 0.945651, 0.3319, 0.95975]"
727,712,22,3:30; 6:103; 16:47; 42:19; 57:9;,3:30; 6:103; 16:47; 42:19; 57:9;,"[336.1, 645.636, 471.7, 655.236]","[0.648967, 0.903367, 0.910793, 0.916799]"
727,712,22,59:10; 85:14,59:10; 85:14,"[336.1, 655.236, 471.7, 664.836]","[0.648967, 0.916799, 0.910793, 0.930231]"
727,712,22,"Compensation 2:178,236,237; 4:6,92;","Compensation 2:178,236,237; 4:6,92;","[336.1, 664.836, 471.7, 674.436]","[0.648967, 0.930231, 0.910793, 0.943663]"
727,712,22,33:49; 60:11,33:49; 60:11,"[336.1, 674.436, 471.7, 684.036]","[0.648967, 0.943663, 0.910793, 0.957096]"
728,713,1,Competition for righteousness 4:95;,Competition for righteousness 4:95;,"[40.799, 16.701, 176.939, 26.296]","[0.078778, 0.023368, 0.341647, 0.036793]"
728,713,1,5:48; 57:21; 83:26,5:48; 57:21; 83:26,"[40.799, 26.296, 176.939, 35.89]","[0.078778, 0.036793, 0.341647, 0.050217]"
728,713,1,"Compulsion, none in religion 2:256;","Compulsion, none in religion 2:256;","[40.799, 35.89, 176.939, 45.485]","[0.078778, 0.050217, 0.341647, 0.063642]"
728,713,2,Messenger of the 3:81; 5:19; 33:7,Messenger of the 3:81; 5:19; 33:7,"[190.69, 16.701, 332.24, 26.694]","[0.368198, 0.023368, 0.641514, 0.03735]"
728,713,2,ours with God 36:60-61; 57:8,ours with God 36:60-61; 57:8,"[190.69, 26.694, 332.24, 36.688]","[0.368198, 0.03735, 0.641514, 0.051333]"
728,713,2,"with God, uphold 5:1,7;7:169; 13:20","with God, uphold 5:1,7;7:169; 13:20","[190.69, 36.688, 332.24, 46.681]","[0.368198, 0.051333, 0.641514, 0.065315]"
728,713,2,"with God, violating 2:27,286; 3:77;","with God, violating 2:27,286; 3:77;","[190.69, 46.681, 332.24, 56.674]","[0.368198, 0.065315, 0.641514, 0.079298]"
728,713,2,7:102; 13:25; 17:34,7:102; 13:25; 17:34,"[190.69, 56.674, 332.24, 66.667]","[0.368198, 0.079298, 0.641514, 0.09328]"
728,713,2,with people of the scripture 3:187,with people of the scripture 3:187,"[190.69, 66.667, 332.24, 76.661]","[0.368198, 0.09328, 0.641514, 0.107263]"
728,713,2,with prophets 3:81; 33:7,with prophets 3:81; 33:7,"[190.69, 76.661, 332.24, 86.654]","[0.368198, 0.107263, 0.641514, 0.121245]"
728,713,2,Coveting 2:96; 4:32; 15:88; 20:131,Coveting 2:96; 4:32; 15:88; 20:131,"[190.69, 86.654, 332.24, 96.647]","[0.368198, 0.121245, 0.641514, 0.135228]"
728,713,2,Cows 2:67-71; 12:43,Cows 2:67-71; 12:43,"[190.69, 96.647, 332.24, 106.641]","[0.368198, 0.135228, 0.641514, 0.14921]"
728,713,2,Creation,Creation,"[190.69, 106.641, 332.24, 116.634]","[0.368198, 0.14921, 0.641514, 0.163193]"
728,713,3,17:12; 21:87; 24:40; 27:63; 33:43;,17:12; 21:87; 24:40; 27:63; 33:43;,"[339.36, 17.901, 479.25, 27.612]","[0.655262, 0.025047, 0.925372, 0.038634]"
728,713,3,36:37; 39:6; 79:29; 91:4; 92:1; 113:3,36:37; 39:6; 79:29; 91:4; 92:1; 113:3,"[339.36, 27.612, 479.25, 37.323]","[0.655262, 0.038634, 0.925372, 0.052222]"
728,713,3,"Dates 16:11,67; 17:91; 18:32; 19:25;","Dates 16:11,67; 17:91; 18:32; 19:25;","[339.36, 37.323, 479.25, 47.034]","[0.655262, 0.052222, 0.925372, 0.06581]"
728,713,4,"7:88; 10:99; 11:28; 18:20,29","7:88; 10:99; 11:28; 18:20,29","[40.809, 47.051, 167.85, 57.541]","[0.078797, 0.065833, 0.324097, 0.080511]"
728,713,4,Computer 27:82,Computer 27:82,"[40.809, 57.541, 167.85, 68.032]","[0.078797, 0.080511, 0.324097, 0.095189]"
728,713,4,Conception 7:189; 53:46 (see also,Conception 7:189; 53:46 (see also,"[40.809, 68.032, 167.85, 78.522]","[0.078797, 0.095189, 0.324097, 0.109867]"
728,713,4,"Drop, created from)","Drop, created from)","[40.809, 78.522, 167.85, 89.013]","[0.078797, 0.109867, 0.324097, 0.124546]"
728,713,4,"Conciliation 4:114,128; 42:40","Conciliation 4:114,128; 42:40","[40.809, 89.013, 167.85, 99.503]","[0.078797, 0.124546, 0.324097, 0.139224]"
728,713,4,Conferring see Consultation,Conferring see Consultation,"[40.809, 99.503, 167.85, 109.994]","[0.078797, 0.139224, 0.324097, 0.153902]"
728,713,4,"Congregations 2:143,213; 3:110;","Congregations 2:143,213; 3:110;","[40.809, 109.994, 167.85, 120.484]","[0.078797, 0.153902, 0.324097, 0.16858]"
728,713,5,23:19; 26:148; 36:34; 55:68,23:19; 26:148; 36:34; 55:68,"[339.34, 48.601, 461.93, 58.306]","[0.655223, 0.068002, 0.891929, 0.081581]"
728,713,5,"Daughters, inheritance 4:11","Daughters, inheritance 4:11","[339.34, 58.306, 461.93, 68.011]","[0.655223, 0.081581, 0.891929, 0.09516]"
728,713,5,instructions for 33:59,instructions for 33:59,"[339.34, 68.011, 461.93, 77.715]","[0.655223, 0.09516, 0.891929, 0.108739]"
728,713,5,marriage 4:23; 5:5; 33:50,marriage 4:23; 5:5; 33:50,"[339.34, 77.715, 461.93, 87.42]","[0.655223, 0.108739, 0.891929, 0.122317]"
728,713,5,“of God” 6:100; 16:57; 17:40;,“of God” 6:100; 16:57; 17:40;,"[339.34, 87.42, 461.93, 97.125]","[0.655223, 0.122317, 0.891929, 0.135896]"
728,713,5,"37:149,153; 43:16; 52:39; 53:21","37:149,153; 43:16; 52:39; 53:21","[339.34, 97.125, 461.93, 106.83]","[0.655223, 0.135896, 0.891929, 0.149475]"
728,713,5,"persecution of 2:49; 7:127,141;","persecution of 2:49; 7:127,141;","[339.34, 106.83, 461.93, 116.535]","[0.655223, 0.149475, 0.891929, 0.163054]"
728,713,6,14:6; 16:59; 28:4; 40:25; 43:17-18,14:6; 16:59; 28:4; 40:25; 43:17-18,"[339.24, 118.351, 476.377, 128.249]","[0.65503, 0.165595, 0.919824, 0.179444]"
728,713,6,"David, and Goliath 2:251","David, and Goliath 2:251","[339.24, 128.249, 476.377, 138.147]","[0.65503, 0.179444, 0.919824, 0.193293]"
728,713,6,curses deviators 5:78,curses deviators 5:78,"[339.24, 138.147, 476.377, 148.044]","[0.65503, 0.193293, 0.919824, 0.207142]"
728,713,6,descendants 27:16; 34:13; 38:30,descendants 27:16; 34:13; 38:30,"[339.24, 148.044, 476.377, 157.942]","[0.65503, 0.207142, 0.919824, 0.220991]"
728,713,6,given Psalms 4:163; 17:55,given Psalms 4:163; 17:55,"[339.24, 157.942, 476.377, 167.84]","[0.65503, 0.220991, 0.919824, 0.23484]"
728,713,6,guided & given wisdom 6:84;,guided & given wisdom 6:84;,"[339.24, 167.84, 476.377, 177.738]","[0.65503, 0.23484, 0.919824, 0.248689]"
728,713,6,21:78-80; 27:15; 34:10; 38:17-26,21:78-80; 27:15; 34:10; 38:17-26,"[339.24, 177.738, 476.377, 187.636]","[0.65503, 0.248689, 0.919824, 0.262538]"
728,713,6,Dawn 2:187; 3:17; 17:78; 24:58; 51:18;,Dawn 2:187; 3:17; 17:78; 24:58; 51:18;,"[339.24, 187.636, 476.377, 197.534]","[0.65503, 0.262538, 0.919824, 0.276387]"
728,713,7,idols create nothing 7:191; 10:34;,idols create nothing 7:191; 10:34;,"[190.9, 118.801, 332.7, 128.611]","[0.368604, 0.166225, 0.642402, 0.179952]"
728,713,7,"13:16; 16:17,20; 22:73; 23:91; 25:3;","13:16; 16:17,20; 22:73; 23:91; 25:3;","[190.9, 128.611, 332.7, 138.422]","[0.368604, 0.179952, 0.642402, 0.193678]"
728,713,7,31:11; 35:40; 46:4,31:11; 35:40; 46:4,"[190.9, 138.422, 332.7, 148.232]","[0.368604, 0.193678, 0.642402, 0.207405]"
728,713,7,of individuals 6:94; 16:4; 18:48;,of individuals 6:94; 16:4; 18:48;,"[190.9, 148.232, 332.7, 158.043]","[0.368604, 0.207405, 0.642402, 0.221132]"
728,713,7,22:5; 23:14; 30:20; 32:8; 36:77;,22:5; 23:14; 30:20; 32:8; 36:77;,"[190.9, 158.043, 332.7, 167.853]","[0.368604, 0.221132, 0.642402, 0.234858]"
728,713,7,37:96; 39:6; 40:57; 53:32; 74:11;,37:96; 39:6; 40:57; 53:32; 74:11;,"[190.9, 167.853, 332.7, 177.664]","[0.368604, 0.234858, 0.642402, 0.248585]"
728,713,7,75:38; 76:2; 77:20; 79:27; 80:19;,75:38; 76:2; 77:20; 79:27; 80:19;,"[190.9, 177.664, 332.7, 187.474]","[0.368604, 0.248585, 0.642402, 0.262312]"
728,713,7,86:6; 96:2,86:6; 96:2,"[190.9, 187.474, 332.7, 197.284]","[0.368604, 0.262312, 0.642402, 0.276038]"
728,713,7,"of mankind 3:59; 6:2; 7:11-12,189;","of mankind 3:59; 6:2; 7:11-12,189;","[190.9, 197.284, 332.7, 207.095]","[0.368604, 0.276038, 0.642402, 0.289765]"
728,713,7,15:26-33; 17:61-65; 20:115-23;,15:26-33; 17:61-65; 20:115-23;,"[190.9, 207.095, 332.7, 216.905]","[0.368604, 0.289765, 0.642402, 0.303491]"
728,713,7,23:12; 25:54; 32:7; 37:11; 38:71-76;,23:12; 25:54; 32:7; 37:11; 38:71-76;,"[190.9, 216.905, 332.7, 226.716]","[0.368604, 0.303491, 0.642402, 0.317218]"
728,713,7,39:6; 49:13; 55:14; 95:4,39:6; 49:13; 55:14; 95:4,"[190.9, 226.716, 332.7, 236.526]","[0.368604, 0.317218, 0.642402, 0.330945]"
728,713,7,of the universe 2:29; 7:54; 10:3;,of the universe 2:29; 7:54; 10:3;,"[190.9, 236.526, 332.7, 246.337]","[0.368604, 0.330945, 0.642402, 0.344671]"
728,713,7,"11:7; 14:19,32; 15:16; 16:3; 21:30;","11:7; 14:19,32; 15:16; 16:3; 21:30;","[190.9, 246.337, 332.7, 256.147]","[0.368604, 0.344671, 0.642402, 0.358398]"
728,713,7,"23:17-22; 25:59; 29:44,61; 30:22;","23:17-22; 25:59; 29:44,61; 30:22;","[190.9, 256.147, 332.7, 265.958]","[0.368604, 0.358398, 0.642402, 0.372125]"
728,713,7,31:10; 32:4; 40:57; 50:38; 64:3;,31:10; 32:4; 40:57; 50:38; 64:3;,"[190.9, 265.958, 332.7, 275.768]","[0.368604, 0.372125, 0.642402, 0.385851]"
728,713,7,65:12; 71:15,65:12; 71:15,"[190.9, 275.768, 332.7, 285.578]","[0.368604, 0.385851, 0.642402, 0.399578]"
728,713,7,"purpose of 11:7,119; 15:85; 18:7;","purpose of 11:7,119; 15:85; 18:7;","[190.9, 285.578, 332.7, 295.389]","[0.368604, 0.399578, 0.642402, 0.413305]"
728,713,7,21:16; 23:115; 30:8; 38:27; 44:38-39;,21:16; 23:115; 30:8; 38:27; 44:38-39;,"[190.9, 295.389, 332.7, 305.199]","[0.368604, 0.413305, 0.642402, 0.427031]"
728,713,7,45:22; 46:3; 49:13; 51:56; 67:2;,45:22; 46:3; 49:13; 51:56; 67:2;,"[190.9, 305.199, 332.7, 315.01]","[0.368604, 0.427031, 0.642402, 0.440758]"
728,713,7,76:2-3; 90:4,76:2-3; 90:4,"[190.9, 315.01, 332.7, 324.82]","[0.368604, 0.440758, 0.642402, 0.454485]"
728,713,7,"Creator, God is 6:102; 12:101; 13:16;","Creator, God is 6:102; 12:101; 13:16;","[190.9, 324.82, 332.7, 334.631]","[0.368604, 0.454485, 0.642402, 0.468211]"
728,713,7,14:10; 15:86; 23:14; 35:3; 36:81;,14:10; 15:86; 23:14; 35:3; 36:81;,"[190.9, 334.631, 332.7, 344.441]","[0.368604, 0.468211, 0.642402, 0.481938]"
728,713,7,37:125; 39:62; 40:62; 59:24,37:125; 39:62; 40:62; 59:24,"[190.9, 344.441, 332.7, 354.252]","[0.368604, 0.481938, 0.642402, 0.495665]"
728,713,7,"Creatures (see also Animals, Birds","Creatures (see also Animals, Birds","[190.9, 354.252, 332.7, 364.062]","[0.368604, 0.495665, 0.642402, 0.509391]"
728,713,7,& specific names),& specific names),"[190.9, 364.062, 332.7, 373.872]","[0.368604, 0.509391, 0.642402, 0.523118]"
728,713,7,communities 6:38,communities 6:38,"[190.9, 373.872, 332.7, 383.683]","[0.368604, 0.523118, 0.642402, 0.536845]"
728,713,7,computer 27:82,computer 27:82,"[190.9, 383.683, 332.7, 393.493]","[0.368604, 0.536845, 0.642402, 0.550571]"
728,713,7,guaranteed provisions 11:6; 15:20;,guaranteed provisions 11:6; 15:20;,"[190.9, 393.493, 332.7, 403.304]","[0.368604, 0.550571, 0.642402, 0.564298]"
728,713,7,25:49; 29:60,25:49; 29:60,"[190.9, 403.304, 332.7, 413.114]","[0.368604, 0.564298, 0.642402, 0.578025]"
728,713,7,submit & glorify 16:49 33:72,submit & glorify 16:49 33:72,"[190.9, 413.114, 332.7, 422.925]","[0.368604, 0.578025, 0.642402, 0.591751]"
728,713,7,Credits 2:286; 9:120-121; 17:79;,Credits 2:286; 9:120-121; 17:79;,"[190.9, 422.925, 332.7, 432.735]","[0.368604, 0.591751, 0.642402, 0.605478]"
728,713,8,"5:48; 10:19; 11:118; 13:30; 22:34,","5:48; 10:19; 11:118; 13:30; 22:34,","[41.298, 122.335, 170.634, 132.768]","[0.079741, 0.17117, 0.329473, 0.185768]"
728,713,8,67; 42:8; 45:28,67; 42:8; 45:28,"[41.298, 132.768, 170.634, 143.201]","[0.079741, 0.185768, 0.329473, 0.200366]"
728,713,8,"Consent, mutual 2:233; 4:29","Consent, mutual 2:233; 4:29","[41.298, 143.201, 170.634, 153.635]","[0.079741, 0.200366, 0.329473, 0.214964]"
728,713,8,Conservation 9:36,Conservation 9:36,"[41.298, 153.635, 170.634, 164.068]","[0.079741, 0.214964, 0.329473, 0.229562]"
728,713,8,Conspiracy 4:108; 43:79; 58:8-10,Conspiracy 4:108; 43:79; 58:8-10,"[41.298, 164.068, 170.634, 174.501]","[0.079741, 0.229562, 0.329473, 0.24416]"
728,713,8,Constellations (see also Stars),Constellations (see also Stars),"[41.298, 174.501, 170.634, 184.934]","[0.079741, 0.24416, 0.329473, 0.258758]"
728,713,9,15:16; 25:61; 81:16; 85:1,15:16; 25:61; 81:16; 85:1,"[41.401, 186.751, 173.501, 196.912]","[0.07994, 0.2613, 0.335009, 0.275517]"
728,713,9,Consultation 2:233; 42:38; 58:12-13,Consultation 2:233; 42:38; 58:12-13,"[41.401, 196.912, 173.501, 207.073]","[0.07994, 0.275517, 0.335009, 0.289734]"
728,713,9,Contact prayer (Salat),Contact prayer (Salat),"[41.401, 207.073, 173.501, 217.234]","[0.07994, 0.289734, 0.335009, 0.303951]"
728,713,10,52:49; 54:34; 89; 1; 97:5; 113:1,52:49; 54:34; 89; 1; 97:5; 113:1,"[338.64, 199.351, 481.74, 209.105]","[0.653871, 0.27893, 0.93018, 0.292578]"
728,713,10,"Day of Judgement, belief in 3:194;","Day of Judgement, belief in 3:194;","[338.64, 209.105, 481.74, 218.86]","[0.653871, 0.292578, 0.93018, 0.306226]"
728,713,10,4:162; 6:15; 7:59; 10:15; 24:37,4:162; 6:15; 7:59; 10:15; 24:37,"[338.64, 218.86, 481.74, 228.614]","[0.653871, 0.306226, 0.93018, 0.319875]"
728,713,10,beware of 2:281,beware of 2:281,"[338.64, 228.614, 481.74, 238.369]","[0.653871, 0.319875, 0.93018, 0.333523]"
728,713,10,"described 2:210; 11:105; 14:42-43,","described 2:210; 11:105; 14:42-43,","[338.64, 238.369, 481.74, 248.123]","[0.653871, 0.333523, 0.93018, 0.347171]"
728,713,10,48; 20:102-112; 21:97-104; 22:1-2;,48; 20:102-112; 21:97-104; 22:1-2;,"[338.64, 248.123, 481.74, 257.878]","[0.653871, 0.347171, 0.93018, 0.36082]"
728,713,10,"25:17-18,22-29; 27:87; 32:12-14;","25:17-18,22-29; 27:87; 32:12-14;","[338.64, 257.878, 481.74, 267.632]","[0.653871, 0.36082, 0.93018, 0.374468]"
728,713,10,34:40-42; 36:51-65; 37:19-68; 39:15-,34:40-42; 36:51-65; 37:19-68; 39:15-,"[338.64, 267.632, 481.74, 277.387]","[0.653871, 0.374468, 0.93018, 0.388117]"
728,713,10,"16; 40:16-18,39-40,46-50; 43:66-78;","16; 40:16-18,39-40,46-50; 43:66-78;","[338.64, 277.387, 481.74, 287.141]","[0.653871, 0.388117, 0.93018, 0.401765]"
728,713,10,50:20-35; 52:9-28; 55:36-78; 56:1-56,50:20-35; 52:9-28; 55:36-78; 56:1-56,"[338.64, 287.141, 481.74, 296.896]","[0.653871, 0.401765, 0.93018, 0.415413]"
728,713,10,57:12-15; 70:8-16; 77:7-49;,57:12-15; 70:8-16; 77:7-49;,"[338.64, 296.896, 481.74, 306.65]","[0.653871, 0.415413, 0.93018, 0.429062]"
728,713,10,"78:17-40; 81:1-14; 82:1-5,15-19;","78:17-40; 81:1-14; 82:1-5,15-19;","[338.64, 306.65, 481.74, 316.405]","[0.653871, 0.429062, 0.93018, 0.44271]"
728,713,10,84:1-12; 101:1-11; 104:4-9,84:1-12; 101:1-11; 104:4-9,"[338.64, 316.405, 481.74, 326.159]","[0.653871, 0.44271, 0.93018, 0.456358]"
728,713,10,disbelief in 2:264; 9:99,disbelief in 2:264; 9:99,"[338.64, 326.159, 481.74, 335.914]","[0.653871, 0.456358, 0.93018, 0.470007]"
728,713,10,"gathering 2:259; 3:9,25;4:87;6:12,22;","gathering 2:259; 3:9,25;4:87;6:12,22;","[338.64, 335.914, 481.74, 345.668]","[0.653871, 0.470007, 0.93018, 0.483655]"
728,713,10,"11:103;17:51-52,71,97;18:19;25:17","11:103;17:51-52,71,97;18:19;25:17","[338.64, 345.668, 481.74, 355.423]","[0.653871, 0.483655, 0.93018, 0.497304]"
728,713,10,"God, master of 1:4; 6:73","God, master of 1:4; 6:73","[338.64, 355.423, 481.74, 365.177]","[0.653871, 0.497304, 0.93018, 0.510952]"
728,713,10,God’s coming 2:210,God’s coming 2:210,"[338.64, 365.177, 481.74, 374.932]","[0.653871, 0.510952, 0.93018, 0.5246]"
728,713,10,"inevitable 3:9,25; 4:87; 6:134","inevitable 3:9,25; 4:87; 6:134","[338.64, 374.932, 481.74, 384.686]","[0.653871, 0.5246, 0.93018, 0.538249]"
728,713,10,"no intercession or help 2:48,123,","no intercession or help 2:48,123,","[338.64, 384.686, 481.74, 394.441]","[0.653871, 0.538249, 0.93018, 0.551897]"
728,713,10,254; 4:109; 5:36; 14:31; 20:109;,254; 4:109; 5:36; 14:31; 20:109;,"[338.64, 394.441, 481.74, 404.195]","[0.653871, 0.551897, 0.93018, 0.565545]"
728,713,10,26:88; 31:33; 82:19,26:88; 31:33; 82:19,"[338.64, 404.195, 481.74, 413.95]","[0.653871, 0.565545, 0.93018, 0.579194]"
728,713,10,judging on 2:113; 4:141; 6:128;,judging on 2:113; 4:141; 6:128;,"[338.64, 413.95, 481.74, 423.704]","[0.653871, 0.579194, 0.93018, 0.592842]"
728,713,10,"10:93; 16:111,124; 17:13-14;","10:93; 16:111,124; 17:13-14;","[338.64, 423.704, 481.74, 433.459]","[0.653871, 0.592842, 0.93018, 0.60649]"
728,713,10,"18:105; 21:47; 22:17,56,69","18:105; 21:47; 22:17,56,69","[338.64, 433.459, 481.74, 443.213]","[0.653871, 0.60649, 0.93018, 0.620139]"
728,713,10,"repayment of 3:25,30,161,180,185;","repayment of 3:25,30,161,180,185;","[338.64, 443.213, 481.74, 452.968]","[0.653871, 0.620139, 0.93018, 0.633787]"
728,713,10,6:132; 7:8; 14:51; 24:25,6:132; 7:8; 14:51; 24:25,"[338.64, 452.968, 481.74, 462.722]","[0.653871, 0.633787, 0.93018, 0.647436]"
728,713,10,retribution of 2:85; 11:98,retribution of 2:85; 11:98,"[338.64, 462.722, 481.74, 472.477]","[0.653871, 0.647436, 0.93018, 0.661084]"
728,713,10,"righteous on 2:212;3:106,198;4:57;","righteous on 2:212;3:106,198;4:57;","[338.64, 472.477, 481.74, 482.231]","[0.653871, 0.661084, 0.93018, 0.674732]"
728,713,10,"5:119; 6:16; 7:32,4244; 11:108;","5:119; 6:16; 7:32,4244; 11:108;","[338.64, 482.231, 481.74, 491.986]","[0.653871, 0.674732, 0.93018, 0.688381]"
728,713,10,16:30-31; 19:85; 21:103; 33:44,16:30-31; 19:85; 21:103; 33:44,"[338.64, 491.986, 481.74, 501.74]","[0.653871, 0.688381, 0.93018, 0.702029]"
728,713,10,Satan respited until 7:14,Satan respited until 7:14,"[338.64, 501.74, 481.74, 511.495]","[0.653871, 0.702029, 0.93018, 0.715677]"
728,713,10,warned of 6:130,warned of 6:130,"[338.64, 511.495, 481.74, 521.249]","[0.653871, 0.715677, 0.93018, 0.729326]"
728,713,10,"wicked on 2:174,212; 3:77; 4:42,56;","wicked on 2:174,212; 3:77; 4:42,56;","[338.64, 521.249, 481.74, 531.004]","[0.653871, 0.729326, 0.93018, 0.742974]"
728,713,10,"5:36; 6:22-24; 7:48-50; 10:28-30,60;","5:36; 6:22-24; 7:48-50; 10:28-30,60;","[338.64, 531.004, 481.74, 540.758]","[0.653871, 0.742974, 0.93018, 0.756623]"
728,713,10,"11:98-99,106-7; 14:42-44,49-50;","11:98-99,106-7; 14:42-44,49-50;","[338.64, 540.758, 481.74, 550.513]","[0.653871, 0.756623, 0.93018, 0.770271]"
728,713,10,"16:25-29; 19:37-39; 20:100-101,124;","16:25-29; 19:37-39; 20:100-101,124;","[338.64, 550.513, 481.74, 560.267]","[0.653871, 0.770271, 0.93018, 0.783919]"
728,713,10,22:9; 28:4142,22:9; 28:4142,"[338.64, 560.267, 481.74, 570.022]","[0.653871, 0.783919, 0.93018, 0.797568]"
728,713,10,"witnesses 4:159; 5:109,117; 6:130;","witnesses 4:159; 5:109,117; 6:130;","[338.64, 570.022, 481.74, 579.776]","[0.653871, 0.797568, 0.93018, 0.811216]"
728,713,10,"7:172; 11:103; 16:84,89;24:24;27:83","7:172; 11:103; 16:84,89;24:24;27:83","[338.64, 579.776, 481.74, 589.531]","[0.653871, 0.811216, 0.93018, 0.824864]"
728,713,10,Days,Days,"[338.64, 589.531, 481.74, 599.285]","[0.653871, 0.824864, 0.93018, 0.838513]"
728,713,11,Abraham original source 6:162;,Abraham original source 6:162;,"[38.891, 219.001, 183.1, 228.874]","[0.075094, 0.306424, 0.353543, 0.320238]"
728,713,11,"8:35; 10:87; 14:37,40; 21:73","8:35; 10:87; 14:37,40; 21:73","[38.891, 228.874, 183.1, 238.748]","[0.075094, 0.320238, 0.353543, 0.334053]"
728,713,11,abnormal circumstances 2:239,abnormal circumstances 2:239,"[38.891, 238.748, 183.1, 248.621]","[0.075094, 0.334053, 0.353543, 0.347868]"
728,713,11,afternoon 2:238,afternoon 2:238,"[38.891, 248.621, 183.1, 258.494]","[0.075094, 0.347868, 0.353543, 0.361682]"
728,713,11,disbelievers 4:142; 9:54; 74:43;,disbelievers 4:142; 9:54; 74:43;,"[38.891, 258.494, 183.1, 268.368]","[0.075094, 0.361682, 0.353543, 0.375497]"
728,713,11,75:31; 77:48; 107:4-5,75:31; 77:48; 107:4-5,"[38.891, 268.368, 183.1, 278.241]","[0.075094, 0.375497, 0.353543, 0.389312]"
728,713,11,exhort children & family to do,exhort children & family to do,"[38.891, 278.241, 183.1, 288.114]","[0.075094, 0.389312, 0.353543, 0.403126]"
728,713,11,19:55; 20:132; 31:17,19:55; 20:132; 31:17,"[38.891, 288.114, 183.1, 297.988]","[0.075094, 0.403126, 0.353543, 0.416941]"
728,713,11,"characteristic of believers 2:3,177,","characteristic of believers 2:3,177,","[38.891, 297.988, 183.1, 307.861]","[0.075094, 0.416941, 0.353543, 0.430756]"
728,713,11,"238; 4:162; 6:92; 7:170; 8:3; 9:5,11,","238; 4:162; 6:92; 7:170; 8:3; 9:5,11,","[38.891, 307.861, 183.1, 317.734]","[0.075094, 0.430756, 0.353543, 0.44457]"
728,713,11,"18,71; 13:22; 22:35,41; 23:9; 24:37;","18,71; 13:22; 22:35,41; 23:9; 24:37;","[38.891, 317.734, 183.1, 327.608]","[0.075094, 0.44457, 0.353543, 0.458385]"
728,713,11,"27:3; 31:4; 35:18,29; 42:38; 70:22,","27:3; 31:4; 35:18,29; 42:38; 70:22,","[38.891, 327.608, 183.1, 337.481]","[0.075094, 0.458385, 0.353543, 0.4722]"
728,713,11,"23,34; 87:15","23,34; 87:15","[38.891, 337.481, 183.1, 347.355]","[0.075094, 0.4722, 0.353543, 0.486014]"
728,713,11,congregational pray 62:9-11,congregational pray 62:9-11,"[38.891, 347.355, 183.1, 357.228]","[0.075094, 0.486014, 0.353543, 0.499829]"
728,713,11,"diversions from 5:58,91","diversions from 5:58,91","[38.891, 357.228, 183.1, 367.101]","[0.075094, 0.499829, 0.353543, 0.513644]"
728,713,11,do not mention other than God,do not mention other than God,"[38.891, 367.101, 183.1, 376.975]","[0.075094, 0.513644, 0.353543, 0.527458]"
728,713,11,2:162; 13:36; 20:14; 72:18,2:162; 13:36; 20:14; 72:18,"[38.891, 376.975, 183.1, 386.848]","[0.075094, 0.527458, 0.353543, 0.541273]"
728,713,11,friday 62:9-11,friday 62:9-11,"[38.891, 386.848, 183.1, 396.721]","[0.075094, 0.541273, 0.353543, 0.555088]"
728,713,11,"for help 2:45,153; 5:12,55; 29:45","for help 2:45,153; 5:12,55; 29:45","[38.891, 396.721, 183.1, 406.595]","[0.075094, 0.555088, 0.353543, 0.568903]"
728,713,11,intoxication 4:43,intoxication 4:43,"[38.891, 406.595, 183.1, 416.468]","[0.075094, 0.568903, 0.353543, 0.582717]"
728,713,11,leading 4:102,leading 4:102,"[38.891, 416.468, 183.1, 426.341]","[0.075094, 0.582717, 0.353543, 0.596532]"
728,713,11,lost 19:59,lost 19:59,"[38.891, 426.341, 183.1, 436.215]","[0.075094, 0.596532, 0.353543, 0.610347]"
728,713,11,morning 11:114; 24:58,morning 11:114; 24:58,"[38.891, 436.215, 183.1, 446.088]","[0.075094, 0.610347, 0.353543, 0.624161]"
728,713,11,night 11:114; 24:58,night 11:114; 24:58,"[38.891, 446.088, 183.1, 455.961]","[0.075094, 0.624161, 0.353543, 0.637976]"
728,713,11,noon 17:78,noon 17:78,"[38.891, 455.961, 183.1, 465.835]","[0.075094, 0.637976, 0.353543, 0.651791]"
728,713,11,"observe 2:43,83,110,277; 4:77; 6:72;","observe 2:43,83,110,277; 4:77; 6:72;","[38.891, 465.835, 183.1, 475.708]","[0.075094, 0.651791, 0.353543, 0.665605]"
728,713,11,14:31; 22:78; 24:56; 29:45; 30:31;,14:31; 22:78; 24:56; 29:45; 30:31;,"[38.891, 475.708, 183.1, 485.581]","[0.075094, 0.665605, 0.353543, 0.67942]"
728,713,11,58:13; 73:20; 98:5,58:13; 73:20; 98:5,"[38.891, 485.581, 183.1, 495.455]","[0.075094, 0.67942, 0.353543, 0.693235]"
728,713,11,qiblah 2:142-150,qiblah 2:142-150,"[38.891, 495.455, 183.1, 505.328]","[0.075094, 0.693235, 0.353543, 0.707049]"
728,713,11,reason for 6:162; 20:14,reason for 6:162; 20:14,"[38.891, 505.328, 183.1, 515.201]","[0.075094, 0.707049, 0.353543, 0.720864]"
728,713,11,reverence in 23:2,reverence in 23:2,"[38.891, 515.201, 183.1, 525.075]","[0.075094, 0.720864, 0.353543, 0.734679]"
728,713,11,shoetening 4:101-103,shoetening 4:101-103,"[38.891, 525.075, 183.1, 534.948]","[0.075094, 0.734679, 0.353543, 0.748493]"
728,713,11,sunset 11:114,sunset 11:114,"[38.891, 534.948, 183.1, 544.821]","[0.075094, 0.748493, 0.353543, 0.762308]"
728,713,11,the five times 2:238; 4:103; 11:114;,the five times 2:238; 4:103; 11:114;,"[38.891, 544.821, 183.1, 554.695]","[0.075094, 0.762308, 0.353543, 0.776123]"
728,713,11,17:78; 24:58,17:78; 24:58,"[38.891, 554.695, 183.1, 564.568]","[0.075094, 0.776123, 0.353543, 0.789937]"
728,713,11,tone of voice 17:110,tone of voice 17:110,"[38.891, 564.568, 183.1, 574.442]","[0.075094, 0.789937, 0.353543, 0.803752]"
728,713,11,wartime 4:101,wartime 4:101,"[38.891, 574.442, 183.1, 584.315]","[0.075094, 0.803752, 0.353543, 0.817567]"
728,713,11,Contradictions 4:82,Contradictions 4:82,"[38.891, 584.315, 183.1, 594.188]","[0.075094, 0.817567, 0.353543, 0.831381]"
728,713,11,Converts 2:62; 5:69; 9:60; 22:17; 28:52,Converts 2:62; 5:69; 9:60; 22:17; 28:52,"[38.891, 594.188, 183.1, 604.062]","[0.075094, 0.831381, 0.353543, 0.845196]"
728,713,11,Convictions 2:265; 3:154; 11:31;,Convictions 2:265; 3:154; 11:31;,"[38.891, 604.062, 183.1, 613.935]","[0.075094, 0.845196, 0.353543, 0.859011]"
728,713,12,25:70; 28:84; 39:10,25:70; 28:84; 39:10,"[190.79, 434.301, 309.182, 443.968]","[0.368392, 0.607669, 0.596992, 0.621195]"
728,713,12,Creed (see also Religion) 2:120;,Creed (see also Religion) 2:120;,"[190.79, 443.968, 309.182, 453.635]","[0.368392, 0.621195, 0.596992, 0.634721]"
728,713,13,3:73; 4:125; 16:123; 22:78,3:73; 4:125; 16:123; 22:78,"[190.69, 455.401, 326.09, 465.509]","[0.368198, 0.637192, 0.629639, 0.651336]"
728,713,13,"Crime 2:178,191,217; 4:92; 5:27,32,","Crime 2:178,191,217; 4:92; 5:27,32,","[190.69, 465.509, 326.09, 475.618]","[0.368198, 0.651336, 0.629639, 0.665479]"
728,713,13,"33,38; 6:123-124; 9:66; 11:35; 81:9","33,38; 6:123-124; 9:66; 11:35; 81:9","[190.69, 475.618, 326.09, 485.726]","[0.368198, 0.665479, 0.629639, 0.679623]"
728,713,13,Crops,Crops,"[190.69, 485.726, 326.09, 495.835]","[0.368198, 0.679623, 0.629639, 0.693767]"
728,713,14,as sign 13:4; 14:25; 16:11,as sign 13:4; 14:25; 16:11,"[189.85, 497.551, 328.14, 507.795]","[0.366577, 0.696168, 0.633597, 0.710501]"
728,713,14,as test 2:155; 3:14; 7:130; 18:32-42,as test 2:155; 3:14; 7:130; 18:32-42,"[189.85, 507.795, 328.14, 518.039]","[0.366577, 0.710501, 0.633597, 0.724834]"
728,713,14,Crucifixion 4:157; 5:33; 7:124; 12:41;,Crucifixion 4:157; 5:33; 7:124; 12:41;,"[189.85, 518.039, 328.14, 528.283]","[0.366577, 0.724834, 0.633597, 0.739168]"
728,713,14,20:71; 26:49,20:71; 26:49,"[189.85, 528.283, 328.14, 538.527]","[0.366577, 0.739168, 0.633597, 0.753501]"
728,713,14,Crying 4:75; 9:82; 53:60; 63:4,Crying 4:75; 9:82; 53:60; 63:4,"[189.85, 538.527, 328.14, 548.771]","[0.366577, 0.753501, 0.633597, 0.767834]"
728,713,14,"Curse 2:59,88,89,159,161; 3:61,87;","Curse 2:59,88,89,159,161; 3:61,87;","[189.85, 548.771, 328.14, 559.015]","[0.366577, 0.767834, 0.633597, 0.782167]"
728,713,14,"4:46,47; 5:13,64; 6:108; 7:44,162;","4:46,47; 5:13,64; 6:108; 7:44,162;","[189.85, 559.015, 328.14, 569.259]","[0.366577, 0.782167, 0.633597, 0.796501]"
728,713,14,"8:11; 11:18,60; 13:25; 15:35; 24:7,","8:11; 11:18,60; 13:25; 15:35; 24:7,","[189.85, 569.259, 328.14, 579.503]","[0.366577, 0.796501, 0.633597, 0.810834]"
728,713,14,"9,23; 29:25; 33:68; 38:78; 40:52;","9,23; 29:25; 33:68; 38:78; 40:52;","[189.85, 579.503, 328.14, 589.747]","[0.366577, 0.810834, 0.633597, 0.825167]"
728,713,14,45:11; 69:50,45:11; 69:50,"[189.85, 589.747, 328.14, 599.991]","[0.366577, 0.825167, 0.633597, 0.839501]"
728,713,14,Cutting the hand 5:38; 12:31,Cutting the hand 5:38; 12:31,"[189.85, 599.991, 328.14, 610.235]","[0.366577, 0.839501, 0.633597, 0.853834]"
728,713,15,"as sign 2:164; 3:27,190; 13:3; 14:33;","as sign 2:164; 3:27,190; 13:3; 14:33;","[349.21, 601.101, 480.89, 610.699]","[0.674281, 0.841054, 0.928538, 0.854483]"
728,713,15,16:12;17:12;21:33;22:61;23:80;24:44;,16:12;17:12;21:33;22:61;23:80;24:44;,"[349.21, 610.699, 480.89, 620.297]","[0.674281, 0.854483, 0.928538, 0.867913]"
728,713,15,"25:47,62;27:86;28:73;31:29;35:13;","25:47,62;27:86;28:73;31:29;35:13;","[349.21, 620.297, 480.89, 629.896]","[0.674281, 0.867913, 0.928538, 0.881343]"
728,713,15,"36:37,40;39:5;40:61;41:37;45:5;57:6","36:37,40;39:5;40:61;41:37;45:5;57:6","[349.21, 629.896, 480.89, 639.494]","[0.674281, 0.881343, 0.928538, 0.894772]"
728,713,15,day at God 22:47; 32:5; 70:4,day at God 22:47; 32:5; 70:4,"[349.21, 639.494, 480.89, 649.092]","[0.674281, 0.894772, 0.928538, 0.908202]"
728,713,15,day of harvest 6:141,day of harvest 6:141,"[349.21, 649.092, 480.89, 658.69]","[0.674281, 0.908202, 0.928538, 0.921632]"
728,713,15,day of pilgrimage 9:3,day of pilgrimage 9:3,"[349.21, 658.69, 480.89, 668.288]","[0.674281, 0.921632, 0.928538, 0.935061]"
728,713,15,length of creation 7:54; 10:3; 11:7;,length of creation 7:54; 10:3; 11:7;,"[349.21, 668.288, 480.89, 677.886]","[0.674281, 0.935061, 0.928538, 0.948491]"
728,713,15,"25:59; 32:4; 41:9-10,12; 50:38; 57:4","25:59; 32:4; 41:9-10,12; 50:38; 57:4","[349.21, 677.886, 480.89, 687.485]","[0.674281, 0.948491, 0.928538, 0.961921]"
728,713,16,31:23; 35:38,31:23; 35:38,"[38.65, 616.001, 177.218, 625.996]","[0.074628, 0.861902, 0.342186, 0.875886]"
728,713,16,"Coral 55:22,58","Coral 55:22,58","[38.65, 625.996, 177.218, 635.99]","[0.074628, 0.875886, 0.342186, 0.88987]"
728,713,16,"Corruption 2:12,205,251;5:33,64;8:73;","Corruption 2:12,205,251;5:33,64;8:73;","[38.65, 635.99, 177.218, 645.985]","[0.074628, 0.88987, 0.342186, 0.903855]"
728,713,17,D,D,"[189.69, 619.401, 264.164, 630.643]","[0.366268, 0.866659, 0.510068, 0.882389]"
728,713,17,Darkness,Darkness,"[189.69, 630.643, 264.164, 641.885]","[0.366268, 0.882389, 0.510068, 0.898118]"
728,713,18,"of disbelief 2:17-20,257; 3:106; 5:16;","of disbelief 2:17-20,257; 3:106; 5:16;","[200.16, 643.351, 334.05, 652.772]","[0.386484, 0.900169, 0.645009, 0.913351]"
728,713,18,"6:122; 13:16; 14:1,5; 16:58; 35:20;","6:122; 13:16; 14:1,5; 16:58; 35:20;","[200.16, 652.772, 334.05, 662.193]","[0.386484, 0.913351, 0.645009, 0.926533]"
728,713,18,43:17; 57:9; 65:11,43:17; 57:9; 65:11,"[200.16, 662.193, 334.05, 671.614]","[0.386484, 0.926533, 0.645009, 0.939715]"
728,713,18,"physical 2:187; 6:1,63,97; 13:10;","physical 2:187; 6:1,63,97; 13:10;","[200.16, 671.614, 334.05, 681.035]","[0.386484, 0.939715, 0.645009, 0.952896]"
728,713,19,10:81; 23:71; 28:83; 30:41; 89:12,10:81; 23:71; 28:83; 30:41; 89:12,"[38.149, 647.901, 169.649, 657.812]","[0.073661, 0.906536, 0.327571, 0.920403]"
728,713,19,Courtesy 4:86,Courtesy 4:86,"[38.149, 657.812, 169.649, 667.723]","[0.073661, 0.920403, 0.327571, 0.93427]"
728,713,19,Covenant,Covenant,"[38.149, 667.723, 169.649, 677.634]","[0.073661, 0.93427, 0.327571, 0.948138]"
728,713,20,marraige 4:21,marraige 4:21,"[49.299, 679.385, 100.699, 687.385]","[0.09519, 0.950588, 0.194437, 0.961781]"
729,714,1,"Deafness 2:18,171;4:46;5:71;6:25,39;","Deafness 2:18,171;4:46;5:71;6:25,39;","[40.2, 16.451, 178.41, 26.288]","[0.077621, 0.023018, 0.344487, 0.036782]"
729,714,1,"8:22; 10:42; 11:24; 17:46,97; 18:57;","8:22; 10:42; 11:24; 17:46,97; 18:57;","[40.2, 26.288, 178.41, 36.125]","[0.077621, 0.036782, 0.344487, 0.050545]"
729,714,1,21:45; 25:73; 27:80; 30:52; 31:7;,21:45; 25:73; 27:80; 30:52; 31:7;,"[40.2, 36.125, 178.41, 45.961]","[0.077621, 0.050545, 0.344487, 0.064309]"
729,714,1,"41:5,44; 43:40; 47:23","41:5,44; 43:40; 47:23","[40.2, 45.961, 178.41, 55.798]","[0.077621, 0.064309, 0.344487, 0.078072]"
729,714,1,Death,Death,"[40.2, 55.798, 178.41, 65.635]","[0.077621, 0.078072, 0.344487, 0.091836]"
729,714,2,Disbelief,Disbelief,"[190.1, 16.735, 223.476, 24.735]","[0.367059, 0.023415, 0.431504, 0.034609]"
729,714,3,"9:61; 17:46; 18:11,57; 22:46; 31:7;","9:61; 17:46; 18:11,57; 22:46; 31:7;","[338.749, 17.201, 472.89, 26.946]","[0.654082, 0.024067, 0.913091, 0.037702]"
729,714,3,41:5; 71:7,41:5; 71:7,"[338.749, 26.946, 472.89, 36.69]","[0.654082, 0.037702, 0.913091, 0.051337]"
729,714,3,Earth,Earth,"[338.749, 36.69, 472.89, 46.435]","[0.654082, 0.051337, 0.913091, 0.064971]"
729,714,4,"cursed because of 2:88; 4:46,155","cursed because of 2:88; 4:46,155","[189.96, 26.651, 332.25, 36.506]","[0.366789, 0.03729, 0.641533, 0.051078]"
729,714,4,God dislikes 39:7,God dislikes 39:7,"[189.96, 36.506, 332.25, 46.36]","[0.366789, 0.051078, 0.641533, 0.064867]"
729,714,4,in hereafter 6:150; 7:45; 10:45;,in hereafter 6:150; 7:45; 10:45;,"[189.96, 46.36, 332.25, 56.215]","[0.366789, 0.064867, 0.641533, 0.078655]"
729,714,4,16:60; 32:10; 41:7; 74:46; 83:11,16:60; 32:10; 41:7; 74:46; 83:11,"[189.96, 56.215, 332.25, 66.07]","[0.366789, 0.078655, 0.641533, 0.092444]"
729,714,4,"instead of belief 2:108; 3:80,90,106,","instead of belief 2:108; 3:80,90,106,","[189.96, 66.07, 332.25, 75.924]","[0.366789, 0.092444, 0.641533, 0.106233]"
729,714,4,177; 4:137; 9:74,177; 4:137; 9:74,"[189.96, 75.924, 332.25, 85.779]","[0.366789, 0.106233, 0.641533, 0.120021]"
729,714,4,Disbelievers,Disbelievers,"[189.96, 85.779, 332.25, 95.634]","[0.366789, 0.120021, 0.641533, 0.13381]"
729,714,5,can’t stand God’s presence 7:143,can’t stand God’s presence 7:143,"[338.13, 48.001, 479.84, 58.426]","[0.652887, 0.067162, 0.926511, 0.08175]"
729,714,5,creation 2:29; 7:54; 10:3; 11:7;13:3;,creation 2:29; 7:54; 10:3; 11:7;13:3;,"[338.13, 58.426, 479.84, 68.852]","[0.652887, 0.08175, 0.926511, 0.096337]"
729,714,5,15:19; 21:30; 25:59; 30:8; 32:4;,15:19; 21:30; 25:59; 30:8; 32:4;,"[338.13, 68.852, 479.84, 79.278]","[0.652887, 0.096337, 0.926511, 0.110924]"
729,714,5,"41:9,11; 50:38; 51:48; 65:12","41:9,11; 50:38; 51:48; 65:12","[338.13, 79.278, 479.84, 89.703]","[0.652887, 0.110924, 0.926511, 0.125512]"
729,714,5,egg shaped 79:30,egg shaped 79:30,"[338.13, 89.703, 479.84, 100.129]","[0.652887, 0.125512, 0.926511, 0.140099]"
729,714,5,"East 2:115,142,177,258; 7:137; 18:90;","East 2:115,142,177,258; 7:137; 18:90;","[338.13, 100.129, 479.84, 110.554]","[0.652887, 0.140099, 0.926511, 0.154686]"
729,714,5,"26:28,60; 37:5; 43:38; 55:17; 70:40;","26:28,60; 37:5; 43:38; 55:17; 70:40;","[338.13, 110.554, 479.84, 120.98]","[0.652887, 0.154686, 0.926511, 0.169273]"
729,714,5,73:9,73:9,"[338.13, 120.98, 479.84, 131.405]","[0.652887, 0.169273, 0.926511, 0.183861]"
729,714,5,Ecstacy 76:20,Ecstacy 76:20,"[338.13, 131.405, 479.84, 141.831]","[0.652887, 0.183861, 0.926511, 0.198448]"
729,714,5,"Eden see Gardens, heavenly","Eden see Gardens, heavenly","[338.13, 141.831, 479.84, 152.256]","[0.652887, 0.198448, 0.926511, 0.213035]"
729,714,5,Ego 5:30;12:53; 38:26; 45:23; 47:14-16,Ego 5:30;12:53; 38:26; 45:23; 47:14-16,"[338.13, 152.256, 479.84, 162.682]","[0.652887, 0.213035, 0.926511, 0.227623]"
729,714,5,must be killed 2:54,must be killed 2:54,"[338.13, 162.682, 479.84, 173.107]","[0.652887, 0.227623, 0.926511, 0.24221]"
729,714,5,as a god 25:43,as a god 25:43,"[338.13, 173.107, 479.84, 183.533]","[0.652887, 0.24221, 0.926511, 0.256797]"
729,714,5,"Egypt 2:61; 10:87; 12:21,99; 43:51","Egypt 2:61; 10:87; 12:21,99; 43:51","[338.13, 183.533, 479.84, 193.958]","[0.652887, 0.256797, 0.926511, 0.271384]"
729,714,5,"Eight 6:143; 18:22; 28:27; 39:6; 69:7,17","Eight 6:143; 18:22; 28:27; 39:6; 69:7,17","[338.13, 193.958, 479.84, 204.384]","[0.652887, 0.271384, 0.926511, 0.285972]"
729,714,5,Eighty 24:4,Eighty 24:4,"[338.13, 204.384, 479.84, 214.809]","[0.652887, 0.285972, 0.926511, 0.300559]"
729,714,5,"Elders 10:83,88; 11:27,97; 12:43;","Elders 10:83,88; 11:27,97; 12:43;","[338.13, 214.809, 479.84, 225.235]","[0.652887, 0.300559, 0.926511, 0.315146]"
729,714,6,"God gives life & death 2:28,258;","God gives life & death 2:28,258;","[41.15, 67.601, 183.9, 77.543]","[0.079455, 0.094586, 0.355088, 0.108497]"
729,714,6,"3:27,156; 6:60-61,95; 9:116; 10:31,","3:27,156; 6:60-61,95; 9:116; 10:31,","[41.15, 77.543, 183.9, 87.484]","[0.079455, 0.108497, 0.355088, 0.122407]"
729,714,6,"56,104; 15:23; 16:70; 20:55; 22:66;","56,104; 15:23; 16:70; 20:55; 22:66;","[41.15, 87.484, 183.9, 97.426]","[0.079455, 0.122407, 0.355088, 0.136317]"
729,714,6,"23:80; 30:19,40; 40:68; 44:8; 45:26;","23:80; 30:19,40; 40:68; 44:8; 45:26;","[41.15, 97.426, 183.9, 107.367]","[0.079455, 0.136317, 0.355088, 0.150227]"
729,714,6,50:43; 53:44; 57:2; 67:2; 80:21,50:43; 53:44; 57:2; 67:2; 80:21,"[41.15, 107.367, 183.9, 117.309]","[0.079455, 0.150227, 0.355088, 0.164137]"
729,714,6,before birth 2:28; 3:27; 6:22; 10:34;,before birth 2:28; 3:27; 6:22; 10:34;,"[41.15, 117.309, 183.9, 127.251]","[0.079455, 0.164137, 0.355088, 0.178047]"
729,714,6,30:19; 40:11,30:19; 40:11,"[41.15, 127.251, 183.9, 137.192]","[0.079455, 0.178047, 0.355088, 0.191958]"
729,714,6,no time dimension 2:259; 30:55-56,no time dimension 2:259; 30:55-56,"[41.15, 137.192, 183.9, 147.134]","[0.079455, 0.191958, 0.355088, 0.205868]"
729,714,6,"predestined 3:145,154,168;4:78;6:2,","predestined 3:145,154,168;4:78;6:2,","[41.15, 147.134, 183.9, 157.075]","[0.079455, 0.205868, 0.355088, 0.219778]"
729,714,6,60; 21:35; 29:57; 33:16; 56:60; 62:8,60; 21:35; 29:57; 33:16; 56:60; 62:8,"[41.15, 157.075, 183.9, 167.017]","[0.079455, 0.219778, 0.355088, 0.233688]"
729,714,6,"resurrection 2:56,73,260;6:36;7:57;","resurrection 2:56,73,260;6:36;7:57;","[41.15, 167.017, 183.9, 176.958]","[0.079455, 0.233688, 0.355088, 0.247598]"
729,714,6,21:21;22:6;30:50;36:12;42:9; 75:40,21:21;22:6;30:50;36:12;42:9; 75:40,"[41.15, 176.958, 183.9, 186.9]","[0.079455, 0.247598, 0.355088, 0.261508]"
729,714,6,in God’s cause 2:154; 3:169,in God’s cause 2:154; 3:169,"[41.15, 186.9, 183.9, 196.842]","[0.079455, 0.261508, 0.355088, 0.275419]"
729,714,6,"time of described 4:97;6:61,93;8:50;","time of described 4:97;6:61,93;8:50;","[41.15, 196.842, 183.9, 206.783]","[0.079455, 0.275419, 0.355088, 0.289329]"
729,714,6,"16:28,32; 23:99-100; 32:11; 39:42;","16:28,32; 23:99-100; 32:11; 39:42;","[41.15, 206.783, 183.9, 216.725]","[0.079455, 0.289329, 0.355088, 0.303239]"
729,714,6,47:27; 50:19; 56:83-87; 75:26-30,47:27; 50:19; 56:83-87; 75:26-30,"[41.15, 216.725, 183.9, 226.666]","[0.079455, 0.303239, 0.355088, 0.317149]"
729,714,6,will decreed 2:180; 5:106,will decreed 2:180; 5:106,"[41.15, 226.666, 183.9, 236.608]","[0.079455, 0.317149, 0.355088, 0.331059]"
729,714,6,"Debts 2:280,282; 4:11-12","Debts 2:280,282; 4:11-12","[41.15, 236.608, 183.9, 246.55]","[0.079455, 0.331059, 0.355088, 0.344969]"
729,714,6,Deceit 2:9;3:24;4:142;6:112;8:62;63:2,Deceit 2:9;3:24;4:142;6:112;8:62;63:2,"[41.15, 246.55, 183.9, 256.491]","[0.079455, 0.344969, 0.355088, 0.35888]"
729,714,6,Decisions,Decisions,"[41.15, 256.491, 183.9, 266.433]","[0.079455, 0.35888, 0.355088, 0.37279]"
729,714,7,at death 8:50; 16:28; 23:99; 47:27,at death 8:50; 16:28; 23:99; 47:27,"[189.95, 97.601, 328.3, 107.903]","[0.36677, 0.136562, 0.633906, 0.150977]"
729,714,7,defeated 3:12; 8:59; 22:44; 23:117;,defeated 3:12; 8:59; 22:44; 23:117;,"[189.95, 107.903, 328.3, 118.205]","[0.36677, 0.150977, 0.633906, 0.165391]"
729,714,7,40:85,40:85,"[189.95, 118.205, 328.3, 128.507]","[0.36677, 0.165391, 0.633906, 0.179806]"
729,714,7,"described 2:6-7,171; 7:51-53; 8:21-","described 2:6-7,171; 7:51-53; 8:21-","[189.95, 128.507, 328.3, 138.81]","[0.36677, 0.179806, 0.633906, 0.194221]"
729,714,7,"23,34-36; 23:74-77,103-115;","23,34-36; 23:74-77,103-115;","[189.95, 138.81, 328.3, 149.112]","[0.36677, 0.194221, 0.633906, 0.208635]"
729,714,7,53:33-37; 68:10-16; 70:36-42;,53:33-37; 68:10-16; 70:36-42;,"[189.95, 149.112, 328.3, 159.414]","[0.36677, 0.208635, 0.633906, 0.22305]"
729,714,7,75:31-35; 90:5-11; 96:6-19,75:31-35; 90:5-11; 96:6-19,"[189.95, 159.414, 328.3, 169.716]","[0.36677, 0.22305, 0.633906, 0.237465]"
729,714,7,"Disciples, Jesus’ 3:52;5:111-112;61:14","Disciples, Jesus’ 3:52;5:111-112;61:14","[189.95, 169.716, 328.3, 180.018]","[0.36677, 0.237465, 0.633906, 0.251879]"
729,714,7,Disease 2:10;8:49; 24:50; 26:80; 33:60,Disease 2:10;8:49; 24:50; 26:80; 33:60,"[189.95, 180.018, 328.3, 190.32]","[0.36677, 0.251879, 0.633906, 0.266294]"
729,714,7,"Dishonesty 2:188; 5:42,62,63","Dishonesty 2:188; 5:42,62,63","[189.95, 190.32, 328.3, 200.622]","[0.36677, 0.266294, 0.633906, 0.280709]"
729,714,7,"Disputes 3:105; 4:59,88; 22:69; 42:10","Disputes 3:105; 4:59,88; 22:69; 42:10","[189.95, 200.622, 328.3, 210.925]","[0.36677, 0.280709, 0.633906, 0.295123]"
729,714,7,"Distinction, make none among mes­","Distinction, make none among mes","[189.95, 210.925, 328.3, 221.227]","[0.36677, 0.295123, 0.633906, 0.309538]"
729,714,7,"sengers 2:136,285; 3:84; 4:150-152","sengers 2:136,285; 3:84; 4:150-152","[189.95, 221.227, 328.3, 231.529]","[0.36677, 0.309538, 0.633906, 0.323952]"
729,714,7,"Distractions 6:70,130; 9:69; 15:3;","Distractions 6:70,130; 9:69; 15:3;","[189.95, 231.529, 328.3, 241.831]","[0.36677, 0.323952, 0.633906, 0.338367]"
729,714,8,"23:46; 27:29,32; 28:32; 33:67","23:46; 27:29,32; 28:32; 33:67","[337.44, 226.951, 478.49, 237.694]","[0.651554, 0.317547, 0.923904, 0.332579]"
729,714,8,Elephants 105:1,Elephants 105:1,"[337.44, 237.694, 478.49, 248.437]","[0.651554, 0.332579, 0.923904, 0.34761]"
729,714,8,Eleven 12:4,Eleven 12:4,"[337.44, 248.437, 478.49, 259.18]","[0.651554, 0.34761, 0.923904, 0.362642]"
729,714,8,"Elias 6:85; 37:123,130","Elias 6:85; 37:123,130","[337.44, 259.18, 478.49, 269.923]","[0.651554, 0.362642, 0.923904, 0.377673]"
729,714,8,Elija 6:86,Elija 6:86,"[337.44, 269.923, 478.49, 280.666]","[0.651554, 0.377673, 0.923904, 0.392705]"
729,714,8,Elisha 38:48,Elisha 38:48,"[337.44, 280.666, 478.49, 291.409]","[0.651554, 0.392705, 0.923904, 0.407736]"
729,714,8,Embarrassment ll:77-78;29:33;33:50,Embarrassment ll:77-78;29:33;33:50,"[337.44, 291.409, 478.49, 302.152]","[0.651554, 0.407736, 0.923904, 0.422768]"
729,714,8,Embrace Islam 9:74;48:16;49:17; 110:2,Embrace Islam 9:74;48:16;49:17; 110:2,"[337.44, 302.152, 478.49, 312.895]","[0.651554, 0.422768, 0.923904, 0.437799]"
729,714,8,Embryos 22:5; 23:14; 40:67; 53:32;,Embryos 22:5; 23:14; 40:67; 53:32;,"[337.44, 312.895, 478.49, 323.638]","[0.651554, 0.437799, 0.923904, 0.452831]"
729,714,8,75:38; 96:2,75:38; 96:2,"[337.44, 323.638, 478.49, 334.381]","[0.651554, 0.452831, 0.923904, 0.467862]"
729,714,8,"Emigration 4:100; 8:72,74-75;","Emigration 4:100; 8:72,74-75;","[337.44, 334.381, 478.49, 345.124]","[0.651554, 0.467862, 0.923904, 0.482894]"
729,714,8,"9:100,117","9:100,117","[337.44, 345.124, 478.49, 355.867]","[0.651554, 0.482894, 0.923904, 0.497925]"
729,714,8,Emotions 53:43; 70:19,Emotions 53:43; 70:19,"[337.44, 355.867, 478.49, 366.61]","[0.651554, 0.497925, 0.923904, 0.512957]"
729,714,8,Employees 24:31,Employees 24:31,"[337.44, 366.61, 478.49, 377.353]","[0.651554, 0.512957, 0.923904, 0.527988]"
729,714,8,Encouragement of disbelievers,Encouragement of disbelievers,"[337.44, 377.353, 478.49, 388.096]","[0.651554, 0.527988, 0.923904, 0.54302]"
729,714,8,7:183; 13:32; 19:75; 68:45,7:183; 13:32; 19:75; 68:45,"[337.44, 388.096, 478.49, 398.839]","[0.651554, 0.54302, 0.923904, 0.558051]"
729,714,8,Endowing,Endowing,"[337.44, 398.839, 478.49, 409.582]","[0.651554, 0.558051, 0.923904, 0.573082]"
729,714,9,24:37; 31:33; 35:5; 63:9,24:37; 31:33; 35:5; 63:9,"[189.95, 243.601, 322.91, 253.218]","[0.36677, 0.340844, 0.623498, 0.354299]"
729,714,9,"Division 3:103; 4:88; 6:65,159; 17:53;","Division 3:103; 4:88; 6:65,159; 17:53;","[189.95, 253.218, 322.91, 262.834]","[0.36677, 0.354299, 0.623498, 0.367754]"
729,714,10,21:93; 23:53; 30:32; 42:13-14; 98:4,21:93; 23:53; 30:32; 42:13-14; 98:4,"[189.841, 264.401, 325.99, 274.738]","[0.366559, 0.369947, 0.629446, 0.38441]"
729,714,10,"Divorce 2:226-233,236-237,241; 4:19-","Divorce 2:226-233,236-237,241; 4:19-","[189.841, 274.738, 325.99, 285.074]","[0.366559, 0.38441, 0.629446, 0.398873]"
729,714,10,20; 33:49; 65:1-7; 66:5,20; 33:49; 65:1-7; 66:5,"[189.841, 285.074, 325.99, 295.411]","[0.366559, 0.398873, 0.629446, 0.413335]"
729,714,10,"Dogs 5:4; 7:176; 18:18,22","Dogs 5:4; 7:176; 18:18,22","[189.841, 295.411, 325.99, 305.747]","[0.366559, 0.413335, 0.629446, 0.427798]"
729,714,10,"Dominion, God’s 2:255; 3:189; 11:7;","Dominion, God’s 2:255; 3:189; 11:7;","[189.841, 305.747, 325.99, 316.084]","[0.366559, 0.427798, 0.629446, 0.442261]"
729,714,11,initial 6:110;10:9;39:61;64:5;65:9,initial 6:110;10:9;39:61;64:5;65:9,"[41.399, 268.101, 173.099, 277.868]","[0.079936, 0.375124, 0.334232, 0.388789]"
729,714,11,"God’s 9:106; 11:110,119; 13:11;","God’s 9:106; 11:110,119; 13:11;","[41.399, 277.868, 173.099, 287.634]","[0.079936, 0.388789, 0.334232, 0.402454]"
729,714,11,"20:109,129; 30:4; 41:45; 42:14,21;","20:109,129; 30:4; 41:45; 42:14,21;","[41.399, 287.634, 173.099, 297.401]","[0.079936, 0.402454, 0.334232, 0.41612]"
729,714,11,"44:5; 53:26; 65:3,12; 78:37; 82:9","44:5; 53:26; 65:3,12; 78:37; 82:9","[41.399, 297.401, 173.099, 307.167]","[0.079936, 0.41612, 0.334232, 0.429785]"
729,714,11,Declarations,Declarations,"[41.399, 307.167, 173.099, 316.934]","[0.079936, 0.429785, 0.334232, 0.44345]"
729,714,12,"42:49; 43:85; 45:27; 48:14; 57:2,5","42:49; 43:85; 45:27; 48:14; 57:2,5","[189.86, 317.901, 319.75, 327.443]","[0.366596, 0.444803, 0.617397, 0.458154]"
729,714,12,Doom,Doom,"[189.86, 327.443, 319.75, 336.984]","[0.366596, 0.458154, 0.617397, 0.471504]"
729,714,13,from God 3:138; 9:3; 14:52; 21:106;,from God 3:138; 9:3; 14:52; 21:106;,"[41.5, 318.851, 183.3, 328.7]","[0.080131, 0.446133, 0.353929, 0.459913]"
729,714,13,46:35; 72:23,46:35; 72:23,"[41.5, 328.7, 183.3, 338.549]","[0.080131, 0.459913, 0.353929, 0.473693]"
729,714,13,"God knows 2:33,77; 5:99; 6:3,73;","God knows 2:33,77; 5:99; 6:3,73;","[41.5, 338.549, 183.3, 348.397]","[0.080131, 0.473693, 0.353929, 0.487474]"
729,714,13,"9:78,94; 11:5; 13:9; 14:38; 16:19,23;","9:78,94; 11:5; 13:9; 14:38; 16:19,23;","[41.5, 348.397, 183.3, 358.246]","[0.080131, 0.487474, 0.353929, 0.501254]"
729,714,13,20:7; 23:92; 28:69; 32:6; 33:54;,20:7; 23:92; 28:69; 32:6; 33:54;,"[41.5, 358.246, 183.3, 368.095]","[0.080131, 0.501254, 0.353929, 0.515034]"
729,714,13,"39:46; 59:22; 62:8; 64:4,8; 87:7","39:46; 59:22; 62:8; 64:4,8; 87:7","[41.5, 368.095, 183.3, 377.944]","[0.080131, 0.515034, 0.353929, 0.528815]"
729,714,13,"Decrees of God 2:158,178,180,183;","Decrees of God 2:158,178,180,183;","[41.5, 377.944, 183.3, 387.793]","[0.080131, 0.528815, 0.353929, 0.542595]"
729,714,13,"4:7,11-33,103; 5:3,32,45,48,97;","4:7,11-33,103; 5:3,32,45,48,97;","[41.5, 387.793, 183.3, 397.641]","[0.080131, 0.542595, 0.353929, 0.556375]"
729,714,13,"6:12,54; 7:167; 9:36,51; 14:7;16:124;","6:12,54; 7:167; 9:36,51; 14:7;16:124;","[41.5, 397.641, 183.3, 407.49]","[0.080131, 0.556375, 0.353929, 0.570156]"
729,714,13,"17:23,106; 19:71; 22:4,30- 36,67;","17:23,106; 19:71; 22:4,30- 36,67;","[41.5, 407.49, 183.3, 417.339]","[0.080131, 0.570156, 0.353929, 0.583936]"
729,714,13,"28:85; 39:42,71; 40:12; 42:13; 45:18;","28:85; 39:42,71; 40:12; 42:13; 45:18;","[41.5, 417.339, 183.3, 427.188]","[0.080131, 0.583936, 0.353929, 0.597716]"
729,714,13,47:20; 57:27; 58:21; 62:9; 66:2,47:20; 57:27; 58:21; 62:9; 66:2,"[41.5, 427.188, 183.3, 437.037]","[0.080131, 0.597716, 0.353929, 0.611497]"
729,714,13,"Defeat for disbelievers 3:12;8:36;9:2,","Defeat for disbelievers 3:12;8:36;9:2,","[41.5, 437.037, 183.3, 446.885]","[0.080131, 0.611497, 0.353929, 0.625277]"
729,714,13,98; 37:9; 38:11; 54:45; 59:5; 105:1-5,98; 37:9; 38:11; 54:45; 59:5; 105:1-5,"[41.5, 446.885, 183.3, 456.734]","[0.080131, 0.625277, 0.353929, 0.639057]"
729,714,13,Defense,Defense,"[41.5, 456.734, 183.3, 466.583]","[0.080131, 0.639057, 0.353929, 0.652838]"
729,714,14,disbelievers bring own 11:21;,disbelievers bring own 11:21;,"[189.7, 338.835, 332.6, 348.635]","[0.366287, 0.474094, 0.642209, 0.487806]"
729,714,14,16:34; 39:48; 40:83; 45:33; 46:26,16:34; 39:48; 40:83; 45:33; 46:26,"[189.7, 348.635, 332.6, 358.435]","[0.366287, 0.487806, 0.642209, 0.501518]"
729,714,14,"disbelievers challenge 6:57; 7:70,77;","disbelievers challenge 6:57; 7:70,77;","[189.7, 358.435, 332.6, 368.235]","[0.366287, 0.501518, 0.642209, 0.51523]"
729,714,14,10:48; 11:32; 13:6; 22:47; 26:204;,10:48; 11:32; 13:6; 22:47; 26:204;,"[189.7, 368.235, 332.6, 378.034]","[0.366287, 0.51523, 0.642209, 0.528941]"
729,714,14,"27:46,71; 29:29,53-54; 34:29 ; 46:22","27:46,71; 29:29,53-54; 34:29; 46:22","[189.7, 378.034, 332.6, 387.834]","[0.366287, 0.528941, 0.642209, 0.542653]"
729,714,14,Donkeys 2:259; 16:8; 31:19; 62:5,Donkeys 2:259; 16:8; 31:19; 62:5,"[189.7, 387.834, 332.6, 397.634]","[0.366287, 0.542653, 0.642209, 0.556365]"
729,714,14,Doubt (see also Certainty),Doubt (see also Certainty),"[189.7, 397.634, 332.6, 407.434]","[0.366287, 0.556365, 0.642209, 0.570077]"
729,714,15,believers have none 2:2-4; 6:114;,believers have none 2:2-4; 6:114;,"[189.59, 409.001, 326.59, 419.2]","[0.366074, 0.572269, 0.630604, 0.586539]"
729,714,15,7:2;11:17;15:99;32:23;49:15;74:31,7:2;11:17;15:99;32:23;49:15;74:31,"[189.59, 419.2, 326.59, 429.398]","[0.366074, 0.586539, 0.630604, 0.600809]"
729,714,15,"in hearts 3:7; 9:45,110","in hearts 3:7; 9:45,110","[189.59, 429.398, 326.59, 439.597]","[0.366074, 0.600809, 0.630604, 0.615079]"
729,714,15,"of resurrection 22:5; 40:59; 45:26,","of resurrection 22:5; 40:59; 45:26,","[189.59, 439.597, 326.59, 449.795]","[0.366074, 0.615079, 0.630604, 0.629348]"
729,714,15,32; 50:15,32; 50:15,"[189.59, 449.795, 326.59, 459.994]","[0.366074, 0.629348, 0.630604, 0.643618]"
729,714,15,"Dowry 2:229,236-237;4:4,19-21,24-25,","Dowry 2:229,236-237;4:4,19-21,24-25,","[189.59, 459.994, 326.59, 470.192]","[0.366074, 0.643618, 0.630604, 0.657888]"
729,714,15,127; 5:5; 33:50-51; 60:10,127; 5:5; 33:50-51; 60:10,"[189.59, 470.192, 326.59, 480.391]","[0.366074, 0.657888, 0.630604, 0.672157]"
729,714,15,"Dreams 8:43; 12:5,21,36,4344,100-","Dreams 8:43; 12:5,21,36,4344,100-","[189.59, 480.391, 326.59, 490.589]","[0.366074, 0.672157, 0.630604, 0.686427]"
729,714,15,101; 37:102-105; 52:32,101; 37:102-105; 52:32,"[189.59, 490.589, 326.59, 500.788]","[0.366074, 0.686427, 0.630604, 0.700697]"
729,714,15,Dress (see Clothing),Dress (see Clothing),"[189.59, 500.788, 326.59, 510.987]","[0.366074, 0.700697, 0.630604, 0.714966]"
729,714,15,Drinks,Drinks,"[189.59, 510.987, 326.59, 521.185]","[0.366074, 0.714966, 0.630604, 0.729236]"
729,714,16,"materially 4:54;5:20; 10:88,98; 16:71;","materially 4:54;5:20; 10:88,98; 16:71;","[337.291, 411.251, 479.59, 420.999]","[0.651267, 0.575418, 0.926028, 0.589057]"
729,714,16,17:70; 18:32; 19:74;23:33;24:22;25:18;,17:70; 18:32; 19:74;23:33;24:22;25:18;,"[337.291, 420.999, 479.59, 430.747]","[0.651267, 0.589057, 0.926028, 0.602697]"
729,714,16,28:76; 41:51; 45:16; 73:11; 89:15,28:76; 41:51; 45:16; 73:11; 89:15,"[337.291, 430.747, 479.59, 440.495]","[0.651267, 0.602697, 0.926028, 0.616336]"
729,714,16,"mentally 2:247,269; 4:32,34; 12:22;","mentally 2:247,269; 4:32,34; 12:22;","[337.291, 440.495, 479.59, 450.243]","[0.651267, 0.616336, 0.926028, 0.629975]"
729,714,16,"19:12; 21:74,79; 27:16; 28:14; 31:12","19:12; 21:74,79; 27:16; 28:14; 31:12","[337.291, 450.243, 479.59, 459.992]","[0.651267, 0.629975, 0.926028, 0.643615]"
729,714,16,spiritually 2:253; 3:48; 4:163; 6:75;,spiritually 2:253; 3:48; 4:163; 6:75;,"[337.291, 459.992, 479.59, 469.74]","[0.651267, 0.643615, 0.926028, 0.657254]"
729,714,16,"11:119; 16:122; 17:55; 19:30,50;","11:119; 16:122; 17:55; 19:30,50;","[337.291, 469.74, 479.59, 479.488]","[0.651267, 0.657254, 0.926028, 0.670894]"
729,714,16,34:10; 40:9; 48:1; 68:4,34:10; 40:9; 48:1; 68:4,"[337.291, 479.488, 479.59, 489.236]","[0.651267, 0.670894, 0.926028, 0.684533]"
729,714,16,Enemies,Enemies,"[337.291, 489.236, 479.59, 498.984]","[0.651267, 0.684533, 0.926028, 0.698173]"
729,714,17,"of disbelievers 4:105,109; 28:86","of disbelievers 4:105,109; 28:86","[41.311, 468.501, 183.11, 479.167]","[0.079766, 0.655521, 0.353562, 0.670445]"
729,714,17,of self 16:111; 42:39,of self 16:111; 42:39,"[41.311, 479.167, 183.11, 489.834]","[0.079766, 0.670445, 0.353562, 0.68537]"
729,714,17,Defiance 36:77;38:2;46:17;51:14;58:8,Defiance 36:77;38:2;46:17;51:14;58:8,"[41.311, 489.834, 183.11, 500.5]","[0.079766, 0.68537, 0.353562, 0.700294]"
729,714,17,"Deliverer, God is 23:29","Deliverer, God is 23:29","[41.311, 500.5, 183.11, 511.166]","[0.079766, 0.700294, 0.353562, 0.715218]"
729,714,17,"Demons (see Jinns) 27:10,39; 28:31","Demons (see Jinns) 27:10,39; 28:31","[41.311, 511.166, 183.11, 521.833]","[0.079766, 0.715218, 0.353562, 0.730142]"
729,714,17,Desertion 4:128; 25:30,Desertion 4:128; 25:30,"[41.311, 521.833, 183.11, 532.499]","[0.079766, 0.730142, 0.353562, 0.745067]"
729,714,17,"Designer, God is 6:101; 59:24","Designer, God is 6:101; 59:24","[41.311, 532.499, 183.11, 543.165]","[0.079766, 0.745067, 0.353562, 0.759991]"
729,714,17,"Despair 11:9;12:87,110;14:21;15:55,","Despair 11:9;12:87,110;14:21;15:55,","[41.311, 543.165, 183.11, 553.832]","[0.079766, 0.759991, 0.353562, 0.774915]"
729,714,17,56;17:83; 30:49; 39:53; 41:49; 42:28,56;17:83; 30:49; 39:53; 41:49; 42:28,"[41.311, 553.832, 183.11, 564.498]","[0.079766, 0.774915, 0.353562, 0.789839]"
729,714,17,Deterrence 5:38; 24:2; 8:57,Deterrence 5:38; 24:2; 8:57,"[41.311, 564.498, 183.11, 575.165]","[0.079766, 0.789839, 0.353562, 0.804764]"
729,714,17,"Deviation 4:27,135; 5:75; 6:46,95;","Deviation 4:27,135; 5:75; 6:46,95;","[41.311, 575.165, 183.11, 585.831]","[0.079766, 0.804764, 0.353562, 0.819688]"
729,714,18,"humans & Satan 2:36,168,208;","humans & Satan 2:36,168,208;","[337.09, 500.901, 476.94, 510.574]","[0.650879, 0.700855, 0.920911, 0.714389]"
729,714,18,"6:142; 7:22,24; 12:5; 17:53; 20:117,","6:142; 7:22,24; 12:5; 17:53; 20:117,","[337.09, 510.574, 476.94, 520.247]","[0.650879, 0.714389, 0.920911, 0.727923]"
729,714,18,123; 28:15; 35:6; 36:60; 43:62,123; 28:15; 35:6; 36:60; 43:62,"[337.09, 520.247, 476.94, 529.92]","[0.650879, 0.727923, 0.920911, 0.741457]"
729,714,18,"of God, believers & messengers","of God, believers & messengers","[337.09, 529.92, 476.94, 539.592]","[0.650879, 0.741457, 0.920911, 0.754992]"
729,714,18,"3:140; 4:45,101; 6:112; 8:60; 18:50;","3:140; 4:45,101; 6:112; 8:60; 18:50;","[337.09, 539.592, 476.94, 549.265]","[0.650879, 0.754992, 0.920911, 0.768526]"
729,714,18,"25:31; 41:19,28; 60:1; 64:14; 108:3","25:31; 41:19,28; 60:1; 64:14; 108:3","[337.09, 549.265, 476.94, 558.938]","[0.650879, 0.768526, 0.920911, 0.78206]"
729,714,18,reconciliation of 3:103; 41:34; 60:7,reconciliation of 3:103; 41:34; 60:7,"[337.09, 558.938, 476.94, 568.611]","[0.650879, 0.78206, 0.920911, 0.795594]"
729,714,18,Enjoyment,Enjoyment,"[337.09, 568.611, 476.94, 578.284]","[0.650879, 0.795594, 0.920911, 0.809128]"
729,714,19,of heaven 38:51; 52:23; 56:18;,of heaven 38:51; 52:23; 56:18;,"[189.69, 522.851, 313.14, 532.448]","[0.366268, 0.731567, 0.604634, 0.744995]"
729,714,19,"76:17,21; 78:34; 83:25; 88:14","76:17,21; 78:34; 83:25; 88:14","[189.69, 532.448, 313.14, 542.045]","[0.366268, 0.744995, 0.604634, 0.758423]"
729,714,19,of hell 6:70; 10:4; 14:16; 47:15;,of hell 6:70; 10:4; 14:16; 47:15;,"[189.69, 542.045, 313.14, 551.641]","[0.366268, 0.758423, 0.604634, 0.77185]"
729,714,19,56:55; 88:5,56:55; 88:5,"[189.69, 551.641, 313.14, 561.238]","[0.366268, 0.77185, 0.604634, 0.785278]"
729,714,19,"Drop, creation from 16:4; 18:37;","Drop, creation from 16:4; 18:37;","[189.69, 561.238, 313.14, 570.835]","[0.366268, 0.785278, 0.604634, 0.798706]"
729,714,20,22:5; 23:13-14; 35:11; 36:77; 40:67;,22:5; 23:13-14; 35:11; 36:77; 40:67;,"[189.6, 572.401, 326.6, 582.079]","[0.366094, 0.800897, 0.630624, 0.814438]"
729,714,20,53:46; 75:37; 76:2; 80:19,53:46; 75:37; 76:2; 80:19,"[189.6, 582.079, 326.6, 591.757]","[0.366094, 0.814438, 0.630624, 0.82798]"
729,714,20,"Dumbness 2:18,171; 6:39; 8:22;","Dumbness 2:18,171; 6:39; 8:22;","[189.6, 591.757, 326.6, 601.435]","[0.366094, 0.82798, 0.630624, 0.841521]"
729,714,21,temporary 2:126;6:128; 11:48; 14:30;,temporary 2:126;6:128; 11:48; 14:30;,"[337.2, 580.001, 477.3, 589.705]","[0.651091, 0.811531, 0.921606, 0.825109]"
729,714,21,"15:3; 16:55,117; 26:147,205; 29:66;","15:3; 16:55,117; 26:147,205; 29:66;","[337.2, 589.705, 477.3, 599.409]","[0.651091, 0.825109, 0.921606, 0.838687]"
729,714,21,30:34; 31:24; 39:8; 51:43; 77:46,30:34; 31:24; 39:8; 51:43; 77:46,"[337.2, 599.409, 477.3, 609.114]","[0.651091, 0.838687, 0.921606, 0.852265]"
729,714,21,true 3:15;13:24;15:45;16:53;30:15;,true 3:15;13:24;15:45;16:53;30:15;,"[337.2, 609.114, 477.3, 618.818]","[0.651091, 0.852265, 0.921606, 0.865843]"
729,714,21,"36:56;37:148;38:51;39:34,74;40:40;","36:56;37:148;38:51;39:34,74;40:40;","[337.2, 618.818, 477.3, 628.522]","[0.651091, 0.865843, 0.921606, 0.879421]"
729,714,21,44:55; 52:18; 56:28; 74:40; 76:17;,44:55; 52:18; 56:28; 74:40; 76:17;,"[337.2, 628.522, 477.3, 638.227]","[0.651091, 0.879421, 0.921606, 0.892999]"
729,714,21,77:46; 95:6,77:46; 95:6,"[337.2, 638.227, 477.3, 647.931]","[0.651091, 0.892999, 0.921606, 0.906577]"
729,714,21,Enlightenment 2:66; 3:138: 5:46;,Enlightenment 2:66; 3:138: 5:46;,"[337.2, 647.931, 477.3, 657.635]","[0.651091, 0.906577, 0.921606, 0.920155]"
729,714,22,10:66; 22:9; 29:61; 35:3; 38:26;,10:66; 22:9; 29:61; 35:3; 38:26;,"[41.14, 587.585, 184.9, 597.66]","[0.079436, 0.822142, 0.357019, 0.836239]"
729,714,22,"39:6; 40:62-63,69; 51:9; 53:30; 68:9","39:6; 40:62-63,69; 51:9; 53:30; 68:9","[41.14, 597.66, 184.9, 607.735]","[0.079436, 0.836239, 0.357019, 0.850336]"
729,714,22,"Devils (see also Satan, Jinns)","Devils (see also Satan, Jinns)","[41.14, 607.735, 184.9, 617.81]","[0.079436, 0.850336, 0.357019, 0.864432]"
729,714,22,"as companions 4:38; 7:27; 19:68,","as companions 4:38; 7:27; 19:68,","[41.14, 617.81, 184.9, 627.885]","[0.079436, 0.864432, 0.357019, 0.878529]"
729,714,22,"83; 43:36,38","83; 43:36,38","[41.14, 627.885, 184.9, 637.959]","[0.079436, 0.878529, 0.357019, 0.892625]"
729,714,22,confined in this universe 15:17;37:7,confined in this universe 15:17;37:7,"[41.14, 637.959, 184.9, 648.034]","[0.079436, 0.892625, 0.357019, 0.906722]"
729,714,22,Dignity 3:26; 4:139; 35:10; 63:8,Dignity 3:26; 4:139; 35:10; 63:8,"[41.14, 648.034, 184.9, 658.109]","[0.079436, 0.906722, 0.357019, 0.920819]"
729,714,22,"Disasters 2:156,195; 3:120,165; 4:62,","Disasters 2:156,195; 3:120,165; 4:62,","[41.14, 658.109, 184.9, 668.184]","[0.079436, 0.920819, 0.357019, 0.934915]"
729,714,23,16:76; 17:97,16:76; 17:97,"[189.6, 603.285, 324.712, 612.81]","[0.366094, 0.84411, 0.626978, 0.857437]"
729,714,23,"Dust 3:59; 13:5; 18:37; 22:5; 23:35,82;","Dust 3:59; 13:5; 18:37; 22:5; 23:35,82;","[189.6, 612.81, 324.712, 622.335]","[0.366094, 0.857437, 0.626978, 0.870764]"
729,714,24,"27:67; 30:20; 35:11; 37:16,53; 40:67","27:67; 30:20; 35:11; 37:16,53; 40:67","[189.6, 624.001, 328.3, 633.668]","[0.366094, 0.873095, 0.633906, 0.886621]"
729,714,24,"Duties 2:128,200; 22:29-30,36,67","Duties 2:128,200; 22:29-30,36,67","[189.6, 633.668, 328.3, 643.335]","[0.366094, 0.886621, 0.633906, 0.900147]"
729,714,25,E,E,"[189.6, 652.703, 318.536, 663.863]","[0.366094, 0.913254, 0.615053, 0.92887]"
729,714,25,"Earnings 2:79,275; 3:161; 5:63","Earnings 2:79,275; 3:161; 5:63","[189.6, 663.863, 318.536, 675.024]","[0.366094, 0.92887, 0.615053, 0.944486]"
729,714,25,"Ears 2:19; 4:46,119; 6:25; 7:179,195;","Ears 2:19; 4:46,119; 6:25; 7:179,195;","[189.6, 675.024, 318.536, 686.185]","[0.366094, 0.944486, 0.615053, 0.960102]"
729,714,26,"7:145; 10:57; 11:120; 16:90,125;","7:145; 10:57; 11:120; 16:90,125;","[337.1, 659.301, 462.55, 668.946]","[0.650898, 0.922486, 0.893126, 0.935981]"
729,714,26,21:48; 24:34; 28:43; 45:20,21:48; 24:34; 28:43; 45:20,"[337.1, 668.946, 462.55, 678.59]","[0.650898, 0.935981, 0.893126, 0.949476]"
729,714,26,Enmity (see Hatred),Enmity (see Hatred),"[337.1, 678.59, 462.55, 688.235]","[0.650898, 0.949476, 0.893126, 0.96297]"
729,714,27,72; 13:31; 28:47; 42:30; 64:11,72; 13:31; 28:47; 42:30; 64:11,"[52.2, 670.035, 156.752, 678.035]","[0.100792, 0.937505, 0.302668, 0.948699]"
730,715,1,allegory for belief vs disbelief,allegory for belief vs disbelief,"[191.15, 16.601, 330.1, 26.44]","[0.369087, 0.023228, 0.637382, 0.036995]"
730,715,1,"7:58; 11:24; 13:14,16-17; 14:18,","7:58; 11:24; 13:14,16-17; 14:18,","[191.15, 26.44, 330.1, 36.279]","[0.369087, 0.036995, 0.637382, 0.050762]"
730,715,1,24-26; 16:75-76,24-26; 16:75-76,"[191.15, 36.279, 330.1, 46.119]","[0.369087, 0.050762, 0.637382, 0.064528]"
730,715,1,allegory for believers 48:29,allegory for believers 48:29,"[191.15, 46.119, 330.1, 55.958]","[0.369087, 0.064528, 0.637382, 0.078295]"
730,715,1,"allegory for disbelievers 2:17-20,","allegory for disbelievers 2:17-20,","[191.15, 55.958, 330.1, 65.797]","[0.369087, 0.078295, 0.637382, 0.092062]"
730,715,1,"171; 7:176,179; 24:39-40; 29:41;","171; 7:176,179; 24:39-40; 29:41;","[191.15, 65.797, 330.1, 75.636]","[0.369087, 0.092062, 0.637382, 0.105829]"
730,715,1,39:29; 62:5,39:29; 62:5,"[191.15, 75.636, 330.1, 85.475]","[0.369087, 0.105829, 0.637382, 0.119596]"
730,715,1,allegory for Heaven & Hell,allegory for Heaven & Hell,"[191.15, 85.475, 330.1, 95.314]","[0.369087, 0.119596, 0.637382, 0.133363]"
730,715,1,2:24-26; 13:35; 47:15,2:24-26; 13:35; 47:15,"[191.15, 95.314, 330.1, 105.153]","[0.369087, 0.133363, 0.637382, 0.147129]"
730,715,1,allegory for idols 22:73; 30:28,allegory for idols 22:73; 30:28,"[191.15, 105.153, 330.1, 114.993]","[0.369087, 0.147129, 0.637382, 0.160896]"
730,715,1,allegory for life 10:24; 57:20,allegory for life 10:24; 57:20,"[191.15, 114.993, 330.1, 124.832]","[0.369087, 0.160896, 0.637382, 0.174663]"
730,715,1,allegory for resurrection 50:11,allegory for resurrection 50:11,"[191.15, 124.832, 330.1, 134.671]","[0.369087, 0.174663, 0.637382, 0.18843]"
730,715,1,allegory for truth/falsehood 13:17,allegory for truth/falsehood 13:17,"[191.15, 134.671, 330.1, 144.51]","[0.369087, 0.18843, 0.637382, 0.202197]"
730,715,1,disbelievers as 2:66; 7:175; 8:57;,disbelievers as 2:66; 7:175; 8:57;,"[191.15, 144.51, 330.1, 154.349]","[0.369087, 0.202197, 0.637382, 0.215964]"
730,715,1,"16:60,112","16:60,112","[191.15, 154.349, 330.1, 164.188]","[0.369087, 0.215964, 0.637382, 0.22973]"
730,715,1,messengers & believers as 33:21;,messengers & believers as 33:21;,"[191.15, 164.188, 330.1, 174.027]","[0.369087, 0.22973, 0.637382, 0.243497]"
730,715,1,"40:31; 43:28,46,57-59; 60:4,6; 66:11","40:31; 43:28,46,57-59; 60:4,6; 66:11","[191.15, 174.027, 330.1, 183.867]","[0.369087, 0.243497, 0.637382, 0.257264]"
730,715,1,Torah as 11:17,Torah as 11:17,"[191.15, 183.867, 330.1, 193.706]","[0.369087, 0.257264, 0.637382, 0.271031]"
730,715,1,"Excess 2:219; 17:29,33; 24:60; 47:37","Excess 2:219; 17:29,33; 24:60; 47:37","[191.15, 193.706, 330.1, 203.545]","[0.369087, 0.271031, 0.637382, 0.284798]"
730,715,1,"Excuses 4:34; 9:29; 18:73,76; 27:21;","Excuses 4:34; 9:29; 18:73,76; 27:21;","[191.15, 203.545, 330.1, 213.384]","[0.369087, 0.284798, 0.637382, 0.298564]"
730,715,2,"Enticing, to hell 4:119; 7:202; 15:39;","Enticing, to hell 4:119; 7:202; 15:39;","[40.299, 16.801, 175.642, 26.446]","[0.077812, 0.023508, 0.339143, 0.037002]"
730,715,2,17:64; 41:25,17:64; 41:25,"[40.299, 26.446, 175.642, 36.09]","[0.077812, 0.037002, 0.339143, 0.050497]"
730,715,2,"Entrusting 2:283; 4:5,58; 11:57; 23:8;","Entrusting 2:283; 4:5,58; 11:57; 23:8;","[40.299, 36.09, 175.642, 45.735]","[0.077812, 0.050497, 0.339143, 0.063992]"
730,715,3,"False witness 4:135; 5:8,108; 25:72","False witness 4:135; 5:8,108; 25:72","[339.7, 17.551, 479.11, 27.643]","[0.655918, 0.024557, 0.925101, 0.038677]"
730,715,3,"Falsehood, arguing with 18:56; 40:5","Falsehood, arguing with 18:56; 40:5","[339.7, 27.643, 479.11, 37.734]","[0.655918, 0.038677, 0.925101, 0.052797]"
730,715,3,"belief in 3:71; 4:51,156; 10:32;","belief in 3:71; 4:51,156; 10:32;","[339.7, 37.734, 479.11, 47.825]","[0.655918, 0.052797, 0.925101, 0.066917]"
730,715,3,16:72; 18:56; 29:52; 47:3,16:72; 18:56; 29:52; 47:3,"[339.7, 47.825, 479.11, 57.917]","[0.655918, 0.066917, 0.925101, 0.081036]"
730,715,3,defeat 8:8;17:81;21:18;34:49;40:78,defeat 8:8;17:81;21:18;34:49;40:78,"[339.7, 57.917, 479.11, 68.008]","[0.655918, 0.081036, 0.925101, 0.095156]"
730,715,3,Quran protected from 41:42;42:24,Quran protected from 41:42;42:24,"[339.7, 68.008, 479.11, 78.099]","[0.655918, 0.095156, 0.925101, 0.109276]"
730,715,3,Falsifiers 30:58; 25:31; 30:58; 51:10,Falsifiers 30:58; 25:31; 30:58; 51:10,"[339.7, 78.099, 479.11, 88.191]","[0.655918, 0.109276, 0.925101, 0.123396]"
730,715,3,Families,Families,"[339.7, 88.191, 479.11, 98.282]","[0.655918, 0.123396, 0.925101, 0.137515]"
730,715,4,"46:23; 57:7,26; 66:3","46:23; 57:7,26; 66:3","[40.45, 47.301, 171.87, 57.621]","[0.078104, 0.066183, 0.331859, 0.080623]"
730,715,4,Envy (see also Covet) 113:5,Envy (see also Covet) 113:5,"[40.45, 57.621, 171.87, 67.942]","[0.078104, 0.080623, 0.331859, 0.095064]"
730,715,4,"Ephesus see Cave, people of","Ephesus see Cave, people of","[40.45, 67.942, 171.87, 78.262]","[0.078104, 0.095064, 0.331859, 0.109504]"
730,715,4,"Equality, human 3:195; 4:25,95,124;","Equality, human 3:195; 4:25,95,124;","[40.45, 78.262, 171.87, 88.583]","[0.078104, 0.109504, 0.331859, 0.123944]"
730,715,5,"9:67-68,71-72; 33:35","9:67-68,71-72; 33:35","[40.7, 90.401, 151.3, 100.512]","[0.078587, 0.126488, 0.292141, 0.140635]"
730,715,5,Equipment 4:102; 8:60; 13:17,Equipment 4:102; 8:60; 13:17,"[40.7, 100.512, 151.3, 110.623]","[0.078587, 0.140635, 0.292141, 0.154782]"
730,715,5,Equitable,Equitable,"[40.7, 110.623, 151.3, 120.734]","[0.078587, 0.154782, 0.292141, 0.16893]"
730,715,6,as test 48:11; 58:22; 63:9,as test 48:11; 58:22; 63:9,"[339.85, 100.201, 467.7, 110.086]","[0.656208, 0.1402, 0.90307, 0.154032]"
730,715,6,exhorting 2:132-133; 19:55;,exhorting 2:132-133; 19:55;,"[339.85, 110.086, 467.7, 119.972]","[0.656208, 0.154032, 0.90307, 0.167863]"
730,715,6,20:132; 64:14-15,20:132; 64:14-15,"[339.85, 119.972, 467.7, 129.857]","[0.656208, 0.167863, 0.90307, 0.181694]"
730,715,6,losing 39:15; 42:45,losing 39:15; 42:45,"[339.85, 129.857, 467.7, 139.742]","[0.656208, 0.181694, 0.90307, 0.195526]"
730,715,6,payment to victim’s family 4:92,payment to victim’s family 4:92,"[339.85, 139.742, 467.7, 149.627]","[0.656208, 0.195526, 0.90307, 0.209357]"
730,715,6,saving from hell 7:83; 66:6,saving from hell 7:83; 66:6,"[339.85, 149.627, 467.7, 159.513]","[0.656208, 0.209357, 0.90307, 0.223188]"
730,715,6,Famine 5:3; 7:130,Famine 5:3; 7:130,"[339.85, 159.513, 467.7, 169.398]","[0.656208, 0.223188, 0.90307, 0.23702]"
730,715,6,"Fasting 2:184-187; 2:196; 5:89,95;","Fasting 2:184-187; 2:196; 5:89,95;","[339.85, 169.398, 467.7, 179.283]","[0.656208, 0.23702, 0.90307, 0.250851]"
730,715,7,"in divorce 2:228,233,236,241; 65:2","in divorce 2:228,233,236,241; 65:2","[41.159, 122.551, 177.9, 132.313]","[0.079473, 0.171472, 0.343503, 0.185131]"
730,715,7,"in dowry 4:4,25","in dowry 4:4,25","[41.159, 132.313, 177.9, 142.075]","[0.079473, 0.185131, 0.343503, 0.19879]"
730,715,7,in inheritance 5:106,in inheritance 5:106,"[41.159, 142.075, 177.9, 151.837]","[0.079473, 0.19879, 0.343503, 0.212449]"
730,715,7,in compensatig victims 2:178,in compensatig victims 2:178,"[41.159, 151.837, 177.9, 161.599]","[0.079473, 0.212449, 0.343503, 0.226108]"
730,715,7,in polygamy 4:3,in polygamy 4:3,"[41.159, 161.599, 177.9, 171.361]","[0.079473, 0.226108, 0.343503, 0.239767]"
730,715,7,"with orphans 4:9,127; 33:5","with orphans 4:9,127; 33:5","[41.159, 171.361, 177.9, 181.124]","[0.079473, 0.239767, 0.343503, 0.253426]"
730,715,7,when loaning money 2:282,when loaning money 2:282,"[41.159, 181.124, 177.9, 190.886]","[0.079473, 0.253426, 0.343503, 0.267085]"
730,715,7,when weigh 11:85; 26:182; 55:9,when weigh 11:85; 26:182; 55:9,"[41.159, 190.886, 177.9, 200.648]","[0.079473, 0.267085, 0.343503, 0.280744]"
730,715,7,"when witnessingd 4:58; 5:8,42,95;","when witnessingd 4:58; 5:8,42,95;","[41.159, 200.648, 177.9, 210.41]","[0.079473, 0.280744, 0.343503, 0.294403]"
730,715,7,"6:152; 38:22,26; 39:69; 70:33","6:152; 38:22,26; 39:69; 70:33","[41.159, 210.41, 177.9, 220.172]","[0.079473, 0.294403, 0.343503, 0.308062]"
730,715,7,"Equivalence 2:178-179,194; 5:45,95;","Equivalence 2:178-179,194; 5:45,95;","[41.159, 220.172, 177.9, 229.934]","[0.079473, 0.308062, 0.343503, 0.321721]"
730,715,8,19:26; 58:4,19:26; 58:4,"[339.85, 181.101, 391.749, 190.643]","[0.656208, 0.253395, 0.756418, 0.266745]"
730,715,8,Father,Father,"[339.85, 190.643, 391.749, 200.184]","[0.656208, 0.266745, 0.756418, 0.280095]"
730,715,9,Abraham as father of Islam 22:78,Abraham as father of Islam 22:78,"[339.95, 202.001, 480.8, 211.82]","[0.656401, 0.282638, 0.928365, 0.296376]"
730,715,9,Abraham’s 6:74; 9:114; 19:42-45;,Abraham’s 6:74; 9:114; 19:42-45;,"[339.95, 211.82, 480.8, 221.639]","[0.656401, 0.296376, 0.928365, 0.310115]"
730,715,9,"21:52; 26:70,86; 37:85; 43:26; 60:4","21:52; 26:70,86; 37:85; 43:26; 60:4","[339.95, 221.639, 480.8, 231.458]","[0.656401, 0.310115, 0.928365, 0.323853]"
730,715,9,can’t help in Hereafter 31:33;80:35,can’t help in Hereafter 31:33;80:35,"[339.95, 231.458, 480.8, 241.277]","[0.656401, 0.323853, 0.928365, 0.337591]"
730,715,9,in divorce 2:233,in divorce 2:233,"[339.95, 241.277, 480.8, 251.095]","[0.656401, 0.337591, 0.928365, 0.35133]"
730,715,9,Fatigue 15:48; 50:38,Fatigue 15:48; 50:38,"[339.95, 251.095, 480.8, 260.914]","[0.656401, 0.35133, 0.928365, 0.365068]"
730,715,9,Favoritism 2:254; 7:53; 10:18; 14:31;,Favoritism 2:254; 7:53; 10:18; 14:31;,"[339.95, 260.914, 480.8, 270.733]","[0.656401, 0.365068, 0.928365, 0.378807]"
730,715,10,30:57; 41:24; 75:15,30:57; 41:24; 75:15,"[191.3, 214.951, 331.39, 225.306]","[0.369376, 0.300757, 0.639873, 0.315246]"
730,715,10,Expansion of the Universe 51:47,Expansion of the Universe 51:47,"[191.3, 225.306, 331.39, 235.661]","[0.369376, 0.315246, 0.639873, 0.329735]"
730,715,10,"Expiation 2:196;4:92;5:89,95;9:29;58:3","Expiation 2:196;4:92;5:89,95;9:29;58:3","[191.3, 235.661, 331.39, 246.017]","[0.369376, 0.329735, 0.639873, 0.344224]"
730,715,10,"Explanation, of revelations 2:242,","Explanation, of revelations 2:242,","[191.3, 246.017, 331.39, 256.372]","[0.369376, 0.344224, 0.639873, 0.358713]"
730,715,10,"266; 3:103,118; 4:176; 5:75,89;","266; 3:103,118; 4:176; 5:75,89;","[191.3, 256.372, 331.39, 266.727]","[0.369376, 0.358713, 0.639873, 0.373202]"
730,715,10,"6:46,55,97,105,126; 7:32,58,174;","6:46,55,97,105,126; 7:32,58,174;","[191.3, 266.727, 331.39, 277.083]","[0.369376, 0.373202, 0.639873, 0.387691]"
730,715,10,"9:11,73; 10:5; 13:2; 16:89; 25:50;","9:11,73; 10:5; 13:2; 16:89; 25:50;","[191.3, 277.083, 331.39, 287.438]","[0.369376, 0.387691, 0.639873, 0.40218]"
730,715,10,30:28; 44:4; 57:17; 75:19,30:28; 44:4; 57:17; 75:19,"[191.3, 287.438, 331.39, 297.793]","[0.369376, 0.40218, 0.639873, 0.416669]"
730,715,10,Explosion (Big Bang Theory) 21:30,Explosion (Big Bang Theory) 21:30,"[191.3, 297.793, 331.39, 308.148]","[0.369376, 0.416669, 0.639873, 0.431158]"
730,715,10,"Exposing, disbelievers 3:167; 6:28,55,","Exposing, disbelievers 3:167; 6:28,55,","[191.3, 308.148, 331.39, 318.504]","[0.369376, 0.431158, 0.639873, 0.445647]"
730,715,10,"113; 9:64; 22:53; 33:12; 47:20,29;","113; 9:64; 22:53; 33:12; 47:20,29;","[191.3, 318.504, 331.39, 328.859]","[0.369376, 0.445647, 0.639873, 0.460136]"
730,715,10,68:42; 69:18; 74:31,68:42; 69:18; 74:31,"[191.3, 328.859, 331.39, 339.214]","[0.369376, 0.460136, 0.639873, 0.474624]"
730,715,10,Extravagance 4:6; 6:141; 7:31; 17:26-,Extravagance 4:6; 6:141; 7:31; 17:26-,"[191.3, 339.214, 331.39, 349.569]","[0.369376, 0.474624, 0.639873, 0.489113]"
730,715,10,27; 25:67,27; 25:67,"[191.3, 349.569, 331.39, 359.925]","[0.369376, 0.489113, 0.639873, 0.503602]"
730,715,10,"Exultation, of hearts 13:28","Exultation, of hearts 13:28","[191.3, 359.925, 331.39, 370.28]","[0.369376, 0.503602, 0.639873, 0.518091]"
730,715,10,Eyes,Eyes,"[191.3, 370.28, 331.39, 380.635]","[0.369376, 0.518091, 0.639873, 0.53258]"
730,715,11,8:58; 16:126; 42:40,8:58; 16:126; 42:40,"[41.16, 231.601, 183.9, 241.811]","[0.079475, 0.324053, 0.355088, 0.338339]"
730,715,11,"Escape, none from God 6:134; 9:2-","Escape, none from God 6:134; 9:2-","[41.16, 241.811, 183.9, 252.021]","[0.079475, 0.338339, 0.355088, 0.352625]"
730,715,11,"3,118; 10:53; 11:20,33; 16:46; 24:57;","3,118; 10:53; 11:20,33; 16:46; 24:57;","[41.16, 252.021, 183.9, 262.231]","[0.079475, 0.352625, 0.355088, 0.366911]"
730,715,11,29:22; 34:51; 35:44; 39:51; 42:31;,29:22; 34:51; 35:44; 39:51; 42:31;,"[41.16, 262.231, 183.9, 272.441]","[0.079475, 0.366911, 0.355088, 0.381197]"
730,715,11,46:32; 50:36; 72:12; 75:10-11,46:32; 50:36; 72:12; 75:10-11,"[41.16, 272.441, 183.9, 282.651]","[0.079475, 0.381197, 0.355088, 0.395483]"
730,715,11,Estrangement 2:226;4:24;33:4;58:2-3,Estrangement 2:226;4:24;33:4;58:2-3,"[41.16, 282.651, 183.9, 292.861]","[0.079475, 0.395483, 0.355088, 0.409768]"
730,715,11,"Eternity, of Hereafter 2:162,257;","Eternity, of Hereafter 2:162,257;","[41.16, 292.861, 183.9, 303.072]","[0.079475, 0.409768, 0.355088, 0.424054]"
730,715,11,"5:37,80; 9:21,68; 10:52; 11:107-108;","5:37,80; 9:21,68; 10:52; 11:107-108;","[41.16, 303.072, 183.9, 313.282]","[0.079475, 0.424054, 0.355088, 0.43834]"
730,715,11,"13:35; 25:15,69,76; 28:60; 32:14,19;","13:35; 25:15,69,76; 28:60; 32:14,19;","[41.16, 313.282, 183.9, 323.492]","[0.079475, 0.43834, 0.355088, 0.452626]"
730,715,11,35:35; 37:9; 39:40; 40:39; 41:28;,35:35; 37:9; 39:40; 40:39; 41:28;,"[41.16, 323.492, 183.9, 333.702]","[0.079475, 0.452626, 0.355088, 0.466912]"
730,715,11,42:45; 50:34; 59:17; 89:24,42:45; 50:34; 59:17; 89:24,"[41.16, 333.702, 183.9, 343.912]","[0.079475, 0.466912, 0.355088, 0.481198]"
730,715,11,Etiquitte 4:86;24:58;33:53;49:l-5;58:8,Etiquitte 4:86;24:58;33:53;49:l-5;58:8,"[41.16, 343.912, 183.9, 354.122]","[0.079475, 0.481198, 0.355088, 0.495483]"
730,715,11,Evading,Evading,"[41.16, 354.122, 183.9, 364.332]","[0.079475, 0.495483, 0.355088, 0.509769]"
730,715,12,20:109;21:28;36:23;53:26;74:48,20:109;21:28;36:23;53:26;74:48,"[340.1, 272.551, 470.5, 282.534]","[0.656691, 0.38135, 0.908477, 0.395319]"
730,715,12,"Favors, of God 2:211; 3:103; 5:3,6,","Favors, of God 2:211; 3:103; 5:3,6,","[340.1, 282.534, 470.5, 292.517]","[0.656691, 0.395319, 0.908477, 0.409287]"
730,715,12,"11,20,110; 7:74; 12:6; 14:28; 35:3","11,20,110; 7:74; 12:6; 14:28; 35:3","[340.1, 292.517, 470.5, 302.5]","[0.656691, 0.409287, 0.908477, 0.423255]"
730,715,12,Fear,Fear,"[340.1, 302.5, 470.5, 312.483]","[0.656691, 0.423255, 0.908477, 0.437223]"
730,715,13,"fear only God 2:150; 3:28,30,175;","fear only God 2:150; 3:28,30,175;","[340.3, 314.201, 480.55, 324.082]","[0.657077, 0.439627, 0.927882, 0.453452]"
730,715,13,"4:77; 5:3,28,44; 6:15,80; 8:48; 9:18;","4:77; 5:3,28,44; 6:15,80; 8:48; 9:18;","[340.3, 324.082, 480.55, 333.963]","[0.657077, 0.453452, 0.927882, 0.467277]"
730,715,13,"10:15; 13:21; 33:39; 39:13,16; 59:16","10:15; 13:21; 33:39; 39:13,16; 59:16","[340.3, 333.963, 480.55, 343.844]","[0.657077, 0.467277, 0.927882, 0.481102]"
730,715,13,"none for believers 2:38,62,112,","none for believers 2:38,62,112,","[340.3, 343.844, 480.55, 353.724]","[0.657077, 0.481102, 0.927882, 0.494927]"
730,715,13,"262,274,277; 3:170; 5:69; 9:91:","262,274,277; 3:170; 5:69; 9:91:","[340.3, 353.724, 480.55, 363.605]","[0.657077, 0.494927, 0.927882, 0.508752]"
730,715,13,"10:62; 20:68,112; 27:10; 28:31;","10:62; 20:68,112; 27:10; 28:31;","[340.3, 363.605, 480.55, 373.486]","[0.657077, 0.508752, 0.927882, 0.522577]"
730,715,13,41:30; 46:13; 48:27; 72:13,41:30; 46:13; 48:27; 72:13,"[340.3, 373.486, 480.55, 383.367]","[0.657077, 0.522577, 0.927882, 0.536402]"
730,715,13,Satan instills 3:175,Satan instills 3:175,"[340.3, 383.367, 480.55, 393.247]","[0.657077, 0.536402, 0.927882, 0.550227]"
730,715,13,as test 2:155; 3:173; 13:21; 17:31,as test 2:155; 3:173; 13:21; 17:31,"[340.3, 393.247, 480.55, 403.128]","[0.657077, 0.550227, 0.927882, 0.564052]"
730,715,13,"Feast, for Jesus & disciples 5:112-115","Feast, for Jesus & disciples 5:112-115","[340.3, 403.128, 480.55, 413.009]","[0.657077, 0.564052, 0.927882, 0.577878]"
730,715,13,"Feeding the poor 2:184; 5:89,95;","Feeding the poor 2:184; 5:89,95;","[340.3, 413.009, 480.55, 422.89]","[0.657077, 0.577878, 0.927882, 0.591703]"
730,715,13,"22:28,36; 36:47; 58:4; 69:34; 74:44;","22:28,36; 36:47; 58:4; 69:34; 74:44;","[340.3, 422.89, 480.55, 432.771]","[0.657077, 0.591703, 0.927882, 0.605528]"
730,715,13,76:9; 89:18; 90:14; 107:3,76:9; 89:18; 90:14; 107:3,"[340.3, 432.771, 480.55, 442.651]","[0.657077, 0.605528, 0.927882, 0.619353]"
730,715,13,"Feet 4:72; 5:6,33,66; 6:65; 7:124;","Feet 4:72; 5:6,33,66; 6:65; 7:124;","[340.3, 442.651, 480.55, 452.532]","[0.657077, 0.619353, 0.927882, 0.633178]"
730,715,14,death 2:19; 18:58; 50:19,death 2:19; 18:58; 50:19,"[40.8, 366.001, 177.19, 376.214]","[0.07878, 0.512104, 0.342132, 0.526395]"
730,715,14,hell 4:121; 21:40; 42:45; 18:53,hell 4:121; 21:40; 42:45; 18:53,"[40.8, 376.214, 177.19, 386.428]","[0.07878, 0.526395, 0.342132, 0.540685]"
730,715,14,retribution 3:188; 8:59; 11:8;,retribution 3:188; 8:59; 11:8;,"[40.8, 386.428, 177.19, 396.641]","[0.07878, 0.540685, 0.342132, 0.554976]"
730,715,14,12:110; 34:46,12:110; 34:46,"[40.8, 396.641, 177.19, 406.855]","[0.07878, 0.554976, 0.342132, 0.569266]"
730,715,14,vain talk 25:72,vain talk 25:72,"[40.8, 406.855, 177.19, 417.068]","[0.07878, 0.569266, 0.342132, 0.583557]"
730,715,14,Evaporation 25:53,Evaporation 25:53,"[40.8, 417.068, 177.19, 427.281]","[0.07878, 0.583557, 0.342132, 0.597847]"
730,715,14,"Eve 2:35; 4:1; 7:19,189; 20:117; 39:6;","Eve 2:35; 4:1; 7:19,189; 20:117; 39:6;","[40.8, 427.281, 177.19, 437.495]","[0.07878, 0.597847, 0.342132, 0.612138]"
730,715,14,49:13,49:13,"[40.8, 437.495, 177.19, 447.708]","[0.07878, 0.612138, 0.342132, 0.626428]"
730,715,14,Evening 30:18; 38:31,Evening 30:18; 38:31,"[40.8, 447.708, 177.19, 457.922]","[0.07878, 0.626428, 0.342132, 0.640719]"
730,715,14,Eviction,Eviction,"[40.8, 457.922, 177.19, 468.135]","[0.07878, 0.640719, 0.342132, 0.655009]"
730,715,15,eye for eye 5:45,eye for eye 5:45,"[191.631, 382.201, 324.881, 391.949]","[0.370016, 0.534771, 0.627305, 0.548411]"
730,715,15,subdue 24:30-31,subdue 24:30-31,"[191.631, 391.949, 324.881, 401.697]","[0.370016, 0.548411, 0.627305, 0.56205]"
730,715,15,tears flooding 5:83; 9:92,tears flooding 5:83; 9:92,"[191.631, 401.697, 324.881, 411.445]","[0.370016, 0.56205, 0.627305, 0.57569]"
730,715,15,veilded or decieved 2:212; 3:14;,veilded or decieved 2:212; 3:14;,"[191.631, 411.445, 324.881, 421.194]","[0.370016, 0.57569, 0.627305, 0.589329]"
730,715,15,"6:43,108,122; 7:116,179,195; 8:44;","6:43,108,122; 7:116,179,195; 8:44;","[191.631, 421.194, 324.881, 430.942]","[0.370016, 0.589329, 0.627305, 0.602969]"
730,715,15,9:37; 10:12; 13:33; 15:15; 16:63;,9:37; 10:12; 13:33; 15:15; 16:63;,"[191.631, 430.942, 324.881, 440.69]","[0.370016, 0.602969, 0.627305, 0.616608]"
730,715,15,18:101; 22:46; 27:4; 29:38; 36:66;,18:101; 22:46; 27:4; 29:38; 36:66;,"[191.631, 440.69, 324.881, 450.438]","[0.370016, 0.616608, 0.627305, 0.630248]"
730,715,15,"40:37; 45:23; 47:14,23","40:37; 45:23; 47:14,23","[191.631, 450.438, 324.881, 460.186]","[0.370016, 0.630248, 0.627305, 0.643887]"
730,715,15,Ezra 9:30,Ezra 9:30,"[191.631, 460.186, 324.881, 469.934]","[0.370016, 0.643887, 0.627305, 0.657527]"
730,715,16,"20:71; 24:24,31,45; ; 29:55; 36:65;","20:71; 24:24,31,45;; 29:55; 36:65;","[340.301, 454.351, 472.89, 463.979]","[0.657079, 0.635723, 0.913091, 0.649194]"
730,715,16,38:42; 41:29; 55:41,38:42; 41:29; 55:41,"[340.301, 463.979, 472.89, 473.607]","[0.657079, 0.649194, 0.913091, 0.662666]"
730,715,16,Females (see also Women),Females (see also Women),"[340.301, 473.607, 472.89, 483.235]","[0.657079, 0.662666, 0.913091, 0.676137]"
730,715,17,"from heaven 2:36; 7:18,27; 15:48;","from heaven 2:36; 7:18,27; 15:48;","[40.549, 469.701, 185.35, 479.568]","[0.078295, 0.6572, 0.357888, 0.671006]"
730,715,17,20:117,20:117,"[40.549, 479.568, 185.35, 489.434]","[0.078295, 0.671006, 0.357888, 0.684811]"
730,715,17,"from homes 2:84-85,191,217; 22:40;","from homes 2:84-85,191,217; 22:40;","[40.549, 489.434, 185.35, 499.301]","[0.078295, 0.684811, 0.357888, 0.698616]"
730,715,17,65:1,65:1,"[40.549, 499.301, 185.35, 509.168]","[0.078295, 0.698616, 0.357888, 0.712421]"
730,715,17,Evils,Evils,"[40.549, 509.168, 185.35, 519.034]","[0.078295, 0.712421, 0.357888, 0.726227]"
730,715,18,F,F,"[191.39, 479.002, 330.79, 489.521]","[0.36955, 0.670214, 0.638714, 0.684932]"
730,715,18,Fabrications (see also Falsehood),Fabrications (see also Falsehood),"[191.39, 489.521, 330.79, 500.04]","[0.36955, 0.684932, 0.638714, 0.69965]"
730,715,18,"falsehood 6:138; 11:13,21; 12:111;","falsehood 6:138; 11:13,21; 12:111;","[191.39, 500.04, 330.79, 510.559]","[0.36955, 0.69965, 0.638714, 0.714368]"
730,715,18,16:56; 20:61,16:56; 20:61,"[191.39, 510.559, 330.79, 521.078]","[0.36955, 0.714368, 0.638714, 0.729086]"
730,715,18,idols 6:22; 16:87,idols 6:22; 16:87,"[191.39, 521.078, 330.79, 531.597]","[0.36955, 0.729086, 0.638714, 0.743804]"
730,715,18,magic 7:117;20:69;25:4;26:45;28:36,magic 7:117;20:69;25:4;26:45;28:36,"[191.39, 531.597, 330.79, 542.116]","[0.36955, 0.743804, 0.638714, 0.758523]"
730,715,18,Faces,Faces,"[191.39, 542.116, 330.79, 552.635]","[0.36955, 0.758523, 0.638714, 0.773241]"
730,715,19,equality 3:195; 4:124; 5:38; 16:97;,equality 3:195; 4:124; 5:38; 16:97;,"[340.3, 485.051, 479.69, 495.149]","[0.657077, 0.678678, 0.926221, 0.692806]"
730,715,19,40:40,40:40,"[340.3, 495.149, 479.69, 505.246]","[0.657077, 0.692806, 0.926221, 0.706934]"
730,715,19,idols 4:117; 43:19; 53:27,idols 4:117; 43:19; 53:27,"[340.3, 505.246, 479.69, 515.343]","[0.657077, 0.706934, 0.926221, 0.721062]"
730,715,19,"inheritance 4:11,176","inheritance 4:11,176","[340.3, 515.343, 479.69, 525.441]","[0.657077, 0.721062, 0.926221, 0.73519]"
730,715,19,"Fetus (see also Embryo) 22:2,5;41:47","Fetus (see also Embryo) 22:2,5;41:47","[340.3, 525.441, 479.69, 535.538]","[0.657077, 0.73519, 0.926221, 0.749319]"
730,715,19,Feuding,Feuding,"[340.3, 535.538, 479.69, 545.635]","[0.657077, 0.749319, 0.926221, 0.763447]"
730,715,20,"defined 2:102,114,140,219; 5:60,62;","defined 2:102,114,140,219; 5:60,62;","[39.35, 520.351, 185.35, 530.23]","[0.07598, 0.728069, 0.357888, 0.741892]"
730,715,20,"6:93,144,157; 9:9; 10:17; 11:18;","6:93,144,157; 9:9; 10:17; 11:18;","[39.35, 530.23, 185.35, 540.109]","[0.07598, 0.741892, 0.357888, 0.755714]"
730,715,20,18:57; 61:7; 63:2,18:57; 61:7; 63:2,"[39.35, 540.109, 185.35, 549.988]","[0.07598, 0.755714, 0.357888, 0.769537]"
730,715,20,"devil encourages 2:169,268; 9:37;","devil encourages 2:169,268; 9:37;","[39.35, 549.988, 185.35, 559.867]","[0.07598, 0.769537, 0.357888, 0.783359]"
730,715,20,24:21; 35:8; 40:37; 47:14,24:21; 35:8; 40:37; 47:14,"[39.35, 559.867, 185.35, 569.746]","[0.07598, 0.783359, 0.357888, 0.797182]"
730,715,20,"escaping 11:114; 12:24-34,53; 13:22;","escaping 11:114; 12:24-34,53; 13:22;","[39.35, 569.746, 185.35, 579.625]","[0.07598, 0.797182, 0.357888, 0.811004]"
730,715,20,27:11; 28:54; 29:45; 40:45,27:11; 28:54; 29:45; 40:45,"[39.35, 579.625, 185.35, 589.504]","[0.07598, 0.811004, 0.357888, 0.824827]"
730,715,20,"forbidding 3:104,110,114; 9:71,112;","forbidding 3:104,110,114; 9:71,112;","[39.35, 589.504, 185.35, 599.383]","[0.07598, 0.824827, 0.357888, 0.838649]"
730,715,20,22:41; 31:17; 42:37,22:41; 31:17; 42:37,"[39.35, 599.383, 185.35, 609.262]","[0.07598, 0.838649, 0.357888, 0.852472]"
730,715,20,"God never advocates 7:28,33;","God never advocates 7:28,33;","[39.35, 609.262, 185.35, 619.14]","[0.07598, 0.852472, 0.357888, 0.866294]"
730,715,20,16:90; 17:38,16:90; 17:38,"[39.35, 619.14, 185.35, 629.019]","[0.07598, 0.866294, 0.357888, 0.880117]"
730,715,20,"results of 2:81; 4:85,123,168; 6:120;","results of 2:81; 4:85,123,168; 6:120;","[39.35, 629.019, 185.35, 638.898]","[0.07598, 0.880117, 0.357888, 0.893939]"
730,715,20,17:7; 18:87; 21:77; 25:19; 27:90;,17:7; 18:87; 21:77; 25:19; 27:90;,"[39.35, 638.898, 185.35, 648.777]","[0.07598, 0.893939, 0.357888, 0.907762]"
730,715,20,"28:84; 35:10,43; 51:59; 99:8","28:84; 35:10,43; 51:59; 99:8","[39.35, 648.777, 185.35, 658.656]","[0.07598, 0.907762, 0.357888, 0.921584]"
730,715,20,Evolution 7:11; 15:28-29; 18:37;,Evolution 7:11; 15:28-29; 18:37;,"[39.35, 658.656, 185.35, 668.535]","[0.07598, 0.921584, 0.357888, 0.935407]"
730,715,21,in heavenly society 38:69,in heavenly society 38:69,"[340.45, 547.351, 444.7, 557.89]","[0.657366, 0.765848, 0.85866, 0.780594]"
730,715,21,in hell 38:64; 50:28,in hell 38:64; 50:28,"[340.45, 557.89, 444.7, 568.429]","[0.657366, 0.780594, 0.85866, 0.79534]"
730,715,21,"Fifth 24:7,9","Fifth 24:7,9","[340.45, 568.429, 444.7, 578.968]","[0.657366, 0.79534, 0.85866, 0.810086]"
730,715,21,Fifty 29:14; 70:4,Fifty 29:14; 70:4,"[340.45, 578.968, 444.7, 589.507]","[0.657366, 0.810086, 0.85866, 0.824832]"
730,715,21,Fig 95:1,Fig 95:1,"[340.45, 589.507, 444.7, 600.046]","[0.657366, 0.824832, 0.85866, 0.839578]"
730,715,21,Fighting (see also War),Fighting (see also War),"[340.45, 600.046, 444.7, 610.585]","[0.657366, 0.839578, 0.85866, 0.854324]"
730,715,22,"happy 3:106,107; 10:26; 48:29;","happy 3:106,107; 10:26; 48:29;","[191.13, 554.201, 332.84, 564.07]","[0.369048, 0.775432, 0.642672, 0.789241]"
730,715,22,75:22; 80:38; 83:24; 88:8,75:22; 80:38; 83:24; 88:8,"[191.13, 564.07, 332.84, 573.939]","[0.369048, 0.789241, 0.642672, 0.80305]"
730,715,22,miserable 3:106; 8:50; 10:27; 14:50;,miserable 3:106; 8:50; 10:27; 14:50;,"[191.13, 573.939, 332.84, 583.809]","[0.369048, 0.80305, 0.642672, 0.816858]"
730,715,22,16:58; 18:29; 21:39; 22:72; 39:60;,16:58; 18:29; 21:39; 22:72; 39:60;,"[191.13, 583.809, 332.84, 593.678]","[0.369048, 0.816858, 0.642672, 0.830667]"
730,715,22,47:27; 67:27; 75:24; 80:40; 88:2,47:27; 67:27; 75:24; 80:40; 88:2,"[191.13, 593.678, 332.84, 603.547]","[0.369048, 0.830667, 0.642672, 0.844476]"
730,715,22,washing 4:43; 5:6,washing 4:43; 5:6,"[191.13, 603.547, 332.84, 613.416]","[0.369048, 0.844476, 0.642672, 0.858285]"
730,715,22,Faith,Faith,"[191.13, 613.416, 332.84, 623.285]","[0.369048, 0.858285, 0.642672, 0.872094]"
730,715,23,"in cause of God 2:190-194,244;","in cause of God 2:190-194,244;","[340.3, 612.151, 477.09, 622.349]","[0.657077, 0.856515, 0.921201, 0.870784]"
730,715,23,"3:13,167,173,195; 4:74-76,84; 5:33;","3:13,167,173,195; 4:74-76,84; 5:33;","[340.3, 622.349, 477.09, 632.547]","[0.657077, 0.870784, 0.921201, 0.885052]"
730,715,23,"8:39; 9:12-14,29,36,111,123; 48:22","8:39; 9:12-14,29,36,111,123; 48:22","[340.3, 632.547, 477.09, 642.744]","[0.657077, 0.885052, 0.921201, 0.899321]"
730,715,23,in hell 7:38-39,in hell 7:38-39,"[340.3, 642.744, 477.09, 652.942]","[0.657077, 0.899321, 0.921201, 0.913589]"
730,715,23,"test 2:246,249-251; 3:167,173;4:77","test 2:246,249-251; 3:167,173;4:77","[340.3, 652.942, 477.09, 663.14]","[0.657077, 0.913589, 0.921201, 0.927858]"
730,715,23,Fingerprints 75:4,Fingerprints 75:4,"[340.3, 663.14, 477.09, 673.338]","[0.657077, 0.927858, 0.921201, 0.942126]"
730,715,23,Fingers 2:19; 3:119; 8:12; 71:7; 75:4,Fingers 2:19; 3:119; 8:12; 71:7; 75:4,"[340.3, 673.338, 477.09, 683.535]","[0.657077, 0.942126, 0.921201, 0.956395]"
730,715,24,"accepting 3:193; 42:52; 49:11,17","accepting 3:193; 42:52; 49:11,17","[191.05, 624.601, 329.6, 634.382]","[0.368894, 0.873935, 0.636416, 0.88762]"
730,715,24,"rejecting 5:5; 9:12,23,124; 30:60;","rejecting 5:5; 9:12,23,124; 30:60;","[191.05, 634.382, 329.6, 644.162]","[0.368894, 0.88762, 0.636416, 0.901305]"
730,715,24,95:7; 107:1,95:7; 107:1,"[191.05, 644.162, 329.6, 653.943]","[0.368894, 0.901305, 0.636416, 0.91499]"
730,715,24,"strengthening 3:173,186; 5:93; 8:2;","strengthening 3:173,186; 5:93; 8:2;","[191.05, 653.943, 329.6, 663.724]","[0.368894, 0.91499, 0.636416, 0.928675]"
730,715,24,9:124; 33:22; 48:4; 58:22; 74:31,9:124; 33:22; 48:4; 58:22; 74:31,"[191.05, 663.724, 329.6, 673.505]","[0.368894, 0.928675, 0.636416, 0.94236]"
730,715,24,"Faithful, God is 59:23","Faithful, God is 59:23","[191.05, 673.505, 329.6, 683.285]","[0.368894, 0.94236, 0.636416, 0.956045]"
730,715,25,23:12-15; 24:45,23:12-15; 24:45,"[39.25, 670.601, 147.778, 680.068]","[0.075787, 0.938297, 0.285341, 0.951543]"
730,715,25,Examples (see also Lessons),Examples (see also Lessons),"[39.25, 680.068, 147.778, 689.534]","[0.075787, 0.951543, 0.285341, 0.964788]"
731,716,1,Fire 7:12; 13:17; 15:27; 20:10; 21:69;,Fire 7:12; 13:17; 15:27; 20:10; 21:69;,"[37.549, 16.351, 179.938, 27.246]","[0.072502, 0.022878, 0.347438, 0.038123]"
731,716,1,27:7; 28:29; 29:24; 37:97; 38:76;,27:7; 28:29; 29:24; 37:97; 38:76;,"[37.549, 27.246, 179.938, 38.142]","[0.072502, 0.038123, 0.347438, 0.053368]"
731,716,1,"55:15,35; 56:71; 85:5","55:15,35; 56:71; 85:5","[37.549, 38.142, 179.938, 49.038]","[0.072502, 0.053368, 0.347438, 0.068613]"
731,716,1,"Fish 7:163; 18:61,63;21:87;37:142;68:48","Fish 7:163; 18:61,63;21:87;37:142;68:48","[37.549, 49.038, 179.938, 59.933]","[0.072502, 0.068613, 0.347438, 0.083858]"
731,716,1,Fishing 5:96; 18:79,Fishing 5:96; 18:79,"[37.549, 59.933, 179.938, 70.829]","[0.072502, 0.083858, 0.347438, 0.099103]"
731,716,1,"Fist, of God 39:67","Fist, of God 39:67","[37.549, 70.829, 179.938, 81.724]","[0.072502, 0.099103, 0.347438, 0.114348]"
731,716,1,Five 18:22; 58:7,Five 18:22; 58:7,"[37.549, 81.724, 179.938, 92.62]","[0.072502, 0.114348, 0.347438, 0.129592]"
731,716,1,Five-thousand 3:125,Five-thousand 3:125,"[37.549, 92.62, 179.938, 103.515]","[0.072502, 0.129592, 0.347438, 0.144837]"
731,716,1,Flawless 10:36; 18:1; 50:6; 67:3,Flawless 10:36; 18:1; 50:6; 67:3,"[37.549, 103.515, 179.938, 114.411]","[0.072502, 0.144837, 0.347438, 0.160082]"
731,716,1,Flesh 2:259; 23:14; 49:12,Flesh 2:259; 23:14; 49:12,"[37.549, 114.411, 179.938, 125.306]","[0.072502, 0.160082, 0.347438, 0.175327]"
731,716,1,Flood 7:133; 29:14; 34:16; 69:11,Flood 7:133; 29:14; 34:16; 69:11,"[37.549, 125.306, 179.938, 136.202]","[0.072502, 0.175327, 0.347438, 0.190572]"
731,716,1,Fly 22:73,Fly 22:73,"[37.549, 136.202, 179.938, 147.097]","[0.072502, 0.190572, 0.347438, 0.205817]"
731,716,1,Foam 13:17,Foam 13:17,"[37.549, 147.097, 179.938, 157.993]","[0.072502, 0.205817, 0.347438, 0.221062]"
731,716,1,"Folding, of heavens 21:104; 39:67","Folding, of heavens 21:104; 39:67","[37.549, 157.993, 179.938, 168.888]","[0.072502, 0.221062, 0.347438, 0.236307]"
731,716,1,Followers,Followers,"[37.549, 168.888, 179.938, 179.784]","[0.072502, 0.236307, 0.347438, 0.251552]"
731,716,2,"Forgiver, God is 2:173,182,192,199,","Forgiver, God is 2:173,182,192,199,","[187.56, 17.401, 331.5, 27.183]","[0.362155, 0.024347, 0.640085, 0.038034]"
731,716,2,"218,225,226,235; 3:31,129,155;","218,225,226,235; 3:31,129,155;","[187.56, 27.183, 331.5, 36.965]","[0.362155, 0.038034, 0.640085, 0.051721]"
731,716,2,"4:23,25,43,96,99,100,106,129,152;","4:23,25,43,96,99,100,106,129,152;","[187.56, 36.965, 331.5, 46.747]","[0.362155, 0.051721, 0.640085, 0.065407]"
731,716,2,"5:3,39,74,98,101; 6:54,145,165;7:155;","5:3,39,74,98,101; 6:54,145,165;7:155;","[187.56, 46.747, 331.5, 56.529]","[0.362155, 0.065407, 0.640085, 0.079094]"
731,716,2,"8:69,70; 9:5,27,91,99,102; 10:107;","8:69,70; 9:5,27,91,99,102; 10:107;","[187.56, 56.529, 331.5, 66.31]","[0.362155, 0.079094, 0.640085, 0.092781]"
731,716,2,"11:41; 12:53,98; 14:36; 15:49; 16:18,","11:41; 12:53,98; 14:36; 15:49; 16:18,","[187.56, 66.31, 331.5, 76.092]","[0.362155, 0.092781, 0.640085, 0.106468]"
731,716,2,"115; 17:44; 22:60; 24:5,22,33,62;","115; 17:44; 22:60; 24:5,22,33,62;","[187.56, 76.092, 331.5, 85.874]","[0.362155, 0.106468, 0.640085, 0.120154]"
731,716,2,"28:16; 33:5,24,50,59,73; 34:2; 39:53;","28:16; 33:5,24,50,59,73; 34:2; 39:53;","[187.56, 85.874, 331.5, 95.656]","[0.362155, 0.120154, 0.640085, 0.133841]"
731,716,2,"40:3,42; 41:32; 42:5,23; 46:8; 48:14;","40:3,42; 41:32; 42:5,23; 46:8; 48:14;","[187.56, 95.656, 331.5, 105.438]","[0.362155, 0.133841, 0.640085, 0.147528]"
731,716,2,"49:5,14; 57:28; 58:2,12; 60:7,12;","49:5,14; 57:28; 58:2,12; 60:7,12;","[187.56, 105.438, 331.5, 115.22]","[0.362155, 0.147528, 0.640085, 0.161214]"
731,716,2,64:14; 66:1; 67:2; 73:20; 85:14,64:14; 66:1; 67:2; 73:20; 85:14,"[187.56, 115.22, 331.5, 125.002]","[0.362155, 0.161214, 0.640085, 0.174901]"
731,716,2,Forsaking,Forsaking,"[187.56, 125.002, 331.5, 134.784]","[0.362155, 0.174901, 0.640085, 0.188588]"
731,716,3,"Gain 2:79,174; 3:77,199; 5:44; 9:42,74","Gain 2:79,174; 3:77,199; 5:44; 9:42,74","[336.7, 17.901, 476.49, 28.484]","[0.650125, 0.025047, 0.920042, 0.039855]"
731,716,3,Gambling 2:219; 5:90-91,Gambling 2:219; 5:90-91,"[336.7, 28.484, 476.49, 39.068]","[0.650125, 0.039855, 0.920042, 0.054663]"
731,716,3,Game 5:94-95,Game 5:94-95,"[336.7, 39.068, 476.49, 49.651]","[0.650125, 0.054663, 0.920042, 0.069471]"
731,716,3,Gardens,Gardens,"[336.7, 49.651, 476.49, 60.234]","[0.650125, 0.069471, 0.920042, 0.084279]"
731,716,4,"earthly 2:265-266; 6:99,141; 13:4;","earthly 2:265-266; 6:99,141; 13:4;","[335.4, 61.801, 482.09, 71.869]","[0.647615, 0.086471, 0.930855, 0.100559]"
731,716,4,"17:91; 26:57,134,147; 27:60; 34:15-","17:91; 26:57,134,147; 27:60; 34:15-","[335.4, 71.869, 482.09, 81.938]","[0.647615, 0.100559, 0.930855, 0.114646]"
731,716,4,16; 36:34; 44:25; 50:9; 68:17; 71:12;,16; 36:34; 44:25; 50:9; 68:17; 71:12;,"[335.4, 81.938, 482.09, 92.006]","[0.647615, 0.114646, 0.930855, 0.128733]"
731,716,4,78:16,78:16,"[335.4, 92.006, 482.09, 102.074]","[0.647615, 0.128733, 0.930855, 0.142821]"
731,716,4,"heavenly 2:25;3:136,195,198;4:13,57,","heavenly 2:25;3:136,195,198;4:13,57,","[335.4, 102.074, 482.09, 112.142]","[0.647615, 0.142821, 0.930855, 0.156908]"
731,716,4,"122;5:12,85,119;9:21,72,89,100;10:9;","122;5:12,85,119;9:21,72,89,100;10:9;","[335.4, 112.142, 482.09, 122.211]","[0.647615, 0.156908, 0.930855, 0.170996]"
731,716,4,"13:23;14:23;15:45;16:31;18:31,107;","13:23;14:23;15:45;16:31;18:31,107;","[335.4, 122.211, 482.09, 132.279]","[0.647615, 0.170996, 0.930855, 0.185083]"
731,716,4,"19:61;20:76;22:14,23r56;25:10;31:8;","19:61;20:76;22:14,23r56;25:10;31:8;","[335.4, 132.279, 482.09, 142.347]","[0.647615, 0.185083, 0.930855, 0.199171]"
731,716,4,35:33;37:43;38:50;40:8;42:22;44:52;,35:33;37:43;38:50;40:8;42:22;44:52;,"[335.4, 142.347, 482.09, 152.416]","[0.647615, 0.199171, 0.930855, 0.213258]"
731,716,4,"47:12;48:5,17;51:15;52:17;54:54;55:","47:12;48:5,17;51:15;52:17;54:54;55:","[335.4, 152.416, 482.09, 162.484]","[0.647615, 0.213258, 0.930855, 0.227345]"
731,716,4,"54,62; 56:12,89;57:12; 58:22; 61:12;","54,62; 56:12,89;57:12; 58:22; 61:12;","[335.4, 162.484, 482.09, 172.552]","[0.647615, 0.227345, 0.930855, 0.241433]"
731,716,4,64:9; 65:11; 66:8; 68:34; 69:22;,64:9; 65:11; 66:8; 68:34; 69:22;,"[335.4, 172.552, 482.09, 182.62]","[0.647615, 0.241433, 0.930855, 0.25552]"
731,716,4,70:38; 78:32; 85:11; 98:8,70:38; 78:32; 85:11; 98:8,"[335.4, 182.62, 482.09, 192.689]","[0.647615, 0.25552, 0.930855, 0.269608]"
731,716,4,"Garlands 5:2,97","Garlands 5:2,97","[335.4, 192.689, 482.09, 202.757]","[0.647615, 0.269608, 0.930855, 0.283695]"
731,716,4,Garlic 2:61,Garlic 2:61,"[335.4, 202.757, 482.09, 212.825]","[0.647615, 0.283695, 0.930855, 0.297783]"
731,716,4,Garments (see also Clothes) 7:26-,Garments (see also Clothes) 7:26-,"[335.4, 212.825, 482.09, 222.894]","[0.647615, 0.297783, 0.930855, 0.31187]"
731,716,4,27; 14:50; 16:81; 18:31; 22:19;,27; 14:50; 16:81; 18:31; 22:19;,"[335.4, 222.894, 482.09, 232.962]","[0.647615, 0.31187, 0.930855, 0.325957]"
731,716,4,24:31; 33:59; 76:21,24:31; 33:59; 76:21,"[335.4, 232.962, 482.09, 243.03]","[0.647615, 0.325957, 0.930855, 0.340045]"
731,716,4,"Gas, nullifies ablution 4:43; 5:6","Gas, nullifies ablution 4:43; 5:6","[335.4, 243.03, 482.09, 253.098]","[0.647615, 0.340045, 0.930855, 0.354132]"
731,716,4,pre-creation of universe 41:11,pre-creation of universe 41:11,"[335.4, 253.098, 482.09, 263.167]","[0.647615, 0.354132, 0.930855, 0.36822]"
731,716,4,Gates,Gates,"[335.4, 263.167, 482.09, 273.235]","[0.647615, 0.36822, 0.930855, 0.382307]"
731,716,5,evil 6:120; 12:37; 19:46; 33:33,evil 6:120; 12:37; 19:46; 33:33,"[187.309, 136.701, 307.75, 147.067]","[0.36167, 0.19127, 0.594227, 0.205775]"
731,716,5,of good 2:130; 3:199; 60:11,of good 2:130; 3:199; 60:11,"[187.309, 147.067, 307.75, 157.434]","[0.36167, 0.205775, 0.594227, 0.22028]"
731,716,5,Forty 2:51; 5:26; 7:142; 46:15,Forty 2:51; 5:26; 7:142; 46:15,"[187.309, 157.434, 307.75, 167.8]","[0.36167, 0.22028, 0.594227, 0.234784]"
731,716,5,Foster mothers 4:23,Foster mothers 4:23,"[187.309, 167.8, 307.75, 178.167]","[0.36167, 0.234784, 0.594227, 0.249289]"
731,716,5,Foundations 2:127; 9:109; 14:26;,Foundations 2:127; 9:109; 14:26;,"[187.309, 178.167, 307.75, 188.533]","[0.36167, 0.249289, 0.594227, 0.263793]"
731,716,6,"of Abraham 2:135; 3:68,95; 4:125;","of Abraham 2:135; 3:68,95; 4:125;","[38.039, 181.801, 181.989, 191.577]","[0.073448, 0.254374, 0.351398, 0.268052]"
731,716,6,12:38; 14:36; 16:123,12:38; 14:36; 16:123,"[38.039, 191.577, 181.989, 201.353]","[0.073448, 0.268052, 0.351398, 0.281731]"
731,716,6,"of previous scripture 2:101,105,109,","of previous scripture 2:101,105,109,","[38.039, 201.353, 181.989, 211.129]","[0.073448, 0.281731, 0.351398, 0.29541]"
731,716,6,"145;3:19,69,73;5:19;9:29;57:29;98:1","145;3:19,69,73;5:19;9:29;57:29;98:1","[38.039, 211.129, 181.989, 220.905]","[0.073448, 0.29541, 0.351398, 0.309088]"
731,716,6,"of Satan 2:168,208; 4:83; 6:162;","of Satan 2:168,208; 4:83; 6:162;","[38.039, 220.905, 181.989, 230.682]","[0.073448, 0.309088, 0.351398, 0.322767]"
731,716,6,"16:120; 22:3; 24:21,221; 34:20","16:120; 22:3; 24:21,221; 34:20","[38.039, 230.682, 181.989, 240.458]","[0.073448, 0.322767, 0.351398, 0.336446]"
731,716,6,Food,Food,"[38.039, 240.458, 181.989, 250.234]","[0.073448, 0.336446, 0.351398, 0.350124]"
731,716,7,16:26; 81:20,16:26; 81:20,"[187.19, 190.235, 310.982, 200.01]","[0.36144, 0.266175, 0.600467, 0.279852]"
731,716,7,"Four 2:226,234,260; 4:3,15; 9:2,36;","Four 2:226,234,260; 4:3,15; 9:2,36;","[187.19, 200.01, 310.982, 209.785]","[0.36144, 0.279852, 0.600467, 0.293529]"
731,716,8,"24:4,6,8,13,45; 35:1; 41:10","24:4,6,8,13,45; 35:1; 41:10","[186.59, 211.701, 327.19, 222.142]","[0.360282, 0.29621, 0.631763, 0.310819]"
731,716,8,Fourth 18:22; 58:7,Fourth 18:22; 58:7,"[186.59, 222.142, 327.19, 232.584]","[0.360282, 0.310819, 0.631763, 0.325429]"
731,716,8,Freedom of religion 2:256;4:90; 10:99,Freedom of religion 2:256;4:90; 10:99,"[186.59, 232.584, 327.19, 243.025]","[0.360282, 0.325429, 0.631763, 0.340038]"
731,716,8,18:29; 50:45; 88:21-22,18:29; 50:45; 88:21-22,"[186.59, 243.025, 327.19, 253.467]","[0.360282, 0.340038, 0.631763, 0.354648]"
731,716,8,"Freeing, of slaves 2:177,178; 4:25,92;","Freeing, of slaves 2:177,178; 4:25,92;","[186.59, 253.467, 327.19, 263.908]","[0.360282, 0.354648, 0.631763, 0.369258]"
731,716,8,5:89; 9:60; 24:33; 58:3-4; 90:13,5:89; 9:60; 24:33; 58:3-4; 90:13,"[186.59, 263.908, 327.19, 274.35]","[0.360282, 0.369258, 0.631763, 0.383867]"
731,716,8,Friday prayer 62:9,Friday prayer 62:9,"[186.59, 274.35, 327.19, 284.792]","[0.360282, 0.383867, 0.631763, 0.398477]"
731,716,8,Friends,Friends,"[186.59, 284.792, 327.19, 295.233]","[0.360282, 0.398477, 0.631763, 0.413087]"
731,716,9,"messengers ate 5:75; 21:8; 25:7,20","messengers ate 5:75; 21:8; 25:7,20","[38.06, 252.401, 175.9, 262.463]","[0.073489, 0.353157, 0.339641, 0.367235]"
731,716,9,"prohibitions 2:168,172-176; 3:93;","prohibitions 2:168,172-176; 3:93;","[38.06, 262.463, 175.9, 272.524]","[0.073489, 0.367235, 0.339641, 0.381313]"
731,716,9,"5:3-5,87-88,93; 16:112-116; 22:30","5:3-5,87-88,93; 16:112-116; 22:30","[38.06, 272.524, 175.9, 282.586]","[0.073489, 0.381313, 0.339641, 0.395391]"
731,716,9,pronounce God’s name 6:118-121,pronounce God’s name 6:118-121,"[38.06, 282.586, 175.9, 292.648]","[0.073489, 0.395391, 0.339641, 0.409469]"
731,716,9,"Fools 2:13,142; 7:155; 39:64; 72:4","Fools 2:13,142; 7:155; 39:64; 72:4","[38.06, 292.648, 175.9, 302.709]","[0.073489, 0.409469, 0.339641, 0.423548]"
731,716,9,Foothold 2:250;3:147;8:11;16:94;47:7,Foothold 2:250;3:147;8:11;16:94;47:7,"[38.06, 302.709, 175.9, 312.771]","[0.073489, 0.423548, 0.339641, 0.437626]"
731,716,9,Footsteps 7:173; 11:109; 18:64;,Footsteps 7:173; 11:109; 18:64;,"[38.06, 312.771, 175.9, 322.833]","[0.073489, 0.437626, 0.339641, 0.451704]"
731,716,10,here 2:58; 4:154; 5:25; 6:44; 7:161;,here 2:58; 4:154; 5:25; 6:44; 7:161;,"[334.54, 275.051, 479.48, 284.876]","[0.645955, 0.384848, 0.925816, 0.398596]"
731,716,10,23:77; 54:11,23:77; 54:11,"[334.54, 284.876, 479.48, 294.702]","[0.645955, 0.398596, 0.925816, 0.412344]"
731,716,10,in hereafter 7:40; 13:23; 15:44; 16:29;,in hereafter 7:40; 13:23; 15:44; 16:29;,"[334.54, 294.702, 479.48, 304.528]","[0.645955, 0.412344, 0.925816, 0.426091]"
731,716,10,39:71-73;40:76;43:34;57:13;78:19,39:71-73;40:76;43:34;57:13;78:19,"[334.54, 304.528, 479.48, 314.353]","[0.645955, 0.426091, 0.925816, 0.439839]"
731,716,10,Gathering,Gathering,"[334.54, 314.353, 479.48, 324.179]","[0.645955, 0.439839, 0.925816, 0.453587]"
731,716,10,clouds 7:57,clouds 7:57,"[334.54, 324.179, 479.48, 334.004]","[0.645955, 0.453587, 0.925816, 0.467335]"
731,716,10,miracles 6:111,miracles 6:111,"[334.54, 334.004, 479.48, 343.83]","[0.645955, 0.467335, 0.925816, 0.481083]"
731,716,10,"souls 2:203;3:9,25,158;4:87,140,172;","souls 2:203;3:9,25,158;4:87,140,172;","[334.54, 343.83, 479.48, 353.655]","[0.645955, 0.481083, 0.925816, 0.49483]"
731,716,10,"5:96,109; 6:12,22,38,51,72,128; 7:38,","5:96,109; 6:12,22,38,51,72,128; 7:38,","[334.54, 353.655, 479.48, 363.481]","[0.645955, 0.49483, 0.925816, 0.508578]"
731,716,10,"172;8:24,36; 10:28,45; 11:103;15:25;","172;8:24,36; 10:28,45; 11:103;15:25;","[334.54, 363.481, 479.48, 373.306]","[0.645955, 0.508578, 0.925816, 0.522326]"
731,716,10,"17:97; 18:47,99; 19:68,85;23:79;25:17,","17:97; 18:47,99; 19:68,85;23:79;25:17,","[334.54, 373.306, 479.48, 383.132]","[0.645955, 0.522326, 0.925816, 0.536074]"
731,716,10,"34;28:61;34:26,40;37:2,22;41:19;42:7,","34;28:61;34:26,40;37:2,22;41:19;42:7,","[334.54, 383.132, 479.48, 392.957]","[0.645955, 0.536074, 0.925816, 0.549821]"
731,716,10,"15,29,26; 46:6; 50:44; 56:50; 58:9;","15,29,26; 46:6; 50:44; 56:50; 58:9;","[334.54, 392.957, 479.48, 402.783]","[0.645955, 0.549821, 0.925816, 0.563569]"
731,716,10,"64:9; 67:15,24; 77:38; 81:5","64:9; 67:15,24; 77:38; 81:5","[334.54, 402.783, 479.48, 412.608]","[0.645955, 0.563569, 0.925816, 0.577317]"
731,716,10,Gehenna (see also Hell) 11:119;,Gehenna (see also Hell) 11:119;,"[334.54, 412.608, 479.48, 422.434]","[0.645955, 0.577317, 0.925816, 0.591065]"
731,716,11,choose carefully 3:28; 25:27-28,choose carefully 3:28; 25:27-28,"[186.7, 296.901, 315.3, 306.777]","[0.360494, 0.41542, 0.608805, 0.429239]"
731,716,11,"in hell 6:129; 26:101; 37:51,55;","in hell 6:129; 26:101; 37:51,55;","[186.7, 306.777, 315.3, 316.654]","[0.360494, 0.429239, 0.608805, 0.443058]"
731,716,11,40:18; 43:67; 44:41; 46:32; 70:10,40:18; 43:67; 44:41; 46:32; 70:10,"[186.7, 316.654, 315.3, 326.53]","[0.360494, 0.443058, 0.608805, 0.456877]"
731,716,11,messengers 4:125; 7:184; 34:46;,messengers 4:125; 7:184; 34:46;,"[186.7, 326.53, 315.3, 336.406]","[0.360494, 0.456877, 0.608805, 0.470696]"
731,716,11,53:2; 81:22,53:2; 81:22,"[186.7, 336.406, 315.3, 346.282]","[0.360494, 0.470696, 0.608805, 0.484514]"
731,716,11,Frogs 7:133,Frogs 7:133,"[186.7, 346.282, 315.3, 356.159]","[0.360494, 0.484514, 0.608805, 0.498333]"
731,716,11,Fruit,Fruit,"[186.7, 356.159, 315.3, 366.035]","[0.360494, 0.498333, 0.608805, 0.512152]"
731,716,12,37:70; 43:22,37:70; 43:22,"[38.149, 324.401, 94.649, 333.918]","[0.073661, 0.453898, 0.182755, 0.467214]"
731,716,12,Forbidding,Forbidding,"[38.149, 333.918, 94.649, 343.435]","[0.073661, 0.467214, 0.182755, 0.48053]"
731,716,13,"evil 3:104,110,114; 9:71,112; 31:17","evil 3:104,110,114; 9:71,112; 31:17","[38.04, 345.401, 174.44, 355.079]","[0.07345, 0.483281, 0.336822, 0.496822]"
731,716,13,righteousness 9:67; 68:12,righteousness 9:67; 68:12,"[38.04, 355.079, 174.44, 364.756]","[0.07345, 0.496822, 0.336822, 0.510363]"
731,716,13,Forcing,Forcing,"[38.04, 364.756, 174.44, 374.434]","[0.07345, 0.510363, 0.336822, 0.523904]"
731,716,14,"as signs 2:22; 6:99,141; 7:57; 13:3;","as signs 2:22; 6:99,141; 7:57; 13:3;","[186.51, 367.951, 327.21, 377.67]","[0.360127, 0.514833, 0.631802, 0.528432]"
731,716,14,14:32; 16:11; 23:19; 26:148; 35:27,14:32; 16:11; 23:19; 26:148; 35:27,"[186.51, 377.67, 327.21, 387.389]","[0.360127, 0.528432, 0.631802, 0.542031]"
731,716,14,41:47; 50:10; 55:11; 80:31,41:47; 50:10; 55:11; 80:31,"[186.51, 387.389, 327.21, 397.108]","[0.360127, 0.542031, 0.631802, 0.555629]"
731,716,14,in heaven 2:25; 36:57; 37:42; 38:51;,in heaven 2:25; 36:57; 37:42; 38:51;,"[186.51, 397.108, 327.21, 406.827]","[0.360127, 0.555629, 0.631802, 0.569228]"
731,716,14,"43:73; 44:55; 47:15; 52:22; 55:52,54,","43:73; 44:55; 47:15; 52:22; 55:52,54,","[186.51, 406.827, 327.21, 416.547]","[0.360127, 0.569228, 0.631802, 0.582827]"
731,716,14,"68; 56:20,29,32; 69:23; 76:14; 77:42","68; 56:20,29,32; 69:23; 76:14; 77:42","[186.51, 416.547, 327.21, 426.266]","[0.360127, 0.582827, 0.631802, 0.596426]"
731,716,14,Fuel 2:24; 3:10; 21:98; 24:35; 36:80;,Fuel 2:24; 3:10; 21:98; 24:35; 36:80;,"[186.51, 426.266, 327.21, 435.985]","[0.360127, 0.596426, 0.631802, 0.610025]"
731,716,15,"into sin 2:173; 3:28; 5:3; 6:119,145;","into sin 2:173; 3:28; 5:3; 6:119,145;","[37.89, 376.351, 177.1, 386.54]","[0.073161, 0.526586, 0.341958, 0.540843]"
731,716,15,20:73; 24:33,20:73; 24:33,"[37.89, 386.54, 177.1, 396.73]","[0.073161, 0.540843, 0.341958, 0.5551]"
731,716,15,none in divorce 2:231; 4:19,none in divorce 2:231; 4:19,"[37.89, 396.73, 177.1, 406.919]","[0.073161, 0.5551, 0.341958, 0.569357]"
731,716,15,no compulsion in religion 2:256;,no compulsion in religion 2:256;,"[37.89, 406.919, 177.1, 417.108]","[0.073161, 0.569357, 0.341958, 0.583613]"
731,716,15,7:88; 10:99; 11:28; 16:106; 18:20;,7:88; 10:99; 11:28; 16:106; 18:20;,"[37.89, 417.108, 177.1, 427.298]","[0.073161, 0.583613, 0.341958, 0.59787]"
731,716,15,37:30; 50:45,37:30; 50:45,"[37.89, 427.298, 177.1, 437.487]","[0.073161, 0.59787, 0.341958, 0.612127]"
731,716,15,Foreheads 9:35; 37:103,Foreheads 9:35; 37:103,"[37.89, 437.487, 177.1, 447.677]","[0.073161, 0.612127, 0.341958, 0.626384]"
731,716,15,Forelocks 55:41; 96:15-16,Forelocks 55:41; 96:15-16,"[37.89, 447.677, 177.1, 457.866]","[0.073161, 0.626384, 0.341958, 0.640641]"
731,716,15,Forever (see Eternity),Forever (see Eternity),"[37.89, 457.866, 177.1, 468.055]","[0.073161, 0.640641, 0.341958, 0.654898]"
731,716,15,"Forfeiting 2:229,237;4:4,92;5:45;33:50","Forfeiting 2:229,237;4:4,92;5:45;33:50","[37.89, 468.055, 177.1, 478.245]","[0.073161, 0.654898, 0.341958, 0.669154]"
731,716,15,"Forgetting God 7:51; 20:88,115;","Forgetting God 7:51; 20:88,115;","[37.89, 478.245, 177.1, 488.434]","[0.073161, 0.669154, 0.341958, 0.683411]"
731,716,16,"17:8; 19:68,86; 20:74; 21:29,98;","17:8; 19:68,86; 20:74; 21:29,98;","[334.3, 424.101, 468.55, 434.059]","[0.645491, 0.593397, 0.904711, 0.60733]"
731,716,16,"22:51;23:103;25:34,65;36:63;40:72","22:51;23:103;25:34,65;36:63;40:72","[334.3, 434.059, 468.55, 444.017]","[0.645491, 0.60733, 0.904711, 0.621264]"
731,716,16,Gems 55:58,Gems 55:58,"[334.3, 444.017, 468.55, 453.975]","[0.645491, 0.621264, 0.904711, 0.635197]"
731,716,16,Generations,Generations,"[334.3, 453.975, 468.55, 463.933]","[0.645491, 0.635197, 0.904711, 0.64913]"
731,716,17,66:6; 72:15,66:6; 72:15,"[186.5, 437.551, 238.05, 447.018]","[0.360108, 0.612216, 0.459645, 0.625462]"
731,716,17,Fulfilling,Fulfilling,"[186.5, 447.018, 238.05, 456.485]","[0.360108, 0.625462, 0.459645, 0.638709]"
731,716,18,interim 2:231-235,interim 2:231-235,"[186.25, 458.401, 317.24, 468.616]","[0.359625, 0.641389, 0.612551, 0.655682]"
731,716,18,promises & vows 3:152; 7:137;,promises & vows 3:152; 7:137;,"[186.25, 468.616, 317.24, 478.831]","[0.359625, 0.655682, 0.612551, 0.669975]"
731,716,18,21:9; 39:74; 48:10; 53:37; 68:39,21:9; 39:74; 48:10; 53:37; 68:39,"[186.25, 478.831, 317.24, 489.046]","[0.359625, 0.669975, 0.612551, 0.684267]"
731,716,18,"Fuming, of hell 25:12; 67:7","Fuming, of hell 25:12; 67:7","[186.25, 489.046, 317.24, 499.261]","[0.359625, 0.684267, 0.612551, 0.69856]"
731,716,18,Function,Function,"[186.25, 499.261, 317.24, 509.475]","[0.359625, 0.69856, 0.612551, 0.712852]"
731,716,18,angels 15:8,angels 15:8,"[186.25, 509.475, 317.24, 519.69]","[0.359625, 0.712852, 0.612551, 0.727145]"
731,716,18,"messengers 5:92,99; 36:17; 42:48","messengers 5:92,99; 36:17; 42:48","[186.25, 519.69, 317.24, 529.905]","[0.359625, 0.727145, 0.612551, 0.741437]"
731,716,18,Funeral 5:31; 9:84,Funeral 5:31; 9:84,"[186.25, 529.905, 317.24, 540.12]","[0.359625, 0.741437, 0.612551, 0.75573]"
731,716,18,Furnishings 16:80; 18:31; 37:44;,Furnishings 16:80; 18:31; 37:44;,"[186.25, 540.12, 317.24, 550.335]","[0.359625, 0.75573, 0.612551, 0.770022]"
731,716,19,"of humans 2:66;3:137;6:6,98;7:38,","of humans 2:66;3:137;6:6,98;7:38,","[334.1, 465.751, 473.6, 475.39]","[0.645105, 0.651673, 0.914462, 0.66516]"
731,716,19,"100,169;17:17,59;19:59,74,98;20:51,","100,169;17:17,59;19:59,74,98;20:51,","[334.1, 475.39, 473.6, 485.029]","[0.645105, 0.66516, 0.914462, 0.678647]"
731,716,19,"128;23:31,42,81;28:43,45,78;38:3;","128;23:31,42,81;28:43,45,78;38:3;","[334.1, 485.029, 473.6, 494.668]","[0.645105, 0.678647, 0.914462, 0.692134]"
731,716,19,"39:51 ;40:5;46:17-18;56:13,39-40,49","39:51;40:5;46:17-18;56:13,39-40,49","[334.1, 494.668, 473.6, 504.307]","[0.645105, 0.692134, 0.914462, 0.70562]"
731,716,19,of jinns 46:18,of jinns 46:18,"[334.1, 504.307, 473.6, 513.946]","[0.645105, 0.70562, 0.914462, 0.719107]"
731,716,19,"Gentiles 3:20,75","Gentiles 3:20,75","[334.1, 513.946, 473.6, 523.585]","[0.645105, 0.719107, 0.914462, 0.732594]"
731,716,20,45:34; 59:19,45:34; 59:19,"[37.9, 490.035, 178.9, 499.8]","[0.07318, 0.685651, 0.345433, 0.699314]"
731,716,20,"Forgiveness 2:109; 5:13; 24:22; 42:37,","Forgiveness 2:109; 5:13; 24:22; 42:37,","[37.9, 499.8, 178.9, 509.565]","[0.07318, 0.699314, 0.345433, 0.712978]"
731,716,20,43;45:14; 57:28; 64:14,43;45:14; 57:28; 64:14,"[37.9, 509.565, 178.9, 519.33]","[0.07318, 0.712978, 0.345433, 0.726641]"
731,716,20,"conditions for 3:135-136; 4:48,116,","conditions for 3:135-136; 4:48,116,","[37.9, 519.33, 178.9, 529.095]","[0.07318, 0.726641, 0.345433, 0.740304]"
731,716,20,"137,168; 5:54; 7:153; 8:4,29,38,74;","137,168; 5:54; 7:153; 8:4,29,38,74;","[37.9, 529.095, 178.9, 538.86]","[0.07318, 0.740304, 0.345433, 0.753967]"
731,716,20,"9:80; 11:61,90; 16:110,119; 17:25;","9:80; 11:61,90; 16:110,119; 17:25;","[37.9, 538.86, 178.9, 548.625]","[0.07318, 0.753967, 0.345433, 0.76763]"
731,716,20,"20:82; 22:50; 23:109,118; 24:26;","20:82; 22:50; 23:109,118; 24:26;","[37.9, 548.625, 178.9, 558.39]","[0.07318, 0.76763, 0.345433, 0.781293]"
731,716,20,25:70; 27:11; 33:35; 34:40; 35:7;,25:70; 27:11; 33:35; 34:40; 35:7;,"[37.9, 558.39, 178.9, 568.155]","[0.07318, 0.781293, 0.345433, 0.794956]"
731,716,20,36:11; 40:55; 41:6; 46:31; 47:34;,36:11; 40:55; 41:6; 46:31; 47:34;,"[37.9, 568.155, 178.9, 577.92]","[0.07318, 0.794956, 0.345433, 0.808619]"
731,716,20,61:12; 64:17; 67:12; 71:4,61:12; 64:17; 67:12; 71:4,"[37.9, 577.92, 178.9, 587.685]","[0.07318, 0.808619, 0.345433, 0.822282]"
731,716,20,"from God 2:221,268; 4:96; 74:46","from God 2:221,268; 4:96; 74:46","[37.9, 587.685, 178.9, 597.45]","[0.07318, 0.822282, 0.345433, 0.835945]"
731,716,20,"prayer for 2:285-86; 3:16-17,147,","prayer for 2:285-86; 3:16-17,147,","[37.9, 597.45, 178.9, 607.215]","[0.07318, 0.835945, 0.345433, 0.849608]"
731,716,20,"159,193; 4:64; 7:23,151,155; 11:47;","159,193; 4:64; 7:23,151,155; 11:47;","[37.9, 607.215, 178.9, 616.98]","[0.07318, 0.849608, 0.345433, 0.863271]"
731,716,20,"12:92,98; 14:41; 19:47; 24:62; 26:51,","12:92,98; 14:41; 19:47; 24:62; 26:51,","[37.9, 616.98, 178.9, 626.745]","[0.07318, 0.863271, 0.345433, 0.876934]"
731,716,20,"82,86; 28:16; 38:24,35; 40:7; 42:5;","82,86; 28:16; 38:24,35; 40:7; 42:5;","[37.9, 626.745, 178.9, 636.51]","[0.07318, 0.876934, 0.345433, 0.890598]"
731,716,20,"47:19; 51:18; 59:10; 60:5,12; 66:8;","47:19; 51:18; 59:10; 60:5,12; 66:8;","[37.9, 636.51, 178.9, 646.275]","[0.07318, 0.890598, 0.345433, 0.904261]"
731,716,20,"71:10,28","71:10,28","[37.9, 646.275, 178.9, 656.04]","[0.07318, 0.904261, 0.345433, 0.917924]"
731,716,20,rejection of 2:175; 18:55; 71:7,rejection of 2:175; 18:55; 71:7,"[37.9, 656.04, 178.9, 665.805]","[0.07318, 0.917924, 0.345433, 0.931587]"
731,716,20,"seeking 2:199; 3:133; 4:106,110;","seeking 2:199; 3:133; 4:106,110;","[37.9, 665.805, 178.9, 675.57]","[0.07318, 0.931587, 0.345433, 0.94525]"
731,716,20,5:74; 11:3; 27:46; 57:21,5:74; 11:3; 27:46; 57:21,"[37.9, 675.57, 178.9, 685.335]","[0.07318, 0.94525, 0.345433, 0.958913]"
731,716,21,gentile messenger 7:157-158; 62:2,gentile messenger 7:157-158; 62:2,"[333.95, 525.601, 475.3, 535.992]","[0.644816, 0.735415, 0.917745, 0.749953]"
731,716,21,Germinating 6:95; 48:29; 71:17,Germinating 6:95; 48:29; 71:17,"[333.95, 535.992, 475.3, 546.382]","[0.644816, 0.749953, 0.917745, 0.764492]"
731,716,21,Gift 7:190 11: 108; 19:5; 21:72;,Gift 7:190 11: 108; 19:5; 21:72;,"[333.95, 546.382, 475.3, 556.773]","[0.644816, 0.764492, 0.917745, 0.77903]"
731,716,21,27:35-36; 78:36,27:35-36; 78:36,"[333.95, 556.773, 475.3, 567.163]","[0.644816, 0.77903, 0.917745, 0.793568]"
731,716,21,"Girls 3:36; 4:23,127; 24:33; 43:18; 81:8","Girls 3:36; 4:23,127; 24:33; 43:18; 81:8","[333.95, 567.163, 475.3, 577.554]","[0.644816, 0.793568, 0.917745, 0.808107]"
731,716,21,Glass 24:35,Glass 24:35,"[333.95, 577.554, 475.3, 587.944]","[0.644816, 0.808107, 0.917745, 0.822645]"
731,716,21,"Glorification 3:41,191; 6:100; 7:143,","Glorification 3:41,191; 6:100; 7:143,","[333.95, 587.944, 475.3, 598.335]","[0.644816, 0.822645, 0.917745, 0.837184]"
731,716,22,"43:34; 52:20; 55:54,76; 56:15,34;","43:34; 52:20; 55:54,76; 56:15,34;","[186.25, 552.151, 313.05, 561.745]","[0.359625, 0.772563, 0.60446, 0.785988]"
731,716,22,"76:13; 83:23,35; 88:13","76:13; 83:23,35; 88:13","[186.25, 561.745, 313.05, 571.34]","[0.359625, 0.785988, 0.60446, 0.799412]"
731,716,22,Future,Future,"[186.25, 571.34, 313.05, 580.934]","[0.359625, 0.799412, 0.60446, 0.812836]"
731,716,23,belongs to God 2:255; 11:123;,belongs to God 2:255; 11:123;,"[196.8, 583.035, 327.358, 592.443]","[0.379996, 0.815776, 0.632087, 0.82894]"
731,716,23,16:77; 19:64; 22:76,16:77; 19:64; 22:76,"[196.8, 592.443, 327.358, 601.852]","[0.379996, 0.82894, 0.632087, 0.842104]"
731,716,23,knowledge of 3:179; 6:50; 7:187-188,knowledge of 3:179; 6:50; 7:187-188,"[196.8, 601.852, 327.358, 611.26]","[0.379996, 0.842104, 0.632087, 0.855268]"
731,716,23,8:68;10:20;11:31;19:78;20:110;21:28;,8:68;10:20;11:31;19:78;20:110;21:28;,"[196.8, 611.26, 327.358, 620.668]","[0.379996, 0.855268, 0.632087, 0.868432]"
731,716,23,27:65; 31:34; 33:63; 52:41; 53:35;,27:65; 31:34; 33:63; 52:41; 53:35;,"[196.8, 620.668, 327.358, 630.077]","[0.379996, 0.868432, 0.632087, 0.881596]"
731,716,23,"68:47; 72:10,26-27; 79:52-55","68:47; 72:10,26-27; 79:52-55","[196.8, 630.077, 327.358, 639.485]","[0.379996, 0.881596, 0.632087, 0.89476]"
731,716,24,"206; 10:10,18,68; 13:13; 16:1,57;","206; 10:10,18,68; 13:13; 16:1,57;","[333.6, 599.901, 470.09, 610.099]","[0.64414, 0.839375, 0.907685, 0.853644]"
731,716,24,"17:1,44,93; 24:16,36,41; 30:17;","17:1,44,93; 24:16,36,41; 30:17;","[333.6, 610.099, 470.09, 620.297]","[0.64414, 0.853644, 0.907685, 0.867912]"
731,716,24,"36:36,83; 39:4,67,75; 40:7,55; 48:9;","36:36,83; 39:4,67,75; 40:7,55; 48:9;","[333.6, 620.297, 470.09, 630.495]","[0.64414, 0.867912, 0.907685, 0.882181]"
731,716,24,"56:74,96; 74:3; 76:26","56:74,96; 74:3; 76:26","[333.6, 630.495, 470.09, 640.693]","[0.64414, 0.882181, 0.907685, 0.89645]"
731,716,24,"Glorious, God is 4:171; 9:31; 11:73","Glorious, God is 4:171; 9:31; 11:73","[333.6, 640.693, 470.09, 650.891]","[0.64414, 0.89645, 0.907685, 0.910719]"
731,716,24,Gluttony 7:31,Gluttony 7:31,"[333.6, 650.891, 470.09, 661.089]","[0.64414, 0.910719, 0.907685, 0.924988]"
731,716,24,Goats 6:143,Goats 6:143,"[333.6, 661.089, 470.09, 671.287]","[0.64414, 0.924988, 0.907685, 0.939257]"
731,716,24,GOD (see individual attributes),GOD (see individual attributes),"[333.6, 671.287, 470.09, 681.485]","[0.64414, 0.939257, 0.907685, 0.953526]"
731,716,25,G,G,"[186.0, 650.327, 318.8, 660.363]","[0.359143, 0.90993, 0.615563, 0.923972]"
731,716,25,Gabriel 2:97-98; 19:17; 26:193; 66:4;,Gabriel 2:97-98; 19:17; 26:193; 66:4;,"[186.0, 660.363, 318.8, 670.399]","[0.359143, 0.923972, 0.615563, 0.938014]"
731,716,25,97:4,97:4,"[186.0, 670.399, 318.8, 680.435]","[0.359143, 0.938014, 0.615563, 0.952057]"
732,717,1,"Gods 6:19,46,74,81; 16:51; 17:42;","Gods 6:19,46,74,81; 16:51; 17:42;","[41.65, 16.201, 176.35, 26.068]","[0.080421, 0.022668, 0.34051, 0.036473]"
732,717,1,"20:88,97; 21:21-24,43,59,62,68,99;","20:88,97; 21:21-24,43,59,62,68,99;","[41.65, 26.068, 176.35, 35.934]","[0.080421, 0.036473, 0.34051, 0.050279]"
732,717,1,"23:91; 25:3; 28:71-72,88","23:91; 25:3; 28:71-72,88","[41.65, 35.934, 176.35, 45.801]","[0.080421, 0.050279, 0.34051, 0.064084]"
732,717,1,Gog 18:94; 21:96,Gog 18:94; 21:96,"[41.65, 45.801, 176.35, 55.667]","[0.080421, 0.064084, 0.34051, 0.077889]"
732,717,1,"Gold 3:14,91; 9:34; 18:31; 22:23;","Gold 3:14,91; 9:34; 18:31; 22:23;","[41.65, 55.667, 176.35, 65.534]","[0.080421, 0.077889, 0.34051, 0.091694]"
732,717,2,"272; 3:73; 4:88,175; 6:71,88,90; 7:43;","272; 3:73; 4:88,175; 6:71,88,90; 7:43;","[202.2, 16.801, 335.1, 26.39]","[0.390423, 0.023508, 0.647036, 0.036925]"
732,717,2,9:33; 16:121; 18:13; 19:76; 20:50;,9:33; 16:121; 18:13; 19:76; 20:50;,"[202.2, 26.39, 335.1, 35.98]","[0.390423, 0.036925, 0.647036, 0.050343]"
732,717,2,"21:51; 28:56,85; 31:5; 35:8; 39:22-","21:51; 28:56,85; 31:5; 35:8; 39:22-","[202.2, 35.98, 335.1, 45.569]","[0.390423, 0.050343, 0.647036, 0.06376]"
732,717,2,23; 47:17; 48:28; 61:9,23; 47:17; 48:28; 61:9,"[202.2, 45.569, 335.1, 55.159]","[0.390423, 0.06376, 0.647036, 0.077177]"
732,717,2,"lack of 2:16,26,159,170,175; 4:88,","lack of 2:16,26,159,170,175; 4:88,","[202.2, 55.159, 335.1, 64.748]","[0.390423, 0.077177, 0.647036, 0.090595]"
732,717,2,"115; 5:104; 7:146,193,198; 17:94;","115; 5:104; 7:146,193,198; 17:94;","[202.2, 64.748, 335.1, 74.338]","[0.390423, 0.090595, 0.647036, 0.104012]"
732,717,2,"18:17,55,57; 22:8; 27:43; 28:50;","18:17,55,57; 22:8; 27:43; 28:50;","[202.2, 74.338, 335.1, 83.927]","[0.390423, 0.104012, 0.647036, 0.11743]"
732,717,2,"31:20; 34:32; 43:24,37; 45:11;","31:20; 34:32; 43:24,37; 45:11;","[202.2, 83.927, 335.1, 93.517]","[0.390423, 0.11743, 0.647036, 0.130847]"
732,717,2,"47:25,32; 96:11","47:25,32; 96:11","[202.2, 93.517, 335.1, 103.106]","[0.390423, 0.130847, 0.647036, 0.144265]"
732,717,2,"in scriptures 2:97,185; 5:44,46;","in scriptures 2:97,185; 5:44,46;","[202.2, 103.106, 335.1, 112.695]","[0.390423, 0.144265, 0.647036, 0.157682]"
732,717,2,"6:91,154,157; 7:52,154,203;","6:91,154,157; 7:52,154,203;","[202.2, 112.695, 335.1, 122.285]","[0.390423, 0.157682, 0.647036, 0.1711]"
732,717,3,guiding of 3:8; 6:125,guiding of 3:8; 6:125,"[339.491, 17.901, 482.509, 27.8]","[0.655515, 0.025047, 0.931665, 0.038898]"
732,717,3,harmonizing of 3:103; 8:63,harmonizing of 3:103; 8:63,"[339.491, 27.8, 482.509, 37.7]","[0.655515, 0.038898, 0.931665, 0.052749]"
732,717,3,purifying 33:53; 74:31,purifying 33:53; 74:31,"[339.491, 37.7, 482.509, 47.599]","[0.655515, 0.052749, 0.931665, 0.0666]"
732,717,3,shielding of 4:155; 9:87; 40:35,shielding of 4:155; 9:87; 40:35,"[339.491, 47.599, 482.509, 57.499]","[0.655515, 0.0666, 0.931665, 0.080452]"
732,717,3,strengthening 2:260;3:126;8:10;48:4,strengthening 2:260;3:126;8:10;48:4,"[339.491, 57.499, 482.509, 67.398]","[0.655515, 0.080452, 0.931665, 0.094303]"
732,717,3,"Heathenism 5:64,68; 9:17; 39:8","Heathenism 5:64,68; 9:17; 39:8","[339.491, 67.398, 482.509, 77.298]","[0.655515, 0.094303, 0.931665, 0.108154]"
732,717,3,"Heaven (see also Gardens, Paradise)","Heaven (see also Gardens, Paradise)","[339.491, 77.298, 482.509, 87.197]","[0.655515, 0.108154, 0.931665, 0.122005]"
732,717,3,begins here 10:62; 16:97;41:31;72:13,begins here 10:62; 16:97;41:31;72:13,"[339.491, 87.197, 482.509, 97.097]","[0.655515, 0.122005, 0.931665, 0.135856]"
732,717,3,described 2:24; 3:133; 4:56;,described 2:24; 3:133; 4:56;,"[339.491, 97.097, 482.509, 106.996]","[0.655515, 0.135856, 0.931665, 0.149708]"
732,717,3,"37:50,73; 51:22; 57:21","37:50,73; 51:22; 57:21","[339.491, 106.996, 482.509, 116.896]","[0.655515, 0.149708, 0.931665, 0.163559]"
732,717,3,"eternal 2:80; 3:15,136,198; 4:13,57,","eternal 2:80; 3:15,136,198; 4:13,57,","[339.491, 116.896, 482.509, 126.795]","[0.655515, 0.163559, 0.931665, 0.17741]"
732,717,3,"122; 5:85,119; 9:22,72,89,100;","122; 5:85,119; 9:22,72,89,100;","[339.491, 126.795, 482.509, 136.694]","[0.655515, 0.17741, 0.931665, 0.191261]"
732,717,3,"14:23; 18:108; 25:16,76; 29:58;","14:23; 18:108; 25:16,76; 29:58;","[339.491, 136.694, 482.509, 146.594]","[0.655515, 0.191261, 0.931665, 0.205113]"
732,717,3,31:5; 39:73; 46:14; 48:5; 57:12;,31:5; 39:73; 46:14; 48:5; 57:12;,"[339.491, 146.594, 482.509, 156.493]","[0.655515, 0.205113, 0.931665, 0.218964]"
732,717,3,58:22; 64:9; 65:11; 98:8,58:22; 64:9; 65:11; 98:8,"[339.491, 156.493, 482.509, 166.393]","[0.655515, 0.218964, 0.931665, 0.232815]"
732,717,3,false claims about 2:111,false claims about 2:111,"[339.491, 166.393, 482.509, 176.292]","[0.655515, 0.232815, 0.931665, 0.246666]"
732,717,3,forbidden for wicked 7:40,forbidden for wicked 7:40,"[339.491, 176.292, 482.509, 186.192]","[0.655515, 0.246666, 0.931665, 0.260517]"
732,717,3,"Heavens (see also Sky, Universe)","Heavens (see also Sky, Universe)","[339.491, 186.192, 482.509, 196.091]","[0.655515, 0.260517, 0.931665, 0.274369]"
732,717,3,"creation of 2:117,164; 3:190; 6:1,14,","creation of 2:117,164; 3:190; 6:1,14,","[339.491, 196.091, 482.509, 205.991]","[0.655515, 0.274369, 0.931665, 0.28822]"
732,717,3,"101; 7:54; 10:3,6; 13:2; 15:85; 17:99;","101; 7:54; 10:3,6; 13:2; 15:85; 17:99;","[339.491, 205.991, 482.509, 215.89]","[0.655515, 0.28822, 0.931665, 0.302071]"
732,717,3,"18:51; 21:16,30; 23:17; 25:59; 30:8;","18:51; 21:16,30; 23:17; 25:59; 30:8;","[339.491, 215.89, 482.509, 225.79]","[0.655515, 0.302071, 0.931665, 0.315922]"
732,717,3,"31:10; 40:57; 46:3,33","31:10; 40:57; 46:3,33","[339.491, 225.79, 482.509, 235.689]","[0.655515, 0.315922, 0.931665, 0.329774]"
732,717,3,end of 14:48; 21:104; 25:25; 39:67-,end of 14:48; 21:104; 25:25; 39:67-,"[339.491, 235.689, 482.509, 245.589]","[0.655515, 0.329774, 0.931665, 0.343625]"
732,717,3,68; 52:9; 57:21; 69:16; 77:9; 78:19,68; 52:9; 57:21; 69:16; 77:9; 78:19,"[339.491, 245.589, 482.509, 255.488]","[0.655515, 0.343625, 0.931665, 0.357476]"
732,717,3,"God is king of 2:107,116,255,284;","God is king of 2:107,116,255,284;","[339.491, 255.488, 482.509, 265.388]","[0.655515, 0.357476, 0.931665, 0.371327]"
732,717,3,"5:17,18; 6:3; 10:55,66,68; 11:23;","5:17,18; 6:3; 10:55,66,68; 11:23;","[339.491, 265.388, 482.509, 275.287]","[0.655515, 0.371327, 0.931665, 0.385178]"
732,717,3,"13:15; 22:18; 24:35,64; 27:65;","13:15; 22:18; 24:35,64; 27:65;","[339.491, 275.287, 482.509, 285.187]","[0.655515, 0.385178, 0.931665, 0.39903]"
732,717,3,"35:44; 42:5,12","35:44; 42:5,12","[339.491, 285.187, 482.509, 295.086]","[0.655515, 0.39903, 0.931665, 0.412881]"
732,717,3,seven 2:29; 17:44; 23:17; 41:12;,seven 2:29; 17:44; 23:17; 41:12;,"[339.491, 295.086, 482.509, 304.985]","[0.655515, 0.412881, 0.931665, 0.426732]"
732,717,3,65:12; 67:3; 71:15; 78:12,65:12; 67:3; 71:15; 78:12,"[339.491, 304.985, 482.509, 314.885]","[0.655515, 0.426732, 0.931665, 0.440583]"
732,717,3,Hebrews see Children of Israel,Hebrews see Children of Israel,"[339.491, 314.885, 482.509, 324.784]","[0.655515, 0.440583, 0.931665, 0.454435]"
732,717,3,"Heedless 6:157; 10:7,92; 12:105;21:1,","Heedless 6:157; 10:7,92; 12:105;21:1,","[339.491, 324.784, 482.509, 334.684]","[0.655515, 0.454435, 0.931665, 0.468286]"
732,717,4,"35:33; 43:53,71","35:33; 43:53,71","[41.65, 67.001, 181.9, 77.257]","[0.080421, 0.093747, 0.351226, 0.108097]"
732,717,4,Goliath 2:249-251,Goliath 2:249-251,"[41.65, 77.257, 181.9, 87.512]","[0.080421, 0.108097, 0.351226, 0.122446]"
732,717,4,"Gospel 2:89-91; 3:3,48,65,79-80; 5:14-","Gospel 2:89-91; 3:3,48,65,79-80; 5:14-","[41.65, 87.512, 181.9, 97.768]","[0.080421, 0.122446, 0.351226, 0.136796]"
732,717,4,"15,46-47,66,68,110; 7:157; 9:30-","15,46-47,66,68,110; 7:157; 9:30-","[41.65, 97.768, 181.9, 108.024]","[0.080421, 0.136796, 0.351226, 0.151145]"
732,717,4,"32,111; 12:30; 48:29; 57:27","32,111; 12:30; 48:29; 57:27","[41.65, 108.024, 181.9, 118.279]","[0.080421, 0.151145, 0.351226, 0.165495]"
732,717,4,"Gossip 12:30-31; 24:11-12,15-17;","Gossip 12:30-31; 24:11-12,15-17;","[41.65, 118.279, 181.9, 128.535]","[0.080421, 0.165495, 0.351226, 0.179845]"
732,717,5,"16:64,89; 28:43,49; 40:53-54; 45:20","16:64,89; 28:43,49; 40:53-54; 45:20","[191.49, 124.101, 330.882, 133.888]","[0.369743, 0.17364, 0.638892, 0.187334]"
732,717,5,"Guilty 2:178,283;4:107,140;6:147;7:40,","Guilty 2:178,283;4:107,140;6:147;7:40,","[191.49, 133.888, 330.882, 143.674]","[0.369743, 0.187334, 0.638892, 0.201028]"
732,717,5,"84;9:67; 10:50,82; 15:12; 18:49,53;","84;9:67; 10:50,82; 15:12; 18:49,53;","[191.49, 143.674, 330.882, 153.461]","[0.369743, 0.201028, 0.638892, 0.214721]"
732,717,5,"19:86;25:22,31;27:69;28:78;32:12;","19:86;25:22,31;27:69;28:78;32:12;","[191.49, 153.461, 330.882, 163.248]","[0.369743, 0.214721, 0.638892, 0.228415]"
732,717,5,"34:32; 55:41,43; 68:35; 70:11; 76:24","34:32; 55:41,43; 68:35; 70:11; 76:24","[191.49, 163.248, 330.882, 173.035]","[0.369743, 0.228415, 0.638892, 0.242108]"
732,717,6,25:72; 28:55; 49:12,25:72; 28:55; 49:12,"[41.65, 130.351, 122.849, 139.692]","[0.080421, 0.182385, 0.237206, 0.195456]"
732,717,6,Grace,Grace,"[41.65, 139.692, 122.849, 149.034]","[0.080421, 0.195456, 0.237206, 0.208527]"
732,717,7,"God possesses unlimited 3:74,174;","God possesses unlimited 3:74,174;","[41.41, 151.201, 184.651, 161.01]","[0.079958, 0.211559, 0.356538, 0.225283]"
732,717,7,"8:29; 57:21,29; 62:4","8:29; 57:21,29; 62:4","[41.41, 161.01, 184.651, 170.819]","[0.079958, 0.225283, 0.356538, 0.239007]"
732,717,7,"God’s 3:73,103,170,171;4:54,70,113,","God’s 3:73,103,170,171;4:54,70,113,","[41.41, 170.819, 184.651, 180.627]","[0.079958, 0.239007, 0.356538, 0.252732]"
732,717,7,"173,175; 5:2,54; 10:58,107; 11:3;","173,175; 5:2,54; 10:58,107; 11:3;","[41.41, 180.627, 184.651, 190.436]","[0.079958, 0.252732, 0.356538, 0.266456]"
732,717,7,"12:38,87; 17:87; 24:10,20,32,33,38;","12:38,87; 17:87; 24:10,20,32,33,38;","[41.41, 190.436, 184.651, 200.245]","[0.079958, 0.266456, 0.356538, 0.280181]"
732,717,7,"27:16,40; 28:82; 30:45; 35:30,35;","27:16,40; 28:82; 30:45; 35:30,35;","[41.41, 200.245, 184.651, 210.054]","[0.079958, 0.280181, 0.356538, 0.293905]"
732,717,7,48:29; 49:8; 59:8,48:29; 49:8; 59:8,"[41.41, 210.054, 184.651, 219.863]","[0.079958, 0.293905, 0.356538, 0.30763]"
732,717,7,"Gracious, God is 1:1,3; 2:163; 13:30;","Gracious, God is 1:1,3; 2:163; 13:30;","[41.41, 219.863, 184.651, 229.672]","[0.079958, 0.30763, 0.356538, 0.321354]"
732,717,7,"17:110; 19:44-45,69,75,78,85,88,91-","17:110; 19:44-45,69,75,78,85,88,91-","[41.41, 229.672, 184.651, 239.481]","[0.079958, 0.321354, 0.356538, 0.335079]"
732,717,7,"93,96; 20:5,90,108,109; 21:26,36,42,","93,96; 20:5,90,108,109; 21:26,36,42,","[41.41, 239.481, 184.651, 249.29]","[0.079958, 0.335079, 0.356538, 0.348803]"
732,717,7,"112; 25:26,59,60,63; 26:5; 27:30;","112; 25:26,59,60,63; 26:5; 27:30;","[41.41, 249.29, 184.651, 259.098]","[0.079958, 0.348803, 0.356538, 0.362528]"
732,717,7,"36:11,15,23,52; 41:2; 43:19,20,36,","36:11,15,23,52; 41:2; 43:19,20,36,","[41.41, 259.098, 184.651, 268.907]","[0.079958, 0.362528, 0.356538, 0.376252]"
732,717,7,"45,81; 50:33; 55:1; 59:22;","45,81; 50:33; 55:1; 59:22;","[41.41, 268.907, 184.651, 278.716]","[0.079958, 0.376252, 0.356538, 0.389977]"
732,717,7,"67:3.19,20,29; 78:37,38","67:3.19,20,29; 78:37,38","[41.41, 278.716, 184.651, 288.525]","[0.079958, 0.389977, 0.356538, 0.403701]"
732,717,7,"Grains 4:124; 6:95,99; 12:58,60,70;","Grains 4:124; 6:95,99; 12:58,60,70;","[41.41, 288.525, 184.651, 298.334]","[0.079958, 0.403701, 0.356538, 0.417425]"
732,717,8,H,H,"[191.5, 184.301, 300.028, 195.418]","[0.369763, 0.257872, 0.579317, 0.273427]"
732,717,8,"Hadith 6:21,112; 7:185; 10:36;","Hadith 6:21,112; 7:185; 10:36;","[191.5, 195.418, 300.028, 206.535]","[0.369763, 0.273427, 0.579317, 0.288981]"
732,717,9,12:111; 16:104-105; 18:6; 31:6;,12:111; 16:104-105; 18:6; 31:6;,"[191.3, 208.235, 328.692, 218.235]","[0.369376, 0.29136, 0.634663, 0.305352]"
732,717,9,39:23; 45:6; 52:34; 68:44; 77:50,39:23; 45:6; 52:34; 68:44; 77:50,"[191.3, 218.235, 328.692, 228.235]","[0.369376, 0.305352, 0.634663, 0.319344]"
732,717,9,Hair 2:196; 5:6; 16:80; 19:4; 20:94;,Hair 2:196; 5:6; 16:80; 19:4; 20:94;,"[191.3, 228.235, 328.692, 238.235]","[0.369376, 0.319344, 0.634663, 0.333336]"
732,717,9,48:27; 73:17,48:27; 73:17,"[191.3, 238.235, 328.692, 248.235]","[0.369376, 0.333336, 0.634663, 0.347327]"
732,717,9,"Hajj 2:158,196-200,203;3:97;5:1,95-96;","Hajj 2:158,196-200,203;3:97;5:1,95-96;","[191.3, 248.235, 328.692, 258.235]","[0.369376, 0.347327, 0.634663, 0.361319]"
732,717,10,"9:3,19; 22:26-29; 28:27; 48:25-27","9:3,19; 22:26-29; 28:27; 48:25-27","[191.15, 259.601, 320.85, 269.884]","[0.369087, 0.363231, 0.619521, 0.377618]"
732,717,10,"Half 2:237; 4:25,176; 73:3,20","Half 2:237; 4:25,176; 73:3,20","[191.15, 269.884, 320.85, 280.166]","[0.369087, 0.377618, 0.619521, 0.392006]"
732,717,10,"Hamaan 28:6,8,38; 29:39; 40:24,36","Hamaan 28:6,8,38; 29:39; 40:24,36","[191.15, 280.166, 320.85, 290.449]","[0.369087, 0.392006, 0.619521, 0.406393]"
732,717,10,Hands,Hands,"[191.15, 290.449, 320.85, 300.732]","[0.369087, 0.406393, 0.619521, 0.420781]"
732,717,11,36:33; 50:9; 55:12; 78:15; 80:27,36:33; 50:9; 55:12; 78:15; 80:27,"[41.15, 300.151, 167.542, 310.262]","[0.079456, 0.419968, 0.323503, 0.434114]"
732,717,11,"Grantor 3:8; 38:9,35; 40:15","Grantor 3:8; 38:9,35; 40:15","[41.15, 310.262, 167.542, 320.372]","[0.079456, 0.434114, 0.323503, 0.448261]"
732,717,11,Grapes 2:266; 6:99; 13:4; 16:11.67;,Grapes 2:266; 6:99; 13:4; 16:11.67;,"[41.15, 320.372, 167.542, 330.483]","[0.079456, 0.448261, 0.323503, 0.462408]"
732,717,12,God’s 3:26; 23:88; 39:67; 48:10;,God’s 3:26; 23:88; 39:67; 48:10;,"[190.79, 302.801, 328.99, 312.677]","[0.368392, 0.423675, 0.635239, 0.437494]"
732,717,12,51:47; 57:29,51:47; 57:29,"[190.79, 312.677, 328.99, 322.552]","[0.368392, 0.437494, 0.635239, 0.451312]"
732,717,12,"human 2:79,195; 4:43; 5:28,64;","human 2:79,195; 4:43; 5:28,64;","[190.79, 322.552, 328.99, 332.428]","[0.368392, 0.451312, 0.635239, 0.46513]"
732,717,12,"7:108; 12:31; 13:14; 17:29,71;","7:108; 12:31; 13:14; 17:29,71;","[190.79, 332.428, 328.99, 342.304]","[0.368392, 0.46513, 0.635239, 0.478948]"
732,717,12,"24:24,40; 48:10,20; 69:19,25","24:24,40; 48:10,20; 69:19,25","[190.79, 342.304, 328.99, 352.18]","[0.368392, 0.478948, 0.635239, 0.492766]"
732,717,12,"Happiness 10:64; 11:3,105,108; 16:30,","Happiness 10:64; 11:3,105,108; 16:30,","[190.79, 352.18, 328.99, 362.056]","[0.368392, 0.492766, 0.635239, 0.506584]"
732,717,12,97; 20:130; 25:74; 41:30; 53:43;,97; 20:130; 25:74; 41:30; 53:43;,"[190.79, 362.056, 328.99, 371.931]","[0.368392, 0.506584, 0.635239, 0.520402]"
732,717,12,57:10; 75:22; 83:24; 92:7,57:10; 75:22; 83:24; 92:7,"[190.79, 371.931, 328.99, 381.807]","[0.368392, 0.520402, 0.635239, 0.53422]"
732,717,12,"Hardship 2:177,185,282; 3:134,140;","Hardship 2:177,185,282; 3:134,140;","[190.79, 381.807, 328.99, 391.683]","[0.368392, 0.53422, 0.635239, 0.548038]"
732,717,13,17:91; 18:32;23:19;36:34;78:32;80:28,17:91; 18:32;23:19;36:34;78:32;80:28,"[40.45, 332.651, 182.849, 343.038]","[0.078104, 0.465441, 0.353059, 0.479975]"
732,717,13,Graves 9:84; 22:7; 35:22; 36:51; 54:7;,Graves 9:84; 22:7; 35:22; 36:51; 54:7;,"[40.45, 343.038, 182.849, 353.425]","[0.078104, 0.479975, 0.353059, 0.494508]"
732,717,13,60:13; 70:43; 79:10; 80:21; 82:4;,60:13; 70:43; 79:10; 80:21; 82:4;,"[40.45, 353.425, 182.849, 363.812]","[0.078104, 0.494508, 0.353059, 0.509042]"
732,717,13,100:9; 102:2,100:9; 102:2,"[40.45, 363.812, 182.849, 374.199]","[0.078104, 0.509042, 0.353059, 0.523575]"
732,717,13,"Gray, haired 19:4; 30:54; 73:17","Gray, haired 19:4; 30:54; 73:17","[40.45, 374.199, 182.849, 384.586]","[0.078104, 0.523575, 0.353059, 0.538109]"
732,717,13,Greed 68:13; 74:15,Greed 68:13; 74:15,"[40.45, 384.586, 182.849, 394.974]","[0.078104, 0.538109, 0.353059, 0.552643]"
732,717,13,"Green 6:99; 12:43,46; 18:31; 22:63;","Green 6:99; 12:43,46; 18:31; 22:63;","[40.45, 394.974, 182.849, 405.361]","[0.078104, 0.552643, 0.353059, 0.567176]"
732,717,13,36:80; 55:76; 76:21,36:80; 55:76; 76:21,"[40.45, 405.361, 182.849, 415.748]","[0.078104, 0.567176, 0.353059, 0.58171]"
732,717,13,"Greeting 4:86; 10:10; 14:23; 24:27,61;","Greeting 4:86; 10:10; 14:23; 24:27,61;","[40.45, 415.748, 182.849, 426.135]","[0.078104, 0.58171, 0.353059, 0.596243]"
732,717,14,97; 41:51; 44:9; 46:3; 91:15; 107:5,97; 41:51; 44:9; 46:3; 91:15; 107:5,"[339.35, 336.402, 472.3, 345.868]","[0.655243, 0.47069, 0.911952, 0.483935]"
732,717,14,"Heels 2:143; 3:144,149; 5:6; 6Z:71;","Heels 2:143; 3:144,149; 5:6; 6Z:71;","[339.35, 345.868, 472.3, 355.335]","[0.655243, 0.483935, 0.911952, 0.49718]"
732,717,15,8:48; 23:66,8:48; 23:66,"[339.24, 356.802, 394.139, 366.947]","[0.65503, 0.499233, 0.761033, 0.513427]"
732,717,15,Heifer 2:67-73,Heifer 2:67-73,"[339.24, 366.947, 394.139, 377.091]","[0.65503, 0.513427, 0.761033, 0.527622]"
732,717,15,Hell,Hell,"[339.24, 377.091, 394.139, 387.236]","[0.65503, 0.527622, 0.761033, 0.541816]"
732,717,16,"deservers 2:39,81,126,206,217,275;","deservers 2:39,81,126,206,217,275;","[338.89, 389.586, 482.24, 399.273]","[0.654355, 0.545104, 0.931145, 0.558659]"
732,717,16,"3:197; 4:10,30,55,93,97,115; 5:10,29,","3:197; 4:10,30,55,93,97,115; 5:10,29,","[338.89, 399.273, 482.24, 408.961]","[0.654355, 0.558659, 0.931145, 0.572213]"
732,717,16,"86; 9:49,63,68,95; 13:5; 41:28;","86; 9:49,63,68,95; 13:5; 41:28;","[338.89, 408.961, 482.24, 418.648]","[0.654355, 0.572213, 0.931145, 0.585768]"
732,717,16,47:12; 48:6,47:12; 48:6,"[338.89, 418.648, 482.24, 428.336]","[0.654355, 0.585768, 0.931145, 0.599323]"
732,717,16,described 2:24; 4:56; 7:41-50; 10:27;,described 2:24; 4:56; 7:41-50; 10:27;,"[338.89, 428.336, 482.24, 438.023]","[0.654355, 0.599323, 0.931145, 0.612877]"
732,717,16,"14:16,29; 17:97; 37:64,68; 38:64;","14:16,29; 17:97; 37:64,68; 38:64;","[338.89, 438.023, 482.24, 447.711]","[0.654355, 0.612877, 0.931145, 0.626432]"
732,717,16,"39:60; 40:47,60; 43:77; 50:30;","39:60; 40:47,60; 43:77; 50:30;","[338.89, 447.711, 482.24, 457.398]","[0.654355, 0.626432, 0.931145, 0.639987]"
732,717,16,55:43-44; 74:31; 76:4,55:43-44; 74:31; 76:4,"[338.89, 457.398, 482.24, 467.086]","[0.654355, 0.639987, 0.931145, 0.653541]"
732,717,16,"eternal 2:80,167,257; 3:24,116;","eternal 2:80,167,257; 3:24,116;","[338.89, 467.086, 482.24, 476.773]","[0.654355, 0.653541, 0.931145, 0.667096]"
732,717,16,5:37; 16:29; 39:72; 40:76; 41:28;,5:37; 16:29; 39:72; 40:76; 41:28;,"[338.89, 476.773, 482.24, 486.461]","[0.654355, 0.667096, 0.931145, 0.680651]"
732,717,16,43:74; 59:17; 98:6,43:74; 59:17; 98:6,"[338.89, 486.461, 482.24, 496.148]","[0.654355, 0.680651, 0.931145, 0.694205]"
732,717,16,"Hellfire 2:24,175; 22:72; 25:11; 27:90;","Hellfire 2:24,175; 22:72; 25:11; 27:90;","[338.89, 496.148, 482.24, 505.836]","[0.654355, 0.694205, 0.931145, 0.70776]"
732,717,17,"5:6; 7:95; 9:42,120,128; 10:12;","5:6; 7:95; 9:42,120,128; 10:12;","[190.7, 393.501, 315.196, 403.095]","[0.368218, 0.550582, 0.608604, 0.564006]"
732,717,17,"20:2,112; 22:78; 40:31","20:2,112; 22:78; 40:31","[190.7, 403.095, 315.196, 412.69]","[0.368218, 0.564006, 0.608604, 0.57743]"
732,717,17,"Harm 2:57,102,222,233; 3:111,174;","Harm 2:57,102,222,233; 3:111,174;","[190.7, 412.69, 315.196, 422.284]","[0.368218, 0.57743, 0.608604, 0.590855]"
732,717,18,"5:76; 7:188; 10:18,49; 13:16; 26:73;","5:76; 7:188; 10:18,49; 13:16; 26:73;","[190.2, 423.851, 327.7, 434.147]","[0.367253, 0.593047, 0.632748, 0.607454]"
732,717,18,28:35; 36:23; 58:10,28:35; 36:23; 58:10,"[190.2, 434.147, 327.7, 444.444]","[0.367253, 0.607454, 0.632748, 0.621861]"
732,717,18,Harmony 8:63; 30:21,Harmony 8:63; 30:21,"[190.2, 444.444, 327.7, 454.741]","[0.367253, 0.621861, 0.632748, 0.636268]"
732,717,18,"Haroot, and Maroot 2:102","Haroot, and Maroot 2:102","[190.2, 454.741, 327.7, 465.037]","[0.367253, 0.636268, 0.632748, 0.650675]"
732,717,18,Harvest 2:264; 3:117; 6:141; 12:47;,Harvest 2:264; 3:117; 6:141; 12:47;,"[190.2, 465.037, 327.7, 475.334]","[0.367253, 0.650675, 0.632748, 0.665082]"
732,717,19,25:75; 33:44; 36:58; 58:8,25:75; 33:44; 36:58; 58:8,"[38.89, 427.701, 182.35, 437.978]","[0.075092, 0.598434, 0.352095, 0.612814]"
732,717,19,"Grief 3:120; 5:26; 7:93; 12:84,86;","Grief 3:120; 5:26; 7:93; 12:84,86;","[38.89, 437.978, 182.35, 448.256]","[0.075092, 0.612814, 0.352095, 0.627194]"
732,717,19,"16:127; 27:70; 28:8,13; 34:33; 57:23","16:127; 27:70; 28:8,13; 34:33; 57:23","[38.89, 448.256, 182.35, 458.533]","[0.075092, 0.627194, 0.352095, 0.641574]"
732,717,19,"none for believers 2:38,62,112,262,","none for believers 2:38,62,112,262,","[38.89, 458.533, 182.35, 468.81]","[0.075092, 0.641574, 0.352095, 0.655954]"
732,717,19,"274,277; 3:170; 5:69; 6:48; 7:35,49;","274,277; 3:170; 5:69; 6:48; 7:35,49;","[38.89, 468.81, 182.35, 479.088]","[0.075092, 0.655954, 0.352095, 0.670334]"
732,717,19,10:62; 39:61; 41:30; 43:68; 46:13,10:62; 39:61; 41:30; 43:68; 46:13,"[38.89, 479.088, 182.35, 489.365]","[0.075092, 0.670334, 0.352095, 0.684714]"
732,717,19,Groom 2:237,Groom 2:237,"[38.89, 489.365, 182.35, 499.642]","[0.075092, 0.684714, 0.352095, 0.699094]"
732,717,19,"Gross, offenses 2:219; 3:135; 4:2,31,","Gross, offenses 2:219; 3:135; 4:2,31,","[38.89, 499.642, 182.35, 509.92]","[0.075092, 0.699094, 0.352095, 0.713474]"
732,717,19,"48,50; 5:33; 6:151; 17:4,31,40; 18:5;","48,50; 5:33; 6:151; 17:4,31,40; 18:5;","[38.89, 509.92, 182.35, 520.197]","[0.075092, 0.713474, 0.352095, 0.727854]"
732,717,19,"19:89; 24:15; 25:21; 31:13; 33:30,58;","19:89; 24:15; 25:21; 31:13; 33:30,58;","[38.89, 520.197, 182.35, 530.475]","[0.075092, 0.727854, 0.352095, 0.742234]"
732,717,19,42:37; 53:32,42:37; 53:32,"[38.89, 530.475, 182.35, 540.752]","[0.075092, 0.742234, 0.352095, 0.756614]"
732,717,19,"Guarantees 3:97,139; 11:6; 12:107;","Guarantees 3:97,139; 11:6; 12:107;","[38.89, 540.752, 182.35, 551.029]","[0.075092, 0.756614, 0.352095, 0.770994]"
732,717,19,"16:45; 17:68,69; 19:62; 20:118","16:45; 17:68,69; 19:62; 20:118","[38.89, 551.029, 182.35, 561.307]","[0.075092, 0.770994, 0.352095, 0.785374]"
732,717,19,Guardian,Guardian,"[38.89, 561.307, 182.35, 571.584]","[0.075092, 0.785374, 0.352095, 0.799754]"
732,717,20,42:20; 54:31; 68:17,42:20; 54:31; 68:17,"[189.69, 477.251, 327.298, 487.47]","[0.366268, 0.667764, 0.631972, 0.682062]"
732,717,20,"Hatred 3:118; 5:2,8,14,64,91; 7:43;","Hatred 3:118; 5:2,8,14,64,91; 7:43;","[189.69, 487.47, 327.298, 497.689]","[0.366268, 0.682062, 0.631972, 0.696361]"
732,717,20,10:90; 11:89; 15:47; 23:70; 47:37;,10:90; 11:89; 15:47; 23:70; 47:37;,"[189.69, 497.689, 327.298, 507.908]","[0.366268, 0.696361, 0.631972, 0.710659]"
732,717,20,59:10; 60:2,59:10; 60:2,"[189.69, 507.908, 327.298, 518.127]","[0.366268, 0.710659, 0.631972, 0.724958]"
732,717,20,Hay 18:45; 39:21; 54:31; 56:65; 57:20;,Hay 18:45; 39:21; 54:31; 56:65; 57:20;,"[189.69, 518.127, 327.298, 528.347]","[0.366268, 0.724958, 0.631972, 0.739257]"
732,717,20,87:5; 105:5,87:5; 105:5,"[189.69, 528.347, 327.298, 538.566]","[0.366268, 0.739257, 0.631972, 0.753555]"
732,717,20,Healing 3:49; 5:110; 10:57; 16:69;,Healing 3:49; 5:110; 10:57; 16:69;,"[189.69, 538.566, 327.298, 548.785]","[0.366268, 0.753555, 0.631972, 0.767854]"
732,717,21,"28:41; 40:46,72; 41:19,24; 66:6","28:41; 40:46,72; 41:19,24; 66:6","[338.399, 507.502, 467.606, 517.749]","[0.653406, 0.710091, 0.902889, 0.724429]"
732,717,21,"Help 1:5; 2:45,153,166; 3:91,116;","Help 1:5; 2:45,153,166; 3:91,116;","[338.399, 517.749, 467.606, 527.997]","[0.653406, 0.724429, 0.902889, 0.738767]"
732,717,21,"7:48,53,128,192; 14:22; 21:43;","7:48,53,128,192; 14:22; 21:43;","[338.399, 527.997, 467.606, 538.245]","[0.653406, 0.738767, 0.902889, 0.753106]"
732,717,21,"23:88; 30:29; 31:33; 35:18; 46:26,","23:88; 30:29; 31:33; 35:18; 46:26,","[338.399, 538.245, 467.606, 548.492]","[0.653406, 0.753106, 0.902889, 0.767444]"
732,717,21,32; 69:28; 111:2,32; 69:28; 111:2,"[338.399, 548.492, 467.606, 558.74]","[0.653406, 0.767444, 0.902889, 0.781782]"
732,717,21,Helpless 16:76; 40:18; 70:41,Helpless 16:76; 40:18; 70:41,"[338.399, 558.74, 467.606, 568.987]","[0.653406, 0.781782, 0.902889, 0.796121]"
732,717,21,Hereafter,Hereafter,"[338.399, 568.987, 467.606, 579.235]","[0.653406, 0.796121, 0.902889, 0.810459]"
732,717,22,17:82; 26:80; 38:42; 41:44,17:82; 26:80; 38:42; 41:44,"[188.901, 550.801, 328.89, 561.082]","[0.364744, 0.770674, 0.635046, 0.78506]"
732,717,22,Health 16:97; 26:80,Health 16:97; 26:80,"[188.901, 561.082, 328.89, 571.364]","[0.364744, 0.78506, 0.635046, 0.799446]"
732,717,22,"Hearer, God is 2:127,137,224; 3:38;","Hearer, God is 2:127,137,224; 3:38;","[188.901, 571.364, 328.89, 581.645]","[0.364744, 0.799446, 0.635046, 0.813831]"
732,717,22,"4:134,148; 6:115; 7:200; 8:17,42,","4:134,148; 6:115; 7:200; 8:17,42,","[188.901, 581.645, 328.89, 591.927]","[0.364744, 0.813831, 0.635046, 0.828217]"
732,717,22,"53,61; 17:1; 22:75; 29:60; 41:36","53,61; 17:1; 22:75; 29:60; 41:36","[188.901, 591.927, 328.89, 602.208]","[0.364744, 0.828217, 0.635046, 0.842603]"
732,717,22,"Hearing 2:7,20; 6:46; 10:31; 16:78,108","Hearing 2:7,20; 6:46; 10:31; 16:78,108","[188.901, 602.208, 328.89, 612.49]","[0.364744, 0.842603, 0.635046, 0.856988]"
732,717,22,"17:36; 23:78; 32:9; 41:20,22; 45:23;","17:36; 23:78; 32:9; 41:20,22; 45:23;","[188.901, 612.49, 328.89, 622.771]","[0.364744, 0.856988, 0.635046, 0.871374]"
732,717,22,46:26; 67:23,46:26; 67:23,"[188.901, 622.771, 328.89, 633.052]","[0.364744, 0.871374, 0.635046, 0.88576]"
732,717,22,Hearts 13:28,Hearts 13:28,"[188.901, 633.052, 328.89, 643.334]","[0.364744, 0.88576, 0.635046, 0.900145]"
732,717,23,"God as 4:132,171; 17:65; 33:3,48","God as 4:132,171; 17:65; 33:3,48","[38.049, 573.501, 181.899, 583.24]","[0.073468, 0.802436, 0.351224, 0.816063]"
732,717,23,"humans 4:6,25,80; 6:104,107; 11:86;","humans 4:6,25,80; 6:104,107; 11:86;","[38.049, 583.24, 181.899, 592.979]","[0.073468, 0.816063, 0.351224, 0.829689]"
732,717,23,17:54; 42:48,17:54; 42:48,"[38.049, 592.979, 181.899, 602.718]","[0.073468, 0.829689, 0.351224, 0.843316]"
732,717,23,"angels 39:71,73; 40:49; 43:77; 67:8;","angels 39:71,73; 40:49; 43:77; 67:8;","[38.049, 602.718, 181.899, 612.457]","[0.073468, 0.843316, 0.351224, 0.856943]"
732,717,23,74:31; 96:18,74:31; 96:18,"[38.049, 612.457, 181.899, 622.196]","[0.073468, 0.856943, 0.351224, 0.87057]"
732,717,23,Guarding 4:102; 5:108; 13:11; 21:91;,Guarding 4:102; 5:108; 13:11; 21:91;,"[38.049, 622.196, 181.899, 631.935]","[0.073468, 0.87057, 0.351224, 0.884196]"
732,717,24,"belief in 2:4; 6:92,113,150; 7:45,147;","belief in 2:4; 6:92,113,150; 7:45,147;","[348.94, 582.602, 481.64, 592.225]","[0.67376, 0.81517, 0.929987, 0.828635]"
732,717,24,"11:19,103; 12:37; 16:22,60; 17:10,19;","11:19,103; 12:37; 16:22,60; 17:10,19;","[348.94, 592.225, 481.64, 601.849]","[0.67376, 0.828635, 0.929987, 0.8421]"
732,717,24,"21:49; 22:15; 27:3-5,67; 31:4; 33:21;","21:49; 22:15; 27:3-5,67; 31:4; 33:21;","[348.94, 601.849, 481.64, 611.472]","[0.67376, 0.8421, 0.929987, 0.855565]"
732,717,24,34:21; 39:45,34:21; 39:45,"[348.94, 611.472, 481.64, 621.095]","[0.67376, 0.855565, 0.929987, 0.86903]"
732,717,24,inevitable 7:34; 15:85; 16:77; 18:21;,inevitable 7:34; 15:85; 16:77; 18:21;,"[348.94, 621.095, 481.64, 630.719]","[0.67376, 0.86903, 0.929987, 0.882495]"
732,717,24,22:7; 56:2.,22:7; 56:2.,"[348.94, 630.719, 481.64, 640.342]","[0.67376, 0.882495, 0.929987, 0.89596]"
732,717,24,"lossing in 2:86,102,114,200,217;","lossing in 2:86,102,114,200,217;","[348.94, 640.342, 481.64, 649.966]","[0.67376, 0.89596, 0.929987, 0.909425]"
732,717,24,"3:85,176; 5:5,41; 11:16,22; 17:72;","3:85,176; 5:5,41; 11:16,22; 17:72;","[348.94, 649.966, 481.64, 659.589]","[0.67376, 0.909425, 0.929987, 0.92289]"
732,717,24,"22:11; 24:19,23; 33:57; 41:16; 60:13","22:11; 24:19,23; 33:57; 41:16; 60:13","[348.94, 659.589, 481.64, 669.213]","[0.67376, 0.92289, 0.929987, 0.936355]"
732,717,24,the real life 2:212; 4:77; 8:67; 9:38;,the real life 2:212; 4:77; 8:67; 9:38;,"[348.94, 669.213, 481.64, 678.836]","[0.67376, 0.936355, 0.929987, 0.949819]"
732,717,25,"23:5; 66:6,12; 86:4","23:5; 66:6,12; 86:4","[37.551, 633.751, 160.651, 643.779]","[0.072506, 0.886737, 0.310197, 0.900768]"
732,717,25,Guards 6:61; 72:8; 82:10,Guards 6:61; 72:8; 82:10,"[37.551, 643.779, 160.651, 653.807]","[0.072506, 0.900768, 0.310197, 0.914799]"
732,717,25,"Guessing 6:116,148; 18:22; 19:34","Guessing 6:116,148; 18:22; 19:34","[37.551, 653.807, 160.651, 663.835]","[0.072506, 0.914799, 0.310197, 0.92883]"
732,717,26,"believers 8:2,10,11;22:35,54,60;49:3","believers 8:2,10,11;22:35,54,60;49:3","[199.7, 645.001, 332.1, 654.397]","[0.385596, 0.902478, 0.641244, 0.915625]"
732,717,26,"disbelievers 2:7,93,283;3:7,118;8:12;","disbelievers 2:7,93,283;3:7,118;8:12;","[199.7, 654.397, 332.1, 663.793]","[0.385596, 0.915625, 0.641244, 0.928771]"
732,717,26,9:77; 23:63; 47:29; 59:14; 61:5,9:77; 23:63; 47:29; 59:14; 61:5,"[199.7, 663.793, 332.1, 673.189]","[0.385596, 0.928771, 0.641244, 0.941918]"
732,717,26,"doubting 2:10,97;8:49;22:53;33:60","doubting 2:10,97;8:49;22:53;33:60","[199.7, 673.189, 332.1, 682.585]","[0.385596, 0.941918, 0.641244, 0.955065]"
732,717,27,Guidance,Guidance,"[37.451, 667.984, 73.091, 675.984]","[0.072313, 0.934636, 0.14113, 0.945829]"
732,717,28,"God’s 2:5,38,120,135,143,186,198,","God’s 2:5,38,120,135,143,186,198,","[48.6, 677.085, 172.744, 685.085]","[0.093841, 0.94737, 0.333547, 0.958563]"
733,718,1,Hundred thousand 37:147,Hundred thousand 37:147,"[187.8, 16.601, 322.39, 27.094]","[0.362618, 0.023228, 0.622495, 0.037909]"
733,718,1,Hunger 2:155; 16:112; 20:118; 88:7;,Hunger 2:155; 16:112; 20:118; 88:7;,"[187.8, 27.094, 322.39, 37.586]","[0.362618, 0.037909, 0.622495, 0.05259]"
733,718,1,106:4,106:4,"[187.8, 37.586, 322.39, 48.079]","[0.362618, 0.05259, 0.622495, 0.067272]"
733,718,1,"Hunting 5:1-2,94-96; 9:36","Hunting 5:1-2,94-96; 9:36","[187.8, 48.079, 322.39, 58.572]","[0.362618, 0.067272, 0.622495, 0.081953]"
733,718,1,Hurricane 17:68,Hurricane 17:68,"[187.8, 58.572, 322.39, 69.064]","[0.362618, 0.081953, 0.622495, 0.096634]"
733,718,1,"Hurting 3:144; 5:101; 7:177; 9:50,61;","Hurting 3:144; 5:101; 7:177; 9:50,61;","[187.8, 69.064, 322.39, 79.557]","[0.362618, 0.096634, 0.622495, 0.111315]"
733,718,1,22:13; 33:53; 37:98; 39:38; 49:6;,22:13; 33:53; 37:98; 39:38; 49:6;,"[187.8, 79.557, 322.39, 90.05]","[0.362618, 0.111315, 0.622495, 0.125996]"
733,718,1,60:2,60:2,"[187.8, 90.05, 322.39, 100.542]","[0.362618, 0.125996, 0.622495, 0.140678]"
733,718,1,"Husbands 2:228-230; 4:24,34; 12:25;","Husbands 2:228-230; 4:24,34; 12:25;","[187.8, 100.542, 322.39, 111.035]","[0.362618, 0.140678, 0.622495, 0.155359]"
733,718,2,Incurring,Incurring,"[336.85, 16.635, 371.266, 24.635]","[0.650415, 0.023276, 0.716868, 0.034469]"
733,718,3,13:26; 17:21; 93:4,13:26; 17:21; 93:4,"[49.099, 17.085, 173.698, 26.935]","[0.094804, 0.023905, 0.335389, 0.037687]"
733,718,3,time almost hidden 20:15; 31:34;,time almost hidden 20:15; 31:34;,"[49.099, 26.935, 173.698, 36.785]","[0.094804, 0.037687, 0.335389, 0.051469]"
733,718,3,33:63; 43:85,33:63; 43:85,"[49.099, 36.785, 173.698, 46.635]","[0.094804, 0.051469, 0.335389, 0.065251]"
733,718,3,"unit 7:34; 10:45,49; 16:61; 30:55","unit 7:34; 10:45,49; 16:61; 30:55","[49.099, 46.635, 173.698, 56.484]","[0.094804, 0.065251, 0.335389, 0.079032]"
733,718,3,"when 15:87, Appendix 25","when 15:87, Appendix 25","[49.099, 56.484, 173.698, 66.334]","[0.094804, 0.079032, 0.335389, 0.092814]"
733,718,3,"winning in 2:130,201; 3:148; 4:74;","winning in 2:130,201; 3:148; 4:74;","[49.099, 66.334, 173.698, 76.184]","[0.094804, 0.092814, 0.335389, 0.106596]"
733,718,3,"6:32; 7:169; 10:64; 12:57,109;","6:32; 7:169; 10:64; 12:57,109;","[49.099, 76.184, 173.698, 86.034]","[0.094804, 0.106596, 0.335389, 0.120378]"
733,718,4,"retribution 2:61,90; 4:112,119; 5:64;","retribution 2:61,90; 4:112,119; 5:64;","[337.19, 25.601, 480.89, 35.648]","[0.651071, 0.035821, 0.928538, 0.049878]"
733,718,4,"9:98;16:94;20:81,86;24:7,9,23;27:85","9:98;16:94;20:81,86;24:7,9,23;27:85","[337.19, 35.648, 480.89, 45.694]","[0.651071, 0.049878, 0.928538, 0.063935]"
733,718,4,"sin 2:173,181-182,229,233,240;33:58","sin 2:173,181-182,229,233,240;33:58","[337.19, 45.694, 480.89, 55.741]","[0.651071, 0.063935, 0.928538, 0.077992]"
733,718,4,"Indulgence, God’s 2:64;4:83;24:14,21","Indulgence, God’s 2:64;4:83;24:14,21","[337.19, 55.741, 480.89, 65.787]","[0.651071, 0.077992, 0.928538, 0.092049]"
733,718,4,"Infants 2:233; 3:35,46; 5:110; 6:151;","Infants 2:233; 3:35,46; 5:110; 6:151;","[337.19, 65.787, 480.89, 75.834]","[0.651071, 0.092049, 0.928538, 0.106106]"
733,718,5,"17:24; 22:2,5; 40:67; 65:6; 73:17","17:24; 22:2,5; 40:67; 65:6; 73:17","[337.31, 77.651, 478.65, 87.758]","[0.651303, 0.108648, 0.924213, 0.12279]"
733,718,5,"Inheritance 2:180-182,233,240; 4:7-14,","Inheritance 2:180-182,233,240; 4:7-14,","[337.31, 87.758, 478.65, 97.865]","[0.651303, 0.12279, 0.924213, 0.136931]"
733,718,5,"33,176; 10:14; 19:6; 27:62;","33,176; 10:14; 19:6; 27:62;","[337.31, 97.865, 478.65, 107.971]","[0.651303, 0.136931, 0.924213, 0.151072]"
733,718,5,"28:5,58; 33:27; 40:53; 43:72","28:5,58; 33:27; 40:53; 43:72","[337.31, 107.971, 478.65, 118.078]","[0.651303, 0.151072, 0.924213, 0.165214]"
733,718,5,"Initiator 2:54,117; 6:14; 35:1; 39:46;","Initiator 2:54,117; 6:14; 35:1; 39:46;","[337.31, 118.078, 478.65, 128.185]","[0.651303, 0.165214, 0.924213, 0.179355]"
733,718,6,14:27; 42:20,14:27; 42:20,"[38.9, 88.001, 168.44, 98.368]","[0.075111, 0.12313, 0.325237, 0.137635]"
733,718,6,Hermitism 57:27,Hermitism 57:27,"[38.9, 98.368, 168.44, 108.735]","[0.075111, 0.137635, 0.325237, 0.15214]"
733,718,6,Hesitation 4:65; 9:45; 24:22; 32:15;,Hesitation 4:65; 9:45; 24:22; 32:15;,"[38.9, 108.735, 168.44, 119.101]","[0.075111, 0.15214, 0.325237, 0.166645]"
733,718,6,57:14; 59:9,57:14; 59:9,"[38.9, 119.101, 168.44, 129.468]","[0.075111, 0.166645, 0.325237, 0.18115]"
733,718,6,"High, God is 2:255; 4:34; 21:22;","High, God is 2:255; 4:34; 21:22;","[38.9, 129.468, 168.44, 139.835]","[0.075111, 0.18115, 0.325237, 0.195656]"
733,718,7,"24:6,31; 58:1; 60:11","24:6,31; 58:1; 60:11","[188.64, 113.201, 328.49, 123.273]","[0.36424, 0.15839, 0.634273, 0.172482]"
733,718,7,"Hypocrisy 9:77,97,101","Hypocrisy 9:77,97,101","[188.64, 123.273, 328.49, 133.345]","[0.36424, 0.172482, 0.634273, 0.186575]"
733,718,7,"Hypocrites 2:8; 4:61; 8:49; 9:67,101;","Hypocrites 2:8; 4:61; 8:49; 9:67,101;","[188.64, 133.345, 328.49, 143.417]","[0.36424, 0.186575, 0.634273, 0.200668]"
733,718,7,63:1; 3:167; 74:31,63:1; 3:167; 74:31,"[188.64, 143.417, 328.49, 153.49]","[0.36424, 0.200668, 0.634273, 0.214761]"
733,718,7,"punished 4:88,140,145; 9:68; 33:73;","punished 4:88,140,145; 9:68; 33:73;","[188.64, 153.49, 328.49, 163.562]","[0.36424, 0.214761, 0.634273, 0.228854]"
733,718,7,48:6; 57:13,48:6; 57:13,"[188.64, 163.562, 328.49, 173.634]","[0.36424, 0.228854, 0.634273, 0.242947]"
733,718,8,42:11; 59:24,42:11; 59:24,"[337.45, 130.351, 406.749, 140.909]","[0.651574, 0.182386, 0.785381, 0.197159]"
733,718,8,Injeel 48:29; 57:27,Injeel 48:29; 57:27,"[337.45, 140.909, 406.749, 151.467]","[0.651574, 0.197159, 0.785381, 0.211932]"
733,718,8,Injury 2:196; 5:45,Injury 2:196; 5:45,"[337.45, 151.467, 406.749, 162.026]","[0.651574, 0.211932, 0.785381, 0.226705]"
733,718,8,Injustice,Injustice,"[337.45, 162.026, 406.749, 172.584]","[0.651574, 0.226705, 0.785381, 0.241478]"
733,718,9,22:62; 30:40; 31:30; 37:159; 39:37;,22:62; 30:40; 31:30; 37:159; 39:37;,"[39.69, 141.601, 181.16, 151.898]","[0.076636, 0.198126, 0.349797, 0.212535]"
733,718,9,42:4; 43:82; 72:3; 87:1; 92:20,42:4; 43:82; 72:3; 87:1; 92:20,"[39.69, 151.898, 181.16, 162.196]","[0.076636, 0.212535, 0.349797, 0.226943]"
733,718,9,High Heaven 55:10; 56:10,High Heaven 55:10; 56:10,"[39.69, 162.196, 181.16, 172.493]","[0.076636, 0.226943, 0.349797, 0.241351]"
733,718,9,"Hoarding 3:157,180; 4:37; 9:34-35;","Hoarding 3:157,180; 4:37; 9:34-35;","[39.69, 172.493, 181.16, 182.791]","[0.076636, 0.241351, 0.349797, 0.255759]"
733,718,9,"10:11,58; 43:32; 57:20; 70:18;","10:11,58; 43:32; 57:20; 70:18;","[39.69, 182.791, 181.16, 193.088]","[0.076636, 0.255759, 0.349797, 0.270167]"
733,718,9,"102:1,8; 104:2","102:1,8; 104:2","[39.69, 193.088, 181.16, 203.386]","[0.076636, 0.270167, 0.349797, 0.284575]"
733,718,9,Holy Land 5:21; 95:3,Holy Land 5:21; 95:3,"[39.69, 203.386, 181.16, 213.683]","[0.076636, 0.284575, 0.349797, 0.298983]"
733,718,9,"Holy Spirit (see also Gabriel) 2:87,","Holy Spirit (see also Gabriel) 2:87,","[39.69, 213.683, 181.16, 223.981]","[0.076636, 0.298983, 0.349797, 0.313391]"
733,718,9,253; 5:110; 16:102; 97:4,253; 5:110; 16:102; 97:4,"[39.69, 223.981, 181.16, 234.278]","[0.076636, 0.313391, 0.349797, 0.327799]"
733,718,9,"Homes 2:84,229,243; 3:154,195; 4:15,","Homes 2:84,229,243; 3:154,195; 4:15,","[39.69, 234.278, 181.16, 244.576]","[0.076636, 0.327799, 0.349797, 0.342207]"
733,718,9,"100; 7:74,78; 8:5,47,72; 9:24,72;","100; 7:74,78; 8:5,47,72; 9:24,72;","[39.69, 244.576, 181.16, 254.873]","[0.076636, 0.342207, 0.349797, 0.356615]"
733,718,9,"10:87; 15:84; 16:41,68,110; 22:58;:","10:87; 15:84; 16:41,68,110; 22:58;:","[39.69, 254.873, 181.16, 265.171]","[0.076636, 0.356615, 0.349797, 0.371024]"
733,718,9,"24:27,29,61; 27:18; 29:41; 33:33,34,","24:27,29,61; 27:18; 29:41; 33:33,34,","[39.69, 265.171, 181.16, 275.468]","[0.076636, 0.371024, 0.349797, 0.385432]"
733,718,9,53; 59:8; 65:1; 71:28,53; 59:8; 65:1; 71:28,"[39.69, 275.468, 181.16, 285.765]","[0.076636, 0.385432, 0.349797, 0.39984]"
733,718,9,"Honesty 4:135; 5:107; 26:107,125,143,","Honesty 4:135; 5:107; 26:107,125,143,","[39.69, 285.765, 181.16, 296.063]","[0.076636, 0.39984, 0.349797, 0.414248]"
733,718,9,"162,178,193; 27:39; 28:26; 44:13,18;","162,178,193; 27:39; 28:26; 44:13,18;","[39.69, 296.063, 181.16, 306.36]","[0.076636, 0.414248, 0.349797, 0.428656]"
733,718,9,82:11,82:11,"[39.69, 306.36, 181.16, 316.658]","[0.076636, 0.428656, 0.349797, 0.443064]"
733,718,9,"Honoring, God 48:9","Honoring, God 48:9","[39.69, 316.658, 181.16, 326.955]","[0.076636, 0.443064, 0.349797, 0.457472]"
733,718,9,husband 4:34,husband 4:34,"[39.69, 326.955, 181.16, 337.253]","[0.076636, 0.457472, 0.349797, 0.47188]"
733,718,9,messengers 7:157; 17:16; 33:56,messengers 7:157; 17:16; 33:56,"[39.69, 337.253, 181.16, 347.55]","[0.076636, 0.47188, 0.349797, 0.486288]"
733,718,9,parents 4:36; 6:151; 17:23; 19:32;,parents 4:36; 6:151; 17:23; 19:32;,"[39.69, 347.55, 181.16, 357.848]","[0.076636, 0.486288, 0.349797, 0.500696]"
733,718,9,29:8; 31:14; 46:15,29:8; 31:14; 46:15,"[39.69, 357.848, 181.16, 368.145]","[0.076636, 0.500696, 0.349797, 0.515105]"
733,718,9,Honey 16:69; 47:15,Honey 16:69; 47:15,"[39.69, 368.145, 181.16, 378.443]","[0.076636, 0.515105, 0.349797, 0.529513]"
733,718,9,"Hood 7:65-72; 11:50-60,89; 26:123-140","Hood 7:65-72; 11:50-60,89; 26:123-140","[39.69, 378.443, 181.16, 388.74]","[0.076636, 0.529513, 0.349797, 0.543921]"
733,718,9,Hoopoe 27:20-24,Hoopoe 27:20-24,"[39.69, 388.74, 181.16, 399.038]","[0.076636, 0.543921, 0.349797, 0.558329]"
733,718,9,Hope 5:84; 7:56; 10:22; 13:12; 18:46;,Hope 5:84; 7:56; 10:22; 13:12; 18:46;,"[39.69, 399.038, 181.16, 409.335]","[0.076636, 0.558329, 0.349797, 0.572737]"
733,718,10,"none from God 2:272,281; 4:40,49,","none from God 2:272,281; 4:40,49,","[337.45, 174.001, 478.39, 184.328]","[0.651574, 0.24346, 0.923711, 0.257909]"
733,718,10,124; 8:60; 45:22,124; 8:60; 45:22,"[337.45, 184.328, 478.39, 194.654]","[0.651574, 0.257909, 0.923711, 0.272358]"
733,718,10,"response to 4:148; 22:39; 42:39,41","response to 4:148; 22:39; 42:39,41","[337.45, 194.654, 478.39, 204.981]","[0.651574, 0.272358, 0.923711, 0.286807]"
733,718,10,Ink 18:109; 31:27,Ink 18:109; 31:27,"[337.45, 204.981, 478.39, 215.307]","[0.651574, 0.286807, 0.923711, 0.301255]"
733,718,10,Innocence 4:112; 12:53; 18:74; 24:26,Innocence 4:112; 12:53; 18:74; 24:26,"[337.45, 215.307, 478.39, 225.634]","[0.651574, 0.301255, 0.923711, 0.315704]"
733,718,10,"Insecurity 2:239; 4:83,101; 8:26; 9:28","Insecurity 2:239; 4:83,101; 8:26; 9:28","[337.45, 225.634, 478.39, 235.96]","[0.651574, 0.315704, 0.923711, 0.330153]"
733,718,10,Inspiration 4:163-164; 6:121; 10:2;,Inspiration 4:163-164; 6:121; 10:2;,"[337.45, 235.96, 478.39, 246.287]","[0.651574, 0.330153, 0.923711, 0.344602]"
733,718,10,12:109; 16:68; 20:38; 40:15; 41:6;,12:109; 16:68; 20:38; 40:15; 41:6;,"[337.45, 246.287, 478.39, 256.613]","[0.651574, 0.344602, 0.923711, 0.35905]"
733,718,10,42:51-52; 46:9; 49:7; 53:4; 58:22,42:51-52; 46:9; 49:7; 53:4; 58:22,"[337.45, 256.613, 478.39, 266.94]","[0.651574, 0.35905, 0.923711, 0.373499]"
733,718,10,"Instinct 4:128; 7:172; 16:68; 30:28,30","Instinct 4:128; 7:172; 16:68; 30:28,30","[337.45, 266.94, 478.39, 277.266]","[0.651574, 0.373499, 0.923711, 0.387948]"
733,718,10,"Insulting 2:262-264,; 3:111; 33:48,57-","Insulting 2:262-264,; 3:111; 33:48,57-","[337.45, 277.266, 478.39, 287.593]","[0.651574, 0.387948, 0.923711, 0.402397]"
733,718,10,"60,69; 61:5","60,69; 61:5","[337.45, 287.593, 478.39, 297.92]","[0.651574, 0.402397, 0.923711, 0.416846]"
733,718,10,"Intelligence 2:179,197,269; 3:7,190;","Intelligence 2:179,197,269; 3:7,190;","[337.45, 297.92, 478.39, 308.246]","[0.651574, 0.416846, 0.923711, 0.431294]"
733,718,10,5:100; 12:111; 13:19; 14:52; 15:75;,5:100; 12:111; 13:19; 14:52; 15:75;,"[337.45, 308.246, 478.39, 318.573]","[0.651574, 0.431294, 0.923711, 0.445743]"
733,718,10,"20:54; 36:62; 38:29,43; 39:9,18,21;","20:54; 36:62; 38:29,43; 39:9,18,21;","[337.45, 318.573, 478.39, 328.899]","[0.651574, 0.445743, 0.923711, 0.460192]"
733,718,10,40:54; 65:10,40:54; 65:10,"[337.45, 328.899, 478.39, 339.226]","[0.651574, 0.460192, 0.923711, 0.474641]"
733,718,10,"Intentions 2:204,225,235;3:154;4:63,81","Intentions 2:204,225,235;3:154;4:63,81","[337.45, 339.226, 478.39, 349.552]","[0.651574, 0.474641, 0.923711, 0.48909]"
733,718,10,"5:7,89; 9:107; 33:5.51; 39:7; 42:24","5:7,89; 9:107; 33:5.51; 39:7; 42:24","[337.45, 349.552, 478.39, 359.879]","[0.651574, 0.48909, 0.923711, 0.503538]"
733,718,10,"Intercession 2:48,123,254; 19:87;","Intercession 2:48,123,254; 19:87;","[337.45, 359.879, 478.39, 370.205]","[0.651574, 0.503538, 0.923711, 0.517987]"
733,718,10,20:109; 21:28; 34:23; 36:23; 39:44;,20:109; 21:28; 34:23; 36:23; 39:44;,"[337.45, 370.205, 478.39, 380.532]","[0.651574, 0.517987, 0.923711, 0.532436]"
733,718,10,43:86; 74:48,43:86; 74:48,"[337.45, 380.532, 478.39, 390.858]","[0.651574, 0.532436, 0.923711, 0.546885]"
733,718,10,"Intercourse 2:187,197,222; 4:23,43;","Intercourse 2:187,197,222; 4:23,43;","[337.45, 390.858, 478.39, 401.185]","[0.651574, 0.546885, 0.923711, 0.561334]"
733,718,11,i,i,"[189.1, 183.228, 306.012, 194.157]","[0.365128, 0.256371, 0.590871, 0.271662]"
733,718,11,Iblis (see also Satan) 2:34; 7:11;,Iblis (see also Satan) 2:34; 7:11;,"[189.1, 194.157, 306.012, 205.085]","[0.365128, 0.271662, 0.590871, 0.286953]"
733,718,12,15:31-32; 17:61; 18:50; 20:116,15:31-32; 17:61; 18:50; 20:116,"[189.09, 206.801, 324.29, 216.909]","[0.365109, 0.289354, 0.626163, 0.303497]"
733,718,12,"Ideas, evil 5:48,49,52,77; 6:56; 7:200-","Ideas, evil 5:48,49,52,77; 6:56; 7:200-","[189.09, 216.909, 324.29, 227.017]","[0.365109, 0.303497, 0.626163, 0.31764]"
733,718,12,201; 20:96,201; 20:96,"[189.09, 227.017, 324.29, 237.126]","[0.365109, 0.31764, 0.626163, 0.331784]"
733,718,12,Idol worship,Idol worship,"[189.09, 237.126, 324.29, 247.234]","[0.365109, 0.331784, 0.626163, 0.345927]"
733,718,13,devil pushes 4:60; 16:100,devil pushes 4:60; 16:100,"[189.86, 248.801, 333.55, 258.503]","[0.366596, 0.348119, 0.644043, 0.361695]"
733,718,13,"grossness of 4:48,116; 6:137; 22:30;","grossness of 4:48,116; 6:137; 22:30;","[189.86, 258.503, 333.55, 268.205]","[0.366596, 0.361695, 0.644043, 0.37527]"
733,718,13,23:78,23:78,"[189.86, 268.205, 333.55, 277.908]","[0.366596, 0.37527, 0.644043, 0.388845]"
733,718,13,"invention 16:35;35:14;42:21;43:20,21","invention 16:35;35:14;42:21;43:20,21","[189.86, 277.908, 333.55, 287.61]","[0.366596, 0.388845, 0.644043, 0.40242]"
733,718,13,prevalence 12:106; 30:42,prevalence 12:106; 30:42,"[189.86, 287.61, 333.55, 297.312]","[0.366596, 0.40242, 0.644043, 0.415996]"
733,718,13,"rejecting 2:256; 3:67,95; 6:161;","rejecting 2:256; 3:67,95; 6:161;","[189.86, 297.312, 333.55, 307.014]","[0.366596, 0.415996, 0.644043, 0.429571]"
733,718,13,14:35; 16:123; 18:16; 19:82; 30:31;,14:35; 16:123; 18:16; 19:82; 30:31;,"[189.86, 307.014, 333.55, 316.716]","[0.366596, 0.429571, 0.644043, 0.443146]"
733,718,13,31:13; 40:66,31:13; 40:66,"[189.86, 316.716, 333.55, 326.419]","[0.366596, 0.443146, 0.644043, 0.456721]"
733,718,13,results of 33:73; 37:163; 39:65;,results of 33:73; 37:163; 39:65;,"[189.86, 326.419, 333.55, 336.121]","[0.366596, 0.456721, 0.644043, 0.470296]"
733,718,13,46:6; 48:6,46:6; 48:6,"[189.86, 336.121, 333.55, 345.823]","[0.366596, 0.470296, 0.644043, 0.483872]"
733,718,13,"types of idols 2:51,92;3:79-80;4:115,","types of idols 2:51,92;3:79-80;4:115,","[189.86, 345.823, 333.55, 355.525]","[0.366596, 0.483872, 0.644043, 0.497447]"
733,718,13,"117;5:17,72-73; 7:190,194; 10:18;","117;5:17,72-73; 7:190,194; 10:18;","[189.86, 355.525, 333.55, 365.227]","[0.366596, 0.497447, 0.644043, 0.511022]"
733,718,13,"14:22; 18:42,45,102; 21:21; 25:43;","14:22; 18:42,45,102; 21:21; 25:43;","[189.86, 365.227, 333.55, 374.93]","[0.366596, 0.511022, 0.644043, 0.524597]"
733,718,13,34:40-41; 45:23,34:40-41; 45:23,"[189.86, 374.93, 333.55, 384.632]","[0.366596, 0.524597, 0.644043, 0.538172]"
733,718,13,Idol worshipers,Idol worshipers,"[189.86, 384.632, 333.55, 394.334]","[0.366596, 0.538172, 0.644043, 0.551748]"
733,718,14,abuse believers 2:105; 3:186; 5:82,abuse believers 2:105; 3:186; 5:82,"[190.089, 395.801, 330.199, 405.699]","[0.367038, 0.5538, 0.637573, 0.567649]"
733,718,14,believe in God 29:61,believe in God 29:61,"[190.089, 405.699, 330.199, 415.597]","[0.367038, 0.567649, 0.637573, 0.581499]"
733,718,14,in hereafter 6:22;10:28;37:163;98:6,in hereafter 6:22;10:28;37:163;98:6,"[190.089, 415.597, 330.199, 425.495]","[0.367038, 0.581499, 0.637573, 0.595348]"
733,718,14,"relations with 2:109,221; 6:106,121;","relations with 2:109,221; 6:106,121;","[190.089, 425.495, 330.199, 435.393]","[0.367038, 0.595348, 0.637573, 0.609197]"
733,718,14,"9:1,4-7,12,17,23,28,36,113; 15:94;","9:1,4-7,12,17,23,28,36,113; 15:94;","[190.089, 435.393, 330.199, 445.291]","[0.367038, 0.609197, 0.637573, 0.623046]"
733,718,14,16:86; 22:17; 60:10,16:86; 22:17; 60:10,"[190.089, 445.291, 330.199, 455.189]","[0.367038, 0.623046, 0.637573, 0.636895]"
733,718,14,Idris 19:56; 21:85,Idris 19:56; 21:85,"[190.089, 455.189, 330.199, 465.087]","[0.367038, 0.636895, 0.637573, 0.650744]"
733,718,14,"Ignorance 3:154; 4:17; 6:54,108,140;","Ignorance 3:154; 4:17; 6:54,108,140;","[190.089, 465.087, 330.199, 474.985]","[0.367038, 0.650744, 0.637573, 0.664594]"
733,718,15,5:6; 33:4; 58:3-4; 70:30,5:6; 33:4; 58:3-4; 70:30,"[337.7, 403.001, 474.7, 413.349]","[0.652056, 0.563874, 0.916586, 0.578353]"
733,718,15,"Interim, for divorcees 2:228,231-235;","Interim, for divorcees 2:228,231-235;","[337.7, 413.349, 474.7, 423.696]","[0.652056, 0.578353, 0.916586, 0.592831]"
733,718,15,33:49; 65:1-4,33:49; 65:1-4,"[337.7, 423.696, 474.7, 434.044]","[0.652056, 0.592831, 0.916586, 0.607309]"
733,718,15,for widows 2:234,for widows 2:234,"[337.7, 434.044, 474.7, 444.391]","[0.652056, 0.607309, 0.916586, 0.621787]"
733,718,15,"Interpretation 3:7; 7:53; 12:6,21","Interpretation 3:7; 7:53; 12:6,21","[337.7, 444.391, 474.7, 454.739]","[0.652056, 0.621787, 0.916586, 0.636265]"
733,718,15,Intimidation 7:116; 30:60,Intimidation 7:116; 30:60,"[337.7, 454.739, 474.7, 465.086]","[0.652056, 0.636265, 0.916586, 0.650744]"
733,718,15,Intoxicants 2:219; 5:90-91; 16:67;,Intoxicants 2:219; 5:90-91; 16:67;,"[337.7, 465.086, 474.7, 475.434]","[0.652056, 0.650744, 0.916586, 0.665222]"
733,718,16,"26:51,82; 30:24; 32:16","26:51,82; 30:24; 32:16","[41.501, 411.001, 166.156, 421.129]","[0.080133, 0.575068, 0.320826, 0.589238]"
733,718,16,Horizons 41:53; 53:7; 81:23,Horizons 41:53; 53:7; 81:23,"[41.501, 421.129, 166.156, 431.256]","[0.080133, 0.589238, 0.320826, 0.603409]"
733,718,16,Horn 18:99; 20:102; 23:101; 27:87;,Horn 18:99; 20:102; 23:101; 27:87;,"[41.501, 431.256, 166.156, 441.384]","[0.080133, 0.603409, 0.320826, 0.617579]"
733,718,17,36:51; 39:68; 50:20; 69:13; 78:18,36:51; 39:68; 50:20; 69:13; 78:18,"[41.91, 442.951, 177.909, 453.149]","[0.080923, 0.619772, 0.34352, 0.634042]"
733,718,17,"Homs, one with two horns 18:83-98","Homs, one with two horns 18:83-98","[41.91, 453.149, 177.909, 463.348]","[0.080923, 0.634042, 0.34352, 0.648311]"
733,718,17,Horses 3:14; 16:8; 17:64; 38:31; 59:6,Horses 3:14; 16:8; 17:64; 38:31; 59:6,"[41.91, 463.348, 177.909, 473.547]","[0.080923, 0.648311, 0.34352, 0.662581]"
733,718,17,"Hosting 12:59,100; 18:77","Hosting 12:59,100; 18:77","[41.91, 473.547, 177.909, 483.745]","[0.080923, 0.662581, 0.34352, 0.676851]"
733,718,17,"Humans, creation of, see Creation","Humans, creation of, see Creation","[41.91, 483.745, 177.909, 493.944]","[0.080923, 0.676851, 0.34352, 0.69112]"
733,718,17,evil 6:112; 21:3; 33:72; 72:6,evil 6:112; 21:3; 33:72; 72:6,"[41.91, 493.944, 177.909, 504.142]","[0.080923, 0.69112, 0.34352, 0.70539]"
733,718,17,"faults 4:28,128; 10:12; 11:9; 14:34;","faults 4:28,128; 10:12; 11:9; 14:34;","[41.91, 504.142, 177.909, 514.341]","[0.080923, 0.70539, 0.34352, 0.71966]"
733,718,17,"17:11,83,100; 18:54; 21:37; 33:72;","17:11,83,100; 18:54; 21:37; 33:72;","[41.91, 514.341, 177.909, 524.539]","[0.080923, 0.71966, 0.34352, 0.733929]"
733,718,17,41:49;70:19;75:5;80:17;89:15;96:6,41:49;70:19;75:5;80:17;89:15;96:6,"[41.91, 524.539, 177.909, 534.738]","[0.080923, 0.733929, 0.34352, 0.748199]"
733,718,17,messengers 3:79; 12:109; 16:43;,messengers 3:79; 12:109; 16:43;,"[41.91, 534.738, 177.909, 544.936]","[0.080923, 0.748199, 0.34352, 0.762469]"
733,718,17,17:93-94; 18:110; 23:33-34,17:93-94; 18:110; 23:33-34,"[41.91, 544.936, 177.909, 555.135]","[0.080923, 0.762469, 0.34352, 0.776738]"
733,718,17,witnessed 17:13; 75:36,witnessed 17:13; 75:36,"[41.91, 555.135, 177.909, 565.333]","[0.080923, 0.776738, 0.34352, 0.791008]"
733,718,17,Humbleness 5:54; 12:88; 15:88;,Humbleness 5:54; 12:88; 15:88;,"[41.91, 565.333, 177.909, 575.532]","[0.080923, 0.791008, 0.34352, 0.805278]"
733,718,18,"16:25,119; 33:33,72; 49:6","16:25,119; 33:33,72; 49:6","[190.3, 476.801, 319.892, 486.517]","[0.367445, 0.667134, 0.617671, 0.68073]"
733,718,18,"Ignorant 6:35; 7:199; 9:97; 11:29,46;","Ignorant 6:35; 7:199; 9:97; 11:29,46;","[190.3, 486.517, 319.892, 496.234]","[0.367445, 0.68073, 0.617671, 0.694325]"
733,718,19,22:2; 47:15,22:2; 47:15,"[337.89, 477.535, 476.09, 487.879]","[0.652423, 0.668162, 0.91927, 0.682635]"
733,718,19,Intoxication 4:43; 15:72; 22:2; 50:19,Intoxication 4:43; 15:72; 22:2; 50:19,"[337.89, 487.879, 476.09, 498.224]","[0.652423, 0.682635, 0.91927, 0.697109]"
733,718,19,"Invasion 17:51 27:34; 33:14; 100:3,5","Invasion 17:51 27:34; 33:14; 100:3,5","[337.89, 498.224, 476.09, 508.568]","[0.652423, 0.697109, 0.91927, 0.711583]"
733,718,19,"Inventions, in religion 2:169; 3:24,75;","Inventions, in religion 2:169; 3:24,75;","[337.89, 508.568, 476.09, 518.913]","[0.652423, 0.711583, 0.91927, 0.726057]"
733,718,19,"6:100,112-114; 10:30,59-60; 11:21;","6:100,112-114; 10:30,59-60; 11:21;","[337.89, 518.913, 476.09, 529.257]","[0.652423, 0.726057, 0.91927, 0.740531]"
733,718,19,"16:116; 17:56,73; 37:158; 42:21;","16:116; 17:56,73; 37:158; 42:21;","[337.89, 529.257, 476.09, 539.602]","[0.652423, 0.740531, 0.91927, 0.755004]"
733,718,19,57:27; 60:12,57:27; 60:12,"[337.89, 539.602, 476.09, 549.946]","[0.652423, 0.755004, 0.91927, 0.769478]"
733,718,19,Investigate 4:94; 49:6,Investigate 4:94; 49:6,"[337.89, 549.946, 476.09, 560.29]","[0.652423, 0.769478, 0.91927, 0.783952]"
733,718,19,Inviting,Inviting,"[337.89, 560.29, 476.09, 570.635]","[0.652423, 0.783952, 0.91927, 0.798426]"
733,718,20,"12:33,89; 25:63; 28:55","12:33,89; 25:63; 28:55","[190.449, 498.001, 317.337, 507.543]","[0.367733, 0.696797, 0.612738, 0.710148]"
733,718,20,Ignoring 7:176; 28:55; 32:14; 44:14;,Ignoring 7:176; 28:55; 32:14; 44:14;,"[190.449, 507.543, 317.337, 517.085]","[0.367733, 0.710148, 0.612738, 0.723499]"
733,718,21,46:26; 75:21; 76:27,46:26; 75:21; 76:27,"[190.55, 519.001, 317.83, 528.617]","[0.367928, 0.72618, 0.61369, 0.739636]"
733,718,21,"Illness 2:184-185,196; 4:43,102; 5:6;","Illness 2:184-185,196; 4:43,102; 5:6;","[190.55, 528.617, 317.83, 538.234]","[0.367928, 0.739636, 0.61369, 0.753091]"
733,718,22,9:91; 48:17; 73:20,9:91; 48:17; 73:20,"[190.55, 539.901, 309.694, 549.946]","[0.367928, 0.755423, 0.59798, 0.769478]"
733,718,22,Illiterates 2:78,Illiterates 2:78,"[190.55, 549.946, 309.694, 559.99]","[0.367928, 0.769478, 0.59798, 0.783532]"
733,718,22,Illusion 3:185; 4:120; 6:32; 17:64;,Illusion 3:185; 4:120; 6:32; 17:64;,"[190.55, 559.99, 309.694, 570.035]","[0.367928, 0.783532, 0.59798, 0.797587]"
733,718,23,35:40; 57:20,35:40; 57:20,"[190.69, 571.835, 317.232, 581.902]","[0.368198, 0.800105, 0.612535, 0.81419]"
733,718,23,Imams 2:124; 21:73; 28:41; 32:24,Imams 2:124; 21:73; 28:41; 32:24,"[190.69, 581.902, 317.232, 591.968]","[0.368198, 0.81419, 0.612535, 0.828275]"
733,718,23,"Immigration 2:218; 3:195; 8:5-6,72,","Immigration 2:218; 3:195; 8:5-6,72,","[190.69, 591.968, 317.232, 602.035]","[0.368198, 0.828275, 0.612535, 0.842361]"
733,718,24,"to guidance 7:193,198; 8:24; 12:108;","to guidance 7:193,198; 8:24; 12:108;","[338.5, 572.051, 481.3, 582.349]","[0.653601, 0.800407, 0.92933, 0.814816]"
733,718,24,16:125; 22:67; 24:51; 61:7,16:125; 22:67; 24:51; 61:7,"[338.5, 582.349, 481.3, 592.647]","[0.653601, 0.814816, 0.92933, 0.829225]"
733,718,24,to hell 2:221; 14:22 22:4,to hell 2:221; 14:22 22:4,"[338.5, 592.647, 481.3, 602.946]","[0.653601, 0.829225, 0.92933, 0.843634]"
733,718,24,"Invoking 3:36; 16:106; 17:11,16 72:18","Invoking 3:36; 16:106; 17:11,16 72:18","[338.5, 602.946, 481.3, 613.244]","[0.653601, 0.843634, 0.92933, 0.858044]"
733,718,24,Iron 17:50; 18:96; 22:21; 34:10; 57:25,Iron 17:50; 18:96; 22:21; 34:10; 57:25,"[338.5, 613.244, 481.3, 623.542]","[0.653601, 0.858044, 0.92933, 0.872453]"
733,718,24,Irony 2:213; 10:93; 43:87,Irony 2:213; 10:93; 43:87,"[338.5, 623.542, 481.3, 633.84]","[0.653601, 0.872453, 0.92933, 0.886862]"
733,718,24,"Isaac 2:133,136,140; 3:84; 4:163; 6:84;","Isaac 2:133,136,140; 3:84; 4:163; 6:84;","[338.5, 633.84, 481.3, 644.138]","[0.653601, 0.886862, 0.92933, 0.901271]"
733,718,24,11:71; 12:6.38; 14:39; 19:49; 21:72;,11:71; 12:6.38; 14:39; 19:49; 21:72;,"[338.5, 644.138, 481.3, 654.436]","[0.653601, 0.901271, 0.92933, 0.91568]"
733,718,24,29:27; 37:112-113; 38:45,29:27; 37:112-113; 38:45,"[338.5, 654.436, 481.3, 664.735]","[0.653601, 0.91568, 0.92933, 0.930089]"
733,718,24,"Ismael 2L125,127,133,140; 3:84;","Ismael 2L125,127,133,140; 3:84;","[338.5, 664.735, 481.3, 675.033]","[0.653601, 0.930089, 0.92933, 0.944498]"
733,718,25,17:24; 21:90; 25:63; 31:19; 52:26;,17:24; 21:90; 25:63; 31:19; 52:26;,"[42.249, 577.101, 172.9, 586.779]","[0.081578, 0.807473, 0.333848, 0.821014]"
733,718,25,54:7; 79:19,54:7; 79:19,"[42.249, 586.779, 172.9, 596.456]","[0.081578, 0.821014, 0.333848, 0.834555]"
733,718,25,Humiliation,Humiliation,"[42.249, 596.456, 172.9, 606.134]","[0.081578, 0.834555, 0.333848, 0.848096]"
733,718,26,"75; 16:41-42,110; 33:6; 59:8-10","75; 16:41-42,110; 33:6; 59:8-10","[190.89, 603.601, 312.79, 613.143]","[0.368585, 0.844552, 0.603958, 0.857903]"
733,718,26,"Immortality 7:20; 21:8,34; 56:17;","Immortality 7:20; 21:8,34; 56:17;","[190.89, 613.143, 312.79, 622.685]","[0.368585, 0.857903, 0.603958, 0.871254]"
733,718,27,"in this life 2:71,85,114; 3:112; 9:14;","in this life 2:71,85,114; 3:112; 9:14;","[42.49, 607.701, 184.04, 617.843]","[0.082043, 0.850288, 0.355358, 0.864479]"
733,718,27,27:34; 41:16; 44:30; 54:10; 67:22;,27:34; 41:16; 44:30; 54:10; 67:22;,"[42.49, 617.843, 184.04, 627.984]","[0.082043, 0.864479, 0.355358, 0.878669]"
733,718,27,89:16-17,89:16-17,"[42.49, 627.984, 184.04, 638.126]","[0.082043, 0.878669, 0.355358, 0.892859]"
733,718,27,"in hereafter 2:90; 4:14,37,102; 6:93;","in hereafter 2:90; 4:14,37,102; 6:93;","[42.49, 638.126, 184.04, 648.268]","[0.082043, 0.892859, 0.355358, 0.907049]"
733,718,27,9:63; 19:72; 22:57; 42:45; 88:2,9:63; 19:72; 22:57; 42:45; 88:2,"[42.49, 648.268, 184.04, 658.41]","[0.082043, 0.907049, 0.355358, 0.921239]"
733,718,27,"spared 10:26,98;11:66;20:112;44:30","spared 10:26,98;11:66;20:112;44:30","[42.49, 658.41, 184.04, 668.552]","[0.082043, 0.921239, 0.355358, 0.93543]"
733,718,27,Hunain 9:25,Hunain 9:25,"[42.49, 668.552, 184.04, 678.693]","[0.082043, 0.93543, 0.355358, 0.94962]"
733,718,27,"Hundred 2:259,261; 8:66; 24:2","Hundred 2:259,261; 8:66; 24:2","[42.49, 678.693, 184.04, 688.835]","[0.082043, 0.94962, 0.355358, 0.96381]"
733,718,28,76:19; 104:3,76:19; 104:3,"[190.9, 624.635, 311.34, 634.868]","[0.368604, 0.873982, 0.601158, 0.8883]"
733,718,28,"Imploring 6:40-42,52; 7:55,56,94;","Imploring 6:40-42,52; 7:55,56,94;","[190.9, 634.868, 311.34, 645.101]","[0.368604, 0.8883, 0.601158, 0.902618]"
733,718,28,"10:12,22; 27:62; 31:32; 35:18;","10:12,22; 27:62; 31:32; 35:18;","[190.9, 645.101, 311.34, 655.335]","[0.368604, 0.902618, 0.601158, 0.916937]"
733,718,28,"40:74; 41:49,51; 51:18","40:74; 41:49,51; 51:18","[190.9, 655.335, 311.34, 665.568]","[0.368604, 0.916937, 0.601158, 0.931255]"
733,718,28,Impurity 4:43; 5:6; 33:33,Impurity 4:43; 5:6; 33:33,"[190.9, 665.568, 311.34, 675.801]","[0.368604, 0.931255, 0.601158, 0.945573]"
733,718,28,"Imran 3:33,35; 66:12","Imran 3:33,35; 66:12","[190.9, 675.801, 311.34, 686.034]","[0.368604, 0.945573, 0.601158, 0.959891]"
733,718,29,4:163; 6:96; 14:39; 19:54; 21:85;,4:163; 6:96; 14:39; 19:54; 21:85;,"[349.45, 676.835, 463.786, 684.835]","[0.674744, 0.94702, 0.895513, 0.958213]"
734,719,1,"messengers’ 4:65; 21:78; 38:20,24;","messengers’ 4:65; 21:78; 38:20,24;","[189.35, 16.451, 325.64, 26.774]","[0.365611, 0.023018, 0.62877, 0.037462]"
734,719,1,40:78,40:78,"[189.35, 26.774, 325.64, 37.097]","[0.365611, 0.037462, 0.62877, 0.051905]"
734,719,1,Jugular 50:16,Jugular 50:16,"[189.35, 37.097, 325.64, 47.42]","[0.365611, 0.051905, 0.62877, 0.066349]"
734,719,1,Jurisprudence see Law,Jurisprudence see Law,"[189.35, 47.42, 325.64, 57.742]","[0.365611, 0.066349, 0.62877, 0.080793]"
734,719,1,"Justice (see also Law) 2:182; 6:115,","Justice (see also Law) 2:182; 6:115,","[189.35, 57.742, 325.64, 68.065]","[0.365611, 0.080793, 0.62877, 0.095236]"
734,719,1,"151-152; 7:29; 16:76,90; 17:33;","151-152; 7:29; 16:76,90; 17:33;","[189.35, 68.065, 325.64, 78.388]","[0.365611, 0.095236, 0.62877, 0.10968]"
734,719,1,25:68; 41:15; 49:9; 57:25; 78:26,25:68; 41:15; 49:9; 57:25; 78:26,"[189.35, 78.388, 325.64, 88.711]","[0.365611, 0.10968, 0.62877, 0.124124]"
734,719,1,"Justification 7:33,146; 33:58; 46:20","Justification 7:33,146; 33:58; 46:20","[189.35, 88.711, 325.64, 99.034]","[0.365611, 0.124124, 0.62877, 0.138567]"
734,719,2,37:102-108; 38:48,37:102-108; 38:48,"[39.95, 16.601, 117.2, 26.118]","[0.077138, 0.023228, 0.226298, 0.036544]"
734,719,2,Islam,Islam,"[39.95, 26.118, 117.2, 35.635]","[0.077138, 0.036544, 0.226298, 0.04986]"
734,719,3,Laugh 9:82; 11:71; 23:110; 43:47;,Laugh 9:82; 11:71; 23:110; 43:47;,"[338.5, 17.335, 458.148, 25.335]","[0.653601, 0.024255, 0.884626, 0.035449]"
734,719,4,"53:60; 83:29,34","53:60; 83:29,34","[338.5, 27.035, 476.69, 36.808]","[0.653601, 0.037827, 0.920429, 0.051502]"
734,719,4,"Laws, adultery 4:15-16,25; 24:1-10","Laws, adultery 4:15-16,25; 24:1-10","[338.5, 36.808, 476.69, 46.581]","[0.653601, 0.051502, 0.920429, 0.065176]"
734,719,4,equivalence 2:178-179,equivalence 2:178-179,"[338.5, 46.581, 476.69, 56.354]","[0.653601, 0.065176, 0.920429, 0.07885]"
734,719,4,food 2:168; 3:93; 5:88; 6:138;,food 2:168; 3:93; 5:88; 6:138;,"[338.5, 56.354, 476.69, 66.127]","[0.653601, 0.07885, 0.920429, 0.092525]"
734,719,4,"7:32,177; 16:114","7:32,177; 16:114","[338.5, 66.127, 476.69, 75.9]","[0.653601, 0.092525, 0.920429, 0.106199]"
734,719,4,"divorce & remarraige 2:226-233,","divorce & remarraige 2:226-233,","[338.5, 75.9, 476.69, 85.674]","[0.653601, 0.106199, 0.920429, 0.119873]"
734,719,4,"236-7,241; 33:49; 65:1-7","236-7,241; 33:49; 65:1-7","[338.5, 85.674, 476.69, 95.447]","[0.653601, 0.119873, 0.920429, 0.133548]"
734,719,4,"inherritance 2:180-182; 4:7-13,176;","inherritance 2:180-182; 4:7-13,176;","[338.5, 95.447, 476.69, 105.22]","[0.653601, 0.133548, 0.920429, 0.147222]"
734,719,4,5:106-108,5:106-108,"[338.5, 105.22, 476.69, 114.993]","[0.653601, 0.147222, 0.920429, 0.160897]"
734,719,4,"God is source 3:23; 5:43,50; 6:114;","God is source 3:23; 5:43,50; 6:114;","[338.5, 114.993, 476.69, 124.766]","[0.653601, 0.160897, 0.920429, 0.174571]"
734,719,4,27:78; 41:12; 60:10; 65:8; 66:2,27:78; 41:12; 60:10; 65:8; 66:2,"[338.5, 124.766, 476.69, 134.539]","[0.653601, 0.174571, 0.920429, 0.188245]"
734,719,4,"marraige 4:22-25; 33:37,50-52;","marraige 4:22-25; 33:37,50-52;","[338.5, 134.539, 476.69, 144.312]","[0.653601, 0.188245, 0.920429, 0.20192]"
734,719,4,58:1-4; 60:10,58:1-4; 60:10,"[338.5, 144.312, 476.69, 154.085]","[0.653601, 0.20192, 0.920429, 0.215594]"
734,719,5,Abraham’s religion (see Abraham),Abraham’s religion (see Abraham),"[40.2, 37.601, 184.9, 47.344]","[0.077621, 0.052611, 0.357019, 0.066244]"
734,719,5,"embracing 6:125; 9:74; 30:30,43;","embracing 6:125; 9:74; 30:30,43;","[40.2, 47.344, 184.9, 57.088]","[0.077621, 0.066244, 0.357019, 0.079876]"
734,719,5,39:22; 49:17,39:22; 49:17,"[40.2, 57.088, 184.9, 66.831]","[0.077621, 0.079876, 0.357019, 0.093509]"
734,719,5,"God’s religion 3:19,83; 5:3; 6:125","God’s religion 3:19,83; 5:3; 6:125","[40.2, 66.831, 184.9, 76.574]","[0.077621, 0.093509, 0.357019, 0.107142]"
734,719,5,perfect religion 6:161; 9:36; 12:40;,perfect religion 6:161; 9:36; 12:40;,"[40.2, 76.574, 184.9, 86.317]","[0.077621, 0.107142, 0.357019, 0.120774]"
734,719,5,98:5,98:5,"[40.2, 86.317, 184.9, 96.061]","[0.077621, 0.120774, 0.357019, 0.134407]"
734,719,5,rejection of 3:85; 9:74; 61:7,rejection of 3:85; 9:74; 61:7,"[40.2, 96.061, 184.9, 105.804]","[0.077621, 0.134407, 0.357019, 0.14804]"
734,719,5,"will prevail 9:33,36; 48:28 61:9","will prevail 9:33,36; 48:28 61:9","[40.2, 105.804, 184.9, 115.547]","[0.077621, 0.14804, 0.357019, 0.161672]"
734,719,5,"Israel, see Children of Israel, Jacob,","Israel, see Children of Israel, Jacob,","[40.2, 115.547, 184.9, 125.291]","[0.077621, 0.161672, 0.357019, 0.175305]"
734,719,5,Jews,Jews,"[40.2, 125.291, 184.9, 135.034]","[0.077621, 0.175305, 0.357019, 0.188938]"
734,719,6,K,K,"[190.1, 110.019, 318.876, 120.477]","[0.367059, 0.153937, 0.61571, 0.16857]"
734,719,6,"Kaaba 2:125-127,217; 3:96-97; 5:95,","Kaaba 2:125-127,217; 3:96-97; 5:95,","[190.1, 120.477, 318.876, 130.935]","[0.367059, 0.16857, 0.61571, 0.183203]"
734,719,7,97; 14:37; 28:57; 29:67; 52:4-5,97; 14:37; 28:57; 29:67; 52:4-5,"[190.19, 132.601, 310.89, 142.622]","[0.367233, 0.185534, 0.60029, 0.199555]"
734,719,7,"keepers, of Kaaba 8:34; 9:19","keepers, of Kaaba 8:34; 9:19","[190.19, 142.622, 310.89, 152.642]","[0.367233, 0.199555, 0.60029, 0.213576]"
734,719,7,Keys 6:59; 24:61; 28:76; 42:12,Keys 6:59; 24:61; 28:76; 42:12,"[190.19, 152.642, 310.89, 162.663]","[0.367233, 0.213576, 0.60029, 0.227597]"
734,719,7,Killing,Killing,"[190.19, 162.663, 310.89, 172.684]","[0.367233, 0.227597, 0.60029, 0.241617]"
734,719,8,J,J,"[40.2, 135.801, 181.979, 146.05]","[0.077621, 0.190012, 0.351379, 0.204351]"
734,719,8,"Jacob 2:132,133,136,140; 3:84; 4:163;","Jacob 2:132,133,136,140; 3:84; 4:163;","[40.2, 146.05, 181.979, 156.298]","[0.077621, 0.204351, 0.351379, 0.218691]"
734,719,8,"6:84; 11:71; 12:6,38,68; 19:6,49,58;","6:84; 11:71; 12:6,38,68; 19:6,49,58;","[40.2, 156.298, 181.979, 166.547]","[0.077621, 0.218691, 0.351379, 0.23303]"
734,719,8,21:72; 38:45,21:72; 38:45,"[40.2, 166.547, 181.979, 176.795]","[0.077621, 0.23303, 0.351379, 0.24737]"
734,719,8,"Jealousy 2:105,109,213; 3:109; 5:59,","Jealousy 2:105,109,213; 3:109; 5:59,","[40.2, 176.795, 181.979, 187.043]","[0.077621, 0.24737, 0.351379, 0.261709]"
734,719,8,"64,68; 6:53; 12:5; 42:14; 45:17","64,68; 6:53; 12:5; 42:14; 45:17","[40.2, 187.043, 181.979, 197.292]","[0.077621, 0.261709, 0.351379, 0.276048]"
734,719,8,"Jesus 2:87,116,136,253; 3:42-59,84;","Jesus 2:87,116,136,253; 3:42-59,84;","[40.2, 197.292, 181.979, 207.54]","[0.077621, 0.276048, 0.351379, 0.290388]"
734,719,8,"4:157,163,171-172; 5:46,78,110-118;","4:157,163,171-172; 5:46,78,110-118;","[40.2, 207.54, 181.979, 217.789]","[0.077621, 0.290388, 0.351379, 0.304727]"
734,719,8,"6:85,101; 10:68; 19:34-36; 33:7;","6:85,101; 10:68; 19:34-36; 33:7;","[40.2, 217.789, 181.979, 228.037]","[0.077621, 0.304727, 0.351379, 0.319067]"
734,719,8,"42:13; 43:57-64,81; 57:27; 61:6,14","42:13; 43:57-64,81; 57:27; 61:6,14","[40.2, 228.037, 181.979, 238.285]","[0.077621, 0.319067, 0.351379, 0.333406]"
734,719,8,Jewelry 7:148; 13:17; 18:31; 20:87;,Jewelry 7:148; 13:17; 18:31; 20:87;,"[40.2, 238.285, 181.979, 248.534]","[0.077621, 0.333406, 0.351379, 0.347746]"
734,719,9,murder 2:178-179; 4:92-93; 5:32,murder 2:178-179; 4:92-93; 5:32,"[338.64, 156.185, 479.101, 166.304]","[0.653871, 0.218532, 0.925084, 0.23269]"
734,719,9,thievery 5:38-39,thievery 5:38-39,"[338.64, 166.304, 479.101, 176.422]","[0.653871, 0.23269, 0.925084, 0.246848]"
734,719,9,Leaders 9:12;14:21;16:63;17:16;18:21;,Leaders 9:12;14:21;16:63;17:16;18:21;,"[338.64, 176.422, 479.101, 186.541]","[0.653871, 0.246848, 0.925084, 0.261006]"
734,719,9,23:64;28:5;34:31-34;40:47-48;43:23,23:64;28:5;34:31-34;40:47-48;43:23,"[338.64, 186.541, 479.101, 196.66]","[0.653871, 0.261006, 0.925084, 0.275164]"
734,719,9,mislead 2:166; 9:31; 33:67,mislead 2:166; 9:31; 33:67,"[338.64, 196.66, 479.101, 206.778]","[0.653871, 0.275164, 0.925084, 0.289322]"
734,719,9,Leaf 6:59,Leaf 6:59,"[338.64, 206.778, 479.101, 216.897]","[0.653871, 0.289322, 0.925084, 0.30348]"
734,719,9,"Learning 2:102; 6:91,105; 7:62; 9:70;","Learning 2:102; 6:91,105; 7:62; 9:70;","[338.64, 216.897, 479.101, 227.015]","[0.653871, 0.30348, 0.925084, 0.317637]"
734,719,9,"18:66; 51:38,41; 54:15,17,22,32,","18:66; 51:38,41; 54:15,17,22,32,","[338.64, 227.015, 479.101, 237.134]","[0.653871, 0.317637, 0.925084, 0.331795]"
734,719,9,"40,51; 59:2","40,51; 59:2","[338.64, 237.134, 479.101, 247.253]","[0.653871, 0.331795, 0.925084, 0.345953]"
734,719,9,Legs 7:195; 27:44; 38:33; 68:42; 75:29,Legs 7:195; 27:44; 38:33; 68:42; 75:29,"[338.64, 247.253, 479.101, 257.371]","[0.653871, 0.345953, 0.925084, 0.360111]"
734,719,9,Leprous 3:49; 5:110,Leprous 3:49; 5:110,"[338.64, 257.371, 479.101, 267.49]","[0.653871, 0.360111, 0.925084, 0.374269]"
734,719,9,Lessons (see also Examples),Lessons (see also Examples),"[338.64, 267.49, 479.101, 277.609]","[0.653871, 0.374269, 0.925084, 0.388427]"
734,719,9,"from life 3:13; 30:21,37; 39:42,52","from life 3:13; 30:21,37; 39:42,52","[338.64, 277.609, 479.101, 287.727]","[0.653871, 0.388427, 0.925084, 0.402585]"
734,719,9,"from nature 16:11,13,66; 24:44;","from nature 16:11,13,66; 24:44;","[338.64, 287.727, 479.101, 297.846]","[0.653871, 0.402585, 0.925084, 0.416743]"
734,719,9,26:7-8; 29:44; 13:4; 16:12; 20:54,26:7-8; 29:44; 13:4; 16:12; 20:54,"[338.64, 297.846, 479.101, 307.964]","[0.653871, 0.416743, 0.925084, 0.4309]"
734,719,9,from past 11:103; 12:7; 15:51-77;,from past 11:103; 12:7; 15:51-77;,"[338.64, 307.964, 479.101, 318.083]","[0.653871, 0.4309, 0.925084, 0.445058]"
734,719,9,20:128; 25:37; 26:10-190; 27:52;,20:128; 25:37; 26:10-190; 27:52;,"[338.64, 318.083, 479.101, 328.202]","[0.653871, 0.445058, 0.925084, 0.459216]"
734,719,9,"29:15,35;38:43;43:8;50:36-37;54:15","29:15,35;38:43;43:8;50:36-37;54:15","[338.64, 328.202, 479.101, 338.32]","[0.653871, 0.459216, 0.925084, 0.473374]"
734,719,9,"Letters, alphabet see Quranic Initials","Letters, alphabet see Quranic Initials","[338.64, 338.32, 479.101, 348.439]","[0.653871, 0.473374, 0.925084, 0.487532]"
734,719,9,"Liars 3:61; 6:28; 9:43,43,107; 11:93;","Liars 3:61; 6:28; 9:43,43,107; 11:93;","[338.64, 348.439, 479.101, 358.558]","[0.653871, 0.487532, 0.925084, 0.50169]"
734,719,9,"12:26; 16:39,86,105; 23:90; 24:13;","12:26; 16:39,86,105; 23:90; 24:13;","[338.64, 358.558, 479.101, 368.676]","[0.653871, 0.50169, 0.925084, 0.515848]"
734,719,9,"26:223; 29:3,12; 37:152; 38:4; 39:3;","26:223; 29:3,12; 37:152; 38:4; 39:3;","[338.64, 368.676, 479.101, 378.795]","[0.653871, 0.515848, 0.925084, 0.530005]"
734,719,9,40:28; 53:2; 54:25; 58:18; 63:1,40:28; 53:2; 54:25; 58:18; 63:1,"[338.64, 378.795, 479.101, 388.914]","[0.653871, 0.530005, 0.925084, 0.544163]"
734,719,9,Lies (see also Falsehood),Lies (see also Falsehood),"[338.64, 388.914, 479.101, 399.032]","[0.653871, 0.544163, 0.925084, 0.558321]"
734,719,10,forbidden 4:29;5:95;6:151;17:31-33,forbidden 4:29;5:95;6:151;17:31-33,"[190.44, 174.751, 331.89, 184.543]","[0.367716, 0.24451, 0.640838, 0.25821]"
734,719,10,"allowed 2:191;4:89-91;9:5,111;25:68","allowed 2:191;4:89-91;9:5,111;25:68","[190.44, 184.543, 331.89, 194.334]","[0.367716, 0.25821, 0.640838, 0.27191]"
734,719,10,"murder 2:87;3:181;4:92-93,155,157;","murder 2:87;3:181;4:92-93,155,157;","[190.44, 194.334, 331.89, 204.126]","[0.367716, 0.27191, 0.640838, 0.285611]"
734,719,10,"5:27-28,30-32,70; 6:137; 7:141;","5:27-28,30-32,70; 6:137; 7:141;","[190.44, 204.126, 331.89, 213.917]","[0.367716, 0.285611, 0.640838, 0.299311]"
734,719,10,"17:31,33","17:31,33","[190.44, 213.917, 331.89, 223.709]","[0.367716, 0.299311, 0.640838, 0.313011]"
734,719,10,"Kind, God is 11:90;12:100;16:7;22:23","Kind, God is 11:90;12:100;16:7;22:23","[190.44, 223.709, 331.89, 233.501]","[0.367716, 0.313011, 0.640838, 0.326712]"
734,719,10,Muhammad 3:159,Muhammad 3:159,"[190.44, 233.501, 331.89, 243.292]","[0.367716, 0.326712, 0.640838, 0.340412]"
734,719,10,Kindness 2:263 17:24; 19:13; 30:21;,Kindness 2:263 17:24; 19:13; 30:21;,"[190.44, 243.292, 331.89, 253.084]","[0.367716, 0.340412, 0.640838, 0.354112]"
734,719,11,22:23; 35:33; 76:21,22:23; 35:33; 76:21,"[40.55, 250.351, 121.149, 259.892]","[0.078297, 0.350288, 0.233924, 0.363638]"
734,719,11,Jews,Jews,"[40.55, 259.892, 121.149, 269.434]","[0.078297, 0.363638, 0.233924, 0.376989]"
734,719,12,33:6; 57:27,33:6; 57:27,"[190.55, 254.801, 242.699, 264.443]","[0.367928, 0.356515, 0.468621, 0.370006]"
734,719,12,King,King,"[190.55, 264.443, 242.699, 274.085]","[0.367928, 0.370006, 0.468621, 0.383497]"
734,719,13,"alliances & friendships 5:51,57,82","alliances & friendships 5:51,57,82","[39.69, 271.201, 185.1, 281.115]","[0.076636, 0.379461, 0.357405, 0.393333]"
734,719,13,"believers among 2:62;3:113-115,199","believers among 2:62;3:113-115,199","[39.69, 281.115, 185.1, 291.03]","[0.076636, 0.393333, 0.357405, 0.407206]"
734,719,13,"4:162; 5:44,65-66,69; 13:36; 22:17","4:162; 5:44,65-66,69; 13:36; 22:17","[39.69, 291.03, 185.1, 300.944]","[0.076636, 0.407206, 0.357405, 0.421078]"
734,719,13,"false doctrines 2:111,113,135,140;","false doctrines 2:111,113,135,140;","[39.69, 300.944, 185.1, 310.859]","[0.076636, 0.421078, 0.357405, 0.43495]"
734,719,13,3:67; 4:46; 5:18; 9:30; 18:43; 62:6,3:67; 4:46; 5:18; 9:30; 18:43; 62:6,"[39.69, 310.859, 185.1, 320.774]","[0.076636, 0.43495, 0.357405, 0.448823]"
734,719,13,marriage with 5:5,marriage with 5:5,"[39.69, 320.774, 185.1, 330.688]","[0.076636, 0.448823, 0.357405, 0.462695]"
734,719,13,Quran for 7:157; 13:36,Quran for 7:157; 13:36,"[39.69, 330.688, 185.1, 340.603]","[0.076636, 0.462695, 0.357405, 0.476567]"
734,719,13,prohibitions for 6:146; 16:118,prohibitions for 6:146; 16:118,"[39.69, 340.603, 185.1, 350.517]","[0.076636, 0.476567, 0.357405, 0.49044]"
734,719,13,"rejection among 2:111,120,135","rejection among 2:111,120,135","[39.69, 350.517, 185.1, 360.432]","[0.076636, 0.49044, 0.357405, 0.504312]"
734,719,13,"Jinns (see also Companions, Devils)","Jinns (see also Companions, Devils)","[39.69, 360.432, 185.1, 370.346]","[0.076636, 0.504312, 0.357405, 0.518184]"
734,719,13,creation of 15:27;18:50;51:56;55:15,creation of 15:27;18:50;51:56;55:15,"[39.69, 370.346, 185.1, 380.261]","[0.076636, 0.518184, 0.357405, 0.532056]"
734,719,13,descendants of Satan 7:27; 18:50;,descendants of Satan 7:27; 18:50;,"[39.69, 380.261, 185.1, 390.175]","[0.076636, 0.532056, 0.357405, 0.545929]"
734,719,13,enemies among 6:112; 114:6,enemies among 6:112; 114:6,"[39.69, 390.175, 185.1, 400.09]","[0.076636, 0.545929, 0.357405, 0.559801]"
734,719,13,generations of 46:18,generations of 46:18,"[39.69, 400.09, 185.1, 410.004]","[0.076636, 0.559801, 0.357405, 0.573673]"
734,719,13,guided among 46:29; 72:1-5,guided among 46:29; 72:1-5,"[39.69, 410.004, 185.1, 419.919]","[0.076636, 0.573673, 0.357405, 0.587546]"
734,719,13,idolized 6:100; 34:41; 37:158; 72:5,idolized 6:100; 34:41; 37:158; 72:5,"[39.69, 419.919, 185.1, 429.833]","[0.076636, 0.587546, 0.357405, 0.601418]"
734,719,13,"on hereafter 6:128,130; 7:38,179;","on hereafter 6:128,130; 7:38,179;","[39.69, 429.833, 185.1, 439.748]","[0.076636, 0.601418, 0.357405, 0.61529]"
734,719,13,"11:119; 32:13; 41:25,29; 46:18;","11:119; 32:13; 41:25,29; 46:18;","[39.69, 439.748, 185.1, 449.662]","[0.076636, 0.61529, 0.357405, 0.629162]"
734,719,13,50:27; 55:39,50:27; 55:39,"[39.69, 449.662, 185.1, 459.577]","[0.076636, 0.629162, 0.357405, 0.643035]"
734,719,13,"used 27:17,39; 34:12-14; 72:6","used 27:17,39; 34:12-14; 72:6","[39.69, 459.577, 185.1, 469.491]","[0.076636, 0.643035, 0.357405, 0.656907]"
734,719,13,4:163; 6:84; 21:83; 38:41,4:163; 6:84; 21:83; 38:41,"[39.69, 469.491, 185.1, 479.406]","[0.076636, 0.656907, 0.357405, 0.670779]"
734,719,13,"John 3:38-39; 6:85; 19:7,12; 21:90","John 3:38-39; 6:85; 19:7,12; 21:90","[39.69, 479.406, 185.1, 489.321]","[0.076636, 0.670779, 0.357405, 0.684652]"
734,719,13,Jonah 4:163; 6:86; 10:98; 21:87;,Jonah 4:163; 6:86; 10:98; 21:87;,"[39.69, 489.321, 185.1, 499.235]","[0.076636, 0.684652, 0.357405, 0.698524]"
734,719,14,God is 20:114; 23:116; 54:55; 59:23;,God is 20:114; 23:116; 54:55; 59:23;,"[190.69, 275.901, 333.88, 285.598]","[0.368199, 0.386038, 0.64468, 0.399605]"
734,719,14,62:1; 114:2,62:1; 114:2,"[190.69, 285.598, 333.88, 295.295]","[0.368199, 0.399605, 0.64468, 0.413173]"
734,719,14,"human 2:246-247; 5:20; 12:43,50-54;","human 2:246-247; 5:20; 12:43,50-54;","[190.69, 295.295, 333.88, 304.991]","[0.368199, 0.413173, 0.64468, 0.426741]"
734,719,14,18:79; 24:55; 27:34; 38:26,18:79; 24:55; 27:34; 38:26,"[190.69, 304.991, 333.88, 314.688]","[0.368199, 0.426741, 0.64468, 0.440308]"
734,719,14,Kingship,Kingship,"[190.69, 314.688, 333.88, 324.385]","[0.368199, 0.440308, 0.64468, 0.453876]"
734,719,15,of God 2:107; 3:26; 6:73; 9:116;,of God 2:107; 3:26; 6:73; 9:116;,"[190.69, 325.951, 334.89, 336.111]","[0.368198, 0.456067, 0.646631, 0.470283]"
734,719,15,"12:40,101; 17:111; 18:26; 22:56;","12:40,101; 17:111; 18:26; 22:56;","[190.69, 336.111, 334.89, 346.272]","[0.368198, 0.470283, 0.646631, 0.484499]"
734,719,15,"24:42; 25:2,26; 28:70; 35:13; 36:83;","24:42; 25:2,26; 28:70; 35:13; 36:83;","[190.69, 346.272, 334.89, 356.432]","[0.368198, 0.484499, 0.646631, 0.498716]"
734,719,15,64:1; 67:1,64:1; 67:1,"[190.69, 356.432, 334.89, 366.592]","[0.368198, 0.498716, 0.646631, 0.512932]"
734,719,15,"bestowed on humans 2:247,248,251,","bestowed on humans 2:247,248,251,","[190.69, 366.592, 334.89, 376.753]","[0.368198, 0.512932, 0.646631, 0.527148]"
734,719,15,"258; 3:26; 38:20,35; 40:29","258; 3:26; 38:20,35; 40:29","[190.69, 376.753, 334.89, 386.913]","[0.368198, 0.527148, 0.646631, 0.541364]"
734,719,15,Knife 12:31,Knife 12:31,"[190.69, 386.913, 334.89, 397.073]","[0.368198, 0.541364, 0.646631, 0.55558]"
734,719,15,Knitting 16:92,Knitting 16:92,"[190.69, 397.073, 334.89, 407.234]","[0.368198, 0.55558, 0.646631, 0.569796]"
734,719,15,Knolls (Safa & Marwah) 2:158,Knolls (Safa & Marwah) 2:158,"[190.69, 407.234, 334.89, 417.394]","[0.368198, 0.569796, 0.646631, 0.584013]"
734,719,15,"Knower 3:121; 4:11,17,35,148; 5:109,","Knower 3:121; 4:11,17,35,148; 5:109,","[190.69, 417.394, 334.89, 427.554]","[0.368198, 0.584013, 0.646631, 0.598229]"
734,719,15,"116; 6:73,115; 9:78,103; 12:100;","116; 6:73,115; 9:78,103; 12:100;","[190.69, 427.554, 334.89, 437.714]","[0.368198, 0.598229, 0.646631, 0.612445]"
734,719,15,13:9; 17:17; 66:3; 72:26,13:9; 17:17; 66:3; 72:26,"[190.69, 437.714, 334.89, 447.875]","[0.368198, 0.612445, 0.646631, 0.626661]"
734,719,15,Knowledge,Knowledge,"[190.69, 447.875, 334.89, 458.035]","[0.368198, 0.626661, 0.646631, 0.640877]"
734,719,16,"about God 3:75,94; 7:89; 10:59,60,","about God 3:75,94; 7:89; 10:59,60,","[338.989, 400.701, 481.299, 410.456]","[0.654545, 0.560656, 0.929328, 0.574305]"
734,719,16,"69; 16:116; 18:5,15; 29:68; 39:32;","69; 16:116; 18:5,15; 29:68; 39:32;","[338.989, 410.456, 481.299, 420.211]","[0.654545, 0.574305, 0.929328, 0.587954]"
734,719,16,61:7; 72:5,61:7; 72:5,"[338.989, 420.211, 481.299, 429.966]","[0.654545, 0.587954, 0.929328, 0.601603]"
734,719,16,about people 24:11; 42:24,about people 24:11; 42:24,"[338.989, 429.966, 481.299, 439.721]","[0.654545, 0.601603, 0.929328, 0.615252]"
734,719,16,attributed to God 2:169; 3:78; 4:50;,attributed to God 2:169; 3:78; 4:50;,"[338.989, 439.721, 481.299, 449.475]","[0.654545, 0.615252, 0.929328, 0.628901]"
734,719,16,"6:21,93,144; 7:33,37; 10:17; 11:18","6:21,93,144; 7:33,37; 10:17; 11:18","[338.989, 449.475, 481.299, 459.23]","[0.654545, 0.628901, 0.929328, 0.64255]"
734,719,16,"Life, as test 2:155,212; 3:185-186;","Life, as test 2:155,212; 3:185-186;","[338.989, 459.23, 481.299, 468.985]","[0.654545, 0.64255, 0.929328, 0.656199]"
734,719,17,"arguing without 22:3,8; 31:20","arguing without 22:3,8; 31:20","[190.2, 459.751, 335.25, 469.536]","[0.367252, 0.643278, 0.647326, 0.656969]"
734,719,17,"a test 2:102,120; 10:93; 45:17; 54:4","a test 2:102,120; 10:93; 45:17; 54:4","[190.2, 469.536, 335.25, 479.321]","[0.367252, 0.656969, 0.647326, 0.67066]"
734,719,17,"God controls 2:255; 12:22,68; 16:70;","God controls 2:255; 12:22,68; 16:70;","[190.2, 479.321, 335.25, 489.106]","[0.367252, 0.67066, 0.647326, 0.684351]"
734,719,17,"17:55; 18:65;20:114;21:74,79;27:15","17:55; 18:65;20:114;21:74,79;27:15","[190.2, 489.106, 335.25, 498.89]","[0.367252, 0.684351, 0.647326, 0.698042]"
734,719,17,"God’s is complete 6:59,80; 7:7,187;","God’s is complete 6:59,80; 7:7,187;","[190.2, 498.89, 335.25, 508.675]","[0.367252, 0.698042, 0.647326, 0.711732]"
734,719,17,"8:68; 20:98,110; 35:11; 40:7; 41:47","8:68; 20:98,110; 35:11; 40:7; 41:47","[190.2, 508.675, 335.25, 518.46]","[0.367252, 0.711732, 0.647326, 0.725423]"
734,719,17,in scripture 7:52; 17:85,in scripture 7:52; 17:85,"[190.2, 518.46, 335.25, 528.245]","[0.367252, 0.725423, 0.647326, 0.739114]"
734,719,17,"those well founded in 3:7,18; 4:162;","those well founded in 3:7,18; 4:162;","[190.2, 528.245, 335.25, 538.03]","[0.367252, 0.739114, 0.647326, 0.752805]"
734,719,17,13:43;16:27;22:54;27:40;28:80;29:49,13:43;16:27;22:54;27:40;28:80;29:49,"[190.2, 538.03, 335.25, 547.814]","[0.367252, 0.752805, 0.647326, 0.766496]"
734,719,17,Knowledgeable 2:140; 4:83; 15:53;,Knowledgeable 2:140; 4:83; 15:53;,"[190.2, 547.814, 335.25, 557.599]","[0.367252, 0.766496, 0.647326, 0.780187]"
734,719,17,29:43; 35:28; 47:16; 51:28,29:43; 35:28; 47:16; 51:28,"[190.2, 557.599, 335.25, 567.384]","[0.367252, 0.780187, 0.647326, 0.793877]"
734,719,18,6:32; 9:55; 13:26; 18:28; 20:131;,6:32; 9:55; 13:26; 18:28; 20:131;,"[339.009, 470.651, 479.849, 480.447]","[0.654584, 0.65853, 0.926528, 0.672236]"
734,719,18,21:111;29:64; 47:36; 57:20; 67:2,21:111;29:64; 47:36; 57:20; 67:2,"[339.009, 480.447, 479.849, 490.243]","[0.654584, 0.672236, 0.926528, 0.685942]"
734,719,18,dignity in 2:130; 3:45; 10:; 11:364;,dignity in 2:130; 3:45; 10:; 11:364;,"[339.009, 490.243, 479.849, 500.039]","[0.654584, 0.685942, 0.926528, 0.699648]"
734,719,18,16:97; 28:83; 40:51; 69:21,16:97; 28:83; 40:51; 69:21,"[339.009, 500.039, 479.849, 509.834]","[0.654584, 0.699648, 0.926528, 0.713354]"
734,719,18,God grants 2:258; 3:156; 5:117;,God grants 2:258; 3:156; 5:117;,"[339.009, 509.834, 479.849, 519.63]","[0.654584, 0.713354, 0.926528, 0.727061]"
734,719,18,"6:2,122; 7:158; 9:116; 15:23; 22:5;","6:2,122; 7:158; 9:116; 15:23; 22:5;","[339.009, 519.63, 479.849, 529.426]","[0.654584, 0.727061, 0.926528, 0.740767]"
734,719,18,23:80; 36:44; 40:68; 44:8,23:80; 36:44; 40:68; 44:8,"[339.009, 529.426, 479.849, 539.222]","[0.654584, 0.740767, 0.926528, 0.754473]"
734,719,18,"humiliation in 2:114; 3:22,56; 5:33,","humiliation in 2:114; 3:22,56; 5:33,","[339.009, 539.222, 479.849, 549.018]","[0.654584, 0.754473, 0.926528, 0.768179]"
734,719,18,"41; 9:74,85; 11:99; 33:57; 52:47","41; 9:74,85; 11:99; 33:57; 52:47","[339.009, 549.018, 479.849, 558.813]","[0.654584, 0.768179, 0.926528, 0.781885]"
734,719,18,"priority to 2:86,96,200; 6:70,130;","priority to 2:86,96,200; 6:70,130;","[339.009, 558.813, 479.849, 568.609]","[0.654584, 0.781885, 0.926528, 0.795592]"
734,719,18,"7:32,37,51; 9:38,44; 10:7; 17:18;","7:32,37,51; 9:38,44; 10:7; 17:18;","[339.009, 568.609, 479.849, 578.405]","[0.654584, 0.795592, 0.926528, 0.809298]"
734,719,18,45:35; 76:27; 87:16,45:35; 76:27; 87:16,"[339.009, 578.405, 479.849, 588.201]","[0.654584, 0.809298, 0.926528, 0.823004]"
734,719,18,sparing of 5:32; 6:151; 17:33,sparing of 5:32; 6:151; 17:33,"[339.009, 588.201, 479.849, 597.997]","[0.654584, 0.823004, 0.926528, 0.83671]"
734,719,18,"striving for hereafter 4:66,95; 8:72;","striving for hereafter 4:66,95; 8:72;","[339.009, 597.997, 479.849, 607.793]","[0.654584, 0.83671, 0.926528, 0.850416]"
734,719,18,"9:20,41,88,111; 33:23; 49:15; 61:11","9:20,41,88,111; 33:23; 49:15; 61:11","[339.009, 607.793, 479.849, 617.588]","[0.654584, 0.850416, 0.926528, 0.864123]"
734,719,18,Light,Light,"[339.009, 617.588, 479.849, 627.384]","[0.654584, 0.864123, 0.926528, 0.877829]"
734,719,19,37:139; 68:48,37:139; 68:48,"[39.51, 501.035, 169.798, 511.435]","[0.076289, 0.701042, 0.327859, 0.715594]"
734,719,19,Joseph 6:84; 12:4-102; 40:34,Joseph 6:84; 12:4-102; 40:34,"[39.51, 511.435, 169.798, 521.835]","[0.076289, 0.715594, 0.327859, 0.730145]"
734,719,19,Journeys 2:197; 9:42; 106:2,Journeys 2:197; 9:42; 106:2,"[39.51, 521.835, 169.798, 532.234]","[0.076289, 0.730145, 0.327859, 0.744696]"
734,719,19,Joy 3:106; 15:67; 25:22; 28:9; 32:17;,Joy 3:106; 15:67; 25:22; 28:9; 32:17;,"[39.51, 532.234, 169.798, 542.634]","[0.076289, 0.744696, 0.327859, 0.759247]"
734,719,20,76:11; 80:39; 84:9,76:11; 80:39; 84:9,"[39.25, 544.701, 116.95, 554.979]","[0.075787, 0.762139, 0.225816, 0.77652]"
734,719,20,Judea 11:44,Judea 11:44,"[39.25, 554.979, 116.95, 565.257]","[0.075787, 0.77652, 0.225816, 0.790901]"
734,719,20,Judging,Judging,"[39.25, 565.257, 116.95, 575.535]","[0.075787, 0.790901, 0.225816, 0.805282]"
734,719,21,"by humans 4:35,58,65,105; 5:42,44,","by humans 4:35,58,65,105; 5:42,44,","[38.639, 576.851, 181.139, 587.206]","[0.074607, 0.807123, 0.349757, 0.821612]"
734,719,21,"47-49,95; 7:159; 38:22-26; 60:10","47-49,95; 7:159; 38:22-26; 60:10","[38.639, 587.206, 181.139, 597.561]","[0.074607, 0.821612, 0.349757, 0.8361]"
734,719,21,in hereafter 3:55; 7:87; 10:54;,in hereafter 3:55; 7:87; 10:54;,"[38.639, 597.561, 181.139, 607.916]","[0.074607, 0.8361, 0.349757, 0.850589]"
734,719,21,22:69; 39:69; 40:48; 42:10; 75:14,22:69; 39:69; 40:48; 42:10; 75:14,"[38.639, 607.916, 181.139, 618.27]","[0.074607, 0.850589, 0.349757, 0.865077]"
734,719,21,"Judge, God 6:57;7:87,89;10:109;34:26","Judge, God 6:57;7:87,89;10:109;34:26","[38.639, 618.27, 181.139, 628.625]","[0.074607, 0.865077, 0.349757, 0.879565]"
734,719,21,"Judges 4:35,65,141;21:78; 38:26; 75:14","Judges 4:35,65,141;21:78; 38:26; 75:14","[38.639, 628.625, 181.139, 638.98]","[0.074607, 0.879565, 0.349757, 0.894054]"
734,719,21,Judgment,Judgment,"[38.639, 638.98, 181.139, 649.335]","[0.074607, 0.894054, 0.349757, 0.908542]"
734,719,22,L,L,"[190.1, 580.769, 307.548, 591.177]","[0.367059, 0.812605, 0.593837, 0.827168]"
734,719,22,Lamps 24:35; 25:61; 41:12; 67:5;,Lamps 24:35; 25:61; 41:12; 67:5;,"[190.1, 591.177, 307.548, 601.585]","[0.367059, 0.827168, 0.593837, 0.841731]"
734,719,23,71:16; 78:13,71:16; 78:13,"[189.94, 603.635, 324.54, 613.635]","[0.36675, 0.844599, 0.626646, 0.858591]"
734,719,23,"Land, inheriting 7:137; 14:14; 33:27","Land, inheriting 7:137; 14:14; 33:27","[189.94, 613.635, 324.54, 623.635]","[0.36675, 0.858591, 0.626646, 0.872583]"
734,719,23,reviving 16:65; 22:5; 25:49; 29:63;,reviving 16:65; 22:5; 25:49; 29:63;,"[189.94, 623.635, 324.54, 633.635]","[0.36675, 0.872583, 0.626646, 0.886574]"
734,719,23,"30:19,24,50; 32:27; 35:9; 36:33;","30:19,24,50; 32:27; 35:9; 36:33;","[189.94, 633.635, 324.54, 643.635]","[0.36675, 0.886574, 0.626646, 0.900566]"
734,719,23,41:39; 43:11; 45:5; 50:11; 57:17,41:39; 43:11; 45:5; 50:11; 57:17,"[189.94, 643.635, 324.54, 653.634]","[0.36675, 0.900566, 0.626646, 0.914558]"
734,719,23,travel 22:46; 35:44; 40:82,travel 22:46; 35:44; 40:82,"[189.94, 653.634, 324.54, 663.634]","[0.36675, 0.914558, 0.626646, 0.92855]"
734,719,23,Language 4:148; 14:4; 18:93; 27:16;,Language 4:148; 14:4; 18:93; 27:16;,"[189.94, 663.634, 324.54, 673.634]","[0.36675, 0.92855, 0.626646, 0.942541]"
734,719,23,30:22; 41:44,30:22; 41:44,"[189.94, 673.634, 324.54, 683.634]","[0.36675, 0.942541, 0.626646, 0.956533]"
734,719,24,"faith as 2:17,20; 13:16; 24:40;","faith as 2:17,20; 13:16; 24:40;","[349.89, 629.085, 466.291, 638.895]","[0.675594, 0.880209, 0.90035, 0.893935]"
734,719,24,28:71; 57:28,28:71; 57:28,"[349.89, 638.895, 466.291, 648.705]","[0.675594, 0.893935, 0.90035, 0.90766]"
734,719,24,God as 24:35; 39:69,God as 24:35; 39:69,"[349.89, 648.705, 466.291, 658.515]","[0.675594, 0.90766, 0.90035, 0.921386]"
734,719,24,"leading into 2:257; 5:16; 14:1,5;","leading into 2:257; 5:16; 14:1,5;","[349.89, 658.515, 466.291, 668.324]","[0.675594, 0.921386, 0.90035, 0.935112]"
734,719,24,33:43; 57:9; 65:11,33:43; 57:9; 65:11,"[349.89, 668.324, 466.291, 678.134]","[0.675594, 0.935112, 0.90035, 0.948838]"
734,719,25,"day of, see Day of Judgment","day of, see Day of Judgment","[49.55, 650.801, 177.69, 660.36]","[0.095675, 0.910593, 0.343097, 0.923968]"
734,719,25,"with God 2:196,210-211; 6:57;","with God 2:196,210-211; 6:57;","[49.55, 660.36, 177.69, 669.918]","[0.095675, 0.923968, 0.343097, 0.937342]"
734,719,25,"11:40,44,58,66,76,82,94,101; 14:22;","11:40,44,58,66,76,82,94,101; 14:22;","[49.55, 669.918, 177.69, 679.477]","[0.095675, 0.937342, 0.343097, 0.950716]"
734,719,25,16:1; 23:95,16:1; 23:95,"[49.55, 679.477, 177.69, 689.035]","[0.095675, 0.950716, 0.343097, 0.96409]"
735,720,1,physical light 6:1;10:5;13:16;17:12;,physical light 6:1;10:5;13:16;17:12;,"[41.15, 16.451, 179.35, 26.198]","[0.079455, 0.023018, 0.346302, 0.036656]"
735,720,1,"57:12,13,19; 66:8; 71:16","57:12,13,19; 66:8; 71:16","[41.15, 26.198, 179.35, 35.945]","[0.079455, 0.036656, 0.346302, 0.050293]"
735,720,1,scripture has 6:91; 7:157; 64:8,scripture has 6:91; 7:157; 64:8,"[41.15, 35.945, 179.35, 45.691]","[0.079455, 0.050293, 0.346302, 0.063931]"
735,720,1,truth as 9:32; 61:8,truth as 9:32; 61:8,"[41.15, 45.691, 179.35, 55.438]","[0.079455, 0.063931, 0.346302, 0.077568]"
735,720,1,"Lightning 2:19,20,55; 4:153; 13:12-13;","Lightning 2:19,20,55; 4:153; 13:12-13;","[41.15, 55.438, 179.35, 65.185]","[0.079455, 0.077568, 0.346302, 0.091206]"
735,720,2,"6:108,145; 16:115; 48:12; 58:8","6:108,145; 16:115; 48:12; 58:8","[190.8, 16.951, 328.39, 27.529]","[0.368411, 0.023718, 0.63408, 0.038518]"
735,720,2,Malik 43:77,Malik 43:77,"[190.8, 27.529, 328.39, 38.106]","[0.368411, 0.038518, 0.63408, 0.053317]"
735,720,2,Man see Human,Man see Human,"[190.8, 38.106, 328.39, 48.683]","[0.368411, 0.053317, 0.63408, 0.068117]"
735,720,2,Manna 2:57; 7:160; 20:80,Manna 2:57; 7:160; 20:80,"[190.8, 48.683, 328.39, 59.261]","[0.368411, 0.068117, 0.63408, 0.082917]"
735,720,2,Mansions 7:74; 12:100; 17:93; 22:45;,Mansions 7:74; 12:100; 17:93; 22:45;,"[190.8, 59.261, 328.39, 69.838]","[0.368411, 0.082917, 0.63408, 0.097717]"
735,720,2,25:10; 26:149; 27:38-44; 28:81;,25:10; 26:149; 27:38-44; 28:81;,"[190.8, 69.838, 328.39, 80.416]","[0.368411, 0.097717, 0.63408, 0.112517]"
735,720,2,39:30; 43:33,39:30; 43:33,"[190.8, 80.416, 328.39, 90.993]","[0.368411, 0.112517, 0.63408, 0.127317]"
735,720,2,"Markets 25:7,20","Markets 25:7,20","[190.8, 90.993, 328.39, 101.571]","[0.368411, 0.127317, 0.63408, 0.142116]"
735,720,2,"Marks 2:260;5:38;7:46,48;47:30;48:29","Marks 2:260;5:38;7:46,48;47:30;48:29","[190.8, 101.571, 328.39, 112.148]","[0.368411, 0.142116, 0.63408, 0.156916]"
735,720,2,"Marraige 2:102,221,235; 4:3-4,21-25,","Marraige 2:102,221,235; 4:3-4,21-25,","[190.8, 112.148, 328.39, 122.725]","[0.368411, 0.156916, 0.63408, 0.171716]"
735,720,2,"34-35,127-130; 5:5; 24:3-9; 28:27;","34-35,127-130; 5:5; 24:3-9; 28:27;","[190.8, 122.725, 328.39, 133.303]","[0.368411, 0.171716, 0.63408, 0.186516]"
735,720,2,"30:21; 33:4,37,49-52; 42:11; 58:1-4;","30:21; 33:4,37,49-52; 42:11; 58:1-4;","[190.8, 133.303, 328.39, 143.88]","[0.368411, 0.186516, 0.63408, 0.201316]"
735,720,2,60:10,60:10,"[190.8, 143.88, 328.39, 154.458]","[0.368411, 0.201316, 0.63408, 0.216116]"
735,720,2,"Martyrdom 2:154; 3:140,169-170,195;","Martyrdom 2:154; 3:140,169-170,195;","[190.8, 154.458, 328.39, 165.035]","[0.368411, 0.216116, 0.63408, 0.230915]"
735,720,3,human (see specific names),human (see specific names),"[338.49, 17.201, 478.49, 27.156]","[0.653582, 0.024068, 0.923904, 0.037996]"
735,720,3,as example 33:21,as example 33:21,"[338.49, 27.156, 478.49, 37.111]","[0.653582, 0.037996, 0.923904, 0.051925]"
735,720,3,"following 3:53,172; 4:69,100,136;","following 3:53,172; 4:69,100,136;","[338.49, 37.111, 478.49, 47.066]","[0.653582, 0.051925, 0.923904, 0.065854]"
735,720,3,"5:56; 7:157,158; 9:16;24:47,62;","5:56; 7:157,158; 9:16;24:47,62;","[338.49, 47.066, 478.49, 57.021]","[0.653582, 0.065854, 0.923904, 0.079783]"
735,720,3,"49:3,15; 59:8","49:3,15; 59:8","[338.49, 57.021, 478.49, 66.976]","[0.653582, 0.079783, 0.923904, 0.093712]"
735,720,3,going against 3:86; 4:115; 5:33;,going against 3:86; 4:115; 5:33;,"[338.49, 66.976, 478.49, 76.931]","[0.653582, 0.093712, 0.923904, 0.107641]"
735,720,3,"8:13; 9:13,40,54,61,107; 13:43;","8:13; 9:13,40,54,61,107; 13:43;","[338.49, 76.931, 478.49, 86.886]","[0.653582, 0.107641, 0.923904, 0.12157]"
735,720,3,"23:44; 33:57; 40:5; 58:20,22; 60:1","23:44; 33:57; 40:5; 58:20,22; 60:1","[338.49, 86.886, 478.49, 96.841]","[0.653582, 0.12157, 0.923904, 0.135499]"
735,720,3,"function of 5:67,92,99; 16:35;","function of 5:67,92,99; 16:35;","[338.49, 96.841, 478.49, 106.796]","[0.653582, 0.135499, 0.923904, 0.149427]"
735,720,3,24:54; 29:18; 42:48; 64:12,24:54; 29:18; 42:48; 64:12,"[338.49, 106.796, 478.49, 116.751]","[0.653582, 0.149427, 0.923904, 0.163356]"
735,720,3,make no distinction 2:285; 4:150,make no distinction 2:285; 4:150,"[338.49, 116.751, 478.49, 126.706]","[0.653582, 0.163356, 0.923904, 0.177285]"
735,720,3,mercy from God 2:151; 3:164;,mercy from God 2:151; 3:164;,"[338.49, 126.706, 478.49, 136.661]","[0.653582, 0.177285, 0.923904, 0.191214]"
735,720,3,4:165; 19:21; 17:15; 21:107,4:165; 19:21; 17:15; 21:107,"[338.49, 136.661, 478.49, 146.616]","[0.653582, 0.191214, 0.923904, 0.205143]"
735,720,3,"obey 3:132; 4:13,59,64,80; 8:1,20,","obey 3:132; 4:13,59,64,80; 8:1,20,","[338.49, 146.616, 478.49, 156.571]","[0.653582, 0.205143, 0.923904, 0.219072]"
735,720,3,"46; 9:71; 24:54,56; 33:31,71; 57:28;","46; 9:71; 24:54,56; 33:31,71; 57:28;","[338.49, 156.571, 478.49, 166.526]","[0.653582, 0.219072, 0.923904, 0.233001]"
735,720,3,58:12; 64:12,58:12; 64:12,"[338.49, 166.526, 478.49, 176.481]","[0.653582, 0.233001, 0.923904, 0.24693]"
735,720,3,"qualities 11:29-31,51,88;14:11;68:4","qualities 11:29-31,51,88;14:11;68:4","[338.49, 176.481, 478.49, 186.435]","[0.653582, 0.24693, 0.923904, 0.260858]"
735,720,3,Quran as 3:101; 11:1-3; 65:11,Quran as 3:101; 11:1-3; 65:11,"[338.49, 186.435, 478.49, 196.39]","[0.653582, 0.260858, 0.923904, 0.274787]"
735,720,3,"supported by God 9:26,40; 10:103;","supported by God 9:26,40; 10:103;","[338.49, 196.39, 478.49, 206.345]","[0.653582, 0.274787, 0.923904, 0.288716]"
735,720,3,40:51; 48:26-27,40:51; 48:26-27,"[338.49, 206.345, 478.49, 216.3]","[0.653582, 0.288716, 0.923904, 0.302645]"
735,720,3,were human 2:214; 3:144; 10:94;,were human 2:214; 3:144; 10:94;,"[338.49, 216.3, 478.49, 226.255]","[0.653582, 0.302645, 0.923904, 0.316574]"
735,720,3,"13:38; 14:11; 16:43; 17:93; 25:7,20","13:38; 14:11; 16:43; 17:93; 25:7,20","[338.49, 226.255, 478.49, 236.21]","[0.653582, 0.316574, 0.923904, 0.330503]"
735,720,3,witnesses 2:143; 22:78; 73:15,witnesses 2:143; 22:78; 73:15,"[338.49, 236.21, 478.49, 246.165]","[0.653582, 0.330503, 0.923904, 0.344432]"
735,720,3,Messiah (see Jesus) 3:45; 4:157-172,Messiah (see Jesus) 3:45; 4:157-172,"[338.49, 246.165, 478.49, 256.12]","[0.653582, 0.344432, 0.923904, 0.35836]"
735,720,3,Metal 13:17; 55:35,Metal 13:17; 55:35,"[338.49, 256.12, 478.49, 266.075]","[0.653582, 0.35836, 0.923904, 0.372289]"
735,720,3,Michael 2:98,Michael 2:98,"[338.49, 266.075, 478.49, 276.03]","[0.653582, 0.372289, 0.923904, 0.386218]"
735,720,3,Midyan 7:85-93; 9:70; 11:84-95;,Midyan 7:85-93; 9:70; 11:84-95;,"[338.49, 276.03, 478.49, 285.985]","[0.653582, 0.386218, 0.923904, 0.400147]"
735,720,4,30:24; 51:44,30:24; 51:44,"[41.299, 66.851, 178.4, 77.571]","[0.079743, 0.093537, 0.344468, 0.108537]"
735,720,4,Lion 74:51,Lion 74:51,"[41.299, 77.571, 178.4, 88.292]","[0.079743, 0.108537, 0.344468, 0.123537]"
735,720,4,Lips 90:9,Lips 90:9,"[41.299, 88.292, 178.4, 99.012]","[0.079743, 0.123537, 0.344468, 0.138537]"
735,720,4,Literature 62:5,Literature 62:5,"[41.299, 99.012, 178.4, 109.733]","[0.079743, 0.138537, 0.344468, 0.153537]"
735,720,4,"Livestock 3:14; 5:1,95; 6:136-143;","Livestock 3:14; 5:1,95; 6:136-143;","[41.299, 109.733, 178.4, 120.453]","[0.079743, 0.153537, 0.344468, 0.168537]"
735,720,4,"16:5,66; 20:54; 22:28-36; 23:21;","16:5,66; 20:54; 22:28-36; 23:21;","[41.299, 120.453, 178.4, 131.174]","[0.079743, 0.168537, 0.344468, 0.183537]"
735,720,4,26:133; 35:28; 36:71; 39:6; 40:79,26:133; 35:28; 36:71; 39:6; 40:79,"[41.299, 131.174, 178.4, 141.894]","[0.079743, 0.183537, 0.344468, 0.198537]"
735,720,4,"Living, God 2:255; 3:2; 20:111; 40:65","Living, God 2:255; 3:2; 20:111; 40:65","[41.299, 141.894, 178.4, 152.615]","[0.079743, 0.198537, 0.344468, 0.213537]"
735,720,4,"Loaning 2:245,282; 5:12; 57:11,18;","Loaning 2:245,282; 5:12; 57:11,18;","[41.299, 152.615, 178.4, 163.335]","[0.079743, 0.213537, 0.344468, 0.228536]"
735,720,5,64:17; 73:20,64:17; 73:20,"[41.65, 165.001, 177.8, 175.538]","[0.080421, 0.230867, 0.34331, 0.24561]"
735,720,5,Locusts 7:133; 54:7,Locusts 7:133; 54:7,"[41.65, 175.538, 177.8, 186.074]","[0.080421, 0.24561, 0.34331, 0.260353]"
735,720,5,Logs 54:13; 63:4,Logs 54:13; 63:4,"[41.65, 186.074, 177.8, 196.611]","[0.080421, 0.260353, 0.34331, 0.275096]"
735,720,5,Lord see God,Lord see God,"[41.65, 196.611, 177.8, 207.148]","[0.080421, 0.275096, 0.34331, 0.289839]"
735,720,5,Lords 2:257; 3:64; 9:31,Lords 2:257; 3:64; 9:31,"[41.65, 207.148, 177.8, 217.684]","[0.080421, 0.289839, 0.34331, 0.304581]"
735,720,5,"Losers 2:27,121; 6:31,140; 7:99; 9:69;","Losers 2:27,121; 6:31,140; 7:99; 9:69;","[41.65, 217.684, 177.8, 228.221]","[0.080421, 0.304581, 0.34331, 0.319324]"
735,720,5,10:45; 18:1103-105; 29:52; 40:85;,10:45; 18:1103-105; 29:52; 40:85;,"[41.65, 228.221, 177.8, 238.758]","[0.080421, 0.319324, 0.34331, 0.334067]"
735,720,5,41:23; 42:45; 58:19; 63:9,41:23; 42:45; 58:19; 63:9,"[41.65, 238.758, 177.8, 249.294]","[0.080421, 0.334067, 0.34331, 0.34881]"
735,720,5,"Loss 2:155; 4:119; 7:130; 9:28,98;","Loss 2:155; 4:119; 7:130; 9:28,98;","[41.65, 249.294, 177.8, 259.831]","[0.080421, 0.34881, 0.34331, 0.363553]"
735,720,6,"4:69,72; 9:72; 22:58-59; 33:23-24","4:69,72; 9:72; 22:58-59; 33:23-24","[190.81, 166.801, 319.75, 176.518]","[0.36843, 0.233386, 0.617397, 0.246981]"
735,720,6,Marvels 6:75; 10:101; 18:9; 21:32;,Marvels 6:75; 10:101; 18:9; 21:32;,"[190.81, 176.518, 319.75, 186.234]","[0.36843, 0.246981, 0.617397, 0.260577]"
735,720,7,"34:9; 40:81; 53:18,55; Sura 55","34:9; 40:81; 53:18,55; Sura 55","[190.44, 187.951, 328.39, 198.321]","[0.367716, 0.262979, 0.63408, 0.277489]"
735,720,7,Marwah 2:158,Marwah 2:158,"[190.44, 198.321, 328.39, 208.692]","[0.367716, 0.277489, 0.63408, 0.291999]"
735,720,7,"Mary 3:35-37,42-47; 4:156,171; 19:16-","Mary 3:35-37,42-47; 4:156,171; 19:16-","[190.44, 208.692, 328.39, 219.062]","[0.367716, 0.291999, 0.63408, 0.306509]"
735,720,7,28; 21:91; 23:50; 66:12,28; 21:91; 23:50; 66:12,"[190.44, 219.062, 328.39, 229.432]","[0.367716, 0.306509, 0.63408, 0.321019]"
735,720,7,"Master, God is 1:4; 2:107; 3:18; 6:18;","Master, God is 1:4; 2:107; 3:18; 6:18;","[190.44, 229.432, 328.39, 239.803]","[0.367716, 0.321019, 0.63408, 0.335529]"
735,720,7,"7:155,196; 8:40; 9:51,116; 10:30;","7:155,196; 8:40; 9:51,116; 10:30;","[190.44, 239.803, 328.39, 250.173]","[0.367716, 0.335529, 0.63408, 0.350039]"
735,720,7,12:101; 18:26,12:101; 18:26,"[190.44, 250.173, 328.39, 260.543]","[0.367716, 0.350039, 0.63408, 0.364549]"
735,720,7,"Material things2:174; 3:77,199; 4:77,","Material things2:174; 3:77,199; 4:77,","[190.44, 260.543, 328.39, 270.913]","[0.367716, 0.364549, 0.63408, 0.379059]"
735,720,7,"134; 5:44; 8:67; 9:69,74; 10:11;","134; 5:44; 8:67; 9:69,74; 10:11;","[190.44, 270.913, 328.39, 281.284]","[0.367716, 0.379059, 0.63408, 0.393569]"
735,720,7,"11:116; 21:13; 38:32,34; 39:50;","11:116; 21:13; 38:32,34; 39:50;","[190.44, 281.284, 328.39, 291.654]","[0.367716, 0.393569, 0.63408, 0.408079]"
735,720,7,53:29; 100:8; 11:2,53:29; 100:8; 11:2,"[190.44, 291.654, 328.39, 302.024]","[0.367716, 0.408079, 0.63408, 0.422589]"
735,720,7,Mate 4:1;7:189;25:54;35:11;39:6;42:11,Mate 4:1;7:189;25:54;35:11;39:6;42:11,"[190.44, 302.024, 328.39, 312.395]","[0.367716, 0.422589, 0.63408, 0.437099]"
735,720,7,Maturity 6:152; 22:5,Maturity 6:152; 22:5,"[190.44, 312.395, 328.39, 322.765]","[0.367716, 0.437099, 0.63408, 0.451609]"
735,720,7,Measure 6:152; 7:85; 11:84; 13:8;,Measure 6:152; 7:85; 11:84; 13:8;,"[190.44, 322.765, 328.39, 333.135]","[0.367716, 0.451609, 0.63408, 0.466119]"
735,720,8,"14:18; 22:11; 34:8; 35:39; 39:15,22","14:18; 22:11; 34:8; 35:39; 39:15,22","[41.899, 261.601, 178.395, 271.54]","[0.080902, 0.366029, 0.344458, 0.379935]"
735,720,8,"Lot 6:86; 7:80-84; 11:77-83,89; 21:71,","Lot 6:86; 7:80-84; 11:77-83,89; 21:71,","[41.899, 271.54, 178.395, 281.479]","[0.080902, 0.379935, 0.344458, 0.393842]"
735,720,8,74-75; 22:43; 26:160-173; 27:54-58;,74-75; 22:43; 26:160-173; 27:54-58;,"[41.899, 281.479, 178.395, 291.418]","[0.080902, 0.393842, 0.344458, 0.407748]"
735,720,8,"29:26,28-35; 37:133-138; 38:13;","29:26,28-35; 37:133-138; 38:13;","[41.899, 291.418, 178.395, 301.356]","[0.080902, 0.407748, 0.344458, 0.421654]"
735,720,8,50:13; 54:33-38; 66:10,50:13; 54:33-38; 66:10,"[41.899, 301.356, 178.395, 311.295]","[0.080902, 0.421654, 0.344458, 0.435561]"
735,720,8,Love,Love,"[41.899, 311.295, 178.395, 321.234]","[0.080902, 0.435561, 0.344458, 0.449467]"
735,720,9,"20:40; 22:44; 26:176-189; 28:22,45;","20:40; 22:44; 26:176-189; 28:22,45;","[338.14, 287.651, 475.39, 298.018]","[0.652906, 0.402478, 0.917918, 0.416983]"
735,720,9,29:36-37; 38:13,29:36-37; 38:13,"[338.14, 298.018, 475.39, 308.385]","[0.652906, 0.416983, 0.917918, 0.431488]"
735,720,9,Milk 16:66; 23:21; 47:15,Milk 16:66; 23:21; 47:15,"[338.14, 308.385, 475.39, 318.752]","[0.652906, 0.431488, 0.917918, 0.445993]"
735,720,9,Mina 2:203,Mina 2:203,"[338.14, 318.752, 475.39, 329.118]","[0.652906, 0.445993, 0.917918, 0.460499]"
735,720,9,"Minds 2:247; 6:110,113; 14:43; 16:78;","Minds 2:247; 6:110,113; 14:43; 16:78;","[338.14, 329.118, 475.39, 339.485]","[0.652906, 0.460499, 0.917918, 0.475004]"
735,720,10,of God 2:165;3:31;5:54;19:96;20:39,of God 2:165;3:31;5:54;19:96;20:39,"[42.099, 323.201, 181.65, 333.01]","[0.081288, 0.452219, 0.350743, 0.465944]"
735,720,10,of materials 2:177; 3:14; 9:24;,of materials 2:177; 3:14; 9:24;,"[42.099, 333.01, 181.65, 342.82]","[0.081288, 0.465944, 0.350743, 0.479669]"
735,720,10,"75:20; 76:8,27; 89:20","75:20; 76:8,27; 89:20","[42.099, 342.82, 181.65, 352.629]","[0.081288, 0.479669, 0.350743, 0.493395]"
735,720,10,of people 3:119; 5:54,of people 3:119; 5:54,"[42.099, 352.629, 181.65, 362.438]","[0.081288, 0.493395, 0.350743, 0.50712]"
735,720,10,"those God loves 2:195,222; 3:76,","those God loves 2:195,222; 3:76,","[42.099, 362.438, 181.65, 372.248]","[0.081288, 0.50712, 0.350743, 0.520845]"
735,720,10,"134,146,148,159; 5:13,42,93; 7:31;","134,146,148,159; 5:13,42,93; 7:31;","[42.099, 372.248, 181.65, 382.057]","[0.081288, 0.520845, 0.350743, 0.53457]"
735,720,10,9:4; 49:9; 60:8; 61:4,9:4; 49:9; 60:8; 61:4,"[42.099, 382.057, 181.65, 391.866]","[0.081288, 0.53457, 0.350743, 0.548295]"
735,720,10,Luqmaan 31:12-19,Luqmaan 31:12-19,"[42.099, 391.866, 181.65, 401.676]","[0.081288, 0.548295, 0.350743, 0.56202]"
735,720,10,Lusts 3:14; 4:27; 19:59; 23:5; 24:30;,Lusts 3:14; 4:27; 19:59; 23:5; 24:30;,"[42.099, 401.676, 181.65, 411.485]","[0.081288, 0.56202, 0.350743, 0.575745]"
735,720,11,15:21; 17:35; 23:18; 26:181; 42:27;,15:21; 17:35; 23:18; 26:181; 42:27;,"[190.44, 334.801, 324.55, 344.707]","[0.367716, 0.46845, 0.626665, 0.48231]"
735,720,11,54:49; 83:2-3,54:49; 83:2-3,"[190.44, 344.707, 324.55, 354.612]","[0.367716, 0.48231, 0.626665, 0.49617]"
735,720,11,"Meat 2:173; 4:119; 5:1,3,90; 6:145;","Meat 2:173; 4:119; 5:1,3,90; 6:145;","[190.44, 354.612, 324.55, 364.518]","[0.367716, 0.49617, 0.626665, 0.51003]"
735,720,11,"10:59; 16:14,115; 22:37; 35:12;","10:59; 16:14,115; 22:37; 35:12;","[190.44, 364.518, 324.55, 374.424]","[0.367716, 0.51003, 0.626665, 0.52389]"
735,720,11,52:22; 56:21,52:22; 56:21,"[190.44, 374.424, 324.55, 384.33]","[0.367716, 0.52389, 0.626665, 0.537749]"
735,720,11,Mecca 3:96; 14:37; 27:91; 43:31;,Mecca 3:96; 14:37; 27:91; 43:31;,"[190.44, 384.33, 324.55, 394.235]","[0.367716, 0.537749, 0.626665, 0.551609]"
735,720,12,17:36; 28:10; 32:9; 46:26; 53:11,17:36; 28:10; 32:9; 46:26; 53:11,"[338.06, 341.301, 462.7, 350.843]","[0.652751, 0.477545, 0.893416, 0.490896]"
735,720,12,Miracles,Miracles,"[338.06, 350.843, 462.7, 360.385]","[0.652751, 0.490896, 0.893416, 0.504247]"
735,720,13,"brought by messengers 2:92,253;","brought by messengers 2:92,253;","[337.8, 362.051, 477.19, 371.741]","[0.652249, 0.506578, 0.921394, 0.520136]"
735,720,13,"7:73,106; 11:96; 13:38; 17:59,101;","7:73,106; 11:96; 13:38; 17:59,101;","[337.8, 371.741, 477.19, 381.432]","[0.652249, 0.520136, 0.921394, 0.533695]"
735,720,13,20:22; 23:50; 29:51; 43:63,20:22; 23:50; 29:51; 43:63,"[337.8, 381.432, 477.19, 391.122]","[0.652249, 0.533695, 0.921394, 0.547254]"
735,720,13,"demanded 2:118; 6:37,109; 10:20;","demanded 2:118; 6:37,109; 10:20;","[337.8, 391.122, 477.19, 400.812]","[0.652249, 0.547254, 0.921394, 0.560812]"
735,720,13,"13:7,27; 18:55; 20:133; 21:5; 26:154","13:7,27; 18:55; 20:133; 21:5; 26:154","[337.8, 400.812, 477.19, 410.503]","[0.652249, 0.560812, 0.921394, 0.574371]"
735,720,13,"in Quran 10:1,20; 12:1; 13:1; 15:1;","in Quran 10:1,20; 12:1; 13:1; 15:1;","[337.8, 410.503, 477.19, 420.193]","[0.652249, 0.574371, 0.921394, 0.587929]"
735,720,13,26:2; 27:1; 28:2; 31:2; 41:52- 53;,26:2; 27:1; 28:2; 31:2; 41:52- 53;,"[337.8, 420.193, 477.19, 429.883]","[0.652249, 0.587929, 0.921394, 0.601488]"
735,720,13,50:13; 74:1-56,50:13; 74:1-56,"[337.8, 429.883, 477.19, 439.574]","[0.652249, 0.601488, 0.921394, 0.615047]"
735,720,13,"won’t convert 2:145; 4:153; 6:25,","won’t convert 2:145; 4:153; 6:25,","[337.8, 439.574, 477.19, 449.264]","[0.652249, 0.615047, 0.921394, 0.628605]"
735,720,13,"109,111; 7:146; 10:97; 17:59; 30:58;","109,111; 7:146; 10:97; 17:59; 30:58;","[337.8, 449.264, 477.19, 458.955]","[0.652249, 0.628605, 0.921394, 0.642164]"
735,720,13,37:14; 43:47,37:14; 43:47,"[337.8, 458.955, 477.19, 468.645]","[0.652249, 0.642164, 0.921394, 0.655723]"
735,720,13,Misery,Misery,"[337.8, 468.645, 477.19, 478.335]","[0.652249, 0.655723, 0.921394, 0.669281]"
735,720,14,47:13; 48:24,47:13; 48:24,"[190.29, 395.835, 324.09, 406.468]","[0.367426, 0.553848, 0.625777, 0.568726]"
735,720,14,Mediating 4:85; 17:79; 39:9; 73:6,Mediating 4:85; 17:79; 39:9; 73:6,"[190.29, 406.468, 324.09, 417.101]","[0.367426, 0.568726, 0.625777, 0.583603]"
735,720,14,Memory 25:32; 50:22,Memory 25:32; 50:22,"[190.29, 417.101, 324.09, 427.734]","[0.367426, 0.583603, 0.625777, 0.598481]"
735,720,14,Menopause 65:4,Menopause 65:4,"[190.29, 427.734, 324.09, 438.367]","[0.367426, 0.598481, 0.625777, 0.613358]"
735,720,14,"Menstuation 2:222,228; 65:4","Menstuation 2:222,228; 65:4","[190.29, 438.367, 324.09, 449.0]","[0.367426, 0.613358, 0.625777, 0.628236]"
735,720,14,Mental incompetence 2:282; 4:5,Mental incompetence 2:282; 4:5,"[190.29, 449.0, 324.09, 459.633]","[0.367426, 0.628236, 0.625777, 0.643113]"
735,720,14,"Merciful, God 1:1,3; 2:37,54,128,199","Merciful, God 1:1,3; 2:37,54,128,199","[190.29, 459.633, 324.09, 470.266]","[0.367426, 0.643113, 0.625777, 0.657991]"
735,720,14,3:31; 4:16; 5:39; 9:104; 29:9; etc.,3:31; 4:16; 5:39; 9:104; 29:9; etc.,"[190.29, 470.266, 324.09, 480.899]","[0.367426, 0.657991, 0.625777, 0.672869]"
735,720,14,Mercy,Mercy,"[190.29, 480.899, 324.09, 491.532]","[0.367426, 0.672869, 0.625777, 0.687746]"
735,720,15,33:35; 70:29; 79:40,33:35; 70:29; 79:40,"[41.999, 413.051, 173.1, 423.038]","[0.081095, 0.577936, 0.334234, 0.59191]"
735,720,15,Luxury 7:93; 10:88; 16:6-8; 17:93;,Luxury 7:93; 10:88; 16:6-8; 17:93;,"[41.999, 423.038, 173.1, 433.025]","[0.081095, 0.59191, 0.334234, 0.605883]"
735,720,15,26:149; 43:34,26:149; 43:34,"[41.999, 433.025, 173.1, 443.012]","[0.081095, 0.605883, 0.334234, 0.619857]"
735,720,15,Lying 2:10; 3:191; 5:8; 10:12; 12:17-,Lying 2:10; 3:191; 5:8; 10:12; 12:17-,"[41.999, 443.012, 173.1, 452.998]","[0.081095, 0.619857, 0.334234, 0.63383]"
735,720,15,18; 24:7-8,18; 24:7-8,"[41.999, 452.998, 173.1, 462.985]","[0.081095, 0.63383, 0.334234, 0.647804]"
735,720,16,M,M,"[41.9, 472.402, 178.05, 482.985]","[0.080904, 0.660979, 0.343792, 0.675787]"
735,720,16,Magi 22:17,Magi 22:17,"[41.9, 482.985, 178.05, 493.568]","[0.080904, 0.675787, 0.343792, 0.690595]"
735,720,16,"Magic 2:102; 5:110; 6:7; 7:116; 10:76,","Magic 2:102; 5:110; 6:7; 7:116; 10:76,","[41.9, 493.568, 178.05, 504.152]","[0.080904, 0.690595, 0.343792, 0.705403]"
735,720,16,"77,81; 11:7; 15:15; 20:57-73; 21:3;","77,81; 11:7; 15:15; 20:57-73; 21:3;","[41.9, 504.152, 178.05, 514.735]","[0.080904, 0.705403, 0.343792, 0.720211]"
735,720,16,28:48; 34:43; 37:15; 43:30; 46:7;,28:48; 34:43; 37:15; 43:30; 46:7;,"[41.9, 514.735, 178.05, 525.318]","[0.080904, 0.720211, 0.343792, 0.735019]"
735,720,16,52:15; 54:2; 61:6; 74:24,52:15; 54:2; 61:6; 74:24,"[41.9, 525.318, 178.05, 535.902]","[0.080904, 0.735019, 0.343792, 0.749828]"
735,720,16,Magicians,Magicians,"[41.9, 535.902, 178.05, 546.485]","[0.080904, 0.749828, 0.343792, 0.764636]"
735,720,17,"for disbelievers 3:106; 11:39,106;","for disbelievers 3:106; 11:39,106;","[337.7, 480.401, 478.89, 490.04]","[0.652056, 0.672172, 0.924677, 0.685659]"
735,720,17,"13:34; 14:28; 16:27,94; 39:60; 43:17;","13:34; 14:28; 16:27,94; 39:60; 43:17;","[337.7, 490.04, 478.89, 499.679]","[0.652056, 0.685659, 0.924677, 0.699145]"
735,720,17,47:8; 0:40; 90:19; 92:10,47:8; 0:40; 90:19; 92:10,"[337.7, 499.679, 478.89, 509.318]","[0.652056, 0.699145, 0.924677, 0.712632]"
735,720,17,not for believers 10:26; 17:71;,not for believers 10:26; 17:71;,"[337.7, 509.318, 478.89, 518.957]","[0.652056, 0.712632, 0.924677, 0.726119]"
735,720,17,18:80; 20:123; 76:11,18:80; 20:123; 76:11,"[337.7, 518.957, 478.89, 528.596]","[0.652056, 0.726119, 0.924677, 0.739606]"
735,720,17,Misguiding,Misguiding,"[337.7, 528.596, 478.89, 538.235]","[0.652056, 0.739606, 0.924677, 0.753093]"
735,720,18,messenger as 2:151; 3:164; 19:21;,messenger as 2:151; 3:164; 19:21;,"[190.19, 493.351, 324.1, 503.065]","[0.367233, 0.690291, 0.625796, 0.703883]"
735,720,18,21:107; 62:2; 65:11,21:107; 62:2; 65:11,"[190.19, 503.065, 324.1, 512.779]","[0.367233, 0.703883, 0.625796, 0.717475]"
735,720,18,"scripture as 6:157; 7:52,154,203;","scripture as 6:157; 7:52,154,203;","[190.19, 512.779, 324.1, 522.493]","[0.367233, 0.717475, 0.625796, 0.731066]"
735,720,18,10:57; 12:111; 16:64; 17:82; 27:77;,10:57; 12:111; 16:64; 17:82; 27:77;,"[190.19, 522.493, 324.1, 532.207]","[0.367233, 0.731066, 0.625796, 0.744658]"
735,720,18,28:86; 29:51; 31:3; 45:20; 46:12,28:86; 29:51; 31:3; 45:20; 46:12,"[190.19, 532.207, 324.1, 541.921]","[0.367233, 0.744658, 0.625796, 0.75825]"
735,720,18,Message,Message,"[190.19, 541.921, 324.1, 551.635]","[0.367233, 0.75825, 0.625796, 0.771842]"
735,720,19,"by God 2:26; 4:88,143; 13:27,33;","by God 2:26; 4:88,143; 13:27,33;","[337.53, 540.151, 477.88, 550.086]","[0.651728, 0.755773, 0.922726, 0.769674]"
735,720,19,"14:4,27; 16:93; 30:29; 39:23,36;","14:4,27; 16:93; 30:29; 39:23,36;","[337.53, 550.086, 477.88, 560.021]","[0.651728, 0.769674, 0.922726, 0.783575]"
735,720,19,"40:34,74; 42:44,46","40:34,74; 42:44,46","[337.53, 560.021, 477.88, 569.956]","[0.651728, 0.783575, 0.922726, 0.797476]"
735,720,19,by humans 3:69; 4:113; 6:119; 7:38;,by humans 3:69; 4:113; 6:119; 7:38;,"[337.53, 569.956, 477.88, 579.891]","[0.651728, 0.797476, 0.922726, 0.811377]"
735,720,19,9:37;16:25;33:67;37:32;38:61;71:24,9:37;16:25;33:67;37:32;38:61;71:24,"[337.53, 579.891, 477.88, 589.826]","[0.651728, 0.811377, 0.922726, 0.825277]"
735,720,19,"by Satan 4:60,119; 7:16,27; 15:39;","by Satan 4:60,119; 7:16,27; 15:39;","[337.53, 589.826, 477.88, 599.761]","[0.651728, 0.825277, 0.922726, 0.839178]"
735,720,19,22:4; 25:29; 27:24; 28:15; 38:82,22:4; 25:29; 27:24; 28:15; 38:82,"[337.53, 599.761, 477.88, 609.696]","[0.651728, 0.839178, 0.922726, 0.853079]"
735,720,19,"Mission, of messengers 3:20; 5:67;","Mission, of messengers 3:20; 5:67;","[337.53, 609.696, 477.88, 619.63]","[0.651728, 0.853079, 0.922726, 0.86698]"
735,720,19,13:40; 16:82; 20:31; 24:54; 29:18;,13:40; 16:82; 20:31; 24:54; 29:18;,"[337.53, 619.63, 477.88, 629.565]","[0.651728, 0.86698, 0.922726, 0.880881]"
735,720,19,42:48; 72:23,42:48; 72:23,"[337.53, 629.565, 477.88, 639.5]","[0.651728, 0.880881, 0.922726, 0.894782]"
735,720,19,Mocking,Mocking,"[337.53, 639.5, 477.88, 649.435]","[0.651728, 0.894782, 0.922726, 0.908682]"
735,720,20,and Moses 7:112-126; 10:79-81;,and Moses 7:112-126; 10:79-81;,"[41.4, 548.301, 176.85, 558.342]","[0.079938, 0.767177, 0.341475, 0.781226]"
735,720,20,20:69-70; 26:37-46; 79:23,20:69-70; 26:37-46; 79:23,"[41.4, 558.342, 176.85, 568.383]","[0.079938, 0.781226, 0.341475, 0.795275]"
735,720,20,messengers accusede 7:109; 10:2;,messengers accusede 7:109; 10:2;,"[41.4, 568.383, 176.85, 578.424]","[0.079938, 0.795275, 0.341475, 0.809325]"
735,720,20,"25:34;38:4;40:24;43:49;51:39,52","25:34;38:4;40:24;43:49;51:39,52","[41.4, 578.424, 176.85, 588.465]","[0.079938, 0.809325, 0.341475, 0.823374]"
735,720,20,Majesty 14:14; 26:44; 38:82; 45:37;,Majesty 14:14; 26:44; 38:82; 45:37;,"[41.4, 588.465, 176.85, 598.506]","[0.079938, 0.823374, 0.341475, 0.837423]"
735,720,20,"55:27,78","55:27,78","[41.4, 598.506, 176.85, 608.548]","[0.079938, 0.837423, 0.341475, 0.851473]"
735,720,20,"Majority 3:110; 6:111,116,128; 10:36,","Majority 3:110; 6:111,116,128; 10:36,","[41.4, 608.548, 176.85, 618.589]","[0.079938, 0.851473, 0.341475, 0.865522]"
735,720,20,"55,60; 12:103,106; 30:42; 36:7;","55,60; 12:103,106; 30:42; 36:7;","[41.4, 618.589, 176.85, 628.63]","[0.079938, 0.865522, 0.341475, 0.879572]"
735,720,20,"37:71; 39:29; 57:26,27","37:71; 39:29; 57:26,27","[41.4, 628.63, 176.85, 638.671]","[0.079938, 0.879572, 0.341475, 0.893621]"
735,720,20,"Males 3:195; 4:11,124,176; 5:38,103;","Males 3:195; 4:11,124,176; 5:38,103;","[41.4, 638.671, 176.85, 648.712]","[0.079938, 0.893621, 0.341475, 0.90767]"
735,720,20,6:143; 16:97; 26:165; 40:40; 42:50;,6:143; 16:97; 26:165; 40:40; 42:50;,"[41.4, 648.712, 176.85, 658.753]","[0.079938, 0.90767, 0.341475, 0.92172]"
735,720,20,49:13; 53:45; 75:39; 78:8; 92:5,49:13; 53:45; 75:39; 78:8; 92:5,"[41.4, 658.753, 176.85, 668.794]","[0.079938, 0.92172, 0.341475, 0.935769]"
735,720,20,"Malice 2:75,85,173; 4:30; 5:3;","Malice 2:75,85,173; 4:30; 5:3;","[41.4, 668.794, 176.85, 678.835]","[0.079938, 0.935769, 0.341475, 0.949818]"
735,720,21,belief in 3:68; 7:75; 39:23; 40:54,belief in 3:68; 7:75; 39:23; 40:54,"[190.1, 553.351, 334.05, 563.05]","[0.367059, 0.774243, 0.645009, 0.787813]"
735,720,21,"deliveiy of 3:20,92,99; 6:90,124;","deliveiy of 3:20,92,99; 6:90,124;","[190.1, 563.05, 334.05, 572.749]","[0.367059, 0.787813, 0.645009, 0.801383]"
735,720,21,"16:35,82; 24:54; 42:48; 46:23; 64:12;","16:35,82; 24:54; 42:48; 46:23; 64:12;","[190.1, 572.749, 334.05, 582.447]","[0.367059, 0.801383, 0.645009, 0.814954]"
735,720,21,72:23,72:23,"[190.1, 582.447, 334.05, 592.146]","[0.367059, 0.814954, 0.645009, 0.828524]"
735,720,21,disregarding 6:44; 7:165; 17:16; 18:6,disregarding 6:44; 7:165; 17:16; 18:6,"[190.1, 592.146, 334.05, 601.845]","[0.367059, 0.828524, 0.645009, 0.842095]"
735,720,21,"28; 20:124; 21:35,42; 23:110; 39:22;","28; 20:124; 21:35,42; 23:110; 39:22;","[190.1, 601.845, 334.05, 611.544]","[0.367059, 0.842095, 0.645009, 0.855665]"
735,720,21,72:17,72:17,"[190.1, 611.544, 334.05, 621.243]","[0.367059, 0.855665, 0.645009, 0.869235]"
735,720,21,for all 7:157; 12:104; 26:196; 38:87;,for all 7:157; 12:104; 26:196; 38:87;,"[190.1, 621.243, 334.05, 630.941]","[0.367059, 0.869235, 0.645009, 0.882806]"
735,720,21,46:9; 68:52; 81:27,46:9; 68:52; 81:27,"[190.1, 630.941, 334.05, 640.64]","[0.367059, 0.882806, 0.645009, 0.896376]"
735,720,21,preservation of 15:9,preservation of 15:9,"[190.1, 640.64, 334.05, 650.339]","[0.367059, 0.896376, 0.645009, 0.909947]"
735,720,21,truth 13:14,truth 13:14,"[190.1, 650.339, 334.05, 660.038]","[0.367059, 0.909947, 0.645009, 0.923517]"
735,720,21,"Messengers, angels 3:39,45;6:61;7:37;","Messengers, angels 3:39,45;6:61;7:37;","[190.1, 660.038, 334.05, 669.736]","[0.367059, 0.923517, 0.645009, 0.937088]"
735,720,21,10:21;11:69-83;16:2;22:75;35:1;43:80,10:21;11:69-83;16:2;22:75;35:1;43:80,"[190.1, 669.736, 334.05, 679.435]","[0.367059, 0.937088, 0.645009, 0.950658]"
735,720,22,people 49:11,people 49:11,"[348.35, 651.285, 466.548, 660.552]","[0.67262, 0.911271, 0.900846, 0.924237]"
735,720,22,religion 2:14-15; 5:57-58; 6:68;,religion 2:14-15; 5:57-58; 6:68;,"[348.35, 660.552, 466.548, 669.819]","[0.67262, 0.924237, 0.900846, 0.937202]"
735,720,22,11:38; 21:41; 23:110; 31:6; 37:14;,11:38; 21:41; 23:110; 31:6; 37:14;,"[348.35, 669.819, 466.548, 679.085]","[0.67262, 0.937202, 0.900846, 0.950168]"
736,721,1,39:56; 45:33; 83:31,39:56; 45:33; 83:31,"[39.95, 16.601, 121.15, 26.545]","[0.077138, 0.023228, 0.233925, 0.037142]"
736,721,1,Modesty 24:60; 33:59,Modesty 24:60; 33:59,"[39.95, 26.545, 121.15, 36.49]","[0.077138, 0.037142, 0.233925, 0.051056]"
736,721,1,Money,Money,"[39.95, 36.49, 121.15, 46.434]","[0.077138, 0.051056, 0.233925, 0.06497]"
736,721,2,"Moses’ mother 20:38,40,94;28:7-13","Moses’ mother 20:38,40,94;28:7-13","[190.1, 16.635, 328.658, 26.527]","[0.367059, 0.023276, 0.634597, 0.037116]"
736,721,2,of orphans 4:3,of orphans 4:3,"[190.1, 26.527, 328.658, 36.418]","[0.367059, 0.037116, 0.634597, 0.050956]"
736,721,2,prohibited in marraige 4:23;,prohibited in marraige 4:23;,"[190.1, 36.418, 328.658, 46.31]","[0.367059, 0.050956, 0.634597, 0.064796]"
736,721,2,"33:4,6; 58:2","33:4,6; 58:2","[190.1, 46.31, 328.658, 56.202]","[0.367059, 0.064796, 0.634597, 0.078637]"
736,721,2,Moths 101:4,Moths 101:4,"[190.1, 56.202, 328.658, 66.093]","[0.367059, 0.078637, 0.634597, 0.092477]"
736,721,2,"Mount Sinai 2:63,93; 4:154; 19:52;","Mount Sinai 2:63,93; 4:154; 19:52;","[190.1, 66.093, 328.658, 75.985]","[0.367059, 0.092477, 0.634597, 0.106317]"
736,721,3,Mustard seed 21:47; 31:16,Mustard seed 21:47; 31:16,"[338.89, 17.051, 437.34, 26.718]","[0.654354, 0.023858, 0.844448, 0.037383]"
736,721,3,Muzdalifah 2:198,Muzdalifah 2:198,"[338.89, 26.718, 437.34, 36.384]","[0.654354, 0.037383, 0.844448, 0.050908]"
736,721,4,N,N,"[339.0, 47.369, 411.72, 57.477]","[0.654566, 0.066278, 0.794979, 0.080421]"
736,721,4,Names,Names,"[339.0, 57.477, 411.72, 67.585]","[0.654566, 0.080421, 0.794979, 0.094564]"
736,721,5,charity 2:177; 9:103; 24:33; 51:19;,charity 2:177; 9:103; 24:33; 51:19;,"[40.691, 48.401, 186.19, 58.35]","[0.078569, 0.067722, 0.35951, 0.081642]"
736,721,5,70:24; 92:18,70:24; 92:18,"[40.691, 58.35, 186.19, 68.299]","[0.078569, 0.081642, 0.35951, 0.095563]"
736,721,5,cheating 2:188; 4:161; 9:34; 104:2,cheating 2:188; 4:161; 9:34; 104:2,"[40.691, 68.299, 186.19, 78.248]","[0.078569, 0.095563, 0.35951, 0.109483]"
736,721,5,"don’t be impressed by 3:10; 9:55,69,","don’t be impressed by 3:10; 9:55,69,","[40.691, 78.248, 186.19, 88.197]","[0.078569, 0.109483, 0.35951, 0.123404]"
736,721,5,85; 57:20; 58:17; 69:28; 111:2,85; 57:20; 58:17; 69:28; 111:2,"[40.691, 88.197, 186.19, 98.146]","[0.078569, 0.123404, 0.35951, 0.137324]"
736,721,5,a test 2:155;3:116;8:28;18:46;23:55;,a test 2:155;3:116;8:28;18:46;23:55;,"[40.691, 98.146, 186.19, 108.095]","[0.078569, 0.137324, 0.35951, 0.151245]"
736,721,5,64:15; 68:14; 71:21; 74:12; 89:20,64:15; 68:14; 71:21; 74:12; 89:20,"[40.691, 108.095, 186.19, 118.043]","[0.078569, 0.151245, 0.35951, 0.165165]"
736,721,5,orphans’ 4:2-6; 6:152; 17:34,orphans’ 4:2-6; 6:152; 17:34,"[40.691, 118.043, 186.19, 127.992]","[0.078569, 0.165165, 0.35951, 0.179086]"
736,721,5,showing off 2:264; 4:38; 90:6,showing off 2:264; 4:38; 90:6,"[40.691, 127.992, 186.19, 137.941]","[0.078569, 0.179086, 0.35951, 0.193006]"
736,721,5,"striving with 2:261,262,265;","striving with 2:261,262,265;","[40.691, 137.941, 186.19, 147.89]","[0.078569, 0.193006, 0.35951, 0.206926]"
736,721,5,"4:95; 8:72; 9:20,41,44,88; 49:15","4:95; 8:72; 9:20,41,44,88; 49:15","[40.691, 147.89, 186.19, 157.839]","[0.078569, 0.206926, 0.35951, 0.220847]"
736,721,5,usury 4:161; 30:39,usury 4:161; 30:39,"[40.691, 157.839, 186.19, 167.788]","[0.078569, 0.220847, 0.35951, 0.234767]"
736,721,5,Monkies 5:60,Monkies 5:60,"[40.691, 167.788, 186.19, 177.737]","[0.078569, 0.234767, 0.35951, 0.248688]"
736,721,5,Monks 5:82; 9:34,Monks 5:82; 9:34,"[40.691, 177.737, 186.19, 187.686]","[0.078569, 0.248688, 0.35951, 0.262608]"
736,721,5,"Monotheism 1:5;2:138-139,256;3:30,","Monotheism 1:5;2:138-139,256;3:30,","[40.691, 187.686, 186.19, 197.635]","[0.078569, 0.262608, 0.35951, 0.276529]"
736,721,6,commemoration of God’s 2:114;,commemoration of God’s 2:114;,"[339.109, 69.751, 472.499, 79.711]","[0.654777, 0.097595, 0.912336, 0.111531]"
736,721,6,"7:180; 22:28,40; 56:74,96; 69:52;","7:180; 22:28,40; 56:74,96; 69:52;","[339.109, 79.711, 472.499, 89.671]","[0.654777, 0.111531, 0.912336, 0.125467]"
736,721,6,"73:8; 76:25; 87:1,15","73:8; 76:25; 87:1,15","[339.109, 89.671, 472.499, 99.632]","[0.654777, 0.125467, 0.912336, 0.139403]"
736,721,6,don’t change 33:5,don’t change 33:5,"[339.109, 99.632, 472.499, 109.592]","[0.654777, 0.139403, 0.912336, 0.153339]"
736,721,6,don’t ridicule 33:5;49:11,don’t ridicule 33:5;49:11,"[339.109, 109.592, 472.499, 119.552]","[0.654777, 0.153339, 0.912336, 0.167276]"
736,721,6,in God’s name 1:1; 2:173; 5:4;,in God’s name 1:1; 2:173; 5:4;,"[339.109, 119.552, 472.499, 129.512]","[0.654777, 0.167276, 0.912336, 0.181212]"
736,721,6,"6:118, 119,121,138; 11:41; 16:91;","6:118, 119,121,138; 11:41; 16:91;","[339.109, 129.512, 472.499, 139.472]","[0.654777, 0.181212, 0.912336, 0.195148]"
736,721,6,27:30; 46:17; 96:1,27:30; 46:17; 96:1,"[339.109, 139.472, 472.499, 149.432]","[0.654777, 0.195148, 0.912336, 0.209084]"
736,721,6,of God 7:180; 17:110; 20:8; 59:24,of God 7:180; 17:110; 20:8; 59:24,"[339.109, 149.432, 472.499, 159.393]","[0.654777, 0.209084, 0.912336, 0.22302]"
736,721,6,taught Adam 2:31-33,taught Adam 2:31-33,"[339.109, 159.393, 472.499, 169.353]","[0.654777, 0.22302, 0.912336, 0.236956]"
736,721,6,Narration (see Hadith) 6:112; 25:31,Narration (see Hadith) 6:112; 25:31,"[339.109, 169.353, 472.499, 179.313]","[0.654777, 0.236956, 0.912336, 0.250892]"
736,721,6,"Nations 6:38,42; 49:13","Nations 6:38,42; 49:13","[339.109, 179.313, 472.499, 189.273]","[0.654777, 0.250892, 0.912336, 0.264829]"
736,721,6,Nature,Nature,"[339.109, 189.273, 472.499, 199.233]","[0.654777, 0.264829, 0.912336, 0.278765]"
736,721,7,"20:80; 28:29,46; 52:1; 95:2","20:80; 28:29,46; 52:1; 95:2","[190.1, 77.551, 296.95, 87.142]","[0.367059, 0.108508, 0.573373, 0.121929]"
736,721,7,Mountains,Mountains,"[190.1, 87.142, 296.95, 96.734]","[0.367059, 0.121929, 0.573373, 0.135349]"
736,721,8,crumble from Quran 59:21,crumble from Quran 59:21,"[190.561, 98.801, 335.01, 108.572]","[0.367949, 0.138241, 0.646862, 0.151913]"
736,721,8,God manifested self to 7:143,God manifested self to 7:143,"[190.561, 108.572, 335.01, 118.343]","[0.367949, 0.151913, 0.646862, 0.165585]"
736,721,8,on Day of Resurrection 18:47;,on Day of Resurrection 18:47;,"[190.561, 118.343, 335.01, 128.115]","[0.367949, 0.165585, 0.646862, 0.179256]"
736,721,8,20:105; 52:10; 56:5; 69:14; 70:9;,20:105; 52:10; 56:5; 69:14; 70:9;,"[190.561, 128.115, 335.01, 137.886]","[0.367949, 0.179256, 0.646862, 0.192928]"
736,721,8,73:14; 77:10; 78:20; 81:5; 101:5,73:14; 77:10; 78:20; 81:5; 101:5,"[190.561, 137.886, 335.01, 147.657]","[0.367949, 0.192928, 0.646862, 0.2066]"
736,721,8,"shelter 7:74; 15:82; 16:68,81; 26:149","shelter 7:74; 15:82; 16:68,81; 26:149","[190.561, 147.657, 335.01, 157.428]","[0.367949, 0.2066, 0.646862, 0.220272]"
736,721,8,signs 13:31; 17:37; 19:90; 27:88;,signs 13:31; 17:37; 19:90; 27:88;,"[190.561, 157.428, 335.01, 167.199]","[0.367949, 0.220272, 0.646862, 0.233943]"
736,721,8,35:27; 78:7; 79:32; 88:19,35:27; 78:7; 79:32; 88:19,"[190.561, 167.199, 335.01, 176.97]","[0.367949, 0.233943, 0.646862, 0.247615]"
736,721,8,subdued to David 21:79;34:10;38:18,subdued to David 21:79;34:10;38:18,"[190.561, 176.97, 335.01, 186.742]","[0.367949, 0.247615, 0.646862, 0.261287]"
736,721,8,submit 22:18; 33:72,submit 22:18; 33:72,"[190.561, 186.742, 335.01, 196.513]","[0.367949, 0.261287, 0.646862, 0.274958]"
736,721,8,"Mouths 3:118,167;5:41;9:30,32;13:14;","Mouths 3:118,167;5:41;9:30,32;13:14;","[190.561, 196.513, 335.01, 206.284]","[0.367949, 0.274958, 0.646862, 0.28863]"
736,721,9,"95; 6:102; 7:29; 13:36; 16:120,123;","95; 6:102; 7:29; 13:36; 16:120,123;","[41.04, 199.351, 176.49, 209.258]","[0.079243, 0.27893, 0.34078, 0.292791]"
736,721,9,"22:31; 24:55; 29:17,56; 30:28-30;","22:31; 24:55; 29:17,56; 30:28-30;","[41.04, 209.258, 176.49, 219.164]","[0.079243, 0.292791, 0.34078, 0.306652]"
736,721,9,"39:2-3,11,14,66; 40:14,65","39:2-3,11,14,66; 40:14,65","[41.04, 219.164, 176.49, 229.071]","[0.079243, 0.306652, 0.34078, 0.320513]"
736,721,9,Monotheist 2:135; 3:67; 4:125; 6:161,Monotheist 2:135; 3:67; 4:125; 6:161,"[41.04, 229.071, 176.49, 238.977]","[0.079243, 0.320513, 0.34078, 0.334374]"
736,721,9,"Months 2:185,197,226,234;4:92;5:97;","Months 2:185,197,226,234;4:92;5:97;","[41.04, 238.977, 176.49, 248.884]","[0.079243, 0.334374, 0.34078, 0.348236]"
736,721,10,of human 4:28; 21:37; 59:9,of human 4:28; 21:37; 59:9,"[339.25, 201.001, 478.63, 210.754]","[0.655049, 0.281238, 0.924174, 0.294885]"
736,721,10,"signs in 6:l-3;95-99; 13:2-4,12,13;","signs in 6:l-3;95-99; 13:2-4,12,13;","[339.25, 210.754, 478.63, 220.507]","[0.655049, 0.294885, 0.924174, 0.308531]"
736,721,10,"16:3,48-50,65-72,78,79; 21:30-33;","16:3,48-50,65-72,78,79; 21:30-33;","[339.25, 220.507, 478.63, 230.26]","[0.655049, 0.308531, 0.924174, 0.322178]"
736,721,10,"23:78-80; 24:40^5; 25:45-49,53,54,","23:78-80; 24:40^5; 25:45-49,53,54,","[339.25, 230.26, 478.63, 240.013]","[0.655049, 0.322178, 0.924174, 0.335824]"
736,721,10,"61,62; 28:71-73; 30:19-27; 35:11-13,","61,62; 28:71-73; 30:19-27; 35:11-13,","[339.25, 240.013, 478.63, 249.767]","[0.655049, 0.335824, 0.924174, 0.349471]"
736,721,10,"27,28,41; 36:33-44,68,71-73,77,80;","27,28,41; 36:33-44,68,71-73,77,80;","[339.25, 249.767, 478.63, 259.52]","[0.655049, 0.349471, 0.924174, 0.363117]"
736,721,10,"39:5,6; 41:53; 50:6-11; 51:1-8,20-23","39:5,6; 41:53; 50:6-11; 51:1-8,20-23","[339.25, 259.52, 478.63, 269.273]","[0.655049, 0.363117, 0.924174, 0.376763]"
736,721,10,77:20-27; 78:6-16; 84:16-19; 86:5-8;,77:20-27; 78:6-16; 84:16-19; 86:5-8;,"[339.25, 269.273, 478.63, 279.026]","[0.655049, 0.376763, 0.924174, 0.39041]"
736,721,10,91:1-7,91:1-7,"[339.25, 279.026, 478.63, 288.779]","[0.655049, 0.39041, 0.924174, 0.404056]"
736,721,10,"Nearness, of God 2:186; 9:99; 11:61","Nearness, of God 2:186; 9:99; 11:61","[339.25, 288.779, 478.63, 298.532]","[0.655049, 0.404056, 0.924174, 0.417703]"
736,721,10,"Necks 3:180;8:12;13:5;17:13,29;26:4;","Necks 3:180;8:12;13:5;17:13,29;26:4;","[339.25, 298.532, 478.63, 308.285]","[0.655049, 0.417703, 0.924174, 0.431349]"
736,721,11,14:9; 18:5; 24:15; 36:65; 61:8,14:9; 18:5; 24:15; 36:65; 61:8,"[190.54, 208.001, 306.79, 218.284]","[0.367909, 0.291033, 0.592373, 0.30542]"
736,721,11,Mu’mins defined 49:14-15,Mu’mins defined 49:14-15,"[190.54, 218.284, 306.79, 228.567]","[0.367909, 0.30542, 0.592373, 0.319808]"
736,721,11,Mud see Clay,Mud see Clay,"[190.54, 228.567, 306.79, 238.85]","[0.367909, 0.319808, 0.592373, 0.334196]"
736,721,11,Muhammad,Muhammad,"[190.54, 238.85, 306.79, 249.133]","[0.367909, 0.334196, 0.592373, 0.348584]"
736,721,12,"9:2,36;34:12;46:15;58:4;65:4;97:3","9:2,36;34:12;46:15;58:4;65:4;97:3","[39.1, 250.601, 186.71, 260.591]","[0.075497, 0.350638, 0.360514, 0.364616]"
736,721,12,"Moon 2:189; 6:77,96; 7:54; 10:5; 12:4;","Moon 2:189; 6:77,96; 7:54; 10:5; 12:4;","[39.1, 260.591, 186.71, 270.582]","[0.075497, 0.364616, 0.360514, 0.378595]"
736,721,12,13:2; 14:33; 16:12; 21:33; 22:18;,13:2; 14:33; 16:12; 21:33; 22:18;,"[39.1, 270.582, 186.71, 280.572]","[0.075497, 0.378595, 0.360514, 0.392573]"
736,721,12,"25:61; 29:61; 31:29; 35:13; 36:39,40;","25:61; 29:61; 31:29; 35:13; 36:39,40;","[39.1, 280.572, 186.71, 290.562]","[0.075497, 0.392573, 0.360514, 0.406551]"
736,721,12,39:5; 41:37; 54:1; 55:5; 71:16; 74:32;,39:5; 41:37; 54:1; 55:5; 71:16; 74:32;,"[39.1, 290.562, 186.71, 300.552]","[0.075497, 0.406551, 0.360514, 0.42053]"
736,721,12,"75:8,9; 84:18; 91:2","75:8,9; 84:18; 91:2","[39.1, 300.552, 186.71, 310.543]","[0.075497, 0.42053, 0.360514, 0.434508]"
736,721,12,"Morning 6:96; 11:81; 15:66,83; 28:18;","Morning 6:96; 11:81; 15:66,83; 28:18;","[39.1, 310.543, 186.71, 320.533]","[0.075497, 0.434508, 0.360514, 0.448486]"
736,721,12,"30:17; 46:25; 54:38; 68:17,20; 74:34;","30:17; 46:25; 54:38; 68:17,20; 74:34;","[39.1, 320.533, 186.71, 330.523]","[0.075497, 0.448486, 0.360514, 0.462465]"
736,721,12,79:29; 81:18; 100:3,79:29; 81:18; 100:3,"[39.1, 330.523, 186.71, 340.514]","[0.075497, 0.462465, 0.360514, 0.476443]"
736,721,12,Moses (see also Children of Israel),Moses (see also Children of Israel),"[39.1, 340.514, 186.71, 350.504]","[0.075497, 0.476443, 0.360514, 0.490421]"
736,721,12,as a baby 20:38-41; 28:7-14,as a baby 20:38-41; 28:7-14,"[39.1, 350.504, 186.71, 360.494]","[0.075497, 0.490421, 0.360514, 0.5044]"
736,721,12,asked to see God 7:143,asked to see God 7:143,"[39.1, 360.494, 186.71, 370.485]","[0.075497, 0.5044, 0.360514, 0.518378]"
736,721,12,chosen 4:153;6:84;7:144;20:13;28:14,chosen 4:153;6:84;7:144;20:13;28:14,"[39.1, 370.485, 186.71, 380.475]","[0.075497, 0.518378, 0.360514, 0.532356]"
736,721,12,God spoke to 2:253;4:164;7:143-144,God spoke to 2:253;4:164;7:143-144,"[39.1, 380.475, 186.71, 390.465]","[0.075497, 0.532356, 0.360514, 0.546334]"
736,721,12,19:52; 20:10^6; 27:7-12; 28:29-35,19:52; 20:10^6; 27:7-12; 28:29-35,"[39.1, 390.465, 186.71, 400.456]","[0.075497, 0.546334, 0.360514, 0.560313]"
736,721,12,"given scripture 2:53,87; 6:91,154;","given scripture 2:53,87; 6:91,154;","[39.1, 400.456, 186.71, 410.446]","[0.075497, 0.560313, 0.360514, 0.574291]"
736,721,12,7:154; 11:110; 14:5; 17:2; 20:23;,7:154; 11:110; 14:5; 17:2; 20:23;,"[39.1, 410.446, 186.71, 420.436]","[0.075497, 0.574291, 0.360514, 0.588269]"
736,721,12,21:48; 23:48; 25:35; 28:43-14;,21:48; 23:48; 25:35; 28:43-14;,"[39.1, 420.436, 186.71, 430.426]","[0.075497, 0.588269, 0.360514, 0.602248]"
736,721,12,32:23; 37:117; 46:12; 53:36; 87:19,32:23; 37:117; 46:12; 53:36; 87:19,"[39.1, 430.426, 186.71, 440.417]","[0.075497, 0.602248, 0.360514, 0.616226]"
736,721,12,granted Aaron to help 19:51;,granted Aaron to help 19:51;,"[39.1, 440.417, 186.71, 450.407]","[0.075497, 0.616226, 0.360514, 0.630204]"
736,721,12,20:29-36; 26:13-15; 28:34-35,20:29-36; 26:13-15; 28:34-35,"[39.1, 450.407, 186.71, 460.397]","[0.075497, 0.630204, 0.360514, 0.644183]"
736,721,12,in Midyan 28:22-29,in Midyan 28:22-29,"[39.1, 460.397, 186.71, 470.388]","[0.075497, 0.644183, 0.360514, 0.658161]"
736,721,12,"killed a man 20:40; 28:15-21,32","killed a man 20:40; 28:15-21,32","[39.1, 470.388, 186.71, 480.378]","[0.075497, 0.658161, 0.360514, 0.672139]"
736,721,12,"miracles 2:60;7:103,107-108,117-120,","miracles 2:60;7:103,107-108,117-120,","[39.1, 480.378, 186.71, 490.368]","[0.075497, 0.672139, 0.360514, 0.686118]"
736,721,12,"133-134,160;17:101-102;20:17-22,69,","133-134,160;17:101-102;20:17-22,69,","[39.1, 490.368, 186.71, 500.359]","[0.075497, 0.686118, 0.360514, 0.700096]"
736,721,12,"77; 26:30-33,45-46; 28:31-32,36","77; 26:30-33,45-46; 28:31-32,36","[39.1, 500.359, 186.71, 510.349]","[0.075497, 0.700096, 0.360514, 0.714074]"
736,721,12,parted the sea 26:60-66,parted the sea 26:60-66,"[39.1, 510.349, 186.71, 520.339]","[0.075497, 0.714074, 0.360514, 0.728053]"
736,721,12,"people rebel against 2:51,55,61,67-","people rebel against 2:51,55,61,67-","[39.1, 520.339, 186.71, 530.329]","[0.075497, 0.728053, 0.360514, 0.742031]"
736,721,12,"71,92-93,108; 5:22-25; 7:138,148,","71,92-93,108; 5:22-25; 7:138,148,","[39.1, 530.329, 186.71, 540.32]","[0.075497, 0.742031, 0.360514, 0.756009]"
736,721,12,162; 14:8;20:85-88;22:44;33:69;61:5,162; 14:8;20:85-88;22:44;33:69;61:5,"[39.1, 540.32, 186.71, 550.31]","[0.075497, 0.756009, 0.360514, 0.769988]"
736,721,12,sent to Pharaoh 7:103-137; 10:75-93;,sent to Pharaoh 7:103-137; 10:75-93;,"[39.1, 550.31, 186.71, 560.3]","[0.075497, 0.769988, 0.360514, 0.783966]"
736,721,12,11:96-99; 17:102-103;20:42-73;23:45-,11:96-99; 17:102-103;20:42-73;23:45-,"[39.1, 560.3, 186.71, 570.291]","[0.075497, 0.783966, 0.360514, 0.797944]"
736,721,12,48;26:10-66;28:32-41;29:39;40:23-45;,48;26:10-66;28:32-41;29:39;40:23-45;,"[39.1, 570.291, 186.71, 580.281]","[0.075497, 0.797944, 0.360514, 0.811923]"
736,721,12,43:46-56;44:17-33;51:38-40;79:15-25,43:46-56;44:17-33;51:38-40;79:15-25,"[39.1, 580.281, 186.71, 590.271]","[0.075497, 0.811923, 0.360514, 0.825901]"
736,721,12,teacher of 18:60-82,teacher of 18:60-82,"[39.1, 590.271, 186.71, 600.262]","[0.075497, 0.825901, 0.360514, 0.839879]"
736,721,12,tested 20:40,tested 20:40,"[39.1, 600.262, 186.71, 610.252]","[0.075497, 0.839879, 0.360514, 0.853858]"
736,721,12,"Mosques 2:114,187; 7:31; 9:17-18,107-","Mosques 2:114,187; 7:31; 9:17-18,107-","[39.1, 610.252, 186.71, 620.242]","[0.075497, 0.853858, 0.360514, 0.867836]"
736,721,12,"108; 17:1,7; 22:40; 72:18","108; 17:1,7; 22:40; 72:18","[39.1, 620.242, 186.71, 630.233]","[0.075497, 0.867836, 0.360514, 0.881814]"
736,721,12,Mosquito 2:26,Mosquito 2:26,"[39.1, 630.233, 186.71, 640.223]","[0.075497, 0.881814, 0.360514, 0.895793]"
736,721,12,"Mothers, honor them 31:14; 46:15","Mothers, honor them 31:14; 46:15","[39.1, 640.223, 186.71, 650.213]","[0.075497, 0.895793, 0.360514, 0.909771]"
736,721,12,in divorce 2:233,in divorce 2:233,"[39.1, 650.213, 186.71, 660.203]","[0.075497, 0.909771, 0.360514, 0.923749]"
736,721,12,in inheritance 4:11,in inheritance 4:11,"[39.1, 660.203, 186.71, 670.194]","[0.075497, 0.923749, 0.360514, 0.937727]"
736,721,12,mother of Jesus see Mary,mother of Jesus see Mary,"[39.1, 670.194, 186.71, 680.184]","[0.075497, 0.937727, 0.360514, 0.951706]"
736,721,13,accepted Messenger of Covenant,accepted Messenger of Covenant,"[190.45, 250.801, 332.94, 260.613]","[0.367735, 0.350918, 0.642865, 0.364646]"
736,721,13,3:81; 33:7,3:81; 33:7,"[190.45, 260.613, 332.94, 270.424]","[0.367735, 0.364646, 0.642865, 0.378374]"
736,721,13,and change of Qiblah 2:144,and change of Qiblah 2:144,"[190.45, 270.424, 332.94, 280.236]","[0.367735, 0.378374, 0.642865, 0.392103]"
736,721,13,"and battles 3:121-128,159; 8:64-70","and battles 3:121-128,159; 8:64-70","[190.45, 280.236, 332.94, 290.047]","[0.367735, 0.392103, 0.642865, 0.405831]"
736,721,13,and blind man 80:1,and blind man 80:1,"[190.45, 290.047, 332.94, 299.859]","[0.367735, 0.405831, 0.642865, 0.419559]"
736,721,13,and Zeid’s wife 33:37,and Zeid’s wife 33:37,"[190.45, 299.859, 332.94, 309.671]","[0.367735, 0.419559, 0.642865, 0.433288]"
736,721,13,cannot help anyone 7:188; 10:49;,cannot help anyone 7:188; 10:49;,"[190.45, 309.671, 332.94, 319.482]","[0.367735, 0.433288, 0.642865, 0.447016]"
736,721,13,39:65; 72:21-22,39:65; 72:21-22,"[190.45, 319.482, 332.94, 329.294]","[0.367735, 0.447016, 0.642865, 0.460744]"
736,721,13,didn’t know future 7:187-188,didn’t know future 7:187-188,"[190.45, 329.294, 332.94, 339.106]","[0.367735, 0.460744, 0.642865, 0.474473]"
736,721,13,follower of Abraham 6:161; 16:123,follower of Abraham 6:161; 16:123,"[190.45, 339.106, 332.94, 348.917]","[0.367735, 0.474473, 0.642865, 0.488201]"
736,721,13,Gentile prophet for all 7:157-158;,Gentile prophet for all 7:157-158;,"[190.45, 348.917, 332.94, 358.729]","[0.367735, 0.488201, 0.642865, 0.501929]"
736,721,13,21:107; 34:28; 62:2,21:107; 34:28; 62:2,"[190.45, 358.729, 332.94, 368.541]","[0.367735, 0.501929, 0.642865, 0.515658]"
736,721,13,had worshiped idols 6:56; 40:66,had worshiped idols 6:56; 40:66,"[190.45, 368.541, 332.94, 378.352]","[0.367735, 0.515658, 0.642865, 0.529386]"
736,721,13,last prophet 33:40,last prophet 33:40,"[190.45, 378.352, 332.94, 388.164]","[0.367735, 0.529386, 0.642865, 0.543114]"
736,721,13,marraige 33:50-52; 65:1-4; 66:1-5,marraige 33:50-52; 65:1-4; 66:1-5,"[190.45, 388.164, 332.94, 397.976]","[0.367735, 0.543114, 0.642865, 0.556843]"
736,721,13,miracle 13:27; 17:59; 29:50-51,miracle 13:27; 17:59; 29:50-51,"[190.45, 397.976, 332.94, 407.787]","[0.367735, 0.556843, 0.642865, 0.570571]"
736,721,13,"mistakes 17:73; 33:37; 40:55,66;","mistakes 17:73; 33:37; 40:55,66;","[190.45, 407.787, 332.94, 417.599]","[0.367735, 0.570571, 0.642865, 0.584299]"
736,721,13,48:2; 66:1; 80:1; 93:7,48:2; 66:1; 80:1; 93:7,"[190.45, 417.599, 332.94, 427.41]","[0.367735, 0.584299, 0.642865, 0.598028]"
736,721,13,no more than messenger 3:144;,no more than messenger 3:144;,"[190.45, 427.41, 332.94, 437.222]","[0.367735, 0.598028, 0.642865, 0.611756]"
736,721,13,6:50-51; 10:49; 17:105; 18:110;,6:50-51; 10:49; 17:105; 18:110;,"[190.45, 437.222, 332.94, 447.034]","[0.367735, 0.611756, 0.642865, 0.625485]"
736,721,13,25:56; 33:40; 48:29,25:56; 33:40; 48:29,"[190.45, 447.034, 332.94, 456.845]","[0.367735, 0.625485, 0.642865, 0.639213]"
736,721,13,rejected & insulted 6:112; 9:61;,rejected & insulted 6:112; 9:61;,"[190.45, 456.845, 332.94, 466.657]","[0.367735, 0.639213, 0.642865, 0.652941]"
736,721,13,43:31; 52:30,43:31; 52:30,"[190.45, 466.657, 332.94, 476.469]","[0.367735, 0.652941, 0.642865, 0.66667]"
736,721,13,revelation of Quran 6:19; 7:203;,revelation of Quran 6:19; 7:203;,"[190.45, 476.469, 332.94, 486.28]","[0.367735, 0.66667, 0.642865, 0.680398]"
736,721,13,"10:94; 11:12; 15:87; 17:73; 20:2,114;","10:94; 11:12; 15:87; 17:73; 20:2,114;","[190.45, 486.28, 332.94, 496.092]","[0.367735, 0.680398, 0.642865, 0.694126]"
736,721,13,26:194; 29:51; 42:52; 47:2; 49:47-48;,26:194; 29:51; 42:52; 47:2; 49:47-48;,"[190.45, 496.092, 332.94, 505.904]","[0.367735, 0.694126, 0.642865, 0.707855]"
736,721,13,69:44-47; 75:16; 81:19-25,69:44-47; 75:16; 81:19-25,"[190.45, 505.904, 332.94, 515.715]","[0.367735, 0.707855, 0.642865, 0.721583]"
736,721,13,"supported by God 8:64; 9:40,61;","supported by God 8:64; 9:40,61;","[190.45, 515.715, 332.94, 525.527]","[0.367735, 0.721583, 0.642865, 0.735311]"
736,721,13,"33:56; 47:13; 48:20,24-25; 53:1-18;","33:56; 47:13; 48:20,24-25; 53:1-18;","[190.45, 525.527, 332.94, 535.339]","[0.367735, 0.735311, 0.642865, 0.74904]"
736,721,13,93:6; 94:1-8,93:6; 94:1-8,"[190.45, 535.339, 332.94, 545.15]","[0.367735, 0.74904, 0.642865, 0.762768]"
736,721,13,witness 2:143; 16:89; 25:30,witness 2:143; 16:89; 25:30,"[190.45, 545.15, 332.94, 554.962]","[0.367735, 0.762768, 0.642865, 0.776496]"
736,721,13,Mules 16:8,Mules 16:8,"[190.45, 554.962, 332.94, 564.773]","[0.367735, 0.776496, 0.642865, 0.790225]"
736,721,13,"Murder 2:72-73,178-179,191,217;","Murder 2:72-73,178-179,191,217;","[190.45, 564.773, 332.94, 574.585]","[0.367735, 0.790225, 0.642865, 0.803953]"
736,721,14,34:33; 36:8; 40:71 80:37; 111:5,34:33; 36:8; 40:71 80:37; 111:5,"[339.34, 310.001, 479.94, 320.215]","[0.655223, 0.43375, 0.926704, 0.448041]"
736,721,14,"Needs, God has none 3:97; 4:131;","Needs, God has none 3:97; 4:131;","[339.34, 320.215, 479.94, 330.429]","[0.655223, 0.448041, 0.926704, 0.462333]"
736,721,14,"6:14,101; 10:68; 14:8; 17:111; 27:40;","6:14,101; 10:68; 14:8; 17:111; 27:40;","[339.34, 330.429, 479.94, 340.643]","[0.655223, 0.462333, 0.926704, 0.476624]"
736,721,14,29:6; 35:15; 36:28; 51:57,29:6; 35:15; 36:28; 51:57,"[339.34, 340.643, 479.94, 350.857]","[0.655223, 0.476624, 0.926704, 0.490915]"
736,721,14,Needle 7:40,Needle 7:40,"[339.34, 350.857, 479.94, 361.071]","[0.655223, 0.490915, 0.926704, 0.505207]"
736,721,14,"Needy 2:177;8:41;9:60;17:26;22:28,36;","Needy 2:177;8:41;9:60;17:26;22:28,36;","[339.34, 361.071, 479.94, 371.285]","[0.655223, 0.505207, 0.926704, 0.519498]"
736,721,15,24:32;30:38;51:19;59:7;70:25;76:8,24:32;30:38;51:19;59:7;70:25;76:8,"[339.34, 373.101, 470.84, 382.568]","[0.655223, 0.522039, 0.909133, 0.535284]"
736,721,15,Negligence 3:152; 4:128-129; 21:42;,Negligence 3:152; 4:128-129; 21:42;,"[339.34, 382.568, 470.84, 392.034]","[0.655223, 0.535284, 0.909133, 0.54853]"
736,721,16,58:19; 107:2,58:19; 107:2,"[339.35, 393.501, 397.05, 403.579]","[0.655242, 0.550582, 0.766654, 0.564683]"
736,721,16,Neighbors 4:36,Neighbors 4:36,"[339.35, 403.579, 397.05, 413.656]","[0.655242, 0.564683, 0.766654, 0.578783]"
736,721,16,Night,Night,"[339.35, 413.656, 397.05, 423.734]","[0.655242, 0.578783, 0.766654, 0.592884]"
736,721,17,"as a sign 3:27,190; 7:54; 10:6; 13:3;","as a sign 3:27,190; 7:54; 10:6; 13:3;","[339.481, 425.201, 477.54, 435.473]","[0.655495, 0.594937, 0.92207, 0.609309]"
736,721,17,17:12;22:61;24:44;31:29;36:37;39:5,17:12;22:61;24:44;31:29;36:37;39:5,"[339.481, 435.473, 477.54, 445.745]","[0.655495, 0.609309, 0.92207, 0.623681]"
736,721,17,for rest 6:96; 10:67; 27:86,for rest 6:96; 10:67; 27:86,"[339.481, 445.745, 477.54, 456.016]","[0.655495, 0.623681, 0.92207, 0.638053]"
736,721,17,"worship during 3:41,113; 7:205;","worship during 3:41,113; 7:205;","[339.481, 456.016, 477.54, 466.288]","[0.655495, 0.638053, 0.92207, 0.652425]"
736,721,17,11:114; 17:78-79; 18:28; 20:130;,11:114; 17:78-79; 18:28; 20:130;,"[339.481, 466.288, 477.54, 476.56]","[0.655495, 0.652425, 0.92207, 0.666797]"
736,721,17,21:20; 25:64; 26:218 ; 33:42; 39:9;,21:20; 25:64; 26:218; 33:42; 39:9;,"[339.481, 476.56, 477.54, 486.831]","[0.655495, 0.666797, 0.92207, 0.681169]"
736,721,17,40:55; 48:9; 50:40; 51:17; 52:49;,40:55; 48:9; 50:40; 51:17; 52:49;,"[339.481, 486.831, 477.54, 497.103]","[0.655495, 0.681169, 0.92207, 0.695541]"
736,721,17,"73:2,6,20; 76:25-26","73:2,6,20; 76:25-26","[339.481, 497.103, 477.54, 507.375]","[0.655495, 0.695541, 0.92207, 0.709913]"
736,721,17,Night of Power 2:186; 44:3; 97:1-5,Night of Power 2:186; 44:3; 97:1-5,"[339.481, 507.375, 477.54, 517.646]","[0.655495, 0.709913, 0.92207, 0.724285]"
736,721,17,"Nine 17:101; 18:25; 27:12,48","Nine 17:101; 18:25; 27:12,48","[339.481, 517.646, 477.54, 527.918]","[0.655495, 0.724285, 0.92207, 0.738657]"
736,721,17,Nineteen 74:30,Nineteen 74:30,"[339.481, 527.918, 477.54, 538.19]","[0.655495, 0.738657, 0.92207, 0.753029]"
736,721,17,Ninety-nine 38:23,Ninety-nine 38:23,"[339.481, 538.19, 477.54, 548.462]","[0.655495, 0.753029, 0.92207, 0.767401]"
736,721,17,Noah,Noah,"[339.481, 548.462, 477.54, 558.733]","[0.655495, 0.767401, 0.92207, 0.781773]"
736,721,18,and Messenger of Covenant 33:7,and Messenger of Covenant 33:7,"[339.6, 560.401, 480.55, 570.683]","[0.655725, 0.784107, 0.927882, 0.798493]"
736,721,18,age of 29:14,age of 29:14,"[339.6, 570.683, 480.55, 580.965]","[0.655725, 0.798493, 0.927882, 0.81288]"
736,721,18,and his family 11:42-47; 66:10,and his family 11:42-47; 66:10,"[339.6, 580.965, 480.55, 591.247]","[0.655725, 0.81288, 0.927882, 0.827266]"
736,721,18,chosen 3:33;4:163;6:84;17:3;57:26,chosen 3:33;4:163;6:84;17:3;57:26,"[339.6, 591.247, 480.55, 601.529]","[0.655725, 0.827266, 0.927882, 0.841653]"
736,721,18,history of 7:59-64; 10:71-74; 11:25-,history of 7:59-64; 10:71-74; 11:25-,"[339.6, 601.529, 480.55, 611.811]","[0.655725, 0.841653, 0.927882, 0.856039]"
736,721,18,48; 21:76-77; 23:23-30; 26:105- 122;,48; 21:76-77; 23:23-30; 26:105- 122;,"[339.6, 611.811, 480.55, 622.093]","[0.655725, 0.856039, 0.927882, 0.870426]"
736,721,18,37:75-82; 71:1-28,37:75-82; 71:1-28,"[339.6, 622.093, 480.55, 632.375]","[0.655725, 0.870426, 0.927882, 0.884812]"
736,721,18,Nomads see Arabs,Nomads see Arabs,"[339.6, 632.375, 480.55, 642.657]","[0.655725, 0.884812, 0.927882, 0.899199]"
736,721,18,Noon 17:78; 24:58; 30:18,Noon 17:78; 24:58; 30:18,"[339.6, 642.657, 480.55, 652.939]","[0.655725, 0.899199, 0.927882, 0.913585]"
736,721,18,Nose 5:45; 68:16,Nose 5:45; 68:16,"[339.6, 652.939, 480.55, 663.221]","[0.655725, 0.913585, 0.927882, 0.927971]"
736,721,18,"Nullifing, our works 2:264; 3:22; 5:5,","Nullifing, our works 2:264; 3:22; 5:5,","[339.6, 663.221, 480.55, 673.503]","[0.655725, 0.927971, 0.927882, 0.942358]"
736,721,18,53; 6:88; 7:147; 9:17; 11:16; 33:19;,53; 6:88; 7:147; 9:17; 11:16; 33:19;,"[339.6, 673.503, 480.55, 683.785]","[0.655725, 0.942358, 0.927882, 0.956744]"
736,721,19,4:92-93; 5:27-32; 16:59; 17:31,4:92-93; 5:27-32; 16:59; 17:31,"[190.45, 576.751, 309.3, 586.468]","[0.367735, 0.806983, 0.597219, 0.820579]"
736,721,19,Muslims,Muslims,"[190.45, 586.468, 309.3, 596.185]","[0.367735, 0.820579, 0.597219, 0.834175]"
736,721,20,among the jinns 72:14,among the jinns 72:14,"[201.0, 597.751, 318.8, 607.349]","[0.388106, 0.836366, 0.615563, 0.849796]"
736,721,20,people of the scripture 4:162;,people of the scripture 4:162;,"[201.0, 607.349, 318.8, 616.948]","[0.388106, 0.849796, 0.615563, 0.863226]"
736,721,20,5:111; 28:52-53,5:111; 28:52-53,"[201.0, 616.948, 318.8, 626.546]","[0.388106, 0.863226, 0.615563, 0.876656]"
736,721,20,"from the past 2:128,132,133;","from the past 2:128,132,133;","[201.0, 626.546, 318.8, 636.144]","[0.388106, 0.876656, 0.615563, 0.890085]"
736,721,20,"3:52,67; 5:111; 7:126; 10:72,84;","3:52,67; 5:111; 7:126; 10:72,84;","[201.0, 636.144, 318.8, 645.742]","[0.388106, 0.890085, 0.615563, 0.903515]"
736,721,20,"12:101; 22:78; 27:31,42; 51:36","12:101; 22:78; 27:31,42; 51:36","[201.0, 645.742, 318.8, 655.34]","[0.388106, 0.903515, 0.615563, 0.916945]"
736,721,20,marrying 5:5; 66:5,marrying 5:5; 66:5,"[201.0, 655.34, 318.8, 664.939]","[0.388106, 0.916945, 0.615563, 0.930375]"
736,721,20,saying doesn’t make it so 10:90,saying doesn’t make it so 10:90,"[201.0, 664.939, 318.8, 674.537]","[0.388106, 0.930375, 0.615563, 0.943804]"
736,721,20,vs Mu’mins 49:14,vs Mu’mins 49:14,"[201.0, 674.537, 318.8, 684.135]","[0.388106, 0.943804, 0.615563, 0.957234]"
737,722,1,"39:65; 47:1,8,28,32-33; 49:2","39:65; 47:1,8,28,32-33; 49:2","[40.45, 16.701, 169.75, 27.284]","[0.078104, 0.023368, 0.327766, 0.038176]"
737,722,1,"Numbered record 83:9,20","Numbered record 83:9,20","[40.45, 27.284, 169.75, 37.868]","[0.078104, 0.038176, 0.327766, 0.052984]"
737,722,1,"Numbers, see under each number","Numbers, see under each number","[40.45, 37.868, 169.75, 48.451]","[0.078104, 0.052984, 0.327766, 0.067792]"
737,722,1,"Nursing, of infants 2:233; 4:23;","Nursing, of infants 2:233; 4:23;","[40.45, 48.451, 169.75, 59.034]","[0.078104, 0.067792, 0.327766, 0.0826]"
737,722,2,"charity 2:177,215;4:8;8:41;76:8;90:15","charity 2:177,215;4:8;8:41;76:8;90:15","[190.3, 17.301, 334.49, 27.098]","[0.367445, 0.024207, 0.645858, 0.037916]"
737,722,2,marrying 4:127,marrying 4:127,"[190.3, 27.098, 334.49, 36.896]","[0.367445, 0.037916, 0.645858, 0.051624]"
737,722,2,"money of 4:2,5,10;6:152;17:34;89:19","money of 4:2,5,10;6:152;17:34;89:19","[190.3, 36.896, 334.49, 46.693]","[0.367445, 0.051624, 0.645858, 0.065332]"
737,722,2,"regard 2:83; 4:36,127; 89:17; 107:2","regard 2:83; 4:36,127; 89:17; 107:2","[190.3, 46.693, 334.49, 56.49]","[0.367445, 0.065332, 0.645858, 0.079041]"
737,722,2,"Outsiders 3:28,118;4:89,139,144;5:51,","Outsiders 3:28,118;4:89,139,144;5:51,","[190.3, 56.49, 334.49, 66.288]","[0.367445, 0.079041, 0.645858, 0.092749]"
737,722,2,"57,106; 9:23; 60:1","57,106; 9:23; 60:1","[190.3, 66.288, 334.49, 76.085]","[0.367445, 0.092749, 0.645858, 0.106457]"
737,722,3,"16:125; 23:74; 25:27,34; 53:30; 60:1","16:125; 23:74; 25:27,34; 53:30; 60:1","[339.101, 17.301, 479.09, 27.081]","[0.654761, 0.024207, 0.925063, 0.037892]"
737,722,3,repelling from 2:217; 3:99; 6:116;,repelling from 2:217; 3:99; 6:116;,"[339.101, 27.081, 479.09, 36.862]","[0.654761, 0.037892, 0.925063, 0.051577]"
737,722,3,"7:16,45,86; 8:36,47; 9:9,34; 10:88;","7:16,45,86; 8:36,47; 9:9,34; 10:88;","[339.101, 36.862, 479.09, 46.642]","[0.654761, 0.051577, 0.925063, 0.065261]"
737,722,3,"11:19;14:3,30;16:88;22:9,25;27:24;","11:19;14:3,30;16:88;22:9,25;27:24;","[339.101, 46.642, 479.09, 56.423]","[0.654761, 0.065261, 0.925063, 0.078946]"
737,722,3,31:6; 39:8; 43:37; 47:1,31:6; 39:8; 43:37; 47:1,"[339.101, 56.423, 479.09, 66.203]","[0.654761, 0.078946, 0.925063, 0.092631]"
737,722,3,"Path, wrong 4:44,115,137,150,168;","Path, wrong 4:44,115,137,150,168;","[339.101, 66.203, 479.09, 75.984]","[0.654761, 0.092631, 0.925063, 0.106316]"
737,722,4,"20:40; 22:2; 28:7,12; 65:6","20:40; 22:2; 28:7,12; 65:6","[51.7, 61.035, 141.708, 69.035]","[0.099826, 0.0854, 0.27362, 0.096593]"
737,722,5,o,o,"[40.789, 76.228, 180.689, 87.717]","[0.078758, 0.106658, 0.348888, 0.122733]"
737,722,5,"Oaths 2:225; 5:89,103; 16:91-94; 24:6-","Oaths 2:225; 5:89,103; 16:91-94; 24:6-","[40.789, 87.717, 180.689, 99.206]","[0.078758, 0.122733, 0.348888, 0.138808]"
737,722,5,9; 56:76; 58:16; 63:2; 66:2; 89:5,9; 56:76; 58:16; 63:2; 66:2; 89:5,"[40.789, 99.206, 180.689, 110.695]","[0.078758, 0.138808, 0.348888, 0.154883]"
737,722,5,"Obedience 2:238; 3:17; 4:34,81;","Obedience 2:238; 3:17; 4:34,81;","[40.789, 110.695, 180.689, 122.184]","[0.078758, 0.154883, 0.348888, 0.170958]"
737,722,6,5:60; 6:153; 7:146; 17:32; 37:23,5:60; 6:153; 7:146; 17:32; 37:23,"[339.09, 77.901, 464.34, 87.493]","[0.65474, 0.108998, 0.896582, 0.122419]"
737,722,6,Patience,Patience,"[339.09, 87.493, 464.34, 97.085]","[0.65474, 0.122419, 0.896582, 0.13584]"
737,722,7,p,p,"[190.3, 87.039, 291.652, 97.888]","[0.367445, 0.121784, 0.563143, 0.136964]"
737,722,7,Paganism see Idol Worship,Paganism see Idol Worship,"[190.3, 97.888, 291.652, 108.737]","[0.367445, 0.136964, 0.563143, 0.152143]"
737,722,7,"Pagans 5:17,72,73","Pagans 5:17,72,73","[190.3, 108.737, 291.652, 119.586]","[0.367445, 0.152143, 0.563143, 0.167323]"
737,722,7,Pain,Pain,"[190.3, 119.586, 291.652, 130.435]","[0.367445, 0.167323, 0.563143, 0.182503]"
737,722,8,"of believers 10:109; 12:18,83; 14:5,","of believers 10:109; 12:18,83; 14:5,","[338.74, 98.901, 479.34, 108.923]","[0.654064, 0.138381, 0.925545, 0.152404]"
737,722,8,12; 20:130; 21:85; 30:60; 37:102;,12; 20:130; 21:85; 30:60; 37:102;,"[338.74, 108.923, 479.34, 118.945]","[0.654064, 0.152404, 0.925545, 0.166427]"
737,722,8,"38:17; 40:55,77; 46:35; 50:39; 73:10","38:17; 40:55,77; 46:35; 50:39; 73:10","[338.74, 118.945, 479.34, 128.967]","[0.654064, 0.166427, 0.925545, 0.18045]"
737,722,8,rewarded 7:137; 16:126; 42:43,rewarded 7:137; 16:126; 42:43,"[338.74, 128.967, 479.34, 138.99]","[0.654064, 0.18045, 0.925545, 0.194473]"
737,722,8,"Patriarchs 2:136,140; 3:84; 4:163; 5:12","Patriarchs 2:136,140; 3:84; 4:163; 5:12","[338.74, 138.99, 479.34, 149.012]","[0.654064, 0.194473, 0.925545, 0.208496]"
737,722,8,Peace,Peace,"[338.74, 149.012, 479.34, 159.034]","[0.654064, 0.208496, 0.925545, 0.222519]"
737,722,9,"11:75; 24:53; 33:31,35; 39:54; 47:21;","11:75; 24:53; 33:31,35; 39:54; 47:21;","[41.049, 124.001, 182.85, 134.427]","[0.07926, 0.173501, 0.35306, 0.188089]"
737,722,9,"50:8; 66:5,12; 76:9","50:8; 66:5,12; 76:9","[41.049, 134.427, 182.85, 144.853]","[0.07926, 0.188089, 0.35306, 0.202676]"
737,722,9,Objection 33:36,Objection 33:36,"[41.049, 144.853, 182.85, 155.279]","[0.07926, 0.202676, 0.35306, 0.217264]"
737,722,9,"Obligations 2:228,286; 8:72; 33:38,50","Obligations 2:228,286; 8:72; 33:38,50","[41.049, 155.279, 182.85, 165.705]","[0.07926, 0.217264, 0.35306, 0.231852]"
737,722,9,"Oceans (see also Seas) 16:14; 18:86,","Oceans (see also Seas) 16:14; 18:86,","[41.049, 165.705, 182.85, 176.13]","[0.07926, 0.231852, 0.35306, 0.24644]"
737,722,9,109; 31:27; 52:6; 81:6; 82:3,109; 31:27; 52:6; 81:6; 82:3,"[41.049, 176.13, 182.85, 186.556]","[0.07926, 0.24644, 0.35306, 0.261027]"
737,722,9,"Offenses (see also Sins) 4:31,48,116,","Offenses (see also Sins) 4:31,48,116,","[41.049, 186.556, 182.85, 196.982]","[0.07926, 0.261027, 0.35306, 0.275615]"
737,722,9,"149;5:39,95;17:31;24:15;31:13;53:32","149;5:39,95;17:31;24:15;31:13;53:32","[41.049, 196.982, 182.85, 207.408]","[0.07926, 0.275615, 0.35306, 0.290203]"
737,722,9,"Offerings 2:196; 3:183; 5:2,27,90,97;","Offerings 2:196; 3:183; 5:2,27,90,97;","[41.049, 207.408, 182.85, 217.834]","[0.07926, 0.290203, 0.35306, 0.304791]"
737,722,10,"of retribution (see also Hell,","of retribution (see also Hell,","[190.09, 132.251, 331.749, 142.285]","[0.36704, 0.185044, 0.640566, 0.199083]"
737,722,10,Retribution) 6:70; 10:4; 44:48,Retribution) 6:70; 10:4; 44:48,"[190.09, 142.285, 331.749, 152.319]","[0.36704, 0.199083, 0.640566, 0.213123]"
737,722,10,of smoke 44:11,of smoke 44:11,"[190.09, 152.319, 331.749, 162.353]","[0.36704, 0.213123, 0.640566, 0.227162]"
737,722,10,of war 4:104,of war 4:104,"[190.09, 162.353, 331.749, 172.387]","[0.36704, 0.227162, 0.640566, 0.241201]"
737,722,10,Pairs 6:143; 11:40; 13:3; 20:53; 23:27;,Pairs 6:143; 11:40; 13:3; 20:53; 23:27;,"[190.09, 172.387, 331.749, 182.421]","[0.36704, 0.241201, 0.640566, 0.255241]"
737,722,10,51:49; 53:45; 75:39,51:49; 53:45; 75:39,"[190.09, 182.421, 331.749, 192.454]","[0.36704, 0.255241, 0.640566, 0.26928]"
737,722,10,seven 15:87,seven 15:87,"[190.09, 192.454, 331.749, 202.488]","[0.36704, 0.26928, 0.640566, 0.283319]"
737,722,10,"Palm, trees 2:266; 6:99,141; 13:4;","Palm, trees 2:266; 6:99,141; 13:4;","[190.09, 202.488, 331.749, 212.522]","[0.36704, 0.283319, 0.640566, 0.297359]"
737,722,10,"16:11,67; 17:91; 18:32; 19:23,25;","16:11,67; 17:91; 18:32; 19:23,25;","[190.09, 212.522, 331.749, 222.556]","[0.36704, 0.297359, 0.640566, 0.311398]"
737,722,10,20:71; 50:10; 54:20; 69:7,20:71; 50:10; 54:20; 69:7,"[190.09, 222.556, 331.749, 232.59]","[0.36704, 0.311398, 0.640566, 0.325437]"
737,722,10,"Paper 6:7,91; 52:3","Paper 6:7,91; 52:3","[190.09, 232.59, 331.749, 242.624]","[0.36704, 0.325437, 0.640566, 0.339477]"
737,722,10,Parable see Allegory,Parable see Allegory,"[190.09, 242.624, 331.749, 252.658]","[0.36704, 0.339477, 0.640566, 0.353516]"
737,722,10,"Paradise (see also Gardens, Heaven)","Paradise (see also Gardens, Heaven)","[190.09, 252.658, 331.749, 262.692]","[0.36704, 0.353516, 0.640566, 0.367555]"
737,722,10,Adam & Eve evicted from 2:35-38;,Adam & Eve evicted from 2:35-38;,"[190.09, 262.692, 331.749, 272.726]","[0.36704, 0.367555, 0.640566, 0.381595]"
737,722,10,7:19-27; 20:117-123,7:19-27; 20:117-123,"[190.09, 272.726, 331.749, 282.76]","[0.36704, 0.381595, 0.640566, 0.395634]"
737,722,10,allegory of 13:35; 47:15,allegory of 13:35; 47:15,"[190.09, 282.76, 331.749, 292.794]","[0.36704, 0.395634, 0.640566, 0.409673]"
737,722,10,"attainment of 3:15,185; 5:65; 7:42-","attainment of 3:15,185; 5:65; 7:42-","[190.09, 292.794, 331.749, 302.828]","[0.36704, 0.409673, 0.640566, 0.423713]"
737,722,10,"43; 10:26; 11:23,108; 26:90 ; 30:15;","43; 10:26; 11:23,108; 26:90; 30:15;","[190.09, 302.828, 331.749, 312.861]","[0.36704, 0.423713, 0.640566, 0.437752]"
737,722,10,32:19; 36:26; 39:73-74,32:19; 36:26; 39:73-74,"[190.09, 312.861, 331.749, 322.895]","[0.36704, 0.437752, 0.640566, 0.451792]"
737,722,10,described 7:43-50 ; 19:60-63; 29:58;,described 7:43-50; 19:60-63; 29:58;,"[190.09, 322.895, 331.749, 332.929]","[0.36704, 0.451792, 0.640566, 0.465831]"
737,722,10,40:40; 42:22; 43:70-73; 53:15; 55:46;,40:40; 42:22; 43:70-73; 53:15; 55:46;,"[190.09, 332.929, 331.749, 342.963]","[0.36704, 0.465831, 0.640566, 0.47987]"
737,722,10,"74:40; 76:5,12-22; 88:10-16","74:40; 76:5,12-22; 88:10-16","[190.09, 342.963, 331.749, 352.997]","[0.36704, 0.47987, 0.640566, 0.49391]"
737,722,10,"striving for 2:214; 3:133,142; 4:124;","striving for 2:214; 3:133,142; 4:124;","[190.09, 352.997, 331.749, 363.031]","[0.36704, 0.49391, 0.640566, 0.507949]"
737,722,10,9:111;19:60;23:1-11;46:15-16;50:33;,9:111;19:60;23:1-11;46:15-16;50:33;,"[190.09, 363.031, 331.749, 373.065]","[0.36704, 0.507949, 0.640566, 0.521988]"
737,722,10,57:21; 66:11; 70:22-35; 76:7-10,57:21; 66:11; 70:22-35; 76:7-10,"[190.09, 373.065, 331.749, 383.099]","[0.36704, 0.521988, 0.640566, 0.536028]"
737,722,10,Pardon,Pardon,"[190.09, 383.099, 331.749, 393.133]","[0.36704, 0.536028, 0.640566, 0.550067]"
737,722,11,"abode of 6:127; 7:46; 10:10,25;","abode of 6:127; 7:46; 10:10,25;","[338.061, 160.801, 479.5, 170.604]","[0.652753, 0.224991, 0.925854, 0.238707]"
737,722,11,13:24; 14:23; 15:46; 19:62; 25:75;,13:24; 14:23; 15:46; 19:62; 25:75;,"[338.061, 170.604, 479.5, 180.406]","[0.652753, 0.238707, 0.925854, 0.252423]"
737,722,11,"36:58; 39:73; 50:34; 56:26,91","36:58; 39:73; 50:34; 56:26,91","[338.061, 180.406, 479.5, 190.209]","[0.652753, 0.252423, 0.925854, 0.266138]"
737,722,11,God is 59:23,God is 59:23,"[338.061, 190.209, 479.5, 200.012]","[0.652753, 0.266138, 0.925854, 0.279854]"
737,722,11,"offered 4:90,91,94; 8:61","offered 4:90,91,94; 8:61","[338.061, 200.012, 479.5, 209.815]","[0.652753, 0.279854, 0.925854, 0.29357]"
737,722,11,paths of 5:16,paths of 5:16,"[338.061, 209.815, 479.5, 219.617]","[0.652753, 0.29357, 0.925854, 0.307286]"
737,722,11,times of 2:196; 3:140,times of 2:196; 3:140,"[338.061, 219.617, 479.5, 229.42]","[0.652753, 0.307286, 0.925854, 0.321002]"
737,722,11,"treaties 8:72; 9:1,4,7","treaties 8:72; 9:1,4,7","[338.061, 229.42, 479.5, 239.223]","[0.652753, 0.321002, 0.925854, 0.334718]"
737,722,11,upon the believers 6:54; 11:48;,upon the believers 6:54; 11:48;,"[338.061, 239.223, 479.5, 249.026]","[0.652753, 0.334718, 0.925854, 0.348434]"
737,722,11,"16:32; 19:15,33; 20:47; 27:59; 33:44;","16:32; 19:15,33; 20:47; 27:59; 33:44;","[338.061, 249.026, 479.5, 258.828]","[0.652753, 0.348434, 0.925854, 0.36215]"
737,722,11,"37:79,109,120,130,181","37:79,109,120,130,181","[338.061, 258.828, 479.5, 268.631]","[0.652753, 0.36215, 0.925854, 0.375866]"
737,722,11,Pearls 24:35; 35:33; 52:24; 55:22;,Pearls 24:35; 35:33; 52:24; 55:22;,"[338.061, 268.631, 479.5, 278.434]","[0.652753, 0.375866, 0.925854, 0.389581]"
737,722,12,"22:32,36; 37:107; 48:25","22:32,36; 37:107; 48:25","[41.299, 219.401, 181.289, 229.94]","[0.079743, 0.306983, 0.350046, 0.321729]"
737,722,12,Oil 12:49; 23:20; 24:35; 34:12,Oil 12:49; 23:20; 24:35; 34:12,"[41.299, 229.94, 181.289, 240.479]","[0.079743, 0.321729, 0.350046, 0.336475]"
737,722,12,"Olives 6:99,141; 16:11;24:35;80:29;95:1","Olives 6:99,141; 16:11;24:35;80:29;95:1","[41.299, 240.479, 181.289, 251.018]","[0.079743, 0.336475, 0.350046, 0.351222]"
737,722,12,"Omens 7:57; 14:14; 25:48; 27:47,63;","Omens 7:57; 14:14; 25:48; 27:47,63;","[41.299, 251.018, 181.289, 261.557]","[0.079743, 0.351222, 0.350046, 0.365968]"
737,722,12,30:46; 36:18-19,30:46; 36:18-19,"[41.299, 261.557, 181.289, 272.096]","[0.079743, 0.365968, 0.350046, 0.380714]"
737,722,12,"Omnipotent, God is 2:20,106,109,","Omnipotent, God is 2:20,106,109,","[41.299, 272.096, 181.289, 282.635]","[0.079743, 0.380714, 0.350046, 0.39546]"
737,722,13,56:23; 76:19,56:23; 76:19,"[337.55, 280.201, 476.96, 290.414]","[0.651767, 0.392054, 0.92095, 0.406344]"
737,722,13,Pen 31:27; 68:1; 96:4,Pen 31:27; 68:1; 96:4,"[337.55, 290.414, 476.96, 300.628]","[0.651767, 0.406344, 0.92095, 0.420635]"
737,722,13,"People, as a test 6:53,65; 64:14-15","People, as a test 6:53,65; 64:14-15","[337.55, 300.628, 476.96, 310.841]","[0.651767, 0.420635, 0.92095, 0.434925]"
737,722,13,"People of the scripture 3:64,65,70-","People of the scripture 3:64,65,70-","[337.55, 310.841, 476.96, 321.055]","[0.651767, 0.434925, 0.92095, 0.449216]"
737,722,13,"72,75,98-100,113,187; 4:47,123,153,","72,75,98-100,113,187; 4:47,123,153,","[337.55, 321.055, 476.96, 331.268]","[0.651767, 0.449216, 0.92095, 0.463506]"
737,722,13,"159,171; 5:15,19,59,65,68,77; 29:46;","159,171; 5:15,19,59,65,68,77; 29:46;","[337.55, 331.268, 476.96, 341.481]","[0.651767, 0.463506, 0.92095, 0.477797]"
737,722,13,33:26,33:26,"[337.55, 341.481, 476.96, 351.695]","[0.651767, 0.477797, 0.92095, 0.492087]"
737,722,13,Perfect religion 6:161; 9:36; 12:40;,Perfect religion 6:161; 9:36; 12:40;,"[337.55, 351.695, 476.96, 361.908]","[0.651767, 0.492087, 0.92095, 0.506378]"
737,722,13,"30:30,43; 98:5","30:30,43; 98:5","[337.55, 361.908, 476.96, 372.122]","[0.651767, 0.506378, 0.92095, 0.520668]"
737,722,13,"Permission 2:187; 4:25,91; 6:118;","Permission 2:187; 4:25,91; 6:118;","[337.55, 372.122, 476.96, 382.335]","[0.651767, 0.520668, 0.92095, 0.534959]"
737,722,14,"148; 284; 5:40,120; 6:17; 9:39;","148; 284; 5:40,120; 6:17; 9:39;","[41.4, 284.335, 180.8, 295.045]","[0.079938, 0.397838, 0.349102, 0.412824]"
737,722,14,"11:4; 16:70,77; etc.","11:4; 16:70,77; etc.","[41.4, 295.045, 180.8, 305.756]","[0.079938, 0.412824, 0.349102, 0.42781]"
737,722,14,Omnipresent 2:115,Omnipresent 2:115,"[41.4, 305.756, 180.8, 316.466]","[0.079938, 0.42781, 0.349102, 0.442796]"
737,722,14,"Omniscient 2:32,115,127,137,181,216,","Omniscient 2:32,115,127,137,181,216,","[41.4, 316.466, 180.8, 327.176]","[0.079938, 0.442796, 0.349102, 0.457781]"
737,722,14,"224,247,256,261,268,282; 4:12; 5:54","224,247,256,261,268,282; 4:12; 5:54","[41.4, 327.176, 180.8, 337.887]","[0.079938, 0.457781, 0.349102, 0.472767]"
737,722,14,One-eighth 4:12,One-eighth 4:12,"[41.4, 337.887, 180.8, 348.597]","[0.079938, 0.472767, 0.349102, 0.487753]"
737,722,14,One-fifth 8:41,One-fifth 8:41,"[41.4, 348.597, 180.8, 359.307]","[0.079938, 0.487753, 0.349102, 0.502739]"
737,722,14,One-fourth 4:12,One-fourth 4:12,"[41.4, 359.307, 180.8, 370.018]","[0.079938, 0.502739, 0.349102, 0.517725]"
737,722,14,One-half 4:11-12,One-half 4:11-12,"[41.4, 370.018, 180.8, 380.728]","[0.079938, 0.517725, 0.349102, 0.53271]"
737,722,14,"One hundred 8:65,66; 24:2","One hundred 8:65,66; 24:2","[41.4, 380.728, 180.8, 391.438]","[0.079938, 0.53271, 0.349102, 0.547696]"
737,722,14,"One-sixth 4:11,12","One-sixth 4:11,12","[41.4, 391.438, 180.8, 402.149]","[0.079938, 0.547696, 0.349102, 0.562682]"
737,722,14,One-tenth 34:45,One-tenth 34:45,"[41.4, 402.149, 180.8, 412.859]","[0.079938, 0.562682, 0.349102, 0.577668]"
737,722,14,"One-third 4:11,12; 5:73; 73:20","One-third 4:11,12; 5:73; 73:20","[41.4, 412.859, 180.8, 423.57]","[0.079938, 0.577668, 0.349102, 0.592654]"
737,722,14,"One thousand 8:9,65,66; 22:47;","One thousand 8:9,65,66; 22:47;","[41.4, 423.57, 180.8, 434.28]","[0.079938, 0.592654, 0.349102, 0.607639]"
737,722,15,"9:93; 10:59; 11:105; 24:28,62","9:93; 10:59; 11:105; 24:28,62","[337.31, 384.001, 470.85, 394.13]","[0.651303, 0.53729, 0.909152, 0.551462]"
737,722,15,"Persecution 2:49; 8:39; 14:12; 16:41,","Persecution 2:49; 8:39; 14:12; 16:41,","[337.31, 394.13, 470.85, 404.259]","[0.651303, 0.551462, 0.909152, 0.565635]"
737,722,15,110; 22:60; 29:10; 44:30; 60:5,110; 22:60; 29:10; 44:30; 60:5,"[337.31, 404.259, 470.85, 414.388]","[0.651303, 0.565635, 0.909152, 0.579807]"
737,722,15,"Preseverence 2:153,155,249; 3:120,","Preseverence 2:153,155,249; 3:120,","[337.31, 414.388, 470.85, 424.518]","[0.651303, 0.579807, 0.909152, 0.59398]"
737,722,15,"125,142,186,200; 6:34; 8:46,65,66;","125,142,186,200; 6:34; 8:46,65,66;","[337.31, 424.518, 470.85, 434.647]","[0.651303, 0.59398, 0.909152, 0.608153]"
737,722,15,"11:49; 12:90; 13:22; 16:42,110;","11:49; 12:90; 13:22; 16:42,110;","[337.31, 434.647, 470.85, 444.776]","[0.651303, 0.608153, 0.909152, 0.622325]"
737,722,15,25:42; 26:227; 41:35; 52:48,25:42; 26:227; 41:35; 52:48,"[337.31, 444.776, 470.85, 454.905]","[0.651303, 0.622325, 0.909152, 0.636498]"
737,722,15,Pharaoh,Pharaoh,"[337.31, 454.905, 470.85, 465.034]","[0.651303, 0.636498, 0.909152, 0.65067]"
737,722,16,"from God 2:52,187,286; 4:99,149,","from God 2:52,187,286; 4:99,149,","[189.861, 394.801, 327.56, 404.763]","[0.366598, 0.552401, 0.632477, 0.56634]"
737,722,16,135; 5:95; 9:66; 33:17; 42:25; 73:20,135; 5:95; 9:66; 33:17; 42:25; 73:20,"[189.861, 404.763, 327.56, 414.725]","[0.366598, 0.56634, 0.632477, 0.580278]"
737,722,16,"from people 2:178; 3:134,159;4:16;","from people 2:178; 3:134,159;4:16;","[189.861, 414.725, 327.56, 424.687]","[0.366598, 0.580278, 0.632477, 0.594217]"
737,722,16,5:45; 7:199; 9:5; 24:22; 42:4; 64:14,5:45; 7:199; 9:5; 24:22; 42:4; 64:14,"[189.861, 424.687, 327.56, 434.648]","[0.366598, 0.594217, 0.632477, 0.608155]"
737,722,16,"Pardoner, God (see also Forgiver)","Pardoner, God (see also Forgiver)","[189.861, 434.648, 327.56, 444.61]","[0.366598, 0.608155, 0.632477, 0.622094]"
737,722,16,"4:43,99,149; 22:60; 58:2","4:43,99,149; 22:60; 58:2","[189.861, 444.61, 327.56, 454.572]","[0.366598, 0.622094, 0.632477, 0.636032]"
737,722,16,Parents,Parents,"[189.861, 454.572, 327.56, 464.534]","[0.366598, 0.636032, 0.632477, 0.649971]"
737,722,17,29:14; 32:5,29:14; 32:5,"[41.5, 436.135, 178.9, 446.353]","[0.080131, 0.610235, 0.345433, 0.624532]"
737,722,17,"Oneness of God 2:163,255; 3:2; 4:87,","Oneness of God 2:163,255; 3:2; 4:87,","[41.5, 446.353, 178.9, 456.571]","[0.080131, 0.624532, 0.345433, 0.638829]"
737,722,17,"171; 5:73; 6:3,19; 7:54; 10:3,105;","171; 5:73; 6:3,19; 7:54; 10:3,105;","[41.5, 456.571, 178.9, 466.789]","[0.080131, 0.638829, 0.345433, 0.653126]"
737,722,17,28:70; 34:27; 37:4; 39:4; 43:84;,28:70; 34:27; 37:4; 39:4; 43:84;,"[41.5, 466.789, 178.9, 477.007]","[0.080131, 0.653126, 0.345433, 0.667423]"
737,722,17,59:22-24; 112:1,59:22-24; 112:1,"[41.5, 477.007, 178.9, 487.225]","[0.080131, 0.667423, 0.345433, 0.68172]"
737,722,17,Openning of hearts 6:125; 39:22,Openning of hearts 6:125; 39:22,"[41.5, 487.225, 178.9, 497.443]","[0.080131, 0.68172, 0.345433, 0.696017]"
737,722,17,Opinion as a god 25:43,Opinion as a god 25:43,"[41.5, 497.443, 178.9, 507.661]","[0.080131, 0.696017, 0.345433, 0.710314]"
737,722,17,"Opinions, following 6:119,150; 7:176;","Opinions, following 6:119,150; 7:176;","[41.5, 507.661, 178.9, 517.879]","[0.080131, 0.710314, 0.345433, 0.72461]"
737,722,17,13:37; 18:28; 20:16; 23:71; 28:50;,13:37; 18:28; 20:16; 23:71; 28:50;,"[41.5, 517.879, 178.9, 528.097]","[0.080131, 0.72461, 0.345433, 0.738907]"
737,722,17,"47:14,16; 53:23; 54:3","47:14,16; 53:23; 54:3","[41.5, 528.097, 178.9, 538.315]","[0.080131, 0.738907, 0.345433, 0.753204]"
737,722,17,"Opponents, of God 2:204; 5:82; 8:72;","Opponents, of God 2:204; 5:82; 8:72;","[41.5, 538.315, 178.9, 548.533]","[0.080131, 0.753204, 0.345433, 0.767501]"
737,722,18,charity to 2:15,charity to 2:15,"[189.699, 466.385, 328.99, 476.404]","[0.366285, 0.652561, 0.635238, 0.666579]"
737,722,18,"following 2:170; 5:104; 7:28,70,173;","following 2:170; 5:104; 7:28,70,173;","[189.699, 476.404, 328.99, 486.423]","[0.366285, 0.666579, 0.635238, 0.680598]"
737,722,18,"9:23-24; 10:78; 11:62,87,109; 12:40;","9:23-24; 10:78; 11:62,87,109; 12:40;","[189.699, 486.423, 328.99, 496.443]","[0.366285, 0.680598, 0.635238, 0.694617]"
737,722,18,31:21; 37:69; 43:22-24,31:21; 37:69; 43:22-24,"[189.699, 496.443, 328.99, 506.462]","[0.366285, 0.694617, 0.635238, 0.708636]"
737,722,18,honor 2:83; 4:36; 6:151; 17:23;,honor 2:83; 4:36; 6:151; 17:23;,"[189.699, 506.462, 328.99, 516.481]","[0.366285, 0.708636, 0.635238, 0.722655]"
737,722,18,19:14; 29:8; 31:14; 46:15,19:14; 29:8; 31:14; 46:15,"[189.699, 516.481, 328.99, 526.5]","[0.366285, 0.722655, 0.635238, 0.736673]"
737,722,18,inheritance 2:180; 4:11,inheritance 2:180; 4:11,"[189.699, 526.5, 328.99, 536.52]","[0.366285, 0.736673, 0.635238, 0.750692]"
737,722,18,Parrot 2:171,Parrot 2:171,"[189.699, 536.52, 328.99, 546.539]","[0.366285, 0.750692, 0.635238, 0.764711]"
737,722,18,"Partnership, none with God 6:163;","Partnership, none with God 6:163;","[189.699, 546.539, 328.99, 556.558]","[0.366285, 0.764711, 0.635238, 0.77873]"
737,722,18,9:31; 17:111; 25:2; 27:63; 28:68;,9:31; 17:111; 25:2; 27:63; 28:68;,"[189.699, 556.558, 328.99, 566.577]","[0.366285, 0.77873, 0.635238, 0.792749]"
737,722,18,"34:22,27","34:22,27","[189.699, 566.577, 328.99, 576.597]","[0.366285, 0.792749, 0.635238, 0.806767]"
737,722,18,Pasture 16:10; 79:31; 80:28; 87:4,Pasture 16:10; 79:31; 80:28; 87:4,"[189.699, 576.597, 328.99, 586.616]","[0.366285, 0.806767, 0.635238, 0.820786]"
737,722,18,"Path, of God","Path, of God","[189.699, 586.616, 328.99, 596.635]","[0.366285, 0.820786, 0.635238, 0.834805]"
737,722,19,Moses sent to 7:103-137; 10:75-93;,Moses sent to 7:103-137; 10:75-93;,"[337.3, 466.801, 478.39, 476.464]","[0.651284, 0.653143, 0.923711, 0.666663]"
737,722,19,11:96-99; 17:102-103; 20:42-73;,11:96-99; 17:102-103; 20:42-73;,"[337.3, 476.464, 478.39, 486.128]","[0.651284, 0.666663, 0.923711, 0.680184]"
737,722,19,23:45-48; 26:10-66; 28:32-41; 29:39;,23:45-48; 26:10-66; 28:32-41; 29:39;,"[337.3, 486.128, 478.39, 495.791]","[0.651284, 0.680184, 0.923711, 0.693705]"
737,722,19,40:23-45; 43:46-56; 44:17-33; 51:38-,40:23-45; 43:46-56; 44:17-33; 51:38-,"[337.3, 495.791, 478.39, 505.454]","[0.651284, 0.693705, 0.923711, 0.707226]"
737,722,19,40; 79:15-25,40; 79:15-25,"[337.3, 505.454, 478.39, 515.117]","[0.651284, 0.707226, 0.923711, 0.720746]"
737,722,19,"people of 2:49-50; 3:11; 8:53,54;","people of 2:49-50; 3:11; 8:53,54;","[337.3, 515.117, 478.39, 524.781]","[0.651284, 0.720746, 0.923711, 0.734267]"
737,722,19,14:6; 50:13; 54:41,14:6; 50:13; 54:41,"[337.3, 524.781, 478.39, 534.444]","[0.651284, 0.734267, 0.923711, 0.747788]"
737,722,19,raised Moses 28:8-14,raised Moses 28:8-14,"[337.3, 534.444, 478.39, 544.107]","[0.651284, 0.747788, 0.923711, 0.761309]"
737,722,19,wife of 28:9; 66:11,wife of 28:9; 66:11,"[337.3, 544.107, 478.39, 553.771]","[0.651284, 0.761309, 0.923711, 0.774829]"
737,722,19,"Piety 3:114,172; 5:2,85,93; 6:85;","Piety 3:114,172; 5:2,85,93; 6:85;","[337.3, 553.771, 478.39, 563.434]","[0.651284, 0.774829, 0.923711, 0.78835]"
737,722,20,"16:4,27; 19:69; 36:77; 38:21; 50:25","16:4,27; 19:69; 36:77; 38:21; 50:25","[41.49, 550.201, 176.24, 559.918]","[0.080112, 0.769835, 0.340297, 0.783431]"
737,722,20,"Oppression 2:191,193,217; 4:75,97;","Oppression 2:191,193,217; 4:75,97;","[41.49, 559.918, 176.24, 569.635]","[0.080112, 0.783431, 0.340297, 0.797027]"
737,722,21,"7:161; 12:109; 16:122,128; 19:19;","7:161; 12:109; 16:122,128; 19:19;","[337.1, 565.201, 469.5, 575.731]","[0.650898, 0.790823, 0.906546, 0.805557]"
737,722,21,"20:76; 31:3,22;","20:76; 31:3,22;","[337.1, 575.731, 469.5, 586.262]","[0.650898, 0.805557, 0.906546, 0.82029]"
737,722,21,"37:80,105,110,113,121,131; 38:48;","37:80,105,110,113,121,131; 38:48;","[337.1, 586.262, 469.5, 596.792]","[0.650898, 0.82029, 0.906546, 0.835024]"
737,722,21,"39:10,34; 46:12; 58:9","39:10,34; 46:12; 58:9","[337.1, 596.792, 469.5, 607.322]","[0.650898, 0.835024, 0.906546, 0.849758]"
737,722,21,"Pigs 2:173; 5:3,60; 6:145; 16:115","Pigs 2:173; 5:3,60; 6:145; 16:115","[337.1, 607.322, 469.5, 617.852]","[0.650898, 0.849758, 0.906546, 0.864492]"
737,722,21,Pilgrimage see Hajj,Pilgrimage see Hajj,"[337.1, 617.852, 469.5, 628.383]","[0.650898, 0.864492, 0.906546, 0.879226]"
737,722,21,Pillars 13:2; 31:10; 89:7,Pillars 13:2; 31:10; 89:7,"[337.1, 628.383, 469.5, 638.913]","[0.650898, 0.879226, 0.906546, 0.89396]"
737,722,21,Pit 4:145; 22:31,Pit 4:145; 22:31,"[337.1, 638.913, 469.5, 649.443]","[0.650898, 0.89396, 0.906546, 0.908694]"
737,722,21,Pity 24:2,Pity 24:2,"[337.1, 649.443, 469.5, 659.973]","[0.650898, 0.908694, 0.906546, 0.923427]"
737,722,21,Plagues 7:132-135; 43:48-50,Plagues 7:132-135; 43:48-50,"[337.1, 659.973, 469.5, 670.504]","[0.650898, 0.923427, 0.906546, 0.938161]"
737,722,21,Planets 6:76; 12:4; 37:6; 82:2,Planets 6:76; 12:4; 37:6; 82:2,"[337.1, 670.504, 469.5, 681.034]","[0.650898, 0.938161, 0.906546, 0.952895]"
737,722,22,"7:137; 8:26; 26:227; 28:5,76","7:137; 8:26; 26:227; 28:5,76","[41.408, 571.101, 155.024, 581.379]","[0.079954, 0.799078, 0.299332, 0.813458]"
737,722,22,"Orbit 21:33; 36:38,40","Orbit 21:33; 36:38,40","[41.408, 581.379, 155.024, 591.656]","[0.079954, 0.813458, 0.299332, 0.827839]"
737,722,22,Orchards 18:32-42; 23:19; 25:8;,Orchards 18:32-42; 23:19; 25:8;,"[41.408, 591.656, 155.024, 601.934]","[0.079954, 0.827839, 0.299332, 0.842219]"
737,722,23,"described 5:16; 6:126,153; 90:12-17","described 5:16; 6:126,153; 90:12-17","[200.49, 598.451, 330.441, 607.999]","[0.387121, 0.837346, 0.63804, 0.850706]"
737,722,23,"guiding to 1:6-7; 2:142,213; 4:68,","guiding to 1:6-7; 2:142,213; 4:68,","[200.49, 607.999, 330.441, 617.547]","[0.387121, 0.850706, 0.63804, 0.864065]"
737,722,23,"175; 5:16; 6:39,87,161; 10:25; 14:1;","175; 5:16; 6:39,87,161; 10:25; 14:1;","[200.49, 617.547, 330.441, 627.096]","[0.387121, 0.864065, 0.63804, 0.877425]"
737,722,23,16:121; 22:54; 24:46; 29:69; 31:15;,16:121; 22:54; 24:46; 29:69; 31:15;,"[200.49, 627.096, 330.441, 636.644]","[0.387121, 0.877425, 0.63804, 0.890785]"
737,722,23,"34:6; 42:52; 46:30; 48:2,20","34:6; 42:52; 46:30; 48:2,20","[200.49, 636.644, 330.441, 646.192]","[0.387121, 0.890785, 0.63804, 0.904144]"
737,722,23,invite to 16:125; 22:67; 23:73,invite to 16:125; 22:67; 23:73,"[200.49, 646.192, 330.441, 655.74]","[0.387121, 0.904144, 0.63804, 0.917504]"
737,722,23,misguiding from 17:48; 25:9; 36:66;,misguiding from 17:48; 25:9; 36:66;,"[200.49, 655.74, 330.441, 665.288]","[0.387121, 0.917504, 0.63804, 0.930864]"
737,722,23,38:26; 40:29; 42:46,38:26; 40:29; 42:46,"[200.49, 665.288, 330.441, 674.837]","[0.387121, 0.930864, 0.63804, 0.944224]"
737,722,23,"rejecting 2:108;5:12;6:117;13:6,33;","rejecting 2:108;5:12;6:117;13:6,33;","[200.49, 674.837, 330.441, 684.385]","[0.387121, 0.944224, 0.63804, 0.957583]"
737,722,24,56:28; 80:30,56:28; 80:30,"[41.299, 603.751, 97.649, 613.343]","[0.079743, 0.844761, 0.188548, 0.858183]"
737,722,24,Origin,Origin,"[41.299, 613.343, 97.649, 622.935]","[0.079743, 0.858183, 0.188548, 0.871604]"
737,722,25,of life Appendix 31,of life Appendix 31,"[41.299, 624.751, 186.29, 634.465]","[0.079743, 0.874144, 0.359703, 0.887736]"
737,722,25,"of man 3:59; 6:2; 7:11-12,189; 15:26-","of man 3:59; 6:2; 7:11-12,189; 15:26-","[41.299, 634.465, 186.29, 644.179]","[0.079743, 0.887736, 0.359703, 0.901328]"
737,722,25,33; 17:61-65; 20:115-23; 23:12; 25:54,33; 17:61-65; 20:115-23; 23:12; 25:54,"[41.299, 644.179, 186.29, 653.893]","[0.079743, 0.901328, 0.359703, 0.914919]"
737,722,25,32:7-9; 37:11; 38:71-6; 39:6; 49:13;,32:7-9; 37:11; 38:71-6; 39:6; 49:13;,"[41.299, 653.893, 186.29, 663.607]","[0.079743, 0.914919, 0.359703, 0.928511]"
737,722,25,53:32; 55:14; 95:4,53:32; 55:14; 95:4,"[41.299, 663.607, 186.29, 673.321]","[0.079743, 0.928511, 0.359703, 0.942103]"
737,722,25,Orphans,Orphans,"[41.299, 673.321, 186.29, 683.035]","[0.079743, 0.942103, 0.359703, 0.955694]"
738,723,1,"Plans 8:18,42; 12:76; 20:40; 22:15;","Plans 8:18,42; 12:76; 20:40; 22:15;","[39.95, 16.385, 164.014, 24.385]","[0.077138, 0.022926, 0.31669, 0.034119]"
738,723,2,forbidding 96:10,forbidding 96:10,"[189.95, 16.701, 325.05, 26.538]","[0.36677, 0.023368, 0.627631, 0.037132]"
738,723,2,funeral 9:84,funeral 9:84,"[189.95, 26.538, 325.05, 36.375]","[0.36677, 0.037132, 0.627631, 0.050895]"
738,723,2,in hereafter 10:10,in hereafter 10:10,"[189.95, 36.375, 325.05, 46.212]","[0.36677, 0.050895, 0.627631, 0.064659]"
738,723,2,of messenger 4:64; 9:103; 12:97;,of messenger 4:64; 9:103; 12:97;,"[189.95, 46.212, 325.05, 56.049]","[0.36677, 0.064659, 0.627631, 0.078423]"
738,723,2,24:62; 27:19,24:62; 27:19,"[189.95, 56.049, 325.05, 65.886]","[0.36677, 0.078423, 0.627631, 0.092187]"
738,723,2,to idols 7:194; 13:14; 17:56; 35:14,to idols 7:194; 13:14; 17:56; 35:14,"[189.95, 65.886, 325.05, 75.723]","[0.36677, 0.092187, 0.627631, 0.105951]"
738,723,2,witnessed by God 3:38; 14:39;,witnessed by God 3:38; 14:39;,"[189.95, 75.723, 325.05, 85.56]","[0.36677, 0.105951, 0.627631, 0.119715]"
738,723,2,19:48; 26:218; 40:60,19:48; 26:218; 40:60,"[189.95, 85.56, 325.05, 95.397]","[0.36677, 0.119715, 0.627631, 0.133478]"
738,723,2,Preachers 2:213; 4:165; 5:19; 6:48;,Preachers 2:213; 4:165; 5:19; 6:48;,"[189.95, 95.397, 325.05, 105.234]","[0.36677, 0.133478, 0.627631, 0.147242]"
738,723,3,"10:59; 16:112-116,118","10:59; 16:112-116,118","[338.482, 18.601, 476.68, 28.416]","[0.653566, 0.026026, 0.920409, 0.03976]"
738,723,3,idol worship 5:90; 6:151; 7:33;,idol worship 5:90; 6:151; 7:33;,"[338.482, 28.416, 476.68, 38.232]","[0.653566, 0.03976, 0.920409, 0.053494]"
738,723,3,16:51; 17:39; 22:30,16:51; 17:39; 22:30,"[338.482, 38.232, 476.68, 48.047]","[0.653566, 0.053494, 0.920409, 0.067227]"
738,723,3,in marriage 2:221; 4:22-24; 5:103,in marriage 2:221; 4:22-24; 5:103,"[338.482, 48.047, 476.68, 57.863]","[0.653566, 0.067227, 0.920409, 0.080961]"
738,723,3,intoxicants & gambling 2:219;5:90,intoxicants & gambling 2:219;5:90,"[338.482, 57.863, 476.68, 67.678]","[0.653566, 0.080961, 0.920409, 0.094695]"
738,723,3,"killing 4:92; 6:151; 17:31,33","killing 4:92; 6:151; 17:31,33","[338.482, 67.678, 476.68, 77.494]","[0.653566, 0.094695, 0.920409, 0.108428]"
738,723,3,mocking others 49:11,mocking others 49:11,"[338.482, 77.494, 476.68, 87.309]","[0.653566, 0.108428, 0.920409, 0.122162]"
738,723,3,pride 4:36;11:10;17:37;31:18;57:23,pride 4:36;11:10;17:37;31:18;57:23,"[338.482, 87.309, 476.68, 97.125]","[0.653566, 0.122162, 0.920409, 0.135895]"
738,723,3,revoked 2:187; 3:50,revoked 2:187; 3:50,"[338.482, 97.125, 476.68, 106.94]","[0.653566, 0.135895, 0.920409, 0.149629]"
738,723,3,sin 6:151; 7:33,sin 6:151; 7:33,"[338.482, 106.94, 476.68, 116.755]","[0.653566, 0.149629, 0.920409, 0.163363]"
738,723,3,sorcery 2:102,sorcery 2:102,"[338.482, 116.755, 476.68, 126.571]","[0.653566, 0.163363, 0.920409, 0.177096]"
738,723,3,usury 2:275; 3:130; 4:161,usury 2:275; 3:130; 4:161,"[338.482, 126.571, 476.68, 136.386]","[0.653566, 0.177096, 0.920409, 0.19083]"
738,723,3,what is prohibited 6:151-152;7:33,what is prohibited 6:151-152;7:33,"[338.482, 136.386, 476.68, 146.202]","[0.653566, 0.19083, 0.920409, 0.204564]"
738,723,3,Projectiles 15:18; 37:10; 67:5; 72:8-9,Projectiles 15:18; 37:10; 67:5; 72:8-9,"[338.482, 146.202, 476.68, 156.017]","[0.653566, 0.204564, 0.920409, 0.218297]"
738,723,3,Promises,Promises,"[338.482, 156.017, 476.68, 165.833]","[0.653566, 0.218297, 0.920409, 0.232031]"
738,723,4,43:79; 65:3; 72:10; 105:2,43:79; 65:3; 72:10; 105:2,"[39.949, 26.051, 179.359, 36.307]","[0.077137, 0.03645, 0.34632, 0.050801]"
738,723,4,Plants 6:99; 7:58; 10:24; 16:10; 20:53;,Plants 6:99; 7:58; 10:24; 16:10; 20:53;,"[39.949, 36.307, 179.359, 46.564]","[0.077137, 0.050801, 0.34632, 0.065151]"
738,723,4,22:5; 26:7: 31:10; 32:27; 34:16;,22:5; 26:7: 31:10; 32:27; 34:16;,"[39.949, 46.564, 179.359, 56.82]","[0.077137, 0.065151, 0.34632, 0.079502]"
738,723,4,36:36;39:21;48:29;50:7;57:20;71:17,36:36;39:21;48:29;50:7;57:20;71:17,"[39.949, 56.82, 179.359, 67.076]","[0.077137, 0.079502, 0.34632, 0.093852]"
738,723,4,"Playing 4:46; 6:70,91; 7:51,98; 12:12;","Playing 4:46; 6:70,91; 7:51,98; 12:12;","[39.949, 67.076, 179.359, 77.332]","[0.077137, 0.093852, 0.34632, 0.108203]"
738,723,4,"21,:55; 21:2; 29:64; 40:75; 43:83;","21,:55; 21:2; 29:64; 40:75; 43:83;","[39.949, 77.332, 179.359, 87.589]","[0.077137, 0.108203, 0.34632, 0.122553]"
738,723,4,47:36; 52:12; 57:20; 70:42,47:36; 52:12; 57:20; 70:42,"[39.949, 87.589, 179.359, 97.845]","[0.077137, 0.122553, 0.34632, 0.136904]"
738,723,4,Pleading 6:71; 18:29; 46:17,Pleading 6:71; 18:29; 46:17,"[39.949, 97.845, 179.359, 108.101]","[0.077137, 0.136904, 0.34632, 0.151254]"
738,723,4,"Pleasing God 2:207,265;5:2,16,119;9:","Pleasing God 2:207,265;5:2,16,119;9:","[39.949, 108.101, 179.359, 118.358]","[0.077137, 0.151254, 0.34632, 0.165605]"
738,723,4,"62,100;27:19;30:38-39;39:7;46:15;","62,100;27:19;30:38-39;39:7;46:15;","[39.949, 118.358, 179.359, 128.614]","[0.077137, 0.165605, 0.34632, 0.179955]"
738,723,4,"47:28;48:18,29;58:22;59:8;60:1;98:8","47:28;48:18,29;58:22;59:8;60:1;98:8","[39.949, 128.614, 179.359, 138.87]","[0.077137, 0.179955, 0.34632, 0.194306]"
738,723,4,Pleasure 3:197; 57:20,Pleasure 3:197; 57:20,"[39.949, 138.87, 179.359, 149.126]","[0.077137, 0.194306, 0.34632, 0.208656]"
738,723,4,"Pledges 2:27; 3:35; 4:154; 12:66,80;","Pledges 2:27; 3:35; 4:154; 12:66,80;","[39.949, 149.126, 179.359, 159.383]","[0.077137, 0.208656, 0.34632, 0.223007]"
738,723,5,7:188; 17:105; 18:56; 25:51; 35:24,7:188; 17:105; 18:56; 25:51; 35:24,"[189.69, 106.951, 327.2, 116.408]","[0.366268, 0.149645, 0.631782, 0.162876]"
738,723,5,"Preaching 3:21,79,104; 4:78; 6:19,51,","Preaching 3:21,79,104; 4:78; 6:19,51,","[189.69, 116.408, 327.2, 125.864]","[0.366268, 0.162876, 0.631782, 0.176108]"
738,723,5,"92; 7:2,35,164; 9:122; 16:2; 22:52;","92; 7:2,35,164; 9:122; 16:2; 22:52;","[189.69, 125.864, 327.2, 135.321]","[0.366268, 0.176108, 0.631782, 0.189339]"
738,723,5,"23:52; 25:7,19; 35:40; 42:15; 52:48;","23:52; 25:7,19; 35:40; 42:15; 52:48;","[189.69, 135.321, 327.2, 144.777]","[0.366268, 0.189339, 0.631782, 0.202571]"
738,723,5,71:5-9,71:5-9,"[189.69, 144.777, 327.2, 154.234]","[0.366268, 0.202571, 0.631782, 0.215802]"
738,723,6,"Predestination 3:145; 6:2,60; 7:34;","Predestination 3:145; 6:2,60; 7:34;","[189.69, 158.335, 314.138, 166.335]","[0.366268, 0.221541, 0.606561, 0.232734]"
738,723,7,13:25; 16:91; 19:26; 28:17; 68:39,13:25; 16:91; 19:26; 28:17; 68:39,"[40.1, 161.201, 172.26, 171.018]","[0.077428, 0.225551, 0.332612, 0.239286]"
738,723,7,Plotting 3:54;6:123;7:123;8:30;10:21;,Plotting 3:54;6:123;7:123;8:30;10:21;,"[40.1, 171.018, 172.26, 180.835]","[0.077428, 0.239286, 0.332612, 0.253022]"
738,723,8,"9:51; 10:19,33,49; 11:6,104,110;","9:51; 10:19,33,49; 11:6,104,110;","[189.5, 168.001, 333.3, 178.275]","[0.365901, 0.235065, 0.643561, 0.24944]"
738,723,8,"15:24; 16:1,61; 17:58,99; 28:85;","15:24; 16:1,61; 17:58,99; 28:85;","[189.5, 178.275, 333.3, 188.549]","[0.365901, 0.24944, 0.643561, 0.263816]"
738,723,8,"29:5,53; 32:13; 34:30; 35:45; 36:7,44;","29:5,53; 32:13; 34:30; 35:45; 36:7,44;","[189.5, 188.549, 333.3, 198.823]","[0.365901, 0.263816, 0.643561, 0.278191]"
738,723,8,"39:42; 40:6,67; 41:45; 42:14,21;","39:42; 40:6,67; 41:45; 42:14,21;","[189.5, 198.823, 333.3, 209.097]","[0.365901, 0.278191, 0.643561, 0.292566]"
738,723,8,47:19; 54:12; 56:50; 57:22; 63:11;,47:19; 54:12; 56:50; 57:22; 63:11;,"[189.5, 209.097, 333.3, 219.371]","[0.365901, 0.292566, 0.643561, 0.306942]"
738,723,8,65:3; 71:4; 78:17,65:3; 71:4; 78:17,"[189.5, 219.371, 333.3, 229.645]","[0.365901, 0.306942, 0.643561, 0.321317]"
738,723,8,Predictions 2:89; 11:17; 61:6,Predictions 2:89; 11:17; 61:6,"[189.5, 229.645, 333.3, 239.919]","[0.365901, 0.321317, 0.643561, 0.335692]"
738,723,8,Preference 2:86; 4:74; 7:169; 11:15;,Preference 2:86; 4:74; 7:169; 11:15;,"[189.5, 239.919, 333.3, 250.193]","[0.365901, 0.335692, 0.643561, 0.350068]"
738,723,8,12:91; 14:3; 16:107; 17:18-19; 20:72;,12:91; 14:3; 16:107; 17:18-19; 20:72;,"[189.5, 250.193, 333.3, 260.468]","[0.365901, 0.350068, 0.643561, 0.364443]"
738,723,8,37:153; 59:9; 79:38,37:153; 59:9; 79:38,"[189.5, 260.468, 333.3, 270.742]","[0.365901, 0.364443, 0.643561, 0.378819]"
738,723,8,Pregnancy 2:228; 13:8; 22:2; 35:11;,Pregnancy 2:228; 13:8; 22:2; 35:11;,"[189.5, 270.742, 333.3, 281.016]","[0.365901, 0.378819, 0.643561, 0.393194]"
738,723,8,"65:4,6","65:4,6","[189.5, 281.016, 333.3, 291.29]","[0.365901, 0.393194, 0.643561, 0.407569]"
738,723,8,"Prejudice 2:142; 16:57-9,62","Prejudice 2:142; 16:57-9,62","[189.5, 291.29, 333.3, 301.564]","[0.365901, 0.407569, 0.643561, 0.421945]"
738,723,8,Preoccupation 23:63; 38:31; 48:11;,Preoccupation 23:63; 38:31; 48:11;,"[189.5, 301.564, 333.3, 311.838]","[0.365901, 0.421945, 0.643561, 0.43632]"
738,723,8,102:1,102:1,"[189.5, 311.838, 333.3, 322.112]","[0.365901, 0.43632, 0.643561, 0.450695]"
738,723,8,"Presence, of God 2:115; 55:27","Presence, of God 2:115; 55:27","[189.5, 322.112, 333.3, 332.386]","[0.365901, 0.450695, 0.643561, 0.465071]"
738,723,8,Present 21:24,Present 21:24,"[189.5, 332.386, 333.3, 342.66]","[0.365901, 0.465071, 0.643561, 0.479446]"
738,723,8,Previous scripture,Previous scripture,"[189.5, 342.66, 333.3, 352.934]","[0.365901, 0.479446, 0.643561, 0.493821]"
738,723,9,believers keep 2:177; 9:114; 19:54;,believers keep 2:177; 9:114; 19:54;,"[338.15, 168.001, 475.89, 177.694]","[0.652925, 0.235065, 0.918884, 0.248627]"
738,723,9,23:8,23:8,"[338.15, 177.694, 475.89, 187.386]","[0.652925, 0.248627, 0.918884, 0.262188]"
738,723,9,"God’s 2:80,124; 3:9,152,194; 4:95;","God’s 2:80,124; 3:9,152,194; 4:95;","[338.15, 187.386, 475.89, 197.079]","[0.652925, 0.262188, 0.918884, 0.27575]"
738,723,9,"7:44; 9:111; 10:4,55; 13:31; 14:47;","7:44; 9:111; 10:4,55; 13:31; 14:47;","[338.15, 197.079, 475.89, 206.771]","[0.652925, 0.27575, 0.918884, 0.289312]"
738,723,9,"16:38; 21:9; 22:47; 24:55; 30:6,60;","16:38; 21:9; 22:47; 24:55; 30:6,60;","[338.15, 206.771, 475.89, 216.464]","[0.652925, 0.289312, 0.918884, 0.302874]"
738,723,9,"39:20,74; 40:55,77; 73:18","39:20,74; 40:55,77; 73:18","[338.15, 216.464, 475.89, 226.156]","[0.652925, 0.302874, 0.918884, 0.316435]"
738,723,9,Satan’s 2:268; 4:120; 14:22; 17:64;,Satan’s 2:268; 4:120; 14:22; 17:64;,"[338.15, 226.156, 475.89, 235.849]","[0.652925, 0.316435, 0.918884, 0.329997]"
738,723,9,18:98; 19:61,18:98; 19:61,"[338.15, 235.849, 475.89, 245.541]","[0.652925, 0.329997, 0.918884, 0.343559]"
738,723,9,Proofs,Proofs,"[338.15, 245.541, 475.89, 255.234]","[0.652925, 0.343559, 0.918884, 0.35712]"
738,723,10,"11:55; 12:83,102; 28:20; 86:15","11:55; 12:83,102; 28:20; 86:15","[40.1, 182.551, 159.9, 192.092]","[0.077428, 0.255423, 0.308747, 0.268774]"
738,723,10,Poets 21:5; 26:224; 36:69; 37:36;,Poets 21:5; 26:224; 36:69; 37:36;,"[40.1, 192.092, 159.9, 201.634]","[0.077428, 0.268774, 0.308747, 0.282124]"
738,723,11,52:50; 69:41,52:50; 69:41,"[39.94, 203.201, 148.29, 213.606]","[0.077119, 0.284316, 0.286329, 0.298875]"
738,723,11,Pollination 15:22,Pollination 15:22,"[39.94, 213.606, 148.29, 224.01]","[0.077119, 0.298875, 0.286329, 0.313433]"
738,723,11,Polygamy (Appendix 30),Polygamy (Appendix 30),"[39.94, 224.01, 148.29, 234.415]","[0.077119, 0.313433, 0.286329, 0.327991]"
738,723,11,permitted 4:3,permitted 4:3,"[39.94, 234.415, 148.29, 244.82]","[0.077119, 0.327991, 0.286329, 0.342549]"
738,723,11,"discouraged 4:19,20,129","discouraged 4:19,20,129","[39.94, 244.82, 148.29, 255.224]","[0.077119, 0.342549, 0.286329, 0.357107]"
738,723,11,"Pomegranate 6:99,141; 55:68","Pomegranate 6:99,141; 55:68","[39.94, 255.224, 148.29, 265.629]","[0.077119, 0.357107, 0.286329, 0.371665]"
738,723,11,Poor,Poor,"[39.94, 265.629, 148.29, 276.034]","[0.077119, 0.371665, 0.286329, 0.386223]"
738,723,12,ask disbelievers for 2:111; 21:24;,ask disbelievers for 2:111; 21:24;,"[337.45, 257.301, 476.25, 267.174]","[0.651574, 0.360013, 0.919579, 0.373827]"
738,723,12,27:64; 28:75; 34:27; 37:156,27:64; 28:75; 34:27; 37:156,"[337.45, 267.174, 476.25, 277.047]","[0.651574, 0.373827, 0.919579, 0.387641]"
738,723,12,for believers 6:99; 27:86,for believers 6:99; 27:86,"[337.45, 277.047, 476.25, 286.92]","[0.651574, 0.387641, 0.919579, 0.401455]"
738,723,12,"God’s 4:174; 6:104,149; 11:17,28,","God’s 4:174; 6:104,149; 11:17,28,","[337.45, 286.92, 476.25, 296.793]","[0.651574, 0.401455, 0.919579, 0.415269]"
738,723,12,"63, 88; 13:1; 14:27; 21:24; 36:3,5;","63, 88; 13:1; 14:27; 21:24; 36:3,5;","[337.45, 296.793, 476.25, 306.666]","[0.651574, 0.415269, 0.919579, 0.429084]"
738,723,12,40:2; 41:2; 46:2; 47:14,40:2; 41:2; 46:2; 47:14,"[337.45, 306.666, 476.25, 316.539]","[0.651574, 0.429084, 0.919579, 0.442898]"
738,723,12,"Prophecies 2:89; 11:17; 17:4-8,104;","Prophecies 2:89; 11:17; 17:4-8,104;","[337.45, 316.539, 476.25, 326.412]","[0.651574, 0.442898, 0.919579, 0.456712]"
738,723,12,27:82; 30:2-5; 44:10-15; 54:1; 61:6;,27:82; 30:2-5; 44:10-15; 54:1; 61:6;,"[337.45, 326.412, 476.25, 336.285]","[0.651574, 0.456712, 0.919579, 0.470526]"
738,723,12,81:24,81:24,"[337.45, 336.285, 476.25, 346.158]","[0.651574, 0.470526, 0.919579, 0.48434]"
738,723,12,Prophethood 3:79; 6:89; 29:27;,Prophethood 3:79; 6:89; 29:27;,"[337.45, 346.158, 476.25, 356.031]","[0.651574, 0.48434, 0.919579, 0.498155]"
738,723,12,45:16; 57:26,45:16; 57:26,"[337.45, 356.031, 476.25, 365.904]","[0.651574, 0.498155, 0.919579, 0.511969]"
738,723,12,Prophets (see also specific names),Prophets (see also specific names),"[337.45, 365.904, 476.25, 375.777]","[0.651574, 0.511969, 0.919579, 0.525783]"
738,723,12,belief in 2:177,belief in 2:177,"[337.45, 375.777, 476.25, 385.65]","[0.651574, 0.525783, 0.919579, 0.539597]"
738,723,12,covenant with 3:81; 33:7,covenant with 3:81; 33:7,"[337.45, 385.65, 476.25, 395.523]","[0.651574, 0.539597, 0.919579, 0.553411]"
738,723,12,"don’t idolize 3:80; 21:26,28","don’t idolize 3:80; 21:26,28","[337.45, 395.523, 476.25, 405.396]","[0.651574, 0.553411, 0.919579, 0.567225]"
738,723,12,enemies of 6:112; 25:31,enemies of 6:112; 25:31,"[337.45, 405.396, 476.25, 415.269]","[0.651574, 0.567225, 0.919579, 0.58104]"
738,723,12,followers 3:146; 8:64,followers 3:146; 8:64,"[337.45, 415.269, 476.25, 425.142]","[0.651574, 0.58104, 0.919579, 0.594854]"
738,723,12,"make no distinction among 2:136,","make no distinction among 2:136,","[337.45, 425.142, 476.25, 435.015]","[0.651574, 0.594854, 0.919579, 0.608668]"
738,723,12,285; 3:84,285; 3:84,"[337.45, 435.015, 476.25, 444.888]","[0.651574, 0.608668, 0.919579, 0.622482]"
738,723,12,"slaying 2:61,91; 3:21,112,181; 4:155","slaying 2:61,91; 3:21,112,181; 4:155","[337.45, 444.888, 476.25, 454.761]","[0.651574, 0.622482, 0.919579, 0.636296]"
738,723,12,"Prosperity 3:134; 7:95,168; 11:84;","Prosperity 3:134; 7:95,168; 11:84;","[337.45, 454.761, 476.25, 464.634]","[0.651574, 0.636296, 0.919579, 0.650111]"
738,723,13,"charity to 2:215,271,273; 4:8; 8:41;","charity to 2:215,271,273; 4:8; 8:41;","[39.5, 277.801, 182.85, 287.964]","[0.07627, 0.388696, 0.35306, 0.402916]"
738,723,13,9:60; 59:8,9:60; 59:8,"[39.5, 287.964, 182.85, 298.128]","[0.07627, 0.402916, 0.35306, 0.417137]"
738,723,13,"feeding 2:184;5:89,95;22:28,36;58:4;","feeding 2:184;5:89,95;22:28,36;58:4;","[39.5, 298.128, 182.85, 308.291]","[0.07627, 0.417137, 0.35306, 0.431357]"
738,723,13,69:34;74:44;89:18;90:14-16; 107:3,69:34;74:44;89:18;90:14-16; 107:3,"[39.5, 308.291, 182.85, 318.455]","[0.07627, 0.431357, 0.35306, 0.445578]"
738,723,13,God makes rich or poor 53:48,God makes rich or poor 53:48,"[39.5, 318.455, 182.85, 328.618]","[0.07627, 0.445578, 0.35306, 0.459799]"
738,723,13,regard 2:83; 4:36; 17:26; 24:22,regard 2:83; 4:36; 17:26; 24:22,"[39.5, 328.618, 182.85, 338.781]","[0.07627, 0.459799, 0.35306, 0.474019]"
738,723,13,"Pork 2:173; 5:3,60; 6:145; 16:115","Pork 2:173; 5:3,60; 6:145; 16:115","[39.5, 338.781, 182.85, 348.945]","[0.07627, 0.474019, 0.35306, 0.48824]"
738,723,13,Pots 23:27; 34:13,Pots 23:27; 34:13,"[39.5, 348.945, 182.85, 359.108]","[0.07627, 0.48824, 0.35306, 0.50246]"
738,723,13,"Poverty 2:61,268; 6:151; 17:31; 65:7","Poverty 2:61,268; 6:151; 17:31; 65:7","[39.5, 359.108, 182.85, 369.272]","[0.07627, 0.50246, 0.35306, 0.516681]"
738,723,13,Power,Power,"[39.5, 369.272, 182.85, 379.435]","[0.07627, 0.516681, 0.35306, 0.530901]"
738,723,14,"confirmed 2:97,121,146;3:3rS0;5:48;","confirmed 2:97,121,146;3:3rS0;5:48;","[188.65, 354.851, 330.55, 365.028]","[0.364259, 0.496503, 0.638251, 0.510743]"
738,723,14,"6:20,92,114; 10:37,94; 12:111 ;26:196;","6:20,92,114; 10:37,94; 12:111;26:196;","[188.65, 365.028, 330.55, 375.205]","[0.364259, 0.510743, 0.638251, 0.524983]"
738,723,14,"28:52; 29:47; 35:31; 46:12,30; 53:56;","28:52; 29:47; 35:31; 46:12,30; 53:56;","[188.65, 375.205, 330.55, 385.382]","[0.364259, 0.524983, 0.638251, 0.539223]"
738,723,14,87:18,87:18,"[188.65, 385.382, 330.55, 395.56]","[0.364259, 0.539223, 0.638251, 0.553462]"
738,723,14,"followers of 2:101,105,109,144-146;","followers of 2:101,105,109,144-146;","[188.65, 395.56, 330.55, 405.737]","[0.364259, 0.553462, 0.638251, 0.567702]"
738,723,14,"3:19,69,186; 4:131; 5:5,57; 9:29;","3:19,69,186; 4:131; 5:5,57; 9:29;","[188.65, 405.737, 330.55, 415.914]","[0.364259, 0.567702, 0.638251, 0.581942]"
738,723,14,"57:16,29; 59:2,11; 74:31; 98:1-6","57:16,29; 59:2,11; 74:31; 98:1-6","[188.65, 415.914, 330.55, 426.091]","[0.364259, 0.581942, 0.638251, 0.596182]"
738,723,14,Price 2:41; 3:187; 9:9; 12:20; 16:95,Price 2:41; 3:187; 9:9; 12:20; 16:95,"[188.65, 426.091, 330.55, 436.268]","[0.364259, 0.596182, 0.638251, 0.610421]"
738,723,14,"Pride 2:206; 3:188; 4:36; 7:12-13,48,","Pride 2:206; 3:188; 4:36; 7:12-13,48,","[188.65, 436.268, 330.55, 446.445]","[0.364259, 0.610421, 0.638251, 0.624661]"
738,723,14,146; 11:10; 17:37; 27:14; 31:18;,146; 11:10; 17:37; 27:14; 31:18;,"[188.65, 446.445, 330.55, 456.622]","[0.364259, 0.624661, 0.638251, 0.638901]"
738,723,14,38:2; 57:23; 84:13,38:2; 57:23; 84:13,"[188.65, 456.622, 330.55, 466.799]","[0.364259, 0.638901, 0.638251, 0.65314]"
738,723,14,"Priests 5:44,63,82; 9:31,34","Priests 5:44,63,82; 9:31,34","[188.65, 466.799, 330.55, 476.977]","[0.364259, 0.65314, 0.638251, 0.66738]"
738,723,14,"Priority 2:228; 9:16,23-24,113; 33:6;","Priority 2:228; 9:16,23-24,113; 33:6;","[188.65, 476.977, 330.55, 487.154]","[0.364259, 0.66738, 0.638251, 0.68162]"
738,723,14,87:16,87:16,"[188.65, 487.154, 330.55, 497.331]","[0.364259, 0.68162, 0.638251, 0.69586]"
738,723,14,"Prison 12:13-42,100","Prison 12:13-42,100","[188.65, 497.331, 330.55, 507.508]","[0.364259, 0.69586, 0.638251, 0.710099]"
738,723,14,"Privacy, reverence in 5:94; 21:49;","Privacy, reverence in 5:94; 21:49;","[188.65, 507.508, 330.55, 517.685]","[0.364259, 0.710099, 0.638251, 0.724339]"
738,723,15,God’s 2:165; 4:84; 10:65; 13:13;,God’s 2:165; 4:84; 10:65; 13:13;,"[38.16, 381.251, 180.2, 391.127]","[0.073682, 0.533442, 0.347944, 0.54726]"
738,723,15,37:180; 51:58; 63:8,37:180; 51:58; 63:8,"[38.16, 391.127, 180.2, 401.002]","[0.073682, 0.54726, 0.347944, 0.561078]"
738,723,15,human’s 6:57-58; 7:188; 10:49;,human’s 6:57-58; 7:188; 10:49;,"[38.16, 401.002, 180.2, 410.878]","[0.073682, 0.561078, 0.347944, 0.574896]"
738,723,15,56:86; 60:4; 72:21; 77:39,56:86; 60:4; 72:21; 77:39,"[38.16, 410.878, 180.2, 420.754]","[0.073682, 0.574896, 0.347944, 0.588714]"
738,723,15,idols’ 5:76;6:71; 12:40; 13:16; 17:56;,idols’ 5:76;6:71; 12:40; 13:16; 17:56;,"[38.16, 420.754, 180.2, 430.629]","[0.073682, 0.588714, 0.347944, 0.602532]"
738,723,15,"18:15; 25:3,55; 40:20; 43:86","18:15; 25:3,55; 40:20; 43:86","[38.16, 430.629, 180.2, 440.505]","[0.073682, 0.602532, 0.347944, 0.61635]"
738,723,15,night of 97:1-5,night of 97:1-5,"[38.16, 440.505, 180.2, 450.381]","[0.073682, 0.61635, 0.347944, 0.630168]"
738,723,15,Satan’s 4:76; 14:22; 15:42; 16:99-,Satan’s 4:76; 14:22; 15:42; 16:99-,"[38.16, 450.381, 180.2, 460.257]","[0.073682, 0.630168, 0.347944, 0.643986]"
738,723,15,100; 17:65; 34:21,100; 17:65; 34:21,"[38.16, 460.257, 180.2, 470.132]","[0.073682, 0.643986, 0.347944, 0.657804]"
738,723,15,"Powerful, God 4:34,84; 8:52; 11:66;","Powerful, God 4:34,84; 8:52; 11:66;","[38.16, 470.132, 180.2, 480.008]","[0.073682, 0.657804, 0.347944, 0.671622]"
738,723,15,"12:39; 22:40,74; 33:25; 38:65; 40:3,","12:39; 22:40,74; 33:25; 38:65; 40:3,","[38.16, 480.008, 180.2, 489.884]","[0.073682, 0.671622, 0.347944, 0.68544]"
738,723,15,"16,22;41:15;42:19;57:25;58:21;59:23","16,22;41:15;42:19;57:25;58:21;59:23","[38.16, 489.884, 180.2, 499.759]","[0.073682, 0.68544, 0.347944, 0.699258]"
738,723,15,Praise God,Praise God,"[38.16, 499.759, 180.2, 509.635]","[0.073682, 0.699258, 0.347944, 0.713075]"
738,723,16,21:35; 27:46,21:35; 27:46,"[336.94, 466.201, 477.3, 476.212]","[0.650589, 0.652303, 0.921606, 0.666311]"
738,723,16,Prostitution 24:33,Prostitution 24:33,"[336.94, 476.212, 477.3, 486.223]","[0.650589, 0.666311, 0.921606, 0.680318]"
738,723,16,Prostration (see also Contact prayer),Prostration (see also Contact prayer),"[336.94, 486.223, 477.3, 496.234]","[0.650589, 0.680318, 0.921606, 0.694326]"
738,723,16,all things 13:15; 16:49; 22:18; 55:6,all things 13:15; 16:49; 22:18; 55:6,"[336.94, 496.234, 477.3, 506.246]","[0.650589, 0.694326, 0.921606, 0.708333]"
738,723,16,characteristic of believers 7:206;,characteristic of believers 7:206;,"[336.94, 506.246, 477.3, 516.257]","[0.650589, 0.708333, 0.921606, 0.722341]"
738,723,16,9:112; 17:107; 25:64; 26:219; 32:15;,9:112; 17:107; 25:64; 26:219; 32:15;,"[336.94, 516.257, 477.3, 526.268]","[0.650589, 0.722341, 0.921606, 0.736348]"
738,723,16,39:9; 48:29,39:9; 48:29,"[336.94, 526.268, 477.3, 536.279]","[0.650589, 0.736348, 0.921606, 0.750356]"
738,723,16,commanded 15:98; 22:77; 41:27;,commanded 15:98; 22:77; 41:27;,"[336.94, 536.279, 477.3, 546.29]","[0.650589, 0.750356, 0.921606, 0.764363]"
738,723,16,53:62; 76:26; 96:19,53:62; 76:26; 96:19,"[336.94, 546.29, 477.3, 556.301]","[0.650589, 0.764363, 0.921606, 0.778371]"
738,723,16,before Muhammad 2:125; 3:43,before Muhammad 2:125; 3:43,"[336.94, 556.301, 477.3, 566.313]","[0.650589, 0.778371, 0.921606, 0.792378]"
738,723,16,marks on face from 48:29,marks on face from 48:29,"[336.94, 566.313, 477.3, 576.324]","[0.650589, 0.792378, 0.921606, 0.806386]"
738,723,16,Protection,Protection,"[336.94, 576.324, 477.3, 586.335]","[0.650589, 0.806386, 0.921606, 0.820393]"
738,723,17,all things 13:13; 17:44,all things 13:13; 17:44,"[36.85, 511.601, 181.981, 521.613]","[0.071153, 0.715826, 0.351382, 0.729835]"
738,723,17,angels 2:30; 13:13; 39:75; 40:7; 42:5,angels 2:30; 13:13; 39:75; 40:7; 42:5,"[36.85, 521.613, 181.981, 531.625]","[0.071153, 0.729835, 0.351382, 0.743844]"
738,723,17,believers 14:39; 23:28; 27:15; 32:15,believers 14:39; 23:28; 27:15; 32:15,"[36.85, 531.625, 181.981, 541.638]","[0.071153, 0.743844, 0.351382, 0.757853]"
738,723,17,enjoined 2:267;15:98;17:111;20:130;,enjoined 2:267;15:98;17:111;20:130;,"[36.85, 541.638, 181.981, 551.65]","[0.071153, 0.757853, 0.351382, 0.771862]"
738,723,17,"25:58; 27:59; 40:55,65; 50:39; 52:48;","25:58; 27:59; 40:55,65; 50:39; 52:48;","[36.85, 551.65, 181.981, 561.662]","[0.071153, 0.771862, 0.351382, 0.785871]"
738,723,17,110:3,110:3,"[36.85, 561.662, 181.981, 571.674]","[0.071153, 0.785871, 0.351382, 0.79988]"
738,723,17,in hereafter 7:43; 10:10; 17:52;,in hereafter 7:43; 10:10; 17:52;,"[36.85, 571.674, 181.981, 581.686]","[0.071153, 0.79988, 0.351382, 0.813889]"
738,723,17,28:70; 34:1; 35:34;,28:70; 34:1; 35:34;,"[36.85, 581.686, 181.981, 591.698]","[0.071153, 0.813889, 0.351382, 0.827898]"
738,723,17,God 30:18; 31:12; 35:15; 39:74-75,God 30:18; 31:12; 35:15; 39:74-75,"[36.85, 591.698, 181.981, 601.711]","[0.071153, 0.827898, 0.351382, 0.841907]"
738,723,17,"45:36; 57:24; 60:6; 64:1,6","45:36; 57:24; 60:6; 64:1,6","[36.85, 601.711, 181.981, 611.723]","[0.071153, 0.841907, 0.351382, 0.855916]"
738,723,17,"Praiseworthy, God is 11:73; 14:1,8;","Praiseworthy, God is 11:73; 14:1,8;","[36.85, 611.723, 181.981, 621.735]","[0.071153, 0.855916, 0.351382, 0.869925]"
738,723,18,35:18; 36:11; 50:33; 67:12,35:18; 36:11; 50:33; 67:12,"[188.41, 519.601, 311.71, 529.879]","[0.363796, 0.72702, 0.601873, 0.7414]"
738,723,18,Problems 6:41; 11:63; 58:10; 72:6,Problems 6:41; 11:63; 58:10; 72:6,"[188.41, 529.879, 311.71, 540.156]","[0.363796, 0.7414, 0.601873, 0.755781]"
738,723,18,Prohibitions,Prohibitions,"[188.41, 540.156, 311.71, 550.434]","[0.363796, 0.755781, 0.601873, 0.770161]"
738,723,19,adultery 17:32; 24:33,adultery 17:32; 24:33,"[198.1, 552.401, 321.772, 562.118]","[0.382506, 0.772913, 0.621302, 0.786509]"
738,723,19,aggression 2:190; 7:33,aggression 2:190; 7:33,"[198.1, 562.118, 321.772, 571.834]","[0.382506, 0.786509, 0.621302, 0.800104]"
738,723,19,alcohol 2:219; 5:90,alcohol 2:219; 5:90,"[198.1, 571.834, 321.772, 581.551]","[0.382506, 0.800104, 0.621302, 0.8137]"
738,723,19,backbiting 49:12,backbiting 49:12,"[198.1, 581.551, 321.772, 591.268]","[0.382506, 0.8137, 0.621302, 0.827295]"
738,723,19,conspiracy 58:8,conspiracy 58:8,"[198.1, 591.268, 321.772, 600.985]","[0.382506, 0.827295, 0.621302, 0.840891]"
738,723,19,dishonesty & bribery 2:188; 4:29;,dishonesty & bribery 2:188; 4:29;,"[198.1, 600.985, 321.772, 610.701]","[0.382506, 0.840891, 0.621302, 0.854486]"
738,723,19,5:8; 6:152; 17:34-35,5:8; 6:152; 17:34-35,"[198.1, 610.701, 321.772, 620.418]","[0.382506, 0.854486, 0.621302, 0.868082]"
738,723,19,"don’t invent 3:93; 6:138-140,143-","don’t invent 3:93; 6:138-140,143-","[198.1, 620.418, 321.772, 630.135]","[0.382506, 0.868082, 0.621302, 0.881677]"
738,723,19,"144,150; 7:32-33,166; 16:35; 66:1","144,150; 7:32-33,166; 16:35; 66:1","[198.1, 630.135, 321.772, 639.851]","[0.382506, 0.881677, 0.621302, 0.895273]"
738,723,19,drugs 2:219; 5:90,drugs 2:219; 5:90,"[198.1, 639.851, 321.772, 649.568]","[0.382506, 0.895273, 0.621302, 0.908868]"
738,723,19,"evil works 4:160; 7:33,157; 16:90;","evil works 4:160; 7:33,157; 16:90;","[198.1, 649.568, 321.772, 659.285]","[0.382506, 0.908868, 0.621302, 0.922464]"
738,723,19,22:41,22:41,"[198.1, 659.285, 321.772, 669.002]","[0.382506, 0.922464, 0.621302, 0.936059]"
738,723,19,"food 2:168,172-173; 3:93; 4:119;","food 2:168,172-173; 3:93; 4:119;","[198.1, 669.002, 321.772, 678.718]","[0.382506, 0.936059, 0.621302, 0.949655]"
738,723,19,"5:3,87; 6:119,138-140,143-145,146;","5:3,87; 6:119,138-140,143-145,146;","[198.1, 678.718, 321.772, 688.435]","[0.382506, 0.949655, 0.621302, 0.96325]"
738,723,20,Contact prayer 29:45,Contact prayer 29:45,"[347.149, 588.251, 483.3, 597.899]","[0.670301, 0.823074, 0.933192, 0.836574]"
738,723,20,God only provides 7:197;8:48;11:43,God only provides 7:197;8:48;11:43,"[347.149, 597.899, 483.3, 607.548]","[0.670301, 0.836574, 0.933192, 0.850074]"
738,723,20,"God’s 3:36,173; 4:75; 5:67,110; 6:61;","God’s 3:36,173; 4:75; 5:67,110; 6:61;","[347.149, 607.548, 483.3, 617.196]","[0.670301, 0.850074, 0.933192, 0.863574]"
738,723,20,"12:64; 13:11; 14:35; 16:81; 21:42,","12:64; 13:11; 14:35; 16:81; 21:42,","[347.149, 617.196, 483.3, 626.844]","[0.670301, 0.863574, 0.933192, 0.877073]"
738,723,20,"80,101; 22:60; 25:21; 33:17; 40:9,45;","80,101; 22:60; 25:21; 33:17; 40:9,45;","[347.149, 626.844, 483.3, 636.493]","[0.670301, 0.877073, 0.933192, 0.890573]"
738,723,20,44:56; 46:31; 60:5; 82:10,44:56; 46:31; 60:5; 82:10,"[347.149, 636.493, 483.3, 646.141]","[0.670301, 0.890573, 0.933192, 0.904073]"
738,723,20,heavens 15:17; 21:32,heavens 15:17; 21:32,"[347.149, 646.141, 483.3, 655.789]","[0.670301, 0.904073, 0.933192, 0.917573]"
738,723,20,none against God 4:123;6:70;40:21;,none against God 4:123;6:70;40:21;,"[347.149, 655.789, 483.3, 665.438]","[0.670301, 0.917573, 0.933192, 0.931073]"
738,723,20,46:8; 51:45; 52:46; 59:2; 60:4; 66:10;,46:8; 51:45; 52:46; 59:2; 60:4; 66:10;,"[347.149, 665.438, 483.3, 675.086]","[0.670301, 0.931073, 0.933192, 0.944573]"
738,723,20,67:28; 69:47; 72:22,67:28; 69:47; 72:22,"[347.149, 675.086, 483.3, 684.734]","[0.670301, 0.944573, 0.933192, 0.958073]"
738,723,21,31:26; 34:6; 41:42; 42:28; 85:8,31:26; 34:6; 41:42; 42:28; 85:8,"[36.6, 623.651, 159.1, 633.443]","[0.07067, 0.872605, 0.307202, 0.886306]"
738,723,21,Prayers,Prayers,"[36.6, 633.443, 159.1, 643.235]","[0.07067, 0.886306, 0.307202, 0.900007]"
738,723,22,all creatures pray 24:41,all creatures pray 24:41,"[47.15, 644.835, 172.36, 654.235]","[0.091041, 0.902246, 0.332806, 0.915398]"
738,723,22,for forgiveness 12:97,for forgiveness 12:97,"[47.15, 654.235, 172.36, 663.635]","[0.091041, 0.915398, 0.332806, 0.928551]"
738,723,22,"for help 10:89; 12:34; 21:84,88,90;","for help 10:89; 12:34; 21:84,88,90;","[47.15, 663.635, 172.36, 673.035]","[0.091041, 0.928551, 0.332806, 0.941703]"
738,723,22,30:38; 44:22,30:38; 44:22,"[47.15, 673.035, 172.36, 682.435]","[0.091041, 0.941703, 0.332806, 0.954855]"
739,724,1,"Protector, God is 3:173; 4:75; 5:67;","Protector, God is 3:173; 4:75; 5:67;","[38.5, 16.801, 173.77, 26.646]","[0.074339, 0.023508, 0.335528, 0.037282]"
739,724,1,12:64; 13:11; 25:31,12:64; 13:11; 25:31,"[38.5, 26.646, 173.77, 36.49]","[0.074339, 0.037282, 0.335528, 0.051057]"
739,724,1,"Provider, God is 5:114; 22:58; 23:72;","Provider, God is 5:114; 22:58; 23:72;","[38.5, 36.49, 173.77, 46.335]","[0.074339, 0.051057, 0.335528, 0.064831]"
739,724,2,"6:92; 7:157; 13:36; 17:82,107-109;","6:92; 7:157; 13:36; 17:82,107-109;","[189.35, 16.951, 330.89, 26.741]","[0.365611, 0.023718, 0.638907, 0.037416]"
739,724,2,"27:76; 28:52-55; 29:43,4749; 30:28;","27:76; 28:52-55; 29:43,4749; 30:28;","[189.35, 26.741, 330.89, 36.532]","[0.365611, 0.037416, 0.638907, 0.051115]"
739,724,2,"34:6; 38:87; 39:23,55; 46:30; 47:2;","34:6; 38:87; 39:23,55; 46:30; 47:2;","[189.35, 36.532, 330.89, 46.322]","[0.365611, 0.051115, 0.638907, 0.064814]"
739,724,2,56:79; 57:16; 68:52,56:79; 57:16; 68:52,"[189.35, 46.322, 330.89, 56.113]","[0.365611, 0.064814, 0.638907, 0.078512]"
739,724,2,jinns hear 46:29-31; 72:1-2,jinns hear 46:29-31; 72:1-2,"[189.35, 56.113, 330.89, 65.903]","[0.365611, 0.078512, 0.638907, 0.092211]"
739,724,2,"mercy & healing 17:82,87; 27:77;","mercy & healing 17:82,87; 27:77;","[189.35, 65.903, 330.89, 75.694]","[0.365611, 0.092211, 0.638907, 0.10591]"
739,724,2,"28:86; 29:51; 41:4,44; 45:20","28:86; 29:51; 41:4,44; 45:20","[189.35, 75.694, 330.89, 85.484]","[0.365611, 0.10591, 0.638907, 0.119608]"
739,724,2,miracle of (see Quranic miracl)e,miracle of (see Quranic miracl)e,"[189.35, 85.484, 330.89, 95.274]","[0.365611, 0.119608, 0.638907, 0.133307]"
739,724,2,miraculous 17:88; 27:1; 59:21,miraculous 17:88; 27:1; 59:21,"[189.35, 95.274, 330.89, 105.065]","[0.365611, 0.133307, 0.638907, 0.147006]"
739,724,2,"only source 4:82; 5:48-50; 6:19,38;","only source 4:82; 5:48-50; 6:19,38;","[189.35, 105.065, 330.89, 114.855]","[0.365611, 0.147006, 0.638907, 0.160704]"
739,724,2,"7:2-3,185; 10:15,36-37; 13:36- 37;","7:2-3,185; 10:15,36-37; 13:36- 37;","[189.35, 114.855, 330.89, 124.646]","[0.365611, 0.160704, 0.638907, 0.174403]"
739,724,2,"17:9,41,73-75,85; 18:27,54,109;","17:9,41,73-75,85; 18:27,54,109;","[189.35, 124.646, 330.89, 134.436]","[0.365611, 0.174403, 0.638907, 0.188102]"
739,724,2,"21:24,27;31:6-7;39:27-29;75:16-19","21:24,27;31:6-7;39:27-29;75:16-19","[189.35, 134.436, 330.89, 144.227]","[0.365611, 0.188102, 0.638907, 0.2018]"
739,724,2,"preach with 6:51,70; 7:2; 27:92;","preach with 6:51,70; 7:2; 27:92;","[189.35, 144.227, 330.89, 154.017]","[0.365611, 0.2018, 0.638907, 0.215499]"
739,724,2,28:87; 50:45,28:87; 50:45,"[189.35, 154.017, 330.89, 163.808]","[0.365611, 0.215499, 0.638907, 0.229198]"
739,724,2,"proof in: 4:82,174; 6:104; 10:1;","proof in: 4:82,174; 6:104; 10:1;","[189.35, 163.808, 330.89, 173.598]","[0.365611, 0.229198, 0.638907, 0.242896]"
739,724,2,"11:1,17; 12:1,108; 13:1; 15:1; 21:24;","11:1,17; 12:1,108; 13:1; 15:1; 21:24;","[189.35, 173.598, 330.89, 183.388]","[0.365611, 0.242896, 0.638907, 0.256595]"
739,724,2,36:14; 41:1-3; 56:78,36:14; 41:1-3; 56:78,"[189.35, 183.388, 330.89, 193.179]","[0.365611, 0.256595, 0.638907, 0.270294]"
739,724,2,protected 13:39; 15:9; 41:42;,protected 13:39; 15:9; 41:42;,"[189.35, 193.179, 330.89, 202.969]","[0.365611, 0.270294, 0.638907, 0.283992]"
739,724,2,43:34; 56:77-80; 85:21-22,43:34; 56:77-80; 85:21-22,"[189.35, 202.969, 330.89, 212.76]","[0.365611, 0.283992, 0.638907, 0.297691]"
739,724,2,recitation witnessed 10:61; 17:78,recitation witnessed 10:61; 17:78,"[189.35, 212.76, 330.89, 222.55]","[0.365611, 0.297691, 0.638907, 0.31139]"
739,724,2,"rejection of 3:19; 5:49; 6:25-26,66;","rejection of 3:19; 5:49; 6:25-26,66;","[189.35, 222.55, 330.89, 232.341]","[0.365611, 0.31139, 0.638907, 0.325088]"
739,724,2,"10:39; 11:110; 13:31; 17:41,4546,73;","10:39; 11:110; 13:31; 17:41,4546,73;","[189.35, 232.341, 330.89, 242.131]","[0.365611, 0.325088, 0.638907, 0.338787]"
739,724,2,"18:57; 23:63; 25:30,50; 28:4849;","18:57; 23:63; 25:30,50; 28:4849;","[189.35, 242.131, 330.89, 251.921]","[0.365611, 0.338787, 0.638907, 0.352486]"
739,724,2,30:58-59; 31:6-7; 34:31; 38:4-8;,30:58-59; 31:6-7; 34:31; 38:4-8;,"[189.35, 251.921, 330.89, 261.712]","[0.365611, 0.352486, 0.638907, 0.366184]"
739,724,2,"41:5,26,4041,52; 43:41; 84:21","41:5,26,4041,52; 43:41; 84:21","[189.35, 261.712, 330.89, 271.502]","[0.365611, 0.366184, 0.638907, 0.379883]"
739,724,2,"revelation of: 2:97,185,252; 4:105,","revelation of: 2:97,185,252; 4:105,","[189.35, 271.502, 330.89, 281.293]","[0.365611, 0.379883, 0.638907, 0.393582]"
739,724,2,"113,166; 7:2; 11:14; 15:9; 16:44,64;","113,166; 7:2; 11:14; 15:9; 16:44,64;","[189.35, 281.293, 330.89, 291.083]","[0.365611, 0.393582, 0.638907, 0.40728]"
739,724,2,"17:1,73-75,105-106; 18:27; 19:64;","17:1,73-75,105-106; 18:27; 19:64;","[189.35, 291.083, 330.89, 300.874]","[0.365611, 0.40728, 0.638907, 0.420979]"
739,724,2,"20:2,113-114,134; 25:32; 26:192-","20:2,113-114,134; 25:32; 26:192-","[189.35, 300.874, 330.89, 310.664]","[0.365611, 0.420979, 0.638907, 0.434678]"
739,724,2,"201,210-212; 39:2;43:31;44:3;45:2-6;","201,210-212; 39:2;43:31;44:3;45:2-6;","[189.35, 310.664, 330.89, 320.455]","[0.365611, 0.434678, 0.638907, 0.448376]"
739,724,2,"46:12; 47:20,24-25; 53:4-18; 57:9;","46:12; 47:20,24-25; 53:4-18; 57:9;","[189.35, 320.455, 330.89, 330.245]","[0.365611, 0.448376, 0.638907, 0.462075]"
739,724,2,65:10-11; 75:16-19; 80:13-16;81:22-,65:10-11; 75:16-19; 80:13-16;81:22-,"[189.35, 330.245, 330.89, 340.035]","[0.365611, 0.462075, 0.638907, 0.475774]"
739,724,2,24; 87:6; 96:1-5; 97:1-5,24; 87:6; 96:1-5; 97:1-5,"[189.35, 340.035, 330.89, 349.826]","[0.365611, 0.475774, 0.638907, 0.489472]"
739,724,2,seek refuge before reading 16:98,seek refuge before reading 16:98,"[189.35, 349.826, 330.89, 359.616]","[0.365611, 0.489472, 0.638907, 0.503171]"
739,724,2,"source of 4:82; 10:15-16,37; 15:87;","source of 4:82; 10:15-16,37; 15:87;","[189.35, 359.616, 330.89, 369.407]","[0.365611, 0.503171, 0.638907, 0.51687]"
739,724,2,17:85-88; 18:27; 19:64; 20:114;,17:85-88; 18:27; 19:64; 20:114;,"[189.35, 369.407, 330.89, 379.197]","[0.365611, 0.51687, 0.638907, 0.530568]"
739,724,2,26:210; 27:6; 28:85-86; 36:1-5;,26:210; 27:6; 28:85-86; 36:1-5;,"[189.35, 379.197, 330.89, 388.988]","[0.365611, 0.530568, 0.638907, 0.544267]"
739,724,2,"76:16-19,23","76:16-19,23","[189.35, 388.988, 330.89, 398.778]","[0.365611, 0.544267, 0.638907, 0.557966]"
739,724,2,"studying 2:145; 4:82; 7:3,204; 10:61;","studying 2:145; 4:82; 7:3,204; 10:61;","[189.35, 398.778, 330.89, 408.569]","[0.365611, 0.557966, 0.638907, 0.571664]"
739,724,2,"17:41,78; 18:27,54; 23:63; 25:52;","17:41,78; 18:27,54; 23:63; 25:52;","[189.35, 408.569, 330.89, 418.359]","[0.365611, 0.571664, 0.638907, 0.585363]"
739,724,2,27:92; 29:45; 39:55; 42:15; 43:43-4;,27:92; 29:45; 39:55; 42:15; 43:43-4;,"[189.35, 418.359, 330.89, 428.149]","[0.365611, 0.585363, 0.638907, 0.599062]"
739,724,2,75:18-19,75:18-19,"[189.35, 428.149, 330.89, 437.94]","[0.365611, 0.599062, 0.638907, 0.61276]"
739,724,2,translations necessary 26:198-200,translations necessary 26:198-200,"[189.35, 437.94, 330.89, 447.73]","[0.365611, 0.61276, 0.638907, 0.626459]"
739,724,2,Quranic initials 2:2;3:1;7:1;10:1;11:1;,Quranic initials 2:2;3:1;7:1;10:1;11:1;,"[189.35, 447.73, 330.89, 457.521]","[0.365611, 0.626459, 0.638907, 0.640158]"
739,724,2,12:1; 13:1; 14:1; 15:1; 19:1; 20:1;,12:1; 13:1; 14:1; 15:1; 19:1; 20:1;,"[189.35, 457.521, 330.89, 467.311]","[0.365611, 0.640158, 0.638907, 0.653856]"
739,724,2,26:1; 27:1; 28:1; 29:1; 30:1; 31:1;,26:1; 27:1; 28:1; 29:1; 30:1; 31:1;,"[189.35, 467.311, 330.89, 477.102]","[0.365611, 0.653856, 0.638907, 0.667555]"
739,724,2,"32:1; 36:1; 38:1; 40:1; 41:1; 42:1,2;","32:1; 36:1; 38:1; 40:1; 41:1; 42:1,2;","[189.35, 477.102, 330.89, 486.892]","[0.365611, 0.667555, 0.638907, 0.681254]"
739,724,2,43:1; 44:1; 45:1; 46:1; 50:1; 68:1,43:1; 44:1; 45:1; 46:1; 50:1; 68:1,"[189.35, 486.892, 330.89, 496.682]","[0.365611, 0.681254, 0.638907, 0.694952]"
739,724,2,"Quranic miracle 3:96;10:1,20,37-39;","Quranic miracle 3:96;10:1,20,37-39;","[189.35, 496.682, 330.89, 506.473]","[0.365611, 0.694952, 0.638907, 0.708651]"
739,724,2,"11:1; 12:1; 13:1,38; 15:1,87; 26:1-2;","11:1; 12:1; 13:1,38; 15:1,87; 26:1-2;","[189.35, 506.473, 330.89, 516.263]","[0.365611, 0.708651, 0.638907, 0.72235]"
739,724,2,"27:l,30;28:l-2;30:58;31:l-2;34:48;","27:l,30;28:l-2;30:58;31:l-2;34:48;","[189.35, 516.263, 330.89, 526.054]","[0.365611, 0.72235, 0.638907, 0.736048]"
739,724,2,"36:1 -3;40:1 -2;41:1-2,52-53;46:1 -2;","36:1 -3;40:1 -2;41:1-2,52-53;46:1 -2;","[189.35, 526.054, 330.89, 535.844]","[0.365611, 0.736048, 0.638907, 0.749747]"
739,724,2,74:1-56; 85:21-22 and Appendix 1,74:1-56; 85:21-22 and Appendix 1,"[189.35, 535.844, 330.89, 545.635]","[0.365611, 0.749747, 0.638907, 0.763446]"
739,724,3,10:54; 13:18; 37:107; 52:21; 57:15;,10:54; 13:18; 37:107; 52:21; 57:15;,"[338.04, 16.951, 477.667, 27.56]","[0.652713, 0.023718, 0.922315, 0.038562]"
739,724,3,70:11,70:11,"[338.04, 27.56, 477.667, 38.169]","[0.652713, 0.038562, 0.922315, 0.053406]"
739,724,3,Ravens 5:31; 35:27,Ravens 5:31; 35:27,"[338.04, 38.169, 477.667, 48.778]","[0.652713, 0.053406, 0.922315, 0.06825]"
739,724,3,"Reading 2:44;3:93;10:61;16:98;17:14,","Reading 2:44;3:93;10:61;16:98;17:14,","[338.04, 48.778, 477.667, 59.387]","[0.652713, 0.06825, 0.922315, 0.083094]"
739,724,3,"45,71,93; 27:92; 69:19;73:20;96:1,3","45,71,93; 27:92; 69:19;73:20;96:1,3","[338.04, 59.387, 477.667, 69.997]","[0.652713, 0.083094, 0.922315, 0.097938]"
739,724,3,Rear ends 8:50; 47:27,Rear ends 8:50; 47:27,"[338.04, 69.997, 477.667, 80.606]","[0.652713, 0.097938, 0.922315, 0.112783]"
739,724,3,Reasurrance 2:260;3:126;5:113;8:10,Reasurrance 2:260;3:126;5:113;8:10,"[338.04, 80.606, 477.667, 91.215]","[0.652713, 0.112783, 0.922315, 0.127627]"
739,724,3,"Rebels 2:34; 19:14,32","Rebels 2:34; 19:14,32","[338.04, 91.215, 477.667, 101.824]","[0.652713, 0.127627, 0.922315, 0.142471]"
739,724,3,"Rebellion 4:34,156; 5:78; 18:80; 38:69;","Rebellion 4:34,156; 5:78; 18:80; 38:69;","[338.04, 101.824, 477.667, 112.433]","[0.652713, 0.142471, 0.922315, 0.157315]"
739,724,4,34:39; 62:11,34:39; 62:11,"[38.749, 48.151, 94.999, 57.793]","[0.074819, 0.067372, 0.183431, 0.080863]"
739,724,4,Provisions,Provisions,"[38.749, 57.793, 94.999, 67.435]","[0.074819, 0.080863, 0.183431, 0.094354]"
739,724,5,as test 8:28; 20:131; 64:15; 89:16,as test 8:28; 20:131; 64:15; 89:16,"[39.5, 69.401, 181.29, 79.413]","[0.07627, 0.097105, 0.350048, 0.111114]"
739,724,5,best is righteousness 2:197,best is righteousness 2:197,"[39.5, 79.413, 181.29, 89.425]","[0.07627, 0.111114, 0.350048, 0.125123]"
739,724,5,"charity from 2:3,254;4:39;8:3; 13:22;","charity from 2:3,254;4:39;8:3; 13:22;","[39.5, 89.425, 181.29, 99.437]","[0.07627, 0.125123, 0.350048, 0.139131]"
739,724,5,"14:31; 22:35; 28:54,57; 32:16; 42:38","14:31; 22:35; 28:54,57; 32:16; 42:38","[39.5, 99.437, 181.29, 109.449]","[0.07627, 0.139131, 0.350048, 0.15314]"
739,724,5,"God controls 3:37; 11:6,86; 13:26;","God controls 3:37; 11:6,86; 13:26;","[39.5, 109.449, 181.29, 119.461]","[0.07627, 0.15314, 0.350048, 0.167149]"
739,724,5,"16:71; 17:30; 22:34; 28:82; 29:17,","16:71; 17:30; 22:34; 28:82; 29:17,","[39.5, 119.461, 181.29, 129.473]","[0.07627, 0.167149, 0.350048, 0.181158]"
739,724,5,"60,62; 30:37; 35:29; 38:54; 39:52;","60,62; 30:37; 35:29; 38:54; 39:52;","[39.5, 129.473, 181.29, 139.486]","[0.07627, 0.181158, 0.350048, 0.195167]"
739,724,5,"42:12,27; 45:5; 67:21","42:12,27; 45:5; 67:21","[39.5, 139.486, 181.29, 149.498]","[0.07627, 0.195167, 0.350048, 0.209175]"
739,724,5,prohibiting 6:140-142; 7:32; 10:59,prohibiting 6:140-142; 7:32; 10:59,"[39.5, 149.498, 181.29, 159.51]","[0.07627, 0.209175, 0.350048, 0.223184]"
739,724,5,"Provocation 5:2,8,30; 11:89; 42:37,42","Provocation 5:2,8,30; 11:89; 42:37,42","[39.5, 159.51, 181.29, 169.522]","[0.07627, 0.223184, 0.350048, 0.237193]"
739,724,5,Psalms 3:184; 4:163; 16:44; 17:55;,Psalms 3:184; 4:163; 16:44; 17:55;,"[39.5, 169.522, 181.29, 179.534]","[0.07627, 0.237193, 0.350048, 0.251202]"
739,724,6,49:7; 51:44; 65:8; 79:21,49:7; 51:44; 65:8; 79:21,"[338.15, 114.501, 473.158, 124.343]","[0.652925, 0.160208, 0.913608, 0.173979]"
739,724,6,"Recitation, of scripture 7:204; 17:78;","Recitation, of scripture 7:204; 17:78;","[338.15, 124.343, 473.158, 134.185]","[0.652925, 0.173979, 0.913608, 0.18775]"
739,724,7,"18:27; 35:29; 37:3; 73:4,20","18:27; 35:29; 37:3; 73:4,20","[337.69, 136.001, 476.709, 146.154]","[0.652037, 0.190291, 0.920465, 0.204497]"
739,724,7,"Reckoner, God is 4:6; 6:62","Reckoner, God is 4:6; 6:62","[337.69, 146.154, 476.709, 156.307]","[0.652037, 0.204497, 0.920465, 0.218703]"
739,724,7,"Reckoning 2:202; 3:199; 5:4; 13:18,","Reckoning 2:202; 3:199; 5:4; 13:18,","[337.69, 156.307, 476.709, 166.46]","[0.652037, 0.218703, 0.920465, 0.232909]"
739,724,7,"21,40-41; 14:41,51; 21:1; 23:117;","21,40-41; 14:41,51; 21:1; 23:117;","[337.69, 166.46, 476.709, 176.613]","[0.652037, 0.232909, 0.920465, 0.247115]"
739,724,7,"24:39; 38:16,26,53; 40:17,27; 78:27;","24:39; 38:16,26,53; 40:17,27; 78:27;","[337.69, 176.613, 476.709, 186.766]","[0.652037, 0.247115, 0.920465, 0.261321]"
739,724,7,84:8,84:8,"[337.69, 186.766, 476.709, 196.919]","[0.652037, 0.261321, 0.920465, 0.275527]"
739,724,7,"Recompense, from God 2:103,262,","Recompense, from God 2:103,262,","[337.69, 196.919, 476.709, 207.072]","[0.652037, 0.275527, 0.920465, 0.289733]"
739,724,7,"274; 3:136,195; 4:74,95,152; 17:9;","274; 3:136,195; 4:74,95,152; 17:9;","[337.69, 207.072, 476.709, 217.225]","[0.652037, 0.289733, 0.920465, 0.303939]"
739,724,7,"18:2; 23:72; 28:54; 29:27,58; 33:44;","18:2; 23:72; 28:54; 29:27,58; 33:44;","[337.69, 217.225, 476.709, 227.378]","[0.652037, 0.303939, 0.920465, 0.318145]"
739,724,7,36:11; 64:15; 76:9; 98:8,36:11; 64:15; 76:9; 98:8,"[337.69, 227.378, 476.709, 237.531]","[0.652037, 0.318145, 0.920465, 0.332351]"
739,724,7,"Record, of all things 4:81; 6:59;","Record, of all things 4:81; 6:59;","[337.69, 237.531, 476.709, 247.684]","[0.652037, 0.332351, 0.920465, 0.346557]"
739,724,8,21:105; 35:25,21:105; 35:25,"[39.7, 181.351, 172.301, 191.597]","[0.076656, 0.253744, 0.332692, 0.268081]"
739,724,8,"Puberty 4:6; 24:31,59","Puberty 4:6; 24:31,59","[39.7, 191.597, 172.301, 201.844]","[0.076656, 0.268081, 0.332692, 0.282417]"
739,724,8,Purgatoiy 7:46-48,Purgatoiy 7:46-48,"[39.7, 201.844, 172.301, 212.09]","[0.076656, 0.282417, 0.332692, 0.296754]"
739,724,8,Purifying 9:108; 22:26; 33:33; 35:18;,Purifying 9:108; 22:26; 33:33; 35:18;,"[39.7, 212.09, 172.301, 222.337]","[0.076656, 0.296754, 0.332692, 0.311091]"
739,724,8,58:12; 79:18; 91:9,58:12; 79:18; 91:9,"[39.7, 222.337, 172.301, 232.583]","[0.076656, 0.311091, 0.332692, 0.325427]"
739,724,9,Q,Q,"[39.7, 241.828, 169.669, 253.079]","[0.076656, 0.338363, 0.32761, 0.354105]"
739,724,9,Qaroon 28:76-81; 29:39; 40:24,Qaroon 28:76-81; 29:39; 40:24,"[39.7, 253.079, 169.669, 264.33]","[0.076656, 0.354105, 0.32761, 0.369848]"
739,724,9,Qiblah 2:142-150,Qiblah 2:142-150,"[39.7, 264.33, 169.669, 275.581]","[0.076656, 0.369848, 0.32761, 0.38559]"
739,724,9,Quails 2:57; 7:160; 20:80,Quails 2:57; 7:160; 20:80,"[39.7, 275.581, 169.669, 286.832]","[0.076656, 0.38559, 0.32761, 0.401332]"
739,724,9,"Quake, earth 7:78,91,155; 29:37-40;","Quake, earth 7:78,91,155; 29:37-40;","[39.7, 286.832, 169.669, 298.083]","[0.076656, 0.401332, 0.32761, 0.417074]"
739,724,10,"10:61; 11:6; 13:39; 17:13,14,71;","10:61; 11:6; 13:39; 17:13,14,71;","[337.45, 249.501, 473.96, 259.256]","[0.651574, 0.349099, 0.915157, 0.362748]"
739,724,10,18:49; 20:52; 22:70; 23:62; 27:75;,18:49; 20:52; 22:70; 23:62; 27:75;,"[337.45, 259.256, 473.96, 269.011]","[0.651574, 0.362748, 0.915157, 0.376397]"
739,724,10,30:56; 34:3; 35:11; 36:12; 39:69;,30:56; 34:3; 35:11; 36:12; 39:69;,"[337.45, 269.011, 473.96, 278.766]","[0.651574, 0.376397, 0.915157, 0.390046]"
739,724,10,"43:4; 45:28-29; 50:4,17,23; 57:22;","43:4; 45:28-29; 50:4,17,23; 57:22;","[337.45, 278.766, 473.96, 288.52]","[0.651574, 0.390046, 0.915157, 0.403694]"
739,724,10,"69:19,25; 78:29; 83:7,9,20; 84:7,10;","69:19,25; 78:29; 83:7,9,20; 84:7,10;","[337.45, 288.52, 473.96, 298.275]","[0.651574, 0.403694, 0.915157, 0.417343]"
739,724,10,85:22,85:22,"[337.45, 298.275, 473.96, 308.03]","[0.651574, 0.417343, 0.915157, 0.430992]"
739,724,10,Recreation 13:5; 29:20; 32:10; 34:7;,Recreation 13:5; 29:20; 32:10; 34:7;,"[337.45, 308.03, 473.96, 317.785]","[0.651574, 0.430992, 0.915157, 0.444641]"
739,724,11,67:16; 69:5; 79:6; 99:1,67:16; 69:5; 79:6; 99:1,"[40.1, 299.901, 178.04, 310.477]","[0.077428, 0.419618, 0.343773, 0.434416]"
739,724,11,Queen of Sheba 27:22-44,Queen of Sheba 27:22-44,"[40.1, 310.477, 178.04, 321.053]","[0.077428, 0.434416, 0.343773, 0.449214]"
739,724,11,"Questioning 7:6; 10:53; 15:92; 16:56,","Questioning 7:6; 10:53; 15:92; 16:56,","[40.1, 321.053, 178.04, 331.629]","[0.077428, 0.449214, 0.343773, 0.464011]"
739,724,11,93; 18:19; 21:23; 43:19; 36:78; 70:1,93; 18:19; 21:23; 43:19; 36:78; 70:1,"[40.1, 331.629, 178.04, 342.205]","[0.077428, 0.464011, 0.343773, 0.478809]"
739,724,11,Questions 2:189; 5:102; 28:66,Questions 2:189; 5:102; 28:66,"[40.1, 342.205, 178.04, 352.781]","[0.077428, 0.478809, 0.343773, 0.493607]"
739,724,11,Quraish 106:1-4,Quraish 106:1-4,"[40.1, 352.781, 178.04, 363.357]","[0.077428, 0.493607, 0.343773, 0.508405]"
739,724,11,Quran,Quran,"[40.1, 363.357, 178.04, 373.933]","[0.077428, 0.508405, 0.343773, 0.523203]"
739,724,12,53:47; 79:10,53:47; 79:10,"[337.45, 319.601, 458.506, 329.712]","[0.651574, 0.447182, 0.885318, 0.461329]"
739,724,12,Red 18:96; 35:27,Red 18:96; 35:27,"[337.45, 329.712, 458.506, 339.823]","[0.651574, 0.461329, 0.885318, 0.475476]"
739,724,12,"Redeem 2:37,54,128,160; 4:16,64;","Redeem 2:37,54,128,160; 4:16,64;","[337.45, 339.823, 458.506, 349.934]","[0.651574, 0.475476, 0.885318, 0.489624]"
739,724,13,"9:104,118; 24:10; 49:12; 110:3","9:104,118; 24:10; 49:12; 110:3","[337.45, 351.601, 458.242, 361.218]","[0.651574, 0.491956, 0.884808, 0.505411]"
739,724,13,"Redemption 2:37,54,128,160,187;","Redemption 2:37,54,128,160,187;","[337.45, 361.218, 458.242, 370.834]","[0.651574, 0.505411, 0.884808, 0.518867]"
739,724,14,"3:128; 4:17,26-27; 5:39,71; 9:15,","3:128; 4:17,26-27; 5:39,71; 9:15,","[337.45, 372.251, 470.35, 382.136]","[0.651574, 0.520849, 0.908187, 0.534681]"
739,724,14,"102,106,117-118; 20:122; 25:71;","102,106,117-118; 20:122; 25:71;","[337.45, 382.136, 470.35, 392.022]","[0.651574, 0.534681, 0.908187, 0.548512]"
739,724,14,"33:24,73; 68:50","33:24,73; 68:50","[337.45, 392.022, 470.35, 401.907]","[0.651574, 0.548512, 0.908187, 0.562344]"
739,724,14,"Reflection 2:219,266; 3:191; 6:50;","Reflection 2:219,266; 3:191; 6:50;","[337.45, 401.907, 470.35, 411.793]","[0.651574, 0.562344, 0.908187, 0.576175]"
739,724,14,"7:176; 10:24; 13:3; 16:11,44,69;","7:176; 10:24; 13:3; 16:11,44,69;","[337.45, 411.793, 470.35, 421.678]","[0.651574, 0.576175, 0.908187, 0.590007]"
739,724,14,"22:5; 30:8,21; 34:46; 39:42; 45:13;","22:5; 30:8,21; 34:46; 39:42; 45:13;","[337.45, 421.678, 470.35, 431.563]","[0.651574, 0.590007, 0.908187, 0.603838]"
739,724,14,59:21; 74:18; 86:5; 88:17,59:21; 74:18; 86:5; 88:17,"[337.45, 431.563, 470.35, 441.449]","[0.651574, 0.603838, 0.908187, 0.61767]"
739,724,14,"Reforming 2:160;3:89;4:16,146;5:39;","Reforming 2:160;3:89;4:16,146;5:39;","[337.45, 441.449, 470.35, 451.334]","[0.651574, 0.61767, 0.908187, 0.631501]"
739,724,15,Arabic 12:2; 13:37; 14:4; 16:103;,Arabic 12:2; 13:37; 14:4; 16:103;,"[51.34, 375.401, 186.09, 385.143]","[0.099131, 0.525257, 0.359316, 0.538887]"
739,724,15,"19:97;20:113;26:195,198-200;39:28;","19:97;20:113;26:195,198-200;39:28;","[51.34, 385.143, 186.09, 394.884]","[0.099131, 0.538887, 0.359316, 0.552518]"
739,724,15,"41:3,44; 42:7; 43:3; 44:58; 46:12","41:3,44; 42:7; 43:3; 44:58; 46:12","[51.34, 394.884, 186.09, 404.626]","[0.099131, 0.552518, 0.359316, 0.566148]"
739,724,15,"as messenger 11:1-3; 14:1; 27:2,77;","as messenger 11:1-3; 14:1; 27:2,77;","[51.34, 404.626, 186.09, 414.368]","[0.099131, 0.566148, 0.359316, 0.579779]"
739,724,15,32:3; 34:6; 42:52; 47:30; 51:50-51;,32:3; 34:6; 42:52; 47:30; 51:50-51;,"[51.34, 414.368, 186.09, 424.109]","[0.099131, 0.579779, 0.359316, 0.593409]"
739,724,15,65:11,65:11,"[51.34, 424.109, 186.09, 433.851]","[0.099131, 0.593409, 0.359316, 0.607039]"
739,724,15,"confirms previous scriptures 2:41,","confirms previous scriptures 2:41,","[51.34, 433.851, 186.09, 443.593]","[0.099131, 0.607039, 0.359316, 0.62067]"
739,724,15,"97,144-146; 3:3; 5:48; 6:92; 9:111;","97,144-146; 3:3; 5:48; 6:92; 9:111;","[51.34, 443.593, 186.09, 453.334]","[0.099131, 0.62067, 0.359316, 0.6343]"
739,724,15,10:37; 12:111; 19:64; 23:68; 26:196-,10:37; 12:111; 19:64; 23:68; 26:196-,"[51.34, 453.334, 186.09, 463.076]","[0.099131, 0.6343, 0.359316, 0.647931]"
739,724,15,"197; 42:3; 46:12,30; 53:56; 87:18-19","197; 42:3; 46:12,30; 53:56; 87:18-19","[51.34, 463.076, 186.09, 472.818]","[0.099131, 0.647931, 0.359316, 0.661561]"
739,724,15,"description 2:2,99,147;3:58,138;5:15,","description 2:2,99,147;3:58,138;5:15,","[51.34, 472.818, 186.09, 482.56]","[0.099131, 0.661561, 0.359316, 0.675192]"
739,724,15,"16; 6:69; 7:52,157,203- 204; 10:57-","16; 6:69; 7:52,157,203- 204; 10:57-","[51.34, 482.56, 186.09, 492.301]","[0.099131, 0.675192, 0.359316, 0.688822]"
739,724,15,"58;11:1,120;12:1-3,111;13:37;14:1,52;","58;11:1,120;12:1-3,111;13:37;14:1,52;","[51.34, 492.301, 186.09, 502.043]","[0.099131, 0.688822, 0.359316, 0.702453]"
739,724,15,"16:64,89;17:85,89;18:1-4;19:97;20:2-","16:64,89;17:85,89;18:1-4;19:97;20:2-","[51.34, 502.043, 186.09, 511.785]","[0.099131, 0.702453, 0.359316, 0.716083]"
739,724,15,4;24:46;25:1;26:195-200;28:86;29:51,4;24:46;25:1;26:195-200;28:86;29:51,"[51.34, 511.785, 186.09, 521.526]","[0.099131, 0.716083, 0.359316, 0.729714]"
739,724,15,"31:2-3,27; 32:2-3;36:1-6,69-70;38:29;","31:2-3,27; 32:2-3;36:1-6,69-70;38:29;","[51.34, 521.526, 186.09, 531.268]","[0.099131, 0.729714, 0.359316, 0.743344]"
739,724,15,"39:23; 41:1-4,4144,53; 42:17,24,52;","39:23; 41:1-4,4144,53; 42:17,24,52;","[51.34, 531.268, 186.09, 541.01]","[0.099131, 0.743344, 0.359316, 0.756975]"
739,724,15,"43:2-4;44:2-6;45:6;46:2,7-8;53:4-5r56;","43:2-4;44:2-6;45:6;46:2,7-8;53:4-5r56;","[51.34, 541.01, 186.09, 550.751]","[0.099131, 0.756975, 0.359316, 0.770605]"
739,724,15,"56:7,75-82;59:21;61:8-9;64:8;65:ll;","56:7,75-82;59:21;61:8-9;64:8;65:ll;","[51.34, 550.751, 186.09, 560.493]","[0.099131, 0.770605, 0.359316, 0.784235]"
739,724,15,69:40-51;73:19;74:54-56;76:29;77:50;,69:40-51;73:19;74:54-56;76:29;77:50;,"[51.34, 560.493, 186.09, 570.235]","[0.099131, 0.784235, 0.359316, 0.797866]"
739,724,15,80:11-16; 81:15-27; 85:21-22;,80:11-16; 81:15-27; 85:21-22;,"[51.34, 570.235, 186.09, 579.976]","[0.099131, 0.797866, 0.359316, 0.811496]"
739,724,15,86:11-14; 94:4; 98:1-3,86:11-14; 94:4; 98:1-3,"[51.34, 579.976, 186.09, 589.718]","[0.099131, 0.811496, 0.359316, 0.825127]"
739,724,15,"distortion of 41:26,40-42","distortion of 41:26,40-42","[51.34, 589.718, 186.09, 599.46]","[0.099131, 0.825127, 0.359316, 0.838757]"
739,724,15,"easy to remember 54:17,22,32,40","easy to remember 54:17,22,32,40","[51.34, 599.46, 186.09, 609.201]","[0.099131, 0.838757, 0.359316, 0.852388]"
739,724,15,"God explains 2:242,266; 3:103,118;","God explains 2:242,266; 3:103,118;","[51.34, 609.201, 186.09, 618.943]","[0.099131, 0.852388, 0.359316, 0.866018]"
739,724,15,"5:75,89; 6:46,55,65,97- 98,105,126;","5:75,89; 6:46,55,65,97- 98,105,126;","[51.34, 618.943, 186.09, 628.685]","[0.099131, 0.866018, 0.359316, 0.879649]"
739,724,15,"7:32,58,174; 9:11; 10:5; 13:2; 17:12;","7:32,58,174; 9:11; 10:5; 13:2; 17:12;","[51.34, 628.685, 186.09, 638.427]","[0.099131, 0.879649, 0.359316, 0.893279]"
739,724,15,19:73; 25:50; 30:28; 44:4; 55:2;,19:73; 25:50; 30:28; 44:4; 55:2;,"[51.34, 638.427, 186.09, 648.168]","[0.099131, 0.893279, 0.359316, 0.90691]"
739,724,15,57:17; 75:19,57:17; 75:19,"[51.34, 648.168, 186.09, 657.91]","[0.099131, 0.90691, 0.359316, 0.92054]"
739,724,15,isolation from 17:45-46; 18:57;,isolation from 17:45-46; 18:57;,"[51.34, 657.91, 186.09, 667.652]","[0.099131, 0.92054, 0.359316, 0.93417]"
739,724,15,"26:198-201; 30:58-59; 41:5,44; 47:24","26:198-201; 30:58-59; 41:5,44; 47:24","[51.34, 667.652, 186.09, 677.393]","[0.099131, 0.93417, 0.359316, 0.947801]"
739,724,15,"for all believers 2:121;3:199;5:66,68;","for all believers 2:121;3:199;5:66,68;","[51.34, 677.393, 186.09, 687.135]","[0.099131, 0.947801, 0.359316, 0.961431]"
739,724,16,6:54;7:35;16:119;24:5;26:152;32:21,6:54;7:35;16:119;24:5;26:152;32:21,"[337.45, 453.185, 471.122, 462.935]","[0.651574, 0.634091, 0.909677, 0.647733]"
739,724,16,Refuge,Refuge,"[337.45, 462.935, 471.122, 472.685]","[0.651574, 0.647733, 0.909677, 0.661375]"
739,724,17,"giving 8:26,72,74-75; 9:100; 60:10","giving 8:26,72,74-75; 9:100; 60:10","[337.3, 474.401, 475.5, 484.084]","[0.651284, 0.663776, 0.918131, 0.677325]"
739,724,17,none from God 41:48;42:47;72:22;,none from God 41:48;42:47;72:22;,"[337.3, 484.084, 475.5, 493.768]","[0.651284, 0.677325, 0.918131, 0.690874]"
739,724,17,75:12,75:12,"[337.3, 493.768, 475.5, 503.451]","[0.651284, 0.690874, 0.918131, 0.704423]"
739,724,17,seeking in God 7:200; 11:47; 16:98;,seeking in God 7:200; 11:47; 16:98;,"[337.3, 503.451, 475.5, 513.134]","[0.651284, 0.704423, 0.918131, 0.717971]"
739,724,17,"19:18; 23:97-98; 40:27,56; 41:36;","19:18; 23:97-98; 40:27,56; 41:36;","[337.3, 513.134, 475.5, 522.817]","[0.651284, 0.717971, 0.918131, 0.73152]"
739,724,17,44:20; 113:1; 114:1,44:20; 113:1; 114:1,"[337.3, 522.817, 475.5, 532.501]","[0.651284, 0.73152, 0.918131, 0.745069]"
739,724,17,"Regarding, of people 2:83; 4:1,36;","Regarding, of people 2:83; 4:1,36;","[337.3, 532.501, 475.5, 542.184]","[0.651284, 0.745069, 0.918131, 0.758618]"
739,724,18,17:26; 33:56; 42:23; 89:17,17:26; 33:56; 42:23; 89:17,"[337.3, 543.851, 481.3, 554.015]","[0.651284, 0.76095, 0.92933, 0.775172]"
739,724,18,Regressing 2:209; 74:37; 75:13; 82:5,Regressing 2:209; 74:37; 75:13; 82:5,"[337.3, 554.015, 481.3, 564.179]","[0.651284, 0.775172, 0.92933, 0.789393]"
739,724,18,Regretting 5:52; 21:19; 48:25; 49:6,Regretting 5:52; 21:19; 48:25; 49:6,"[337.3, 564.179, 481.3, 574.343]","[0.651284, 0.789393, 0.92933, 0.803615]"
739,724,18,"Regulations, false 16:105; 22:30","Regulations, false 16:105; 22:30","[337.3, 574.343, 481.3, 584.507]","[0.651284, 0.803615, 0.92933, 0.817836]"
739,724,18,Rejecting (see also Disbelief),Rejecting (see also Disbelief),"[337.3, 584.507, 481.3, 594.672]","[0.651284, 0.817836, 0.92933, 0.832058]"
739,724,18,messengers 4:150; 5:70; 6:34;,messengers 4:150; 5:70; 6:34;,"[337.3, 594.672, 481.3, 604.836]","[0.651284, 0.832058, 0.92933, 0.846279]"
739,724,18,"16:113; 23:44,48,69; 54:9,14","16:113; 23:44,48,69; 54:9,14","[337.3, 604.836, 481.3, 615.0]","[0.651284, 0.846279, 0.92933, 0.860501]"
739,724,18,"revelations 2:39,91; 3:19,21,70,98;","revelations 2:39,91; 3:19,21,70,98;","[337.3, 615.0, 481.3, 625.164]","[0.651284, 0.860501, 0.92933, 0.874722]"
739,724,18,"4:46,56; 6:21,27,33,39,49,89,150;","4:46,56; 6:21,27,33,39,49,89,150;","[337.3, 625.164, 481.3, 635.328]","[0.651284, 0.874722, 0.92933, 0.888944]"
739,724,18,"7:36,40,147,176-177,182;10:95;11:17;","7:36,40,147,176-177,182;10:95;11:17;","[337.3, 635.328, 481.3, 645.492]","[0.651284, 0.888944, 0.92933, 0.903165]"
739,724,18,13:36; 16:55; 21:36; 27:84; 28:48;,13:36; 16:55; 21:36; 27:84; 28:48;,"[337.3, 645.492, 481.3, 655.656]","[0.651284, 0.903165, 0.92933, 0.917387]"
739,724,18,"39:63; 41:14,41; 43:24,30; 45:11;","39:63; 41:14,41; 43:24,30; 45:11;","[337.3, 655.656, 481.3, 665.82]","[0.651284, 0.917387, 0.92933, 0.931608]"
739,724,18,56:82; 62:5; 84:22; 90:19,56:82; 62:5; 84:22; 90:19,"[337.3, 665.82, 481.3, 675.985]","[0.651284, 0.931608, 0.92933, 0.94583]"
739,724,19,R,R,"[189.6, 554.852, 323.97, 565.417]","[0.366094, 0.776342, 0.625545, 0.791125]"
739,724,19,"Rabbis 5:44,63; 9:31; 46:10","Rabbis 5:44,63; 9:31; 46:10","[189.6, 565.417, 323.97, 575.982]","[0.366094, 0.791125, 0.625545, 0.805908]"
739,724,19,Racing for forgiveness 2:148; 3:133,Racing for forgiveness 2:148; 3:133,"[189.6, 575.982, 323.97, 586.547]","[0.366094, 0.805908, 0.625545, 0.82069]"
739,724,19,Rain 2:264-265; 4:102; 18:45; 24:43;,Rain 2:264-265; 4:102; 18:45; 24:43;,"[189.6, 586.547, 323.97, 597.113]","[0.366094, 0.82069, 0.625545, 0.835473]"
739,724,19,30:48; 31:34; 38:36; 42:28: 46:24;,30:48; 31:34; 38:36; 42:28: 46:24;,"[189.6, 597.113, 323.97, 607.678]","[0.366094, 0.835473, 0.625545, 0.850256]"
739,724,19,57:20; 71:11; 77:4,57:20; 71:11; 77:4,"[189.6, 607.678, 323.97, 618.243]","[0.366094, 0.850256, 0.625545, 0.865039]"
739,724,19,Ramadan 2:183-187; 89:2,Ramadan 2:183-187; 89:2,"[189.6, 618.243, 323.97, 628.809]","[0.366094, 0.865039, 0.625545, 0.879822]"
739,724,19,"Ranks 2:212,253;3:163;4:95-96;6:83,","Ranks 2:212,253;3:163;4:95-96;6:83,","[189.6, 628.809, 323.97, 639.374]","[0.366094, 0.879822, 0.625545, 0.894605]"
739,724,19,132; 8:4; 9:20; 10:2; 12:76; 17:79;,132; 8:4; 9:20; 10:2; 12:76; 17:79;,"[189.6, 639.374, 323.97, 649.939]","[0.366094, 0.894605, 0.625545, 0.909387]"
739,724,19,20:75; 25:75; 37:165; 40:15; 46:19;,20:75; 25:75; 37:165; 40:15; 46:19;,"[189.6, 649.939, 323.97, 660.504]","[0.366094, 0.909387, 0.625545, 0.92417]"
739,724,19,57:10; 58:11,57:10; 58:11,"[189.6, 660.504, 323.97, 671.07]","[0.366094, 0.92417, 0.625545, 0.938953]"
739,724,19,"Ransom 2:85,123; 3:91; 5:36; 6:70;","Ransom 2:85,123; 3:91; 5:36; 6:70;","[189.6, 671.07, 323.97, 681.635]","[0.366094, 0.938953, 0.625545, 0.953736]"
740,725,1,s,s,"[337.45, 12.128, 474.89, 23.529]","[0.651574, 0.01697, 0.916953, 0.032922]"
740,725,1,"Saalih 7:73-7; 11:61-8,89; 26:142;","Saalih 7:73-7; 11:61-8,89; 26:142;","[337.45, 23.529, 474.89, 34.931]","[0.651574, 0.032922, 0.916953, 0.048874]"
740,725,1,27:45-53; 91:11-5,27:45-53; 91:11-5,"[337.45, 34.931, 474.89, 46.332]","[0.651574, 0.048874, 0.916953, 0.064827]"
740,725,1,"Sabbath 2:65; 4:47,154; 7:163; 16:124","Sabbath 2:65; 4:47,154; 7:163; 16:124","[337.45, 46.332, 474.89, 57.733]","[0.651574, 0.064827, 0.916953, 0.080779]"
740,725,1,Sacred,Sacred,"[337.45, 57.733, 474.89, 69.134]","[0.651574, 0.080779, 0.916953, 0.096732]"
740,725,2,80; 72:17,80; 72:17,"[189.1, 17.685, 332.49, 27.61]","[0.365128, 0.024745, 0.641996, 0.038632]"
740,725,2,"here in this world 2:85,114; 7:4;","here in this world 2:85,114; 7:4;","[189.1, 27.61, 332.49, 37.535]","[0.365128, 0.038632, 0.641996, 0.052519]"
740,725,2,8:14; 18:87; 20:127; 27:5; 41:16;,8:14; 18:87; 20:127; 27:5; 41:16;,"[189.1, 37.535, 332.49, 47.46]","[0.365128, 0.052519, 0.641996, 0.066406]"
740,725,2,44:15; 52:47; 68:33; 89:13,44:15; 52:47; 68:33; 89:13,"[189.1, 47.46, 332.49, 57.385]","[0.365128, 0.066406, 0.641996, 0.080292]"
740,725,2,"inevitable 2:96,165; 3:11; 7:167;","inevitable 2:96,165; 3:11; 7:167;","[189.1, 57.385, 332.49, 67.31]","[0.365128, 0.080292, 0.641996, 0.094179]"
740,725,2,8:25; 13:6; 20:97; 40:3,8:25; 13:6; 20:97; 40:3,"[189.1, 67.31, 332.49, 77.235]","[0.365128, 0.094179, 0.641996, 0.108066]"
740,725,2,Revelations see Quran,Revelations see Quran,"[189.1, 77.235, 332.49, 87.16]","[0.365128, 0.108066, 0.641996, 0.121953]"
740,725,2,"Reverence, for God 2:40,74; 5:23,94;","Reverence, for God 2:40,74; 5:23,94;","[189.1, 87.16, 332.49, 97.085]","[0.365128, 0.121953, 0.641996, 0.13584]"
740,725,2,"7:56,154; 13:13,21; 14:14; 16:50-51;","7:56,154; 13:13,21; 14:14; 16:50-51;","[189.1, 97.085, 332.49, 107.01]","[0.365128, 0.13584, 0.641996, 0.149727]"
740,725,2,"17:59-60,109; 21:49,90; 31:33; 32:16;","17:59-60,109; 21:49,90; 31:33; 32:16;","[189.1, 107.01, 332.49, 116.935]","[0.365128, 0.149727, 0.641996, 0.163614]"
740,725,2,"35:18,28; 36:11; 39:16,20,23; 42:5;","35:18,28; 36:11; 39:16,20,23; 42:5;","[189.1, 116.935, 332.49, 126.86]","[0.365128, 0.163614, 0.641996, 0.177501]"
740,725,2,48:9; 50:45; 55:46; 59:21; 67:12;,48:9; 50:45; 55:46; 59:21; 67:12;,"[189.1, 126.86, 332.49, 136.785]","[0.365128, 0.177501, 0.641996, 0.191388]"
740,725,2,71:13; 76:7; 98:8,71:13; 76:7; 98:8,"[189.1, 136.785, 332.49, 146.71]","[0.365128, 0.191388, 0.641996, 0.205275]"
740,725,2,"Reverent 2:45; 20:3,44; 22:34; 23:2;","Reverent 2:45; 20:3,44; 22:34; 23:2;","[189.1, 146.71, 332.49, 156.635]","[0.365128, 0.205275, 0.641996, 0.219162]"
740,725,3,"Satan the rejected 3:36; 15:17,34;","Satan the rejected 3:36; 15:17,34;","[39.6, 18.251, 176.704, 27.929]","[0.076463, 0.025537, 0.341193, 0.039078]"
740,725,3,16:98; 38:77; 81:25,16:98; 38:77; 81:25,"[39.6, 27.929, 176.704, 37.607]","[0.076463, 0.039078, 0.341193, 0.052619]"
740,725,3,"Relationship 9:8,10; 23:57,101; 28:10;","Relationship 9:8,10; 23:57,101; 28:10;","[39.6, 37.607, 176.704, 47.285]","[0.076463, 0.052619, 0.341193, 0.066161]"
740,725,4,33:5; 37:158,33:5; 37:158,"[39.7, 48.601, 96.45, 58.093]","[0.076656, 0.068002, 0.186233, 0.081283]"
740,725,4,Relatives,Relatives,"[39.7, 58.093, 96.45, 67.585]","[0.076656, 0.081283, 0.186233, 0.094564]"
740,725,5,"charity to 2:177,215; 8:41; 59:7","charity to 2:177,215; 8:41; 59:7","[40.3, 69.401, 166.05, 79.086]","[0.077814, 0.097105, 0.320622, 0.110657]"
740,725,5,helping 24:22; 33:6,helping 24:22; 33:6,"[40.3, 79.086, 166.05, 88.772]","[0.077814, 0.110657, 0.320622, 0.124209]"
740,725,5,inheritance 2:180; 4:7-8,inheritance 2:180; 4:7-8,"[40.3, 88.772, 166.05, 98.457]","[0.077814, 0.124209, 0.320622, 0.137761]"
740,725,5,no help from 35:18; 60:3,no help from 35:18; 60:3,"[40.3, 98.457, 166.05, 108.143]","[0.077814, 0.137761, 0.320622, 0.151312]"
740,725,5,"regarding 4:1,36; 16:90; 17:26;","regarding 4:1,36; 16:90; 17:26;","[40.3, 108.143, 166.05, 117.828]","[0.077814, 0.151312, 0.320622, 0.164864]"
740,725,5,30:38; 42:23,30:38; 42:23,"[40.3, 117.828, 166.05, 127.514]","[0.077814, 0.164864, 0.320622, 0.178416]"
740,725,5,witnessing against 4:135; 6:152,witnessing against 4:135; 6:152,"[40.3, 127.514, 166.05, 137.199]","[0.077814, 0.178416, 0.320622, 0.191968]"
740,725,5,"Relief 6:17,41; 10:12,107; 16:54;","Relief 6:17,41; 10:12,107; 16:54;","[40.3, 137.199, 166.05, 146.885]","[0.077814, 0.191968, 0.320622, 0.20552]"
740,725,6,"months 2:194,217; 5:2,97; 9:5,36-7","months 2:194,217; 5:2,97; 9:5,36-7","[337.7, 71.051, 480.549, 81.274]","[0.652056, 0.099414, 0.92788, 0.113718]"
740,725,6,"mosque 2:144,149-50,191,196,217;","mosque 2:144,149-50,191,196,217;","[337.7, 81.274, 480.549, 91.497]","[0.652056, 0.113718, 0.92788, 0.128022]"
740,725,6,"5:2; 8:34; 9:7,19,28; 17:1; 22:25;","5:2; 8:34; 9:7,19,28; 17:1; 22:25;","[337.7, 91.497, 480.549, 101.721]","[0.652056, 0.128022, 0.92788, 0.142326]"
740,725,6,"48:25,27","48:25,27","[337.7, 101.721, 480.549, 111.944]","[0.652056, 0.142326, 0.92788, 0.15663]"
740,725,6,"Sacrifice 2:67,71,173,196; 5:3; 22:32-","Sacrifice 2:67,71,173,196; 5:3; 22:32-","[337.7, 111.944, 480.549, 122.167]","[0.652056, 0.15663, 0.92788, 0.170935]"
740,725,6,7; 27:21; 37:102,7; 27:21; 37:102,"[337.7, 122.167, 480.549, 132.39]","[0.652056, 0.170935, 0.92788, 0.185239]"
740,725,6,"Sacrileges 2:194,217","Sacrileges 2:194,217","[337.7, 132.39, 480.549, 142.613]","[0.652056, 0.185239, 0.92788, 0.199543]"
740,725,6,"Saddened 3:176;5:41,68;6:33;10:65;11:","Saddened 3:176;5:41,68;6:33;10:65;11:","[337.7, 142.613, 480.549, 152.837]","[0.652056, 0.199543, 0.92788, 0.213847]"
740,725,6,36;12:69;15:88;18:6;31:23;35:8;36:76,36;12:69;15:88;18:6;31:23;35:8;36:76,"[337.7, 152.837, 480.549, 163.06]","[0.652056, 0.213847, 0.92788, 0.228151]"
740,725,6,"Safety 3:97; 9:6; 15:46; 21:69; 28:25,","Safety 3:97; 9:6; 15:46; 21:69; 28:25,","[337.7, 163.06, 480.549, 173.283]","[0.652056, 0.228151, 0.92788, 0.242456]"
740,725,7,17:56; 30:33; 44:15; 53:58; 94:5-6,17:56; 30:33; 44:15; 53:58; 94:5-6,"[40.3, 148.701, 172.3, 158.293]","[0.077814, 0.208061, 0.33269, 0.221482]"
740,725,7,Religion (see also Creed),Religion (see also Creed),"[40.3, 158.293, 172.3, 167.885]","[0.077814, 0.221482, 0.33269, 0.234903]"
740,725,8,33:35; 79:26; 80:9; 87:10,33:35; 79:26; 80:9; 87:10,"[189.35, 158.401, 331.74, 168.383]","[0.365611, 0.221633, 0.640548, 0.235599]"
740,725,8,"Reversion 2:109,217; 3:100-101,106;","Reversion 2:109,217; 3:100-101,106;","[189.35, 168.383, 331.74, 178.365]","[0.365611, 0.235599, 0.640548, 0.249566]"
740,725,8,"5:54,95; 6:28; 7:88-89; 8:38; 9:66,74;","5:54,95; 6:28; 7:88-89; 8:38; 9:66,74;","[189.35, 178.365, 331.74, 188.347]","[0.365611, 0.249566, 0.640548, 0.263533]"
740,725,8,17:76; 21:65; 22:11; 31:32; 36:68;,17:76; 21:65; 22:11; 31:32; 36:68;,"[189.35, 188.347, 331.74, 198.329]","[0.365611, 0.263533, 0.640548, 0.277499]"
740,725,8,44:15; 48:25,44:15; 48:25,"[189.35, 198.329, 331.74, 208.311]","[0.365611, 0.277499, 0.640548, 0.291466]"
740,725,8,"Rewards, from God 2:261; 3:145,","Rewards, from God 2:261; 3:145,","[189.35, 208.311, 331.74, 218.292]","[0.365611, 0.291466, 0.640548, 0.305432]"
740,725,8,"148,195; 4:40; 5:85; 7:161; 8:28;","148,195; 4:40; 5:85; 7:161; 8:28;","[189.35, 218.292, 331.74, 228.274]","[0.365611, 0.305432, 0.640548, 0.319399]"
740,725,8,"9:22,88,121; 10:4,9,26; 12:56-57,88;","9:22,88,121; 10:4,9,26; 12:56-57,88;","[189.35, 228.274, 331.74, 238.256]","[0.365611, 0.319399, 0.640548, 0.333365]"
740,725,8,"16:31; 18:30-31; 19:76; 28:14,80;","16:31; 18:30-31; 19:76; 28:14,80;","[189.35, 238.256, 331.74, 248.238]","[0.365611, 0.333365, 0.640548, 0.347332]"
740,725,8,32:17; 33:8; 34:4; 37:105; 39:74;,32:17; 33:8; 34:4; 37:105; 39:74;,"[189.35, 248.238, 331.74, 258.22]","[0.365611, 0.347332, 0.640548, 0.361299]"
740,725,8,42:40; 47:36; 48:20,42:40; 47:36; 48:20,"[189.35, 258.22, 331.74, 268.202]","[0.365611, 0.361299, 0.640548, 0.375265]"
740,725,8,Ridiculing (see also Mocking),Ridiculing (see also Mocking),"[189.35, 268.202, 331.74, 278.184]","[0.365611, 0.375265, 0.640548, 0.389232]"
740,725,9,Abraham’s 2:130-135; 4:125;,Abraham’s 2:130-135; 4:125;,"[40.699, 169.735, 184.289, 179.783]","[0.078585, 0.237491, 0.355839, 0.251551]"
740,725,9,6:161; 16:123; 22:78,6:161; 16:123; 22:78,"[40.699, 179.783, 184.289, 189.832]","[0.078585, 0.251551, 0.355839, 0.26561]"
740,725,9,"falsehood in 5:77; 6:70,137,159;","falsehood in 5:77; 6:70,137,159;","[40.699, 189.832, 184.289, 199.88]","[0.078585, 0.26561, 0.355839, 0.27967]"
740,725,9,21:93; 30:32; 43:23; 49:16,21:93; 30:32; 43:23; 49:16,"[40.699, 199.88, 184.289, 209.928]","[0.078585, 0.27967, 0.355839, 0.293729]"
740,725,9,"fighting to practice 2:193; 8:39,72;","fighting to practice 2:193; 8:39,72;","[40.699, 209.928, 184.289, 219.977]","[0.078585, 0.293729, 0.355839, 0.307789]"
740,725,9,9:122; 60:8-9,9:122; 60:8-9,"[40.699, 219.977, 184.289, 230.025]","[0.078585, 0.307789, 0.355839, 0.321848]"
740,725,9,"Islam 3:19,85; 4:125; 5:3; 9:33,36;","Islam 3:19,85; 4:125; 5:3; 9:33,36;","[40.699, 230.025, 184.289, 240.073]","[0.078585, 0.321848, 0.355839, 0.335908]"
740,725,9,10:105; 12:40; 16:52; 21:92; 23:52;,10:105; 12:40; 16:52; 21:92; 23:52;,"[40.699, 240.073, 184.289, 250.122]","[0.078585, 0.335908, 0.355839, 0.349967]"
740,725,9,"24:55; 30:30,32,43; 42:13; 48:28;","24:55; 30:30,32,43; 42:13; 48:28;","[40.699, 250.122, 184.289, 260.17]","[0.078585, 0.349967, 0.355839, 0.364027]"
740,725,9,61:9; 98:5; 110:2,61:9; 98:5; 110:2,"[40.699, 260.17, 184.289, 270.218]","[0.078585, 0.364027, 0.355839, 0.378087]"
740,725,9,no compulsion in 2:256,no compulsion in 2:256,"[40.699, 270.218, 184.289, 280.267]","[0.078585, 0.378087, 0.355839, 0.392146]"
740,725,9,playing at 6:70; 7:51,playing at 6:70; 7:51,"[40.699, 280.267, 184.289, 290.315]","[0.078585, 0.392146, 0.355839, 0.406206]"
740,725,9,reverting from 5:54,reverting from 5:54,"[40.699, 290.315, 184.289, 300.363]","[0.078585, 0.406206, 0.355839, 0.420265]"
740,725,9,studying 9:122,studying 9:122,"[40.699, 300.363, 184.289, 310.412]","[0.078585, 0.420265, 0.355839, 0.434325]"
740,725,9,Remembrance 13:28; 38:32,Remembrance 13:28; 38:32,"[40.699, 310.412, 184.289, 320.46]","[0.078585, 0.434325, 0.355839, 0.448384]"
740,725,9,"Reminder 6:69; 11:120; 19:2; 21:2,84;","Reminder 6:69; 11:120; 19:2; 21:2,84;","[40.699, 320.46, 184.289, 330.508]","[0.078585, 0.448384, 0.355839, 0.462444]"
740,725,9,26:5; 39:21; 47:18; 51:55; 56:73;,26:5; 39:21; 47:18; 51:55; 56:73;,"[40.699, 330.508, 184.289, 340.557]","[0.078585, 0.462444, 0.355839, 0.476503]"
740,725,9,"69:48; 73:19; 74:31,49,54; 76:29;","69:48; 73:19; 74:31,49,54; 76:29;","[40.699, 340.557, 184.289, 350.605]","[0.078585, 0.476503, 0.355839, 0.490563]"
740,725,9,80:11; 87:9; 88:21,80:11; 87:9; 88:21,"[40.699, 350.605, 184.289, 360.653]","[0.078585, 0.490563, 0.355839, 0.504622]"
740,725,9,"Remitting, of sins 2:271; 3:193,195;","Remitting, of sins 2:271; 3:193,195;","[40.699, 360.653, 184.289, 370.702]","[0.078585, 0.504622, 0.355839, 0.518682]"
740,725,9,"4:31; 5:12,45,65; 8:29; 25:70; 29:7;","4:31; 5:12,45,65; 8:29; 25:70; 29:7;","[40.699, 370.702, 184.289, 380.75]","[0.078585, 0.518682, 0.355839, 0.532741]"
740,725,9,39:35; 47:2; 48:5; 64:9; 65:5; 66:8,39:35; 47:2; 48:5; 64:9; 65:5; 66:8,"[40.699, 380.75, 184.289, 390.798]","[0.078585, 0.532741, 0.355839, 0.546801]"
740,725,9,Remorse 5:31;9:118;10:54;17:29;84:11,Remorse 5:31;9:118;10:54;17:29;84:11,"[40.699, 390.798, 184.289, 400.847]","[0.078585, 0.546801, 0.355839, 0.56086]"
740,725,9,Repelling 2:217;4:60;8:36;9:9;10:88;,Repelling 2:217;4:60;8:36;9:9;10:88;,"[40.699, 400.847, 184.289, 410.895]","[0.078585, 0.56086, 0.355839, 0.57492]"
740,725,9,11:19;13:33;14:3;16:88;22:25;33:25;,11:19;13:33;14:3;16:88;22:25;33:25;,"[40.699, 410.895, 184.289, 420.943]","[0.078585, 0.57492, 0.355839, 0.588979]"
740,725,9,"43:62; 47:1,32,34; 58:16; 63:2","43:62; 47:1,32,34; 58:16; 63:2","[40.699, 420.943, 184.289, 430.992]","[0.078585, 0.588979, 0.355839, 0.603039]"
740,725,9,"Repentance 2:160,222,279; 3:89-90;","Repentance 2:160,222,279; 3:89-90;","[40.699, 430.992, 184.289, 441.04]","[0.078585, 0.603039, 0.355839, 0.617098]"
740,725,9,"4:16-18,92,146; 5:34,39,74; 6:54;","4:16-18,92,146; 5:34,39,74; 6:54;","[40.699, 441.04, 184.289, 451.089]","[0.078585, 0.617098, 0.355839, 0.631158]"
740,725,9,"7:154; 8:38,68; 9:104; 11:3,52,61,90;","7:154; 8:38,68; 9:104; 11:3,52,61,90;","[40.699, 451.089, 184.289, 461.137]","[0.078585, 0.631158, 0.355839, 0.645217]"
740,725,9,"16:119; 19:60; 20:82; 24:5,31; 25:70-","16:119; 19:60; 20:82; 24:5,31; 25:70-","[40.699, 461.137, 184.289, 471.185]","[0.078585, 0.645217, 0.355839, 0.659277]"
740,725,9,"71; 28:67 40:3,7; 42:25; 66:8; 85:10","71; 28:67 40:3,7; 42:25; 66:8; 85:10","[40.699, 471.185, 184.289, 481.234]","[0.078585, 0.659277, 0.355839, 0.673336]"
740,725,9,Reproduction 6:98; 25:54; 32:8;,Reproduction 6:98; 25:54; 32:8;,"[40.699, 481.234, 184.289, 491.282]","[0.078585, 0.673336, 0.355839, 0.687396]"
740,725,10,31; 29:67; 34:18; 44:55,31; 29:67; 34:18; 44:55,"[338.051, 175.101, 468.2, 185.566]","[0.652734, 0.244999, 0.904036, 0.259641]"
740,725,10,Saints 4:69; 5:75,Saints 4:69; 5:75,"[338.051, 185.566, 468.2, 196.031]","[0.652734, 0.259641, 0.904036, 0.274284]"
740,725,10,Salat see contact prayer,Salat see contact prayer,"[338.051, 196.031, 468.2, 206.495]","[0.652734, 0.274284, 0.904036, 0.288926]"
740,725,10,Salt 25:53; 35:12; 55:19,Salt 25:53; 35:12; 55:19,"[338.051, 206.495, 468.2, 216.96]","[0.652734, 0.288926, 0.904036, 0.303568]"
740,725,10,"Salvation 2:21,63,179,183,187; 4:95;","Salvation 2:21,63,179,183,187; 4:95;","[338.051, 216.96, 468.2, 227.425]","[0.652734, 0.303568, 0.904036, 0.31821]"
740,725,10,"6:51; 7:164,171; 19:51; 39:28;","6:51; 7:164,171; 19:51; 39:28;","[338.051, 227.425, 468.2, 237.89]","[0.652734, 0.31821, 0.904036, 0.332852]"
740,725,10,40:41; 80:3,40:41; 80:3,"[338.051, 237.89, 468.2, 248.354]","[0.652734, 0.332852, 0.904036, 0.347495]"
740,725,10,Samarian 20:85-97,Samarian 20:85-97,"[338.051, 248.354, 468.2, 258.819]","[0.652734, 0.347495, 0.904036, 0.362137]"
740,725,10,"Sanctifying 2:125,129,151,174,232;","Sanctifying 2:125,129,151,174,232;","[338.051, 258.819, 468.2, 269.284]","[0.652734, 0.362137, 0.904036, 0.376779]"
740,725,11,"3:42,77,164; 9:103; 62:2","3:42,77,164; 9:103; 62:2","[338.4, 271.001, 452.48, 281.145]","[0.653408, 0.379181, 0.873682, 0.393375]"
740,725,11,Sanctity 2:196; 19:13,Sanctity 2:196; 19:13,"[338.4, 281.145, 452.48, 291.29]","[0.653408, 0.393375, 0.873682, 0.407569]"
740,725,11,"Sanctuaiy 2:125; 3:37,39; 19:11;","Sanctuaiy 2:125; 3:37,39; 19:11;","[338.4, 291.29, 452.48, 301.434]","[0.653408, 0.407569, 0.873682, 0.421763]"
740,725,12,messenger & believers 2:212; 6:10;,messenger & believers 2:212; 6:10;,"[190.2, 279.851, 331.82, 289.992]","[0.367252, 0.391564, 0.640703, 0.405753]"
740,725,12,9:79; 13:32; 15:11; 21:41; 23:110;,9:79; 13:32; 15:11; 21:41; 23:110;,"[190.2, 289.992, 331.82, 300.132]","[0.367252, 0.405753, 0.640703, 0.419942]"
740,725,12,25:41; 36:30; 38:63; 68:51,25:41; 36:30; 38:63; 68:51,"[190.2, 300.132, 331.82, 310.273]","[0.367252, 0.419942, 0.640703, 0.43413]"
740,725,12,"religion 4:46,140; 5:57-58; 11:8;","religion 4:46,140; 5:57-58; 11:8;","[190.2, 310.273, 331.82, 320.414]","[0.367252, 0.43413, 0.640703, 0.448319]"
740,725,12,16:34; 30:10; 37:12; 39:48; 46:26,16:34; 30:10; 37:12; 39:48; 46:26,"[190.2, 320.414, 331.82, 330.554]","[0.367252, 0.448319, 0.640703, 0.462508]"
740,725,12,Righteous see Believers,Righteous see Believers,"[190.2, 330.554, 331.82, 340.695]","[0.367252, 0.462508, 0.640703, 0.476697]"
740,725,12,Righteous works see Works,Righteous works see Works,"[190.2, 340.695, 331.82, 350.836]","[0.367252, 0.476697, 0.640703, 0.490885]"
740,725,12,"Righteousness, advocating 3:104,110,","Righteousness, advocating 3:104,110,","[190.2, 350.836, 331.82, 360.976]","[0.367252, 0.490885, 0.640703, 0.505074]"
740,725,12,"114; 4:114; 9:71,112; 31:17; 96:12","114; 4:114; 9:71,112; 31:17; 96:12","[190.2, 360.976, 331.82, 371.117]","[0.367252, 0.505074, 0.640703, 0.519263]"
740,725,12,"described 2:177,197; 3:92; 7:26;","described 2:177,197; 3:92; 7:26;","[190.2, 371.117, 331.82, 381.258]","[0.367252, 0.519263, 0.640703, 0.533452]"
740,725,12,23:61; 40:40,23:61; 40:40,"[190.2, 381.258, 331.82, 391.398]","[0.367252, 0.533452, 0.640703, 0.54764]"
740,725,12,"enjoined 2:203,223,234; 5:2; 6:155;","enjoined 2:203,223,234; 5:2; 6:155;","[190.2, 391.398, 331.82, 401.539]","[0.367252, 0.54764, 0.640703, 0.561829]"
740,725,12,7:65; 8:1; 16:90; 20:113; 22:77;,7:65; 8:1; 16:90; 20:113; 22:77;,"[190.2, 401.539, 331.82, 411.68]","[0.367252, 0.561829, 0.640703, 0.576018]"
740,725,12,33:70; 34:11; 64:16; 65:10,33:70; 34:11; 64:16; 65:10,"[190.2, 411.68, 331.82, 421.82]","[0.367252, 0.576018, 0.640703, 0.590206]"
740,725,12,forbidding 9:67; 50:25,forbidding 9:67; 50:25,"[190.2, 421.82, 331.82, 431.961]","[0.367252, 0.590206, 0.640703, 0.604395]"
740,725,12,from God 6:158; 7:156; 21:73;,from God 6:158; 7:156; 21:73;,"[190.2, 431.961, 331.82, 442.102]","[0.367252, 0.604395, 0.640703, 0.618584]"
740,725,12,46:15; 47:17; 48:26,46:15; 47:17; 48:26,"[190.2, 442.102, 331.82, 452.243]","[0.367252, 0.618584, 0.640703, 0.632773]"
740,725,12,"loan 5:12; 57:11,18; 64:17; 73:20","loan 5:12; 57:11,18; 64:17; 73:20","[190.2, 452.243, 331.82, 462.383]","[0.367252, 0.632773, 0.640703, 0.646961]"
740,725,12,"protects 3:120,125","protects 3:120,125","[190.2, 462.383, 331.82, 472.524]","[0.367252, 0.646961, 0.640703, 0.66115]"
740,725,12,"rewarded 2:25; 3:15; 4:57,122,124;","rewarded 2:25; 3:15; 4:57,122,124;","[190.2, 472.524, 331.82, 482.665]","[0.367252, 0.66115, 0.640703, 0.675339]"
740,725,12,"5:9; 7:156; 12:57,90; 20:75,82; 21:94;","5:9; 7:156; 12:57,90; 20:75,82; 21:94;","[190.2, 482.665, 331.82, 492.805]","[0.367252, 0.675339, 0.640703, 0.689527]"
740,725,12,"22:14; 27:89; 28:80,84; 39:61;","22:14; 27:89; 28:80,84; 39:61;","[190.2, 492.805, 331.82, 502.946]","[0.367252, 0.689527, 0.640703, 0.703716]"
740,725,12,"41:30; 65:2,4; 99:7","41:30; 65:2,4; 99:7","[190.2, 502.946, 331.82, 513.087]","[0.367252, 0.703716, 0.640703, 0.717905]"
740,725,12,"Rivers 2:249; 6:6; 7:43; 10:9; 13:3,35;","Rivers 2:249; 6:6; 7:43; 10:9; 13:3,35;","[190.2, 513.087, 331.82, 523.227]","[0.367252, 0.717905, 0.640703, 0.732094]"
740,725,12,"14:32; 16:15,31; 17:91; 18:31,33,60;","14:32; 16:15,31; 17:91; 18:31,33,60;","[190.2, 523.227, 331.82, 533.368]","[0.367252, 0.732094, 0.640703, 0.746282]"
740,725,12,20:39;27:61;28:7;43:51;47:15;71:12,20:39;27:61;28:7;43:51;47:15;71:12,"[190.2, 533.368, 331.82, 543.509]","[0.367252, 0.746282, 0.640703, 0.760471]"
740,725,12,Roads 16:15;20:53;21:31;43:10;71:20,Roads 16:15;20:53;21:31;43:10;71:20,"[190.2, 543.509, 331.82, 553.649]","[0.367252, 0.760471, 0.640703, 0.77466]"
740,725,12,Robbery (see also Thief) 7:86; 29:29,Robbery (see also Thief) 7:86; 29:29,"[190.2, 553.649, 331.82, 563.79]","[0.367252, 0.77466, 0.640703, 0.788848]"
740,725,12,"Rocks 2:24,60,74,264; 7:160; 11:82-","Rocks 2:24,60,74,264; 7:160; 11:82-","[190.2, 563.79, 331.82, 573.931]","[0.367252, 0.788848, 0.640703, 0.803037]"
740,725,12,83; 15:74; 17:50; 18:63; 31:16;,83; 15:74; 17:50; 18:63; 31:16;,"[190.2, 573.931, 331.82, 584.071]","[0.367252, 0.803037, 0.640703, 0.817226]"
740,725,12,44:45; 54:34; 66:6; 89:9; 105:4,44:45; 54:34; 66:6; 89:9; 105:4,"[190.2, 584.071, 331.82, 594.212]","[0.367252, 0.817226, 0.640703, 0.831415]"
740,725,12,Romans 30:2,Romans 30:2,"[190.2, 594.212, 331.82, 604.353]","[0.367252, 0.831415, 0.640703, 0.845603]"
740,725,12,Ropes 3:103; 20:66; 26:44; 111:5,Ropes 3:103; 20:66; 26:44; 111:5,"[190.2, 604.353, 331.82, 614.493]","[0.367252, 0.845603, 0.640703, 0.859792]"
740,725,12,Ruins 22:45; 23:41; 27:52; 28:58;,Ruins 22:45; 23:41; 27:52; 28:58;,"[190.2, 614.493, 331.82, 624.634]","[0.367252, 0.859792, 0.640703, 0.873981]"
740,725,13,29:67; 38:21,29:67; 38:21,"[338.39, 303.285, 464.95, 313.329]","[0.653389, 0.424353, 0.89776, 0.438406]"
740,725,13,"Satan (see also devils, Iblis)","Satan (see also devils, Iblis)","[338.39, 313.329, 464.95, 323.372]","[0.653389, 0.438406, 0.89776, 0.452459]"
740,725,13,"do not follow 2:168,208; 6:142;","do not follow 2:168,208; 6:142;","[338.39, 323.372, 464.95, 333.416]","[0.653389, 0.452459, 0.89776, 0.466512]"
740,725,13,24:21; 34:20,24:21; 34:20,"[338.39, 333.416, 464.95, 343.46]","[0.653389, 0.466512, 0.89776, 0.480565]"
740,725,13,feud 2:34; 7:11-24; 15:2643;,feud 2:34; 7:11-24; 15:2643;,"[338.39, 343.46, 464.95, 353.503]","[0.653389, 0.480565, 0.89776, 0.494618]"
740,725,13,17:61-5; 18:50; 20:116; 38:69-85,17:61-5; 18:50; 20:116; 38:69-85,"[338.39, 353.503, 464.95, 363.547]","[0.653389, 0.494618, 0.89776, 0.50867]"
740,725,13,"Saul 2:247,249","Saul 2:247,249","[338.39, 363.547, 464.95, 373.59]","[0.653389, 0.50867, 0.89776, 0.522723]"
740,725,13,Saved,Saved,"[338.39, 373.59, 464.95, 383.634]","[0.653389, 0.522723, 0.89776, 0.536776]"
740,725,14,deserving to be 7:165; 8:42; 19:72;,deserving to be 7:165; 8:42; 19:72;,"[338.649, 385.101, 480.09, 394.938]","[0.653889, 0.538829, 0.926994, 0.552593]"
740,725,14,"20:80; 21:9; 26:89; 37:74,128,160:","20:80; 21:9; 26:89; 37:74,128,160:","[338.649, 394.938, 480.09, 404.775]","[0.653889, 0.552593, 0.926994, 0.566357]"
740,725,14,39:61; 41:18,39:61; 41:18,"[338.649, 404.775, 480.09, 414.612]","[0.653889, 0.566357, 0.926994, 0.580121]"
740,725,14,"His messengers 2:50;7:64,83; 10:73,","His messengers 2:50;7:64,83; 10:73,","[338.649, 414.612, 480.09, 424.449]","[0.653889, 0.580121, 0.926994, 0.593885]"
740,725,14,"103; 11:58,66,94; 15:59; 21:71,74,76,","103; 11:58,66,94; 15:59; 21:71,74,76,","[338.649, 424.449, 480.09, 434.287]","[0.653889, 0.593885, 0.926994, 0.607649]"
740,725,14,"88; 26:119,170; 27:53,57; 29:24;","88; 26:119,170; 27:53,57; 29:24;","[338.649, 434.287, 480.09, 444.124]","[0.653889, 0.607649, 0.926994, 0.621413]"
740,725,14,"37:76,134; 54:34","37:76,134; 54:34","[338.649, 444.124, 480.09, 453.961]","[0.653889, 0.621413, 0.926994, 0.635177]"
740,725,14,Scales 21:47; 26:182,Scales 21:47; 26:182,"[338.649, 453.961, 480.09, 463.798]","[0.653889, 0.635177, 0.926994, 0.648941]"
740,725,14,Schemes,Schemes,"[338.649, 463.798, 480.09, 473.635]","[0.653889, 0.648941, 0.926994, 0.662705]"
740,725,15,evil 2:102; 6:1234; 10:21; 11:55;,evil 2:102; 6:1234; 10:21; 11:55;,"[338.74, 475.101, 477.69, 485.063]","[0.654065, 0.664756, 0.922359, 0.678695]"
740,725,15,"12:52; 13:33; 14:46; 16:127;27:51,70;","12:52; 13:33; 14:46; 16:127;27:51,70;","[338.74, 485.063, 477.69, 495.025]","[0.654065, 0.678695, 0.922359, 0.692633]"
740,725,15,"35:10,43;40:25,37;52:46;71:22; 111:1","35:10,43;40:25,37;52:46;71:22; 111:1","[338.74, 495.025, 477.69, 504.987]","[0.654065, 0.692633, 0.922359, 0.706572]"
740,725,15,God’s 3:54; 7:183; 8:30; 10:21;,God’s 3:54; 7:183; 8:30; 10:21;,"[338.74, 504.987, 477.69, 514.949]","[0.654065, 0.706572, 0.922359, 0.720511]"
740,725,15,13:42; 27:50; 68:45; 86:15-6,13:42; 27:50; 68:45; 86:15-6,"[338.74, 514.949, 477.69, 524.911]","[0.654065, 0.720511, 0.922359, 0.734449]"
740,725,15,Scholars 26:197,Scholars 26:197,"[338.74, 524.911, 477.69, 534.873]","[0.654065, 0.734449, 0.922359, 0.748388]"
740,725,15,Scientific miracles 11:7; 21:30-3;,Scientific miracles 11:7; 21:30-3;,"[338.74, 534.873, 477.69, 544.835]","[0.654065, 0.748388, 0.922359, 0.762327]"
740,725,16,53:32; 81:4,53:32; 81:4,"[40.199, 493.485, 180.44, 503.525]","[0.077619, 0.690479, 0.348407, 0.704526]"
740,725,16,"Resentment 2:90,213; 3:19;4::54;","Resentment 2:90,213; 3:19;4::54;","[40.199, 503.525, 180.44, 513.564]","[0.077619, 0.704526, 0.348407, 0.718573]"
740,725,16,"5:59,64,68","5:59,64,68","[40.199, 513.564, 180.44, 523.603]","[0.077619, 0.718573, 0.348407, 0.73262]"
740,725,16,"Responsibility 2:134,139,225,233;","Responsibility 2:134,139,225,233;","[40.199, 523.603, 180.44, 533.643]","[0.077619, 0.73262, 0.348407, 0.746667]"
740,725,16,3:161; 5:89; 7:54; 11:35; 17:34;,3:161; 5:89; 7:54; 11:35; 17:34;,"[40.199, 533.643, 180.44, 543.682]","[0.077619, 0.746667, 0.348407, 0.760714]"
740,725,16,"24:11,54; 33:5,15,72; 34:25; 39:7;","24:11,54; 33:5,15,72; 34:25; 39:7;","[40.199, 543.682, 180.44, 553.722]","[0.077619, 0.760714, 0.348407, 0.774761]"
740,725,16,53:39; 65:8,53:39; 65:8,"[40.199, 553.722, 180.44, 563.761]","[0.077619, 0.774761, 0.348407, 0.788808]"
740,725,16,"Resurrection, see Day of","Resurrection, see Day of","[40.199, 563.761, 180.44, 573.801]","[0.077619, 0.788808, 0.348407, 0.802856]"
740,725,16,Retribution (see also Hell),Retribution (see also Hell),"[40.199, 573.801, 180.44, 583.84]","[0.077619, 0.802856, 0.348407, 0.816903]"
740,725,16,chosing 2:175; 26:6,chosing 2:175; 26:6,"[40.199, 583.84, 180.44, 593.88]","[0.077619, 0.816903, 0.348407, 0.83095]"
740,725,16,described 4:56; 6:70; 8:50; 10:4;,described 4:56; 6:70; 8:50; 10:4;,"[40.199, 593.88, 180.44, 603.919]","[0.077619, 0.83095, 0.348407, 0.844997]"
740,725,16,14:17; 15:50; 22:22; 40:49; 73:13;,14:17; 15:50; 22:22; 40:49; 73:13;,"[40.199, 603.919, 180.44, 613.959]","[0.077619, 0.844997, 0.348407, 0.859044]"
740,725,16,78:21-26,78:21-26,"[40.199, 613.959, 180.44, 623.998]","[0.077619, 0.859044, 0.348407, 0.873091]"
740,725,16,"deserving 2:10,104,166,178; 3:4,19,","deserving 2:10,104,166,178; 3:4,19,","[40.199, 623.998, 180.44, 634.038]","[0.077619, 0.873091, 0.348407, 0.887138]"
740,725,16,"77,105,177,182; 4:55,93,138; 6:49,","77,105,177,182; 4:55,93,138; 6:49,","[40.199, 634.038, 180.44, 644.077]","[0.077619, 0.887138, 0.348407, 0.901185]"
740,725,16,"124; 9:34,61; 15:90; 16:63,106;","124; 9:34,61; 15:90; 16:63,106;","[40.199, 644.077, 180.44, 654.117]","[0.077619, 0.901185, 0.348407, 0.915233]"
740,725,16,"17:8,16,63; 24:19,23; 29:23; 38:14,","17:8,16,63; 24:19,23; 29:23; 38:14,","[40.199, 654.117, 180.44, 664.156]","[0.077619, 0.915233, 0.348407, 0.92928]"
740,725,16,26; 42:42,26; 42:42,"[40.199, 664.156, 180.44, 674.196]","[0.077619, 0.92928, 0.348407, 0.943327]"
740,725,16,"eternal 2:86,162; 3:88; 4:14; 5:37,","eternal 2:86,162; 3:88; 4:14; 5:37,","[40.199, 674.196, 180.44, 684.235]","[0.077619, 0.943327, 0.348407, 0.957374]"
740,725,17,22:5; 23:14; 25:534,22:5; 23:14; 25:534,"[338.89, 546.601, 476.071, 556.603]","[0.654354, 0.764798, 0.919233, 0.778793]"
740,725,17,Scoffing 9:64; 15:95; 18:106; 21:36,Scoffing 9:64; 15:95; 18:106; 21:36,"[338.89, 556.603, 476.071, 566.605]","[0.654354, 0.778793, 0.919233, 0.792788]"
740,725,17,Scribe 2:282-3; 80:15,Scribe 2:282-3; 80:15,"[338.89, 566.605, 476.071, 576.608]","[0.654354, 0.792788, 0.919233, 0.806783]"
740,725,17,"Scripture 2:53,113; 22:8; 28:45; 34:44","Scripture 2:53,113; 22:8; 28:45; 34:44","[338.89, 576.608, 476.071, 586.61]","[0.654354, 0.806783, 0.919233, 0.820778]"
740,725,17,"disputed 2:79,85,89,101,174,213;","disputed 2:79,85,89,101,174,213;","[338.89, 586.61, 476.071, 596.612]","[0.654354, 0.820778, 0.919233, 0.834773]"
740,725,17,"3:19,23; 4:44,51; 5:41,44; 18:106;","3:19,23; 4:44,51; 5:41,44; 18:106;","[338.89, 596.612, 476.071, 606.615]","[0.654354, 0.834773, 0.919233, 0.848768]"
740,725,17,27:82; 35:40; 41:41; 43:21; 54:43,27:82; 35:40; 41:41; 43:21; 54:43,"[338.89, 606.615, 476.071, 616.617]","[0.654354, 0.848768, 0.919233, 0.862763]"
740,725,17,"given to Moses 2:53,8; 6:91,154-7;","given to Moses 2:53,8; 6:91,154-7;","[338.89, 616.617, 476.071, 626.619]","[0.654354, 0.862763, 0.919233, 0.876758]"
740,725,17,11:110; 17:2; 23:49; 25:35; 28:43;,11:110; 17:2; 23:49; 25:35; 28:43;,"[338.89, 626.619, 476.071, 636.621]","[0.654354, 0.876758, 0.919233, 0.890753]"
740,725,17,32:23; 41:45; 46:12,32:23; 41:45; 46:12,"[338.89, 636.621, 476.071, 646.624]","[0.654354, 0.890753, 0.919233, 0.904748]"
740,725,17,given to Aaron 21:48; 37:117,given to Aaron 21:48; 37:117,"[338.89, 646.624, 476.071, 656.626]","[0.654354, 0.904748, 0.919233, 0.918743]"
740,725,17,"infallible 2:2;5:15;6:38;7:2,52;11:1;","infallible 2:2;5:15;6:38;7:2,52;11:1;","[338.89, 656.626, 476.071, 666.628]","[0.654354, 0.918743, 0.919233, 0.932738]"
740,725,17,"12:1;13:1,43;14:1;15:1;16:89;18:1;","12:1;13:1,43;14:1;15:1;16:89;18:1;","[338.89, 666.628, 476.071, 676.63]","[0.654354, 0.932738, 0.919233, 0.946733]"
740,725,17,19:97; 26:2; 27:1; 28:2; 32:2; 35:31;,19:97; 26:2; 27:1; 28:2; 32:2; 35:31;,"[338.89, 676.63, 476.071, 686.633]","[0.654354, 0.946733, 0.919233, 0.960729]"
740,725,18,"29:35,38; 32:26; 37:137","29:35,38; 32:26; 37:137","[190.69, 626.551, 329.24, 635.842]","[0.368198, 0.876663, 0.635721, 0.889664]"
740,725,18,"Rule 2:255;12:56,80;13:41;16:76;27:23","Rule 2:255;12:56,80;13:41;16:76;27:23","[190.69, 635.842, 329.24, 645.134]","[0.368198, 0.889664, 0.635721, 0.902664]"
740,725,19,"Ruler, God is 12:80","Ruler, God is 12:80","[190.69, 649.35, 319.29, 659.511]","[0.368198, 0.908563, 0.616509, 0.92278]"
740,725,19,Rules (see also Laws) 2:220; 13:41,Rules (see also Laws) 2:220; 13:41,"[190.69, 659.511, 319.29, 669.672]","[0.368198, 0.92278, 0.616509, 0.936997]"
740,725,19,Rumors 4:83; 49:6,Rumors 4:83; 49:6,"[190.69, 669.672, 319.29, 679.833]","[0.368198, 0.936997, 0.616509, 0.951215]"
741,726,1,"37:117;38:29;39:1 -2,23;40:2;42:17,52;","37:117;38:29;39:1 -2,23;40:2;42:17,52;","[40.171, 16.601, 186.541, 26.476]","[0.077565, 0.023228, 0.360187, 0.037045]"
741,726,1,43:2; 44:2; 45:2; 62:2; 80:13,43:2; 44:2; 45:2; 62:2; 80:13,"[40.171, 26.476, 186.541, 36.352]","[0.077565, 0.037045, 0.360187, 0.050863]"
741,726,1,"messengers and 2:129; 3:81,184;","messengers and 2:129; 3:81,184;","[40.171, 36.352, 186.541, 46.227]","[0.077565, 0.050863, 0.360187, 0.064681]"
741,726,1,"4:54,154; 5:110; 19:30; 29:27;","4:54,154; 5:110; 19:30; 29:27;","[40.171, 46.227, 186.541, 56.103]","[0.077565, 0.064681, 0.360187, 0.078498]"
741,726,1,"35:25,32; 57:25-6; 98:2","35:25,32; 57:25-6; 98:2","[40.171, 56.103, 186.541, 65.978]","[0.077565, 0.078498, 0.360187, 0.092316]"
741,726,1,"previous 2:97,105,109,113,121,144-6;","previous 2:97,105,109,113,121,144-6;","[40.171, 65.978, 186.541, 75.854]","[0.077565, 0.092316, 0.360187, 0.106133]"
741,726,1,"3:3,20,23,48,69,186,199;4:46,131,153;","3:3,20,23,48,69,186,199;4:46,131,153;","[40.171, 75.854, 186.541, 85.729]","[0.077565, 0.106133, 0.360187, 0.119951]"
741,726,1,"5:13,48,69;6:20,92,114;9:29; 10:37;","5:13,48,69;6:20,92,114;9:29; 10:37;","[40.171, 85.729, 186.541, 95.604]","[0.077565, 0.119951, 0.360187, 0.133769]"
741,726,1,12:111; 26:196; 28:52; 29:47; 42:14;,12:111; 26:196; 28:52; 29:47; 42:14;,"[40.171, 95.604, 186.541, 105.48]","[0.077565, 0.133769, 0.360187, 0.147586]"
741,726,1,46:12; 57:16; 74:31; 87:18; 98:1,46:12; 57:16; 74:31; 87:18; 98:1,"[40.171, 105.48, 186.541, 115.355]","[0.077565, 0.147586, 0.360187, 0.161404]"
741,726,1,"uphold 2:177,231,285;3:113;4:140;","uphold 2:177,231,285;3:113;4:140;","[40.171, 115.355, 186.541, 125.231]","[0.077565, 0.161404, 0.360187, 0.175221]"
741,726,1,7:169-70; 13:36; 29:45; 35:29; 42:15,7:169-70; 13:36; 29:45; 35:29; 42:15,"[40.171, 125.231, 186.541, 135.106]","[0.077565, 0.175221, 0.360187, 0.189039]"
741,726,1,"Sea (see also ocean, seas)","Sea (see also ocean, seas)","[40.171, 135.106, 186.541, 144.982]","[0.077565, 0.189039, 0.360187, 0.202857]"
741,726,2,"15:40,42; 17:65; 25:63; 34:9; 35:28;","15:40,42; 17:65; 25:63; 34:9; 35:28;","[189.6, 17.401, 329.25, 27.242]","[0.366094, 0.024347, 0.63574, 0.038117]"
741,726,2,"37:40,74,128; 38:83; 72:19","37:40,74,128; 38:83; 72:19","[189.6, 27.242, 329.25, 37.083]","[0.366094, 0.038117, 0.63574, 0.051886]"
741,726,2,"God’s chosen 17:1,3; 18:65;19:2,30;","God’s chosen 17:1,3; 18:65;19:2,30;","[189.6, 37.083, 329.25, 46.924]","[0.366094, 0.051886, 0.63574, 0.065656]"
741,726,2,"20:77; 26:52; 27:15; 37:81,111,122;","20:77; 26:52; 27:15; 37:81,111,122;","[189.6, 46.924, 329.25, 56.765]","[0.366094, 0.065656, 0.63574, 0.079425]"
741,726,2,"38:17,30,41-4; 43:59; 54:9","38:17,30,41-4; 43:59; 54:9","[189.6, 56.765, 329.25, 66.606]","[0.366094, 0.079425, 0.63574, 0.093195]"
741,726,2,idolizing 7:194; 18:102; 21:26;,idolizing 7:194; 18:102; 21:26;,"[189.6, 66.606, 329.25, 76.447]","[0.366094, 0.093195, 0.63574, 0.106964]"
741,726,2,"25:17; 43:15,19","25:17; 43:15,19","[189.6, 76.447, 329.25, 86.288]","[0.366094, 0.106964, 0.63574, 0.120734]"
741,726,2,promises to 15:49; 16:2; 19:61;,promises to 15:49; 16:2; 19:61;,"[189.6, 86.288, 329.25, 96.13]","[0.366094, 0.120734, 0.63574, 0.134503]"
741,726,2,"21:105; 27:19,59; 29:56; 39:10,53;","21:105; 27:19,59; 29:56; 39:10,53;","[189.6, 96.13, 329.25, 105.971]","[0.366094, 0.134503, 0.63574, 0.148273]"
741,726,2,"40:15; 42:19,23; 43:68; 89:29","40:15; 42:19,23; 43:68; 89:29","[189.6, 105.971, 329.25, 115.812]","[0.366094, 0.148273, 0.63574, 0.162042]"
741,726,2,revelation to 2:23; 8:41; 18:1; 25:1;,revelation to 2:23; 8:41; 18:1; 25:1;,"[189.6, 115.812, 329.25, 125.653]","[0.366094, 0.162042, 0.63574, 0.175812]"
741,726,2,35:32; 37:171; 40:15; 53:10; 57:9,35:32; 37:171; 40:15; 53:10; 57:9,"[189.6, 125.653, 329.25, 135.494]","[0.366094, 0.175812, 0.63574, 0.189581]"
741,726,2,"Service 13:2; 14:32-3; 16:12,14; 21:82;","Service 13:2; 14:32-3; 16:12,14; 21:82;","[189.6, 135.494, 329.25, 145.335]","[0.366094, 0.189581, 0.63574, 0.203351]"
741,726,3,Sick 24:61; 26:80; 4:103; 6:81; 7:46;,Sick 24:61; 26:80; 4:103; 6:81; 7:46;,"[338.5, 17.801, 475.05, 27.572]","[0.653601, 0.024907, 0.917262, 0.038578]"
741,726,3,9:35; 19:73; 20:80; 22:19; 28:30;,9:35; 19:73; 20:80; 22:19; 28:30;,"[338.5, 27.572, 475.05, 37.343]","[0.653601, 0.038578, 0.917262, 0.05225]"
741,726,3,"34:24; 37:8,28; 55:64; 56:27; 57:13","34:24; 37:8,28; 55:64; 56:27; 57:13","[338.5, 37.343, 475.05, 47.114]","[0.653601, 0.05225, 0.917262, 0.065921]"
741,726,3,Sight 10:31,Sight 10:31,"[338.5, 47.114, 475.05, 56.885]","[0.653601, 0.065921, 0.917262, 0.079593]"
741,726,4,"of God 2:217,282; 3:19; 8:22,55;","of God 2:217,282; 3:19; 8:22,55;","[338.39, 58.601, 468.19, 68.229]","[0.653389, 0.081994, 0.904016, 0.095465]"
741,726,4,"9:19; 24:13,15; 33:5,69; 61:3","9:19; 24:13,15; 33:5,69; 61:3","[338.39, 68.229, 468.19, 77.856]","[0.653389, 0.095465, 0.904016, 0.108936]"
741,726,4,Signs,Signs,"[338.39, 77.856, 468.19, 87.484]","[0.653389, 0.108936, 0.904016, 0.122407]"
741,726,5,"convincing 2:118,164; 3:49; 10:6;","convincing 2:118,164; 3:49; 10:6;","[337.45, 89.301, 476.7, 99.329]","[0.651574, 0.124949, 0.920448, 0.13898]"
741,726,5,13:3; 16:79; 27:93; 40:13; 42:33,13:3; 16:79; 27:93; 40:13; 42:33,"[337.45, 99.329, 476.7, 109.357]","[0.651574, 0.13898, 0.920448, 0.153011]"
741,726,5,"disbelieved 3:184; 6:4,57; 7:101;","disbelieved 3:184; 6:4,57; 7:101;","[337.45, 109.357, 476.7, 119.385]","[0.651574, 0.153011, 0.920448, 0.167043]"
741,726,5,"10:13,92; 30:9,47; 35:25; 54:2,42","10:13,92; 30:9,47; 35:25; 54:2,42","[337.45, 119.385, 476.7, 129.413]","[0.651574, 0.167043, 0.920448, 0.181074]"
741,726,5,"messengers’ 2:87; 3:41; 7:73,133;","messengers’ 2:87; 3:41; 7:73,133;","[337.45, 129.413, 476.7, 139.442]","[0.651574, 0.181074, 0.920448, 0.195105]"
741,726,5,10:92; 11:64; 12:24; 19:10; 21:91;,10:92; 11:64; 12:24; 19:10; 21:91;,"[337.45, 139.442, 476.7, 149.47]","[0.651574, 0.195105, 0.920448, 0.209136]"
741,726,5,29:39; 40:34,29:39; 40:34,"[337.45, 149.47, 476.7, 159.498]","[0.651574, 0.209136, 0.920448, 0.223167]"
741,726,5,"of nature 3:190; 6:95-9; 10:5-6,67;","of nature 3:190; 6:95-9; 10:5-6,67;","[337.45, 159.498, 476.7, 169.526]","[0.651574, 0.223167, 0.920448, 0.237199]"
741,726,5,13:2-4; 14:324; 17:12; 21:30-3;,13:2-4; 14:324; 17:12; 21:30-3;,"[337.45, 169.526, 476.7, 179.554]","[0.651574, 0.237199, 0.920448, 0.25123]"
741,726,5,"25:61-2; 30:20-5; 31:10,31; 35:11-3;","25:61-2; 30:20-5; 31:10,31; 35:11-3;","[337.45, 179.554, 476.7, 189.582]","[0.651574, 0.25123, 0.920448, 0.265261]"
741,726,5,"36:33-44; 40:13; 41:37,39; 42:29;","36:33-44; 40:13; 41:37,39; 42:29;","[337.45, 189.582, 476.7, 199.61]","[0.651574, 0.265261, 0.920448, 0.279292]"
741,726,5,45:3-5; 50:6-11; 51:20; 55:5-7;,45:3-5; 50:6-11; 51:20; 55:5-7;,"[337.45, 199.61, 476.7, 209.638]","[0.651574, 0.279292, 0.920448, 0.293323]"
741,726,5,57:4-6; 78:6-16; 79:27-33,57:4-6; 78:6-16; 79:27-33,"[337.45, 209.638, 476.7, 219.666]","[0.651574, 0.293323, 0.920448, 0.307355]"
741,726,5,Silk 18:31; 22:23; 35:33; 44:53; 55:54;,Silk 18:31; 22:23; 35:33; 44:53; 55:54;,"[337.45, 219.666, 476.7, 229.694]","[0.651574, 0.307355, 0.920448, 0.321386]"
741,726,5,"76:12,21","76:12,21","[337.45, 229.694, 476.7, 239.723]","[0.651574, 0.321386, 0.920448, 0.335417]"
741,726,5,Silver 3:14; 9:34; 18:19; 43:33;,Silver 3:14; 9:34; 18:19; 43:33;,"[337.45, 239.723, 476.7, 249.751]","[0.651574, 0.335417, 0.920448, 0.349448]"
741,726,5,"76:15-16,21","76:15-16,21","[337.45, 249.751, 476.7, 259.779]","[0.651574, 0.349448, 0.920448, 0.36348]"
741,726,5,Sinai 2:63;4:154;23:20;28:29;52:1;95:2,Sinai 2:63;4:154;23:20;28:29;52:1;95:2,"[337.45, 259.779, 476.7, 269.807]","[0.651574, 0.36348, 0.920448, 0.377511]"
741,726,5,"Sincere 9:434,119; 10:22; 29:65;","Sincere 9:434,119; 10:22; 29:65;","[337.45, 269.807, 476.7, 279.835]","[0.651574, 0.377511, 0.920448, 0.391542]"
741,726,6,"land and 6:59,63,97; 10:22; 17:70;","land and 6:59,63,97; 10:22; 17:70;","[40.291, 146.801, 180.781, 156.724]","[0.077797, 0.205402, 0.349065, 0.219287]"
741,726,6,27:63; 30:41,27:63; 30:41,"[40.291, 156.724, 180.781, 166.648]","[0.077797, 0.219287, 0.349065, 0.233171]"
741,726,6,Moses 2:50; 6:97; 10:90; 20:77-8;,Moses 2:50; 6:97; 10:90; 20:77-8;,"[40.291, 166.648, 180.781, 176.571]","[0.077797, 0.233171, 0.349065, 0.247056]"
741,726,6,26:63; 28:40; 44:24; 51:40,26:63; 28:40; 44:24; 51:40,"[40.291, 176.571, 180.781, 186.494]","[0.077797, 0.247056, 0.349065, 0.260941]"
741,726,6,ships on 2:164; 10:22; 14:32; 17:66;,ships on 2:164; 10:22; 14:32; 17:66;,"[40.291, 186.494, 180.781, 196.417]","[0.077797, 0.260941, 0.349065, 0.274825]"
741,726,6,22:65; 31:31; 42:32; 45:12; 55:24,22:65; 31:31; 42:32; 45:12; 55:24,"[40.291, 196.417, 180.781, 206.341]","[0.077797, 0.274825, 0.349065, 0.28871]"
741,726,6,"Seals, the heart 2:7; 4:155; 6:46;","Seals, the heart 2:7; 4:155; 6:46;","[40.291, 206.341, 180.781, 216.264]","[0.077797, 0.28871, 0.349065, 0.302594]"
741,726,6,"7:100-1; 9:87; 10:74,88; 16:108;","7:100-1; 9:87; 10:74,88; 16:108;","[40.291, 216.264, 180.781, 226.187]","[0.077797, 0.302594, 0.349065, 0.316479]"
741,726,6,30:59; 40:35; 47:16; 63:3,30:59; 40:35; 47:16; 63:3,"[40.291, 226.187, 180.781, 236.111]","[0.077797, 0.316479, 0.349065, 0.330363]"
741,726,6,"Seas (see also ocean, sea) 24:40;","Seas (see also ocean, sea) 24:40;","[40.291, 236.111, 180.781, 246.034]","[0.077797, 0.330363, 0.349065, 0.344248]"
741,726,7,"22:65; 31:20; 38:18,38; 43:32; 74:7","22:65; 31:20; 38:18,38; 43:32; 74:7","[189.49, 147.151, 329.95, 157.313]","[0.365881, 0.205892, 0.637092, 0.22011]"
741,726,7,"Seven 2:196,261; 12:43-8; 15:44,87;","Seven 2:196,261; 12:43-8; 15:44,87;","[189.49, 157.313, 329.95, 167.475]","[0.365881, 0.22011, 0.637092, 0.234329]"
741,726,7,17:44; 18:22; 69:7,17:44; 18:22; 69:7,"[189.49, 167.475, 329.95, 177.637]","[0.365881, 0.234329, 0.637092, 0.248547]"
741,726,7,"heavens (universes) 2:29; 23:17,86;","heavens (universes) 2:29; 23:17,86;","[189.49, 177.637, 329.95, 187.798]","[0.365881, 0.248547, 0.637092, 0.262765]"
741,726,7,41:12; 65:12; 67:3; 71:15; 78:12,41:12; 65:12; 67:3; 71:15; 78:12,"[189.49, 187.798, 329.95, 197.96]","[0.365881, 0.262765, 0.637092, 0.276984]"
741,726,7,Seventy 7:155; 9:80; 69:32,Seventy 7:155; 9:80; 69:32,"[189.49, 197.96, 329.95, 208.122]","[0.365881, 0.276984, 0.637092, 0.291202]"
741,726,7,"Sex 2:197; 4:23,43; 5:6; 7:81; 23:6;","Sex 2:197; 4:23,43; 5:6; 7:81; 23:6;","[189.49, 208.122, 329.95, 218.284]","[0.365881, 0.291202, 0.637092, 0.30542]"
741,726,8,26:165; 27:55; 29:29,26:165; 27:55; 29:29,"[189.35, 220.001, 325.39, 230.48]","[0.365611, 0.307823, 0.628287, 0.322485]"
741,726,8,Shackles 14:49; 40:71; 76:4,Shackles 14:49; 40:71; 76:4,"[189.35, 230.48, 325.39, 240.959]","[0.365611, 0.322485, 0.628287, 0.337147]"
741,726,8,Shade 2:57; 4:57; 7:160; 13:35; 16:81;,Shade 2:57; 4:57; 7:160; 13:35; 16:81;,"[189.35, 240.959, 325.39, 251.438]","[0.365611, 0.337147, 0.628287, 0.351809]"
741,726,8,"28:24; 35:21; 36:56; 56:30,43;","28:24; 35:21; 36:56; 56:30,43;","[189.35, 251.438, 325.39, 261.917]","[0.365611, 0.351809, 0.628287, 0.366471]"
741,726,8,"76:14; 77:30,41","76:14; 77:30,41","[189.35, 261.917, 325.39, 272.396]","[0.365611, 0.366471, 0.628287, 0.381133]"
741,726,8,Shadows 13:15; 16:48; 25:45,Shadows 13:15; 16:48; 25:45,"[189.35, 272.396, 325.39, 282.875]","[0.365611, 0.381133, 0.628287, 0.395795]"
741,726,8,Shaken 2:214; 33:11; 56:4; 73:14,Shaken 2:214; 33:11; 56:4; 73:14,"[189.35, 282.875, 325.39, 293.354]","[0.365611, 0.395795, 0.628287, 0.410458]"
741,726,8,Share,Share,"[189.35, 293.354, 325.39, 303.833]","[0.365611, 0.410458, 0.628287, 0.42512]"
741,726,9,25:53; 27:61; 35:12,25:53; 27:61; 35:12,"[40.549, 247.701, 174.549, 258.109]","[0.078295, 0.34658, 0.337032, 0.361143]"
741,726,9,Season 14:25; 56:33,Season 14:25; 56:33,"[40.549, 258.109, 174.549, 268.517]","[0.078295, 0.361143, 0.337032, 0.375707]"
741,726,9,"Second 2:230; 6:28; 17:7,104; 26:203","Second 2:230; 6:28; 17:7,104; 26:203","[40.549, 268.517, 174.549, 278.926]","[0.078295, 0.375707, 0.337032, 0.39027]"
741,726,9,"Secretly 2:235,271; 7:55,205; 13:22;","Secretly 2:235,271; 7:55,205; 13:22;","[40.549, 278.926, 174.549, 289.334]","[0.078295, 0.39027, 0.337032, 0.404833]"
741,726,10,31:32; 49:17; 60:10; 66:8,31:32; 49:17; 60:10; 66:8,"[337.301, 281.651, 473.549, 291.367]","[0.651286, 0.394083, 0.914364, 0.407678]"
741,726,10,"Sinfulness 2:85,188; 3:178; 5:62; 7:33;","Sinfulness 2:85,188; 3:178; 5:62; 7:33;","[337.301, 291.367, 473.549, 301.084]","[0.651286, 0.407678, 0.914364, 0.421273]"
741,726,11,14:31; 16:75; 58:7,14:31; 16:75; 58:7,"[40.55, 291.151, 117.2, 300.793]","[0.078297, 0.407375, 0.226298, 0.420866]"
741,726,11,Secrets,Secrets,"[40.55, 300.793, 117.2, 310.435]","[0.078297, 0.420866, 0.226298, 0.434357]"
741,726,12,17:60; 49:12; 58:8; 96:16,17:60; 49:12; 58:8; 96:16,"[336.95, 302.901, 474.7, 313.056]","[0.650608, 0.423816, 0.916586, 0.438025]"
741,726,12,Sink 18:41; 67:30,Sink 18:41; 67:30,"[336.95, 313.056, 474.7, 323.212]","[0.650608, 0.438025, 0.916586, 0.452234]"
741,726,12,"Sinners 2:35,145; 5:29,106; 11:52,116;","Sinners 2:35,145; 5:29,106; 11:52,116;","[336.95, 323.212, 474.7, 333.367]","[0.650608, 0.452234, 0.916586, 0.466444]"
741,726,12,23:7; 28:8; 30:55; 37:34; 40:58;,23:7; 28:8; 30:55; 37:34; 40:58;,"[336.95, 333.367, 474.7, 343.523]","[0.650608, 0.466444, 0.916586, 0.480653]"
741,726,12,53:53; 68:12; 69:37,53:53; 68:12; 69:37,"[336.95, 343.523, 474.7, 353.678]","[0.650608, 0.480653, 0.916586, 0.494863]"
741,726,12,Sins (see also Offenses),Sins (see also Offenses),"[336.95, 353.678, 474.7, 363.834]","[0.650608, 0.494863, 0.916586, 0.509072]"
741,726,13,"estates 4:7-8,33,176","estates 4:7-8,33,176","[188.739, 305.651, 332.7, 316.263]","[0.364431, 0.427663, 0.642402, 0.442512]"
741,726,13,"hereafter 2:102,200;3:77,176; 11:109;","hereafter 2:102,200;3:77,176; 11:109;","[188.739, 316.263, 332.7, 326.876]","[0.364431, 0.442512, 0.642402, 0.457361]"
741,726,13,18:26; 35:40; 42:20,18:26; 35:40; 42:20,"[188.739, 326.876, 332.7, 337.488]","[0.364431, 0.457361, 0.642402, 0.472209]"
741,726,13,this life 4:85;7:37;9:69;28:77;43:32,this life 4:85;7:37;9:69;28:77;43:32,"[188.739, 337.488, 332.7, 348.1]","[0.364431, 0.472209, 0.642402, 0.487058]"
741,726,13,Satan’s 4:118,Satan’s 4:118,"[188.739, 348.1, 332.7, 358.713]","[0.364431, 0.487058, 0.642402, 0.501906]"
741,726,13,Sharpened 75:7,Sharpened 75:7,"[188.739, 358.713, 332.7, 369.325]","[0.364431, 0.501906, 0.642402, 0.516755]"
741,726,13,Shatter 13:31; 19:90; 42:5; 69:16; 82:1,Shatter 13:31; 19:90; 42:5; 69:16; 82:1,"[188.739, 369.325, 332.7, 379.937]","[0.364431, 0.516755, 0.642402, 0.531604]"
741,726,13,Sheaths 6:99; 41:47; 55:11,Sheaths 6:99; 41:47; 55:11,"[188.739, 379.937, 332.7, 390.549]","[0.364431, 0.531604, 0.642402, 0.546452]"
741,726,13,Sheba 27:22-44; 34:15,Sheba 27:22-44; 34:15,"[188.739, 390.549, 332.7, 401.162]","[0.364431, 0.546452, 0.642402, 0.561301]"
741,726,13,"Sheep 6:143,146; 20:18; 21:78; 38:23-4","Sheep 6:143,146; 20:18; 21:78; 38:23-4","[188.739, 401.162, 332.7, 411.774]","[0.364431, 0.561301, 0.642402, 0.57615]"
741,726,13,Shelter 16:81; 23:50; 93:6,Shelter 16:81; 23:50; 93:6,"[188.739, 411.774, 332.7, 422.386]","[0.364431, 0.57615, 0.642402, 0.590998]"
741,726,13,Shield 2:88;4:155;6:110;15:12-5;83:14,Shield 2:88;4:155;6:110;15:12-5;83:14,"[188.739, 422.386, 332.7, 432.999]","[0.364431, 0.590998, 0.642402, 0.605847]"
741,726,13,Shields 6:25; 17:46; 18:57; 21:80,Shields 6:25; 17:46; 18:57; 21:80,"[188.739, 432.999, 332.7, 443.611]","[0.364431, 0.605847, 0.642402, 0.620695]"
741,726,13,Shines 18:17; 74:34,Shines 18:17; 74:34,"[188.739, 443.611, 332.7, 454.223]","[0.364431, 0.620695, 0.642402, 0.635544]"
741,726,13,Ships 2:164; 10:22; 14:32; 16:14; 17:66;,Ships 2:164; 10:22; 14:32; 16:14; 17:66;,"[188.739, 454.223, 332.7, 464.836]","[0.364431, 0.635544, 0.642402, 0.650393]"
741,726,13,"18:71,79; 22:65; 23:22; 29:65; 30:46;","18:71,79; 22:65; 23:22; 29:65; 30:46;","[188.739, 464.836, 332.7, 475.448]","[0.364431, 0.650393, 0.642402, 0.665241]"
741,726,13,31:31; 35:12; 37:140; 40:80; 42:32;,31:31; 35:12; 37:140; 40:80; 42:32;,"[188.739, 475.448, 332.7, 486.06]","[0.364431, 0.665241, 0.642402, 0.68009]"
741,726,13,43:12; 45:12; 55:24,43:12; 45:12; 55:24,"[188.739, 486.06, 332.7, 496.672]","[0.364431, 0.68009, 0.642402, 0.694938]"
741,726,13,"Shirt 12:18,25-8,93,96","Shirt 12:18,25-8,93,96","[188.739, 496.672, 332.7, 507.285]","[0.364431, 0.694938, 0.642402, 0.709787]"
741,726,13,Shocker 69:4; 101:1-3,Shocker 69:4; 101:1-3,"[188.739, 507.285, 332.7, 517.897]","[0.364431, 0.709787, 0.642402, 0.724636]"
741,726,13,Shoes 20:12,Shoes 20:12,"[188.739, 517.897, 332.7, 528.509]","[0.364431, 0.724636, 0.642402, 0.739484]"
741,726,13,Shore 7:163; 17:67-8; 29:65; 31:32,Shore 7:163; 17:67-8; 29:65; 31:32,"[188.739, 528.509, 332.7, 539.122]","[0.364431, 0.739484, 0.642402, 0.754333]"
741,726,13,Shower,Shower,"[188.739, 539.122, 332.7, 549.734]","[0.364431, 0.754333, 0.642402, 0.769182]"
741,726,14,"God, knower of 2:53; 5:109,116;","God, knower of 2:53; 5:109,116;","[40.549, 312.401, 171.1, 322.073]","[0.078295, 0.437108, 0.330373, 0.450641]"
741,726,14,"6:73; 8:43; 9:78,105; 13:9; 18:26;","6:73; 8:43; 9:78,105; 13:9; 18:26;","[40.549, 322.073, 171.1, 331.745]","[0.078295, 0.450641, 0.330373, 0.464174]"
741,726,14,23:92; 34:3; 35:38; 39:46; 49:18;,23:92; 34:3; 35:38; 39:46; 49:18;,"[40.549, 331.745, 171.1, 341.417]","[0.078295, 0.464174, 0.330373, 0.477707]"
741,726,14,59:22; 62:8; 66:3; 86:9; 100:10,59:22; 62:8; 66:3; 86:9; 100:10,"[40.549, 341.417, 171.1, 351.09]","[0.078295, 0.477707, 0.330373, 0.491241]"
741,726,14,"Quran 10:39; 74:1,30","Quran 10:39; 74:1,30","[40.549, 351.09, 171.1, 360.762]","[0.078295, 0.491241, 0.330373, 0.504774]"
741,726,14,Sects 3:102-6; 6:159; 10:19; 11:118;,Sects 3:102-6; 6:159; 10:19; 11:118;,"[40.549, 360.762, 171.1, 370.434]","[0.078295, 0.504774, 0.330373, 0.518307]"
741,726,15,"forgiveness of 2:58,271; 3:16,135,","forgiveness of 2:58,271; 3:16,135,","[336.6, 365.551, 480.1, 375.253]","[0.649932, 0.511475, 0.927013, 0.52505]"
741,726,15,"193; 4:17,30,110; 5:12,45; 6:54;","193; 4:17,30,110; 5:12,45; 6:54;","[336.6, 375.253, 480.1, 384.956]","[0.649932, 0.52505, 0.927013, 0.538626]"
741,726,15,"7:153,161; 8:29; 16:119; 20:73;","7:153,161; 8:29; 16:119; 20:73;","[336.6, 384.956, 480.1, 394.658]","[0.649932, 0.538626, 0.927013, 0.552201]"
741,726,15,25:70; 29:7; 33:71; 39:53; 40:3;,25:70; 29:7; 33:71; 39:53; 40:3;,"[336.6, 394.658, 480.1, 404.361]","[0.649932, 0.552201, 0.927013, 0.565777]"
741,726,15,42:25; 46:16; 47:2; 48:2; 61:12;,42:25; 46:16; 47:2; 48:2; 61:12;,"[336.6, 404.361, 480.1, 414.063]","[0.649932, 0.565777, 0.927013, 0.579352]"
741,726,15,65:5; 71:4,65:5; 71:4,"[336.6, 414.063, 480.1, 423.766]","[0.649932, 0.579352, 0.927013, 0.592928]"
741,726,15,"gross 4:30,50,112; 6:151; 33:30,58","gross 4:30,50,112; 6:151; 33:30,58","[336.6, 423.766, 480.1, 433.468]","[0.649932, 0.592928, 0.927013, 0.606503]"
741,726,15,"punishment 2:81,286;3:11;4:18;5:49,","punishment 2:81,286;3:11;4:18;5:49,","[336.6, 433.468, 480.1, 443.17]","[0.649932, 0.606503, 0.927013, 0.620079]"
741,726,15,"95; 6:31,120,160; 7:100; 8:52;","95; 6:31,120,160; 7:100; 8:52;","[336.6, 443.17, 480.1, 452.873]","[0.649932, 0.620079, 0.927013, 0.633654]"
741,726,15,10:27; 16:25; 24:11; 25:58; 29:40;,10:27; 16:25; 24:11; 25:58; 29:40;,"[336.6, 452.873, 480.1, 462.575]","[0.649932, 0.633654, 0.927013, 0.64723]"
741,726,15,"40:21,40; 44:37; 91:14","40:21,40; 44:37; 91:14","[336.6, 462.575, 480.1, 472.278]","[0.649932, 0.64723, 0.927013, 0.660805]"
741,726,15,responsible for 24:11;25:58;29:12;,responsible for 24:11;25:58;29:12;,"[336.6, 472.278, 480.1, 481.98]","[0.649932, 0.660805, 0.927013, 0.674381]"
741,726,15,34:25; 39:7; 83:14,34:25; 39:7; 83:14,"[336.6, 481.98, 480.1, 491.682]","[0.649932, 0.674381, 0.927013, 0.687957]"
741,726,15,"Sisters 4:11-2,23,176; 19:28; 20:40;","Sisters 4:11-2,23,176; 19:28; 20:40;","[336.6, 491.682, 480.1, 501.385]","[0.649932, 0.687957, 0.927013, 0.701532]"
741,726,16,21:92-3; 23:53; 30:32; 42:8,21:92-3; 23:53; 30:32; 42:8,"[40.45, 372.001, 167.24, 382.323]","[0.078104, 0.5205, 0.322919, 0.534942]"
741,726,16,Security 4:83; 6:81-2; 9:26; 16:112;,Security 4:83; 6:81-2; 9:26; 16:112;,"[40.45, 382.323, 167.24, 392.645]","[0.078104, 0.534942, 0.322919, 0.549385]"
741,726,16,24:55; 106:4,24:55; 106:4,"[40.45, 392.645, 167.24, 402.967]","[0.078104, 0.549385, 0.322919, 0.563828]"
741,726,16,"Sedentary 9:46,81,83,86-7,93","Sedentary 9:46,81,83,86-7,93","[40.45, 402.967, 167.24, 413.29]","[0.078104, 0.563828, 0.322919, 0.57827]"
741,726,16,"Seduction 12:23-32,51","Seduction 12:23-32,51","[40.45, 413.29, 167.24, 423.612]","[0.078104, 0.57827, 0.322919, 0.592713]"
741,726,16,"Seed 2:261; 4:53; 6:59,95; 21:47;","Seed 2:261; 4:53; 6:59,95; 21:47;","[40.45, 423.612, 167.24, 433.934]","[0.078104, 0.592713, 0.322919, 0.607156]"
741,726,17,31:16; 35:13,31:16; 35:13,"[40.45, 435.535, 171.3, 445.585]","[0.078104, 0.609396, 0.330759, 0.623457]"
741,726,17,"Seekers 3:145,152; 5:2; 6:52; 13:22;","Seekers 3:145,152; 5:2; 6:52; 13:22;","[40.45, 445.585, 171.3, 455.635]","[0.078104, 0.623457, 0.330759, 0.637519]"
741,726,17,18:28; 22:73; 28:77; 29:48; 30:39;,18:28; 22:73; 28:77; 29:48; 30:39;,"[40.45, 455.635, 171.3, 465.684]","[0.078104, 0.637519, 0.330759, 0.65158]"
741,726,17,39:9; 42:20; 48:29; 92:20,39:9; 42:20; 48:29; 92:20,"[40.45, 465.684, 171.3, 475.734]","[0.078104, 0.65158, 0.330759, 0.665642]"
741,726,17,"Seer, blind vs 6:50; 13:16; 20:125;","Seer, blind vs 6:50; 13:16; 20:125;","[40.45, 475.734, 171.3, 485.784]","[0.078104, 0.665642, 0.330759, 0.679703]"
741,726,18,35:19; 40:58,35:19; 40:58,"[40.1, 487.485, 183.3, 497.673]","[0.077428, 0.682084, 0.353929, 0.696339]"
741,726,18,"God sees eveiything 2:110,233;","God sees eveiything 2:110,233;","[40.1, 497.673, 183.3, 507.862]","[0.077428, 0.696339, 0.353929, 0.710594]"
741,726,18,"3:156,163; 11:112; 33:9;40:44; 48:24;","3:156,163; 11:112; 33:9;40:44; 48:24;","[40.1, 507.862, 183.3, 518.05]","[0.077428, 0.710594, 0.353929, 0.72485]"
741,726,18,49:18; 57:4; 60:3; 64:2; 96:14,49:18; 57:4; 60:3; 64:2; 96:14,"[40.1, 518.05, 183.3, 528.239]","[0.077428, 0.72485, 0.353929, 0.739105]"
741,726,18,"God seer of servants 3:15,20;","God seer of servants 3:15,20;","[40.1, 528.239, 183.3, 538.427]","[0.077428, 0.739105, 0.353929, 0.753361]"
741,726,18,"17:17; 26:218; 35:31,45; 42:27","17:17; 26:218; 35:31,45; 42:27","[40.1, 538.427, 183.3, 548.615]","[0.077428, 0.753361, 0.353929, 0.767616]"
741,726,18,"hearer and 4:58,134; 17:1; 18:26;","hearer and 4:58,134; 17:1; 18:26;","[40.1, 548.615, 183.3, 558.804]","[0.077428, 0.767616, 0.353929, 0.781872]"
741,726,18,"22:61,75; 31:28; 40:20,56; 42:11","22:61,75; 31:28; 40:20,56; 42:11","[40.1, 558.804, 183.3, 568.992]","[0.077428, 0.781872, 0.353929, 0.796127]"
741,726,18,Self 12:53; 65:1,Self 12:53; 65:1,"[40.1, 568.992, 183.3, 579.18]","[0.077428, 0.796127, 0.353929, 0.810383]"
741,726,18,Self-radiating 24:35,Self-radiating 24:35,"[40.1, 579.18, 183.3, 589.369]","[0.077428, 0.810383, 0.353929, 0.824638]"
741,726,18,Selfishness 4:128,Selfishness 4:128,"[40.1, 589.369, 183.3, 599.557]","[0.077428, 0.824638, 0.353929, 0.838894]"
741,726,18,Semen 53:46; 56:58; 75:37,Semen 53:46; 56:58; 75:37,"[40.1, 599.557, 183.3, 609.746]","[0.077428, 0.838894, 0.353929, 0.853149]"
741,726,18,"Sense 3:52; 8:22; 9:26; 10:31,100;","Sense 3:52; 8:22; 9:26; 10:31,100;","[40.1, 609.746, 183.3, 619.934]","[0.077428, 0.853149, 0.353929, 0.867405]"
741,726,19,"24:31,61; 28:12; 33:55","24:31,61; 28:12; 33:55","[336.591, 503.201, 450.799, 512.718]","[0.649915, 0.704073, 0.870436, 0.717389]"
741,726,19,Six 7:54; 10:3; 11:7; 25:59; 32:4;,Six 7:54; 10:3; 11:7; 25:59; 32:4;,"[336.591, 512.718, 450.799, 522.235]","[0.649915, 0.717389, 0.870436, 0.730705]"
741,726,20,50:38; 57:4,50:38; 57:4,"[336.5, 523.951, 471.7, 534.471]","[0.649739, 0.733106, 0.910794, 0.747826]"
741,726,20,Sixth 18:22; 58:7,Sixth 18:22; 58:7,"[336.5, 534.471, 471.7, 544.991]","[0.649739, 0.747826, 0.910794, 0.762546]"
741,726,20,Sixty 58:4,Sixty 58:4,"[336.5, 544.991, 471.7, 555.512]","[0.649739, 0.762546, 0.910794, 0.777266]"
741,726,20,Skin 4:56; 22:20; 39:23; 41:20-2,Skin 4:56; 22:20; 39:23; 41:20-2,"[336.5, 555.512, 471.7, 566.032]","[0.649739, 0.777266, 0.910794, 0.791985]"
741,726,20,Sky 15:16; 21:32; 22:65; 25:61; 40:64;,Sky 15:16; 21:32; 22:65; 25:61; 40:64;,"[336.5, 566.032, 471.7, 576.552]","[0.649739, 0.791985, 0.910794, 0.806705]"
741,726,20,41:11;50:6;51:7;55:37;73:18;81:11;,41:11;50:6;51:7;55:37;73:18;81:11;,"[336.5, 576.552, 471.7, 587.072]","[0.649739, 0.806705, 0.910794, 0.821425]"
741,726,20,82:1; 84:1; 85:1; 86:1; 88:18; 91:5,82:1; 84:1; 85:1; 86:1; 88:18; 91:5,"[336.5, 587.072, 471.7, 597.593]","[0.649739, 0.821425, 0.910794, 0.836145]"
741,726,20,Slanderer 24:23; 104:1,Slanderer 24:23; 104:1,"[336.5, 597.593, 471.7, 608.113]","[0.649739, 0.836145, 0.910794, 0.850865]"
741,726,20,Slaughtering 2:49; 7:77; 11:65; 14:6;,Slaughtering 2:49; 7:77; 11:65; 14:6;,"[336.5, 608.113, 471.7, 618.633]","[0.649739, 0.850865, 0.910794, 0.865584]"
741,726,21,miserable 7:84; 8:32; 11:82; 15:74;,miserable 7:84; 8:32; 11:82; 15:74;,"[188.659, 551.301, 325.05, 560.949]","[0.364277, 0.771374, 0.627631, 0.784873]"
741,726,21,25:40; 26:173; 27:58; 51:33; 105:4,25:40; 26:173; 27:58; 51:33; 105:4,"[188.659, 560.949, 325.05, 570.596]","[0.364277, 0.784873, 0.627631, 0.798372]"
741,726,21,"with mercy 2:286; 3:8,74; 4:173;","with mercy 2:286; 3:8,74; 4:173;","[188.659, 570.596, 325.05, 580.244]","[0.364277, 0.798372, 0.627631, 0.811871]"
741,726,21,6:16; 9:71; 17:54; 18:16; 19:96;,6:16; 9:71; 17:54; 18:16; 19:96;,"[188.659, 580.244, 325.05, 589.892]","[0.364277, 0.811871, 0.627631, 0.82537]"
741,726,21,"20:39; 24:20,38; 30:46; 31:20;","20:39; 24:20,38; 30:46; 31:20;","[188.659, 589.892, 325.05, 599.54]","[0.364277, 0.82537, 0.627631, 0.838869]"
741,726,21,"33:43; 35:2,30; 52:27; 65:11","33:43; 35:2,30; 52:27; 65:11","[188.659, 599.54, 325.05, 609.187]","[0.364277, 0.838869, 0.627631, 0.852368]"
741,726,21,"Shrine 2:125,127,198; 3:96-7; 5:2;","Shrine 2:125,127,198; 3:96-7; 5:2;","[188.659, 609.187, 325.05, 618.835]","[0.364277, 0.852368, 0.627631, 0.865867]"
741,726,22,26:157; 28:4; 54:29; 91:14,26:157; 28:4; 54:29; 91:14,"[336.49, 620.201, 441.19, 629.718]","[0.64972, 0.867778, 0.851883, 0.881094]"
741,726,22,Slaves,Slaves,"[336.49, 629.718, 441.19, 639.235]","[0.64972, 0.881094, 0.851883, 0.89441]"
741,726,23,"8:35; 11:73; 14:37; 22:26,29,33;","8:35; 11:73; 14:37; 22:26,29,33;","[188.49, 620.585, 317.0, 630.793]","[0.363951, 0.868315, 0.612087, 0.882599]"
741,726,23,28:57; 33:33; 52:4; 106:3,28:57; 33:33; 52:4; 106:3,"[188.49, 630.793, 317.0, 641.002]","[0.363951, 0.882599, 0.612087, 0.896882]"
741,726,23,Shrink 39:45,Shrink 39:45,"[188.49, 641.002, 317.0, 651.21]","[0.363951, 0.896882, 0.612087, 0.911166]"
741,726,23,Shu’aib 7:85-92; ll:84-94;26:176-7;,Shu’aib 7:85-92; ll:84-94;26:176-7;,"[188.49, 651.21, 317.0, 661.418]","[0.363951, 0.911166, 0.612087, 0.925449]"
741,726,23,29:36,29:36,"[188.49, 661.418, 317.0, 671.627]","[0.363951, 0.925449, 0.612087, 0.939732]"
741,726,23,Siblings 6:87; 9:23^1; 58:22; 70:12,Siblings 6:87; 9:23^1; 58:22; 70:12,"[188.49, 671.627, 317.0, 681.835]","[0.363951, 0.939732, 0.612087, 0.954016]"
741,726,24,21:65; 54:3,21:65; 54:3,"[39.94, 621.535, 163.99, 631.96]","[0.077119, 0.869645, 0.316644, 0.884231]"
741,726,24,Separates 8:37; 41:5; 55:19; 57:13,Separates 8:37; 41:5; 55:19; 57:13,"[39.94, 631.96, 163.99, 642.385]","[0.077119, 0.884231, 0.316644, 0.898817]"
741,726,24,Serpent 7:107; 20:20; 26:32,Serpent 7:107; 20:20; 26:32,"[39.94, 642.385, 163.99, 652.809]","[0.077119, 0.898817, 0.316644, 0.913403]"
741,726,24,"Servant 4:36; 16:71; 24:31-2,58;","Servant 4:36; 16:71; 24:31-2,58;","[39.94, 652.809, 163.99, 663.234]","[0.077119, 0.913403, 0.316644, 0.927989]"
741,726,25,"freeing 2:177; 4:25,92; 5:89; 9:60;","freeing 2:177; 4:25,92; 5:89; 9:60;","[336.35, 641.051, 469.89, 650.772]","[0.64945, 0.896951, 0.907299, 0.910553]"
741,726,25,24:33; 58:3-4; 90:13,24:33; 58:3-4; 90:13,"[336.35, 650.772, 469.89, 660.493]","[0.64945, 0.910553, 0.907299, 0.924154]"
741,726,25,of God 4:172; 19:93,of God 4:172; 19:93,"[336.35, 660.493, 469.89, 670.214]","[0.64945, 0.924154, 0.907299, 0.937756]"
741,726,25,"Slaying 2:85,91; 3:21,183; 40:25","Slaying 2:85,91; 3:21,183; 40:25","[336.35, 670.214, 469.89, 679.935]","[0.64945, 0.937756, 0.907299, 0.951357]"
741,726,26,30:28; 33:55; 52:24; 56:17; 76:19,30:28; 33:55; 52:24; 56:17; 76:19,"[50.99, 665.051, 175.558, 673.993]","[0.098455, 0.930532, 0.338981, 0.943043]"
741,726,26,"devoted 2:186;3:15,20;9:104;12:24;","devoted 2:186;3:15,20;9:104;12:24;","[50.99, 673.993, 175.558, 682.935]","[0.098455, 0.943043, 0.338981, 0.955555]"
742,727,1,Stabilizers (see also mountains),Stabilizers (see also mountains),"[191.75, 16.735, 309.67, 24.735]","[0.370245, 0.023415, 0.597934, 0.034609]"
742,727,2,Stumped 2:258; 7:119; 67:4,Stumped 2:258; 7:119; 67:4,"[340.2, 17.201, 477.55, 27.53]","[0.656884, 0.024067, 0.922089, 0.03852]"
742,727,2,"Stunned 6:44; 23:77; 28:66; 30:12,43","Stunned 6:44; 23:77; 28:66; 30:12,43","[340.2, 27.53, 477.55, 37.859]","[0.656884, 0.03852, 0.922089, 0.052973]"
742,727,2,Subdued 24:30-1; 29:61; 31:29; 34:12;,Subdued 24:30-1; 29:61; 31:29; 34:12;,"[340.2, 37.859, 477.55, 48.189]","[0.656884, 0.052973, 0.922089, 0.067425]"
742,727,2,"35:13; 36:72; 38:18,36; 39:5; 43:13;","35:13; 36:72; 38:18,36; 39:5; 43:13;","[340.2, 48.189, 477.55, 58.518]","[0.656884, 0.067425, 0.922089, 0.081878]"
742,727,2,45:12; 67:15,45:12; 67:15,"[340.2, 58.518, 477.55, 68.847]","[0.656884, 0.081878, 0.922089, 0.09633]"
742,727,2,"Subjugated 21:79,81-2; 27:17; 36:75;","Subjugated 21:79,81-2; 27:17; 36:75;","[340.2, 68.847, 477.55, 79.177]","[0.656884, 0.09633, 0.922089, 0.110783]"
742,727,2,38:37; 45:13,38:37; 45:13,"[340.2, 79.177, 477.55, 89.506]","[0.656884, 0.110783, 0.922089, 0.125235]"
742,727,2,"Submission 3:19,85; 5:3; 16:48,87;","Submission 3:19,85; 5:3; 16:48,87;","[340.2, 89.506, 477.55, 99.835]","[0.656884, 0.125235, 0.922089, 0.139688]"
742,727,3,Sleep 6:60; 7:97; 16:46; 25:47; 30:23;,Sleep 6:60; 7:97; 16:46; 25:47; 30:23;,"[42.25, 17.235, 175.338, 25.235]","[0.081579, 0.024115, 0.338556, 0.035309]"
742,727,4,13:3; 15:19; 16:15; 21:31; 27:61;,13:3; 15:19; 16:15; 21:31; 27:61;,"[191.75, 26.401, 318.2, 36.129]","[0.370245, 0.03694, 0.614404, 0.050551]"
742,727,4,31:10; 41:10; 50:7; 77:27; 78:7,31:10; 41:10; 50:7; 77:27; 78:7,"[191.75, 36.129, 318.2, 45.857]","[0.370245, 0.050551, 0.614404, 0.064163]"
742,727,4,"Staff 2:60; 7:107,117,160; 20:18;","Staff 2:60; 7:107,117,160; 20:18;","[191.75, 45.857, 318.2, 55.585]","[0.370245, 0.064163, 0.614404, 0.077774]"
742,727,5,39:42; 51:17; 78:9,39:42; 51:17; 78:9,"[42.351, 26.651, 161.47, 37.468]","[0.081774, 0.03729, 0.311778, 0.052424]"
742,727,5,"Slope 28:29,44,46","Slope 28:29,44,46","[42.351, 37.468, 161.47, 48.284]","[0.081774, 0.052424, 0.311778, 0.067559]"
742,727,5,Slumber 2:255; 3:154; 8:11,Slumber 2:255; 3:154; 8:11,"[42.351, 48.284, 161.47, 59.101]","[0.081774, 0.067559, 0.311778, 0.082693]"
742,727,5,Smoke 44:10,Smoke 44:10,"[42.351, 59.101, 161.47, 69.918]","[0.081774, 0.082693, 0.311778, 0.097828]"
742,727,5,Sneak 15:18; 24:63; 72:9; 114:4,Sneak 15:18; 24:63; 72:9; 114:4,"[42.351, 69.918, 161.47, 80.734]","[0.081774, 0.097828, 0.311778, 0.112962]"
742,727,5,Snow 24:43,Snow 24:43,"[42.351, 80.734, 161.47, 91.551]","[0.081774, 0.112962, 0.311778, 0.128097]"
742,727,5,Society 29:29; 37:8; 38:69,Society 29:29; 37:8; 38:69,"[42.351, 91.551, 161.47, 102.367]","[0.081774, 0.128097, 0.311778, 0.143231]"
742,727,5,Sodom 9:70; 15:51; 25:40; 29:31;,Sodom 9:70; 15:51; 25:40; 29:31;,"[42.351, 102.367, 161.47, 113.184]","[0.081774, 0.143231, 0.311778, 0.158366]"
742,727,6,"26:32,45,63; 27:10; 28:31; 34:14","26:32,45,63; 27:10; 28:31; 34:14","[191.74, 57.401, 330.1, 67.903]","[0.370226, 0.080315, 0.637382, 0.095009]"
742,727,6,Stages 36:39; 39:6; 71:14; 76:2; 84:19,Stages 36:39; 39:6; 71:14; 76:2; 84:19,"[191.74, 67.903, 330.1, 78.405]","[0.370226, 0.095009, 0.637382, 0.109704]"
742,727,6,Standing 3:191; 4:103; 10:12; 11:100;,Standing 3:191; 4:103; 10:12; 11:100;,"[191.74, 78.405, 330.1, 88.908]","[0.370226, 0.109704, 0.637382, 0.124398]"
742,727,6,23:2; 25:64,23:2; 25:64,"[191.74, 88.908, 330.1, 99.41]","[0.370226, 0.124398, 0.637382, 0.139093]"
742,727,6,"Stars 6:97; 7:54; 16:12,16; 22:18;","Stars 6:97; 7:54; 16:12,16; 22:18;","[191.74, 99.41, 330.1, 109.912]","[0.370226, 0.139093, 0.637382, 0.153788]"
742,727,6,"24:35; 37:88; 52:49; 53:1,49; 55:6;","24:35; 37:88; 52:49; 53:1,49; 55:6;","[191.74, 109.912, 330.1, 120.414]","[0.370226, 0.153788, 0.637382, 0.168482]"
742,727,6,"56:75; 77:8; 81:2,15; 86:3","56:75; 77:8; 81:2,15; 86:3","[191.74, 120.414, 330.1, 130.916]","[0.370226, 0.168482, 0.637382, 0.183177]"
742,727,6,"State 4:97; 9:84; 16:28,32; 18:35","State 4:97; 9:84; 16:28,32; 18:35","[191.74, 130.916, 330.1, 141.419]","[0.370226, 0.183177, 0.637382, 0.197871]"
742,727,6,Statement 27:19; 37:154,Statement 27:19; 37:154,"[191.74, 141.419, 330.1, 151.921]","[0.370226, 0.197871, 0.637382, 0.212566]"
742,727,6,Stations 34:18,Stations 34:18,"[191.74, 151.921, 330.1, 162.423]","[0.370226, 0.212566, 0.637382, 0.22726]"
742,727,6,"Statues 6:74; 21:52,57; 26:71; 34:13","Statues 6:74; 21:52,57; 26:71; 34:13","[191.74, 162.423, 330.1, 172.925]","[0.370226, 0.22726, 0.637382, 0.241955]"
742,727,6,"Statutes (see also laws) 2:53,185,213;","Statutes (see also laws) 2:53,185,213;","[191.74, 172.925, 330.1, 183.427]","[0.370226, 0.241955, 0.637382, 0.256649]"
742,727,6,"3:4; 4:13,60,176; 5:45-50; 13:37;","3:4; 4:13,60,176; 5:45-50; 13:37;","[191.74, 183.427, 330.1, 193.93]","[0.370226, 0.256649, 0.637382, 0.271344]"
742,727,6,21:48; 25:1,21:48; 25:1,"[191.74, 193.93, 330.1, 204.432]","[0.370226, 0.271344, 0.637382, 0.286039]"
742,727,6,Steadfastness,Steadfastness,"[191.74, 204.432, 330.1, 214.934]","[0.370226, 0.286039, 0.637382, 0.300733]"
742,727,7,27:87; 33:22; 39:8; 41:49,27:87; 33:22; 39:8; 41:49,"[340.3, 101.551, 476.95, 111.577]","[0.657077, 0.142089, 0.920931, 0.156117]"
742,727,7,Submitters (see also Muslims),Submitters (see also Muslims),"[340.3, 111.577, 476.95, 121.603]","[0.657077, 0.156117, 0.920931, 0.170145]"
742,727,7,"2:128,131-3,208; 3:20,52,64,102;","2:128,131-3,208; 3:20,52,64,102;","[340.3, 121.603, 476.95, 131.629]","[0.657077, 0.170145, 0.920931, 0.184174]"
742,727,7,"6:14,71,163; 7:126; 11:88; 16:120;","6:14,71,163; 7:126; 11:88; 16:120;","[340.3, 131.629, 476.95, 141.655]","[0.657077, 0.184174, 0.920931, 0.198202]"
742,727,7,22:34; 27:31; 29:46; 31:22; 34:46;,22:34; 27:31; 29:46; 31:22; 34:46;,"[340.3, 141.655, 476.95, 151.681]","[0.657077, 0.198202, 0.920931, 0.21223]"
742,727,7,"38:24,30; 50:33; 51:36; 68:35;","38:24,30; 50:33; 51:36; 68:35;","[340.3, 151.681, 476.95, 161.707]","[0.657077, 0.21223, 0.920931, 0.226259]"
742,727,7,Subservient 2:116; 7:54; 16:48; 30:26;,Subservient 2:116; 7:54; 16:48; 30:26;,"[340.3, 161.707, 476.95, 171.733]","[0.657077, 0.226259, 0.920931, 0.240287]"
742,727,7,37:158,37:158,"[340.3, 171.733, 476.95, 181.759]","[0.657077, 0.240287, 0.920931, 0.254315]"
742,727,7,"Substitute 4:133;6:6,133; 11:57; 14:19;","Substitute 4:133;6:6,133; 11:57; 14:19;","[340.3, 181.759, 476.95, 191.785]","[0.657077, 0.254315, 0.920931, 0.268343]"
742,727,8,51:31; 53:53; 69:9,51:31; 53:53; 69:9,"[42.95, 115.001, 163.894, 124.518]","[0.082931, 0.160908, 0.316459, 0.174224]"
742,727,8,Soil 2:264-5; 4:43; 5:6; 6:59; 7:58;,Soil 2:264-5; 4:43; 5:6; 6:59; 7:58;,"[42.95, 124.518, 163.894, 134.035]","[0.082931, 0.174224, 0.316459, 0.18754]"
742,727,9,20:6; 32:10; 35:9; 80:26,20:6; 32:10; 35:9; 80:26,"[43.199, 135.751, 178.149, 145.965]","[0.083412, 0.189941, 0.343983, 0.204232]"
742,727,9,"Soldiers 9:26,40; 33:9; 36:75; 37:173;","Soldiers 9:26,40; 33:9; 36:75; 37:173;","[43.199, 145.965, 178.149, 156.179]","[0.083412, 0.204232, 0.343983, 0.218524]"
742,727,9,67:20; 74:31,67:20; 74:31,"[43.199, 156.179, 178.149, 166.393]","[0.083412, 0.218524, 0.343983, 0.232815]"
742,727,9,Solomon 2:102; 4:163; 6:84; 21:78-,Solomon 2:102; 4:163; 6:84; 21:78-,"[43.199, 166.393, 178.149, 176.607]","[0.083412, 0.232815, 0.343983, 0.247106]"
742,727,9,"82; 27:15-44; 34:12; 38:30,34","82; 27:15-44; 34:12; 38:30,34","[43.199, 176.607, 178.149, 186.821]","[0.083412, 0.247106, 0.343983, 0.261398]"
742,727,9,Son,Son,"[43.199, 186.821, 178.149, 197.035]","[0.083412, 0.261398, 0.343983, 0.275689]"
742,727,10,35:16; 47:38; 56:61; 70:41; 76:28,35:16; 47:38; 56:61; 70:41; 76:28,"[340.55, 193.351, 474.89, 203.887]","[0.657559, 0.270534, 0.916953, 0.285277]"
742,727,10,Success 3:196; 11:88; 40:4,Success 3:196; 11:88; 40:4,"[340.55, 203.887, 474.89, 214.424]","[0.657559, 0.285277, 0.916953, 0.300019]"
742,727,10,Succession 5:19;8:9;13:11; 23:44;77:1,Succession 5:19;8:9;13:11; 23:44;77:1,"[340.55, 214.424, 474.89, 224.96]","[0.657559, 0.300019, 0.916953, 0.314762]"
742,727,10,"Successors 7:69,74; 19:5","Successors 7:69,74; 19:5","[340.55, 224.96, 474.89, 235.497]","[0.657559, 0.314762, 0.916953, 0.329504]"
742,727,10,"Suddenly 6:31,44,47; 7:95,187;","Suddenly 6:31,44,47; 7:95,187;","[340.55, 235.497, 474.89, 246.033]","[0.657559, 0.329504, 0.916953, 0.344247]"
742,727,11,begotten 2:116; 4:171; 6:101; 9:30;,begotten 2:116; 4:171; 6:101; 9:30;,"[43.799, 198.501, 181.65, 208.5]","[0.08457, 0.27774, 0.350743, 0.29173]"
742,727,11,"10:68; 17:111; 18:4; 19:35,88,92;","10:68; 17:111; 18:4; 19:35,88,92;","[43.799, 208.5, 181.65, 218.498]","[0.08457, 0.29173, 0.350743, 0.30572]"
742,727,11,21:26; 23:91; 25:2; 37:152; 39:4;,21:26; 23:91; 25:2; 37:152; 39:4;,"[43.799, 218.498, 181.65, 228.497]","[0.08457, 0.30572, 0.350743, 0.31971]"
742,727,11,43:81; 72:3,43:81; 72:3,"[43.799, 228.497, 181.65, 238.496]","[0.08457, 0.31971, 0.350743, 0.3337]"
742,727,11,"daughters vs 17:40; 37:149,153;","daughters vs 17:40; 37:149,153;","[43.799, 238.496, 181.65, 248.494]","[0.08457, 0.3337, 0.350743, 0.34769]"
742,727,11,42:49; 43:16; 52:39; 53:21,42:49; 43:16; 52:39; 53:21,"[43.799, 248.494, 181.65, 258.493]","[0.08457, 0.34769, 0.350743, 0.36168]"
742,727,11,"killing 2:49; 7:127,141; 14:6;28:","killing 2:49; 7:127,141; 14:6;28:","[43.799, 258.493, 181.65, 268.492]","[0.08457, 0.36168, 0.350743, 0.37567]"
742,727,11,4;40:25,4;40:25,"[43.799, 268.492, 181.65, 278.49]","[0.08457, 0.37567, 0.350743, 0.38966]"
742,727,11,of Mary see Jesus,of Mary see Jesus,"[43.799, 278.49, 181.65, 288.489]","[0.08457, 0.38966, 0.350743, 0.403651]"
742,727,11,Soothsayer 69:42,Soothsayer 69:42,"[43.799, 288.489, 181.65, 298.488]","[0.08457, 0.403651, 0.350743, 0.417641]"
742,727,11,Sorcery 2:102,Sorcery 2:102,"[43.799, 298.488, 181.65, 308.486]","[0.08457, 0.417641, 0.350743, 0.431631]"
742,727,11,Sorrow 2:167; 3:156; 5:31; 8:36;,Sorrow 2:167; 3:156; 5:31; 8:36;,"[43.799, 308.486, 181.65, 318.485]","[0.08457, 0.431631, 0.350743, 0.445621]"
742,727,12,examples 2:250; 7:126-8; 25:20;,examples 2:250; 7:126-8; 25:20;,"[192.95, 216.751, 331.49, 226.903]","[0.372562, 0.303275, 0.640066, 0.31748]"
742,727,12,31:17; 34:19; 38:44; 47:31; 68:48,31:17; 34:19; 38:44; 47:31; 68:48,"[192.95, 226.903, 331.49, 237.056]","[0.372562, 0.31748, 0.640066, 0.331685]"
742,727,12,"is righteousness 2:45,153,177;","is righteousness 2:45,153,177;","[192.95, 237.056, 331.49, 247.208]","[0.372562, 0.331685, 0.640066, 0.34589]"
742,727,12,"3:146,200; 11:115; 22:35; 32:24;","3:146,200; 11:115; 22:35; 32:24;","[192.95, 247.208, 331.49, 257.36]","[0.372562, 0.34589, 0.640066, 0.360095]"
742,727,12,90:17; 103:3,90:17; 103:3,"[192.95, 257.36, 331.49, 267.512]","[0.372562, 0.360095, 0.640066, 0.3743]"
742,727,12,"reward for 11:11,115; 13:24; 16:96;","reward for 11:11,115; 13:24; 16:96;","[192.95, 267.512, 331.49, 277.665]","[0.372562, 0.3743, 0.640066, 0.388505]"
742,727,12,"23:111; 25:75; 28:80; 29:54,59;","23:111; 25:75; 28:80; 29:54,59;","[192.95, 277.665, 331.49, 287.817]","[0.372562, 0.388505, 0.640066, 0.40271]"
742,727,12,33:35; 39:10; 50:32; 76:12,33:35; 39:10; 50:32; 76:12,"[192.95, 287.817, 331.49, 297.969]","[0.372562, 0.40271, 0.640066, 0.416915]"
742,727,12,Stepdaughters 4:23,Stepdaughters 4:23,"[192.95, 297.969, 331.49, 308.122]","[0.372562, 0.416915, 0.640066, 0.43112]"
742,727,12,"Steps 2:168,208; 6:142; 9:120; 24:21","Steps 2:168,208; 6:142; 9:120; 24:21","[192.95, 308.122, 331.49, 318.274]","[0.372562, 0.43112, 0.640066, 0.445325]"
742,727,12,Sterility 3:40; 19:5-8; 42:50; 51:29,Sterility 3:40; 19:5-8; 42:50; 51:29,"[192.95, 318.274, 331.49, 328.426]","[0.372562, 0.445325, 0.640066, 0.45953]"
742,727,12,Sticks 20:66; 26:44; 68:20,Sticks 20:66; 26:44; 68:20,"[192.95, 328.426, 331.49, 338.579]","[0.372562, 0.45953, 0.640066, 0.473735]"
742,727,12,Stinginess 9:76; 17:100;33:19;47:37-8;,Stinginess 9:76; 17:100;33:19;47:37-8;,"[192.95, 338.579, 331.49, 348.731]","[0.372562, 0.473735, 0.640066, 0.48794]"
742,727,13,12:107; 21:40; 22:55; 26:202;,12:107; 21:40; 22:55; 26:202;,"[340.8, 247.635, 470.232, 257.251]","[0.658042, 0.346488, 0.907959, 0.359943]"
742,727,13,29:53; 39:55; 43:66; 47:18,29:53; 39:55; 43:66; 47:18,"[340.8, 257.251, 470.232, 266.868]","[0.658042, 0.359943, 0.907959, 0.373398]"
742,727,13,Suffering 37:31; 38:41; 39:40; 44:12;,Suffering 37:31; 38:41; 39:40; 44:12;,"[340.8, 266.868, 470.232, 276.484]","[0.658042, 0.373398, 0.907959, 0.386853]"
742,727,14,"64:5; 65:9; 74:26-7,42","64:5; 65:9; 74:26-7,42","[340.78, 278.201, 475.14, 288.49]","[0.658003, 0.389256, 0.917436, 0.403652]"
742,727,14,"Suffices 3:173; 4:6,45,79,81,132,171;","Suffices 3:173; 4:6,45,79,81,132,171;","[340.78, 288.49, 475.14, 298.78]","[0.658003, 0.403652, 0.917436, 0.418049]"
742,727,14,"9:59; 10:29; 17:96; 25:31; 33:3,39,","9:59; 10:29; 17:96; 25:31; 33:3,39,","[340.78, 298.78, 475.14, 309.069]","[0.658003, 0.418049, 0.917436, 0.432446]"
742,727,14,48; 48:28; 65:3,48; 48:28; 65:3,"[340.78, 309.069, 475.14, 319.358]","[0.658003, 0.432446, 0.917436, 0.446843]"
742,727,14,Summer 106:2,Summer 106:2,"[340.78, 319.358, 475.14, 329.648]","[0.658003, 0.446843, 0.917436, 0.461239]"
742,727,14,"Summoning 6:22; 17:1,71; 20:80,102,","Summoning 6:22; 17:1,71; 20:80,102,","[340.78, 329.648, 475.14, 339.937]","[0.658003, 0.461239, 0.917436, 0.475636]"
742,727,14,108; 28:75; 40:32; 77:11,108; 28:75; 40:32; 77:11,"[340.78, 339.937, 475.14, 350.227]","[0.658003, 0.475636, 0.917436, 0.490033]"
742,727,14,Sun 2:258;6:78;25:45;36:38;81:1;91:1,Sun 2:258;6:78;25:45;36:38;81:1;91:1,"[340.78, 350.227, 475.14, 360.516]","[0.658003, 0.490033, 0.917436, 0.50443]"
742,727,14,and moon 6:96; 7:54; 10:5; 13:2;,and moon 6:96; 7:54; 10:5; 13:2;,"[340.78, 360.516, 475.14, 370.805]","[0.658003, 0.50443, 0.917436, 0.518827]"
742,727,14,14:33; 16;12; 21:33; 22:18; 29:61;,14:33; 16;12; 21:33; 22:18; 29:61;,"[340.78, 370.805, 475.14, 381.095]","[0.658003, 0.518827, 0.917436, 0.533223]"
742,727,14,31:29; 35:13; 36:40; 39:5; 41:37;,31:29; 35:13; 36:40; 39:5; 41:37;,"[340.78, 381.095, 475.14, 391.384]","[0.658003, 0.533223, 0.917436, 0.54762]"
742,727,14,55:5; 71:16; 75:9,55:5; 71:16; 75:9,"[340.78, 391.384, 475.14, 401.673]","[0.658003, 0.54762, 0.917436, 0.562017]"
742,727,14,Sunrise 17:78; 20:130; 50:39,Sunrise 17:78; 20:130; 50:39,"[340.78, 401.673, 475.14, 411.963]","[0.658003, 0.562017, 0.917436, 0.576414]"
742,727,14,Sunset 20:130; 50:39; 84:16,Sunset 20:130; 50:39; 84:16,"[340.78, 411.963, 475.14, 422.252]","[0.658003, 0.576414, 0.917436, 0.59081]"
742,727,14,Superceding 5:48; 21:27,Superceding 5:48; 21:27,"[340.78, 422.252, 475.14, 432.542]","[0.658003, 0.59081, 0.917436, 0.605207]"
742,727,14,Supporter,Supporter,"[340.78, 432.542, 475.14, 442.831]","[0.658003, 0.605207, 0.917436, 0.619604]"
742,727,15,12:86; 18:42; 19:39; 25:13-4; 35:34,12:86; 18:42; 19:39; 25:13-4; 35:34,"[43.69, 320.301, 180.29, 329.892]","[0.08436, 0.448161, 0.348117, 0.461582]"
742,727,15,Souls,Souls,"[43.69, 329.892, 180.29, 339.484]","[0.08436, 0.461582, 0.348117, 0.475002]"
742,727,16,"burdened 2:286; 6:152,164; 7:42;","burdened 2:286; 6:152,164; 7:42;","[43.44, 340.951, 186.43, 350.7]","[0.083877, 0.477055, 0.359973, 0.490695]"
742,727,16,17:15; 23:62; 35:18; 53:38,17:15; 23:62; 35:18; 53:38,"[43.44, 350.7, 186.43, 360.448]","[0.083877, 0.490695, 0.359973, 0.504335]"
742,727,16,forgiven 3:135; 4:110; 10:100;,forgiven 3:135; 4:110; 10:100;,"[43.44, 360.448, 186.43, 370.197]","[0.083877, 0.504335, 0.359973, 0.517975]"
742,727,16,73:20; 89:27,73:20; 89:27,"[43.44, 370.197, 186.43, 379.946]","[0.083877, 0.517975, 0.359973, 0.531616]"
742,727,16,perfected 32:9; 38:72; 56:83; 91:7,perfected 32:9; 38:72; 56:83; 91:7,"[43.44, 379.946, 186.43, 389.694]","[0.083877, 0.531616, 0.359973, 0.545256]"
742,727,16,"repaid 2:281; 3:25,30,161; 10:30;","repaid 2:281; 3:25,30,161; 10:30;","[43.44, 389.694, 186.43, 399.443]","[0.083877, 0.545256, 0.359973, 0.558896]"
742,727,16,14:51; 16:111; 20:15; 40:17; 45:22;,14:51; 16:111; 20:15; 40:17; 45:22;,"[43.44, 399.443, 186.43, 409.192]","[0.083877, 0.558896, 0.359973, 0.572536]"
742,727,16,"74:38; 81:14; 82:5,19","74:38; 81:14; 82:5,19","[43.44, 409.192, 186.43, 418.94]","[0.083877, 0.572536, 0.359973, 0.586176]"
742,727,16,"wronged 2:54,90,231; 4:64,111;5:80;","wronged 2:54,90,231; 4:64,111;5:80;","[43.44, 418.94, 186.43, 428.689]","[0.083877, 0.586176, 0.359973, 0.599817]"
742,727,16,6:20; 7:9; 11:113; 21:47; 23:103;,6:20; 7:9; 11:113; 21:47; 23:103;,"[43.44, 428.689, 186.43, 438.438]","[0.083877, 0.599817, 0.359973, 0.613457]"
742,727,16,27:44; 28:16; 42:45; 57:14,27:44; 28:16; 42:45; 57:14,"[43.44, 438.438, 186.43, 448.186]","[0.083877, 0.613457, 0.359973, 0.627097]"
742,727,16,Source 6:114; 13:12; 16:103; 18:27;,Source 6:114; 13:12; 16:103; 18:27;,"[43.44, 448.186, 186.43, 457.935]","[0.083877, 0.627097, 0.359973, 0.640737]"
742,727,17,"57:24; 64:16; 70:18,21; 92:8","57:24; 64:16; 70:18,21; 92:8","[193.1, 350.301, 313.484, 359.968]","[0.372852, 0.490137, 0.605298, 0.503663]"
742,727,17,Stones 8:32; 18:20; 19:46; 26:116;,Stones 8:32; 18:20; 19:46; 26:116;,"[193.1, 359.968, 313.484, 369.635]","[0.372852, 0.503663, 0.605298, 0.517189]"
742,727,18,27:58; 36:18; 44:20; 51:33,27:58; 36:18; 44:20; 51:33,"[193.1, 371.301, 307.54, 381.379]","[0.372852, 0.51952, 0.593821, 0.533621]"
742,727,18,Store 12:47; 15:22; 23:18,Store 12:47; 15:22; 23:18,"[193.1, 381.379, 307.54, 391.456]","[0.372852, 0.533621, 0.593821, 0.547721]"
742,727,18,Storm 2:19; 3:117; 17:69; 18:40;,Storm 2:19; 3:117; 17:69; 18:40;,"[193.1, 391.456, 307.54, 401.534]","[0.372852, 0.547721, 0.593821, 0.561822]"
742,727,19,29:40; 33:9; 68:19,29:40; 33:9; 68:19,"[193.1, 403.385, 325.75, 413.749]","[0.372852, 0.564412, 0.628982, 0.578913]"
742,727,19,"Straight, path 4:175; 5:16; 6:87,126,","Straight, path 4:175; 5:16; 6:87,126,","[193.1, 413.749, 325.75, 424.114]","[0.372852, 0.578913, 0.628982, 0.593415]"
742,727,19,"153,161; 7:16; 16:121; 24:46;","153,161; 7:16; 16:121; 24:46;","[193.1, 424.114, 325.75, 434.478]","[0.372852, 0.593415, 0.628982, 0.607916]"
742,727,19,37:118; 43:64; 46:30; 48:20; 67:22,37:118; 43:64; 46:30; 48:20; 67:22,"[193.1, 434.478, 325.75, 444.842]","[0.372852, 0.607916, 0.628982, 0.622418]"
742,727,19,Strangers 51:25,Strangers 51:25,"[193.1, 444.842, 325.75, 455.206]","[0.372852, 0.622418, 0.628982, 0.63692]"
742,727,19,Stratified 56:7,Stratified 56:7,"[193.1, 455.206, 325.75, 465.571]","[0.372852, 0.63692, 0.628982, 0.651421]"
742,727,19,"Strayers 1:7; 2:16,108,175; 3:90;","Strayers 1:7; 2:16,108,175; 3:90;","[193.1, 465.571, 325.75, 475.935]","[0.372852, 0.651421, 0.628982, 0.665923]"
742,727,20,"God as 2:87; 3:13,122,150,160;","God as 2:87; 3:13,122,150,160;","[341.14, 444.501, 476.3, 454.282]","[0.658699, 0.621941, 0.919675, 0.635626]"
742,727,20,"4:45; 8:40; 9:25,40,116; 22:78;","4:45; 8:40; 9:25,40,116; 22:78;","[341.14, 454.282, 476.3, 464.062]","[0.658699, 0.635626, 0.919675, 0.649311]"
742,727,20,37:116; 42:31; 61:14; 81:20,37:116; 42:31; 61:14; 81:20,"[341.14, 464.062, 476.3, 473.843]","[0.658699, 0.649311, 0.919675, 0.662996]"
742,727,20,of God 3:52; 22:40; 47:7; 57:25;,of God 3:52; 22:40; 47:7; 57:25;,"[341.14, 473.843, 476.3, 483.624]","[0.658699, 0.662996, 0.919675, 0.676681]"
742,727,20,59:8; 61:14,59:8; 61:14,"[341.14, 483.624, 476.3, 493.404]","[0.658699, 0.676681, 0.919675, 0.690366]"
742,727,20,"Supreme 6:18,61; 13:16; 14:48; 18:45;","Supreme 6:18,61; 13:16; 14:48; 18:45;","[341.14, 493.404, 476.3, 503.185]","[0.658699, 0.690366, 0.919675, 0.704051]"
742,727,21,28:8; 39:29; 74:56; 88:6,28:8; 39:29; 74:56; 88:6,"[43.2, 460.001, 153.912, 470.497]","[0.083414, 0.643628, 0.297185, 0.658314]"
742,727,21,Sovereignty 23:88; 24:55,Sovereignty 23:88; 24:55,"[43.2, 470.497, 153.912, 480.993]","[0.083414, 0.658314, 0.297185, 0.672999]"
742,727,21,Spacious 4:97; 29:56; 39:10,Spacious 4:97; 29:56; 39:10,"[43.2, 480.993, 153.912, 491.488]","[0.083414, 0.672999, 0.297185, 0.687685]"
742,727,21,Spared 5:32; 6:16; 8:43; 33:25;,Spared 5:32; 6:16; 8:43; 33:25;,"[43.2, 491.488, 153.912, 501.984]","[0.083414, 0.687685, 0.297185, 0.70237]"
742,727,22,"4:136; 5:12; 6:77; 7:30; 15:42,56;","4:136; 5:12; 6:77; 7:30; 15:42,56;","[192.69, 477.751, 331.05, 487.816]","[0.37206, 0.668464, 0.639216, 0.682546]"
742,727,22,"22:12; 26:86,224; 56:51,92; 68:7","22:12; 26:86,224; 56:51,92; 68:7","[192.69, 487.816, 331.05, 497.88]","[0.37206, 0.682546, 0.639216, 0.696628]"
742,727,22,"Streams, in Paradise 2:25; 3:15,136,","Streams, in Paradise 2:25; 3:15,136,","[192.69, 497.88, 331.05, 507.945]","[0.37206, 0.696628, 0.639216, 0.710711]"
742,727,22,"195,198; 4:13,57,122; 5:12,85,119;","195,198; 4:13,57,122; 5:12,85,119;","[192.69, 507.945, 331.05, 518.009]","[0.37206, 0.710711, 0.639216, 0.724793]"
742,727,22,"9:72,89,100; 14:23; 20:76; 22:14,33;","9:72,89,100; 14:23; 20:76; 22:14,33;","[192.69, 518.009, 331.05, 528.074]","[0.37206, 0.724793, 0.639216, 0.738875]"
742,727,22,"25:10; 29:58; 39:20; 47:12; 48:5,17;","25:10; 29:58; 39:20; 47:12; 48:5,17;","[192.69, 528.074, 331.05, 538.139]","[0.37206, 0.738875, 0.639216, 0.752958]"
742,727,22,54:54; 57:12; 58:22; 61:12; 64:9;,54:54; 57:12; 58:22; 61:12; 64:9;,"[192.69, 538.139, 331.05, 548.203]","[0.37206, 0.752958, 0.639216, 0.76704]"
742,727,22,65:11; 66:8; 85:11; 98:8,65:11; 66:8; 85:11; 98:8,"[192.69, 548.203, 331.05, 558.268]","[0.37206, 0.76704, 0.639216, 0.781122]"
742,727,22,"Strength 2:250; 3:147,186; 7:126;","Strength 2:250; 3:147,186; 7:126;","[192.69, 558.268, 331.05, 568.333]","[0.37206, 0.781122, 0.639216, 0.795205]"
742,727,22,11:52; 14:27; 18:14; 31:17; 38:20;,11:52; 14:27; 18:14; 31:17; 38:20;,"[192.69, 568.333, 331.05, 578.397]","[0.37206, 0.795205, 0.639216, 0.809287]"
742,727,22,40:67; 42:43; 46:35; 47:7; 48:4;,40:67; 42:43; 46:35; 47:7; 48:4;,"[192.69, 578.397, 331.05, 588.462]","[0.37206, 0.809287, 0.639216, 0.823369]"
742,727,22,57:25; 76:28,57:25; 76:28,"[192.69, 588.462, 331.05, 598.527]","[0.37206, 0.823369, 0.639216, 0.837451]"
742,727,22,"Strict, God is 2:165,196,211; 3:11;","Strict, God is 2:165,196,211; 3:11;","[192.69, 598.527, 331.05, 608.591]","[0.37206, 0.837451, 0.639216, 0.851534]"
742,727,22,"5:4,98; 7:167; 8:13,25,52; 13:6;","5:4,98; 7:167; 8:13,25,52; 13:6;","[192.69, 608.591, 331.05, 618.656]","[0.37206, 0.851534, 0.639216, 0.865616]"
742,727,22,"40:3,22; 59:4,7","40:3,22; 59:4,7","[192.69, 618.656, 331.05, 628.72]","[0.37206, 0.865616, 0.639216, 0.879698]"
742,727,22,Strivers 2:218;4:95;9:20;16:110;17:19;,Strivers 2:218;4:95;9:20;16:110;17:19;,"[192.69, 628.72, 331.05, 638.785]","[0.37206, 0.879698, 0.639216, 0.893781]"
742,727,23,"52:18,27; 59:9; 76:11; 92:17","52:18,27; 59:9; 76:11; 92:17","[42.85, 503.801, 171.602, 514.54]","[0.082738, 0.704913, 0.331342, 0.719938]"
742,727,23,Spices 76:41,Spices 76:41,"[42.85, 514.54, 171.602, 525.279]","[0.082738, 0.719938, 0.331342, 0.734964]"
742,727,23,Spider 29:41,Spider 29:41,"[42.85, 525.279, 171.602, 536.018]","[0.082738, 0.734964, 0.331342, 0.74999]"
742,727,23,"Spikes 12:43,46-7","Spikes 12:43,46-7","[42.85, 536.018, 171.602, 546.757]","[0.082738, 0.74999, 0.331342, 0.765016]"
742,727,23,Spine 86:7,Spine 86:7,"[42.85, 546.757, 171.602, 557.496]","[0.082738, 0.765016, 0.331342, 0.780042]"
742,727,23,"Spirit 4:171; 15:29; 16:2,102; 19:17;","Spirit 4:171; 15:29; 16:2,102; 19:17;","[42.85, 557.496, 171.602, 568.235]","[0.082738, 0.780042, 0.331342, 0.795068]"
742,727,24,39:4; 59:23; 79:24,39:4; 59:23; 79:24,"[341.3, 505.101, 464.14, 514.642]","[0.659007, 0.706731, 0.896196, 0.720082]"
742,727,24,"Sura 2:23; 9:64,86,124,127; 10:38;","Sura 2:23; 9:64,86,124,127; 10:38;","[341.3, 514.642, 464.14, 524.184]","[0.659007, 0.720082, 0.896196, 0.733432]"
742,727,25,11:13; 24:1; 47:20,11:13; 24:1; 47:20,"[341.291, 526.001, 474.89, 536.84]","[0.65899, 0.735975, 0.916953, 0.751141]"
742,727,25,Surrender 28:63; 47:35,Surrender 28:63; 47:35,"[341.291, 536.84, 474.89, 547.68]","[0.65899, 0.751141, 0.916953, 0.766307]"
742,727,25,Surround 2:81; 10:22; 31:32; 85:20,Surround 2:81; 10:22; 31:32; 85:20,"[341.291, 547.68, 474.89, 558.519]","[0.65899, 0.766307, 0.916953, 0.781473]"
742,727,25,Suspicion 49:12,Suspicion 49:12,"[341.291, 558.519, 474.89, 569.358]","[0.65899, 0.781473, 0.916953, 0.796639]"
742,727,25,Sustainer 2:107,Sustainer 2:107,"[341.291, 569.358, 474.89, 580.197]","[0.65899, 0.796639, 0.916953, 0.811806]"
742,727,25,"Sustenance 2:22,36,233; 14:32","Sustenance 2:22,36,233; 14:32","[341.291, 580.197, 474.89, 591.037]","[0.65899, 0.811806, 0.916953, 0.826972]"
742,727,25,Swear 56:75; 69:38; 75:1; 81:15; 90:1,Swear 56:75; 69:38; 75:1; 81:15; 90:1,"[341.291, 591.037, 474.89, 601.876]","[0.65899, 0.826972, 0.916953, 0.842138]"
742,727,25,Swearing 2:224; 4:148,Swearing 2:224; 4:148,"[341.291, 601.876, 474.89, 612.715]","[0.65899, 0.842138, 0.916953, 0.857304]"
742,727,25,Synagogues 22:40,Synagogues 22:40,"[341.291, 612.715, 474.89, 623.554]","[0.65899, 0.857304, 0.916953, 0.87247]"
742,727,25,"System, God’s 6:34; 15:4,76; 17:77;","System, God’s 6:34; 15:4,76; 17:77;","[341.291, 623.554, 474.89, 634.394]","[0.65899, 0.87247, 0.916953, 0.887636]"
742,727,25,"33:38,62; 35:43; 40:85; 48:23","33:38,62; 35:43; 40:85; 48:23","[341.291, 634.394, 474.89, 645.233]","[0.65899, 0.887636, 0.916953, 0.902803]"
742,727,26,21:91;26:193;66:12;70:4;78:38;97:4,21:91;26:193;66:12;70:4;78:38;97:4,"[41.99, 569.551, 181.281, 579.858]","[0.081077, 0.796909, 0.350031, 0.811331]"
742,727,26,Split 54:1; 80:26; 84:1,Split 54:1; 80:26; 84:1,"[41.99, 579.858, 181.281, 590.166]","[0.081077, 0.811331, 0.350031, 0.825753]"
742,727,26,"Spoils 3:161; 4:94; 8:1,41,68-9; 48:15-","Spoils 3:161; 4:94; 8:1,41,68-9; 48:15-","[41.99, 590.166, 181.281, 600.473]","[0.081077, 0.825753, 0.350031, 0.840175]"
742,727,26,20; 59:6-8,20; 59:6-8,"[41.99, 600.473, 181.281, 610.781]","[0.081077, 0.840175, 0.350031, 0.854597]"
742,727,26,Spouses 2:25;3:15;4:33r57;9:24;13:23;,Spouses 2:25;3:15;4:33r57;9:24;13:23;,"[41.99, 610.781, 181.281, 621.088]","[0.081077, 0.854597, 0.350031, 0.869019]"
742,727,26,16:72; 23:6; 25:74; 30:21; 36:56;,16:72; 23:6; 25:74; 30:21; 36:56;,"[41.99, 621.088, 181.281, 631.396]","[0.081077, 0.869019, 0.350031, 0.883442]"
742,727,26,38:52; 40:8; 43:70; 44:54; 52:20;,38:52; 40:8; 43:70; 44:54; 52:20;,"[41.99, 631.396, 181.281, 641.703]","[0.081077, 0.883442, 0.350031, 0.897864]"
742,727,26,55:56; 56:22; 64:14; 70:30; 78:33,55:56; 56:22; 64:14; 70:30; 78:33,"[41.99, 641.703, 181.281, 652.011]","[0.081077, 0.897864, 0.350031, 0.912286]"
742,727,26,"Springs 2:60; 7:160; 15:45; 26:134,","Springs 2:60; 7:160; 15:45; 26:134,","[41.99, 652.011, 181.281, 662.318]","[0.081077, 0.912286, 0.350031, 0.926708]"
742,727,26,147;36:34;38:42;44:52;51:15;54:12;,147;36:34;38:42;44:52;51:15;54:12;,"[41.99, 662.318, 181.281, 672.625]","[0.081077, 0.926708, 0.350031, 0.94113]"
742,727,26,"55:50; 76:6,18; 77:41; 83:28; 88:5","55:50; 76:6,18; 77:41; 83:28; 88:5","[41.99, 672.625, 181.281, 682.933]","[0.081077, 0.94113, 0.350031, 0.955552]"
742,727,27,"29:6,69; 47:4; 49:15; 57:10; 61:4","29:6,69; 47:4; 49:15; 57:10; 61:4","[192.69, 641.051, 326.69, 651.221]","[0.37206, 0.896951, 0.630797, 0.911182]"
742,727,27,"Structures 40:64,82","Structures 40:64,82","[192.69, 651.221, 326.69, 661.392]","[0.37206, 0.911182, 0.630797, 0.925412]"
742,727,27,"Struggling 3:142; 4:95; 8:72; 9:44,88;","Struggling 3:142; 4:95; 8:72; 9:44,88;","[192.69, 661.392, 326.69, 671.563]","[0.37206, 0.925412, 0.630797, 0.939643]"
742,727,27,25:52; 61:11,25:52; 61:11,"[192.69, 671.563, 326.69, 681.733]","[0.37206, 0.939643, 0.630797, 0.953873]"
742,727,28,T,T,"[340.89, 654.701, 425.25, 665.993]","[0.658216, 0.916051, 0.821104, 0.93185]"
742,727,28,"Tablets 7:145,150,154","Tablets 7:145,150,154","[340.89, 665.993, 425.25, 677.285]","[0.658216, 0.93185, 0.821104, 0.947649]"
743,728,1,Tales,Tales,"[39.6, 16.635, 59.56, 24.635]","[0.076463, 0.023276, 0.115003, 0.034469]"
743,728,2,35:32; 37:60; 40:9; 44:57; 45:30;,35:32; 37:60; 40:9; 44:57; 45:30;,"[337.9, 16.701, 465.8, 26.545]","[0.652443, 0.023368, 0.899401, 0.037142]"
743,728,2,48:5; 57:12; 61:12; 64:9; 85:11,48:5; 57:12; 61:12; 64:9; 85:11,"[337.9, 26.545, 465.8, 36.39]","[0.652443, 0.037142, 0.899401, 0.050916]"
743,728,2,Troops 2:249-50; 10:90; 17:103;,Troops 2:249-50; 10:90; 17:103;,"[337.9, 36.39, 465.8, 46.234]","[0.652443, 0.050916, 0.899401, 0.06469]"
743,728,3,Three thousand 3:124,Three thousand 3:124,"[189.35, 17.051, 321.027, 27.329]","[0.365611, 0.023857, 0.619863, 0.038238]"
743,728,3,Throat 56:83; 56:85; 75:26,Throat 56:83; 56:85; 75:26,"[189.35, 27.329, 321.027, 37.606]","[0.365611, 0.038238, 0.619863, 0.052618]"
743,728,3,"Throne 23:86,116;25:59;27:26;39:75;","Throne 23:86,116;25:59;27:26;39:75;","[189.35, 37.606, 321.027, 47.884]","[0.365611, 0.052618, 0.619863, 0.066999]"
743,728,4,from the past 6:25; 8:31; 16:24;,from the past 6:25; 8:31; 16:24;,"[39.85, 26.801, 167.94, 37.288]","[0.076945, 0.0375, 0.324271, 0.052172]"
743,728,4,23:83; 25:5; 46:17; 68:15; 83:13,23:83; 25:5; 46:17; 68:15; 83:13,"[39.85, 37.288, 167.94, 47.774]","[0.076945, 0.052172, 0.324271, 0.066845]"
743,728,4,Talut (Saul) 2:247,Talut (Saul) 2:247,"[39.85, 47.774, 167.94, 58.261]","[0.076945, 0.066845, 0.324271, 0.081518]"
743,728,4,Tayammum 4:43; 5:6,Tayammum 4:43; 5:6,"[39.85, 58.261, 167.94, 68.747]","[0.076945, 0.081518, 0.324271, 0.09619]"
743,728,4,Teacher,Teacher,"[39.85, 68.747, 167.94, 79.234]","[0.076945, 0.09619, 0.324271, 0.110863]"
743,728,5,"20:78; 27:18,37-8; 28:6,8,39; 36:28;","20:78; 27:18,37-8; 28:6,8,39; 36:28;","[337.55, 48.001, 478.3, 58.048]","[0.651767, 0.067162, 0.923537, 0.08122]"
743,728,5,44:24; 51:40; 89:10,44:24; 51:40; 89:10,"[337.55, 58.048, 478.3, 68.095]","[0.651767, 0.08122, 0.923537, 0.095278]"
743,728,5,Troublemakers 28:18; 113:4,Troublemakers 28:18; 113:4,"[337.55, 68.095, 478.3, 78.142]","[0.651767, 0.095278, 0.923537, 0.109335]"
743,728,5,Trumpet 6:73; 74:8,Trumpet 6:73; 74:8,"[337.55, 78.142, 478.3, 88.189]","[0.651767, 0.109335, 0.923537, 0.123393]"
743,728,5,"Trust, in God 3:122,159-60; 4:81;","Trust, in God 3:122,159-60; 4:81;","[337.55, 88.189, 478.3, 98.236]","[0.651767, 0.123393, 0.923537, 0.13745]"
743,728,5,"5:11,23; 7:89; 8:2,49,61; 9:51,129;","5:11,23; 7:89; 8:2,49,61; 9:51,129;","[337.55, 98.236, 478.3, 108.283]","[0.651767, 0.13745, 0.923537, 0.151508]"
743,728,5,"10:71,84,85; 11:56,88; 13:30; 14:11,","10:71,84,85; 11:56,88; 13:30; 14:11,","[337.55, 108.283, 478.3, 118.33]","[0.651767, 0.151508, 0.923537, 0.165566]"
743,728,5,"12; 16:42,99; 25:58; 27:79; 33:3,48;","12; 16:42,99; 25:58; 27:79; 33:3,48;","[337.55, 118.33, 478.3, 128.377]","[0.651767, 0.165566, 0.923537, 0.179623]"
743,728,5,39:38; 42:10; 58:10; 60:4; 64:13;,39:38; 42:10; 58:10; 60:4; 64:13;,"[337.55, 128.377, 478.3, 138.424]","[0.651767, 0.179623, 0.923537, 0.193681]"
743,728,5,67:29; 73:9,67:29; 73:9,"[337.55, 138.424, 478.3, 148.471]","[0.651767, 0.193681, 0.923537, 0.207738]"
743,728,5,"Truth, concealing the 2:42,146; 3:71","Truth, concealing the 2:42,146; 3:71","[337.55, 148.471, 478.3, 158.517]","[0.651767, 0.207738, 0.923537, 0.221796]"
743,728,5,"follow the 7:105,159,181; 10:94;","follow the 7:105,159,181; 10:94;","[337.55, 158.517, 478.3, 168.564]","[0.651767, 0.221796, 0.923537, 0.235853]"
743,728,5,22:54; 46:30; 47:3; 48:28; 103:3,22:54; 46:30; 47:3; 48:28; 103:3,"[337.55, 168.564, 478.3, 178.611]","[0.651767, 0.235853, 0.923537, 0.249911]"
743,728,5,"God’s 2:26,147,149,213; 3:19,60,95;","God’s 2:26,147,149,213; 3:19,60,95;","[337.55, 178.611, 478.3, 188.658]","[0.651767, 0.249911, 0.923537, 0.263969]"
743,728,5,"4:170-1; 6:57,66,73; 7:43,169; 8:7;","4:170-1; 6:57,66,73; 7:43,169; 8:7;","[337.55, 188.658, 478.3, 198.705]","[0.651767, 0.263969, 0.923537, 0.278026]"
743,728,5,"9:29; 10:35,53,55,82; 11:17,120;","9:29; 10:35,53,55,82; 11:17,120;","[337.55, 198.705, 478.3, 208.752]","[0.651767, 0.278026, 0.923537, 0.292084]"
743,728,5,"18:21,98; 22:6,62; 27:79; 28:75;","18:21,98; 22:6,62; 27:79; 28:75;","[337.55, 208.752, 478.3, 218.799]","[0.651767, 0.292084, 0.923537, 0.306141]"
743,728,5,"31:30; 33:4; 34:6; 40:55,77; 45:32;","31:30; 33:4; 34:6; 40:55,77; 45:32;","[337.55, 218.799, 478.3, 228.846]","[0.651767, 0.306141, 0.923537, 0.320199]"
743,728,5,61:9; 69:51,61:9; 69:51,"[337.55, 228.846, 478.3, 238.893]","[0.651767, 0.320199, 0.923537, 0.334257]"
743,728,5,"vs falsehood 2:42,256; 8:8; 13:17;","vs falsehood 2:42,256; 8:8; 13:17;","[337.55, 238.893, 478.3, 248.94]","[0.651767, 0.334257, 0.923537, 0.348314]"
743,728,5,17:81; 18:56; 21:18; 23:90; 34:49,17:81; 18:56; 21:18; 23:90; 34:49,"[337.55, 248.94, 478.3, 258.987]","[0.651767, 0.348314, 0.923537, 0.362372]"
743,728,5,"Truthful, promise 4:87,122;9:111;","Truthful, promise 4:87,122;9:111;","[337.55, 258.987, 478.3, 269.034]","[0.651767, 0.362372, 0.923537, 0.376429]"
743,728,6,40:7; 43:82; 69:17; 81:20; 85:15,40:7; 43:82; 69:17; 81:20; 85:15,"[189.6, 49.701, 325.4, 60.118]","[0.366094, 0.069541, 0.628307, 0.084116]"
743,728,6,"Throngs 14:37; 39:71,73; 78:18; 99:6;","Throngs 14:37; 39:71,73; 78:18; 99:6;","[189.6, 60.118, 325.4, 70.534]","[0.366094, 0.084116, 0.628307, 0.098691]"
743,728,6,110:1-3,110:1-3,"[189.6, 70.534, 325.4, 80.951]","[0.366094, 0.098691, 0.628307, 0.113265]"
743,728,6,Thunder 2:119; 13:13; 52:9,Thunder 2:119; 13:13; 52:9,"[189.6, 80.951, 325.4, 91.367]","[0.366094, 0.113265, 0.628307, 0.12784]"
743,728,6,Time,Time,"[189.6, 91.367, 325.4, 101.784]","[0.366094, 0.12784, 0.628307, 0.142415]"
743,728,7,"God as 2:31,32,128,251,282; 4:113;","God as 2:31,32,128,251,282; 4:113;","[51.5, 81.035, 177.63, 90.235]","[0.09944, 0.113383, 0.342981, 0.126256]"
743,728,7,"5:110; 12:6,21,37,101; 21:73,80;","5:110; 12:6,21,37,101; 21:73,80;","[51.5, 90.235, 177.63, 99.435]","[0.09944, 0.126256, 0.342981, 0.139128]"
743,728,7,"55:2,4; 91:8; 96:4-5","55:2,4; 91:8; 96:4-5","[51.5, 99.435, 177.63, 108.635]","[0.09944, 0.139128, 0.342981, 0.152001]"
743,728,8,of death 3:145; 6:93; 8:50; 39:42,of death 3:145; 6:93; 8:50; 39:42,"[189.69, 103.601, 331.75, 113.298]","[0.366268, 0.144957, 0.640568, 0.158526]"
743,728,8,"predetermined/specific 7:187; 11:8,","predetermined/specific 7:187; 11:8,","[189.69, 113.298, 331.75, 122.996]","[0.366268, 0.158526, 0.640568, 0.172094]"
743,728,8,104; 13:38; 14:10; 15:38; 16:61;,104; 13:38; 14:10; 15:38; 16:61;,"[189.69, 122.996, 331.75, 132.693]","[0.366268, 0.172094, 0.640568, 0.185663]"
743,728,8,18:59; 28:85; 34:30; 38:81; 39:42;,18:59; 28:85; 34:30; 38:81; 39:42;,"[189.69, 132.693, 331.75, 142.39]","[0.366268, 0.185663, 0.640568, 0.199231]"
743,728,8,41:47; 63:11,41:47; 63:11,"[189.69, 142.39, 331.75, 152.088]","[0.366268, 0.199231, 0.640568, 0.212799]"
743,728,8,Timing devices 2:189; 6:96; 10:5;,Timing devices 2:189; 6:96; 10:5;,"[189.69, 152.088, 331.75, 161.785]","[0.366268, 0.212799, 0.640568, 0.226368]"
743,728,9,"messenger as 2:129,151; 3:164; 62:2","messenger as 2:129,151; 3:164; 62:2","[40.549, 110.435, 182.312, 120.846]","[0.078295, 0.154519, 0.352022, 0.169086]"
743,728,9,Moses’ 18:60-82,Moses’ 18:60-82,"[40.549, 120.846, 182.312, 131.257]","[0.078295, 0.169086, 0.352022, 0.183653]"
743,728,9,necessary 18:17,necessary 18:17,"[40.549, 131.257, 182.312, 141.668]","[0.078295, 0.183653, 0.352022, 0.19822]"
743,728,9,"Teachings, God’s 2:239; 4:105; 5:47;","Teachings, God’s 2:239; 4:105; 5:47;","[40.549, 141.668, 182.312, 152.079]","[0.078295, 0.19822, 0.352022, 0.212787]"
743,728,9,53:5,53:5,"[40.549, 152.079, 182.312, 162.49]","[0.078295, 0.212787, 0.352022, 0.227354]"
743,728,9,Tears 5:83; 9:92,Tears 5:83; 9:92,"[40.549, 162.49, 182.312, 172.901]","[0.078295, 0.227354, 0.352022, 0.241921]"
743,728,9,Temper 20:25; 26:13; 94:1,Temper 20:25; 26:13; 94:1,"[40.549, 172.901, 182.312, 183.312]","[0.078295, 0.241921, 0.352022, 0.256488]"
743,728,9,"Temples, homes as 10:87","Temples, homes as 10:87","[40.549, 183.312, 182.312, 193.723]","[0.078295, 0.256488, 0.352022, 0.271055]"
743,728,9,"Ten 2:187,196,234; 5:89,103; 6:160;","Ten 2:187,196,234; 5:89,103; 6:160;","[40.549, 193.723, 182.312, 204.134]","[0.078295, 0.271055, 0.352022, 0.285622]"
743,728,10,17:12; 55:5,17:12; 55:5,"[189.69, 163.735, 301.49, 174.223]","[0.366268, 0.229096, 0.582139, 0.24377]"
743,728,10,Tolerance 7:199; 9:128; 23:96,Tolerance 7:199; 9:128; 23:96,"[189.69, 174.223, 301.49, 184.71]","[0.366268, 0.24377, 0.582139, 0.258444]"
743,728,10,Tomorrow 18:23; 31:34; 54:26,Tomorrow 18:23; 31:34; 54:26,"[189.69, 184.71, 301.49, 195.198]","[0.366268, 0.258444, 0.582139, 0.273118]"
743,728,10,Tongue (language) 5:78; 14:4;,Tongue (language) 5:78; 14:4;,"[189.69, 195.198, 301.49, 205.685]","[0.366268, 0.273118, 0.582139, 0.287792]"
743,728,11,"7,142; 11:13; 20:103; 28:27; 89:2","7,142; 11:13; 20:103; 28:27; 89:2","[40.91, 205.951, 172.489, 216.19]","[0.078992, 0.288164, 0.333055, 0.30249]"
743,728,11,Tenents 2:63,Tenents 2:63,"[40.91, 216.19, 172.489, 226.429]","[0.078992, 0.30249, 0.333055, 0.316817]"
743,728,11,Terminated 2:210;3:55; 4:97; 5:117;,Terminated 2:210;3:55; 4:97; 5:117;,"[40.91, 226.429, 172.489, 236.668]","[0.078992, 0.316817, 0.333055, 0.331143]"
743,728,11,"6:8; 7:37; 10:11,46; 13:40; 19:39;","6:8; 7:37; 10:11,46; 13:40; 19:39;","[40.91, 236.668, 172.489, 246.907]","[0.078992, 0.331143, 0.333055, 0.345469]"
743,728,11,32:11; 34:14; 40:77,32:11; 34:14; 40:77,"[40.91, 246.907, 172.489, 257.146]","[0.078992, 0.345469, 0.333055, 0.359796]"
743,728,11,Terror 3:151; 8:12; 14:43; 24:37;,Terror 3:151; 8:12; 14:43; 24:37;,"[40.91, 257.146, 172.489, 267.385]","[0.078992, 0.359796, 0.333055, 0.374122]"
743,728,12,16:103; 19:97; 26:195; 44:58,16:103; 19:97; 26:195; 44:58,"[189.84, 208.801, 326.69, 218.92]","[0.366557, 0.292152, 0.630797, 0.306311]"
743,728,12,"Tongues 3:78; 16:62,116; 20:27;","Tongues 3:78; 16:62,116; 20:27;","[189.84, 218.92, 326.69, 229.039]","[0.366557, 0.306311, 0.630797, 0.320469]"
743,728,12,"24:15,24; 26:13; 33:19; 48:11; 60:2;","24:15,24; 26:13; 33:19; 48:11; 60:2;","[189.84, 229.039, 326.69, 239.158]","[0.366557, 0.320469, 0.630797, 0.334628]"
743,728,12,75:16; 90:9,75:16; 90:9,"[189.84, 239.158, 326.69, 249.278]","[0.366557, 0.334628, 0.630797, 0.348786]"
743,728,12,Tooth 5:45,Tooth 5:45,"[189.84, 249.278, 326.69, 259.397]","[0.366557, 0.348786, 0.630797, 0.362945]"
743,728,12,"Torah 3:3,48,50,65,93; 5:41,44-6,66,","Torah 3:3,48,50,65,93; 5:41,44-6,66,","[189.84, 259.397, 326.69, 269.516]","[0.366557, 0.362945, 0.630797, 0.377104]"
743,728,12,"68,110; 6:91; 7:145,157; 9:111;","68,110; 6:91; 7:145,157; 9:111;","[189.84, 269.516, 326.69, 279.635]","[0.366557, 0.377104, 0.630797, 0.391262]"
743,728,13,"28:10; 33:19,26; 34:51; 40:18; 59:2;","28:10; 33:19,26; 34:51; 40:18; 59:2;","[41.299, 268.801, 178.989, 278.768]","[0.079743, 0.376103, 0.345605, 0.390049]"
743,728,13,79:8; 100:4,79:8; 100:4,"[41.299, 278.768, 178.989, 288.735]","[0.079743, 0.390049, 0.345605, 0.403994]"
743,728,13,Testifying 4:135; 6:150; 11:18; 21:56;,Testifying 4:135; 6:150; 11:18; 21:56;,"[41.299, 288.735, 178.989, 298.701]","[0.079743, 0.403994, 0.345605, 0.41794]"
743,728,13,36:65; 70:33,36:65; 70:33,"[41.299, 298.701, 178.989, 308.668]","[0.079743, 0.41794, 0.345605, 0.431885]"
743,728,13,"Testimony 2:140,282-3; 5:106-8; 6:19;","Testimony 2:140,282-3; 5:106-8; 6:19;","[41.299, 308.668, 178.989, 318.635]","[0.079743, 0.431885, 0.345605, 0.445831]"
743,728,14,10:4;16:38;21:97;31:9;33:22;46:16,10:4;16:38;21:97;31:9;33:22;46:16,"[337.45, 270.601, 469.99, 281.109]","[0.651574, 0.378622, 0.907492, 0.393325]"
743,728,14,"Truthfulness 5:83,119; 33:8,24","Truthfulness 5:83,119; 33:8,24","[337.45, 281.109, 469.99, 291.617]","[0.651574, 0.393325, 0.907492, 0.408027]"
743,728,14,Tunnel 6:35,Tunnel 6:35,"[337.45, 291.617, 469.99, 302.125]","[0.651574, 0.408027, 0.907492, 0.42273]"
743,728,14,Turn,Turn,"[337.45, 302.125, 469.99, 312.633]","[0.651574, 0.42273, 0.907492, 0.437433]"
743,728,15,11:17; 17:2;32:23;48:29;61:6;62:5,11:17; 17:2;32:23;48:29;61:6;62:5,"[189.95, 281.301, 317.1, 291.684]","[0.36677, 0.393593, 0.61228, 0.408121]"
743,728,15,Tornado 46:24; 68:19,Tornado 46:24; 68:19,"[189.95, 291.684, 317.1, 302.067]","[0.36677, 0.408121, 0.61228, 0.422649]"
743,728,15,Tossed 54:20; 69:7,Tossed 54:20; 69:7,"[189.95, 302.067, 317.1, 312.45]","[0.36677, 0.422649, 0.61228, 0.437176]"
743,728,15,"Total, submission 2:208; 10:84;","Total, submission 2:208; 10:84;","[189.95, 312.45, 317.1, 322.833]","[0.36677, 0.437176, 0.61228, 0.451704]"
743,728,16,"away 2:137,143,246; 3:20,32,63,82,","away 2:137,143,246; 3:20,32,63,82,","[337.46, 313.801, 480.56, 323.733]","[0.651593, 0.439067, 0.927901, 0.452963]"
743,728,16,"144; 4:80,89,106; 5:49,92; 6:4,71;","144; 4:80,89,106; 5:49,92; 6:4,71;","[337.46, 323.733, 480.56, 333.665]","[0.651593, 0.452963, 0.927901, 0.46686]"
743,728,16,"8:15,23,40; 9:3,74,127; 10:72;","8:15,23,40; 9:3,74,127; 10:72;","[337.46, 333.665, 480.56, 343.597]","[0.651593, 0.46686, 0.927901, 0.480757]"
743,728,16,"11:3,52,57; 16:82; 17:67; 18:57;","11:3,52,57; 16:82; 17:67; 18:57;","[337.46, 343.597, 480.56, 353.529]","[0.651593, 0.480757, 0.927901, 0.494654]"
743,728,16,"20:48; 21:109; 24:47,54; 26:5; 31:7;","20:48; 21:109; 24:47,54; 26:5; 31:7;","[337.46, 353.529, 480.56, 363.461]","[0.651593, 0.494654, 0.927901, 0.50855]"
743,728,16,34:16; 36:46; 41:4; 42:48; 47:38;,34:16; 36:46; 41:4; 42:48; 47:38;,"[337.46, 363.461, 480.56, 373.393]","[0.651593, 0.50855, 0.927901, 0.522447]"
743,728,16,54:2; 60:6; 64:12; 75:32; 88:23,54:2; 60:6; 64:12; 75:32; 88:23,"[337.46, 373.393, 480.56, 383.325]","[0.651593, 0.522447, 0.927901, 0.536344]"
743,728,16,"to God 4:106,110;7:128;17:25;18:24;","to God 4:106,110;7:128;17:25;18:24;","[337.46, 383.325, 480.56, 393.257]","[0.651593, 0.536344, 0.927901, 0.550241]"
743,728,16,22:15; 27:46; 37:99; 39:49; 68:32,22:15; 27:46; 37:99; 39:49; 68:32,"[337.46, 393.257, 480.56, 403.189]","[0.651593, 0.550241, 0.927901, 0.564137]"
743,728,16,Twelve 2:60; 5:12; 7:160; 9:36,Twelve 2:60; 5:12; 7:160; 9:36,"[337.46, 403.189, 480.56, 413.121]","[0.651593, 0.564137, 0.927901, 0.578034]"
743,728,16,Twenty 8:65,Twenty 8:65,"[337.46, 413.121, 480.56, 423.053]","[0.651593, 0.578034, 0.927901, 0.591931]"
743,728,16,"Twice 2:229; 3:13,165; 5:36; 9:126;","Twice 2:229; 3:13,165; 5:36; 9:126;","[337.46, 423.053, 480.56, 432.985]","[0.651593, 0.591931, 0.927901, 0.605828]"
743,728,17,24:4-6,24:4-6,"[41.5, 320.235, 74.713, 329.735]","[0.080131, 0.448069, 0.144261, 0.461361]"
743,728,17,Tests,Tests,"[41.5, 329.735, 74.713, 339.235]","[0.080131, 0.461361, 0.144261, 0.474654]"
743,728,18,11:23; 16:87; 24:47-51; 27:83;,11:23; 16:87; 24:47-51; 27:83;,"[190.1, 324.535, 329.951, 334.706]","[0.367059, 0.454086, 0.637094, 0.468317]"
743,728,18,"30:53; 34:46; 38:24,30; 39:8,17,54;","30:53; 34:46; 38:24,30; 39:8,17,54;","[190.1, 334.706, 329.951, 344.877]","[0.367059, 0.468317, 0.637094, 0.482548]"
743,728,18,43:69; 46:15,43:69; 46:15,"[190.1, 344.877, 329.951, 355.048]","[0.367059, 0.482548, 0.637094, 0.496778]"
743,728,18,Tower 28:38; 40:36,Tower 28:38; 40:36,"[190.1, 355.048, 329.951, 365.218]","[0.367059, 0.496778, 0.637094, 0.511009]"
743,728,18,"Trade 2:16,41,254,275,282; 3:187;","Trade 2:16,41,254,275,282; 3:187;","[190.1, 365.218, 329.951, 375.389]","[0.367059, 0.511009, 0.637094, 0.52524]"
743,728,18,6:152; 9:111; 17:35; 24:37; 26:181;,6:152; 9:111; 17:35; 24:37; 26:181;,"[190.1, 375.389, 329.951, 385.56]","[0.367059, 0.52524, 0.637094, 0.539471]"
743,728,18,55:9; 61:10,55:9; 61:10,"[190.1, 385.56, 329.951, 395.731]","[0.367059, 0.539471, 0.637094, 0.553702]"
743,728,18,Transaction 2:282; 4:29,Transaction 2:282; 4:29,"[190.1, 395.731, 329.951, 405.902]","[0.367059, 0.553702, 0.637094, 0.567933]"
743,728,18,"Transgressions 2:15,61,229; 3:112,","Transgressions 2:15,61,229; 3:112,","[190.1, 405.902, 329.951, 416.073]","[0.367059, 0.567933, 0.637094, 0.582164]"
743,728,18,"147,193; 4:14,112; 5:32,62,64,94,","147,193; 4:14,112; 5:32,62,64,94,","[190.1, 416.073, 329.951, 426.243]","[0.367059, 0.582164, 0.637094, 0.596395]"
743,728,18,"107; 7:81,116; 8:38; 11:112; 16:90;","107; 7:81,116; 8:38; 11:112; 16:90;","[190.1, 426.243, 329.951, 436.414]","[0.367059, 0.596395, 0.637094, 0.610626]"
743,728,18,"17:4,8; 20:127; 23:7,75; 25:21;","17:4,8; 20:127; 23:7,75; 25:21;","[190.1, 436.414, 329.951, 446.585]","[0.367059, 0.610626, 0.637094, 0.624857]"
743,728,18,38:24; 42:27; 53:32; 58:9; 65:1;,38:24; 42:27; 53:32; 58:9; 65:1;,"[190.1, 446.585, 329.951, 456.756]","[0.367059, 0.624857, 0.637094, 0.639088]"
743,728,18,67:21; 89:11; 91:11; 96:6,67:21; 89:11; 91:11; 96:6,"[190.1, 456.756, 329.951, 466.927]","[0.367059, 0.639088, 0.637094, 0.653319]"
743,728,18,Transgressor (see also sinners) 5:87;,Transgressor (see also sinners) 5:87;,"[190.1, 466.927, 329.951, 477.098]","[0.367059, 0.653319, 0.637094, 0.667549]"
743,728,18,"6:119; 10:12,74,83; 21:9; 26:91,151;","6:119; 10:12,74,83; 21:9; 26:91,151;","[190.1, 477.098, 329.951, 487.268]","[0.367059, 0.667549, 0.637094, 0.68178]"
743,728,18,36:19;37:30;38:55;40:28;43:5;50:25;,36:19;37:30;38:55;40:28;43:5;50:25;,"[190.1, 487.268, 329.951, 497.439]","[0.367059, 0.68178, 0.637094, 0.696011]"
743,728,18,"51:34,53; 68:12,31; 70:31; 79:37","51:34,53; 68:12,31; 70:31; 79:37","[190.1, 497.439, 329.951, 507.61]","[0.367059, 0.696011, 0.637094, 0.710242]"
743,728,18,"Travelling 2:184-5,283; 4:43; 5:6,106;","Travelling 2:184-5,283; 4:43; 5:6,106;","[190.1, 507.61, 329.951, 517.781]","[0.367059, 0.710242, 0.637094, 0.724473]"
743,728,18,9:121; 12:109; 27:69; 29:20; 30:9;,9:121; 12:109; 27:69; 29:20; 30:9;,"[190.1, 517.781, 329.951, 527.952]","[0.367059, 0.724473, 0.637094, 0.738704]"
743,728,18,"35:44; 40:21,82; 73:20","35:44; 40:21,82; 73:20","[190.1, 527.952, 329.951, 538.123]","[0.367059, 0.738704, 0.637094, 0.752935]"
743,728,18,Treasures 6:50; 11:31; 12:55; 15:21;,Treasures 6:50; 11:31; 12:55; 15:21;,"[190.1, 538.123, 329.951, 548.293]","[0.367059, 0.752935, 0.637094, 0.767166]"
743,728,18,18:82; 25:8; 26:58; 28:76; 38:9;,18:82; 25:8; 26:58; 28:76; 38:9;,"[190.1, 548.293, 329.951, 558.464]","[0.367059, 0.767166, 0.637094, 0.781397]"
743,728,18,43:53; 52:37; 63:7,43:53; 52:37; 63:7,"[190.1, 558.464, 329.951, 568.635]","[0.367059, 0.781397, 0.637094, 0.795628]"
743,728,18,"Treaty 3:112; 4:90,92; 8:72; 9:1,-12","Treaty 3:112; 4:90,92; 8:72; 9:1,-12","[190.1, 568.635, 329.951, 578.806]","[0.367059, 0.795628, 0.637094, 0.809859]"
743,728,18,"Trees 2:35; 6:99,141; 7:19-22; 14:24,","Trees 2:35; 6:99,141; 7:19-22; 14:24,","[190.1, 578.806, 329.951, 588.977]","[0.367059, 0.809859, 0.637094, 0.824089]"
743,728,18,26; 17:60; 19:25; 20:120; 22:18;,26; 17:60; 19:25; 20:120; 22:18;,"[190.1, 588.977, 329.951, 599.148]","[0.367059, 0.824089, 0.637094, 0.83832]"
743,728,18,"23:20; 24:35; 31:27; 36:80; 37:62,","23:20; 24:35; 31:27; 36:80; 37:62,","[190.1, 599.148, 329.951, 609.318]","[0.367059, 0.83832, 0.637094, 0.852551]"
743,728,18,"64,146;44:43;48:18;54:20;55:6;56:52","64,146;44:43;48:18;54:20;55:6;56:52","[190.1, 609.318, 329.951, 619.489]","[0.367059, 0.852551, 0.637094, 0.866782]"
743,728,18,Trial 2:49; 3:152; 7:141; 14:6,Trial 2:49; 3:152; 7:141; 14:6,"[190.1, 619.489, 329.951, 629.66]","[0.367059, 0.866782, 0.637094, 0.881013]"
743,728,18,"Tribe 2:60; 7:160; 9:24; 11:91,92;","Tribe 2:60; 7:160; 9:24; 11:91,92;","[190.1, 629.66, 329.951, 639.831]","[0.367059, 0.881013, 0.637094, 0.895244]"
743,728,19,Abraham’s 2:124; 37:106,Abraham’s 2:124; 37:106,"[41.91, 341.201, 184.299, 350.9]","[0.080923, 0.477404, 0.355858, 0.490975]"
743,728,19,"being put to the 2:155,214; 3:179;","being put to the 2:155,214; 3:179;","[41.91, 350.9, 184.299, 360.598]","[0.080923, 0.490975, 0.355858, 0.504545]"
743,728,19,"4:66; 5:48,94; 6:42-5,53,112- 5,165;","4:66; 5:48,94; 6:42-5,53,112- 5,165;","[41.91, 360.598, 184.299, 370.297]","[0.080923, 0.504545, 0.355858, 0.518115]"
743,728,19,"7:94-5; 8:17,128-36; 9:38-9; 11:7;","7:94-5; 8:17,128-36; 9:38-9; 11:7;","[41.91, 370.297, 184.299, 379.995]","[0.080923, 0.518115, 0.355858, 0.531685]"
743,728,19,16:92; 17:60; 18:7; 20:90; 23:30;,16:92; 17:60; 18:7; 20:90; 23:30;,"[41.91, 379.995, 184.299, 389.694]","[0.080923, 0.531685, 0.355858, 0.545255]"
743,728,19,25:20; 27:47; 29:2-3; 33:11; 44:17;,25:20; 27:47; 29:2-3; 33:11; 44:17;,"[41.91, 389.694, 184.299, 399.392]","[0.080923, 0.545255, 0.355858, 0.558825]"
743,728,19,"47:4,31;68:17;72:17;76:2;89:15-16","47:4,31;68:17;72:17;76:2;89:15-16","[41.91, 399.392, 184.299, 409.091]","[0.080923, 0.558825, 0.355858, 0.572395]"
743,728,19,"kinds of 2:143; 3:14,186; 7:163,168;","kinds of 2:143; 3:14,186; 7:163,168;","[41.91, 409.091, 184.299, 418.79]","[0.080923, 0.572395, 0.355858, 0.585966]"
743,728,19,"8:28;9:55,85;20:40,131;21:35;22:53;","8:28;9:55,85;20:40,131;21:35;22:53;","[41.91, 418.79, 184.299, 428.488]","[0.080923, 0.585966, 0.355858, 0.599536]"
743,728,19,27:40; 38:34; 39:49; 54:27; 64:14-15;,27:40; 38:34; 39:49; 54:27; 64:14-15;,"[41.91, 428.488, 184.299, 438.187]","[0.080923, 0.599536, 0.355858, 0.613106]"
743,728,19,67:2; 100:8; 104:M,67:2; 100:8; 104:M,"[41.91, 438.187, 184.299, 447.885]","[0.080923, 0.613106, 0.355858, 0.626676]"
743,728,19,"Thamud 7:73; 11:61-68,95; 14:9;","Thamud 7:73; 11:61-68,95; 14:9;","[41.91, 447.885, 184.299, 457.584]","[0.080923, 0.626676, 0.355858, 0.640246]"
743,728,20,13:18; 17:4; 39:47,13:18; 17:4; 39:47,"[337.55, 434.651, 457.486, 444.318]","[0.651767, 0.608159, 0.883348, 0.621685]"
743,728,20,"Two 4:3,11,176; 5:106; 6:143,144;","Two 4:3,11,176; 5:106; 6:143,144;","[337.55, 444.318, 457.486, 453.985]","[0.651767, 0.621685, 0.883348, 0.635211]"
743,728,21,9:40; 11:40; 13:3; 16:51; 23:27;,9:40; 11:40; 13:3; 16:51; 23:27;,"[337.55, 455.801, 470.09, 465.809]","[0.651767, 0.637751, 0.907685, 0.651755]"
743,728,21,34:46; 35:1; 36:14; 40:11,34:46; 35:1; 36:14; 40:11,"[337.55, 465.809, 470.09, 475.818]","[0.651767, 0.651755, 0.907685, 0.665759]"
743,728,21,Tyranny 3:28;6:65; 10:83; 17:7;26:130,Tyranny 3:28;6:65; 10:83; 17:7;26:130,"[337.55, 475.818, 470.09, 485.826]","[0.651767, 0.665759, 0.907685, 0.679763]"
743,728,21,Tyrants 7:167; 10:83; 11:59; 14:15;,Tyrants 7:167; 10:83; 11:59; 14:15;,"[337.55, 485.826, 470.09, 495.835]","[0.651767, 0.679763, 0.907685, 0.693767]"
743,728,22,17:59; 22:42; 26:141; 27:45; 29:38;,17:59; 22:42; 26:141; 27:45; 29:38;,"[42.001, 459.251, 183.54, 469.692]","[0.081099, 0.642579, 0.354393, 0.657188]"
743,728,22,"41:13,17; 50:12; 51:43; 53:51; 54:23;","41:13,17; 50:12; 51:43; 53:51; 54:23;","[42.001, 469.692, 183.54, 480.134]","[0.081099, 0.657188, 0.354393, 0.671798]"
743,728,22,69:4; 89:9; 91:11,69:4; 89:9; 91:11,"[42.001, 480.134, 183.54, 490.575]","[0.081099, 0.671798, 0.354393, 0.686408]"
743,728,22,Thieves 5:38; 12:70; 36:39; 56:6,Thieves 5:38; 12:70; 36:39; 56:6,"[42.001, 490.575, 183.54, 501.017]","[0.081099, 0.686408, 0.354393, 0.701017]"
743,728,22,Thirst 9:120; 20:119; 24:39,Thirst 9:120; 20:119; 24:39,"[42.001, 501.017, 183.54, 511.458]","[0.081099, 0.701017, 0.354393, 0.715627]"
743,728,22,Thirty 7:142; 46:15,Thirty 7:142; 46:15,"[42.001, 511.458, 183.54, 521.9]","[0.081099, 0.715627, 0.354393, 0.730236]"
743,728,22,Thoms 111:5,Thoms 111:5,"[42.001, 521.9, 183.54, 532.341]","[0.081099, 0.730236, 0.354393, 0.744846]"
743,728,22,Thoughts,Thoughts,"[42.001, 532.341, 183.54, 542.783]","[0.081099, 0.744846, 0.354393, 0.759456]"
743,728,23,"17:4; 23:46; 28:4,39; 41:15","17:4; 23:46; 28:4,39; 41:15","[349.3, 497.335, 442.204, 505.335]","[0.674454, 0.695865, 0.85384, 0.707059]"
743,728,24,u,u,"[338.149, 512.328, 475.499, 523.379]","[0.652923, 0.716844, 0.918129, 0.732306]"
743,728,24,"Umrah 2:158,196","Umrah 2:158,196","[338.149, 523.379, 475.499, 534.43]","[0.652923, 0.732306, 0.918129, 0.747768]"
743,728,24,Unaccountable 75:36,Unaccountable 75:36,"[338.149, 534.43, 475.499, 545.481]","[0.652923, 0.747768, 0.918129, 0.76323]"
743,728,24,Unappreciative 2:152;7:17;8:55;11:9;,Unappreciative 2:152;7:17;8:55;11:9;,"[338.149, 545.481, 475.499, 556.531]","[0.652923, 0.76323, 0.918129, 0.778692]"
743,728,24,"14:7,34;17:27,67;22:66;28:58;31:12;","14:7,34;17:27,67;22:66;28:58;31:12;","[338.149, 556.531, 475.499, 567.582]","[0.652923, 0.778692, 0.918129, 0.794155]"
743,728,24,42:48;43:15;68:13;76:3;80:17; 100:6,42:48;43:15;68:13;76:3;80:17; 100:6,"[338.149, 567.582, 475.499, 578.633]","[0.652923, 0.794155, 0.918129, 0.809617]"
743,728,24,"Unaware, God is never","Unaware, God is never","[338.149, 578.633, 475.499, 589.684]","[0.652923, 0.809617, 0.918129, 0.825079]"
743,728,25,declare or conceal 2:284; 11:5;,declare or conceal 2:284; 11:5;,"[42.1, 544.351, 181.15, 553.99]","[0.08129, 0.76165, 0.349778, 0.775136]"
743,728,25,13:10; 20:7,13:10; 20:7,"[42.1, 553.99, 181.15, 563.629]","[0.08129, 0.775136, 0.349778, 0.788623]"
743,728,25,"innermost 3:29,119,154;5:116;11:5;","innermost 3:29,119,154;5:116;11:5;","[42.1, 563.629, 181.15, 573.268]","[0.08129, 0.788623, 0.349778, 0.80211]"
743,728,25,17:25;29:10;50:16;57:6;64:4;67:13,17:25;29:10;50:16;57:6;64:4;67:13,"[42.1, 573.268, 181.15, 582.907]","[0.08129, 0.80211, 0.349778, 0.815597]"
743,728,25,"wrong 3:154; 48:6,12","wrong 3:154; 48:6,12","[42.1, 582.907, 181.15, 592.546]","[0.08129, 0.815597, 0.349778, 0.829084]"
743,728,25,"Thousand 2:96,243; 8:9,65,66; 22:47;","Thousand 2:96,243; 8:9,65,66; 22:47;","[42.1, 592.546, 181.15, 602.185]","[0.08129, 0.829084, 0.349778, 0.84257]"
743,728,26,"2:74,85,140,144,149,255;3:99;6:132;","2:74,85,140,144,149,255;3:99;6:132;","[338.31, 591.251, 476.6, 601.618]","[0.653234, 0.827272, 0.920255, 0.841777]"
743,728,26,11:123; 14:42; 23:17; 27:93; 41:22,11:123; 14:42; 23:17; 27:93; 41:22,"[338.31, 601.618, 476.6, 611.985]","[0.653234, 0.841777, 0.920255, 0.856282]"
743,728,26,"Unchaste 19:20,28","Unchaste 19:20,28","[338.31, 611.985, 476.6, 622.351]","[0.653234, 0.856282, 0.920255, 0.870787]"
743,728,26,Unclean 5:6; 6:145,Unclean 5:6; 6:145,"[338.31, 622.351, 476.6, 632.718]","[0.653234, 0.870787, 0.920255, 0.885292]"
743,728,26,Understanding,Understanding,"[338.31, 632.718, 476.6, 643.085]","[0.653234, 0.885292, 0.920255, 0.899797]"
743,728,27,29:14; 32:5;97:3,29:14; 32:5;97:3,"[42.1, 604.101, 170.164, 614.262]","[0.08129, 0.845251, 0.328565, 0.859469]"
743,728,27,Thread 2:187,Thread 2:187,"[42.1, 614.262, 170.164, 624.424]","[0.08129, 0.859469, 0.328565, 0.873686]"
743,728,27,"Threat 7:70,77; 10:48; 11:32; 21:38,","Threat 7:70,77; 10:48; 11:32; 21:38,","[42.1, 624.424, 170.164, 634.585]","[0.08129, 0.873686, 0.328565, 0.887904]"
743,728,28,60; 27:71; 46:22,60; 27:71; 46:22,"[42.1, 636.435, 159.004, 646.06]","[0.08129, 0.890493, 0.307017, 0.90396]"
743,728,28,"Three 2:196,228; 3:41; 4:3; 5:89;","Three 2:196,228; 3:41; 4:3; 5:89;","[42.1, 646.06, 159.004, 655.685]","[0.08129, 0.90396, 0.307017, 0.917427]"
743,728,29,49:13; 70:13,49:13; 70:13,"[190.449, 641.801, 330.377, 651.721]","[0.367733, 0.898001, 0.637916, 0.911881]"
743,728,29,Trinity 4:171; 5:73,Trinity 4:171; 5:73,"[190.449, 651.721, 330.377, 661.642]","[0.367733, 0.911881, 0.637916, 0.925762]"
743,728,29,Triumph 3:185; 4:13; 5:119; 6:16;,Triumph 3:185; 4:13; 5:119; 6:16;,"[190.449, 661.642, 330.377, 671.563]","[0.367733, 0.925762, 0.637916, 0.939643]"
743,728,29,"9:72,89,100,111; 10:64; 24:52; 33:35;","9:72,89,100,111; 10:64; 24:52; 33:35;","[190.449, 671.563, 330.377, 681.483]","[0.367733, 0.939643, 0.637916, 0.953523]"
743,728,30,"attain 2:242; 3:118; 6:151; 12:2,109;","attain 2:242; 3:118; 6:151; 12:2,109;","[349.3, 644.801, 479.24, 654.034]","[0.674454, 0.902198, 0.925352, 0.915118]"
743,728,30,24:61; 40:67; 43:3; 44:58,24:61; 40:67; 43:3; 44:58,"[349.3, 654.034, 479.24, 663.268]","[0.674454, 0.915118, 0.925352, 0.928037]"
743,728,30,"lack of 2:170,171; 4:78; 5:58,103;","lack of 2:170,171; 4:78; 5:58,103;","[349.3, 663.268, 479.24, 672.501]","[0.674454, 0.928037, 0.925352, 0.940956]"
743,728,30,"6:25; 7:179; 10:42; 17:44,46; 18:57;","6:25; 7:179; 10:42; 17:44,46; 18:57;","[349.3, 672.501, 479.24, 681.735]","[0.674454, 0.940956, 0.925352, 0.953876]"
743,728,31,9:118; 11:65; 18:22; 19:10; 24:58;,9:118; 11:65; 18:22; 19:10; 24:58;,"[42.24, 657.501, 174.29, 667.062]","[0.08156, 0.919968, 0.336532, 0.933346]"
743,728,31,35:1; 39:6; 56:7; 58:7; 65:4; 77:30,35:1; 39:6; 56:7; 58:7; 65:4; 77:30,"[42.24, 667.062, 174.29, 676.624]","[0.08156, 0.933346, 0.336532, 0.946724]"
743,728,31,Three hundred 18:25,Three hundred 18:25,"[42.24, 676.624, 174.29, 686.185]","[0.08156, 0.946724, 0.336532, 0.960102]"
744,729,1,"sent down 2:22,164; 6:99; 7:57;","sent down 2:22,164; 6:99; 7:57;","[337.71, 16.735, 479.5, 26.572]","[0.652076, 0.023415, 0.925854, 0.03718]"
744,729,1,8:11; 10:24; 13:17; 14:32; 15:22;,8:11; 10:24; 13:17; 14:32; 15:22;,"[337.71, 26.572, 479.5, 36.41]","[0.652076, 0.03718, 0.925854, 0.050944]"
744,729,1,"16:10,65; 20:53; 22:63; 23:18; 25:48;","16:10,65; 20:53; 22:63; 23:18; 25:48;","[337.71, 36.41, 479.5, 46.247]","[0.652076, 0.050944, 0.925854, 0.064708]"
744,729,1,27:60; 29:63; 30:24; 31:10; 32:27;,27:60; 29:63; 30:24; 31:10; 32:27;,"[337.71, 46.247, 479.5, 56.084]","[0.652076, 0.064708, 0.925854, 0.078473]"
744,729,1,35:27; 39:21; 41:39; 43:11; 50:9;,35:27; 39:21; 41:39; 43:11; 50:9;,"[337.71, 56.084, 479.5, 65.922]","[0.652076, 0.078473, 0.925854, 0.092237]"
744,729,1,56:68-70; 78:14; 86:11,56:68-70; 78:14; 86:11,"[337.71, 65.922, 479.5, 75.759]","[0.652076, 0.092237, 0.925854, 0.106001]"
744,729,1,sink down 18:41; 67:30,sink down 18:41; 67:30,"[337.71, 75.759, 479.5, 85.597]","[0.652076, 0.106001, 0.925854, 0.119766]"
744,729,1,"Waver 3:139,146; 4:104,143; 9:117;","Waver 3:139,146; 4:104,143; 9:117;","[337.71, 85.597, 479.5, 95.434]","[0.652076, 0.119766, 0.925854, 0.13353]"
744,729,2,"6:34; 8:10,62; 9:25; 12:110; 30:5,47","6:34; 8:10,62; 9:25; 12:110; 30:5,47","[188.979, 17.051, 329.58, 27.022]","[0.364894, 0.023857, 0.636377, 0.037809]"
744,729,2,guaranteed 2:286;3:139;7:128;8:59;,guaranteed 2:286;3:139;7:128;8:59;,"[188.979, 27.022, 329.58, 36.993]","[0.364894, 0.037809, 0.636377, 0.051761]"
744,729,2,"10:62; 11:49; 20:132; 21:9; 22:38-9,","10:62; 11:49; 20:132; 21:9; 22:38-9,","[188.979, 36.993, 329.58, 46.965]","[0.364894, 0.051761, 0.636377, 0.065712]"
744,729,2,41; 24:55; 28:83; 37:172-3; 38:11;,41; 24:55; 28:83; 37:172-3; 38:11;,"[188.979, 46.965, 329.58, 56.936]","[0.364894, 0.065712, 0.636377, 0.079664]"
744,729,2,"40:51; 47:35; 48:3,18,27; 108:3","40:51; 47:35; 48:3,18,27; 108:3","[188.979, 56.936, 329.58, 66.907]","[0.364894, 0.079664, 0.636377, 0.093615]"
744,729,2,"in battle 3:111,123; 8:7,19,26,42,65;","in battle 3:111,123; 8:7,19,26,42,65;","[188.979, 66.907, 329.58, 76.878]","[0.364894, 0.093615, 0.636377, 0.107567]"
744,729,2,"9:14,25-6; 48:22; 59:12","9:14,25-6; 48:22; 59:12","[188.979, 76.878, 329.58, 86.849]","[0.364894, 0.107567, 0.636377, 0.121518]"
744,729,2,spend before 57:10,spend before 57:10,"[188.979, 86.849, 329.58, 96.82]","[0.364894, 0.121518, 0.636377, 0.13547]"
744,729,2,Video tape 17:13; 36:65,Video tape 17:13; 36:65,"[188.979, 96.82, 329.58, 106.792]","[0.364894, 0.13547, 0.636377, 0.149422]"
744,729,2,Views 39:18; 41:5,Views 39:18; 41:5,"[188.979, 106.792, 329.58, 116.763]","[0.364894, 0.149422, 0.636377, 0.163373]"
744,729,2,Violation,Violation,"[188.979, 116.763, 329.58, 126.734]","[0.364894, 0.163373, 0.636377, 0.177325]"
744,729,3,"28:60; 29:63; 63:3,7","28:60; 29:63; 63:3,7","[39.0, 17.085, 178.49, 27.31]","[0.075304, 0.023905, 0.344642, 0.038212]"
744,729,3,"lessons 2:164; 13:4; 16:12,67;20:128;","lessons 2:164; 13:4; 16:12,67;20:128;","[39.0, 27.31, 178.49, 37.535]","[0.075304, 0.038212, 0.344642, 0.052518]"
744,729,3,"22:46; 23:80; 29:63; 30:24,28;","22:46; 23:80; 29:63; 30:24,28;","[39.0, 37.535, 178.49, 47.76]","[0.075304, 0.052518, 0.344642, 0.066825]"
744,729,3,45:5; 57:17,45:5; 57:17,"[39.0, 47.76, 178.49, 57.984]","[0.075304, 0.066825, 0.344642, 0.081131]"
744,729,3,Undrinkable 35:12; 56:70,Undrinkable 35:12; 56:70,"[39.0, 57.984, 178.49, 68.209]","[0.075304, 0.081131, 0.344642, 0.095438]"
744,729,3,"Unholiness 6:125; 9:28,95,125","Unholiness 6:125; 9:28,95,125","[39.0, 68.209, 178.49, 78.434]","[0.075304, 0.095438, 0.344642, 0.109744]"
744,729,3,United 3:103; 4:21; 20:64; 59:14; 61:4,United 3:103; 4:21; 20:64; 59:14; 61:4,"[39.0, 78.434, 178.49, 88.659]","[0.075304, 0.109744, 0.344642, 0.124051]"
744,729,3,"Universe, Lord of the","Universe, Lord of the","[39.0, 88.659, 178.49, 98.884]","[0.075304, 0.124051, 0.344642, 0.138357]"
744,729,4,33:23; 47:35; 53:17,33:23; 47:35; 53:17,"[337.8, 97.101, 465.69, 107.179]","[0.652249, 0.135862, 0.899189, 0.149963]"
744,729,4,Waves 10:22; 11:42-3; 24:40; 31:32,Waves 10:22; 11:42-3; 24:40; 31:32,"[337.8, 107.179, 465.69, 117.256]","[0.652249, 0.149963, 0.899189, 0.164064]"
744,729,4,"Ways, both 39:23","Ways, both 39:23","[337.8, 117.256, 465.69, 127.334]","[0.652249, 0.164064, 0.899189, 0.178164]"
744,729,5,"messenger from 7:61,67,104; 26:16","messenger from 7:61,67,104; 26:16","[39.35, 100.801, 182.61, 111.115]","[0.07598, 0.141039, 0.352597, 0.15547]"
744,729,5,"provision 26:109,127,145,164,180","provision 26:109,127,145,164,180","[39.35, 111.115, 182.61, 121.428]","[0.07598, 0.15547, 0.352597, 0.169901]"
744,729,5,"praise 1:2; 2:131; 6:45,71,162; 7:54;","praise 1:2; 2:131; 6:45,71,162; 7:54;","[39.35, 121.428, 182.61, 131.742]","[0.07598, 0.169901, 0.352597, 0.184332]"
744,729,5,"10:10; 26:47,77; 27:8,44; 37:182;","10:10; 26:47,77; 27:8,44; 37:182;","[39.35, 131.742, 182.61, 142.056]","[0.07598, 0.184332, 0.352597, 0.198763]"
744,729,5,39:75; 40:64-6; 45:36; 59:16,39:75; 40:64-6; 45:36; 59:16,"[39.35, 142.056, 182.61, 152.369]","[0.07598, 0.198763, 0.352597, 0.213194]"
744,729,5,revelation 28:30; 32:2; 56:80; 69:43;,revelation 28:30; 32:2; 56:80; 69:43;,"[39.35, 152.369, 182.61, 162.683]","[0.07598, 0.213194, 0.352597, 0.227624]"
744,729,5,81:29,81:29,"[39.35, 162.683, 182.61, 172.997]","[0.07598, 0.227624, 0.352597, 0.242055]"
744,729,5,Universes (see Heavens) 40:57; 41:12,Universes (see Heavens) 40:57; 41:12,"[39.35, 172.997, 182.61, 183.311]","[0.07598, 0.242055, 0.352597, 0.256486]"
744,729,5,"Unjust, God is never 3:57,140,182;","Unjust, God is never 3:57,140,182;","[39.35, 183.311, 182.61, 193.624]","[0.07598, 0.256486, 0.352597, 0.270917]"
744,729,5,8:51; 10:44; 22:10; 24:50; 26:209;,8:51; 10:44; 22:10; 24:50; 26:209;,"[39.35, 193.624, 182.61, 203.938]","[0.07598, 0.270917, 0.352597, 0.285348]"
744,729,5,41:46; 42:40; 50:29,41:46; 42:40; 50:29,"[39.35, 203.938, 182.61, 214.252]","[0.07598, 0.285348, 0.352597, 0.299778]"
744,729,5,"Unlimited, grace 3:74,174; 8:29;","Unlimited, grace 3:74,174; 8:29;","[39.35, 214.252, 182.61, 224.565]","[0.07598, 0.299778, 0.352597, 0.314209]"
744,729,5,"57:21,29; 62:4","57:21,29; 62:4","[39.35, 224.565, 182.61, 234.879]","[0.07598, 0.314209, 0.352597, 0.32864]"
744,729,5,Unrighteousness 4:97; 11:46; 19:28,Unrighteousness 4:97; 11:46; 19:28,"[39.35, 234.879, 182.61, 245.193]","[0.07598, 0.32864, 0.352597, 0.343071]"
744,729,5,Unseen 2:3; 34:53,Unseen 2:3; 34:53,"[39.35, 245.193, 182.61, 255.506]","[0.07598, 0.343071, 0.352597, 0.357502]"
744,729,5,Unwillingly 3:83; 9:53; 13:15; 41:11,Unwillingly 3:83; 9:53; 13:15; 41:11,"[39.35, 255.506, 182.61, 265.82]","[0.07598, 0.357502, 0.352597, 0.371933]"
744,729,5,Upholding,Upholding,"[39.35, 265.82, 182.61, 276.134]","[0.07598, 0.371933, 0.352597, 0.386363]"
744,729,6,"of covenant 2:27,100,286; 4:155;","of covenant 2:27,100,286; 4:155;","[188.999, 128.401, 324.45, 138.649]","[0.364933, 0.179657, 0.626472, 0.193996]"
744,729,6,"5:13; 13:20,25; 38:44","5:13; 13:20,25; 38:44","[188.999, 138.649, 324.45, 148.897]","[0.364933, 0.193996, 0.626472, 0.208335]"
744,729,6,"of laws and vows 2:187,229; 3:77;","of laws and vows 2:187,229; 3:77;","[188.999, 148.897, 324.45, 159.145]","[0.364933, 0.208335, 0.626472, 0.222673]"
744,729,6,8:56;9:37;13:20;16:95;9:12-3;48:10,8:56;9:37;13:20;16:95;9:12-3;48:10,"[188.999, 159.145, 324.45, 169.392]","[0.364933, 0.222673, 0.626472, 0.237012]"
744,729,6,of shrines 5:2,of shrines 5:2,"[188.999, 169.392, 324.45, 179.64]","[0.364933, 0.237012, 0.626472, 0.251351]"
744,729,6,Virgin 66:5,Virgin 66:5,"[188.999, 179.64, 324.45, 189.888]","[0.364933, 0.251351, 0.626472, 0.265689]"
744,729,6,Viscera 86:7,Viscera 86:7,"[188.999, 189.888, 324.45, 200.136]","[0.364933, 0.265689, 0.626472, 0.280028]"
744,729,6,Vision,Vision,"[188.999, 200.136, 324.45, 210.384]","[0.364933, 0.280028, 0.626472, 0.294367]"
744,729,7,God’s 4:160; 5:35; 12:108; 16:94;,God’s 4:160; 5:35; 12:108; 16:94;,"[337.9, 129.001, 469.39, 138.562]","[0.652443, 0.180496, 0.906333, 0.193874]"
744,729,7,19:43; 33:4; 38:22,19:43; 33:4; 38:22,"[337.9, 138.562, 469.39, 148.123]","[0.652443, 0.193874, 0.906333, 0.207252]"
744,729,7,Weakness 3:123; 4:98; 7:150; 8:66;,Weakness 3:123; 4:98; 7:150; 8:66;,"[337.9, 148.123, 469.39, 157.684]","[0.652443, 0.207252, 0.906333, 0.220629]"
744,729,8,9:91; 19:75; 36:68; 72:24,9:91; 19:75; 36:68; 72:24,"[337.8, 159.251, 475.491, 169.799]","[0.652249, 0.222822, 0.918114, 0.237581]"
744,729,8,"Wealth 1:188; 9:55,69; 10:88; 17:6,64;","Wealth 1:188; 9:55,69; 10:88; 17:6,64;","[337.8, 169.799, 475.491, 180.347]","[0.652249, 0.237581, 0.918114, 0.25234]"
744,729,8,"19:77; 28:76; 34:35,37; 38:34;","19:77; 28:76; 34:35,37; 38:34;","[337.8, 180.347, 475.491, 190.896]","[0.652249, 0.25234, 0.918114, 0.267099]"
744,729,8,43:33-5; 65:7; 100:8; 111:2,43:33-5; 65:7; 100:8; 111:2,"[337.8, 190.896, 475.491, 201.444]","[0.652249, 0.267099, 0.918114, 0.281858]"
744,729,8,Weaning 31:14; 46:15,Weaning 31:14; 46:15,"[337.8, 201.444, 475.491, 211.992]","[0.652249, 0.281858, 0.918114, 0.296617]"
744,729,8,Weapons 4:102,Weapons 4:102,"[337.8, 211.992, 475.491, 222.54]","[0.652249, 0.296617, 0.918114, 0.311376]"
744,729,8,"Weeping 12:16,84;17:109;19:58;44:29","Weeping 12:16,84;17:109;19:58;44:29","[337.8, 222.54, 475.491, 233.088]","[0.652249, 0.311376, 0.918114, 0.326135]"
744,729,8,Weighing 7:8;11:84;17:35;26:182;55:8,Weighing 7:8;11:84;17:35;26:182;55:8,"[337.8, 233.088, 475.491, 243.637]","[0.652249, 0.326135, 0.918114, 0.340894]"
744,729,8,Weights,Weights,"[337.8, 243.637, 475.491, 254.185]","[0.652249, 0.340894, 0.918114, 0.355653]"
744,729,9,foresight (understanding) 17:60;,foresight (understanding) 17:60;,"[189.09, 212.301, 327.79, 222.584]","[0.365109, 0.297049, 0.632921, 0.311437]"
744,729,9,"37:102,105; 38:45; 48:27; 59:2","37:102,105; 38:45; 48:27; 59:2","[189.09, 222.584, 327.79, 232.867]","[0.365109, 0.311437, 0.632921, 0.325826]"
744,729,9,"sight 6:103,110; 16:108; 75:7","sight 6:103,110; 16:108; 75:7","[189.09, 232.867, 327.79, 243.151]","[0.365109, 0.325826, 0.632921, 0.340214]"
744,729,9,Voices 17:64;20:108;31:19;49:2-3;63:4,Voices 17:64;20:108;31:19;49:2-3;63:4,"[189.09, 243.151, 327.79, 253.434]","[0.365109, 0.340214, 0.632921, 0.354602]"
744,729,9,"Volunteers 2:158,184","Volunteers 2:158,184","[189.09, 253.434, 327.79, 263.717]","[0.365109, 0.354602, 0.632921, 0.36899]"
744,729,9,"Vow 3:76-7; 5:89; 6:152; 9:12-3,75,77;","Vow 3:76-7; 5:89; 6:152; 9:12-3,75,77;","[189.09, 263.717, 327.79, 274.001]","[0.365109, 0.36899, 0.632921, 0.383379]"
744,729,9,"13:20; 16:91; 22:29; 33:15,23;","13:20; 16:91; 22:29; 33:15,23;","[189.09, 274.001, 327.79, 284.284]","[0.365109, 0.383379, 0.632921, 0.397767]"
744,729,9,43:50; 70:32; 76:7,43:50; 70:32; 76:7,"[189.09, 284.284, 327.79, 294.567]","[0.365109, 0.397767, 0.632921, 0.412155]"
744,729,9,Vulnerable 33:13,Vulnerable 33:13,"[189.09, 294.567, 327.79, 304.851]","[0.365109, 0.412155, 0.632921, 0.426544]"
744,729,9,Vultures 22:31,Vultures 22:31,"[189.09, 304.851, 327.79, 315.134]","[0.365109, 0.426544, 0.632921, 0.440932]"
744,729,10,"atom’s 4:40; 34:3,22; 99:7-8","atom’s 4:40; 34:3,22; 99:7-8","[337.889, 256.001, 473.59, 265.856]","[0.652421, 0.358194, 0.914443, 0.371983]"
744,729,10,measures 6:152; 7:85; 11:85; 83:3,measures 6:152; 7:85; 11:85; 83:3,"[337.889, 265.856, 473.59, 275.712]","[0.652421, 0.371983, 0.914443, 0.385773]"
744,729,10,on day of judgment 18:105; 7:8-9;,on day of judgment 18:105; 7:8-9;,"[337.889, 275.712, 473.59, 285.567]","[0.652421, 0.385773, 0.914443, 0.399563]"
744,729,10,"23:102-3; 101:6,8","23:102-3; 101:6,8","[337.889, 285.567, 473.59, 295.423]","[0.652421, 0.399563, 0.914443, 0.413352]"
744,729,10,"Well 12:10,15,19; 22:45; 55:66","Well 12:10,15,19; 22:45; 55:66","[337.889, 295.423, 473.59, 305.278]","[0.652421, 0.413352, 0.914443, 0.427142]"
744,729,10,"West 2:115,142,177,258; 7:137; 18:86;","West 2:115,142,177,258; 7:137; 18:86;","[337.889, 305.278, 473.59, 315.134]","[0.652421, 0.427142, 0.914443, 0.440932]"
744,729,11,"commandments 2:93,230; 13:21;","commandments 2:93,230; 13:21;","[39.611, 277.951, 181.501, 287.82]","[0.076484, 0.388906, 0.350456, 0.402714]"
744,729,11,39:55; 57:27; 68:48; 76:24,39:55; 57:27; 68:48; 76:24,"[39.611, 287.82, 181.501, 297.689]","[0.076484, 0.402714, 0.350456, 0.416523]"
744,729,11,"covenants 2:40,63; 5:7","covenants 2:40,63; 5:7","[39.611, 297.689, 181.501, 307.558]","[0.076484, 0.416523, 0.350456, 0.430332]"
744,729,11,"scriptures 2:121; 5:66,68; 7:169;","scriptures 2:121; 5:66,68; 7:169;","[39.611, 307.558, 181.501, 317.427]","[0.076484, 0.430332, 0.350456, 0.444141]"
744,729,11,19:12; 42:13-5; 92:6,19:12; 42:13-5; 92:6,"[39.611, 317.427, 181.501, 327.297]","[0.076484, 0.444141, 0.350456, 0.45795]"
744,729,11,"Usury 2:275-6,278; 3:130; 4:161; 30:39","Usury 2:275-6,278; 3:130; 4:161; 30:39","[39.611, 327.297, 181.501, 337.166]","[0.076484, 0.45795, 0.350456, 0.471759]"
744,729,11,Utterances,Utterances,"[39.611, 337.166, 181.501, 347.035]","[0.076484, 0.471759, 0.350456, 0.485567]"
744,729,12,26:28; 55:17; 70:40; 73:9,26:28; 55:17; 70:40; 73:9,"[337.89, 316.601, 473.94, 327.158]","[0.652423, 0.442984, 0.915119, 0.457755]"
744,729,12,"Wheat 12:43,46","Wheat 12:43,46","[337.89, 327.158, 473.94, 337.715]","[0.652423, 0.457755, 0.915119, 0.472526]"
744,729,12,"Whip 24:2,4","Whip 24:2,4","[337.89, 337.715, 473.94, 348.271]","[0.652423, 0.472526, 0.915119, 0.487297]"
744,729,12,"Whispering 7:20; 20:108,120; 114:4-5","Whispering 7:20; 20:108,120; 114:4-5","[337.89, 348.271, 473.94, 358.828]","[0.652423, 0.487297, 0.915119, 0.502068]"
744,729,12,White 2:187; 7:108; 12:84; 20:22;,White 2:187; 7:108; 12:84; 20:22;,"[337.89, 358.828, 473.94, 369.385]","[0.652423, 0.502068, 0.915119, 0.516839]"
744,729,13,w,w,"[189.34, 321.728, 320.78, 332.556]","[0.365592, 0.450158, 0.619386, 0.465309]"
744,729,13,"Wage 6:90; 10:72; 11:29,51; 12:104;","Wage 6:90; 10:72; 11:29,51; 12:104;","[189.34, 332.556, 320.78, 343.385]","[0.365592, 0.465309, 0.619386, 0.48046]"
744,729,13,25:57; 34:47; 36:21; 38:86; 42:23;,25:57; 34:47; 36:21; 38:86; 42:23;,"[189.34, 343.385, 320.78, 354.213]","[0.365592, 0.48046, 0.619386, 0.495611]"
744,729,13,52:40; 68:46,52:40; 68:46,"[189.34, 354.213, 320.78, 365.041]","[0.365592, 0.495611, 0.619386, 0.510762]"
744,729,13,Wail 11:106; 21:100,Wail 11:106; 21:100,"[189.34, 365.041, 320.78, 375.87]","[0.365592, 0.510762, 0.619386, 0.525913]"
744,729,13,"Waiting 2:210; 4:25; 6:158; 7:53,71;","Waiting 2:210; 4:25; 6:158; 7:53,71;","[189.34, 375.87, 320.78, 386.698]","[0.365592, 0.525913, 0.619386, 0.541063]"
744,729,13,"9:52; 10:20,102; 16:33; 20:135;","9:52; 10:20,102; 16:33; 20:135;","[189.34, 386.698, 320.78, 397.526]","[0.365592, 0.541063, 0.619386, 0.556214]"
744,729,13,32:30; 43:66; 44:59; 47:18,32:30; 43:66; 44:59; 47:18,"[189.34, 397.526, 320.78, 408.355]","[0.365592, 0.556214, 0.619386, 0.571365]"
744,729,13,Walking 2:239; 17:37; 20:128; 24:45;,Walking 2:239; 17:37; 20:128; 24:45;,"[189.34, 408.355, 320.78, 419.183]","[0.365592, 0.571365, 0.619386, 0.586516]"
744,729,14,patience 20:130; 38:17; 50:39; 73:10,patience 20:130; 38:17; 50:39; 73:10,"[50.149, 348.751, 184.989, 358.349]","[0.096831, 0.487968, 0.357191, 0.501398]"
744,729,14,"false 2:113,118; 3:167; 5:63-4; 6:112;","false 2:113,118; 3:167; 5:63-4; 6:112;","[50.149, 358.349, 184.989, 367.947]","[0.096831, 0.501398, 0.357191, 0.514827]"
744,729,14,"9:30,69; 10:65; 13:33; 18:5; 21:15,27;","9:30,69; 10:65; 13:33; 18:5; 21:15,27;","[50.149, 367.947, 184.989, 377.545]","[0.096831, 0.514827, 0.357191, 0.528257]"
744,729,14,"23:81,100; 48:11; 61:2; 72:5","23:81,100; 48:11; 61:2; 72:5","[50.149, 377.545, 184.989, 387.143]","[0.096831, 0.528257, 0.357191, 0.541686]"
744,729,14,God aware of 2:225; 3:181;,God aware of 2:225; 3:181;,"[50.149, 387.143, 184.989, 396.741]","[0.096831, 0.541686, 0.357191, 0.555115]"
744,729,14,"21:4,110; 23:96; 36:76; 50:18; 67:13","21:4,110; 23:96; 36:76; 50:18; 67:13","[50.149, 396.741, 184.989, 406.339]","[0.096831, 0.555115, 0.357191, 0.568545]"
744,729,14,"messenger’s 69:40-2,44; 81:19-25","messenger’s 69:40-2,44; 81:19-25","[50.149, 406.339, 184.989, 415.937]","[0.096831, 0.568545, 0.357191, 0.581974]"
744,729,14,obedient 3:147; 5:89; 24:51; 56:26,obedient 3:147; 5:89; 24:51; 56:26,"[50.149, 415.937, 184.989, 425.535]","[0.096831, 0.581974, 0.357191, 0.595404]"
744,729,15,26:33; 27:12; 28:32,26:33; 27:12; 28:32,"[337.9, 371.201, 418.3, 380.667]","[0.652443, 0.51938, 0.807685, 0.532626]"
744,729,15,Wicked,Wicked,"[337.9, 380.667, 418.3, 390.134]","[0.652443, 0.532626, 0.807685, 0.545871]"
744,729,16,"consequences for 6:21,45,93,129,","consequences for 6:21,45,93,129,","[337.799, 391.801, 482.84, 402.026]","[0.652247, 0.548203, 0.932303, 0.562511]"
744,729,16,"135; 7:41,44,103; 10:17; 11:18; 12:23;","135; 7:41,44,103; 10:17; 11:18; 12:23;","[337.799, 402.026, 482.84, 412.252]","[0.652247, 0.562511, 0.932303, 0.576818]"
744,729,16,"14:13,22; 16:85; 17:99; 18:29; 19:38;","14:13,22; 16:85; 17:99; 18:29; 19:38;","[337.799, 412.252, 482.84, 422.477]","[0.652247, 0.576818, 0.932303, 0.591125]"
744,729,16,21:29; 25:27; 26:227; 27:14; 34:31;,21:29; 25:27; 26:227; 27:14; 34:31;,"[337.799, 422.477, 482.84, 432.702]","[0.652247, 0.591125, 0.932303, 0.605432]"
744,729,16,"37:22,63; 40:18,52; 42:21; 45:19;","37:22,63; 40:18,52; 42:21; 45:19;","[337.799, 432.702, 482.84, 442.928]","[0.652247, 0.605432, 0.932303, 0.619739]"
744,729,16,52:47;59:17;76:31;82:14;83:7;92:15,52:47;59:17;76:31;82:14;83:7;92:15,"[337.799, 442.928, 482.84, 453.153]","[0.652247, 0.619739, 0.932303, 0.634047]"
744,729,16,"God aware of 2:95; 3:63; 6:55,58;","God aware of 2:95; 3:63; 6:55,58;","[337.799, 453.153, 482.84, 463.378]","[0.652247, 0.634047, 0.932303, 0.648354]"
744,729,16,9:47; 10:40; 14:42; 62:7,9:47; 10:40; 14:42; 62:7,"[337.799, 463.378, 482.84, 473.604]","[0.652247, 0.648354, 0.932303, 0.662661]"
744,729,16,"God misleads 2:26,99,258,270;","God misleads 2:26,99,258,270;","[337.799, 473.604, 482.84, 483.829]","[0.652247, 0.662661, 0.932303, 0.676968]"
744,729,16,"3:86; 5:51,72,108; 10:33; 14:27;","3:86; 5:51,72,108; 10:33; 14:27;","[337.799, 483.829, 482.84, 494.055]","[0.652247, 0.676968, 0.932303, 0.691275]"
744,729,16,17:82; 22:53; 26:200; 28:50; 31:11;,17:82; 22:53; 26:200; 28:50; 31:11;,"[337.799, 494.055, 482.84, 504.28]","[0.652247, 0.691275, 0.932303, 0.705583]"
744,729,16,46:10; 61:5; 71:24,46:10; 61:5; 71:24,"[337.799, 504.28, 482.84, 514.505]","[0.652247, 0.705583, 0.932303, 0.71989]"
744,729,16,invent lies 2:59; 3:94; 18:15; 29:68;,invent lies 2:59; 3:94; 18:15; 29:68;,"[337.799, 514.505, 482.84, 524.731]","[0.652247, 0.71989, 0.932303, 0.734197]"
744,729,16,39:32,39:32,"[337.799, 524.731, 482.84, 534.956]","[0.652247, 0.734197, 0.932303, 0.748504]"
744,729,16,Wickedness 2:59; 4:153; 6:49; 7:162;,Wickedness 2:59; 4:153; 6:49; 7:162;,"[337.799, 534.956, 482.84, 545.181]","[0.652247, 0.748504, 0.932303, 0.762812]"
744,729,16,"9:84; 16:28,88; 17:82; 18:35; 22:48;","9:84; 16:28,88; 17:82; 18:35; 22:48;","[337.799, 545.181, 482.84, 555.407]","[0.652247, 0.762812, 0.932303, 0.777119]"
744,729,16,"27:52,85; 29:14,34; 49:7,11","27:52,85; 29:14,34; 49:7,11","[337.799, 555.407, 482.84, 565.632]","[0.652247, 0.777119, 0.932303, 0.791426]"
744,729,16,"Widows 2:234-5,240","Widows 2:234-5,240","[337.799, 565.632, 482.84, 575.857]","[0.652247, 0.791426, 0.932303, 0.805733]"
744,729,16,Wife see wives,Wife see wives,"[337.799, 575.857, 482.84, 586.083]","[0.652247, 0.805733, 0.932303, 0.82004]"
744,729,16,Wilderness 24:39; 68:49,Wilderness 24:39; 68:49,"[337.799, 586.083, 482.84, 596.308]","[0.652247, 0.82004, 0.932303, 0.834348]"
744,729,16,Will 2:180-2; 4:11-2; 5:106,Will 2:180-2; 4:11-2; 5:106,"[337.799, 596.308, 482.84, 606.534]","[0.652247, 0.834348, 0.932303, 0.848655]"
744,729,16,"Willing, God 12:99; 18:24,69; 28:27;","Willing, God 12:99; 18:24,69; 28:27;","[337.799, 606.534, 482.84, 616.759]","[0.652247, 0.848655, 0.932303, 0.862962]"
744,729,16,37:102,37:102,"[337.799, 616.759, 482.84, 626.984]","[0.652247, 0.862962, 0.932303, 0.877269]"
744,729,16,Willingly 3:83;9:53;13:15;16:106;41:11,Willingly 3:83;9:53;13:15;16:106;41:11,"[337.799, 626.984, 482.84, 637.21]","[0.652247, 0.877269, 0.932303, 0.891576]"
744,729,16,Winds 2:164; 7:57; 10:22; 15:22;,Winds 2:164; 7:57; 10:22; 15:22;,"[337.799, 637.21, 482.84, 647.435]","[0.652247, 0.891576, 0.932303, 0.905884]"
744,729,17,"25:7,20; 31:19; 32:26","25:7,20; 31:19; 32:26","[188.5, 421.101, 330.7, 431.291]","[0.36397, 0.5892, 0.63854, 0.603457]"
744,729,17,"Wall 18:77,82","Wall 18:77,82","[188.5, 431.291, 330.7, 441.48]","[0.36397, 0.603457, 0.63854, 0.617714]"
744,729,17,"War (see also fighting) 2:177,190-5;","War (see also fighting) 2:177,190-5;","[188.5, 441.48, 330.7, 451.67]","[0.36397, 0.617714, 0.63854, 0.631972]"
744,729,17,"3:140,152-5;4:91,104;8:7-12,14-5,39,","3:140,152-5;4:91,104;8:7-12,14-5,39,","[188.5, 451.67, 330.7, 461.86]","[0.36397, 0.631972, 0.63854, 0.646229]"
744,729,17,"41-4,65-6;9:13-6;33:9-23;47:4;59:5","41-4,65-6;9:13-6;33:9-23;47:4;59:5","[188.5, 461.86, 330.7, 472.05]","[0.36397, 0.646229, 0.63854, 0.660487]"
744,729,17,"mobilizing for 4:71; 9:41-6,120,122","mobilizing for 4:71; 9:41-6,120,122","[188.5, 472.05, 330.7, 482.239]","[0.36397, 0.660487, 0.63854, 0.674744]"
744,729,17,"spoils of 8:1,69; 48:15; 59:6-7","spoils of 8:1,69; 48:15; 59:6-7","[188.5, 482.239, 330.7, 492.429]","[0.36397, 0.674744, 0.63854, 0.689001]"
744,729,17,"Warner 2:119,213; 4:165; 5:19; 7:184;","Warner 2:119,213; 4:165; 5:19; 7:184;","[188.5, 492.429, 330.7, 502.619]","[0.36397, 0.689001, 0.63854, 0.703259]"
744,729,17,10:2; 13:7; 14:44; 19:39; 22:49;,10:2; 13:7; 14:44; 19:39; 22:49;,"[188.5, 502.619, 330.7, 512.809]","[0.36397, 0.703259, 0.63854, 0.717516]"
744,729,17,"27:92; 34:34,44; 35:23-4,42; 38:4,65;","27:92; 34:34,44; 35:23-4,42; 38:4,65;","[188.5, 512.809, 330.7, 522.999]","[0.36397, 0.717516, 0.63854, 0.731774]"
744,729,17,"40:15,18; 67:8-9,26;78:40; 92:14","40:15,18; 67:8-9,26;78:40; 92:14","[188.5, 522.999, 330.7, 533.188]","[0.36397, 0.731774, 0.63854, 0.746031]"
744,729,17,Quran 11:2; 15:89; 19:97; 25:1;,Quran 11:2; 15:89; 19:97; 25:1;,"[188.5, 533.188, 330.7, 543.378]","[0.36397, 0.746031, 0.63854, 0.760288]"
744,729,17,28:46; 32:3; 41:4; 42:7; 44:3; 46:12;,28:46; 32:3; 41:4; 42:7; 44:3; 46:12;,"[188.5, 543.378, 330.7, 553.568]","[0.36397, 0.760288, 0.63854, 0.774546]"
744,729,17,51:50-1; 74:2,51:50-1; 74:2,"[188.5, 553.568, 330.7, 563.758]","[0.36397, 0.774546, 0.63854, 0.788803]"
744,729,17,Muhammad 7:188; 11:12; 17:105;,Muhammad 7:188; 11:12; 17:105;,"[188.5, 563.758, 330.7, 573.947]","[0.36397, 0.788803, 0.63854, 0.803061]"
744,729,17,25:56; 26:194; 29:50; 33:45; 34:28;,25:56; 26:194; 29:50; 33:45; 34:28;,"[188.5, 573.947, 330.7, 584.137]","[0.36397, 0.803061, 0.63854, 0.817318]"
744,729,17,36:6; 46:9; 48:8; 50:2,36:6; 46:9; 48:8; 50:2,"[188.5, 584.137, 330.7, 594.327]","[0.36397, 0.817318, 0.63854, 0.831576]"
744,729,17,Noah 11:25; 26:115; 71:1-2,Noah 11:25; 26:115; 71:1-2,"[188.5, 594.327, 330.7, 604.517]","[0.36397, 0.831576, 0.63854, 0.845833]"
744,729,17,Warnings 6:47; 16:47; 29:38; 35:18;,Warnings 6:47; 16:47; 29:38; 35:18;,"[188.5, 604.517, 330.7, 614.707]","[0.36397, 0.845833, 0.63854, 0.86009]"
744,729,17,"50:28,45; 53:56; Sura 54; 67:17;","50:28,45; 53:56; Sura 54; 67:17;","[188.5, 614.707, 330.7, 624.896]","[0.36397, 0.86009, 0.63854, 0.874348]"
744,729,17,74:36,74:36,"[188.5, 624.896, 330.7, 635.086]","[0.36397, 0.874348, 0.63854, 0.888605]"
744,729,17,Watcher 5:117; 11:93; 50:18,Watcher 5:117; 11:93; 50:18,"[188.5, 635.086, 330.7, 645.276]","[0.36397, 0.888605, 0.63854, 0.902863]"
744,729,17,"Watchful, God 20:39; 33:52; 54:14;","Watchful, God 20:39; 33:52; 54:14;","[188.5, 645.276, 330.7, 655.466]","[0.36397, 0.902863, 0.63854, 0.91712]"
744,729,17,89:14,89:14,"[188.5, 655.466, 330.7, 665.655]","[0.36397, 0.91712, 0.63854, 0.931377]"
744,729,17,"Water, creation 11:7; 21:30; 24:45;","Water, creation 11:7; 21:30; 24:45;","[188.5, 665.655, 330.7, 675.845]","[0.36397, 0.931377, 0.63854, 0.945635]"
744,729,17,25:54; 55:19,25:54; 55:19,"[188.5, 675.845, 330.7, 686.035]","[0.36397, 0.945635, 0.63854, 0.959892]"
744,729,18,v,v,"[38.9, 432.628, 113.0, 445.157]","[0.075111, 0.605328, 0.218189, 0.622858]"
744,729,18,Vain,Vain,"[38.9, 445.157, 113.0, 457.685]","[0.075111, 0.622858, 0.218189, 0.640388]"
744,729,19,do not be 28:76,do not be 28:76,"[38.15, 459.535, 185.85, 469.329]","[0.073663, 0.642976, 0.358853, 0.65668]"
744,729,19,not created in 3:191; 10:5; 23:115;,not created in 3:191; 10:5; 23:115;,"[38.15, 469.329, 185.85, 479.124]","[0.073663, 0.65668, 0.358853, 0.670384]"
744,729,19,38:27; 44:38,38:27; 44:38,"[38.15, 479.124, 185.85, 488.918]","[0.073663, 0.670384, 0.358853, 0.684088]"
744,729,19,religion in 2:231; 6:70; 7:51; 18:56;,religion in 2:231; 6:70; 7:51; 18:56;,"[38.15, 488.918, 185.85, 498.712]","[0.073663, 0.684088, 0.358853, 0.697793]"
744,729,19,"45:9,35","45:9,35","[38.15, 498.712, 185.85, 508.507]","[0.073663, 0.697793, 0.358853, 0.711497]"
744,729,19,talk 23:3; 25:72; 28:55; 56:25;,talk 23:3; 25:72; 28:55; 56:25;,"[38.15, 508.507, 185.85, 518.301]","[0.073663, 0.711497, 0.358853, 0.725201]"
744,729,19,78:35; 86:14,78:35; 86:14,"[38.15, 518.301, 185.85, 528.095]","[0.073663, 0.725201, 0.358853, 0.738905]"
744,729,19,"works in 13:14;18:28,105;21:94;40:5C","works in 13:14;18:28,105;21:94;40:5C","[38.15, 528.095, 185.85, 537.89]","[0.073663, 0.738905, 0.358853, 0.752609]"
744,729,19,"Vanities 6:32; 11:15; 18:28,46;","Vanities 6:32; 11:15; 18:28,46;","[38.15, 537.89, 185.85, 547.684]","[0.073663, 0.752609, 0.358853, 0.766313]"
744,729,20,20:131; 26:128; 28:60-1; 29:64;,20:131; 26:128; 28:60-1; 29:64;,"[37.44, 549.635, 170.69, 560.524]","[0.072292, 0.769043, 0.329581, 0.784278]"
744,729,20,33:28; 43:35; 47:36; 57:20,33:28; 43:35; 47:36; 57:20,"[37.44, 560.524, 170.69, 571.412]","[0.072292, 0.784278, 0.329581, 0.799514]"
744,729,20,Vegetables 2:61; 80:31,Vegetables 2:61; 80:31,"[37.44, 571.412, 170.69, 582.301]","[0.072292, 0.799514, 0.329581, 0.814749]"
744,729,20,"Vegetation 6:99,141; 55:48; 78:15","Vegetation 6:99,141; 55:48; 78:15","[37.44, 582.301, 170.69, 593.19]","[0.072292, 0.814749, 0.329581, 0.829984]"
744,729,20,Veils 2:7; 24:31; 45:23; 50:22; 83:15,Veils 2:7; 24:31; 45:23; 50:22; 83:15,"[37.44, 593.19, 170.69, 604.078]","[0.072292, 0.829984, 0.329581, 0.845219]"
744,729,20,"Vein, jugular 50:16","Vein, jugular 50:16","[37.44, 604.078, 170.69, 614.967]","[0.072292, 0.845219, 0.329581, 0.860455]"
744,729,20,Velvet 18:31; 44:53; 76:21,Velvet 18:31; 44:53; 76:21,"[37.44, 614.967, 170.69, 625.856]","[0.072292, 0.860455, 0.329581, 0.87569]"
744,729,20,Verses 3:7; 11:1; 24:1; 41:3; 45:9,Verses 3:7; 11:1; 24:1; 41:3; 45:9,"[37.44, 625.856, 170.69, 636.744]","[0.072292, 0.87569, 0.329581, 0.890925]"
744,729,20,Vice 2:169; 12:24; 16:90; 17:32;,Vice 2:169; 12:24; 16:90; 17:32;,"[37.44, 636.744, 170.69, 647.633]","[0.072292, 0.890925, 0.329581, 0.906161]"
744,729,21,"21:81; 25:48; 27:63; 30:46,48; 34:12;","21:81; 25:48; 27:63; 30:46,48; 34:12;","[337.81, 649.201, 479.7, 658.959]","[0.652269, 0.908355, 0.926241, 0.922008]"
744,729,21,35:9;38:36;41:16;42:33;45:5;46:24;,35:9;38:36;41:16;42:33;45:5;46:24;,"[337.81, 658.959, 479.7, 668.717]","[0.652269, 0.922008, 0.926241, 0.935662]"
744,729,21,"51:1,41; 54:19; 67:17; 69:6; 77:2","51:1,41; 54:19; 67:17; 69:6; 77:2","[337.81, 668.717, 479.7, 678.476]","[0.652269, 0.935662, 0.926241, 0.949315]"
744,729,21,"Wine 2:219; 5:90; 12:36,41,49","Wine 2:219; 5:90; 12:36,41,49","[337.81, 678.476, 479.7, 688.234]","[0.652269, 0.949315, 0.926241, 0.962969]"
744,729,22,"21:74; 24:19,21","21:74; 24:19,21","[37.1, 649.701, 118.4, 659.945]","[0.071635, 0.909054, 0.228615, 0.923388]"
744,729,22,"Victim 2:73,178; 4:92","Victim 2:73,178; 4:92","[37.1, 659.945, 118.4, 670.19]","[0.071635, 0.923388, 0.228615, 0.937722]"
744,729,22,Victories,Victories,"[37.1, 670.19, 118.4, 680.434]","[0.071635, 0.937722, 0.228615, 0.952056]"
744,729,23,"God’s 2:214;3:13,126,160;4:73;5:52;","God’s 2:214;3:13,126,160;4:73;5:52;","[48.7, 681.285, 178.74, 689.285]","[0.094033, 0.953246, 0.345124, 0.96444]"
745,730,1,Wings 6:38; 17:24; 20:22; 26:215; 35:1,Wings 6:38; 17:24; 20:22; 26:215; 35:1,"[43.2, 16.601, 187.899, 26.683]","[0.083414, 0.023228, 0.362809, 0.037335]"
745,730,1,"Winners 2:5; 3:104; 5:56; 6:135; 7:8,","Winners 2:5; 3:104; 5:56; 6:135; 7:8,","[43.2, 26.683, 187.899, 36.766]","[0.083414, 0.037335, 0.362809, 0.051442]"
745,730,1,"59,113,157; 9:20,71,88; 20:64,68;","59,113,157; 9:20,71,88; 20:64,68;","[43.2, 36.766, 187.899, 46.848]","[0.083414, 0.051442, 0.362809, 0.065549]"
745,730,1,"23:102,111; 24:51; 26:40; 28:67;","23:102,111; 24:51; 26:40; 28:67;","[43.2, 46.848, 187.899, 56.93]","[0.083414, 0.065549, 0.362809, 0.079656]"
745,730,1,"30:3,38; 31:5,22; 37:116,173; 58:21-","30:3,38; 31:5,22; 37:116,173; 58:21-","[43.2, 56.93, 187.899, 67.013]","[0.083414, 0.079656, 0.362809, 0.093763]"
745,730,1,"2; 59:9,20; 64:16; 87:14; 91:9","2; 59:9,20; 64:16; 87:14; 91:9","[43.2, 67.013, 187.899, 77.095]","[0.083414, 0.093763, 0.362809, 0.10787]"
745,730,1,Wiped out 3:117; 6:45; 7:72; 15:66;,Wiped out 3:117; 6:45; 7:72; 15:66;,"[43.2, 77.095, 187.899, 87.177]","[0.083414, 0.10787, 0.362809, 0.121977]"
745,730,1,"18:40,42,98; 20:105; 53:51; 77:10;","18:40,42,98; 20:105; 53:51; 77:10;","[43.2, 87.177, 187.899, 97.259]","[0.083414, 0.121977, 0.362809, 0.136084]"
745,730,1,78:20,78:20,"[43.2, 97.259, 187.899, 107.342]","[0.083414, 0.136084, 0.362809, 0.150191]"
745,730,1,"Wisdom 2:129,151,231; 54:5; 62:2","Wisdom 2:129,151,231; 54:5; 62:2","[43.2, 107.342, 187.899, 117.424]","[0.083414, 0.150191, 0.362809, 0.164299]"
745,730,1,messengers 2:251; 3:81; 4:54; 12:22;,messengers 2:251; 3:81; 4:54; 12:22;,"[43.2, 117.424, 187.899, 127.506]","[0.083414, 0.164299, 0.362809, 0.178406]"
745,730,1,"16:125; 18:66; 21:74,79; 26:21,83;","16:125; 18:66; 21:74,79; 26:21,83;","[43.2, 127.506, 187.899, 137.589]","[0.083414, 0.178406, 0.362809, 0.192513]"
745,730,1,28:14; 31:12; 38:20; 43:63,28:14; 31:12; 38:20; 43:63,"[43.2, 137.589, 187.899, 147.671]","[0.083414, 0.192513, 0.362809, 0.20662]"
745,730,1,Quran 10:1; 31:2; 36:2; 43:4; 44:4,Quran 10:1; 31:2; 36:2; 43:4; 44:4,"[43.2, 147.671, 187.899, 157.753]","[0.083414, 0.20662, 0.362809, 0.220727]"
745,730,1,"scripture and 3:48,79,81,164; 4:113;","scripture and 3:48,79,81,164; 4:113;","[43.2, 157.753, 187.899, 167.836]","[0.083414, 0.220727, 0.362809, 0.234834]"
745,730,1,5:110; 6:89; 45:16,5:110; 6:89; 45:16,"[43.2, 167.836, 187.899, 177.918]","[0.083414, 0.234834, 0.362809, 0.248941]"
745,730,1,"Wise, God 2:32,129; 3:18; 4:56,130,","Wise, God 2:32,129; 3:18; 4:56,130,","[43.2, 177.918, 187.899, 188.0]","[0.083414, 0.248941, 0.362809, 0.263048]"
745,730,1,170; 5:38; 6:18; 8:10; 9:28; 11:1;,170; 5:38; 6:18; 8:10; 9:28; 11:1;,"[43.2, 188.0, 187.899, 198.083]","[0.083414, 0.263048, 0.362809, 0.277155]"
745,730,1,12:100; 14:4; 15:25; 22:52; 24:10;,12:100; 14:4; 15:25; 22:52; 24:10;,"[43.2, 198.083, 187.899, 208.165]","[0.083414, 0.277155, 0.362809, 0.291262]"
745,730,1,"24:58; 30:5; 31:9,27; 39:1; 41:42;","24:58; 30:5; 31:9,27; 39:1; 41:42;","[43.2, 208.165, 187.899, 218.247]","[0.083414, 0.291262, 0.362809, 0.305369]"
745,730,1,42:51; 45:2; 48:19; 59:1; 61:1; 66:2;,42:51; 45:2; 48:19; 59:1; 61:1; 66:2;,"[43.2, 218.247, 187.899, 228.33]","[0.083414, 0.305369, 0.362809, 0.319476]"
745,730,1,76:30,76:30,"[43.2, 228.33, 187.899, 238.412]","[0.083414, 0.319476, 0.362809, 0.333583]"
745,730,1,Wisest 11:45; 95:8,Wisest 11:45; 95:8,"[43.2, 238.412, 187.899, 248.494]","[0.083414, 0.333583, 0.362809, 0.34769]"
745,730,1,"Wishes 2:120,145,228; 3:162; 4:108,","Wishes 2:120,145,228; 3:162; 4:108,","[43.2, 248.494, 187.899, 258.577]","[0.083414, 0.34769, 0.362809, 0.361797]"
745,730,1,"114,123; 22:52; 42:15","114,123; 22:52; 42:15","[43.2, 258.577, 187.899, 268.659]","[0.083414, 0.361797, 0.362809, 0.375905]"
745,730,1,Withholding 5:11; 34:39; 35:2; 48:20;,Withholding 5:11; 34:39; 35:2; 48:20;,"[43.2, 268.659, 187.899, 278.741]","[0.083414, 0.375905, 0.362809, 0.390012]"
745,730,1,67:21; 81:24,67:21; 81:24,"[43.2, 278.741, 187.899, 288.824]","[0.083414, 0.390012, 0.362809, 0.404119]"
745,730,1,"Witness 2:143,282; 4:41; 5:106; 16:84;","Witness 2:143,282; 4:41; 5:106; 16:84;","[43.2, 288.824, 187.899, 298.906]","[0.083414, 0.404119, 0.362809, 0.418226]"
745,730,1,65:2; 73:15; 85:3,65:2; 73:15; 85:3,"[43.2, 298.906, 187.899, 308.988]","[0.083414, 0.418226, 0.362809, 0.432333]"
745,730,1,"bear 2:84; 3:18,52,64,70,81,86;5:111;","bear 2:84; 3:18,52,64,70,81,86;5:111;","[43.2, 308.988, 187.899, 319.071]","[0.083414, 0.432333, 0.362809, 0.44644]"
745,730,1,"6:19,130,152; 7:37,172; 21:61; 24:24;","6:19,130,152; 7:37,172; 21:61; 24:24;","[43.2, 319.071, 187.899, 329.153]","[0.083414, 0.44644, 0.362809, 0.460547]"
745,730,1,41:20-1; 100:7,41:20-1; 100:7,"[43.2, 329.153, 187.899, 339.235]","[0.083414, 0.460547, 0.362809, 0.474654]"
745,730,1,"false 4:135; 5:8,108; 25:72","false 4:135; 5:8,108; 25:72","[43.2, 339.235, 187.899, 349.317]","[0.083414, 0.474654, 0.362809, 0.488761]"
745,730,1,"God as 3:81,98; 4:79,166; 5:117;","God as 3:81,98; 4:79,166; 5:117;","[43.2, 349.317, 187.899, 359.4]","[0.083414, 0.488761, 0.362809, 0.502868]"
745,730,1,"6:19; 9:107; 10:29,46; 11:54; 13:43;","6:19; 9:107; 10:29,46; 11:54; 13:43;","[43.2, 359.4, 187.899, 369.482]","[0.083414, 0.502868, 0.362809, 0.516975]"
745,730,1,17:96; 29:52; 33:55; 34:47; 41:53;,17:96; 29:52; 33:55; 34:47; 41:53;,"[43.2, 369.482, 187.899, 379.564]","[0.083414, 0.516975, 0.362809, 0.531082]"
745,730,1,48:28; 58:6; 59:11; 63:1; 85:9,48:28; 58:6; 59:11; 63:1; 85:9,"[43.2, 379.564, 187.899, 389.647]","[0.083414, 0.531082, 0.362809, 0.545189]"
745,730,1,"Wives 2:226,229; 4:19-20; 13:38; 24:6-","Wives 2:226,229; 4:19-20; 13:38; 24:6-","[43.2, 389.647, 187.899, 399.729]","[0.083414, 0.545189, 0.362809, 0.559296]"
745,730,1,9; 58:2; 80:36,9; 58:2; 80:36,"[43.2, 399.729, 187.899, 409.811]","[0.083414, 0.559296, 0.362809, 0.573403]"
745,730,1,Abou-Lahab 111:4,Abou-Lahab 111:4,"[43.2, 409.811, 187.899, 419.894]","[0.083414, 0.573403, 0.362809, 0.587511]"
745,730,1,Abraham 3:40; 11:71; 51:29,Abraham 3:40; 11:71; 51:29,"[43.2, 419.894, 187.899, 429.976]","[0.083414, 0.587511, 0.362809, 0.601618]"
745,730,1,Adam 2:35; 7:19,Adam 2:35; 7:19,"[43.2, 429.976, 187.899, 440.058]","[0.083414, 0.601618, 0.362809, 0.615725]"
745,730,1,"governor’s 12:21,29-30,51","governor’s 12:21,29-30,51","[43.2, 440.058, 187.899, 450.141]","[0.083414, 0.615725, 0.362809, 0.629832]"
745,730,1,Lot 7:83; 11:81; 15:60; 27:57;,Lot 7:83; 11:81; 15:60; 27:57;,"[43.2, 450.141, 187.899, 460.223]","[0.083414, 0.629832, 0.362809, 0.643939]"
745,730,1,29:32-3; 66:10,29:32-3; 66:10,"[43.2, 460.223, 187.899, 470.305]","[0.083414, 0.643939, 0.362809, 0.658046]"
745,730,1,"Muhammad 33:28,37; 66:3","Muhammad 33:28,37; 66:3","[43.2, 470.305, 187.899, 480.388]","[0.083414, 0.658046, 0.362809, 0.672153]"
745,730,1,pharoah 28:9; 66:11,pharoah 28:9; 66:11,"[43.2, 480.388, 187.899, 490.47]","[0.083414, 0.672153, 0.362809, 0.68626]"
745,730,1,"Zechariah 19:5,8","Zechariah 19:5,8","[43.2, 490.47, 187.899, 500.552]","[0.083414, 0.68626, 0.362809, 0.700367]"
745,730,1,"Wombs 2:228; 3:6,35; 13:8; 16:78;","Wombs 2:228; 3:6,35; 13:8; 16:78;","[43.2, 500.552, 187.899, 510.635]","[0.083414, 0.700367, 0.362809, 0.714474]"
745,730,2,"rights 2:228; 3:195; 4:19,34,127;","rights 2:228; 3:195; 4:19,34,127;","[192.849, 17.051, 319.89, 27.447]","[0.372367, 0.023857, 0.617668, 0.038404]"
745,730,2,6:139; 24:60; 33:55,6:139; 24:60; 33:55,"[192.849, 27.447, 319.89, 37.844]","[0.372367, 0.038404, 0.617668, 0.052951]"
745,730,2,Woods 15:78; 38:13; 50:14,Woods 15:78; 38:13; 50:14,"[192.849, 37.844, 319.89, 48.24]","[0.372367, 0.052951, 0.617668, 0.067497]"
745,730,2,Wool 16:80; 70:9; 101:5,Wool 16:80; 70:9; 101:5,"[192.849, 48.24, 319.89, 58.637]","[0.372367, 0.067497, 0.617668, 0.082044]"
745,730,2,Words,Words,"[192.849, 58.637, 319.89, 69.033]","[0.372367, 0.082044, 0.617668, 0.09659]"
745,730,3,"Wrongdoers 2:165,246; 6:52;","Wrongdoers 2:165,246; 6:52;","[341.14, 17.235, 446.364, 25.235]","[0.658699, 0.024115, 0.861873, 0.035309]"
745,730,4,"7:19,165; 9:23; 30:57; 39:47; 43:65","7:19,165; 9:23; 30:57; 39:47; 43:65","[341.14, 26.901, 476.94, 36.668]","[0.658699, 0.03764, 0.920911, 0.051305]"
745,730,4,Wronged,Wronged,"[341.14, 36.668, 476.94, 46.435]","[0.658699, 0.051305, 0.920911, 0.064971]"
745,730,5,no one is 21:47;23:62;36:54;39:69,no one is 21:47;23:62;36:54;39:69,"[352.2, 48.251, 475.89, 57.828]","[0.680054, 0.067512, 0.918884, 0.080912]"
745,730,5,not God who 3:117; 9:70; 16:118;,not God who 3:117; 9:70; 16:118;,"[352.2, 57.828, 475.89, 67.404]","[0.680054, 0.080912, 0.918884, 0.094311]"
745,730,5,29:40; 30:9; 43:76,29:40; 30:9; 43:76,"[352.2, 67.404, 475.89, 76.981]","[0.680054, 0.094311, 0.918884, 0.107711]"
745,730,5,"souls 2:54; 3:117; 4:64,110; 7:23;","souls 2:54; 3:117; 4:64,110; 7:23;","[352.2, 76.981, 475.89, 86.557]","[0.680054, 0.107711, 0.918884, 0.12111]"
745,730,5,14:45; 27:44; 28:16,14:45; 27:44; 28:16,"[352.2, 86.557, 475.89, 96.134]","[0.680054, 0.12111, 0.918884, 0.13451]"
745,730,6,"bad 4:46;6:112;9:8,40,74;14:26;39:71","bad 4:46;6:112;9:8,40,74;14:26;39:71","[192.85, 71.051, 335.95, 81.099]","[0.372369, 0.099414, 0.648677, 0.113473]"
745,730,6,good 2:263; 25:24; 35:10,good 2:263; 25:24; 35:10,"[192.85, 81.099, 335.95, 91.147]","[0.372369, 0.113473, 0.648677, 0.127532]"
745,730,6,"of God 2:37,75; 3:39,45; 4:64,171;","of God 2:37,75; 3:39,45; 4:64,171;","[192.85, 91.147, 335.95, 101.195]","[0.372369, 0.127532, 0.648677, 0.141591]"
745,730,6,"6:73,115; 7:158; 8:7; 9:6,8; 10:82;","6:73,115; 7:158; 8:7; 9:6,8; 10:82;","[192.85, 101.195, 335.95, 111.243]","[0.372369, 0.141591, 0.648677, 0.15565]"
745,730,6,"14:27; 18:27,109; 31:27; 40:6; 42:24;","14:27; 18:27,109; 31:27; 40:6; 42:24;","[192.85, 111.243, 335.95, 121.291]","[0.372369, 0.15565, 0.648677, 0.169709]"
745,730,6,48:15,48:15,"[192.85, 121.291, 335.95, 131.339]","[0.372369, 0.169709, 0.648677, 0.183768]"
745,730,6,"Worker* 3:136,195; 29:58; 39:74","Worker* 3:136,195; 29:58; 39:74","[192.85, 131.339, 335.95, 141.387]","[0.372369, 0.183768, 0.648677, 0.197827]"
745,730,6,Works,Works,"[192.85, 141.387, 335.95, 151.435]","[0.372369, 0.197827, 0.648677, 0.211886]"
745,730,7,Y,Y,"[341.05, 105.603, 445.354, 116.769]","[0.658525, 0.147758, 0.859923, 0.163382]"
745,730,7,"Youth 18:10,13; 19:12; 21:60","Youth 18:10,13; 19:12; 21:60","[341.05, 116.769, 445.354, 127.935]","[0.658525, 0.163382, 0.859923, 0.179005]"
745,730,8,z,z,"[340.681, 135.278, 475.99, 145.998]","[0.657812, 0.18928, 0.919077, 0.204278]"
745,730,8,"Zachariah 3:37-8; 6:85; 19:2,7; 21:89","Zachariah 3:37-8; 6:85; 19:2,7; 21:89","[340.681, 145.998, 475.99, 156.717]","[0.657812, 0.204278, 0.919077, 0.219277]"
745,730,8,"Zakat 2:43,83,110,177,277; 4:77,162;","Zakat 2:43,83,110,177,277; 4:77,162;","[340.681, 156.717, 475.99, 167.437]","[0.657812, 0.219277, 0.919077, 0.234275]"
745,730,8,"5:12,55; 9:5,11,18; 19:31,55;","5:12,55; 9:5,11,18; 19:31,55;","[340.681, 167.437, 475.99, 178.156]","[0.657812, 0.234275, 0.919077, 0.249274]"
745,730,8,"21:72,73; 22:41,78; 23:4; 24:37,56;","21:72,73; 22:41,78; 23:4; 24:37,56;","[340.681, 178.156, 475.99, 188.876]","[0.657812, 0.249274, 0.919077, 0.264273]"
745,730,8,27:3; 31:4; 33:33; 41:7; 58:13;,27:3; 31:4; 33:33; 41:7; 58:13;,"[340.681, 188.876, 475.99, 199.595]","[0.657812, 0.264273, 0.919077, 0.279271]"
745,730,8,73:20; 98:5,73:20; 98:5,"[340.681, 199.595, 475.99, 210.315]","[0.657812, 0.279271, 0.919077, 0.29427]"
745,730,8,Zeid 33:37,Zeid 33:37,"[340.681, 210.315, 475.99, 221.034]","[0.657812, 0.29427, 0.919077, 0.309268]"
745,730,9,"adorned 6:43,108,122; 8:48; 10:12;","adorned 6:43,108,122; 8:48; 10:12;","[192.7, 153.251, 334.29, 162.978]","[0.37208, 0.214427, 0.645472, 0.228036]"
745,730,9,"16:93; 27:4,24; 29:38","16:93; 27:4,24; 29:38","[192.7, 162.978, 334.29, 172.704]","[0.37208, 0.228036, 0.645472, 0.241646]"
745,730,9,"consequences 2:167,202; 3:25; 4:85,","consequences 2:167,202; 3:25; 4:85,","[192.7, 172.704, 334.29, 182.431]","[0.37208, 0.241646, 0.645472, 0.255255]"
745,730,9,"88; 6:132; 7:39,43,96; 9:82; 10:8;","88; 6:132; 7:39,43,96; 9:82; 10:8;","[192.7, 182.431, 334.29, 192.157]","[0.37208, 0.255255, 0.645472, 0.268864]"
745,730,9,"11:15; 13:31; 17:19; 29:7,55; 30:41;","11:15; 13:31; 17:19; 29:7,55; 30:41;","[192.7, 192.157, 334.29, 201.884]","[0.37208, 0.268864, 0.645472, 0.282473]"
745,730,9,"32:19; 39:24,70; 41:27; 43:72; 46:14,","32:19; 39:24,70; 41:27; 43:72; 46:14,","[192.7, 201.884, 334.29, 211.61]","[0.37208, 0.282473, 0.645472, 0.296083]"
745,730,9,19; 51:16; 52:21; 56:24; 59:15;,19; 51:16; 52:21; 56:24; 59:15;,"[192.7, 211.61, 334.29, 221.337]","[0.37208, 0.296083, 0.645472, 0.309692]"
745,730,9,69:24; 76:22; 77:43; 88:9; 99:6,69:24; 76:22; 77:43; 88:9; 99:6,"[192.7, 221.337, 334.29, 231.063]","[0.37208, 0.309692, 0.645472, 0.323301]"
745,730,9,evil 2:268; 3:30; 6:120; 9:37; 23:96;,evil 2:268; 3:30; 6:120; 9:37; 23:96;,"[192.7, 231.063, 334.29, 240.79]","[0.37208, 0.323301, 0.645472, 0.33691]"
745,730,9,40:37; 45:33; 66:11,40:37; 45:33; 66:11,"[192.7, 240.79, 334.29, 250.516]","[0.37208, 0.33691, 0.645472, 0.35052]"
745,730,9,"God aware of 2:215; 9:94,120;","God aware of 2:215; 9:94,120;","[192.7, 250.516, 334.29, 260.243]","[0.37208, 0.35052, 0.645472, 0.364129]"
745,730,9,"11:111; 35:8; 47:4,30,35","11:111; 35:8; 47:4,30,35","[192.7, 260.243, 334.29, 269.97]","[0.37208, 0.364129, 0.645472, 0.377738]"
745,730,9,nullified 2:217; 3:22; 5:53; 6:88;,nullified 2:217; 3:22; 5:53; 6:88;,"[192.7, 269.97, 334.29, 279.696]","[0.37208, 0.377738, 0.645472, 0.391348]"
745,730,9,"7:137,147;9:17;11:16;14:18;18:105;","7:137,147;9:17;11:16;14:18;18:105;","[192.7, 279.696, 334.29, 289.423]","[0.37208, 0.391348, 0.645472, 0.404957]"
745,730,9,"24:39; 25:23; 33:19; 39:65; 47:1,8-","24:39; 25:23; 33:19; 39:65; 47:1,8-","[192.7, 289.423, 334.29, 299.149]","[0.37208, 0.404957, 0.645472, 0.418566]"
745,730,9,"9,28; 47:32-3; 49:2","9,28; 47:32-3; 49:2","[192.7, 299.149, 334.29, 308.876]","[0.37208, 0.418566, 0.645472, 0.432175]"
745,730,9,"responsible for 2:134,139,141;","responsible for 2:134,139,141;","[192.7, 308.876, 334.29, 318.602]","[0.37208, 0.432175, 0.645472, 0.445785]"
745,730,9,4:79; 28:55; 42:30,4:79; 28:55; 42:30,"[192.7, 318.602, 334.29, 328.329]","[0.37208, 0.445785, 0.645472, 0.459394]"
745,730,9,"righteous 2:148,286; 4:40,149; 5:48;","righteous 2:148,286; 4:40,149; 5:48;","[192.7, 328.329, 334.29, 338.055]","[0.37208, 0.459394, 0.645472, 0.473003]"
745,730,9,"6:160; 9:120; 11:114; 16:32,96-7;","6:160; 9:120; 11:114; 16:32,96-7;","[192.7, 338.055, 334.29, 347.782]","[0.37208, 0.473003, 0.645472, 0.486612]"
745,730,9,18:46;19:76;21:90;24:38;33:31;46:16,18:46;19:76;21:90;24:38;33:31;46:16,"[192.7, 347.782, 334.29, 357.508]","[0.37208, 0.486612, 0.645472, 0.500222]"
745,730,9,World,World,"[192.7, 357.508, 334.29, 367.235]","[0.37208, 0.500222, 0.645472, 0.513831]"
745,730,10,"God’s mercy for 21:91,107; 29:15","God’s mercy for 21:91,107; 29:15","[192.599, 369.001, 331.89, 378.804]","[0.371885, 0.516302, 0.640838, 0.530019]"
745,730,10,"materials of 3:14,145,152; 4:77,94,","materials of 3:14,145,152; 4:77,94,","[192.599, 378.804, 331.89, 388.608]","[0.371885, 0.530019, 0.640838, 0.543736]"
745,730,10,134; 7:169; 8:67; 24:33; 28:79;,134; 7:169; 8:67; 24:33; 28:79;,"[192.599, 388.608, 331.89, 398.411]","[0.371885, 0.543736, 0.640838, 0.557452]"
745,730,10,42:20; 43:35; 53:29,42:20; 43:35; 53:29,"[192.599, 398.411, 331.89, 408.215]","[0.371885, 0.557452, 0.640838, 0.571169]"
745,730,10,"rewards of 3:148; 16:30,41","rewards of 3:148; 16:30,41","[192.599, 408.215, 331.89, 418.018]","[0.371885, 0.571169, 0.640838, 0.584886]"
745,730,10,"temporary 10:23,70;30:7;40:4;53:25","temporary 10:23,70;30:7;40:4;53:25","[192.599, 418.018, 331.89, 427.821]","[0.371885, 0.584886, 0.640838, 0.598603]"
745,730,10,"Worry 3:139; 5:54,105; 7:35,49; 9:40;","Worry 3:139; 5:54,105; 7:35,49; 9:40;","[192.599, 427.821, 331.89, 437.625]","[0.371885, 0.598603, 0.640838, 0.61232]"
745,730,10,"12:13; 19:5,24; 21:28; 26:15;","12:13; 19:5,24; 21:28; 26:15;","[192.599, 437.625, 331.89, 447.428]","[0.371885, 0.61232, 0.640838, 0.626036]"
745,730,10,"28:7,25; 29:33; 43:68; 80:37","28:7,25; 29:33; 43:68; 80:37","[192.599, 447.428, 331.89, 457.232]","[0.371885, 0.626036, 0.640838, 0.639753]"
745,730,10,Worship,Worship,"[192.599, 457.232, 331.89, 467.035]","[0.371885, 0.639753, 0.640838, 0.65347]"
745,730,11,"forms of 2:196,200; 6:162; 7:29;","forms of 2:196,200; 6:162; 7:29;","[192.6, 468.751, 334.49, 478.546]","[0.371886, 0.655871, 0.645858, 0.669576]"
745,730,11,17:79; 32:16; 39:9; 53:62; 73:2,17:79; 32:16; 39:9; 53:62; 73:2,"[192.6, 478.546, 334.49, 488.34]","[0.371886, 0.669576, 0.645858, 0.68328]"
745,730,11,"God alone 1:5; 2:21,138,172; 4:36;","God alone 1:5; 2:21,138,172; 4:36;","[192.6, 488.34, 334.49, 498.135]","[0.371886, 0.68328, 0.645858, 0.696985]"
745,730,11,6:102; 10:3; 11:123; 15:99; 19:65;,6:102; 10:3; 11:123; 15:99; 19:65;,"[192.6, 498.135, 334.49, 507.93]","[0.371886, 0.696985, 0.645858, 0.710689]"
745,730,11,"20:14; 21:19,25,92; 22:31,77; 24:55;","20:14; 21:19,25,92; 22:31,77; 24:55;","[192.6, 507.93, 334.49, 517.724]","[0.371886, 0.710689, 0.645858, 0.724394]"
745,730,11,"29:56; 36:61; 39:2-3,66; 40:14,66;","29:56; 36:61; 39:2-3,66; 40:14,66;","[192.6, 517.724, 334.49, 527.519]","[0.371886, 0.724394, 0.645858, 0.738098]"
745,730,11,51:56; 98:5; 106:3,51:56; 98:5; 106:3,"[192.6, 527.519, 334.49, 537.313]","[0.371886, 0.738098, 0.645858, 0.751803]"
745,730,11,"idols 5:76; 6:56,107;7:138,148; 10:28;","idols 5:76; 6:56,107;7:138,148; 10:28;","[192.6, 537.313, 334.49, 547.108]","[0.371886, 0.751803, 0.645858, 0.765507]"
745,730,11,"20:91;21:52,66;26:70,71;27:24;37:85,","20:91;21:52,66;26:70,71;27:24;37:85,","[192.6, 547.108, 334.49, 556.903]","[0.371886, 0.765507, 0.645858, 0.779212]"
745,730,11,"95,125,161; 40:66; 43:58; 109:2,4","95,125,161; 40:66; 43:58; 109:2,4","[192.6, 556.903, 334.49, 566.697]","[0.371886, 0.779212, 0.645858, 0.792916]"
745,730,11,"messengers’ message 2:133;3:51,79;","messengers’ message 2:133;3:51,79;","[192.6, 566.697, 334.49, 576.492]","[0.371886, 0.792916, 0.645858, 0.806621]"
745,730,11,"5:72,117;6:79;7:59,65,73,85;10:104;","5:72,117;6:79;7:59,65,73,85;10:104;","[192.6, 576.492, 334.49, 586.287]","[0.371886, 0.806621, 0.645858, 0.820325]"
745,730,11,"11:50,61,84; 13:36; 16:36; 19:36;","11:50,61,84; 13:36; 16:36; 19:36;","[192.6, 586.287, 334.49, 596.081]","[0.371886, 0.820325, 0.645858, 0.83403]"
745,730,11,"23:23,32;26:77;27:45,91;29:16-7,36;","23:23,32;26:77;27:45,91;29:16-7,36;","[192.6, 596.081, 334.49, 605.876]","[0.371886, 0.83403, 0.645858, 0.847735]"
745,730,11,"36:22; 39:11,14; 43:27,64; 44:19;","36:22; 39:11,14; 43:27,64; 44:19;","[192.6, 605.876, 334.49, 615.67]","[0.371886, 0.847735, 0.645858, 0.861439]"
745,730,11,"71:3; 72:19-20; 109:3,5","71:3; 72:19-20; 109:3,5","[192.6, 615.67, 334.49, 625.465]","[0.371886, 0.861439, 0.645858, 0.875144]"
745,730,11,none...except God 2:83; 3:64; 9:31;,none...except God 2:83; 3:64; 9:31;,"[192.6, 625.465, 334.49, 635.26]","[0.371886, 0.875144, 0.645858, 0.888848]"
745,730,11,"11:2,26;12:38,40;17:23;41:14;46:21","11:2,26;12:38,40;17:23;41:14;46:21","[192.6, 635.26, 334.49, 645.054]","[0.371886, 0.888848, 0.645858, 0.902553]"
745,730,11,places of 2:125; 9:108; 18:21; 72:18,places of 2:125; 9:108; 18:21; 72:18,"[192.6, 645.054, 334.49, 654.849]","[0.371886, 0.902553, 0.645858, 0.916257]"
745,730,11,"Worshiper 9:112;18:28;21:73,84;70:22","Worshiper 9:112;18:28;21:73,84;70:22","[192.6, 654.849, 334.49, 664.644]","[0.371886, 0.916257, 0.645858, 0.929962]"
745,730,11,"Wrath 1:7; 2:61,90; 3:112,162; 7:152;","Wrath 1:7; 2:61,90; 3:112,162; 7:152;","[192.6, 664.644, 334.49, 674.438]","[0.371886, 0.929962, 0.645858, 0.943666]"
745,730,11,"8:16; 16:106; 20:81,86; 42:16","8:16; 16:106; 20:81,86; 42:16","[192.6, 674.438, 334.49, 684.233]","[0.371886, 0.943666, 0.645858, 0.957371]"
745,730,12,22:5; 31:34; 39:6; 53:32,22:5; 31:34; 39:6; 53:32,"[44.499, 512.301, 188.6, 522.028]","[0.085922, 0.716806, 0.364163, 0.730415]"
745,730,12,Women (see also female),Women (see also female),"[44.499, 522.028, 188.6, 531.755]","[0.085922, 0.730415, 0.364163, 0.744025]"
745,730,12,"adultery 4:15,25; 24:4","adultery 4:15,25; 24:4","[44.499, 531.755, 188.6, 541.482]","[0.085922, 0.744025, 0.364163, 0.757635]"
745,730,12,"believing 3:42; 9:71-2; 24:12,23,31;","believing 3:42; 9:71-2; 24:12,23,31;","[44.499, 541.482, 188.6, 551.208]","[0.085922, 0.757635, 0.364163, 0.771244]"
745,730,12,"27:23-44; 33:35,36,58,73; 47:19;","27:23-44; 33:35,36,58,73; 47:19;","[44.499, 551.208, 188.6, 560.935]","[0.085922, 0.771244, 0.364163, 0.784854]"
745,730,12,"48:5,25; 57:12,18; 60:10,12; 71:28;","48:5,25; 57:12,18; 60:10,12; 71:28;","[44.499, 560.935, 188.6, 570.662]","[0.085922, 0.784854, 0.364163, 0.798464]"
745,730,12,85:10,85:10,"[44.499, 570.662, 188.6, 580.389]","[0.085922, 0.798464, 0.364163, 0.812074]"
745,730,12,disbelieving 3:61;9:67-8;24:26;26:71;,disbelieving 3:61;9:67-8;24:26;26:71;,"[44.499, 580.389, 188.6, 590.116]","[0.085922, 0.812074, 0.364163, 0.825683]"
745,730,12,33:73; 37:135; 48:6; 57:13; 60:11,33:73; 37:135; 48:6; 57:13; 60:11,"[44.499, 590.116, 188.6, 599.843]","[0.085922, 0.825683, 0.364163, 0.839293]"
745,730,12,"divorce 2:228,231-2,236; 65:1-7","divorce 2:228,231-2,236; 65:1-7","[44.499, 599.843, 188.6, 609.57]","[0.085922, 0.839293, 0.364163, 0.852903]"
745,730,12,equivalence 2:178,equivalence 2:178,"[44.499, 609.57, 188.6, 619.296]","[0.085922, 0.852903, 0.364163, 0.866512]"
745,730,12,"instructions to 2:222-3,282; 4:32;","instructions to 2:222-3,282; 4:32;","[44.499, 619.296, 188.6, 629.023]","[0.085922, 0.866512, 0.364163, 0.880122]"
745,730,12,"33:28-35,59; 49:11","33:28-35,59; 49:11","[44.499, 629.023, 188.6, 638.75]","[0.085922, 0.880122, 0.364163, 0.893732]"
745,730,12,"Joseph and 12:28,30,50","Joseph and 12:28,30,50","[44.499, 638.75, 188.6, 648.477]","[0.085922, 0.893732, 0.364163, 0.907342]"
745,730,12,"marriage 2:221; 4:4,22 5,128; 5:5;","marriage 2:221; 4:4,22 5,128; 5:5;","[44.499, 648.477, 188.6, 658.204]","[0.085922, 0.907342, 0.364163, 0.920951]"
745,730,12,24:32; 33:49-52; 60:10,24:32; 33:49-52; 60:10,"[44.499, 658.204, 188.6, 667.931]","[0.085922, 0.920951, 0.364163, 0.934561]"
745,730,12,Moses and 28:23-6,Moses and 28:23-6,"[44.499, 667.931, 188.6, 677.658]","[0.085922, 0.934561, 0.364163, 0.948171]"
745,730,12,"oppressed 4:75,98","oppressed 4:75,98","[44.499, 677.658, 188.6, 687.384]","[0.085922, 0.948171, 0.364163, 0.96178]"
