chapter_number,placement_before_verse,verse_id,text,pdf_page,printed_page,bbox,bbox_normalized,later_edition_candidates_same_verse,exact_match_to_later_edition
2,3,2:3,Three Categories of People,21,2,"[78.099, 156.448, 212.067, 168.448]","[0.150799, 0.218901, 0.409475, 0.235691]",Three Categories of People (1) The Righteous,False
2,6,2:6,(2) The Disbelievers.,22,3,"[209.4, 43.511, 310.996, 54.511]","[0.404325, 0.06088, 0.600494, 0.076271]",(2) The Disbelievers,False
2,8,2:8,(3) The Hypocrites.,22,3,"[213.25, 130.861, 307.96, 141.861]","[0.411759, 0.183099, 0.594632, 0.19849]",(3) The Hypocrites,False
2,20,2:20,The Light of Faith,23,4,"[214.19, 149.598, 306.938, 161.598]","[0.413574, 0.209316, 0.592659, 0.226106]",The Light of Faith,True
2,23,2:23,Mathematical Challenge,23,4,"[85.099, 431.598, 208.831, 443.598]","[0.164315, 0.603887, 0.403227, 0.620678]",Mathematical Challenge,True
2,60,2:60,More Miracles,28,9,"[113.15, 248.848, 185.426, 260.848]","[0.218478, 0.348186, 0.358034, 0.364976]",More Miracles,True
2,63,2:63,Covenant with Israel,29,10,"[81.7, 175.398, 187.12, 187.398]","[0.157752, 0.245415, 0.361305, 0.262206]",Covenant with Israel,True
2,67,2:67,The Heifer*,29,10,"[116.3, 464.348, 175.256, 476.348]","[0.224561, 0.649711, 0.338397, 0.666501]",The Heifer*,True
2,75,2:75,Tampering with the Word of God,30,11,"[64.9, 444.798, 232.096, 456.798]","[0.125314, 0.622357, 0.448148, 0.639147]",Distorting the Word of God,False
2,80,2:80,Eternity of Heaven and Hell,31,12,"[74.3, 250.648, 216.728, 262.648]","[0.143464, 0.350704, 0.418475, 0.367495]",Eternity of Heaven and Hell*,False
2,83,2:83,Covenant with Israel,31,12,"[93.7, 502.398, 198.22, 514.398]","[0.180923, 0.70295, 0.382738, 0.71974]",The Commandments,False
2,87,2:87,The Prophets of Israel,32,13,"[93.25, 416.848, 204.766, 428.848]","[0.180054, 0.583249, 0.395377, 0.60004]",The Prophets of Israel,True
2,89,2:89,The Quran Consummates Previous Scriptures,33,14,"[144.1, 48.098, 374.2, 60.098]","[0.278239, 0.067299, 0.722533, 0.084089]",The Quran Consummates All Scriptures,False
2,97,2:97,Gabriel Mediates the Revelation,34,15,"[67.099, 276.698, 228.667, 288.698]","[0.12956, 0.387153, 0.441527, 0.403943]",Gabriel Mediates the Revelation,True
2,102,2:102,Witchcraft Condemned,35,16,"[201.5, 49.298, 317.0, 61.298]","[0.389071, 0.068978, 0.612087, 0.085768]",Witchcraft Condemned,True
2,104,2:104,Twisting the Words of Supplication,35,16,"[59.15, 439.748, 233.762, 451.748]","[0.114211, 0.615291, 0.451365, 0.632081]",Twisting the Words of Supplication,True
2,105,2:105,Jealousy Condemned,35,16,"[205.3, 551.248, 311.74, 563.248]","[0.396409, 0.7713, 0.601931, 0.78809]",Jealousy Condemned,True
2,106,2:106,The Ultimate Miracle: The Quran’s Mathematical Code*,36,17,"[174.85, 47.598, 345.802, 73.998]","[0.337613, 0.066599, 0.6677, 0.103538]",The Ultimate Miracle: The Quran's Mathematical Code*,False
2,114,2:114,You Shall Frequent the Mosques,37,18,"[177.5, 113.748, 341.984, 125.748]","[0.34273, 0.159155, 0.660328, 0.175946]",You Shall Frequent the Masjid,False
2,116,2:116,Gross Blasphemy,37,18,"[102.84, 275.948, 189.924, 287.948]","[0.198571, 0.386104, 0.366719, 0.402894]",Gross Blasphemy,True
2,124,2:124,Abraham,38,19,"[123.5, 338.848, 171.236, 350.848]","[0.238463, 0.474113, 0.330635, 0.490903]",Abraham,True
2,136,2:136,Do Not Make Any Distinction Among God’s Messengers,40,21,"[117.95, 104.498, 401.786, 116.498]","[0.227747, 0.146213, 0.775799, 0.163003]",No Distinction Among God's Messengers,False
2,142,2:142,Abolition of Bigotry and Prejudice*,41,22,"[168.6, 49.298, 347.964, 61.298]","[0.325545, 0.068978, 0.671875, 0.085768]",Abolition of Bigotry and Prejudice*,True
2,146,2:146,Abuse of the Scripture: Selective Emphasis and Concealment,42,23,"[106.2, 48.798, 414.444, 60.798]","[0.205059, 0.068278, 0.800239, 0.085068]",Abuse of the Scripture: Selective Emphasis and Concealment,True
2,149,2:149,Qiblah Restored to Mecca,42,23,"[81.5, 172.048, 212.228, 184.048]","[0.157366, 0.240728, 0.409786, 0.257518]",Qiblah Restored to Mecca,True
2,159,2:159,Gross Offense,43,24,"[110.75, 279.698, 181.118, 291.698]","[0.213844, 0.391351, 0.349716, 0.408141]",Gross Offense,True
2,164,2:164,Overwhelming Signs of God,44,25,"[190.19, 48.198, 329.69, 60.198]","[0.367233, 0.067439, 0.63659, 0.084229]",Overwhelming Signs of God,True
2,165,2:165,The Idols Disown Their Tdnlirerx*,44,25,"[176.3, 170.848, 346.436, 182.848]","[0.340413, 0.239049, 0.668924, 0.255839]",The Idols Disown Their Idolizers*,False
2,168,2:168,Satan Prohibits Lawful Things,44,25,"[69.5, 526.148, 225.02, 538.148]","[0.134196, 0.736181, 0.434485, 0.752971]",Satan Prohibits Lawful Things,True
2,172,2:172,Only Four Meats Prohibited*,45,26,"[75.25, 182.748, 221.338, 194.748]","[0.145298, 0.255699, 0.427376, 0.27249]",Only Four Meats Prohibited*,True
2,177,2:177,Righteousness Defined,46,27,"[203.9, 48.348, 316.46, 60.348]","[0.393705, 0.067648, 0.611045, 0.084439]",Righteousness Defined,True
2,180,2:180,Write A Will,46,27,"[118.7, 456.548, 180.248, 468.548]","[0.229195, 0.638797, 0.348036, 0.655588]",Write A Will,True
2,183,2:183,Fasting Emphasized and Modified*,47,28,"[168.85, 93.348, 348.298, 105.348]","[0.326028, 0.130612, 0.67252, 0.147402]",Fasting Emphasized and Modified*,True
2,188,2:188,Bribery & Corruption Condemned,48,29,"[62.75, 331.148, 234.23, 343.148]","[0.121162, 0.463339, 0.452269, 0.480129]","Bribery, Corruption Condemned",False
2,189,2:189,Do Not Beat Around the Bush,48,29,"[70.7, 424.748, 224.9, 436.748]","[0.136513, 0.594303, 0.434254, 0.611093]",Do Not Beat Around the Bush,True
2,196,2:196,Hajj & ‘Umrah Pilgrimage*,49,30,"[77.15, 352.548, 215.318, 364.548]","[0.148967, 0.493282, 0.415752, 0.510072]",Hajj and 'Umrah Pilgrimage*,False
2,203,2:203,Last Rituals of Hajj,51,32,"[208.19, 48.348, 309.086, 60.348]","[0.401989, 0.067648, 0.596806, 0.084439]",Mena: Last Rites of Hajj,False
2,204,2:204,Appearances May Be Deceiving,51,32,"[179.65, 145.048, 340.822, 157.048]","[0.346882, 0.20295, 0.658084, 0.21974]",Appearances May Be Deceiving,True
2,211,2:211,Manifested Miracles Bring Greater Responsibility*,52,33,"[134.3, 48.448, 386.66, 60.448]","[0.259316, 0.067788, 0.746592, 0.084579]",Miracles Bring Greater Responsibility*,False
2,219,2:219,Intoxicants and Gambling Prohibited,53,34,"[52.45, 397.548, 239.614, 409.548]","[0.101274, 0.556245, 0.462665, 0.573035]",Intoxicants and Gambling Prohibited*,False
2,221,2:221,Do Not Many Idol Worshipers,54,35,"[184.44, 120.948, 337.716, 132.948]","[0.356131, 0.16923, 0.652087, 0.18602]",Do Not Marry Idol Worshipers,False
2,222,2:222,Menstruation,54,35,"[115.3, 329.248, 182.104, 341.248]","[0.22263, 0.460681, 0.35162, 0.477471]",Menstruation,True
2,224,2:224,Do Not Take God’s Name in Vain,54,35,"[172.69, 589.548, 347.758, 601.548]","[0.333443, 0.824889, 0.671477, 0.84168]",Do Not Take God's Name in Vain,False
2,226,2:226,Laws of Divorce,55,36,"[216.85, 79.548, 300.274, 91.548]","[0.41871, 0.111303, 0.579791, 0.128093]",Laws of Divorce,True
2,236,2:236,Breaking the Engagement,57,38,"[81.7, 359.948, 210.472, 371.948]","[0.157752, 0.503636, 0.406395, 0.520426]",Breaking the Engagement,True
2,238,2:238,You Shall Observe the Daily Contact Prayers (Salat) *,58,39,"[126.09, 49.048, 398.276, 61.051]","[0.243464, 0.068628, 0.769021, 0.085422]",You Shall Observe the Contact Prayers*,False
2,240,2:240,Alimony For Widows and Divorcees,58,39,"[69.25, 182.148, 251.806, 194.148]","[0.133713, 0.25486, 0.486206, 0.27165]",Alimony For Widows and Divorcees,True
2,243,2:243,Striving in the Cause of God,58,39,"[75.95, 421.048, 220.058, 433.048]","[0.14665, 0.589126, 0.424904, 0.605916]",Striving in the Cause of God,True
2,246,2:246,Saul*,59,40,"[244.69, 47.748, 273.19, 59.748]","[0.472466, 0.066809, 0.527496, 0.083599]",Saul*,True
2,249,2:249,David and Goliath,60,41,"[213.939, 48.798, 309.459, 60.798]","[0.413089, 0.068278, 0.597527, 0.085068]",David and Goliath,True
2,253,2:253,Many Messengers/One Message,61,42,"[180.1, 48.198, 338.62, 60.198]","[0.347751, 0.067439, 0.653833, 0.084229]",Many Messengers / One Message,False
2,254,2:254,The Myth of Intercession*,61,42,"[81.0, 205.298, 211.908, 217.298]","[0.156401, 0.287251, 0.409168, 0.304041]",No Intercession*,False
2,256,2:256,No Compulsion in Religion,61,42,"[189.94, 553.398, 326.992, 565.398]","[0.36675, 0.774309, 0.631381, 0.791099]",No Compulsion in Religion,True
2,258,2:258,Abraham’s Debate,62,43,"[213.5, 163.998, 308.384, 175.998]","[0.412242, 0.229465, 0.595451, 0.246255]",Abraham's Courageous Debate,False
2,259,2:259,Lesson About Death,62,43,"[96.599, 345.198, 200.771, 357.198]","[0.186521, 0.482998, 0.387664, 0.499788]",Lesson About Death*,False
2,260,2:260,Every Believer Needs Assurance,63,44,"[178.19, 48.548, 338.474, 60.548]","[0.344063, 0.067928, 0.653551, 0.084718]",Every Believer Needs Assurance,True
2,261,2:261,The Best Investment,63,44,"[94.9, 202.748, 197.164, 214.748]","[0.18324, 0.283683, 0.380699, 0.300473]",The Best Investment,True
2,272,2:272,God is the Only One Who Guides,65,46,"[59.65, 267.098, 230.41, 279.098]","[0.115177, 0.373721, 0.444893, 0.390511]",God is the Only One Who Guides,True
2,275,2:275,Usury Prohibited*,66,47,"[217.55, 48.098, 306.29, 60.098]","[0.420062, 0.067299, 0.591408, 0.084089]",Usury Prohibited*,True
2,282,2:282,Write Down Financial Transactions,67,48,"[170.05, 48.548, 349.138, 60.548]","[0.328345, 0.067928, 0.674142, 0.084718]",Write Down Financial Transactions,True
2,285,2:285,Do Not Make Any Distinction Among God's Messengers,68,49,"[71.15, 285.448, 223.13, 311.247]","[0.137382, 0.399396, 0.430836, 0.435494]",You Shall Not Make Any Distinction Among God's Messengers,False
3,10,3:10,Disbelievers: Always the Ultimate Losers,70,51,"[158.3, 48.348, 361.916, 60.348]","[0.305657, 0.067648, 0.698814, 0.084439]",,False
3,13,3:13,Believers: The Ultimate Victors,70,51,"[69.5, 271.548, 226.388, 283.548]","[0.134196, 0.379947, 0.437127, 0.396738]",Believers: The Ultimate Victors,True
3,28,3:28,Choose Your Friends Carefully,72,53,"[69.5, 467.248, 225.584, 479.248]","[0.134196, 0.653769, 0.435574, 0.670559]",Choose Your Friends Carefully,True
3,33,3:33,The Birth of Mary,73,54,"[100.7, 268.298, 190.976, 280.298]","[0.194439, 0.3754, 0.368751, 0.39219]",The Birth of Mary,True
3,38,3:38,The Birth of John,74,55,"[214.9, 47.498, 301.888, 59.498]","[0.414945, 0.066459, 0.582908, 0.083249]",The Birth of John,True
3,54,3:54,The Death of Jesus*,76,57,"[209.9, 76.298, 311.12, 88.298]","[0.405291, 0.106756, 0.600734, 0.123546]",The Death of Jesus*,True
3,59,3:59,Mathematical Confirmation*,76,57,"[74.05, 382.748, 222.358, 394.748]","[0.142981, 0.535537, 0.429346, 0.552327]",Mathematical Confirmation*,True
3,75,3:75,Be Honest With All People,78,59,"[79.55, 298.298, 214.874, 310.298]","[0.153601, 0.417376, 0.414895, 0.434166]",Be Honest With All People,True
3,81,3:81,Major Prophecy Fulfilled* God’s Messenger of the Covenant,79,60,"[61.299, 237.798, 231.027, 263.748]","[0.118361, 0.332725, 0.446084, 0.369034]",Major Prophecy Fulfilled* God's Messenger of the Covenant,False
3,82,3:82,Rejectors of God’s Messenger of the Covenant No Longer Muslims,79,60,"[62.5, 418.298, 233.248, 444.697]","[0.12068, 0.585278, 0.450373, 0.622215]",Rejectors of God's Messenger of the Covenant are Disbelievers,False
3,84,3:84,Make No Distinction Among God’s Messengers,80,61,"[142.44, 48.348, 379.428, 60.348]","[0.275034, 0.067648, 0.732628, 0.084439]",Make No Distinction Among God's Messengers,False
3,90,3:90,When Repentance is Unacceptable,80,61,"[62.049, 435.698, 235.113, 447.698]","[0.119809, 0.609624, 0.453974, 0.626415]",When Repentance is Unacceptable,True
3,93,3:93,Do Not Prohibit What Is Lawful,81,62,"[177.0, 78.098, 341.328, 90.098]","[0.341765, 0.109274, 0.659062, 0.126064]",Do Not Prohibit What Is Lawful,True
3,110,3:110,The Best Community,83,64,"[207.25, 93.698, 313.378, 105.698]","[0.400174, 0.131102, 0.605094, 0.147892]",The Best Community,True
3,113,3:113,Righteous Jews & Christians,83,64,"[77.15, 463.148, 218.258, 475.148]","[0.148967, 0.648032, 0.421429, 0.664822]",Righteous Jews & Christians,True
3,118,3:118,Do Not Befriend Hypocrites,84,65,"[76.2, 186.198, 216.6, 198.198]","[0.147133, 0.260527, 0.418227, 0.277317]",Do Not Befriend Hypocrites,True
3,121,3:121,The Battle of Badr,84,65,"[213.94, 597.348, 307.78, 609.348]","[0.413091, 0.835803, 0.594285, 0.852593]",The Battle of Badr,True
3,130,3:130,Usury Prohibited*,85,66,"[103.3, 466.048, 192.292, 478.048]","[0.199459, 0.652089, 0.371292, 0.66888]",Usury Prohibited*,True
3,133,3:133,Attributes of the Righteous,86,67,"[190.44, 46.998, 324.78, 58.998]","[0.367716, 0.06576, 0.627109, 0.08255]",Attributes of the Righteous,True
3,137,3:137,Victory for the Righteous,86,67,"[85.8, 391.048, 209.556, 403.048]","[0.165669, 0.547151, 0.404626, 0.563941]",Victory for the Righteous,True
3,142,3:142,Our Claims Must Be Tested,87,68,"[189.5, 77.498, 330.008, 89.498]","[0.365901, 0.108435, 0.637204, 0.125225]",Our Claims Must Be Tested,True
3,151,3:151,God Controls Your Enemies,88,69,"[188.05, 140.498, 330.118, 152.498]","[0.363101, 0.196584, 0.637417, 0.213374]",God Controls Your Enemies,True
3,152,3:152,The Battle of Uhud,88,69,"[98.75, 263.848, 196.286, 275.848]","[0.190674, 0.369174, 0.379004, 0.385964]",The Battle of Uhud,True
3,154,3:154,Moment of Death Fixed and Predetermined,89,70,"[149.4, 48.348, 368.904, 60.348]","[0.288473, 0.067648, 0.712307, 0.084439]",Moment of Death Predetermined,False
3,175,3:175,Fear: The Devil’s Tool,92,73,"[202.44, 92.848, 316.596, 104.848]","[0.390886, 0.129912, 0.611307, 0.146703]",Fear: The Devil's Tool,False
3,181,3:181,Humans Continue to Defy God,93,74,"[179.4, 48.348, 338.748, 60.348]","[0.346399, 0.067648, 0.65408, 0.084439]",Humans Continue to Defy God,True
3,185,3:185,A Great Triumph,93,74,"[100.9, 366.798, 189.592, 378.798]","[0.194825, 0.51322, 0.366078, 0.53001]",A Great Triumph,True
3,186,3:186,The Inevitable Test*,93,74,"[95.65, 504.098, 197.83, 516.098]","[0.184688, 0.705329, 0.381985, 0.722119]",The Inevitable Test*,True
3,195,3:195,God Responds,95,76,"[221.9, 47.748, 295.364, 59.748]","[0.428461, 0.066809, 0.570311, 0.083599]",God Responds,True
3,199,3:199,Righteous Jews and Christians,95,76,"[70.45, 394.548, 222.322, 406.548]","[0.13603, 0.552047, 0.429276, 0.568838]",Righteous Jews and Christians,True
4,3,4:3,Grounds For Polygamy*,96,77,"[85.8, 280.898, 209.256, 292.898]","[0.165669, 0.39303, 0.404047, 0.40982]",Grounds For Polygamy*,True
4,11,4:11,If No Will Is Left*,97,78,"[99.25, 278.848, 192.574, 290.848]","[0.191639, 0.390161, 0.371836, 0.406952]",If No Will Is Left*,True
4,12,4:12,Inheritance For the Spouses,98,79,"[187.55, 47.498, 327.878, 59.498]","[0.362136, 0.066459, 0.633091, 0.083249]",Inheritance For the Spouses,True
4,13,4:13,God Communicates With Us Through His Messenger,98,79,"[74.05, 441.798, 223.44, 467.947]","[0.142981, 0.618159, 0.431435, 0.654747]",God Communicates With Us Through His Messenger,True
4,15,4:15,Health Quarantine,99,80,"[211.3, 48.948, 306.652, 60.948]","[0.407994, 0.068488, 0.592107, 0.085278]",Health Quarantine,True
4,17,4:17,Repentance,99,80,"[116.75, 214.748, 175.286, 226.748]","[0.22543, 0.300473, 0.338455, 0.317264]",Repentance,True
4,22,4:22,Respect for the Father,100,81,"[92.05, 249.198, 204.754, 261.198]","[0.177737, 0.348676, 0.395354, 0.365466]",Respect for the Father,True
4,23,4:23,Incest Forbidden,100,81,"[105.25, 357.098, 190.534, 369.098]","[0.203225, 0.499648, 0.367897, 0.516438]",Incest Forbidden,True
4,24,4:24,Mutual Attraction And Dowry Required,101,82,"[158.5, 47.848, 359.212, 59.848]","[0.306044, 0.066949, 0.693593, 0.083739]",Mutual Attraction And Dowry Required,True
4,27,4:27,God’s Mercy,102,83,"[226.69, 47.348, 290.074, 59.348]","[0.43771, 0.066249, 0.560097, 0.08304]",God's Mercy,False
4,32,4:32,Men and Women Endowed With Unique Qualities,102,83,"[64.44, 383.948, 229.092, 410.247]","[0.124426, 0.537216, 0.442348, 0.574013]",Men and Women Endowed With Unique Qualities,True
4,34,4:34,Do Not Beat Your Wife*,103,84,"[196.44, 48.448, 321.756, 60.448]","[0.379301, 0.067788, 0.62127, 0.084579]",Do Not Beat Your Wife*,True
4,40,4:40,Divine Justice,104,85,"[224.3, 142.548, 293.228, 154.548]","[0.433095, 0.199452, 0.566186, 0.216242]",Divine Justice,True
4,43,4:43,What Nullifies Ablution,104,85,"[88.2, 393.698, 206.508, 405.698]","[0.170303, 0.550858, 0.398741, 0.567648]",What Nullifies Ablution,True
4,48,4:48,The Unforgivable Sin,105,86,"[94.45, 351.798, 199.63, 363.798]","[0.182371, 0.492232, 0.385461, 0.509022]",The Unforgivable Sin,True
4,58,4:58,Honesty & Justice Advocated,106,87,"[73.55, 467.948, 219.95, 479.948]","[0.142016, 0.654748, 0.424696, 0.671538]",Honesty & Justice Advocated,True
4,60,4:60,Believers Or Hypocrites?,107,88,"[194.3, 48.198, 324.596, 60.198]","[0.375169, 0.067439, 0.626754, 0.084229]",Believers Or Hypocrites?,True
4,64,4:64,Unquestioning Submission: Quality of the True Believers,107,88,"[74.05, 423.198, 217.966, 449.148]","[0.142981, 0.592134, 0.420865, 0.628443]",Unquestioning Submission: Quality of the True Believers,True
4,69,4:69,Equality of Believers,108,89,"[95.15, 239.498, 199.646, 251.498]","[0.183723, 0.335103, 0.385491, 0.351894]",Equality of Believers,True
4,75,4:75,The Believers are Fearless,109,90,"[195.0, 48.448, 324.228, 60.448]","[0.376521, 0.067788, 0.626044, 0.084579]",The Believers are Fearless,True
4,79,4:79,Nothing Bad Comes From God*,109,90,"[176.05, 556.048, 340.534, 568.048]","[0.33993, 0.778016, 0.657528, 0.794806]",Nothing Bad Comes From God,False
4,82,4:82,Proof of Divine Authorship,110,91,"[194.3, 142.398, 330.236, 154.398]","[0.375169, 0.199242, 0.637644, 0.216032]",Proof of Divine Authorship,True
4,85,4:85,Limits of Responsibility,110,91,"[88.2, 495.198, 207.552, 507.198]","[0.170303, 0.692876, 0.400757, 0.709666]",Responsibility,False
4,86,4:86,You Shall Be Courteous,110,91,"[200.05, 576.348, 320.41, 588.348]","[0.386271, 0.80642, 0.618671, 0.82321]",You Shall Be Courteous,True
4,92,4:92,You Shall Not Kill,112,93,"[214.19, 48.448, 306.374, 60.448]","[0.413574, 0.067788, 0.59157, 0.084579]",You Shall Not Kill,True
4,93,4:93,An Unforgivable Offense,112,93,"[84.099, 356.848, 210.423, 368.848]","[0.162385, 0.499298, 0.4063, 0.516088]",An Unforgivable Offense,True
4,97,4:97,Apathy Condemned,113,94,"[94.9, 221.948, 196.492, 233.948]","[0.18324, 0.310548, 0.379401, 0.327338]",Apathy Condemned,True
4,107,4:107,Do Not Defend the Transgressors,115,96,"[175.1, 78.948, 343.448, 90.948]","[0.338096, 0.110464, 0.663155, 0.127254]",Do Not Defend the Transgressors,True
4,116,4:116,The Unforgivable Sin,116,97,"[95.4, 226.298, 201.528, 238.298]","[0.184205, 0.316634, 0.389125, 0.333424]",The Unforgivable Sin,True
4,125,4:125,Abraham: Original Messenger of Islam*,117,98,"[73.55, 265.398, 219.59, 291.198]","[0.142016, 0.371342, 0.424001, 0.407441]",Abraham: Original Messenger of Submission*,False
4,128,4:128,Divorce Discouraged,118,99,"[206.05, 47.248, 310.378, 59.248]","[0.397857, 0.066109, 0.599301, 0.0829]",Divorce Discouraged,True
4,129,4:129,Polygamy Discouraged,118,99,"[202.19, 142.298, 315.626, 154.298]","[0.390403, 0.199102, 0.609434, 0.215892]",Polygamy Discouraged*,False
4,135,4:135,You Shall Not Bear False Witness,119,100,"[174.35, 47.948, 344.558, 59.948]","[0.336648, 0.067089, 0.665298, 0.083879]",You Shall Not Bear False Witness,True
4,142,4:142,The Hypocrites,120,101,"[222.1, 149.148, 296.44, 161.148]","[0.428847, 0.208687, 0.572389, 0.225477]",,False
4,145,4:145,They Think That They Are Believers,120,101,"[101.4, 430.748, 194.604, 457.298]","[0.195791, 0.602698, 0.375756, 0.639847]",They Think That They Are Believers,True
4,148,4:148,You Shall Not Use Bad Language,121,102,"[173.65, 48.098, 344.11, 60.098]","[0.335296, 0.067299, 0.664433, 0.084089]",Do Not Use Bad Language,False
4,150,4:150,You Shall Not Make Any Distinction Among God’s Messengers,121,102,"[100.45, 137.598, 418.834, 149.598]","[0.193956, 0.192526, 0.808716, 0.209316]",You Shall Not Make Any Distinction Among God's Messengers,False
4,153,4:153,Lessons From Israel,121,102,"[95.9, 391.898, 198.452, 403.898]","[0.185171, 0.54834, 0.383186, 0.56513]",Lessons From Israel,True
4,157,4:157,Crucifying “the Body” of Jesus*,122,103,"[180.35, 126.698, 338.258, 138.698]","[0.348233, 0.177275, 0.653134, 0.194065]","Crucifying ""the Body"" of Jesus*",False
4,171,4:171,Trinity: A False Doctrine,124,105,"[196.19, 46.998, 320.162, 58.998]","[0.378818, 0.06576, 0.618193, 0.08255]",Trinity: A False Doctrine,True
5,3,5:3,Only Four Meats Prohibited: “Animals that die of themselves” Defined,126,107,"[80.3, 47.498, 435.704, 59.498]","[0.155049, 0.066459, 0.84129, 0.083249]","Only Four Meats Prohibited ""Animals that die of themselves"" Defined",False
5,6,5:6,Ablution,127,108,"[236.05, 48.198, 279.982, 60.198]","[0.455783, 0.067439, 0.54061, 0.084229]",Ablution,True
5,8,5:8,Do Not Bear False Witness,127,108,"[79.3, 467.498, 216.052, 479.498]","[0.153118, 0.654118, 0.417169, 0.670909]",You Shall Not Bear False Witness,False
5,11,5:11,God Defends the Believers,128,109,"[194.75, 90.798, 327.878, 102.798]","[0.376038, 0.127044, 0.633091, 0.143834]",God Defends the Believers,True
5,12,5:12,Conditions for Staying Within God’s Protection*,128,109,"[81.0, 189.798, 234.0, 215.847]","[0.156401, 0.265564, 0.451825, 0.302011]",Conditions for Staying Within God's Protection*,False
5,13,5:13,Consequences of Violating God’s Covenant,128,109,"[80.75, 459.198, 218.65, 485.597]","[0.155918, 0.642505, 0.422186, 0.679442]",Consequences of Violating God's Covenant,False
5,14,5:14,"Christians, too, Must Obey God’s Messenger",129,110,"[147.5, 48.448, 371.384, 60.448]","[0.284804, 0.067788, 0.717096, 0.084579]","Christians, too, Must Obey God's Messenger",False
5,15,5:15,The Quran: God’s Message to the Jews and Christians,129,110,"[78.099, 221.498, 218.149, 247.548]","[0.150799, 0.309918, 0.421218, 0.346367]",The Quran: God's Message to the Jews and Christians,False
5,17,5:17,Gross Blasphemy,129,110,"[103.09, 466.398, 189.91, 478.398]","[0.199054, 0.652579, 0.366692, 0.669369]",Gross Blasphemy,True
5,18,5:18,"God’s Messenger to the Jews, Christians and Muslims",130,111,"[123.7, 47.248, 392.14, 59.248]","[0.238849, 0.066109, 0.757173, 0.0829]","God's Messenger to the Jews, Christians and Muslims",False
5,21,5:21,God Gives the Holy Land to Israel,130,111,"[59.15, 370.748, 236.246, 382.748]","[0.114211, 0.518747, 0.456161, 0.535537]",God Gives the Holy Land to Israel,True
5,27,5:27,The First Murder*,131,112,"[101.4, 205.148, 192.768, 217.148]","[0.195791, 0.287041, 0.372211, 0.303831]",The First Murder*,True
5,32,5:32,Grossness of Murder,132,113,"[206.75, 47.248, 310.814, 59.248]","[0.399208, 0.066109, 0.600143, 0.0829]",Grossness of Murder,True
5,36,5:36,The Cost of Disbelief,132,113,"[207.94, 540.548, 315.088, 552.548]","[0.401506, 0.756329, 0.608395, 0.773119]",The Cost of Disbelief,True
5,38,5:38,Mathematical Proof Supports Quranic Justice,133,114,"[144.1, 76.998, 373.732, 88.998]","[0.278239, 0.107735, 0.72163, 0.124525]",Mathematical Proof Supports Quranic Justice,True
5,44,5:44,Honoring Previous Scripture,134,115,"[76.7, 298.148, 219.704, 310.148]","[0.148098, 0.417166, 0.424221, 0.433956]",Honoring Previous Scripture,True
5,45,5:45,The Law of Equivalence,134,115,"[198.85, 542.348, 321.958, 554.348]","[0.383954, 0.758848, 0.621661, 0.775638]",The Law of Equivalence,True
5,46,5:46,The Gospel of Jesus: Guidance and Light,135,116,"[154.69, 47.848, 364.282, 59.848]","[0.298687, 0.066949, 0.703383, 0.083739]",The Gospel of Jesus: Guidance and Light,True
5,48,5:48,Quran: The Ultimate Reference,135,116,"[67.099, 252.198, 225.355, 264.198]","[0.12956, 0.352873, 0.435132, 0.369663]",Quran: The Ultimate Reference,True
5,51,5:51,Certain Jews and Christians Cannot Be Friends*,136,117,"[138.35, 48.698, 383.102, 60.698]","[0.267137, 0.068138, 0.739722, 0.084928]",Certain Jews and Christians Cannot Be Friends*,True
5,58,5:58,Recipients of the Scriptures Transgress,137,118,"[163.1, 48.798, 355.46, 60.798]","[0.314926, 0.068278, 0.686349, 0.085068]",Recipients of the Scriptures Transgress,True
5,64,5:64,Blaspheming Against God,137,118,"[79.8, 521.948, 210.888, 533.948]","[0.154084, 0.730304, 0.407198, 0.747094]",Blaspheming Against God,True
5,65,5:65,Salvation For Jews and Christians,138,119,"[172.69, 47.498, 344.038, 59.498]","[0.333443, 0.066459, 0.664294, 0.083249]",Salvation For Jews and Christians,True
5,67,5:67,The Messenger Must Deliver,138,119,"[79.8, 178.298, 222.276, 190.298]","[0.154084, 0.249473, 0.429187, 0.266263]",The Messenger Must Deliver,True
5,69,5:69,Minimum Requirements For Salvation,138,119,"[86.05, 439.148, 211.44, 465.197]","[0.166152, 0.614452, 0.408264, 0.650899]",Minimum Requirements For Salvation,True
5,72,5:72,Today’s Christianity Not Jesus’ Religion*,139,120,"[156.85, 92.748, 362.206, 104.748]","[0.302858, 0.129772, 0.699374, 0.146563]",Today's Christianity Not Jesus' Religion*,False
5,79,5:79,Apathy Condemned,140,121,"[96.599, 261.698, 198.671, 273.698]","[0.186521, 0.366165, 0.383609, 0.382956]",Apathy Condemned,True
5,82,5:82,A Statement of Fact,140,121,"[207.94, 532.748, 310.696, 544.748]","[0.401506, 0.745415, 0.599915, 0.762206]",A Statement of Fact,True
5,87,5:87,Do Not Prohibit Lawful Things,141,122,"[67.3, 327.348, 225.4, 339.348]","[0.129948, 0.458022, 0.435219, 0.474812]",Do Not Prohibit Lawful Things,True
5,89,5:89,Do Not Take God’s Name in Vain,141,122,"[58.7, 473.498, 233.36, 485.498]","[0.113342, 0.662513, 0.450589, 0.679304]",Do Not Take God's Name in Vain,False
5,90,5:90,Intoxicants and Gambling Prohibited,142,123,"[164.05, 47.148, 350.95, 59.148]","[0.31676, 0.065969, 0.67764, 0.08276]",Intoxicants and Gambling Prohibited,True
5,94,5:94,Game Conservation,142,123,"[97.3, 404.498, 198.448, 416.498]","[0.187874, 0.56597, 0.383178, 0.58276]",Game Conservation,True
5,96,5:96,All Creatures of the Sea Lawful to Eat,143,124,"[160.44, 48.448, 355.968, 60.448]","[0.30979, 0.067788, 0.68733, 0.084579]",All Creatures of the Sea Lawful to Eat,True
5,104,5:104,Do Not Follow Your Parents’ Religion Blindly,144,125,"[141.69, 47.598, 373.374, 59.598]","[0.273586, 0.066599, 0.720938, 0.083389]",Do Not Follow Your Parents' Religion Blindly,False
5,106,5:106,Witnessing A Will,144,125,"[103.55, 225.798, 191.966, 237.798]","[0.199942, 0.315934, 0.370662, 0.332725]",Witnessing A Will,True
5,109,5:109,The Dead Messengers Totally Unaware,145,126,"[161.15, 48.798, 357.614, 60.798]","[0.31116, 0.068278, 0.690508, 0.085068]",The Dead Messengers Totally Unaware,True
5,112,5:112,The Feast,145,126,"[122.05, 501.548, 170.938, 513.548]","[0.235663, 0.70176, 0.33006, 0.718551]",The Feast,True
5,114,5:114,Greater Miracles Bring Greater Responsibility*,146,127,"[144.1, 48.448, 378.064, 60.448]","[0.278239, 0.067788, 0.729994, 0.084579]",Greater Miracles Bring Greater Responsibility*,True
5,116,5:116,On The Day Of Resurrection,146,127,"[188.75, 150.198, 333.542, 162.198]","[0.364453, 0.210156, 0.644028, 0.226946]",On The Day Of Resurrection,True
6,9,6:9,Requirements of the Test,148,129,"[196.19, 47.948, 321.41, 59.948]","[0.378818, 0.067089, 0.620602, 0.083879]",Requirements of the Test,True
6,17,6:17,Only God Controls Happiness,148,129,"[184.19, 574.048, 335.486, 586.048]","[0.355648, 0.803202, 0.647781, 0.819992]",Only God Controls Happiness,True
6,22,6:22,Idol Worshipers Deny Their Idolatry,149,130,"[55.549, 220.998, 237.457, 232.998]","[0.107258, 0.309218, 0.4585, 0.326009]",Idol Worshipers Deny Their Idolatry,True
6,32,6:32,Rearranging Our Priorities,150,231,"[82.2, 239.248, 215.388, 251.248]","[0.158718, 0.334754, 0.415887, 0.351544]",Rearranging Our Priorities,True
6,39,6:39,Overwhelming Miracle of the Quran,151,132,"[64.7, 182.948, 246.26, 194.948]","[0.124928, 0.255979, 0.475497, 0.272769]",Overwhelming Miracle of the Quran,True
6,44,6:44,The System*,151,132,"[115.55, 522.098, 178.214, 534.098]","[0.223113, 0.730514, 0.344109, 0.747304]",The System*,True
6,46,6:46,God Alone Worthy of Worship,152,133,"[181.3, 76.148, 334.648, 88.148]","[0.350068, 0.106546, 0.646163, 0.123336]",God Alone Worthy of Worship,True
6,48,6:48,Role of the Messengers,152,133,"[88.2, 222.548, 203.808, 234.548]","[0.170303, 0.311387, 0.393528, 0.328177]",Role of the Messengers,True
6,59,6:59,Almighty God,153,134,"[110.3, 528.698, 181.556, 540.698]","[0.212975, 0.739749, 0.350562, 0.756539]",Almighty God,True
6,68,6:68,Respect for the Word of God,154,135,"[187.3, 593.948, 331.78, 605.948]","[0.361653, 0.831046, 0.640626, 0.847836]",Respect for the Word of God,True
6,82,6:82,Perfect Security for Believers,157,138,"[187.55, 47.848, 330.038, 59.848]","[0.362136, 0.066949, 0.637262, 0.083739]",Perfect Security for Believers,True
6,91,6:91,God’s Messages to the World,158,139,"[189.25, 49.148, 335.17, 61.148]","[0.365418, 0.068768, 0.647171, 0.085558]",God's Messages to the World,False
6,95,6:95,Greatness of God,159,140,"[214.19, 47.948, 303.194, 59.948]","[0.413574, 0.067089, 0.58543, 0.083879]",Greatness of God,True
6,111,6:111,A Consequence of Their Own Decision,161,142,"[159.69, 48.948, 356.646, 60.948]","[0.308341, 0.068488, 0.688639, 0.085278]",A Consequence of Their Own Decision,True
6,112,6:112,Hadith & Sunna: Fabrications by the Prophet’s Enemies,161,142,"[116.75, 130.398, 400.85, 142.398]","[0.22543, 0.182452, 0.773991, 0.199242]",Hadith & Sunna: Fabrications by the Prophet's Enemies,False
6,114,6:114,Quran: Fully Detailed*,161,142,"[88.45, 346.548, 205.162, 358.548]","[0.170786, 0.484886, 0.396142, 0.501677]",Quran: Fully Detailed*,True
6,119,6:119,Mention God’s Name Before You Eat,162,143,"[165.5, 48.548, 356.888, 60.548]","[0.31956, 0.067928, 0.689106, 0.084719]",Chance to Remember God: Mention God's Name Before You Eat,False
6,124,6:124,Questioning God’s Wisdom*,162,143,"[75.0, 469.148, 220.272, 481.148]","[0.144816, 0.656427, 0.425318, 0.673217]",Questioning God's Wisdom*,False
6,125,6:125,Quranic Knowledge Far Ahead of Human Progress*,163,144,"[127.3, 47.498, 390.928, 59.498]","[0.2458, 0.066459, 0.754833, 0.083249]",Quranic Knowledge Far Ahead of Human Progress*,True
6,136,6:136,Abusing God’s Provisions,164,145,"[81.5, 267.348, 212.972, 279.348]","[0.157366, 0.374071, 0.411222, 0.390861]",Abusing God's Provisions,False
6,138,6:138,Religious Innovations Condemned,165,146,"[172.19, 47.848, 346.262, 59.848]","[0.332477, 0.066949, 0.668589, 0.083739]",Religious Innovations Condemned,True
6,141,6:141,Zakat Must Be Given “On The Day Of Harvest”*,165,146,"[79.09, 401.948, 217.294, 428.148]","[0.152713, 0.562402, 0.419568, 0.59906]","Zakat Must Be Given ""On The Day Of Harvest""*",False
6,143,6:143,Innovated Dietary Prohibitions Condemned,166,147,"[150.1, 48.348, 370.264, 60.348]","[0.289824, 0.067648, 0.714933, 0.084439]",Innovated Dietary Prohibitions Condemned,True
6,145,6:145,The Only Dietary Prohibitions,166,147,"[72.099, 293.598, 223.779, 305.598]","[0.139214, 0.410799, 0.432089, 0.42759]",The Only Dietary Prohibitions*,False
6,149,6:149,The Most Powerful Argument*,167,148,"[69.95, 199.398, 223.202, 211.398]","[0.135065, 0.278996, 0.430975, 0.295786]",The Most Powerful Argument*,True
6,151,6:151,The Major Commandments,167,148,"[77.15, 402.098, 216.314, 414.098]","[0.148967, 0.562611, 0.417675, 0.579402]",The Major Commandments,True
6,157,6:157,Mathematics: The Ultimate Proof,168,149,"[175.55, 545.748, 346.466, 557.748]","[0.338965, 0.763605, 0.668982, 0.780395]",Mathematics: The Ultimate Proof*,False
6,159,6:159,Religious Sects Condemned,169,150,"[189.5, 119.848, 328.484, 131.848]","[0.365901, 0.16769, 0.634261, 0.184481]",Religious Sects Condemned,True
7,12,7:12,The Test Begins,171,152,"[219.69, 48.448, 299.31, 60.448]","[0.424194, 0.067788, 0.57793, 0.084579]",The Test Begins,True
7,28,7:28,Examine All Inherited Information,172,153,"[58.9, 387.198, 234.988, 399.198]","[0.113729, 0.541764, 0.453732, 0.558554]",Examine All Inherited Information,True
7,31,7:31,Dress Nicely For The Mosque,173,154,"[184.19, 47.748, 333.494, 59.748]","[0.355648, 0.066809, 0.643935, 0.083599]",Dress Nicely For The Masjid,False
7,32,7:32,Innovated Prohibitions Condemned,173,154,"[168.85, 115.048, 348.862, 127.048]","[0.326028, 0.160974, 0.673609, 0.177765]",Innovated Prohibitions Condemned,True
7,35,7:35,Messengers From Among You,173,154,"[71.9, 396.448, 220.94, 408.448]","[0.13883, 0.554706, 0.426607, 0.571496]",Messengers From Among You,True
7,38,7:38,Mutual Blaming,174,155,"[217.55, 48.448, 300.29, 60.448]","[0.420062, 0.067788, 0.579822, 0.084579]",Mutual Blaming,True
7,40,7:40,Rejecting God’s Revelations Unforgivable Offense,174,155,"[76.45, 262.748, 221.3, 288.948]","[0.147615, 0.367635, 0.427303, 0.404293]",Rejecting God's Revelations: An Unforgivable Offense,False
7,52,7:52,Quran: Fully Detailed,176,157,"[205.8, 48.698, 316.5, 60.698]","[0.397374, 0.068138, 0.611122, 0.084928]",Quran: Fully Detailed,True
7,59,7:59,Noah,177,158,"[244.9, 91.148, 272.296, 103.148]","[0.472871, 0.127534, 0.525769, 0.144324]",Noah,True
7,70,7:70,Following the Parents Blindly:,178,159,"[71.4, 185.248, 221.916, 197.248]","[0.137864, 0.259198, 0.428492, 0.275988]",Following the Parents Blindly: A Human Tragedy,False
7,73,7:73,Saaleh,178,159,"[130.9, 509.948, 164.764, 521.948]","[0.252751, 0.713514, 0.318139, 0.730304]",Sãleh,False
7,80,7:80,Homosexuality Condemned,179,160,"[76.45, 531.548, 215.05, 543.548]","[0.147615, 0.743736, 0.415235, 0.760526]",Lot: Homosexuality Condemned,False
7,85,7:85,"Shu‘aib: Cheating, Dishonesty Condemned",180,161,"[61.549, 203.498, 233.245, 229.548]","[0.118843, 0.284733, 0.450367, 0.321181]","Shu'aib: Cheating, Dishonesty Condemned",False
7,94,7:94,Blessings in Disguise,181,162,"[95.15, 499.148, 198.194, 511.148]","[0.183723, 0.698403, 0.382688, 0.715193]",Blessings in Disguise,True
7,96,7:96,Most People Make the Wrong Choice,182,163,"[167.65, 48.948, 353.866, 60.948]","[0.323711, 0.068488, 0.683271, 0.085278]",Most People Make the Wrong Choice,True
7,103,7:103,Moses,182,163,"[131.15, 525.548, 162.722, 537.548]","[0.253234, 0.735341, 0.314196, 0.752131]",Moses,True
7,118,7:118,The Truth Recognized by the Experts,183,164,"[167.15, 584.248, 350.078, 596.248]","[0.322746, 0.817474, 0.675957, 0.834264]",The Truth Recognized by the Experts,True
7,130,7:130,The Plagues,184,165,"[230.75, 614.748, 291.11, 626.748]","[0.445549, 0.860149, 0.562097, 0.876939]",The Plagues,True
7,133,7:133,The Warnings Go Unheeded,185,166,"[83.15, 187.648, 225.386, 199.648]","[0.160552, 0.262556, 0.435192, 0.279346]",The Warnings Go Unheeded,True
7,136,7:136,The Inevitable Retribution,185,166,"[81.7, 454.048, 212.584, 466.048]","[0.157752, 0.635299, 0.410473, 0.65209]",The Inevitable Retribution,True
7,141,7:141,Reminder to the Children of Israel,186,167,"[61.299, 209.498, 235.671, 221.498]","[0.118361, 0.293128, 0.455051, 0.309918]",Reminder to the Children of Israel,True
7,142,7:142,Our World Cannot Stand the Physical Presence of God,186,167,"[74.31, 331.898, 221.61, 358.148]","[0.143483, 0.464388, 0.427901, 0.501117]",Our World Cannot Stand the Physical Presence of God,True
7,146,7:146,Divine Intervention Keeps the Disbelievers in the Dark,187,168,"[59.409, 199.548, 232.197, 225.548]","[0.114711, 0.279206, 0.448343, 0.315585]",Divine Intervention Keeps the Disbelievers in the Dark,True
7,148,7:148,The Golden Calf,187,168,"[103.8, 471.798, 190.308, 483.798]","[0.200425, 0.660135, 0.367461, 0.676925]",The Golden Calf,True
7,156,7:156,Requirements For Attaining God’s Mercy The Importance of Zakat,189,170,"[154.9, 48.198, 365.49, 74.348]","[0.299092, 0.067439, 0.705715, 0.104027]",Requirements For Attaining God's Mercy: The Importance of Zakat,False
7,159,7:159,The Children of Israel,189,170,"[205.1, 534.948, 315.5, 546.948]","[0.396022, 0.748494, 0.609191, 0.765284]",The Guided Jews,False
7,160,7:160,Miracles in Sinai,190,171,"[216.85, 48.098, 301.918, 60.098]","[0.41871, 0.067299, 0.582966, 0.084089]",Miracles in Sinai,True
7,161,7:161,Rebellion Despite the Miracles,190,171,"[69.95, 270.098, 223.838, 282.098]","[0.135065, 0.377919, 0.432203, 0.394709]",Rebellion Despite the Miracles,True
7,163,7:163,Observing the Commandments Brings Prosperity,190,171,"[68.75, 500.598, 224.882, 526.898]","[0.132748, 0.700431, 0.434219, 0.73723]",Observing the Commandments Brings Prosperity,True
7,179,7:179,Satan Hypnotizes His Constituents,193,174,"[171.69, 48.798, 345.546, 60.798]","[0.331512, 0.068278, 0.667206, 0.085068]",Satan Hypnotizes His Constituents,True
7,188,7:188,Messengers Are Powerless Do Not Know the Future,194,175,"[197.4, 48.698, 328.3, 74.498]","[0.381155, 0.068138, 0.633906, 0.104237]",Messengers Are Powerless; They Do Not Know the Future.,False
7,189,7:189,Our Children Can hp IHnh,194,175,"[194.5, 171.198, 329.176, 183.198]","[0.375555, 0.239539, 0.635598, 0.256329]",Our Children Can be Idols,False
8,2,8:2,The True Believers,196,177,"[99.95, 191.948, 194.306, 203.948]","[0.192991, 0.268572, 0.375181, 0.285362]",The True Believers,True
8,5,8:5,The Weak Believers,196,177,"[98.5, 413.848, 197.668, 425.848]","[0.190191, 0.579052, 0.381672, 0.595842]",The Weak Believers,True
8,9,8:9,God’s Invisible Soldiers,197,178,"[199.55, 47.748, 318.59, 59.748]","[0.385306, 0.066809, 0.615157, 0.083599]",God's Invisible Soldiers,False
8,17,8:17,God Is Doing Everything*,198,,"[197.4, 50.148, 328.404, 62.148]","[0.381155, 0.070167, 0.634107, 0.086957]",God Is Doing Everything*,True
8,26,8:26,God Supports the Believers,199,180,"[190.9, 48.198, 327.088, 60.198]","[0.368604, 0.067439, 0.631566, 0.084229]",God Supports the Believers,True
8,30,8:30,God Protects His Messenger,199,180,"[75.95, 352.548, 216.878, 364.548]","[0.14665, 0.493282, 0.418764, 0.510072]",God Protects His Messenger*,False
8,35,8:35,Contact Prayers (Salat) Existed Before the Quran*,200,181,"[193.55, 119.848, 326.534, 145.998]","[0.373721, 0.167691, 0.630496, 0.204279]",The Contact Prayers (Salat) Existed Before the Quran*,False
8,42,8:42,God Controls Everything and Plans for the Believers,201,182,"[75.249, 182.498, 210.213, 208.897]","[0.145296, 0.25535, 0.405895, 0.292287]",God Controls Everything and Plans for the Believers,True
8,48,8:48,The Devil Sees God's Invisible Soldiers,202,183,"[161.9, 170.948, 356.981, 182.948]","[0.312609, 0.239189, 0.689286, 0.255979]",The Devil Sees God's Invisible Soldiers,True
8,53,8:53,Retribution: A Consequence of Sin,203,184,"[171.5, 48.198, 346.244, 60.198]","[0.331145, 0.067439, 0.668554, 0.084229]",Retribution: A Consequence of Sin,True
8,62,8:62,God Suffices the Believers,204,185,"[194.5, 48.448, 325.456, 60.448]","[0.375555, 0.067788, 0.628415, 0.084579]",God Suffices the Believers,True
9,1,9:1,No Basmalah*,206,187,"[41.9, 81.271, 472.8, 107.498]","[0.080904, 0.113713, 0.912917, 0.15041]",No Basmalah*,True
9,11,9:11,Repentance: Cleaning the Slate,207,188,"[67.099, 385.048, 223.651, 397.048]","[0.12956, 0.538755, 0.431842, 0.555545]",Repentance: Cleaning the Slate,True
9,19,9:19,Question to the Arabs,208,189,"[92.5, 484.148, 202.636, 496.148]","[0.178606, 0.677415, 0.391265, 0.694205]",Question to the Arabs,True
9,20,9:20,Good News,208,189,"[230.5, 596.248, 289.0, 608.248]","[0.445067, 0.834264, 0.558023, 0.851054]",Good News,True
9,23,9:23,If You Have to Make a Choice,209,190,"[180.6, 141.448, 336.372, 153.448]","[0.348716, 0.197913, 0.649492, 0.214703]",If You Have to Make a Choice,True
9,31,9:31,"Upholding the Teachings of Religious Leaders, Instead of God’s Teachings",210,191,"[78.849, 472.898, 221.739, 513.098]","[0.152247, 0.661674, 0.42815, 0.717921]",Upholding the Teachings of Religious Leaders Instead of God's Teachings,False
9,33,9:33,Islam Destined to Prevail*,211,192,"[192.35, 100.048, 325.442, 112.048]","[0.371404, 0.139986, 0.628388, 0.156777]","""Submission"" Destined to Prevail*",False
9,34,9:34,Professional Religionists,211,192,"[198.1, 152.848, 319.18, 164.848]","[0.382506, 0.213864, 0.616297, 0.230654]",Beware of Professional Religionists,False
9,36,9:36,God’s System: Twelve Months Per Year*,211,192,"[83.15, 384.198, 210.902, 410.148]","[0.160552, 0.537566, 0.407225, 0.573875]",God's System: Twelve Months Per Year*,False
9,37,9:37,Altering the Sacred Months*,212,193,"[187.3, 47.598, 330.52, 59.598]","[0.361653, 0.066599, 0.638193, 0.083389]",Altering the Sacred Months*,True
9,40,9:40,God’s Invisible Soldiers,212,193,"[89.15, 384.698, 207.962, 396.698]","[0.172137, 0.538265, 0.401549, 0.555056]",God's Invisible Soldiers,False
9,55,9:55,Apparent Worldly Success,215,196,"[192.6, 48.698, 323.724, 60.698]","[0.371886, 0.068138, 0.625071, 0.084928]",Apparent Worldly Success,True
9,60,9:60,Distribution System for Charities,215,196,"[64.45, 416.598, 228.154, 428.598]","[0.124445, 0.5829, 0.440537, 0.59969]",Distribution System for Charities,True
9,63,9:63,Retribution for Opposing God and His Messenger,216,197,"[197.65, 106.998, 325.7, 132.947]","[0.381637, 0.149711, 0.628886, 0.186018]",Retribution for Opposing God and His Messenger,True
9,64,9:64,The Hypocrites,216,197,"[111.25, 201.198, 185.962, 213.198]","[0.21481, 0.281514, 0.359069, 0.298305]",The Hypocrites,True
9,69,9:69,God’s System Does Not Change,217,198,"[177.94, 48.448, 339.352, 60.448]","[0.34358, 0.067788, 0.655246, 0.084579]",God's System Does Not Change,False
9,70,9:70,The Losers,217,198,"[119.4, 220.998, 174.288, 232.998]","[0.230546, 0.309218, 0.336528, 0.326009]",The Losers,True
9,71,9:71,The Winners,217,198,"[115.8, 387.698, 178.644, 399.698]","[0.223595, 0.542463, 0.344939, 0.559253]",The Winners,True
9,73,9:73,You Shall Be Stem With the Disbelievers,218,199,"[157.55, 47.498, 361.154, 59.498]","[0.304209, 0.066459, 0.697343, 0.083249]",You Shall Be Stern With the Disbelievers,False
9,80,9:80,Satan’s Most Effective Bait: The Myth of Intercession*,219,200,"[120.84, 48.348, 397.14, 60.348]","[0.233327, 0.067648, 0.766828, 0.084439]",Satan's Most Effective Bait: The Myth of Intercession*,False
9,88,9:88,True Believers are Eager to Strive,220,201,"[177.25, 91.048, 342.958, 103.048]","[0.342248, 0.127394, 0.662209, 0.144184]",True Believers are Eager to Strive,True
9,94,9:94,Hard Times Serve to Expose the Hypocrites,221,202,"[149.9, 48.198, 367.376, 60.198]","[0.289438, 0.067439, 0.709357, 0.084229]",Hard Times Serve to Expose the Hypocrites,True
9,97,9:97,The Arabs,221,202,"[120.59, 374.598, 171.47, 386.598]","[0.232844, 0.524134, 0.331087, 0.540924]",The Arabs,True
9,107,9:107,Mosques that Oppose God and His Messenger*,223,204,"[139.3, 48.348, 378.28, 60.348]","[0.268971, 0.067648, 0.730411, 0.084439]",Masjids that Oppose God and His Messenger*,False
9,111,9:111,The Most Profitable Investment,223,204,"[67.8, 468.948, 225.048, 480.948]","[0.130913, 0.656147, 0.434539, 0.672937]",The Most Profitable Investment,True
9,112,9:112,The Believers,224,205,"[225.69, 47.498, 292.098, 59.498]","[0.435779, 0.066459, 0.564005, 0.083249]",The Believers,True
9,122,9:122,The Importance of Religious Education,225,206,"[159.0, 574.548, 356.172, 586.548]","[0.307009, 0.803901, 0.687723, 0.820692]",The Importance of Religious Education,True
9,123,9:123,The Disbelievers,226,207,"[221.65, 48.948, 302.566, 60.948]","[0.427978, 0.068488, 0.584217, 0.085278]",The Disbelievers,True
9,127,9:127,A Historical Crime Unveiled: Tampering With the Word of God. *,226,207,"[58.45, 364.298, 239.398, 390.448]","[0.11286, 0.509722, 0.462248, 0.546311]",A Historical Crime Unveiled: Tampering With the Word of God.* God Provides Irrefutable Evidence,False
10,7,10:7,Preoccupation With This World,228,209,"[179.4, 47.598, 338.052, 59.598]","[0.346399, 0.066599, 0.652736, 0.083389]",Preoccupation With This World,True
10,9,10:9,God Guides the Believers,228,209,"[195.94, 148.398, 323.308, 160.398]","[0.378336, 0.207637, 0.624267, 0.224428]",God Guides the Believers,True
10,14,10:14,Now It Is Your Turn,228,209,"[208.19, 627.798, 311.546, 639.798]","[0.401989, 0.878408, 0.601556, 0.895198]",Now It Is Your Turn,True
10,20,10:20,Miracle of the Quran to be Unveiled After Muhammad*,229,210,"[59.65, 465.198, 231.466, 491.248]","[0.115177, 0.6509, 0.446932, 0.687349]",Miracle of the Quran to be Unveiled After Muhammad*,True
10,26,10:26,Heaven and Hell are Eternal,231,212,"[185.9, 48.548, 332.108, 60.548]","[0.35895, 0.067928, 0.641259, 0.084718]",Heaven and Hell are Eternal,True
10,28,10:28,Idols Disown Their Worshipers,231,212,"[67.55, 194.598, 223.226, 206.598]","[0.130431, 0.27228, 0.431021, 0.28907]",Idols Disown Their Worshipers,True
10,34,10:34,Reflect on Your Idols,232,213,"[205.3, 47.748, 311.92, 59.748]","[0.396409, 0.066809, 0.602278, 0.083599]",Reflect on Your Idols,True
10,37,10:37,Only God Can Author the Quran,232,213,"[62.299, 271.148, 231.151, 283.148]","[0.120292, 0.379387, 0.446324, 0.396178]",Only God Can Author the Quran,True
10,49,10:49,The Messenger Possesses No Power,233,214,"[59.15, 412.398, 236.042, 424.398]","[0.114211, 0.577023, 0.455768, 0.593813]",The Messenger Possesses No Power,True
10,54,10:54,What Price Faith,234,215,"[219.5, 48.348, 303.104, 60.348]","[0.423827, 0.067648, 0.585256, 0.084439]",What Price Faith,True
10,58,10:58,Joy for the Believers,234,215,"[98.05, 290.848, 198.958, 302.848]","[0.189322, 0.406952, 0.384163, 0.423742]",Joy for the Believers,True
10,59,10:59,Human-made Dietary Prohibitions,234,215,"[60.6, 371.748, 236.268, 383.748]","[0.117011, 0.520146, 0.456204, 0.536936]",Human-made Dietary Prohibitions,True
10,61,10:61,Knowing God,234,215,"[225.0, 577.898, 294.72, 589.898]","[0.434447, 0.808589, 0.569067, 0.825379]",Knowing God,True
10,62,10:62,Happiness: Now and Forever*,235,216,"[182.5, 48.548, 335.272, 60.548]","[0.352385, 0.067928, 0.647368, 0.084718]",Happiness: Now and Forever*,True
10,71,10:71,Noah,236,217,"[245.15, 47.948, 272.402, 59.948]","[0.473354, 0.067089, 0.525974, 0.083879]",Noah,True
10,74,10:74,Humans Insist on Their Original Sin,236,217,"[54.6, 342.198, 239.244, 354.198]","[0.105426, 0.4788, 0.46195, 0.49559]",Humans Insist on Their Original Sin,True
10,75,10:75,Moses and Aaron,236,217,"[102.59, 451.548, 191.846, 463.548]","[0.198088, 0.631801, 0.370431, 0.648592]",Moses and Aaron,True
10,79,10:79,The Truth Prevails,237,218,"[212.5, 48.198, 306.268, 60.198]","[0.410311, 0.067439, 0.591365, 0.084229]",The Truth Prevails,True
10,94,10:94,The Messenger’s Doubt,238,219,"[90.599, 357.798, 207.263, 369.798]","[0.174935, 0.500627, 0.400199, 0.517418]",The Messenger's Doubt,False
10,98,10:98,Believing Nations Prosper,239,220,"[194.3, 48.098, 323.984, 60.098]","[0.375169, 0.067299, 0.625572, 0.084089]",Believing Nations Prosper,True
10,100,10:100,The Disbelievers Blocked Out*,239,220,"[181.8, 164.598, 335.808, 176.598]","[0.351033, 0.230304, 0.648403, 0.247094]",The Disbelievers Blocked Out*,True
10,103,10:103,Guaranteed Victory,239,220,"[97.099, 402.448, 195.643, 414.448]","[0.187486, 0.563101, 0.377762, 0.579891]",Guaranteed Victory,True
10,107,10:107,All Power Belongs To God,240,221,"[191.4, 47.948, 326.34, 59.948]","[0.369569, 0.067089, 0.630122, 0.083879]",All Power Belongs To God,True
11,2,11:2,The Quran: Messenger of God,240,221,"[71.9, 340.748, 224.732, 352.748]","[0.13883, 0.476771, 0.433929, 0.493561]",The Quran: Messenger of God,True
11,13,11:13,The Quran: Impossible to Imitate,242,223,"[177.94, 49.148, 344.992, 61.148]","[0.34358, 0.068768, 0.666136, 0.085558]",The Quran: Impossible to Imitate,True
11,25,11:25,Noah,243,224,"[131.9, 383.748, 159.5, 395.748]","[0.254682, 0.536936, 0.307974, 0.553727]",Noah,True
11,46,11:46,The Myth of Intercession*,246,227,"[194.3, 47.748, 324.248, 59.748]","[0.375169, 0.066809, 0.626082, 0.083599]",The Myth of Intercession*,True
11,63,11:63,The Disbelievers Always Losers,248,229,"[181.3, 47.848, 337.012, 59.848]","[0.350068, 0.066949, 0.650728, 0.083739]",The Disbelievers Always Losers,True
11,69,11:69,Abraham and Lot,248,229,"[100.45, 432.348, 193.846, 444.348]","[0.193956, 0.604937, 0.374292, 0.621727]",Abraham and Lot,True
11,77,11:77,Homosexuality Condemned,249,230,"[75.7, 306.348, 214.54, 318.348]","[0.146167, 0.428639, 0.41425, 0.445429]",Homosexuality Condemned,True
11,96,11:96,Moses,251,232,"[242.5, 588.948, 273.616, 600.948]","[0.468237, 0.82405, 0.528318, 0.84084]",Moses,True
11,100,11:100,Lessons to be Learned,252,233,"[202.19, 116.848, 315.194, 128.848]","[0.390404, 0.163493, 0.6086, 0.180283]",Lessons to be Learned,True
11,109,11:109,Following Our Parents Blindly A Great Human Tragedy,253,234,"[182.05, 48.198, 337.89, 74.598]","[0.351516, 0.067439, 0.652423, 0.104377]",Following Our Parents Blindly A Great Human Tragedy,True
11,114,11:114,Three of the Five Prayers,253,234,"[84.099, 398.748, 208.935, 410.748]","[0.162385, 0.557924, 0.403427, 0.574714]",Three of the Five Prayers,True
11,118,11:118,Why Were We Created,254,235,"[206.05, 48.698, 317.278, 60.698]","[0.397857, 0.068138, 0.612624, 0.084928]",Why Were We Created,True
12,9,12:9,Joseph’s Fate Already Decided by God*,255,236,"[91.099, 254.598, 203.749, 280.747]","[0.175901, 0.356231, 0.393414, 0.392819]",Joseph's Fate Already Decided by God*,False
12,19,12:19,Joseph is Taken to Egypt,256,237,"[85.099, 360.798, 211.255, 372.798]","[0.164315, 0.504825, 0.407907, 0.521615]",Joseph is Taken to Egypt,True
12,23,12:23,God Protects the Believers From Sin,257,238,"[167.15, 48.548, 349.37, 60.548]","[0.322746, 0.067928, 0.67459, 0.084718]",God Protects the Believers From Sin,True
12,43,12:43,The King’s Dream,259,240,"[101.65, 479.148, 191.866, 491.148]","[0.196273, 0.670419, 0.370469, 0.687209]",The King's Dream,False
12,46,12:46,Joseph Interprets the King’s Dream,260,241,"[172.69, 125.248, 347.446, 137.248]","[0.333443, 0.175246, 0.670875, 0.192036]",Joseph Interprets the King's Dream,False
12,54,12:54,Joseph Attains Prominence,261,242,"[190.19, 77.148, 326.558, 89.148]","[0.367233, 0.107945, 0.630543, 0.124735]",Joseph Attains Prominence,True
12,68,12:68,Jacob Senses Joseph,262,243,"[95.9, 484.648, 198.572, 496.648]","[0.185171, 0.678115, 0.383418, 0.694905]",Jacob Senses Joseph,True
12,69,12:69,Back in Egypt,262,243,"[224.75, 609.698, 295.25, 621.698]","[0.433964, 0.853083, 0.570091, 0.869873]",Back in Egypt,True
12,70,12:70,Joseph Keeps His Brother,263,244,"[194.3, 48.548, 323.528, 60.548]","[0.375169, 0.067928, 0.624692, 0.084718]",Joseph Keeps His Brother,True
12,82,12:82,Back In Palestine,264,245,"[103.55, 290.598, 192.734, 302.598]","[0.199942, 0.406602, 0.372145, 0.423392]",,False
12,88,12:88,Israel Goes to Egypt,265,246,"[207.69, 92.848, 309.75, 104.848]","[0.401023, 0.129912, 0.598088, 0.146703]",Israel Goes to Egypt,True
12,99,12:99,In Egypt,266,247,"[119.9, 192.098, 162.296, 204.098]","[0.231512, 0.268782, 0.313373, 0.285572]",In Egypt,True
12,103,12:103,The Majority of People Do Not Believe,266,247,"[162.85, 623.348, 357.418, 635.348]","[0.314443, 0.872182, 0.690129, 0.888972]",The Majority of People Do Not Believe,True
12,106,12:106,The Majority of Believers Destined for Hell,267,248,"[152.05, 98.248, 367.21, 110.248]","[0.293589, 0.137468, 0.709036, 0.154258]",The Majority of Believers Destined for Hell,True
12,110,12:110,"Victory, Ultimately, Belongs to the Believers",267,248,"[88.2, 430.398, 206.664, 456.798]","[0.170303, 0.602208, 0.399042, 0.639147]","Victory, Ultimately, Belongs to the Believers",True
12,111,12:111,The Quran is All We Need,267,248,"[194.05, 553.148, 325.462, 565.148]","[0.374686, 0.773959, 0.628426, 0.790749]",The Quran is All We Need,True
13,5,13:5,Belief in the Hereafter Required For Salvation,268,249,"[90.09, 518.598, 209.49, 544.898]","[0.173952, 0.725617, 0.404499, 0.762415]",Belief in the Hereafter Required For Salvation,True
13,17,13:17,The Truth vs Falsehood,270,251,"[88.9, 305.948, 208.657, 317.951]","[0.171655, 0.428079, 0.40289, 0.444874]",The Truth vs Falsehood,True
13,19,13:19,Believers Versus Disbelievers,271,252,"[183.5, 48.348, 334.328, 60.348]","[0.354315, 0.067648, 0.645545, 0.084439]",Believers Versus Disbelievers (1) The Believers,False
13,19,13:19,(1) The Believers,271,252,"[216.85, 62.348, 306.058, 74.348]","[0.41871, 0.087237, 0.59096, 0.104027]",Believers Versus Disbelievers (1) The Believers,False
13,25,13:25,(2) The Disbelievers,271,252,"[96.099, 419.848, 200.451, 431.848]","[0.185555, 0.587447, 0.387046, 0.604237]",(2) The Disbelievers,True
13,26,13:26,God Controls All Provisions,271,252,"[74.75, 516.098, 215.63, 528.098]","[0.144333, 0.722119, 0.416355, 0.738909]",God Controls All Provisions,True
13,30,13:30,God’s Messenger of the Covenant*,272,253,"[172.69, 76.748, 346.69, 88.748]","[0.333443, 0.107385, 0.669415, 0.124176]",God's Messenger of the Covenant*,False
13,31,13:31,Mathematical Miracle of the Quran,272,253,"[170.3, 156.448, 349.016, 168.448]","[0.328828, 0.218901, 0.673906, 0.235691]",Mathematical Miracle of the Quran,True
13,32,13:32,All Messengers Must Be Ridiculed,272,253,"[61.299, 367.048, 233.439, 379.048]","[0.118361, 0.51357, 0.450741, 0.53036]",All Messengers Must Be Ridiculed,True
13,35,13:35,Heaven Allegorically Described,273,254,"[180.35, 48.098, 337.01, 60.098]","[0.348233, 0.067299, 0.650724, 0.084089]",Heaven Allegorically Described,True
13,37,13:37,Divine Authorization of the Quran’s Mathematical Code*,273,254,"[112.45, 164.598, 404.266, 176.598]","[0.217127, 0.230304, 0.780587, 0.247094]",Divine Authorization of the Quran's Mathematical Code*,False
14,3,14:3,What is Your Priority?,274,255,"[93.5, 297.348, 204.368, 309.348]","[0.180537, 0.416046, 0.394609, 0.432837]",What is Your Priority?,True
14,4,14:4,The Messenger’s Language,274,255,"[81.5, 391.298, 215.744, 403.298]","[0.157366, 0.5475, 0.416575, 0.56429]",The Messenger's Language,False
14,5,14:5,Moses,274,255,"[131.9, 516.198, 163.208, 528.198]","[0.254682, 0.722259, 0.315134, 0.739049]",Moses,True
14,6,14:6,The Importance of Being Appreciative,275,256,"[163.55, 47.848, 354.182, 59.848]","[0.315795, 0.066949, 0.683881, 0.083739]",The Importance of Being Appreciative,True
14,10,14:10,Following Our Parents Blindly:,275,256,"[67.55, 484.648, 223.694, 496.648]","[0.130431, 0.678114, 0.431925, 0.694905]",Following Our Parents Blindly: A Great Human Tragedy,False
14,19,14:19,Worship Only the Omnipotent One,277,258,"[171.94, 48.948, 346.936, 60.948]","[0.331995, 0.068488, 0.66989, 0.085278]",Worship Only the Omnipotent One,True
14,21,14:21,On the Day of Resurrection,277,258,"[189.94, 137.498, 328.18, 149.498]","[0.36675, 0.192386, 0.633674, 0.209176]",On the Day of Resurrection,True
14,22,14:22,Satan Disowns His Followers,277,258,"[73.55, 292.898, 220.322, 304.898]","[0.142016, 0.40982, 0.425414, 0.42661]",Satan Disowns His Followers,True
14,28,14:28,They Remove Their Families From God’s Protection,278,259,"[75.95, 225.098, 223.2, 250.997]","[0.14665, 0.314955, 0.430971, 0.351192]",They Remove Their Families From God's Protection,False
14,30,14:30,Idol Worship: The Mother of All Evil,278,259,"[91.55, 354.198, 205.778, 379.998]","[0.176772, 0.49559, 0.397332, 0.531689]",Crucial Commandments,False
14,31,14:31,Crucial Commandments,278,259,"[86.05, 449.498, 209.746, 461.498]","[0.166152, 0.628933, 0.404993, 0.645723]",,False
14,35,14:35,Abraham,279,260,"[234.101, 106.548, 281.477, 118.548]","[0.45202, 0.149081, 0.543497, 0.165872]",Abraham,True
14,44,14:44,God Sends His Commands Through His Messengers,280,261,"[129.25, 76.548, 392.518, 88.548]","[0.249566, 0.107106, 0.757903, 0.123896]",God Sends His Commands Through His Messengers,True
14,47,14:47,Guaranteed Victory for God’s Messengers,280,261,"[93.7, 298.048, 202.636, 324.097]","[0.180923, 0.417026, 0.391265, 0.453473]",Guaranteed Victory for God's Messengers,False
14,48,14:48,New Heavens and New Earth*,280,261,"[70.2, 379.298, 226.476, 391.298]","[0.135547, 0.53071, 0.437297, 0.5475]",New Heavens and New Earth*,True
15,26,15:26,The Human Race,282,263,"[104.3, 390.098, 194.048, 402.098]","[0.20139, 0.545821, 0.374682, 0.562611]",The Human Race,True
15,51,15:51,Angels Visit Abraham,283,264,"[202.69, 637.048, 311.722, 649.048]","[0.391369, 0.891351, 0.601896, 0.908141]",Angels Visit Abraham,True
15,61,15:61,Lot,284,265,"[139.55, 312.698, 157.538, 324.698]","[0.269454, 0.437524, 0.304186, 0.454314]",Lot,True
15,85,15:85,End of the World Unveiled*,285,266,"[75.5, 404.148, 216.62, 416.148]","[0.145781, 0.56548, 0.418266, 0.58227]",End of the World Unveiled*,True
16,7,16:7,God's Blessings,287,268,"[219.69, 48.198, 297.774, 60.198]","[0.424194, 0.067439, 0.574964, 0.084229]",God's Blessings,True
16,20,16:20,The Dead Prophets and Saints,288,269,"[70.7, 222.448, 224.564, 234.448]","[0.136513, 0.311247, 0.433605, 0.328037]",The Dead Prophets and Saints,True
16,30,16:30,The Believers,289,270,"[113.4, 263.348, 179.808, 275.348]","[0.218961, 0.368474, 0.347187, 0.385264]",The Believers Do Not Really Die*,False
16,33,16:33,The Disbelievers,289,270,"[218.3, 547.398, 299.216, 559.398]","[0.42151, 0.765914, 0.577749, 0.782704]",The Disbelievers,True
16,35,16:35,Famous Excuse,290,271,"[218.75, 47.498, 297.302, 59.498]","[0.422379, 0.066459, 0.574053, 0.083249]",,False
16,38,16:38,Deep In Their Minds,290,271,"[94.45, 356.148, 200.146, 368.148]","[0.182371, 0.498319, 0.386457, 0.515109]",Deep In Their Minds,True
16,40,16:40,God Is Able to Resurrect the Dead,290,271,"[173.65, 533.748, 346.606, 545.748]","[0.335296, 0.746815, 0.669253, 0.763605]",To Resurrect the Dead,False
16,57,16:57,Bigoted Bias Against Baby Girls,292,273,"[180.1, 126.698, 340.408, 138.698]","[0.347751, 0.177275, 0.657285, 0.194065]",Bigoted Bias Against Baby Girls,True
16,65,16:65,Additional Signs From God,293,274,"[187.3, 48.798, 327.976, 60.798]","[0.361653, 0.068278, 0.63328, 0.085068]",Additional Proofs From God,False
16,73,16:73,Idol Worship: Not Very Intelligent,294,275,"[176.3, 48.198, 345.92, 60.198]","[0.340413, 0.067439, 0.667928, 0.084229]",Idol Worship: Not Very Intelligent,True
16,75,16:75,The Rich Believer Better than the Poor Believer,294,275,"[70.199, 166.998, 216.779, 193.397]","[0.135545, 0.233662, 0.418573, 0.270599]",The Rich Believer is Better than the Poor Believer,False
16,77,16:77,This Life is Very Short,294,275,"[92.3, 428.598, 205.664, 440.598]","[0.17822, 0.59969, 0.397111, 0.61648]",This Life is Very Short,True
16,83,16:83,The Disbelievers Unappreciative,295,276,"[66.099, 293.348, 226.251, 305.348]","[0.127629, 0.41045, 0.436862, 0.42724]",The Disbelievers Unappreciative,True
16,84,16:84,On The Day of Resurrection,295,276,"[74.75, 359.598, 216.362, 371.598]","[0.144333, 0.503146, 0.417768, 0.519936]",On The Day of Resurrection,True
16,86,16:86,The Idols Disown Their Idolizers,295,276,"[63.95, 518.148, 227.75, 530.148]","[0.123479, 0.724987, 0.439757, 0.741778]",The Idols Disown Their Idolizers,True
16,91,16:91,You Shall Keep Your Word,296,211,"[80.05, 275.848, 216.97, 287.848]","[0.154567, 0.385964, 0.418942, 0.402754]",You Shall Keep Your Word,True
16,94,16:94,Violating Your Oath: A Serious Offense,297,278,"[159.94, 47.748, 357.964, 59.748]","[0.308824, 0.066809, 0.691184, 0.083599]",Violating Your Oath: A Serious Offense,True
16,97,16:97,Guaranteed Happiness Now and Forever,297,278,"[88.45, 202.748, 206.4, 228.548]","[0.170786, 0.283683, 0.398533, 0.319782]",Guaranteed Happiness Now and Forever,True
16,98,16:98,An Important Commandment*,297,278,"[65.9, 339.798, 224.024, 351.798]","[0.127245, 0.475442, 0.432562, 0.492232]",An Important Commandment*,True
16,103,16:103,The Quran Is Not Copied From The Bible,298,279,"[155.4, 48.098, 365.88, 60.098]","[0.300058, 0.067299, 0.706468, 0.084089]",The Quran Is Not Copied From The Bible,True
16,106,16:106,Lip Service Does Not Count,298,279,"[77.15, 242.248, 219.986, 254.248]","[0.148967, 0.338951, 0.424765, 0.355742]",Lip Service Does Not Count,True
16,107,16:107,Preoccupation With This Life Leads to Exile From God,298,279,"[73.8, 380.248, 222.432, 406.548]","[0.142499, 0.532039, 0.429488, 0.568838]",Preoccupation With This Life Leads to Exile From God,True
16,112,16:112,Prohibiting Lawful Food Brings Misery,299,280,"[161.4, 77.148, 357.108, 89.148]","[0.311643, 0.107945, 0.689531, 0.124735]",Prohibiting Lawful Food Brings Deprivation,False
16,115,16:115,Only Four Meats Prohibited,299,280,"[76.7, 332.598, 216.788, 344.598]","[0.148098, 0.465368, 0.41859, 0.482158]",Only Four Foods Prohibited,False
16,120,16:120,Abraham,300,281,"[236.05, 76.048, 283.198, 88.048]","[0.455783, 0.106406, 0.54682, 0.123196]",Abraham,True
16,123,16:123,Muhammad A Follower of Abraham *,300,281,"[52.2, 198.348, 246.084, 210.348]","[0.100792, 0.277527, 0.475157, 0.294317]",Muhammad: A Follower of Abraham*,False
16,124,16:124,The Sabbath Abrogated,300,281,"[90.349, 277.398, 208.957, 289.398]","[0.174453, 0.388133, 0.40347, 0.404923]",The Sabbath Abrogated,True
17,9,17:9,Quran: A Means to Salvation,302,283,"[186.35, 90.798, 334.034, 102.798]","[0.359818, 0.127044, 0.644978, 0.143834]",Quran: Our Means to Salvation,False
17,13,17:13,The Video Tape*,302,283,"[106.2, 360.348, 192.744, 372.348]","[0.205059, 0.504195, 0.372165, 0.520986]",The Video Tape*,True
17,18,17:18,Choose Your Priorities Carefully This Life,303,284,"[177.5, 48.548, 342.95, 74.597]","[0.34273, 0.067928, 0.662193, 0.104376]",Choose Your Priorities Carefully This Life,True
17,19,17:19,The Hereafter,303,284,"[224.5, 128.948, 293.872, 140.948]","[0.433481, 0.180423, 0.56743, 0.197213]",The Hereafter,True
17,22,17:22,Major Commandments,303,284,"[87.5, 294.948, 204.5, 306.948]","[0.168952, 0.412688, 0.394864, 0.429479]",Major Commandments,True
17,29,17:29,Stinginess Condemned,304,285,"[202.19, 76.548, 314.882, 88.548]","[0.390404, 0.107106, 0.607998, 0.123896]",Stinginess Condemned,True
17,36,17:36,Crucial Divine Advice,304,285,"[92.5, 525.348, 203.476, 537.348]","[0.178606, 0.735061, 0.392887, 0.751852]",Crucial Advice,False
17,39,17:39,Quran Is Wisdom,305,286,"[214.19, 47.498, 303.158, 59.498]","[0.413574, 0.066459, 0.58536, 0.083249]",Quran Is Wisdom,True
17,46,17:46,Quran: The Only Source*,305,286,"[80.75, 426.948, 210.494, 438.948]","[0.155918, 0.597381, 0.406438, 0.614171]",Quran: The ONLY Source,False
17,53,17:53,Treat Each Other Amicably,306,287,"[190.69, 160.298, 328.09, 172.298]","[0.368198, 0.224288, 0.633501, 0.241078]",Treat Each Other Amicably,True
17,57,17:57,The Righteous Idols Worship God Alone,306,287,"[98.5, 501.798, 201.85, 527.947]","[0.190191, 0.70211, 0.389747, 0.738698]",The Righteous Idols Worship God Alone,True
17,59,17:59,Old Kind of Miracles Made Obsolete,307,288,"[165.94, 47.948, 350.836, 59.948]","[0.320409, 0.067089, 0.67742, 0.083879]",Old Kind of Miracles Made Obsolete,True
17,61,17:61,Satan Dupes the People,307,288,"[85.55, 212.248, 205.67, 224.248]","[0.165186, 0.296976, 0.397123, 0.313766]",Satan Dupes the People,True
17,67,17:67,Bad Weather Friends,308,289,"[205.55, 47.598, 311.678, 59.598]","[0.396891, 0.066599, 0.601811, 0.083389]",Bad Weather Friends,True
17,73,17:73,God Strengthens the Messenger,308,289,"[69.25, 514.998, 226.906, 526.998]","[0.133713, 0.72058, 0.438127, 0.73737]",God Strengthens the Messenger,True
17,78,17:78,The Noon Prayer,309,290,"[216.1, 111.948, 302.908, 123.948]","[0.417262, 0.156637, 0.584877, 0.173427]",The Noon Prayer,True
17,79,17:79,Meditation,309,290,"[118.7, 212.348, 172.964, 224.348]","[0.229195, 0.297115, 0.333972, 0.313906]",Meditation,True
17,82,17:82,Healing and Mercy,309,290,"[98.3, 404.948, 194.096, 416.948]","[0.189805, 0.566599, 0.374775, 0.583389]",Healing and Mercy,True
17,85,17:85,Divine Revelation: The Source of All Knowledge,309,290,"[136.9, 583.648, 378.964, 595.648]","[0.264337, 0.816634, 0.731732, 0.833424]",Divine Revelation: The Source of All Knowledge,True
17,88,17:88,Mathematical Composition of the Quran,310,291,"[155.4, 61.548, 360.78, 73.548]","[0.300058, 0.086118, 0.696621, 0.102908]",Mathematical Composition of the Quran,True
17,90,17:90,God’s Messengers Challenged,310,291,"[185.15, 162.798, 333.11, 174.798]","[0.357501, 0.227786, 0.643194, 0.244576]",God's Messengers Challenged,False
17,94,17:94,Messengership: An Essential Test,310,291,"[63.95, 446.848, 231.002, 458.848]","[0.123479, 0.625225, 0.446036, 0.642015]",Messengership: An Essential Test,True
17,96,17:96,God Is My Witness,310,291,"[212.5, 563.348, 307.372, 575.348]","[0.410311, 0.78823, 0.593497, 0.805021]",God Is My Witness,True
17,101,17:101,Moses and Pharaoh,311,292,"[96.099, 370.998, 196.467, 382.998]","[0.185555, 0.519097, 0.379353, 0.535887]",Moses and Pharaoh,True
17,105,17:105,The Quran Released Slowly To Facilitate Memorization,312,293,"[121.09, 48.198, 400.234, 60.198]","[0.23381, 0.067439, 0.772802, 0.084229]",The Quran Released Slowly To Facilitate Memorization,True
17,110,17:110,Tone of the Contact Prayers (Salat),312,293,"[58.9, 267.448, 237.7, 279.448]","[0.113729, 0.374211, 0.458969, 0.391001]",Tone of the Contact Prayers (Salat),True
18,7,18:7,The End of the World*,313,294,"[201.0, 112.398, 317.496, 124.398]","[0.388106, 0.157266, 0.613045, 0.174057]",The End of the World*,True
18,16,18:16,The Seven Sleepers of Ephesus*,314,295,"[181.55, 48.448, 341.39, 60.448]","[0.35055, 0.067788, 0.659181, 0.084579]",The Seven Sleepers of Ephesus*,True
18,23,18:23,Remembering God Every Chance We Get,315,296,"[90.1, 272.598, 201.808, 298.747]","[0.173972, 0.381417, 0.389666, 0.418004]",Remembering God Every Chance We Get,True
18,28,18:28,Quranic Study Groups,316,297,"[202.44, 47.498, 315.144, 59.498]","[0.390886, 0.066459, 0.608504, 0.083249]",Quranic Study Groups,True
18,29,18:29,Absolute Freedom of Religion,316,297,"[183.0, 127.148, 332.988, 139.148]","[0.35335, 0.177905, 0.642958, 0.194695]",Absolute Freedom of Religion,True
18,32,18:32,Property as an Idol*,316,297,"[96.099, 446.498, 198.483, 458.498]","[0.185555, 0.624735, 0.383246, 0.641526]",Property as an Idol*,True
18,46,18:46,Rearranging Our Priorities,318,299,"[192.85, 47.498, 324.574, 59.498]","[0.372369, 0.066459, 0.626712, 0.083249]",Rearranging Our Priorities,True
18,50,18:50,Classification of God’s Creatures,318,299,"[63.95, 302.598, 231.326, 314.598]","[0.123479, 0.423392, 0.446661, 0.440182]",Classification of God's Creatures,False
18,54,18:54,Disbelievers Refuse to Accept the Completeness of the Quran,319,300,"[104.5, 48.948, 412.276, 60.948]","[0.201776, 0.068488, 0.796053, 0.085278]",Disbelievers Refuse to Accept the Completeness of the Quran,True
18,57,18:57,Divine Intervention,319,300,"[96.599, 242.598, 193.631, 254.598]","[0.186521, 0.339441, 0.373877, 0.356231]",Divine Intervention,True
18,60,18:60,Valuable Lessons from Moses and His Teacher,319,300,"[140.05, 578.848, 376.786, 590.848]","[0.270419, 0.809918, 0.727527, 0.826708]",Valuable Lessons from Moses and His Teacher,True
18,94,18:94,Gog and Magog*,322,303,"[104.5, 403.398, 191.908, 415.398]","[0.201776, 0.56443, 0.37055, 0.581221]",Gog and Magog*,True
18,109,18:109,The Quran: Everything We Need,323,304,"[176.75, 558.198, 339.266, 570.198]","[0.341282, 0.781025, 0.65508, 0.797815]",The Quran: Everything We Need,True
19,16,19:16,Mary,325,306,"[245.4, 153.798, 271.392, 165.798]","[0.473837, 0.215193, 0.524024, 0.231983]",Mary,True
19,22,19:22,The Birth of Jesus,325,306,"[101.9, 466.298, 191.252, 478.298]","[0.196756, 0.652439, 0.369284, 0.66923]",The Birth of Jesus,True
19,41,19:41,Abraham,327,308,"[234.1, 112.748, 281.476, 124.748]","[0.452018, 0.157756, 0.543495, 0.174546]",Abraham,True
19,51,19:51,Moses,327,308,"[242.3, 623.748, 273.416, 635.748]","[0.467851, 0.872742, 0.527932, 0.889532]",Moses,True
19,59,19:59,Losing the Contact Prayers (Salat),328,309,"[59.65, 385.398, 234.562, 397.398]","[0.115177, 0.539245, 0.45291, 0.556035]",Losing the Contact Prayers (Salat),True
19,68,19:68,Special Warning to the Leaders,329,310,"[180.1, 133.898, 337.156, 145.898]","[0.34775, 0.187349, 0.651006, 0.204139]",Special Warning to the Leaders,True
19,71,19:71,Everyone Experiences Hell*,329,310,"[76.45, 270.798, 215.458, 282.798]","[0.147615, 0.378898, 0.416022, 0.395688]",Everyone Sees Hell*,False
20,15,20:15,The End of the World Not Hidden*,332,313,"[172.19, 97.898, 349.526, 109.898]","[0.332477, 0.136978, 0.674891, 0.153768]",End of the World is Not Hidden*,False
20,70,20:70,The Experts Recognize The Truth,335,316,"[63.25, 204.098, 229.942, 216.098]","[0.122128, 0.285572, 0.443989, 0.302362]",The Experts Recognize The Truth,True
20,83,20:83,The Children of Israel Rebel,336,317,"[77.4, 349.648, 220.332, 361.648]","[0.14945, 0.489224, 0.425434, 0.506014]",The Children of Israel Rebel,True
20,98,20:98,You Have But One God,337,318,"[198.1, 563.748, 319.156, 575.748]","[0.382506, 0.78879, 0.61625, 0.805581]",You Have But One God,True
20,105,20:105,On the Day of Resurrection,338,319,"[79.099, 278.498, 217.039, 290.498]","[0.15273, 0.389672, 0.419075, 0.406462]",On the Day of Resurrection,True
20,115,20:115,Humans Fail to Make a Firm Stand*,339,320,"[164.5, 77.498, 353.236, 89.498]","[0.317629, 0.108435, 0.682054, 0.125225]",Humans Fail to Make a Firm Stand*,True
20,132,20:132,The Parents’ Responsibility,340,321,"[80.5, 391.748, 216.22, 403.748]","[0.155435, 0.54813, 0.417494, 0.56492]",The Parents' Responsibility,False
20,133,20:133,Why Messengers?,340,321,"[104.5, 515.148, 191.44, 527.148]","[0.201776, 0.72079, 0.369647, 0.73758]",Why Messengers?,True
21,21,21:21,One God,342,323,"[125.15, 445.898, 171.95, 457.898]","[0.241649, 0.623896, 0.332014, 0.640686]",One God,True
21,25,21:25,One God/One Message/One Religion,343,324,"[166.19, 48.198, 351.302, 60.198]","[0.320892, 0.067439, 0.67832, 0.084229]",One God / One Message / One Religion,False
21,30,21:30,The Big Bang Theory Confirmed*,343,324,"[62.299, 269.748, 231.787, 281.748]","[0.120292, 0.377429, 0.447552, 0.394219]",The Big Bang Theory Confirmed*,True
21,36,21:36,All Messengers Ridiculed,344,325,"[196.44, 47.748, 321.936, 59.748]","[0.379301, 0.066809, 0.621618, 0.083599]",All Messengers Ridiculed,True
21,42,21:42,Humans’ Priorities Confused,344,325,"[74.75, 458.148, 221.342, 470.148]","[0.144333, 0.641036, 0.427384, 0.657826]",Priorities Confused,False
21,48,21:48,Prophets Moses and Aaron,345,326,"[190.69, 162.698, 325.798, 174.698]","[0.368198, 0.227646, 0.629075, 0.244436]",Prophets Moses and Aaron,True
21,51,21:51,Abraham,345,326,"[121.8, 313.898, 169.152, 325.898]","[0.235181, 0.439203, 0.326611, 0.455993]",Abraham,True
21,63,21:63,Abraham Proves His Point,346,327,"[78.599, 229.398, 214.319, 241.398]","[0.151765, 0.320972, 0.413823, 0.337762]",Abraham Proves His Point,True
21,68,21:68,Profound Miracle,346,327,"[102.84, 493.398, 191.772, 505.398]","[0.198571, 0.690357, 0.370288, 0.707147]",Profound Miracle,True
21,73,21:73,Abraham: Delivered All Religious Duties of Islam,347,328,"[132.1, 47.848, 383.2, 59.848]","[0.255069, 0.066949, 0.739911, 0.083739]",Abraham: Delivered All Religious Duties of Submission,False
21,74,21:74,Lot,347,328,"[249.69, 129.098, 267.282, 141.098]","[0.48212, 0.180633, 0.516088, 0.197423]",Lot,True
21,76,21:76,Noah,347,328,"[131.9, 220.998, 159.5, 232.998]","[0.254682, 0.309218, 0.307974, 0.326008]",Noah,True
21,78,21:78,David and Solomon,347,328,"[95.15, 365.148, 196.994, 377.148]","[0.183723, 0.510911, 0.380371, 0.527701]",David and Solomon,True
21,83,21:83,Job,348,329,"[250.9, 90.448, 268.228, 102.448]","[0.484456, 0.126554, 0.517915, 0.143345]",Job,True
21,87,21:87,Jonah,348,329,"[132.6, 303.348, 163.008, 315.348]","[0.256034, 0.424442, 0.314748, 0.441232]",Jonah,True
21,89,21:89,Zachariah and John,348,329,"[95.9, 489.698, 199.28, 501.698]","[0.185171, 0.68518, 0.384785, 0.701971]",Zachariah and John,True
21,91,21:91,Mary and Jesus,349,330,"[219.5, 48.948, 297.548, 60.948]","[0.423827, 0.068488, 0.574528, 0.085278]",Mary and Jesus,True
21,92,21:92,One God/One Religion,349,330,"[200.75, 100.998, 316.706, 112.998]","[0.387623, 0.141316, 0.61152, 0.158106]",One God / One Religion,False
21,96,21:96,The End of the World*,349,330,"[89.15, 272.948, 205.394, 284.948]","[0.172137, 0.381906, 0.39659, 0.398697]",The End of the World*,True
21,98,21:98,The Hereafter,349,330,"[113.15, 415.898, 182.27, 427.898]","[0.218478, 0.58192, 0.351941, 0.598711]",The Hereafter,True
21,104,21:104,The Day of Resurrection,350,331,"[199.8, 125.498, 321.0, 137.498]","[0.385789, 0.175596, 0.619811, 0.192386]",The Day of Resurrection,True
22,5,22:5,Where Did We Come From?,351,332,"[75.7, 294.198, 218.14, 306.198]","[0.146167, 0.411639, 0.421201, 0.428429]",Where Did We Come From?,True
22,11,22:11,Fair Weather Friends,352,333,"[95.15, 304.748, 202.73, 316.748]","[0.183723, 0.4264, 0.391446, 0.443191]",Fair Weather Friends,True
22,15,22:15,"Happiness Now, and Forever",352,333,"[187.1, 578.848, 333.344, 590.848]","[0.361267, 0.809918, 0.643646, 0.826708]","Happiness Now, and Forever",True
22,17,22:17,God: The Only Judge,353,334,"[205.1, 62.748, 312.644, 74.748]","[0.396022, 0.087797, 0.603676, 0.104587]",God: The Only Judge,True
22,19,22:19,How Terrible is Hell!*,353,334,"[90.599, 283.748, 201.887, 295.748]","[0.174935, 0.397018, 0.389818, 0.413808]",How Terrible is Hell!*,True
22,23,22:23,The Bliss of Heaven,353,334,"[97.099, 497.748, 196.915, 509.748]","[0.187486, 0.696444, 0.380218, 0.713234]",The Bliss of Heaven,True
22,33,22:33,Livestock Offerings During Pilgrimage*,355,336,"[160.19, 129.348, 357.734, 141.348]","[0.309307, 0.180983, 0.69074, 0.197773]",Livestock Offerings During Pilgrimage*,True
22,39,22:39,"Synagogues, Churches, and Mosques",356,337,"[167.65, 48.098, 351.418, 60.098]","[0.323711, 0.067299, 0.678544, 0.084089]","Synagogues, Churches, and Masjids",False
22,49,22:49,God’s Messenger of the Covenant,357,338,"[174.1, 141.798, 343.336, 153.798]","[0.336165, 0.198403, 0.662939, 0.215193]",God's Messenger of the Covenant,False
22,60,22:60,Divine Help for the Oppressed,358,339,"[71.15, 321.548, 224.294, 333.548]","[0.137382, 0.449907, 0.433084, 0.466697]",Divine Help for the Oppressed,True
22,72,22:72,Violence & Belligerence: Signs of Disbelief,359,340,"[153.69, 565.548, 365.238, 577.548]","[0.296756, 0.791309, 0.705229, 0.808099]",Violence & Belligerence: Signs of Disbelief,True
22,73,22:73,Can They Create a Fly?,360,341,"[201.94, 49.148, 321.784, 61.148]","[0.389921, 0.068768, 0.621325, 0.085558]",Can They Create a Fly?,True
22,78,22:78,Abraham: Original Messenger of Islam*,360,341,"[75.5, 314.598, 221.996, 340.648]","[0.145781, 0.440183, 0.428646, 0.476631]",Abraham: Original Messenger of Submission*,False
23,12,23:12,Accurate Embryology,361,342,"[91.099, 383.748, 199.183, 395.748]","[0.175901, 0.536936, 0.384597, 0.553727]",Accurate Embryology,True
23,17,23:17,The Seven Universes,361,342,"[207.0, 618.798, 308.988, 630.798]","[0.399691, 0.865815, 0.596617, 0.882606]",The Seven Universes,True
23,18,23:18,Innumerable Blessings From God,362,343,"[176.75, 48.198, 344.882, 60.198]","[0.341282, 0.067439, 0.665924, 0.084229]",Innumerable Blessings From God,True
23,23,23:23,Noah,362,343,"[135.5, 238.748, 163.256, 250.748]","[0.261634, 0.334054, 0.315227, 0.350844]",Noah,True
23,45,23:45,Moses and Aaron,364,345,"[216.35, 111.098, 303.998, 123.098]","[0.417745, 0.155448, 0.586982, 0.172238]",Moses and Aaron,True
23,51,23:51,One God/One Religion,364,345,"[90.849, 364.398, 206.985, 376.398]","[0.175418, 0.509862, 0.399662, 0.526652]",One God/One Religion,True
23,62,23:62,The Disbelievers Unappreciative,365,346,"[178.9, 112.048, 339.76, 124.048]","[0.345433, 0.156777, 0.656034, 0.173567]",The Disbelievers Unappreciative,True
23,84,23:84,Most Believers are Going to Hell*,366,347,"[63.0, 397.398, 233.496, 409.398]","[0.121645, 0.556035, 0.450851, 0.572825]",Most Believers are Destined for Hell*,False
23,97,23:97,To Be Protected From Satan,367,348,"[74.75, 318.448, 217.754, 330.448]","[0.144333, 0.445569, 0.420456, 0.46236]",To Be Protected From Satan,True
23,99,23:99,The Dead Never Come Back Until the Day of Resurrection,367,348,"[73.3, 404.498, 219.652, 430.398]","[0.141533, 0.56597, 0.42412, 0.602208]",The Dead Never Come Back Until the Day of Resurrection,True
24,2,24:2,Adultery,369,350,"[236.75, 100.298, 280.13, 112.298]","[0.457135, 0.140336, 0.540896, 0.157127]",Adultery,True
24,11,24:11,How to Deal With Rumors and Unproven Accusations,370,351,"[123.25, 48.198, 396.574, 60.198]","[0.23798, 0.067439, 0.765735, 0.084229]",How to Deal With Rumors and Unproven Accusations,True
24,21,24:21,The Devil Encourages Baseless Accusations,371,352,"[149.4, 47.848, 368.724, 59.848]","[0.288473, 0.066949, 0.71196, 0.083739]",The Devil Encourages Baseless Accusations,True
24,23,24:23,Gross Sin,371,352,"[122.3, 255.348, 170.3, 267.348]","[0.236146, 0.35728, 0.328828, 0.374071]",Gross Sin,True
24,27,24:27,Divine Etiquette,371,352,"[217.55, 598.548, 298.706, 610.548]","[0.420062, 0.837482, 0.576764, 0.854272]",Divine Etiquette,True
24,30,24:30,Dress Code for Believers*,372,353,"[84.099, 197.848, 213.399, 209.848]","[0.162385, 0.276827, 0.412047, 0.293617]",Dress Code for Believers*,True
24,32,24:32,Encourage Marriage to Discourage Immorality,373,354,"[141.69, 48.698, 376.122, 60.698]","[0.273586, 0.068138, 0.726244, 0.084928]",Encourage Marriage to Discourage Immorality,False
24,35,24:35,God,373,354,"[135.5, 431.748, 157.304, 443.748]","[0.261634, 0.604097, 0.303734, 0.620887]",God,True
24,40,24:40,Exile From God: Total Darkness,374,355,"[64.2, 306.098, 230.892, 318.098]","[0.123962, 0.428289, 0.445823, 0.44508]",Exile From God: Total Darkness,True
24,47,24:47,God Sends Instructions Through His Messenger,375,356,"[96.599, 168.348, 218.755, 194.748]","[0.186521, 0.235551, 0.422388, 0.27249]",God Sends Instructions Through His Messenger,True
24,51,24:51,Believers Unhesitatingly Obey God and His Messenger,375,356,"[72.849, 428.848, 224.149, 454.898]","[0.140662, 0.60004, 0.432804, 0.636489]",Believers Unhesitatingly Obey God and His Messenger,True
24,55,24:55,God’s Promise Kings and Queens on Earth,376,357,"[189.7, 119.948, 328.984, 145.898]","[0.366287, 0.16783, 0.635227, 0.204139]",God's Promise Kings and Queens on Earth,False
24,56,24:56,Formula for Success,376,357,"[96.099, 314.348, 199.479, 326.348]","[0.185555, 0.439833, 0.385169, 0.456623]",Formula for Success,True
24,58,24:58,Etiquette Two Contact Prayers Mentioned by Name,376,357,"[66.599, 457.148, 232.099, 497.847]","[0.128594, 0.639637, 0.448154, 0.696582]",Etiquette Two Prayers Mentioned by Name,False
24,61,24:61,Be Sure Your Meal is Lawful,377,358,"[72.099, 275.148, 218.655, 287.148]","[0.139214, 0.384984, 0.422195, 0.401775]",Be Sure Your Meal is Lawful,True
25,4,25:4,The Disbelievers Rebutted by the Quran’s Mathematical Code,379,360,"[171.5, 91.548, 348.92, 117.697]","[0.331145, 0.128093, 0.673721, 0.164681]",The Disbelievers Rebutted by the Quran's Mathematical Code,False
25,20,25:20,All Messengers Were Just Human,380,361,"[175.55, 563.598, 342.818, 575.598]","[0.338965, 0.78858, 0.661939, 0.805371]",Messengers Are Just Human Beings,False
25,27,25:27,God’s Messenger of the Covenant*,381,362,"[58.45, 268.048, 233.818, 280.048]","[0.11286, 0.37505, 0.451473, 0.39184]",God's Messenger of the Covenant*,False
25,41,25:41,Messengers Ridiculed,382,363,"[93.95, 520.298, 201.446, 532.298]","[0.181406, 0.727995, 0.388967, 0.744786]",Messengers Ridiculed,True
25,45,25:45,Infinite Blessings From God,383,364,"[187.3, 77.248, 329.128, 89.248]","[0.361653, 0.108085, 0.635505, 0.124875]",Infinite Blessings From God,True
25,58,25:58,The Prophets and the Saints Are Dead,384,365,"[163.3, 111.448, 356.032, 123.448]","[0.315312, 0.155937, 0.687453, 0.172727]",The Prophets and the Saints Are Dead,True
25,60,25:60,The Unappreciative Human,384,365,"[77.15, 240.448, 217.538, 252.448]","[0.148967, 0.336433, 0.420039, 0.353223]",The Unappreciative Human,True
25,72,25:72,Additional Traits of the Righteous,385,366,"[59.15, 242.948, 231.446, 254.948]","[0.114211, 0.33993, 0.446893, 0.356721]",Additional Traits of the Righteous,True
26,10,26:10,Moses,386,367,"[133.1, 356.598, 164.408, 368.598]","[0.256999, 0.498948, 0.317451, 0.515739]",Moses,True
26,69,26:69,Abraham,389,370,"[121.3, 251.498, 168.88, 263.498]","[0.234215, 0.351893, 0.326086, 0.368684]",Abraham,True
26,92,26:92,They Will Disown Their Idols,390,371,"[187.55, 163.048, 334.034, 175.048]","[0.362136, 0.228135, 0.644978, 0.244926]",They Will Disown Their Idols,True
26,105,26:105,Noah,390,371,"[133.8, 482.148, 161.748, 494.148]","[0.258351, 0.674616, 0.312315, 0.691407]",Noah,True
26,141,26:141,Saaleh,392,373,"[242.3, 137.948, 275.756, 149.948]","[0.467851, 0.193016, 0.53245, 0.209806]",Sãleh,False
26,160,26:160,Lot,393,374,"[249.69, 48.948, 267.474, 60.948]","[0.48212, 0.068488, 0.516459, 0.085278]",Lot,True
26,176,26:176,Shu'aib,393,374,"[126.84, 513.348, 164.58, 525.348]","[0.244912, 0.718271, 0.317783, 0.735061]",Shu'aib,True
27,7,27:7,Moses,396,377,"[132.85, 263.948, 164.374, 275.948]","[0.256517, 0.369314, 0.317386, 0.386104]",Moses,True
27,15,27:15,David and Solomon,397,,"[207.5, 77.498, 309.344, 89.498]","[0.400656, 0.108435, 0.597305, 0.125225]",David and Solomon,True
27,38,27:38,Faster Than the Speed of Light,399,380,"[179.9, 127.648, 336.92, 139.648]","[0.347364, 0.178604, 0.65055, 0.195394]",Faster Than the Speed of Light,True
27,45,27:45,Saaleh,400,,"[241.8, 47.498, 274.992, 59.498]","[0.466885, 0.066459, 0.530975, 0.083249]",Sãleh,False
27,50,27:50,God Protects The Believers,400,,"[80.05, 383.148, 216.25, 395.148]","[0.154567, 0.536097, 0.417552, 0.552887]",God Protects The Believers,True
27,54,27:54,Lot,400,,"[251.15, 583.148, 268.934, 595.148]","[0.484939, 0.815934, 0.519278, 0.832724]",Lot,True
27,59,27:59,Make No Distinction Among God’s Messengers,401,,"[139.1, 162.948, 377.528, 174.948]","[0.268585, 0.227995, 0.728959, 0.244786]",Make No Distinction Among God's Messengers,False
27,60,27:60,God ALONE Worthy of Worship,401,,"[58.9, 244.398, 232.9, 256.398]","[0.113729, 0.341959, 0.449701, 0.35875]",God ALONE Worthy of Worship,True
27,66,27:66,Believing in the Hereafter: Great Obstacle for Most Disbelievers,402,,"[168.1, 155.498, 351.04, 181.398]","[0.32458, 0.217572, 0.677814, 0.253811]",Believing in the Hereafter: Great Obstacle for Most People,False
27,84,27:84,Study the Quran’s Mathematical Code,403,,"[48.85, 320.248, 242.638, 332.248]","[0.094323, 0.448088, 0.468504, 0.464878]",Study the Quran's Mathematical Code,False
27,88,27:88,Earth’s Movement: Great Scientific Miracle,403,,"[148.69, 563.348, 367.114, 575.348]","[0.287102, 0.78823, 0.708851, 0.805021]",Earth's Movement: A Scientific Miracle,False
27,89,27:89,The Day of Judgment,404,385,"[207.0, 48.098, 313.968, 60.098]","[0.399691, 0.067299, 0.606233, 0.084089]",The Day of Judgment,True
28,5,28:5,God Helps the Oppressed,404,385,"[196.9, 572.748, 324.4, 584.748]","[0.380189, 0.801383, 0.626376, 0.818173]",God Compensates the Oppressed,False
28,7,28:7,Confidence in God,405,386,"[211.1, 77.248, 307.064, 89.248]","[0.407608, 0.108085, 0.592902, 0.124875]",Confidence in God,True
28,9,28:9,Inside the Lion’s Den,405,386,"[91.099, 264.448, 199.879, 276.448]","[0.175901, 0.370013, 0.385941, 0.386803]",Inside the Lion's Den,False
28,12,28:12,The Infant Returned to His Mother,405,386,"[58.45, 499.748, 234.214, 511.748]","[0.11286, 0.699242, 0.452238, 0.716032]",The Infant Returned to His Mother,True
28,15,28:15,Moses Commits Manslaughter,406,387,"[183.25, 90.948, 335.818, 102.948]","[0.353833, 0.127254, 0.648423, 0.144044]",Moses Commits Manslaughter,True
28,19,28:19,Moses’ Crime Exposed,406,387,"[90.349, 474.798, 205.045, 486.798]","[0.174453, 0.664332, 0.395916, 0.681122]",Moses' Crime Exposed,False
28,26,28:26,Moses Marries,407,388,"[108.84, 383.598, 181.74, 395.598]","[0.210156, 0.536726, 0.350917, 0.553517]",Moses Marries,True
28,29,28:29,Back to Egypt,408,389,"[224.75, 47.848, 295.142, 59.848]","[0.433964, 0.066949, 0.569882, 0.083739]",Back to Egypt,True
28,30,28:30,Moses Appointed,408,389,"[217.55, 170.348, 303.348, 182.348]","[0.420062, 0.238349, 0.585727, 0.25514]",Moses Appointed,False
28,36,28:36,Pharaoh’s Arrogance,409,390,"[206.05, 48.448, 311.494, 60.448]","[0.397857, 0.067788, 0.601456, 0.084579]",Pharaoh's Arrogance,False
28,48,28:48,The Torah and The Quran,410,391,"[80.5, 393.698, 215.812, 405.698]","[0.155435, 0.550858, 0.416706, 0.567648]",The Torah and The Quran,True
28,50,28:50,God Sends His Teachings to us Through His Messengers,410,391,"[117.95, 595.648, 401.81, 607.648]","[0.227747, 0.833424, 0.775845, 0.850215]",God Sends His Teachings to us Through His Messengers,True
28,51,28:51,All True Believers Accept the Quran,411,392,"[166.9, 48.098, 349.096, 60.098]","[0.322263, 0.067299, 0.674061, 0.084089]",All True Believers Accept the Quran,True
28,54,28:54,Twice the Reward for Christians and Jews Who Recognize the Truth,411,392,"[88.9, 142.048, 429.988, 154.048]","[0.171655, 0.198752, 0.830253, 0.215543]",Twice the Reward for Christians & Jews Who Recognize the Truth,False
28,56,28:56,Only God Guides,411,392,"[102.59, 315.198, 191.474, 327.198]","[0.198088, 0.441022, 0.369712, 0.457812]",Only God Guides,True
28,62,28:62,The Idols Disown Their Idolizers,412,393,"[178.69, 126.198, 342.094, 138.198]","[0.345028, 0.176575, 0.660541, 0.193366]",The Idols Disown Their Idolizers,True
28,65,28:65,Our Response to the Messengers,412,393,"[67.3, 346.998, 229.3, 358.998]","[0.129948, 0.485516, 0.44275, 0.502306]",Our Response to the Messengers,True
28,71,28:71,God’s Blessings,413,394,"[219.94, 47.948, 298.012, 59.948]","[0.424677, 0.067089, 0.575424, 0.083879]",God's Blessings,False
28,74,28:74,Idols Possess No Such Power,413,394,"[72.099, 273.698, 219.723, 285.698]","[0.139214, 0.382956, 0.424258, 0.399746]",Idols Possess No Power,False
28,76,28:76,Qaaroon,413,394,"[123.5, 432.198, 167.564, 444.198]","[0.238463, 0.604727, 0.323545, 0.621517]",Qãroon,False
28,80,28:80,The Real Wealth,414,395,"[106.45, 197.748, 190.69, 209.748]","[0.205542, 0.276687, 0.368198, 0.293478]",The Real Wealth,True
28,83,28:83,The Ultimate Winners,414,395,"[92.75, 507.348, 203.894, 519.348]","[0.179089, 0.709876, 0.393694, 0.726666]",The Ultimate Winners,True
29,2,29:2,The Test is Inevitable,415,396,"[92.75, 374.498, 199.346, 386.498]","[0.179089, 0.523994, 0.384912, 0.540784]",The Test is Mandatory,False
29,8,29:8,You Shall Honor Your Parents,416,397,"[183.69, 76.548, 337.338, 88.548]","[0.354682, 0.107106, 0.651357, 0.123896]",You Shall Honor Your Parents,True
29,14,29:14,Noah,416,397,"[246.35, 548.598, 273.962, 560.598]","[0.475671, 0.767593, 0.528986, 0.784383]",Noah,True
29,16,29:16,Abraham,417,398,"[233.9, 62.348, 281.432, 74.348]","[0.451632, 0.087237, 0.54341, 0.104027]",Abraham,True
29,18,29:18,Only One Source of Provisions,417,398,"[181.55, 137.748, 336.554, 149.748]","[0.35055, 0.192736, 0.649844, 0.209526]",,False
29,19,29:19,Study the Origin of Life*,417,398,"[83.4, 329.348, 208.332, 341.348]","[0.161035, 0.46082, 0.402263, 0.477611]",Study the Origin of Life*,True
29,24,29:24,Back to Abraham,418,399,"[213.5, 47.148, 301.892, 59.148]","[0.412242, 0.065969, 0.582916, 0.08276]",Back to Abraham,True
29,25,29:25,Social Pressure: A Profound Disaster,418,399,"[166.9, 142.298, 351.868, 154.298]","[0.322263, 0.199102, 0.679413, 0.215893]",Social Pressure: A Profound Disaster,True
29,28,29:28,Lot,418,399,"[138.85, 463.648, 156.79, 475.648]","[0.268102, 0.648732, 0.302742, 0.665522]",Lot,True
29,31,29:31,Angels Visit Abraham and Lot,419,400,"[180.6, 48.698, 335.724, 60.698]","[0.348716, 0.068138, 0.648241, 0.084928]",Angels Visit Abraham and Lot,True
29,36,29:36,Shu'aib,419,400,"[126.84, 455.748, 164.58, 467.748]","[0.244912, 0.637678, 0.317783, 0.654468]",Shu'aib,True
29,39,29:39,God’s Unchangeable System,420,401,"[188.3, 46.998, 329.972, 58.998]","[0.363584, 0.06576, 0.637135, 0.08255]",God's Immutable System,False
29,41,29:41,The Spider,420,401,"[121.8, 262.148, 175.908, 274.148]","[0.235181, 0.366795, 0.339656, 0.383585]",The Spider,True
29,46,29:46,One God/One Religion,421,402,"[200.5, 47.498, 316.768, 59.498]","[0.38714, 0.066459, 0.611639, 0.083249]",One God/One Religion,True
29,48,29:48,Quran: Muhammad’s Miracle*,421,402,"[67.099, 193.398, 224.959, 205.398]","[0.12956, 0.270601, 0.434368, 0.287391]",Quran: Muhammad's Miracle*,False
29,53,29:53,They Are in Hell,422,403,"[218.5, 47.598, 300.712, 59.598]","[0.421896, 0.066599, 0.580637, 0.083389]",They (Are) in Hell,False
29,56,29:56,Immigrate in the Cause of God,422,403,"[68.3, 185.498, 226.784, 197.498]","[0.131879, 0.259547, 0.437891, 0.276337]",Immigrate in the Cause of God,True
29,61,29:61,Most Believers Going to Hell,422,403,"[74.3, 450.448, 220.58, 462.448]","[0.143464, 0.630262, 0.425912, 0.647053]",Most Believers Destined for Hell,False
29,64,29:64,Re-arrange Your Priorities,423,404,"[193.3, 48.948, 324.58, 60.948]","[0.373238, 0.068488, 0.626723, 0.085278]",Re-arrange Your Priorities,True
30,6,30:6,Preoccupation With the Wrong Life,424,405,"[171.94, 48.348, 348.772, 60.348]","[0.331995, 0.067648, 0.673435, 0.084439]",Preoccupation With the Wrong Life,True
30,11,30:11,Idol Worshipers Disown Their Idols,424,405,"[57.5, 483.698, 237.548, 495.698]","[0.111025, 0.676785, 0.458675, 0.693576]",Idol Worshipers Disown Their Idols,True
30,20,30:20,Marriage: A Divine Institution,425,406,"[69.25, 226.748, 220.474, 238.748]","[0.133713, 0.317264, 0.425708, 0.334054]",Marriage: A Divine Institution,True
30,28,30:28,Absurdity of Idolatry,426,407,"[96.099, 203.248, 201.435, 215.248]","[0.185555, 0.284383, 0.388946, 0.301173]",Absurdity of Idol Worship,False
30,30,30:30,Monotheism: Natural Instinct*,426,407,"[69.7, 446.348, 226.66, 458.348]","[0.134582, 0.624525, 0.437652, 0.641316]",Monotheism: Natural Instinct*,True
30,33,30:33,Bad Weather Friends,427,408,"[205.8, 47.498, 312.372, 59.498]","[0.397374, 0.066459, 0.603151, 0.083249]",Bad Weather Friends,True
30,40,30:40,Who Is Worthy of Worship?,427,408,"[77.9, 499.548, 216.704, 511.548]","[0.150415, 0.698962, 0.418428, 0.715753]",Who Is Worthy of Worship?,True
30,42,30:42,Learning From History,428,409,"[202.44, 47.598, 317.664, 59.598]","[0.390886, 0.066599, 0.613369, 0.083389]",Learning From History,True
30,47,30:47,Guaranteed Victory for the Believers,428,409,"[57.0, 423.448, 240.204, 435.448]","[0.11006, 0.592484, 0.463804, 0.609274]",Guaranteed Victory for the Believers,True
30,54,30:54,This Life is Very Short,429,410,"[203.15, 161.848, 314.906, 173.848]","[0.392257, 0.226456, 0.608044, 0.243247]",This Life is Very Short,True
31,12,31:12,Luqmaan's Wisdom,431,412,"[207.69, 48.348, 309.186, 60.348]","[0.401023, 0.067648, 0.596999, 0.084439]",Luqmãn's Wisdom,False
31,16,31:16,Luqmaan’s Advice,431,412,"[99.0, 379.548, 193.44, 391.548]","[0.191157, 0.53106, 0.373508, 0.54785]",Luqmãn's Advice,False
31,21,31:21,Following Parents Blindly: A Common Tragedy,432,413,"[141.94, 134.598, 379.708, 146.598]","[0.274068, 0.188328, 0.733169, 0.205119]",Following the Parents Blindly: A Common Tragedy,False
31,22,31:22,The Strongest Bond,432,413,"[98.5, 229.648, 197.104, 241.648]","[0.190191, 0.321321, 0.380583, 0.338112]",The Strongest Bond,True
31,27,31:27,These Are All the Words We Need,432,413,"[175.55, 553.148, 345.338, 565.148]","[0.338965, 0.773959, 0.666805, 0.790749]",These Are All the Words We Need,True
31,29,31:29,God ALONE Worthy of Worship,433,414,"[172.19, 48.348, 346.394, 60.348]","[0.332477, 0.067648, 0.668843, 0.084439]",God ALONE Worthy of Worship,True
32,4,32:4,No Mediator Between God and You,434,415,"[169.8, 160.148, 350.328, 172.148]","[0.327862, 0.224078, 0.676439, 0.240868]",No Mediator Between God And You,True
32,7,32:7,The Origin of Man,434,415,"[102.34, 380.598, 195.592, 392.598]","[0.197606, 0.532529, 0.377664, 0.549319]",The Origin of Man,True
32,12,32:12,Too Late,435,416,"[236.3, 47.348, 281.84, 59.348]","[0.456266, 0.066249, 0.544198, 0.08304]",Too Late,True
32,17,32:17,Heaven: Indescribably Beautiful,435,416,"[64.9, 326.348, 227.2, 338.348]","[0.125314, 0.456623, 0.438695, 0.473413]",Heaven: Indescribably Beautiful,True
32,21,32:21,Take A Hint,436,417,"[230.5, 48.548, 292.504, 60.548]","[0.445067, 0.067928, 0.564788, 0.084719]",Take A Hint,True
33,4,33:4,Devotion to God Is Indivisible,437,418,"[71.15, 167.498, 224.834, 179.498]","[0.137382, 0.234362, 0.434126, 0.251152]",Devotion to God Is Indivisible,True
33,5,33:5,Do Not Change Your Names,437,418,"[73.099, 337.148, 219.151, 349.148]","[0.141145, 0.471734, 0.423153, 0.488524]",Do Not Change Your Names,True
33,7,33:7,Muhammad Pledges to Support God’s Messenger of the Covenant*,438,419,"[90.599, 47.848, 429.239, 59.848]","[0.174935, 0.066949, 0.828807, 0.083739]",Muhammad Pledges to Support God's Messenger of the Covenant*,False
33,9,33:9,The Battle of the Parties,438,419,"[200.5, 148.998, 321.82, 160.998]","[0.38714, 0.208477, 0.621394, 0.225267]",The Battle of the Parties,True
33,21,33:21,The Prophet’s Courage*,439,420,"[87.5, 450.548, 207.836, 462.548]","[0.168952, 0.630402, 0.401305, 0.647192]",The Prophet's Courage*,False
33,28,33:28,Special Responsibility For Being Close,440,421,"[93.5, 440.748, 205.69, 466.998]","[0.180537, 0.61669, 0.397162, 0.653419]",Special Responsibility For Being Close,True
33,35,33:35,Equality of Men and Women,441,422,"[72.849, 444.698, 218.877, 456.698]","[0.140662, 0.622217, 0.422624, 0.639007]",Equality of Men and Women,True
33,36,33:36,Major Error Committed by Muhammad Muhammad the Man Disobeys Muhammad the Messenger,442,423,"[112.2, 48.548, 409.128, 74.597]","[0.216644, 0.067928, 0.789975, 0.104376]","Major Error Committed by Muhammad
Muhammad the Man Disobeys Muhammad the Messenger",False
33,40,33:40,Not The Final Messenger*,442,423,"[80.5, 440.748, 214.672, 452.748]","[0.155435, 0.61669, 0.414505, 0.63348]",Not The Final Messenger*,True
33,49,33:49,Marriage Laws,443,424,"[108.09, 263.948, 183.15, 275.948]","[0.208708, 0.369313, 0.35364, 0.386104]",Marriage Laws,True
33,53,33:53,Etiquette,444,425,"[125.65, 270.948, 170.53, 282.948]","[0.242614, 0.379108, 0.329272, 0.395898]",Etiquette,True
33,56,33:56,During the Prophet’s Life*,445,426,"[191.9, 121.998, 325.04, 133.998]","[0.370535, 0.170699, 0.627611, 0.187489]",During the Prophet's Life*,False
33,59,33:59,Dress Code for Women,445,426,"[87.95, 360.548, 203.942, 372.548]","[0.16982, 0.504475, 0.393786, 0.521265]",Dress Code for Women,True
33,63,33:63,End of the World Revealed*,446,427,"[189.69, 48.348, 332.298, 60.348]","[0.366268, 0.067648, 0.641626, 0.084439]",End of the World Revealed*,True
33,64,33:64,The Followers Turn On Their Leaders,446,427,"[165.69, 100.398, 356.622, 112.398]","[0.319927, 0.140476, 0.688592, 0.157267]",The Followers Turn On Their Leaders,True
33,72,33:72,Freedom of Choice,446,427,"[99.0, 472.548, 196.632, 484.548]","[0.191156, 0.661184, 0.379672, 0.677975]",Freedom of Choice,True
34,10,34:10,David and Solomon,448,429,"[94.45, 197.499, 197.422, 209.499]","[0.182371, 0.276338, 0.381197, 0.293128]",David and Solomon,True
34,12,34:12,The First Oil Field,448,429,"[100.7, 326.149, 194.084, 338.149]","[0.194439, 0.456343, 0.374752, 0.473134]",The First Oil Field,True
34,14,34:14,Jinns’ Knowledge is Limited,448,429,"[189.25, 555.948, 330.322, 567.948]","[0.365418, 0.777877, 0.63781, 0.794667]",Jinns' Knowledge is Limited,False
34,23,34:23,No Intercession,450,431,"[221.9, 48.448, 299.864, 60.448]","[0.428461, 0.067788, 0.579, 0.084579]",No Intercession,True
34,32,34:32,On the Day of Resurrection,451,432,"[189.5, 47.748, 327.92, 59.748]","[0.365901, 0.066809, 0.633172, 0.083599]",On the Day of Resurrection,True
35,10,35:10,All Dignity Belongs With God,454,435,"[70.45, 426.798, 222.586, 438.798]","[0.13603, 0.597171, 0.429786, 0.613962]",All Dignity Belongs With God,True
35,11,35:11,God is in Full Control,454,435,"[204.1, 565.548, 317.044, 577.548]","[0.394091, 0.791309, 0.612172, 0.808099]",God is in Full Control,True
35,12,35:12,Appreciating God’s Greatness*,455,436,"[179.4, 48.698, 337.332, 60.698]","[0.346399, 0.068138, 0.651346, 0.084928]",Appreciating God's Greatness*,False
35,27,35:27,God’s Colorful Creations,456,437,"[84.599, 362.948, 212.027, 374.948]","[0.16335, 0.507833, 0.409398, 0.524623]",God's Colorful Creations,False
35,31,35:31,Quran: The Consummation of All the Scriptures,457,438,"[136.69, 48.198, 380.566, 60.198]","[0.263931, 0.067439, 0.734825, 0.084229]",Quran: The Consummation of All the Scriptures,True
35,33,35:33,The Believers,457,438,"[113.4, 251.848, 179.544, 263.848]","[0.218961, 0.352383, 0.346677, 0.369174]",The Believers,True
35,36,35:36,The Disbelievers,457,438,"[106.2, 445.148, 187.176, 457.148]","[0.205059, 0.622846, 0.361413, 0.639637]",The Disbelievers,True
35,39,35:39,The Winners and the Losers,458,439,"[189.69, 48.348, 330.03, 60.348]","[0.366268, 0.067648, 0.637246, 0.084439]",The Winners and the Losers,True
35,42,35:42,Putting Them to the Test,458,439,"[84.849, 384.448, 211.029, 396.448]","[0.163833, 0.537916, 0.407471, 0.554706]",Putting Them to the Test,True
36,13,36:13,Rejecting The Messengers: A Tragic Human Trait*,460,441,"[131.4, 47.348, 385.92, 59.348]","[0.253717, 0.066249, 0.745163, 0.08304]",Rejecting The Messengers: A Tragic Human Trait*,True
36,30,36:30,Ridiculing The Messengers: A Tragic Human Trait*,461,442,"[129.0, 98.248, 389.136, 110.248]","[0.249083, 0.137468, 0.751373, 0.154258]",Ridiculing The Messengers: A Tragic Human Trait*,True
36,33,36:33,Signs of God,461,442,"[114.09, 234.948, 179.394, 246.948]","[0.220293, 0.328737, 0.346387, 0.345527]",Signs of God,True
36,41,36:41,Invention of the First Ship,462,443,"[194.5, 47.948, 326.512, 59.948]","[0.375555, 0.067089, 0.630454, 0.083879]",Invention of the First Ship,True
36,74,36:74,Powerless Idols,464,445,"[220.69, 131.498, 296.854, 143.498]","[0.426125, 0.183991, 0.573188, 0.200781]",Powerless Idols,True
37,27,37:27,Mutual Blaming,466,447,"[218.3, 76.548, 300.596, 88.548]","[0.42151, 0.107106, 0.580413, 0.123896]",Mutual Blaming,True
37,50,37:50,The People of Heaven Visit the People of Hell,466,447,"[145.1, 608.748, 375.8, 620.748]","[0.28017, 0.851754, 0.725623, 0.868544]",The Dwellers of Heaven Visit the Dwellers of Hell,False
37,69,37:69,They Followed Their Parents Blindly,467,448,"[54.1, 422.248, 237.52, 434.248]","[0.10446, 0.590805, 0.458621, 0.607595]",They Followed Their Parents Blindly,True
37,75,37:75,Noah,467,448,"[243.0, 607.148, 270.612, 619.148]","[0.469202, 0.849515, 0.522518, 0.866305]",Noah,True
37,83,37:83,Abraham,468,449,"[235.3, 132.948, 282.508, 144.948]","[0.454335, 0.18602, 0.545487, 0.20281]",Abraham,True
37,114,37:114,Moses and Aaron,469,450,"[102.09, 302.348, 190.41, 314.348]","[0.197123, 0.423042, 0.367658, 0.439832]",Moses and Aaron,True
37,123,37:123,Elias,469,450,"[246.1, 561.798, 271.42, 573.798]","[0.475188, 0.786062, 0.524078, 0.802852]",Elias,True
37,133,37:133,Lot,470,451,"[250.9, 133.898, 268.888, 145.898]","[0.484456, 0.187349, 0.519189, 0.204139]",Lot,True
37,139,37:139,Jonah,470,451,"[132.35, 273.798, 162.95, 285.798]","[0.255551, 0.383096, 0.314636, 0.399886]",Jonah,True
38,43,38:43,God Makes it up to the Believers,475,456,"[176.3, 48.448, 341.588, 60.448]","[0.340413, 0.067788, 0.659564, 0.084579]",God Makes it up to the Believers,True
39,3,39:3,The Idols as Mediators A Common Myth,477,458,"[88.9, 277.048, 206.4, 303.347]","[0.171655, 0.387643, 0.398533, 0.42444]",The Idols as Mediators A Common Myth,True
39,7,39:7,Believe For Your Own Good,478,459,"[186.35, 133.898, 330.65, 145.898]","[0.359818, 0.187349, 0.638444, 0.204139]",Believe For Your Own Good,True
39,11,39:11,God ALONE,479,460,"[222.6, 48.448, 293.892, 60.448]","[0.429813, 0.067788, 0.567469, 0.084579]",God ALONE,True
39,18,39:18,Follow the Word of God,479,460,"[84.349, 413.598, 207.721, 425.598]","[0.162867, 0.578702, 0.401083, 0.595492]",Follow the Word of God,True
39,23,39:23,The Best Hadith,480,461,"[219.69, 92.248, 301.278, 104.248]","[0.424194, 0.129073, 0.58173, 0.145863]",The Best Hadith,True
39,30,39:30,Hadith: Gross Blasphemy,480,461,"[196.69, 590.248, 326.71, 602.248]","[0.379784, 0.825869, 0.630836, 0.842659]",Hadith: A Gross Blasphemy,False
39,33,39:33,Quran: Absolute Truth,481,462,"[201.25, 92.848, 316.018, 104.848]","[0.388589, 0.129912, 0.610191, 0.146703]",Quran: Absolute Truth,True
39,36,39:36,Profound Question,481,462,"[97.8, 244.648, 193.38, 256.648]","[0.18884, 0.342309, 0.373393, 0.359099]",Profound Question,True
39,38,39:38,"They Believe in God Yet, They Are Going to Hell",481,462,"[76.45, 405.448, 215.986, 431.847]","[0.147615, 0.567299, 0.417042, 0.604236]","They Believe in God Yet, They Are Going to Hell",True
39,43,39:43,The Myth of Intercession,482,463,"[83.4, 170.948, 208.26, 182.948]","[0.161035, 0.239189, 0.402124, 0.255979]",The Myth of Intercession,True
39,45,39:45,The Greatest Criterion*,482,463,"[88.2, 331.748, 207.756, 343.748]","[0.170303, 0.464178, 0.401151, 0.480969]",The Greatest Criterion*,True
39,49,39:49,Human Fickleness,483,464,"[211.8, 91.748, 305.304, 103.748]","[0.408959, 0.128373, 0.589504, 0.145163]",Human Fickleness,True
39,53,39:53,God’s Infinite Mercy,483,464,"[95.15, 407.248, 198.626, 419.248]","[0.183723, 0.569817, 0.383522, 0.586607]",God's Infinite Mercy,False
39,65,39:65,Idol Worship Nullifies All Work,484,465,"[67.099, 396.348, 227.815, 408.348]","[0.12956, 0.554566, 0.439882, 0.571356]",Idol Worship Nullifies All Work,True
39,67,39:67,Greatness of God*,484,465,"[213.5, 530.748, 308.156, 542.748]","[0.412242, 0.742617, 0.595011, 0.759407]",Greatness of God*,True
39,68,39:68,The Day of Judgment,485,466,"[205.3, 48.098, 312.7, 60.098]","[0.396409, 0.067299, 0.603785, 0.084089]",The Day of Judgment,True
39,71,39:71,The Disbelievers,485,466,"[105.95, 258.448, 187.442, 270.448]","[0.204576, 0.361618, 0.361927, 0.378408]",The Disbelievers,True
39,73,39:73,The Believers,485,466,"[113.9, 501.448, 180.044, 513.448]","[0.219927, 0.701621, 0.347642, 0.718411]",The Believers,True
40,7,40:7,Angels Pray for the Believers,486,467,"[186.85, 552.698, 331.018, 564.698]","[0.360784, 0.773329, 0.639154, 0.790119]",Angels Pray for the Believers,True
40,10,40:10,God ALONE,487,468,"[222.85, 141.198, 293.878, 153.198]","[0.430295, 0.197563, 0.567442, 0.214353]",God ALONE: The Disbelievers Confess,False
40,17,40:17,Prepare for the Big Day,488,469,"[201.69, 47.598, 319.878, 59.598]","[0.389438, 0.066599, 0.617644, 0.083389]",Prepare for the Big Day,True
40,23,40:23,Moses,488,469,"[131.9, 521.248, 163.424, 533.248]","[0.254682, 0.729325, 0.315551, 0.746115]",Moses,True
40,40,40:40,The Best Deal,490,471,"[113.4, 477.798, 185.148, 489.798]","[0.218961, 0.66853, 0.357498, 0.68532]",The Best Deal,True
40,41,40:41,The Believing Egyptian Debates With His People,491,472,"[137.15, 48.548, 381.338, 60.548]","[0.264819, 0.067928, 0.736316, 0.084718]",The Believing Egyptian Debates With His People,True
40,46,40:46,A Continuous Nightmare,491,472,"[81.25, 401.498, 208.906, 413.498]","[0.156884, 0.561772, 0.403371, 0.578562]",While in the Grave: A Continuous Nightmare,False
40,49,40:49,Too Late,491,472,"[235.1, 609.798, 280.388, 621.798]","[0.453949, 0.853223, 0.541394, 0.870013]",Too Late,True
40,53,40:53,Learn From History,492,473,"[96.099, 261.798, 198.087, 273.798]","[0.185555, 0.366305, 0.382481, 0.383095]",Learn From History,True
40,60,40:60,Supplication: A Form of Worship*,493,474,"[171.69, 77.748, 345.942, 89.748]","[0.331512, 0.108785, 0.667971, 0.125575]",Supplication: A Form of Worship*,True
40,66,40:66,"Before God’s Blessings Upon Him, Muhammad Used to Worship Idols",493,474,"[57.95, 468.698, 234.71, 494.598]","[0.111894, 0.655797, 0.453196, 0.692036]","Before God's Blessings Upon Him, Muhammad Used to Worship Idols",False
40,84,40:84,GodALONE,495,476,"[112.45, 452.019, 178.87, 462.019]","[0.217127, 0.63246, 0.345376, 0.646451]",God ALONE,False
41,13,41:13,Warning,497,478,"[238.69, 91.648, 280.69, 103.648]","[0.46088, 0.128233, 0.541977, 0.145024]",Warning,True
41,21,41:21,A Video Record,498,479,"[218.75, 48.198, 299.402, 60.198]","[0.422379, 0.067439, 0.578108, 0.084229]",The Video Record,False
41,29,41:29,On the Day of Judgment,498,479,"[198.85, 589.398, 322.03, 601.398]","[0.383954, 0.824679, 0.6218, 0.84147]",On the Day of Judgment,True
41,30,41:30,Perfect Happiness: Now and Forever,499,480,"[166.19, 48.448, 351.95, 60.448]","[0.320892, 0.067788, 0.679571, 0.084579]",Perfect Happiness: Now and Forever,True
41,36,41:36,When the Devil Entices You,499,480,"[75.95, 435.348, 216.146, 447.348]","[0.14665, 0.609134, 0.417351, 0.625925]",When the Devil Entices You,True
41,47,41:47,Idols Disown Their Followers,501,482,"[184.69, 48.198, 332.902, 60.198]","[0.356613, 0.067439, 0.642792, 0.084229]",Idols Disown Their Followers,True
41,49,41:49,Bad Weather Friends,501,482,"[207.0, 164.148, 313.56, 176.148]","[0.399691, 0.229674, 0.605445, 0.246465]",Bad Weather Friends,True
41,53,41:53,The Great Prophecy*,501,482,"[94.2, 492.198, 200.412, 504.198]","[0.181888, 0.688678, 0.38697, 0.705468]",A Great Prophecy*,False
42,14,42:14,Monotheists w Idol Worshipers,503,484,"[64.45, 309.348, 228.263, 321.352]","[0.124445, 0.432837, 0.440747, 0.449631]",,False
42,15,42:15,Message to the Christians and the Jews,503,484,"[161.4, 553.398, 355.728, 565.398]","[0.311643, 0.774309, 0.686866, 0.791099]",Message to the Christians and the Jews,True
42,30,42:30,Only A Consequence,505,486,"[205.8, 565.648, 310.476, 577.648]","[0.397374, 0.791449, 0.59949, 0.808239]",Only A Consequence,True
42,37,42:37,Traits of the Believers,506,487,"[93.95, 272.948, 202.994, 284.948]","[0.181406, 0.381906, 0.391956, 0.398697]",Traits of the Believers,True
42,51,42:51,How God Communicates With Us,507,488,"[173.65, 571.148, 345.946, 583.148]","[0.335296, 0.799144, 0.667978, 0.815934]",How God Communicates With Us,True
43,15,43:15,Angels As Daughters: A Blasphemy,509,490,"[55.549, 196.998, 234.601, 208.998]","[0.107258, 0.275638, 0.452985, 0.292428]",Angels As Daughters: A Blasphemy,True
43,31,43:31,Muhammad Ridiculed,510,491,"[90.099, 405.698, 204.795, 417.698]","[0.17397, 0.567649, 0.395433, 0.584439]",Muhammad Ridiculed,True
43,33,43:33,Materials of This World: All That The Disbelievers Get,510,491,"[120.34, 593.498, 398.572, 605.498]","[0.232361, 0.830416, 0.769593, 0.847206]",Materials of This World: All That The Disbelievers Get,True
43,48,43:48,Moses and Pharaoh,512,493,"[209.15, 47.498, 309.518, 59.498]","[0.403842, 0.066459, 0.59764, 0.083249]",Moses and Pharaoh,True
43,68,43:68,The Righteous,513,494,"[111.7, 383.948, 182.668, 395.948]","[0.215679, 0.537216, 0.352709, 0.554006]",The Righteous,True
43,78,43:78,They Hate The Truth,514,495,"[207.94, 138.348, 313.696, 150.348]","[0.401506, 0.193575, 0.605708, 0.210366]",They Hate The Truth,True
44,10,44:10,A Major Prophecy*,515,496,"[96.099, 310.648, 195.111, 322.648]","[0.185555, 0.434656, 0.376735, 0.451446]",The Smoke: A Major Prophecy*,False
44,34,44:34,Expect The Same Consequences,516,497,"[64.7, 452.598, 229.028, 464.598]","[0.124928, 0.63327, 0.442224, 0.650061]",Expect The Same Consequences,True
44,51,44:51,The Righteous,517,498,"[110.3, 344.498, 181.436, 356.498]","[0.212975, 0.482018, 0.35033, 0.498808]",The Righteous,True
45,6,45:6,Which Hadith?,518,499,"[109.3, 253.648, 185.548, 265.648]","[0.211045, 0.354902, 0.35827, 0.371692]",Which Hadith?*,False
46,5,46:5,The Idols Totally Unaware,521,502,"[193.3, 606.948, 327.172, 618.948]","[0.373238, 0.849235, 0.631728, 0.866025]",The Idols Totally Unaware,True
46,6,46:6,The Idols Disown Their Worshipers*,522,503,"[167.4, 46.898, 350.508, 58.898]","[0.323228, 0.06562, 0.676787, 0.08241]",The Idols Disown Their Worshipers*,True
46,13,46:13,Good News,522,503,"[231.69, 544.148, 289.926, 556.148]","[0.447364, 0.761366, 0.559811, 0.778156]",Good News,True
46,15,46:15,40: The Age of Decision *,523,504,"[194.75, 47.498, 324.104, 59.501]","[0.376038, 0.066459, 0.625804, 0.083254]",40: The Age of Decision*,False
46,29,46:29,Believers Among the Jinns*,525,506,"[190.19, 48.548, 327.53, 60.548]","[0.367233, 0.067928, 0.632419, 0.084718]",Believers Among the Jinns*,True
47,18,47:18,End of the World,527,508,"[102.34, 497.598, 189.736, 509.598]","[0.197606, 0.696234, 0.366356, 0.713024]",End of the World*,False
47,20,47:20,Exposing the Hypocrites,528,509,"[198.85, 47.748, 318.934, 59.748]","[0.383954, 0.066809, 0.615822, 0.083599]",Exposing the Hypocrites,True
47,24,47:24,Study the Quran,528,509,"[105.7, 333.348, 189.112, 345.348]","[0.204093, 0.466417, 0.365152, 0.483207]",Study the Quran,True
47,34,47:34,The Great Disaster,529,510,"[99.25, 316.548, 194.866, 328.548]","[0.191639, 0.442911, 0.376262, 0.459701]",The Great Disaster,True
47,30,47:30,Warning to the Arabs,529,510,"[206.5, 611.848, 311.428, 623.848]","[0.398726, 0.856091, 0.601328, 0.872881]",,False
48,10,48:10,You Shall Support God’s Messenger,531,512,"[169.1, 48.448, 350.072, 60.448]","[0.326511, 0.067788, 0.675945, 0.084579]",You Shall Support God's Messenger,False
48,28,48:28,The Great Prophecy*,533,514,"[206.05, 535.048, 312.034, 547.048]","[0.397857, 0.748634, 0.602499, 0.765424]",The Great Prophecy*,True
48,29,48:29,Qualities of the Believers,534,515,"[197.15, 47.948, 321.158, 59.948]","[0.380672, 0.067089, 0.620116, 0.083879]",Qualities of the Believers,True
49,6,49:6,Investigate Rumors Before Believing Them,535,516,"[152.05, 93.198, 364.438, 105.198]","[0.293589, 0.130402, 0.703684, 0.147192]",Investigate Rumors Before Believing Them,True
49,9,49:9,Reconcile The Believers,535,516,"[87.95, 359.748, 207.146, 371.748]","[0.16982, 0.503356, 0.399973, 0.520146]",Reconcile The Believers,True
49,10,49:10,The Real Family,535,516,"[106.9, 512.498, 189.952, 524.498]","[0.20641, 0.717082, 0.366773, 0.733872]",The Real Family,True
49,12,49:12,Suspicion Is Sinful,536,517,"[213.5, 48.198, 307.82, 60.198]","[0.412242, 0.067439, 0.594362, 0.084229]",Suspicion Is Sinful,True
49,13,49:13,The Only Criterion For Distinguishing Among The People,536,517,"[116.05, 129.348, 405.562, 141.348]","[0.224078, 0.180983, 0.78309, 0.197773]",The Only Criterion For Distinguishing Among The People,True
49,17,49:17,Who Is Doing Whom A Favor?,536,517,"[182.3, 553.398, 338.648, 565.398]","[0.351999, 0.774309, 0.653887, 0.791099]",Who Is Doing Whom A Favor?,True
51,47,51:47,“Expansion of the Universe Theory” Confirmed,541,522,"[140.05, 534.948, 376.138, 546.948]","[0.270419, 0.748493, 0.726275, 0.765284]","""Expansion of the Universe Theory"" Confirmed",False
51,56,51:56,The Purpose of Our Existence,542,523,"[184.9, 137.498, 333.556, 149.498]","[0.357019, 0.192386, 0.644055, 0.209176]",The Purpose of Our Existence,True
52,29,52:29,The Messenger,543,524,"[221.15, 574.148, 294.254, 586.148]","[0.427013, 0.803342, 0.568168, 0.820132]",The Messenger,True
52,34,52:34,“Mohammedans” Challenge God and Produce Hadith,544,525,"[123.95, 83.848, 395.9, 95.851]","[0.239332, 0.11732, 0.764433, 0.134114]","""Mohammedans"" Challenge God and Produce Hadith",False
53,19,53:19,The Flimsy Idols,545,526,"[104.75, 357.548, 188.342, 369.548]","[0.202259, 0.500278, 0.363665, 0.517068]",The Flimsy Idols,True
53,29,53:29,Choose Your Friends Carefully,546,527,"[182.05, 97.298, 336.85, 109.298]","[0.351516, 0.136139, 0.650415, 0.152929]",Choose Your Friends Carefully,True
53,45,53:45,The Husband Determines The Baby’s Gender,547,528,"[144.35, 48.548, 373.814, 60.548]","[0.278722, 0.067928, 0.721788, 0.084718]",The Husband Determines The Baby's Gender,False
56,27,56:27,The Lower Heaven,554,535,"[101.9, 191.248, 197.396, 203.248]","[0.196756, 0.267593, 0.381147, 0.284383]",The Lower Heaven,True
56,41,56:41,Hell,554,535,"[138.35, 427.898, 159.794, 439.898]","[0.267137, 0.59871, 0.308542, 0.615501]",Hell,True
56,57,56:57,Reflections,555,536,"[231.0, 135.098, 285.816, 147.098]","[0.446032, 0.189028, 0.551875, 0.205818]",Reflections,True
56,75,56:75,Only the Sincere Can Understand the Quran,555,536,"[147.25, 550.048, 370.054, 562.048]","[0.284321, 0.769621, 0.714528, 0.786412]",Only the Sincere Can Understand the Quran,True
57,12,57:12,The Great Triumph,558,539,"[210.35, 47.348, 308.126, 59.348]","[0.406159, 0.066249, 0.594953, 0.083039]",The Great Triumph,True
57,13,57:13,The Worst Losers,558,539,"[216.1, 127.648, 303.172, 139.648]","[0.417262, 0.178604, 0.585387, 0.195394]",The Worst Losers,True
57,16,57:16,Deterioration of Religion,558,539,"[84.849, 435.198, 209.973, 447.198]","[0.163833, 0.608924, 0.405432, 0.625715]",Deterioration of Religion,True
57,20,57:20,Preoccupation With This Life Condemned,559,540,"[151.55, 106.298, 365.69, 118.298]","[0.292624, 0.148731, 0.706102, 0.165522]",Preoccupation With This Life Condemned,True
57,21,57:21,The Intelligent Alternative,559,540,"[81.25, 274.048, 211.078, 286.048]","[0.156884, 0.383445, 0.407565, 0.400236]",The Intelligent Alternative,True
57,22,57:22,Profound Fact*,559,540,"[106.2, 427.398, 187.1, 439.401]","[0.205059, 0.598011, 0.361267, 0.614806]",Profound Fact*,True
57,25,57:25,Iron: The Most Useful Metal,560,541,"[187.1, 48.348, 331.4, 60.348]","[0.361267, 0.067648, 0.639892, 0.084439]",Iron: The Most Useful Metal,True
57,26,57:26,The Prnnhpts:,560,541,"[227.75, 170.948, 293.114, 182.948]","[0.439757, 0.239189, 0.565966, 0.255979]",The Prophets,False
57,27,57:27,Deterioration of Religion,560,541,"[84.599, 266.348, 210.095, 278.348]","[0.16335, 0.372672, 0.405667, 0.389462]",Deterioration of Religion,True
58,7,58:7,God is With You Now,562,543,"[204.35, 47.148, 315.05, 59.148]","[0.394574, 0.065969, 0.608322, 0.08276]",God is With You Now,True
58,8,58:8,Do Not Conspire,562,543,"[104.3, 199.898, 190.88, 211.898]","[0.20139, 0.279696, 0.368565, 0.296486]",Do Not Conspire,True
58,14,58:14,Choose Your Friends,563,544,"[93.5, 221.248, 199.604, 233.248]","[0.180537, 0.309568, 0.38541, 0.326358]",Choose Your Friends,True
58,22,58:22,Run For Your Life,564,545,"[212.3, 47.248, 305.432, 59.248]","[0.409925, 0.066109, 0.589751, 0.0829]",Run For Your Life,True
59,2,59:2,God Defends the Believers,564,545,"[81.0, 385.748, 214.824, 397.748]","[0.156401, 0.539735, 0.414798, 0.556525]",God Defends the Believers,True
59,7,59:7,The Spoils of War,565,546,"[101.4, 239.948, 192.0, 251.948]","[0.195791, 0.335733, 0.370728, 0.352523]",The Spoils of War,True
59,21,59:21,Greatness of the Quran,567,548,"[87.5, 271.898, 204.728, 283.898]","[0.168952, 0.380437, 0.395304, 0.397227]",Greatness of the Quran,True
59,22,59:22,God,567,548,"[135.69, 366.198, 157.386, 378.198]","[0.262, 0.512381, 0.303893, 0.529171]",God,True
60,4,60:4,Abraham: An Example,568,549,"[88.9, 289.548, 206.992, 301.548]","[0.171655, 0.405133, 0.399676, 0.421923]",Abraham: An Example,True
60,8,60:8,Basic Law Regulating Relations With Unbelievers,569,550,"[134.05, 130.298, 382.87, 142.298]","[0.258834, 0.182312, 0.739274, 0.199102]",Basic Law Regulating Relations With Unbelievers,True
60,10,60:10,In Case of War,569,550,"[107.15, 347.498, 185.018, 359.498]","[0.206893, 0.486216, 0.357247, 0.503006]",In Case of War,True
61,6,61:6,Messenger After Jesus,571,552,"[204.6, 48.198, 313.26, 60.198]","[0.395057, 0.067439, 0.604866, 0.084229]",Messenger After Jesus,True
61,9,61:9,The Great Prophecy,571,552,"[96.349, 221.498, 197.065, 233.498]","[0.186038, 0.309918, 0.380508, 0.326708]",The Great Prophecy,True
61,10,61:10,The Best Deal,571,552,"[111.5, 301.748, 182.588, 313.748]","[0.215293, 0.422203, 0.352555, 0.438993]",The Best Deal,True
62,9,62:9,Important Commandments to All Believers,573,554,"[150.1, 48.698, 367.42, 60.698]","[0.289824, 0.068138, 0.709442, 0.084928]",Important Commandments to All Believers,True
63,4,63:4,A Chip On Their Shoulders,573,554,"[74.75, 527.348, 214.13, 539.348]","[0.144333, 0.73786, 0.413458, 0.75465]",A Chip On Their Shoulders,True
63,6,63:6,The Myth of Intercession Shattered*,574,555,"[171.25, 92.498, 352.03, 104.498]","[0.330662, 0.129423, 0.679726, 0.146213]",The Myth of Intercession Shattered*,True
64,11,64:11,Divine Law,576,557,"[229.3, 90.548, 287.452, 102.548]","[0.44275, 0.126694, 0.555034, 0.143484]",Divine Law,True
66,8,66:8,The Believers Repent,580,561,"[207.0, 47.948, 311.52, 59.948]","[0.399691, 0.067089, 0.601506, 0.083879]",The Believers Repent,True
66,10,66:10,The Myth of Intercession Shattered,580,561,"[59.15, 292.548, 235.622, 304.548]","[0.114211, 0.40933, 0.454957, 0.426121]",The Myth of Intercession Shattered,True
66,11,66:11,Examples of the Believers Pharaoh's Wife,580,561,"[81.95, 445.748, 214.55, 471.798]","[0.158235, 0.623686, 0.414269, 0.660135]",Examples of the Believers Pharaoh's Wife,True
66,12,66:12,Mary,580,561,"[246.35, 570.198, 272.594, 582.198]","[0.475671, 0.797815, 0.526345, 0.814605]",Mary,True
67,2,67:2,The Purpose of Our Life*,581,562,"[194.75, 139.048, 323.558, 151.048]","[0.376038, 0.194555, 0.62475, 0.211345]",The Purpose of Our Life*,True
68,28,68:28,They Should Have Said: “God Willing. ”,584,565,"[48.35, 261.948, 251.81, 273.948]","[0.093358, 0.366515, 0.486214, 0.383305]","They Should Have Said: ""God Willing.""",False
69,19,69:19,The Believers,586,567,"[115.8, 247.748, 182.4, 259.748]","[0.223595, 0.346647, 0.352192, 0.363437]",The Believers,True
69,25,69:25,The Disbelievers,586,567,"[107.9, 413.748, 189.716, 425.748]","[0.208341, 0.578912, 0.366318, 0.595702]",The Disbelievers,True
69,44,69:44,Muhammad Forbidden from Issuing Any Religious Teachings,587,568,"[64.2, 180.348, 247.692, 206.848]","[0.123962, 0.252341, 0.478262, 0.28942]",Muhammad Forbidden from Issuing Any Religious Teachings,True
72,19,72:19,God’s Messenger of the Covenant*,592,573,"[173.15, 154.548, 347.402, 166.548]","[0.334331, 0.216242, 0.67079, 0.233033]",God's Messenger of the Covenant*,False
74,30,74:30,The Quran’s Common Denominator,595,576,"[166.9, 134.348, 352.168, 146.348]","[0.322263, 0.187979, 0.679992, 0.204769]",The Quran's Common Denominator,False
74,35,74:35,One of the Great Miracles,595,576,"[80.75, 448.298, 212.186, 460.298]","[0.155918, 0.627254, 0.409705, 0.644044]",One of the Great Miracles,True
75,16,75:16,Muhammad Forbidden From Explaining the Quran,596,577,"[128.75, 586.048, 389.246, 598.048]","[0.2486, 0.819992, 0.751585, 0.836782]",Muhammad Forbidden From Explaining the Quran,True
81,15,81:15,God’s Messenger of the Covenant,605,586,"[61.799, 276.198, 230.579, 288.198]","[0.119326, 0.386454, 0.445219, 0.403244]",God's Messenger of the Covenant,False
82,6,82:6,Reflect on God’s Creations,606,587,"[192.6, 161.348, 327.9, 173.348]","[0.371886, 0.225757, 0.633134, 0.242547]",Reflect on God's Creations,False
83,7,83:7,Numerically Structured Books,607,588,"[183.69, 48.798, 334.638, 60.798]","[0.354682, 0.068278, 0.646144, 0.085068]",Numerically Structured Books,True
110,1,110:1,(Al-Nassr) ^ [Last Sura Revealed]*,622,603,"[44.5, 211.828, 218.44, 245.778]","[0.085924, 0.296388, 0.42178, 0.34389]",,False
