pdf_page,printed_page,line_order,text,bbox,bbox_normalized
538,526,1,Index,"[741.0, 171.728, 859.746, 216.889]","[0.435882, 0.062652, 0.505733, 0.079128]"
538,526,2,"Aad, the rebellious people, 7:65, 74; 9:70; 11:50, 59, 60; 14:9; 22:42; 25:38;","[50.0, 234.283, 1546.253, 299.796]","[0.029412, 0.085474, 0.909561, 0.109375]"
538,526,3,"26:123; 29:38; 38:12; 40:13, 15; 46:21; 50:13; 51:41; 53:50; 54:18; 69:4, 6;","[50.0, 291.771, 1547.24, 346.661]","[0.029412, 0.106447, 0.910141, 0.126473]"
538,526,4,89:6.,"[50.0, 346.661, 1547.24, 401.552]","[0.029412, 0.126473, 0.910141, 0.146498]"
538,526,5,"Aaron, 2:248; 4:163; 6:84; 7:122, 142; 10:75; 19:28, 53; 20:30, 70, 90, 92; 21:48;","[50.0, 401.552, 1547.24, 456.442]","[0.029412, 0.146498, 0.910141, 0.166524]"
538,526,6,"23:45; 25:35; 26:13, 48; 28:34; 37:114, 120.","[50.0, 450.723, 974.248, 504.744]","[0.029412, 0.164438, 0.573087, 0.184146]"
538,526,7,"Abel, son of Adam, 5:27-32.","[50.0, 504.744, 974.248, 558.765]","[0.029412, 0.184146, 0.573087, 0.203854]"
538,526,8,"Ablution, 4:43; 5:6.","[50.0, 558.765, 974.248, 612.786]","[0.029412, 0.203854, 0.573087, 0.223563]"
538,526,9,"Abnormal sex between spouses discouraged, 2:222-223.","[51.0, 613.757, 1311.243, 666.91]","[0.03, 0.223917, 0.771319, 0.243309]"
538,526,10,Abnormal sex condemned (see Homosexuality),"[51.0, 666.91, 1311.243, 720.063]","[0.03, 0.243309, 0.771319, 0.262701]"
538,526,11,"Abolition of Slavery, gradual, 2:177; 4:92; 5:89; 9:60; 58:3; 90:13.","[51.0, 720.063, 1311.243, 773.217]","[0.03, 0.262701, 0.771319, 0.282093]"
538,526,12,"Abortion, prohibited, 6:151; 17:31; 60:12.","[51.0, 773.217, 1311.243, 826.37]","[0.03, 0.282093, 0.771319, 0.301485]"
538,526,13,"Abraham, 2:124, 127, 130-133, 135-136, 140, 258, 260; 3:33,65,67-68,84,95,97","[52.0, 823.712, 1545.258, 877.252]","[0.030588, 0.300515, 0.908975, 0.320048]"
538,526,14,"4:54, 125, 163; 6:74-75, 83, 161; 9:70, 114; 11:69, 74-76; 12:6, 38; 14:35","[52.0, 877.252, 1545.258, 930.793]","[0.030588, 0.320048, 0.908975, 0.339582]"
538,526,15,"15:51; 16:120, 123; 19:41, 46, 58; 21:51, 60, 62, 69; 22:26, 43, 78; 26:69","[52.0, 930.793, 1545.258, 984.334]","[0.030588, 0.339582, 0.908975, 0.359115]"
538,526,16,"29:16, 31; 33:7; 37:83, 104, 109; 38:45; 42:13; 43:26; 51:24; 53:37; 57:26","[52.0, 984.334, 1545.258, 1037.875]","[0.030588, 0.359115, 0.908975, 0.378648]"
538,526,17,60:4; 87:19.,"[52.0, 1037.875, 1545.258, 1091.416]","[0.030588, 0.378648, 0.908975, 0.398182]"
538,526,18,"Abrogate, nothing shall abrogate the words of God, 2:211; 6:34, 115; 10:64;","[52.0, 1091.416, 1545.258, 1144.957]","[0.030588, 0.398182, 0.908975, 0.417715]"
538,526,19,"18:27; Muhammad cannot abrogate Quran, 10:15, footnote 24:1-2; 42:24.","[52.0, 1143.831, 1543.241, 1196.949]","[0.030588, 0.417304, 0.907789, 0.436683]"
538,526,20,"Abrogation, of previous revelations, 2:106; 3:50; 5:48; 6:146; 16:101, 124.","[52.0, 1196.949, 1543.241, 1250.067]","[0.030588, 0.436683, 0.907789, 0.456063]"
538,526,21,"Abu Lahab, Muhammad’s uncle, condemned, 111:1-5.","[52.0, 1244.771, 1166.242, 1299.637]","[0.030588, 0.45413, 0.686025, 0.474147]"
538,526,22,"Abuse, of previous scriptures, 2:75; 4:46; 5:13, 41.","[52.0, 1299.637, 1166.242, 1354.504]","[0.030588, 0.474147, 0.686025, 0.494164]"
538,526,23,"Abuse, of Quran, 15:90-91; 33:43, 56; 33:21; 60:4, 6; 53:3.","[52.0, 1354.504, 1166.242, 1409.37]","[0.030588, 0.494164, 0.686025, 0.514181]"
538,526,24,"Accuse, without proof condemned, 4:112; 24:4, 6, 11-21, 23; 49:6, 12.","[53.0, 1402.771, 1391.25, 1458.571]","[0.031176, 0.511774, 0.818382, 0.532131]"
538,526,25,"Adam, 2:31, 37; 3:33, 59; 5:27; 7:11, 19; 17:61; 18:50; 20:115-121.","[53.0, 1458.571, 1391.25, 1514.37]","[0.031176, 0.532131, 0.818382, 0.552488]"
538,526,26,"Adoption, 33:4-5, 37.","[54.0, 1514.831, 1547.25, 1567.451]","[0.031765, 0.552656, 0.910147, 0.571854]"
538,526,27,"Adultery, 4:15, 16, 19, 25; 17:32; 23:5; 24:1-2, 30-31; 33:30, 35; 65:1; 70:29.","[54.0, 1567.451, 1547.25, 1620.07]","[0.031765, 0.571854, 0.910147, 0.591051]"
538,526,28,"Advocate, righteousness and forbid evil, 3:104, 110, 114; 7:157; 9:71; 9:112;","[54.0, 1620.07, 1547.25, 1672.689]","[0.031765, 0.591051, 0.910147, 0.610248]"
538,526,29,22:41; 31:17.,"[54.0, 1672.689, 1547.25, 1725.309]","[0.031765, 0.610248, 0.910147, 0.629445]"
538,526,30,"Aggression, condemned, 2:190, 194; 5:2, 9:10.","[54.0, 1725.309, 1547.25, 1777.928]","[0.031765, 0.629445, 0.910147, 0.648642]"
538,526,31,"Agreements, shall be honored, 2:40; 3:76; 22:29; 48:40.","[54.0, 1777.928, 1547.25, 1830.547]","[0.031765, 0.648642, 0.910147, 0.667839]"
538,526,32,"Air, thinner at higher elevations, 6:125.","[54.0, 1830.547, 1547.25, 1883.167]","[0.031765, 0.667839, 0.910147, 0.687036]"
538,526,33,"Alcohol, prohibited, 2:219; 5:90-91; 4:43.","[54.0, 1883.167, 1547.25, 1935.786]","[0.031765, 0.687036, 0.910147, 0.706233]"
538,526,34,"Alimony, 2:241.","[55.0, 1934.831, 1037.243, 1988.601]","[0.032353, 0.705885, 0.610143, 0.725502]"
538,526,35,"Allegory, of heaven and hell, 2:24-26; 13:35; 47:15.","[55.0, 1988.601, 1037.243, 2042.37]","[0.032353, 0.725502, 0.610143, 0.745119]"
538,526,36,"hypocrites and disbelievers, 2:17,171,264; 3:117; 7:176; 11:24; 14:18;","[171.0, 2042.071, 1550.265, 2094.258]","[0.100588, 0.74501, 0.91192, 0.764049]"
538,526,37,16:60; 29:41; 62:5.,"[171.0, 2094.258, 1550.265, 2146.445]","[0.100588, 0.764049, 0.91192, 0.783088]"
538,526,38,"Jesus vs Adam, 3:59.","[274.0, 2144.757, 688.258, 2198.412]","[0.161176, 0.782472, 0.404857, 0.802048]"
538,526,39,"this life, 10:24; 18:45.","[274.0, 2198.412, 688.258, 2252.067]","[0.161176, 0.802048, 0.404857, 0.821623]"
538,526,40,"unauthorized prohibitions, 16:112.","[274.0, 2244.771, 1078.248, 2299.443]","[0.161176, 0.818961, 0.634263, 0.838907]"
538,526,41,"disbelieving spouses, 66:10-11.","[274.0, 2299.443, 1078.248, 2354.114]","[0.161176, 0.838907, 0.634263, 0.858852]"
538,526,42,"spending in the cause of God, 2:261, 265.","[274.0, 2354.114, 1078.248, 2408.786]","[0.161176, 0.858852, 0.634263, 0.878798]"
538,526,43,"God’s light, 24:35.","[59.0, 2408.757, 1031.253, 2461.544]","[0.034706, 0.878788, 0.606619, 0.898046]"
538,526,44,"strong believer vs weak believer, 16:75.","[59.0, 2461.544, 1031.253, 2514.331]","[0.034706, 0.898046, 0.606619, 0.917304]"
538,526,45,"Allies, Chapter 33, battle of, 33:9, 22; 38:11-12.","[59.0, 2514.331, 1031.253, 2567.118]","[0.034706, 0.917304, 0.606619, 0.936563]"
539,527,1,Alms (see Zakat),"[150.0, 157.831, 1644.227, 207.963]","[0.088235, 0.057877, 0.967193, 0.076261]"
539,527,2,"Alphabet, Quranic Initials, see Appendix I, chapters 2,3,7,10,11,12,13,14,15,","[150.0, 207.963, 1644.227, 258.094]","[0.088235, 0.076261, 0.967193, 0.094644]"
539,527,3,"19, 20, 26, 27, 28, 29, 30, 31, 32, 36, 38, 40-46, 50, and 68.","[154.0, 259.712, 1646.255, 313.18]","[0.090588, 0.095237, 0.968385, 0.114844]"
539,527,4,"Altar, meat prohibited, 5:3, 90.","[154.0, 313.18, 1646.255, 366.649]","[0.090588, 0.114844, 0.968385, 0.134451]"
539,527,5,"Amen, a Hebrew and Greek word, never mentioned in Quran, should never be","[154.0, 366.649, 1646.255, 420.118]","[0.090588, 0.134451, 0.968385, 0.154059]"
539,527,6,uttered in Salat prayers.,"[154.0, 419.757, 1054.255, 475.769]","[0.090588, 0.153926, 0.62015, 0.174466]"
539,527,7,"Amnesty, for the idol worshipers, 9:1-2; 9:66.","[154.0, 475.769, 1054.255, 531.782]","[0.090588, 0.174466, 0.62015, 0.195006]"
539,527,8,"for previous violations during Ramadan, 2:187.","[155.0, 523.692, 1651.27, 577.209]","[0.091176, 0.19204, 0.971335, 0.211664]"
539,527,9,"for believers, 3:152, 155; 5:95.","[155.0, 577.209, 1651.27, 630.725]","[0.091176, 0.211664, 0.971335, 0.231289]"
539,527,10,"for Christians and Jews, 5:15.","[155.0, 630.725, 1651.27, 684.242]","[0.091176, 0.231289, 0.971335, 0.250914]"
539,527,11,"Ancestors, shall not be followed blindly, 2:170; 5:104; 7:28, 70-71, 173; 10:78;","[155.0, 684.242, 1651.27, 737.758]","[0.091176, 0.250914, 0.971335, 0.270538]"
539,527,12,"11:62, 87, 109; 12:40; 14:10; 21:53-54; 26:74, 76; 31:21; 34:43; 42:37;","[155.0, 724.596, 1651.251, 781.42]","[0.091176, 0.265712, 0.971324, 0.286549]"
539,527,13,43:22-23; 53:23.,"[155.0, 781.42, 1651.251, 838.244]","[0.091176, 0.286549, 0.971324, 0.307387]"
539,527,14,"Anger, God’s, 1:7; 2:61,90; 3:112; 4:93; 5:60; 7:71, 152; 8:16; 16:106; 20:81,86;","[155.0, 838.244, 1651.251, 895.067]","[0.091176, 0.307387, 0.971324, 0.328224]"
539,527,15,24:9; 42:16; 48:6; 58:14; 60:13.,"[264.0, 895.831, 847.242, 947.445]","[0.155294, 0.328504, 0.498378, 0.347431]"
539,527,16,"Jonah’s, 21:87.","[370.0, 946.757, 659.25, 999.786]","[0.217647, 0.347179, 0.387794, 0.366625]"
539,527,17,"Moses’, 7:150, 154; 20:86.","[156.0, 994.771, 1647.244, 1050.265]","[0.091765, 0.364786, 0.968967, 0.385136]"
539,527,18,"Animals, 3:14; 4:119; 5:1; 6:38, 136-142; 7:179; 10:24; 16:5,66,80; 20:54; 22:18,","[156.0, 1050.265, 1647.244, 1105.758]","[0.091765, 0.385136, 0.968967, 0.405485]"
539,527,19,"28, 30, 34; 23:21; 25:44, 49; 26:133; 32:27; 34:14; 35:28; 39:6; 36:71; 40:79;","[157.0, 1106.935, 1647.243, 1159.413]","[0.092353, 0.405917, 0.968966, 0.425161]"
539,527,20,42:11; 43:12; 47:12; 79:33; 80:32.,"[157.0, 1159.413, 1647.243, 1211.891]","[0.092353, 0.425161, 0.968966, 0.444405]"
539,527,21,"Annihilate, 5:17; 6:6, 131; 7:4, 129; 8:54; 10:13; 11:117; 14:13; 15:4; 17:17, 58","[157.0, 1211.891, 1647.243, 1264.37]","[0.092353, 0.444405, 0.968966, 0.463649]"
539,527,22,"18:59; 19:74, 98; 20:128; 21:6, 9, 95; 22:45; 26:139, 208; 28:43, 58, 59, 88","[156.0, 1258.723, 1637.258, 1313.385]","[0.091765, 0.461578, 0.963093, 0.481623]"
539,527,23,"29:31; 32:26; 36:31; 38:3; 43:8, 44:37; 46:27; 47:13; 50:36; 54:51; 69:5-6","[156.0, 1313.385, 1637.258, 1368.047]","[0.091765, 0.481623, 0.963093, 0.501667]"
539,527,24,77:16.,"[156.0, 1368.047, 1637.258, 1422.708]","[0.091765, 0.501667, 0.963093, 0.521712]"
539,527,25,Announcement. 14:52; 46:35; 21:106.,"[156.0, 1422.708, 1637.258, 1477.37]","[0.091765, 0.521712, 0.963093, 0.541756]"
539,527,26,"Apes, 2:65; 5:60; 7:166.","[157.0, 1475.831, 1649.26, 1528.403]","[0.092353, 0.541192, 0.970153, 0.56047]"
539,527,27,"Apology, not accepted from disbelievers, 16:84; 30:57; 40:52; 41:34; 45:35; 9:66,","[157.0, 1528.403, 1649.26, 1580.975]","[0.092353, 0.56047, 0.970153, 0.579749]"
539,527,28,94; 66:7; 77:36; 75:15.,"[157.0, 1580.975, 1649.26, 1633.546]","[0.092353, 0.579749, 0.970153, 0.599027]"
539,527,29,"Apostasy, 2:27, 109, 209; 3:8, 80,82, 86,90, 100. 106; 4:115, 153; 5:12, 115; 6:71;","[157.0, 1633.546, 1649.26, 1686.118]","[0.092353, 0.599027, 0.970153, 0.618305]"
539,527,30,"7:89; 9:12, 66, 74, 115; 13:25; 16:106; 25:29; 28:87; 47:25; 49:11.","[158.0, 1680.771, 1493.252, 1735.443]","[0.092941, 0.616344, 0.878383, 0.636393]"
539,527,31,"Apostle (see Muhammad, Prophets)","[158.0, 1735.443, 1493.252, 1790.114]","[0.092941, 0.636393, 0.878383, 0.656441]"
539,527,32,"Apparel (see clothes, modesty)","[158.0, 1790.114, 1493.252, 1844.786]","[0.092941, 0.656441, 0.878383, 0.676489]"
539,527,33,"Appearance, 2:204, 221; 5:100; 6:53; 9:25, 55, 85; 11:27, 31; 26:111; 63:4.","[159.0, 1839.771, 1650.258, 1894.779]","[0.093529, 0.67465, 0.97074, 0.694822]"
539,527,34,"Appreciation, 2:52, 152, 243; 3:123; 4:147; 5:6; 6:63; 7:17, 144, 189; 10:60; 12:38;","[159.0, 1894.779, 1650.258, 1949.786]","[0.093529, 0.694822, 0.97074, 0.714993]"
539,527,35,"14:7; 16:78, 114, 121; 17:3; 22:36; 23:78; 25:62; 27:19, 40; 29:17; 31:12;","[159.0, 1940.283, 1651.25, 1997.312]","[0.093529, 0.711508, 0.971324, 0.732421]"
539,527,36,"34:13, 15; 40:61; 46:15; 54:35; 76:3, 9, 22.","[159.0, 1997.312, 1651.25, 2054.341]","[0.093529, 0.732421, 0.971324, 0.753334]"
539,527,37,"Arab, 9:90, 97-101, 120; 33:20; 48:11, 16; 49:14-17.","[159.0, 2054.341, 1651.25, 2111.37]","[0.093529, 0.753334, 0.971324, 0.774246]"
539,527,38,"Arabic, 12:2; 13:37; 16:103; 20:113; 26:195; 39:28; 41:3, 44; 42:7; 43:3; 46:12.","[157.0, 2102.839, 1654.259, 2158.04]","[0.092353, 0.771118, 0.973093, 0.79136]"
539,527,39,"Arbitration, in marriage, 4:35.","[157.0, 2158.04, 1654.259, 2213.241]","[0.092353, 0.79136, 0.973093, 0.811603]"
539,527,40,"Arguments, 2:197.4:107, 109; 6:25, 121; 7:71; 8:6; 11:32, 74; 13:13; 16:111, 125;","[157.0, 2213.241, 1654.259, 2268.442]","[0.092353, 0.811603, 0.973093, 0.831845]"
539,527,41,/,"[105.0, 2217.027, 165.25, 2318.456]","[0.061765, 0.812991, 0.097206, 0.850185]"
539,527,42,"18:54, 56; 22:3, 8, 68; 29:46; 31:20; 40:4, 5. 35. 56. 69; 42:35; 43:58; 58:1.","[161.0, 2267.757, 1650.245, 2320.601]","[0.094706, 0.831594, 0.970733, 0.850972]"
539,527,43,"Ark, of the covenant, 2:248.","[161.0, 2320.601, 1650.245, 2373.445]","[0.094706, 0.850972, 0.970733, 0.87035]"
539,527,44,"of Noah, 11:36-48; 26:119; 37:76; 54:13.","[159.0, 2367.839, 1651.239, 2423.798]","[0.093529, 0.868294, 0.971317, 0.888815]"
539,527,45,"Army, 2:249; 9:26; 40; 10:90; 20:78; 27:17-18, 37; 28:6-8, 39; 33:9; 36:28; 37:173;","[159.0, 2423.798, 1651.239, 2479.758]","[0.093529, 0.888815, 0.971317, 0.909336]"
539,527,46,"38:11; 44:24; 48:4, 7; 51:40; 67:20; 74:31; 85:17.","[270.0, 2479.831, 1178.246, 2531.445]","[0.158824, 0.909362, 0.693086, 0.928289]"
540,528,1,"Arrogance, 2:34, 87; 4:172-173; 5:82; 6:93; 7:13, 36, 40, 48, 75, 76,88, 133, 146,","[43.0, 150.757, 1537.245, 203.786]","[0.025294, 0.055243, 0.904262, 0.074674]"
540,528,2,"206; 10:75; 16:22, 23, 29, 49; 21:19; 25:21; 28:39; 31:7; 32:15; 35:43; 37:35;","[42.0, 199.697, 1540.24, 253.384]","[0.024706, 0.073176, 0.906024, 0.092849]"
540,528,3,"38:74-75; 39:59; 40:27, 35, 56, 60, 76; 41:15, 38; 45:8, 31; 46:10, 20; 63:5;","[42.0, 253.384, 1540.24, 307.071]","[0.024706, 0.092849, 0.906024, 0.112521]"
540,528,4,71:7; 74:23.,"[42.0, 307.071, 1540.24, 360.758]","[0.024706, 0.112521, 0.906024, 0.132194]"
540,528,5,"Arrows, 5:3, 90.","[42.0, 360.758, 1540.24, 414.445]","[0.024706, 0.132194, 0.906024, 0.151867]"
540,528,6,"Ascend, 6:125; 15:14; 32:5; 34:2; 35:10; 57:4; 70:4.","[42.0, 407.839, 1537.255, 463.145]","[0.024706, 0.149446, 0.904267, 0.169712]"
540,528,7,"Ascension, of Muhammad, 17:1, 60; 53:1-18.","[42.0, 463.145, 1537.255, 518.452]","[0.024706, 0.169712, 0.904267, 0.189979]"
540,528,8,"Assassination, 2:61, 87, 91; 3:21, 112; 4:92-93, 157; 5:32, 70; 6:151; 8:30; 17:33;","[42.0, 518.452, 1537.255, 573.758]","[0.024706, 0.189979, 0.904267, 0.210245]"
540,528,9,25:68; 28:20; 29:24.,"[43.0, 572.757, 1524.269, 625.757]","[0.025294, 0.209878, 0.896629, 0.229299]"
540,528,10,"Assurance, 2:260; 3:126; 5:113; 8:10.","[43.0, 625.757, 1524.269, 678.758]","[0.025294, 0.229299, 0.896629, 0.24872]"
540,528,11,"Astronomy, 2:22, 29, 164, 255; 3:190; 7:54, 185; 9:36; 10:3,6, 101; 11:7; 12:105","[43.0, 678.758, 1524.269, 731.758]","[0.025294, 0.24872, 0.896629, 0.268142]"
540,528,12,"13:1; 14:48; 15:14, 16; 17:44, 99; 18:51; 21:32, 104; 22:65; 23:17; 25:59,61","[42.0, 727.697, 1525.258, 780.781]","[0.024706, 0.266653, 0.897211, 0.286105]"
540,528,13,"30:22; 31:10; 32:4; 33:72; 34:2, 3,9, 22; 35:41; 36:40; 37:6; 39:67; 40:57,64","[42.0, 780.781, 1525.258, 833.865]","[0.024706, 0.286105, 0.897211, 0.305557]"
540,528,14,"41:11-12; 44:10; 46:33; 50:6; 51:7, 47; 52:9, 44; 55:7, 33, 37; 57:4; 65:12","[42.0, 833.865, 1525.258, 886.949]","[0.024706, 0.305557, 0.897211, 0.325009]"
540,528,15,67:3-5; 69:16; 70:8; 71:15; 72:8; 73:18; 77:9; 78:19; 79:27; 81:11; 82:1; 84:1,"[42.0, 886.949, 1525.258, 940.033]","[0.024706, 0.325009, 0.897211, 0.344461]"
540,528,16,"85:1; 88:18. Big Bang Theory, 21:30.","[42.0, 940.033, 1525.258, 993.117]","[0.024706, 0.344461, 0.897211, 0.363913]"
540,528,17,"Atheism, 7:136, 146, 179, 205; 10:7, 29; 16:108; 18:28; 21:97; 30:7.","[42.0, 993.117, 1525.258, 1046.202]","[0.024706, 0.363913, 0.897211, 0.383364]"
540,528,18,"Atom, 4:40; 10:61; 34:3, 22; 99:7-8.","[42.0, 1046.202, 1525.258, 1099.286]","[0.024706, 0.383364, 0.897211, 0.402816]"
540,528,19,"Atonement, 2:184, 196; 4:92; 5:89, 95; 57:15; 58:3, 4.","[42.0, 1099.286, 1525.258, 1152.37]","[0.024706, 0.402816, 0.897211, 0.422268]"
540,528,20,"Attire (see clothes, modesty)","[43.0, 1152.831, 1536.241, 1205.309]","[0.025294, 0.422437, 0.903671, 0.441667]"
540,528,21,"Author, of Quran, see Appendix I, 2:23,41,91,97,99, 159, 174, 176,285; 3:3,4,","[43.0, 1205.309, 1536.241, 1257.786]","[0.025294, 0.441667, 0.903671, 0.460896]"
540,528,22,"7; 4:47, 105, 113, 136, 140, 166, 174; 5:48,49, 66,67,68, 104; 6:92, 114, 155;","[41.0, 1254.712, 1537.26, 1307.428]","[0.024118, 0.45977, 0.904271, 0.479087]"
540,528,23,"7:3, 196; 8:41; 10:94; 11:1, 14; 12:2; 13:1,37, 19; 14:1; 15:9; 16:44,64,89,","[41.0, 1307.428, 1537.26, 1360.145]","[0.024118, 0.479087, 0.904271, 0.498404]"
540,528,24,"101, 102; 17:82, 105, 106; 18:1; 19:64; 20:2,4, 113; 21:10,50; 22:16; 24:1,34,","[41.0, 1360.145, 1537.26, 1412.862]","[0.024118, 0.498404, 0.904271, 0.517721]"
540,528,25,"46; 25:1,6; 26:192, 193; 28:87; 29:47,51; 31:21; 32:2; 34:6; 36:5; 38:29; 39:1,","[41.0, 1412.862, 1537.26, 1465.578]","[0.024118, 0.517721, 0.904271, 0.537039]"
540,528,26,"2, 23, 41, 55; 40:2; 42; 42:15, 17; 44:3; 45:2; 46:2; 47:2,9; 56:80; 58:5; 64:8;","[41.0, 1465.578, 1537.26, 1518.295]","[0.024118, 0.537039, 0.904271, 0.556356]"
540,528,27,65:10; 69:43; 76:23; 97:1.,"[41.0, 1518.295, 1537.26, 1571.011]","[0.024118, 0.556356, 0.904271, 0.575673]"
540,528,28,"Aversion, 2:83; 3:23; 6:35; 8:23; 9:76; 17:41,46; 21:24; 25:60; 35:42; 39:45; 67:21.","[41.0, 1571.011, 1537.26, 1623.728]","[0.024118, 0.575673, 0.904271, 0.59499]"
540,528,29,"Awesomeness, of Quran, 2:2; 15:9,87; 17:88; 36:2; 39:28; 41:42; 50:1,56:77.","[41.0, 1623.728, 1537.26, 1676.445]","[0.024118, 0.59499, 0.904271, 0.614307]"
540,528,30,"Azar, Abraham’s father, 6:74.","[44.0, 1677.712, 620.234, 1732.118]","[0.025882, 0.614772, 0.364844, 0.634708]"
540,528,31,"Baby, girls killed, 16:58, 59; 81:8.","[46.0, 1725.839, 689.254, 1786.666]","[0.027059, 0.632407, 0.405443, 0.654696]"
540,528,32,"Jesus, 3:47; 19:19-34.","[263.0, 1777.839, 672.254, 1838.666]","[0.154706, 0.651462, 0.395443, 0.673751]"
540,528,33,"Moses, 20:39, 40; 26:18.","[46.0, 1837.757, 1538.243, 1890.528]","[0.027059, 0.673418, 0.904849, 0.692755]"
540,528,34,"Backbiting, prohibited, 49:12; 104:1.","[46.0, 1890.528, 1538.243, 1943.3]","[0.027059, 0.692755, 0.904849, 0.712092]"
540,528,35,"Bakkah, Mecca conformed to miraculous code, 3:95.","[46.0, 1943.3, 1538.243, 1996.071]","[0.027059, 0.712092, 0.904849, 0.73143]"
540,528,36,"Banking, see Hoarding, Usury.","[46.0, 1996.071, 1538.243, 2048.843]","[0.027059, 0.73143, 0.904849, 0.750767]"
540,528,37,"Barrier, invisible, 17:45, 7:46; 18:94; 19:17; 33:53; 36:9; 41:5; 42:51.","[46.0, 2048.843, 1538.243, 2101.614]","[0.027059, 0.750767, 0.904849, 0.770104]"
540,528,38,"Battle, 3:123; 9:25; 33:9, 22.","[46.0, 2101.614, 1538.243, 2154.386]","[0.027059, 0.770104, 0.904849, 0.789441]"
540,528,39,"Bedouin, 9:90, 97-101; 12:100; 33:20; 48:11, 16; 49:14.","[46.0, 2154.386, 1538.243, 2207.157]","[0.027059, 0.789441, 0.904849, 0.808779]"
540,528,40,"Bee, 16:68.","[46.0, 2207.157, 1538.243, 2259.929]","[0.027059, 0.808779, 0.904849, 0.828116]"
540,528,41,"Beggar, 2:177, 273; 51:19; 70:25; 93:10.","[46.0, 2259.929, 1538.243, 2312.7]","[0.027059, 0.828116, 0.904849, 0.847453]"
540,528,42,"Betray, 4:105, 107; 8:27, 58, 71; 22:38; 66:10.","[46.0, 2312.7, 1538.243, 2365.472]","[0.027059, 0.847453, 0.904849, 0.866791]"
540,528,43,"Betting, prohibited, 2:219; 5:90-91.","[46.0, 2365.472, 1538.243, 2418.243]","[0.027059, 0.866791, 0.904849, 0.886128]"
540,528,44,"Bible, confirmed, 2:41, 89, 91, 97, 101; 3:3, 50, 81; 4:47; 5:43-48; 6:92; 35:31;","[46.0, 2418.243, 1538.243, 2471.014]","[0.027059, 0.886128, 0.904849, 0.905465]"
540,528,45,"37:37; 46:12, 30; 61:6.","[46.0, 2471.014, 1538.243, 2523.786]","[0.027059, 0.905465, 0.904849, 0.924802]"
541,529,1,"divine revelation, 3:3, 48, 65, 93; 5:46-47, 66, 68, 110; 7:157; 9:111;","[257.0, 141.697, 1643.261, 196.571]","[0.151176, 0.052037, 0.966624, 0.072189]"
541,529,2,48:29; 57:27; 62:5.,"[257.0, 196.571, 1643.261, 251.445]","[0.151176, 0.072189, 0.966624, 0.092341]"
541,529,3,"✓Big Bang Theory, confirmed, 21:30.","[129.0, 251.712, 842.252, 305.078]","[0.075882, 0.092439, 0.495442, 0.112037]"
541,529,4,"bigotry, 2:143.","[129.0, 305.078, 842.252, 358.445]","[0.075882, 0.112037, 0.495442, 0.131636]"
541,529,5,"Birds, 2:260; 3:49; 5:110; 6:38; 12:36,41; 16:79; 21:79; 22:31; 24:41; 27:16,17.20;","[152.0, 356.757, 1642.24, 409.786]","[0.089412, 0.131016, 0.966024, 0.150491]"
541,529,6,34:10; 38:19; 56:21; 67:19; 105:3.,"[152.0, 404.771, 1037.246, 459.87]","[0.089412, 0.148649, 0.610145, 0.168884]"
541,529,7,"Birth, of Jesus, 3:45, 59; 19:19, 34.","[152.0, 459.87, 1037.246, 514.969]","[0.089412, 0.168884, 0.610145, 0.189118]"
541,529,8,"Black Magic, condemned, 2:102; 10:77; 20:69.","[152.0, 514.969, 1037.246, 570.067]","[0.089412, 0.189118, 0.610145, 0.209353]"
541,529,9,"Blindness, 2:18, 171; 5:71; 6:50, 104; 10:43; 11:24; 13:16, 19; 17:72, 97; 20:124;","[153.0, 563.771, 1645.242, 618.23]","[0.09, 0.20704, 0.967789, 0.22704]"
541,529,10,"22:46; 24:61; 25:73; 27:81; 28:66; 30:53; 35:19; 40:58; 41:17, 44; 43:40;","[153.0, 618.23, 1645.242, 672.69]","[0.09, 0.22704, 0.967789, 0.24704]"
541,529,11,47:23; 48:17; 80:2.,"[153.0, 672.69, 1645.242, 727.149]","[0.09, 0.24704, 0.967789, 0.26704]"
541,529,12,"Blood, 2:30, 84, 173; 5:2; 6:145; 7:133; 12:18; 16:66, 115; 22:37.","[153.0, 727.149, 1645.242, 781.608]","[0.09, 0.26704, 0.967789, 0.287039]"
541,529,13,"Boastfulness, 4:36; 11:10; 31:18; 57:20, 23.","[153.0, 781.608, 1645.242, 836.067]","[0.09, 0.287039, 0.967789, 0.307039]"
541,529,14,"Body, 5:31; 7:20, 22, 26, 27; 20:121.","[154.0, 834.757, 845.252, 887.937]","[0.090588, 0.306558, 0.497207, 0.326088]"
541,529,15,"Book (see Quran, Scripture).","[154.0, 887.937, 845.252, 941.118]","[0.090588, 0.326088, 0.497207, 0.345618]"
541,529,16,"Brain, only those with brains come to God, 2:179, 197, 269; 3:7, 190; 5:100;","[155.0, 931.028, 1647.258, 994.242]","[0.091176, 0.341913, 0.968975, 0.365127]"
541,529,17,"12:111; 13:19; 14:52; 38:29,43; 39:9, 18, 21; 40:54; 65:10. (see also Mind)","[155.0, 987.723, 1647.246, 1043.255]","[0.091176, 0.362734, 0.968968, 0.383127]"
541,529,18,"Bribery, prohibited, 2:188.","[155.0, 1043.255, 1647.246, 1098.786]","[0.091176, 0.383127, 0.968968, 0.40352]"
541,529,19,"Brotherhood, of believers, 49:10.","[156.0, 1099.935, 1646.243, 1151.526]","[0.091765, 0.403942, 0.968378, 0.422889]"
541,529,20,"Brother, 2:178; 4:11, 12, 23, 176; 5:25, 30, 31; 7:111, 142, 150, 151; 10:87; 12:5,8,","[156.0, 1151.526, 1646.243, 1203.118]","[0.091765, 0.422889, 0.968378, 0.441835]"
541,529,21,/,"[105.0, 1157.176, 161.0, 1253.137]","[0.061765, 0.424964, 0.094706, 0.460205]"
541,529,22,"12, 59. 63-65, 69, 70, 87-90; 19:53; 20:30, 42; 23:45; 24:31; 25:35; 26:36;","[154.0, 1198.771, 1646.252, 1253.025]","[0.090588, 0.440239, 0.968383, 0.460163]"
541,529,23,"28:34, 35; 33:55; 38:23; 49:12; 58:22; 70:12; 80:34.","[154.0, 1253.025, 1646.252, 1307.279]","[0.090588, 0.460163, 0.968383, 0.480088]"
541,529,24,"Burial, 5:31.","[154.0, 1307.279, 1646.252, 1361.532]","[0.090588, 0.480088, 0.968383, 0.500012]"
541,529,25,"Cain, Adam’s son, 5:27-31.","[154.0, 1361.532, 1646.252, 1415.786]","[0.090588, 0.500012, 0.968383, 0.519936]"
541,529,26,"Calf, 2:51, 54, 92,93; 4:153; 7:148, 152; 11:69; 20:88; 51:26.","[155.0, 1407.839, 1303.247, 1462.428]","[0.091176, 0.517017, 0.766616, 0.537065]"
541,529,27,"Camel, 6:144; 7:40; 77:33; 88:17.","[155.0, 1462.428, 1303.247, 1517.018]","[0.091176, 0.537065, 0.766616, 0.557113]"
541,529,28,Cattle (see Animals),"[155.0, 1517.018, 1303.247, 1571.607]","[0.091176, 0.557113, 0.766616, 0.57716]"
541,529,29,"Cave, 18:9-11, 16, 17, 25.","[155.0, 1571.607, 1303.247, 1626.196]","[0.091176, 0.57716, 0.766616, 0.597208]"
541,529,30,Charity (see Alms),"[155.0, 1626.196, 1303.247, 1680.786]","[0.091176, 0.597208, 0.766616, 0.617255]"
541,529,31,"Chastity, 21: 91; 23:5; 24:30; 33:35; 66:12; 70:29.","[156.0, 1679.757, 1090.237, 1732.786]","[0.091765, 0.616877, 0.641316, 0.636352]"
541,529,32,"Cheat, 2:188, 282; 4:29, 161; 7:85; 9:34; 11:85; 26:183; 83:1.","[158.0, 1727.771, 1307.251, 1787.37]","[0.092941, 0.63451, 0.768971, 0.656397]"
541,529,33,"Christian 2:62, 111, 113, 120, 135, 140; 3:52,67; 5:14, 18, 51,69, 82; 9:30; 22:17;","[159.0, 1780.697, 1657.257, 1834.946]","[0.093529, 0.653947, 0.974857, 0.673869]"
541,529,34,61:14.,"[159.0, 1834.946, 1657.257, 1889.195]","[0.093529, 0.673869, 0.974857, 0.693792]"
541,529,35,"Clothes, 7:26; 22:23; 24:31; 33:59; 35:33.","[159.0, 1889.195, 1657.257, 1943.445]","[0.093529, 0.693792, 0.974857, 0.713714]"
541,529,36,"Conjecture. 2:78; 4:157; 6:148; 10:36, 66; 45:24, 32; 53:23, 28.","[162.0, 1937.839, 1344.245, 1998.666]","[0.095294, 0.711656, 0.790733, 0.733994]"
541,529,37,Consolation. 37:107; 43:39.,"[161.0, 1995.757, 1656.247, 2049.563]","[0.094706, 0.732926, 0.974263, 0.752686]"
541,529,38,"Conspiracy, 3:54; 4:114; 5:11; 9:13, 78; 17:47, 73, 76; 20:62; 21:3; 40:5; 43:80;","[161.0, 2049.563, 1656.247, 2103.37]","[0.094706, 0.752686, 0.974263, 0.772446]"
541,529,39,"47:26; prohibited 58:7, 8, 10; 60:1; 64:4.","[161.0, 2097.771, 1040.239, 2152.329]","[0.094706, 0.77039, 0.611905, 0.790426]"
541,529,40,"Constellation, 15:16; Sura 85; 85:1.","[161.0, 2152.329, 1040.239, 2206.887]","[0.094706, 0.790426, 0.611905, 0.810462]"
541,529,41,Consultation; 2:233; 3:159; 42:38.,"[161.0, 2206.887, 1040.239, 2261.445]","[0.094706, 0.810462, 0.611905, 0.830497]"
541,529,42,/,"[118.0, 2214.903, 173.251, 2308.589]","[0.069412, 0.813405, 0.101912, 0.847811]"
541,529,43,"Contentment, 3:170; 10:7; 13:26, 28; 16:106, 112; 27:36; 30:32; 40:83; 89:27.","[162.0, 2255.771, 1656.231, 2311.279]","[0.095294, 0.828414, 0.974254, 0.848799]"
541,529,44,"Contract, (see also Covenant), 2:100, 177, 221, 230,235,237; 3:77; 4:25,127; 5:1;","[162.0, 2311.279, 1656.231, 2366.786]","[0.095294, 0.848799, 0.974254, 0.869183]"
541,529,45,"7:135, 172; 8:56; 9:1, 4, 7, 12, 13, 75, III; 13:20; 16:91; 17:34; 23:8; 33:15,","[162.0, 2362.697, 1657.255, 2417.783]","[0.095294, 0.867681, 0.974856, 0.887912]"
541,529,46,23; 36:60; 43:50; 48: <0; 60:10; 70:32.,"[162.0, 2417.783, 1657.255, 2472.87]","[0.095294, 0.887912, 0.974856, 0.908142]"
541,529,47,"Convert, 2:62, 109, 217; 3:100, 149; 5:21, 54, 69; 22:17; 47:25 (see Apostasy).","[162.0, 2472.87, 1657.255, 2527.957]","[0.095294, 0.908142, 0.974856, 0.928372]"
542,530,1,"Cooperation, 3:103, 200; 5:2; 8:46; 18:28; 61:4; 90:17; 103:3.","[44.0, 146.164, 1539.496, 200.183]","[0.025882, 0.053189, 0.905586, 0.072847]"
542,530,2,"Corruption, 2:11, 12, 27, 30, 60, 205, 251; 5:32, 33, 64; 7:56, 74,85, 86, 103, 127;","[44.0, 200.183, 1539.496, 254.201]","[0.025882, 0.072847, 0.905586, 0.092504]"
542,530,3,"8:73; 10:91; 11:85, 116; 12:73; 13:25; 17:4; 18:94; 21:22; 23:71; 26:152, 183;","[44.0, 254.201, 1539.496, 308.22]","[0.025882, 0.092504, 0.905586, 0.112161]"
542,530,4,"27:14, 34, 48; 28:4, 77, 83; 29:36; 30:41; 38:28; 40:26; 47:22; 89:12.","[44.0, 308.22, 1539.496, 362.238]","[0.025882, 0.112161, 0.905586, 0.131819]"
542,530,5,"Courage, 2:150, 243, 244; 3:173; 4:77,95; 5:3,24,44, 54; 9:5, 13, 18,46,83,86.90;","[44.0, 362.238, 1539.496, 416.257]","[0.025882, 0.131819, 0.905586, 0.151476]"
542,530,6,"33:37, 39.","[45.0, 416.305, 1540.498, 471.231]","[0.026471, 0.151494, 0.906175, 0.171482]"
542,530,7,"Courtesy, 2:178, 229, 237, 262, 264; 4:19-22, 86; 16:125; 17:23-38, 53; 23:96;","[45.0, 471.231, 1540.498, 526.157]","[0.026471, 0.171482, 0.906175, 0.191469]"
542,530,8,/,"[26.0, 496.988, 56.751, 553.666]","[0.015294, 0.180854, 0.033383, 0.201479]"
542,530,9,"24:27-29, 58; 29:46; 31:17-19; 33:53; 41:34; 49:2.","[47.0, 522.217, 1542.501, 576.087]","[0.027647, 0.190035, 0.907354, 0.209639]"
542,530,10,"Covenant, with Israel, 2:40, 63, 83, 84,93; 3:183; 4:154, 155; 5:12, 13,70; 7:169.","[47.0, 576.087, 1542.501, 629.957]","[0.027647, 0.209639, 0.907354, 0.229242]"
542,530,11,"with others, 2:27, 124, 125, 177; 3:76, 81, 187; 4:21, 90, 92; 5:7, 14;","[46.0, 625.164, 1540.498, 679.437]","[0.027059, 0.227498, 0.906175, 0.247248]"
542,530,12,"6:152; 7:172; 8:56, 72; 9:1,4, 7, 75; 13:20, 25; 16:91,95; 17:34; 20:115; 23:8;","[46.0, 679.437, 1540.498, 733.71]","[0.027059, 0.247248, 0.906175, 0.266998]"
542,530,13,"33:7, 23; 36:60; 48:10; 57:8; 70:32.","[46.0, 733.71, 1540.498, 787.983]","[0.027059, 0.266998, 0.906175, 0.286748]"
542,530,14,"Covet, you shall not, 4:32; 15:88; 20:131; 28:82.","[46.0, 787.983, 1540.498, 842.256]","[0.027059, 0.286748, 0.906175, 0.306498]"
542,530,15,"Cow, 23:67-71; 6:144, 146; 12:43, 46.","[49.0, 840.164, 761.508, 900.563]","[0.028824, 0.305737, 0.447946, 0.327716]"
542,530,16,"Cowardice, (see Courage).","[50.0, 903.305, 559.497, 955.612]","[0.029412, 0.328714, 0.329116, 0.347748]"
542,530,17,"Creation, of man, 2:21, 30:38, 228; 4:1; 6:2; 7:11, 12, 189; 15:26, 28, 33; 16:4","[51.0, 950.164, 1533.51, 1010.563]","[0.03, 0.345766, 0.902065, 0.367745]"
542,530,18,"18:37; 19:67; 20:55; 22:5; 23:12; 24:45; 25:54; 30:20, 21,40, 54; 31:28; 32:7","[159.0, 1004.115, 1533.497, 1058.239]","[0.093529, 0.365399, 0.902057, 0.385094]"
542,530,19,"35:11; 36:36, 77; 37:96; 38:71,76; 39:6; 49:13; 50:16, 38; 51:49, 56; 53:45","[159.0, 1058.239, 1533.497, 1112.363]","[0.093529, 0.385094, 0.902057, 0.40479]"
542,530,20,"55:3, 14, 15; 56:57; 71:14; 75:38; 76:2, 28; 77:20; 78:8; 80:18-19; 82:7; 86:6","[159.0, 1112.363, 1533.497, 1166.488]","[0.093529, 0.40479, 0.902057, 0.424486]"
542,530,21,"92:3; 95:4; 96:1, 2.","[159.0, 1166.488, 1533.497, 1220.612]","[0.093529, 0.424486, 0.902057, 0.444182]"
542,530,22,"of the heavens and the earth, 2:29; 6:1,73, 101, 102; 7:54, 185; 9:36;","[161.0, 1220.217, 1546.515, 1273.686]","[0.094706, 0.444038, 0.909714, 0.463496]"
542,530,23,"10:3,6; 11:7; 13:2, 16; 14:19, 32; 15:85; 16:3,5,8,48,81; 17:99; 20:4; 21:16,","[161.0, 1273.686, 1546.515, 1327.155]","[0.094706, 0.463496, 0.909714, 0.482953]"
542,530,24,"33; 22:73; 23:17,91; 24:45; 25:2, 3, 59; 27:6; 29:44, 61; 30:8; 31:10,25; 32:4;","[161.0, 1327.155, 1546.515, 1380.625]","[0.094706, 0.482953, 0.909714, 0.502411]"
542,530,25,"36:71,81; 37:11; 38:27; 39:5, 38, 62; 40:62; 41:9,37; 43:9; 44:38; 45:22; 46:3,","[161.0, 1380.625, 1546.515, 1434.094]","[0.094706, 0.502411, 0.909714, 0.521868]"
542,530,26,"33; 54:49; 57:4; 59:24; 64:3; 65:12; 67:3, 14; 71:15.","[161.0, 1434.094, 1546.515, 1487.563]","[0.094706, 0.521868, 0.909714, 0.541326]"
542,530,27,"Jesus, John, & Isaac, 3:39, 49, 59; 5:110; 11:71, 72; 19:7, 49; 21:72,","[52.0, 1483.125, 1546.495, 1537.704]","[0.030588, 0.539711, 0.909703, 0.559572]"
542,530,28,"89, 90; 29:27; 37:112.","[52.0, 1537.704, 1546.495, 1592.284]","[0.030588, 0.559572, 0.909703, 0.579434]"
542,530,29,"Creature, 2:164; 6:38; 8:22, 55; 11:6, 56; 16:49, 61; 22:18; 24:45; 27:82; 29:60;","[52.0, 1592.284, 1546.495, 1646.863]","[0.030588, 0.579434, 0.909703, 0.599295]"
542,530,30,"31:10; 34:14; 35:28, 45; 42:29; 45:4.","[162.0, 1645.305, 839.494, 1697.612]","[0.095294, 0.598728, 0.49382, 0.617763]"
542,530,31,"the computer, 27:82 (see the book entitled, “The Computer Speaks:","[26.0, 1699.423, 1548.519, 1755.201]","[0.015294, 0.618422, 0.910894, 0.63872]"
542,530,32,"God’s Message to the World,” published by Islamic Productions, 739 East","[26.0, 1755.201, 1548.519, 1810.98]","[0.015294, 0.63872, 0.910894, 0.659017]"
542,530,33,"6th Street, Tucson, Arizona 85719, U.S.A.)","[26.0, 1810.98, 1548.519, 1866.758]","[0.015294, 0.659017, 0.910894, 0.679315]"
542,530,34,"Criminal Justice, 2:178, 179, 194, 283; 4:15, 135; 5:8, 32,33, 38,45; 17:33; 22:30;","[26.0, 1866.758, 1548.519, 1922.537]","[0.015294, 0.679315, 0.910894, 0.699613]"
542,530,35,"/ 24:1-2,4,6,I3;25:72.","[26.0, 1922.537, 1548.519, 1978.315]","[0.015294, 0.699613, 0.910894, 0.719911]"
542,530,36,"Criterion, 17:46; 39:45; 40:12.","[54.0, 1955.164, 1010.513, 2011.514]","[0.031765, 0.711486, 0.594419, 0.731992]"
542,530,37,"Crucifixion, 4:157; 5:33; 7:42; 12:41; 20:71; 26:49.","[54.0, 2011.514, 1010.513, 2067.863]","[0.031765, 0.731992, 0.594419, 0.752497]"
542,530,38,"Cure, 10:57; 16:69; 17:82; 26:80; 41:44.","[55.0, 2060.164, 1550.519, 2114.044]","[0.032353, 0.749696, 0.91207, 0.769303]"
542,530,39,"Curse, 2:88, 89, 159, 161; 3:61, 87; 4:46,47, 52,93, 218; 5:13,60,64, 78; 7:38,44;","[55.0, 2114.044, 1550.519, 2167.924]","[0.032353, 0.769303, 0.91207, 0.78891]"
542,530,40,"9:68; 11:18, 60,99; 13:25; 15:35; 17:60; 24:7, 23; 28:42; 29:25; 33:57,61,64,","[55.0, 2167.924, 1550.519, 2221.803]","[0.032353, 0.78891, 0.91207, 0.808517]"
542,530,41,68; 38:78; 40:52; 47:23; 48:6.,"[55.0, 2221.803, 1550.519, 2275.683]","[0.032353, 0.808517, 0.91207, 0.828123]"
542,530,42,"Darkness, 2:17, 19, 20, 257; 5:16; 6:1, 39, 59, 63, 97, 122; 10:27; 13:16; 14:1, 5;","[55.0, 2275.683, 1550.519, 2329.563]","[0.032353, 0.828123, 0.91207, 0.84773]"
542,530,43,21:87; 24:40; 27:63; 33:43; 35:20; 39:6; 57:9; 65:11.,"[58.0, 2329.217, 1549.49, 2382.766]","[0.034118, 0.847605, 0.911465, 0.867091]"
542,530,44,"Daughter, 3:36; 4:11, 23, 176; 6:100; 11:78, 79; 15:71; 16:57, 58; 17:40; 28:27;","[58.0, 2382.766, 1549.49, 2436.314]","[0.034118, 0.867091, 0.911465, 0.886577]"
542,530,45,"33:50, 59; 37:149, 153; 42:49; 43:16; 52:39; 53:21; 66:12; 81:8.","[58.0, 2436.314, 1549.49, 2489.863]","[0.034118, 0.886577, 0.911465, 0.906064]"
543,531,1,"David, 2:251; 4:163; 5:78; 6:84; 17:55; 21:78, 79; 27:15, 16; 34:10, 13; 38:17, 22,","[136.0, 154.864, 1633.507, 212.013]","[0.08, 0.056831, 0.960886, 0.077803]"
543,531,2,"24, 26, 30.","[136.0, 212.013, 1633.507, 269.161]","[0.08, 0.077803, 0.960886, 0.098775]"
543,531,3,"Day, of god, 14:5; 22:47; 32:5; 70:4.","[136.0, 269.161, 1633.507, 326.31]","[0.08, 0.098775, 0.960886, 0.119747]"
543,531,4,"of judgment, 1:4; 2:85, 113, 174, 212; 3:55, 77, 161, 180, 185, 194;","[136.0, 315.812, 1630.509, 369.828]","[0.08, 0.115894, 0.959123, 0.135717]"
543,531,5,"4:87, 109,141,159; 5:14,36,64; 6:12; 7:32, 167,172; 10:60,93; 11:60,98,99;","[136.0, 369.828, 1630.509, 423.843]","[0.08, 0.135717, 0.959123, 0.155539]"
543,531,6,"14:41; 15:35; 16:25,27,92,124; 17:13,58,62,97; 18:105; 19:95;20:I00, 101,","[136.0, 423.843, 1630.509, 477.858]","[0.08, 0.155539, 0.959123, 0.175361]"
543,531,7,"124; 21:47; 22:9, 17,69; 23:16; 25:69; 26:82; 28:41,42,61,71,72; 29:13,25,","[136.0, 477.858, 1630.509, 531.874]","[0.08, 0.175361, 0.959123, 0.195183]"
543,531,8,"32; 32:25; 35:14; 37:20; 38:16, 26, 53, 78; 39:24, 31,47,60, 67; 40:27,41:40;","[136.0, 531.874, 1630.509, 585.889]","[0.08, 0.195183, 0.959123, 0.215005]"
543,531,9,"42:45; 45:17, 26; 46:5; 51:6, 12; 56:56; 58:7; 60:3; 64:9; 68:39; 70:26; 74:46;","[136.0, 585.889, 1630.509, 639.904]","[0.08, 0.215005, 0.959123, 0.234827]"
543,531,10,"75:1, 6; 82:15, 17, 18; 83:11.","[136.0, 639.904, 1630.509, 693.92]","[0.08, 0.234827, 0.959123, 0.254649]"
543,531,11,"Deafness, 2:J8, 171; 5:71; 6:25, 39; 8:22; 10:42; 11:24; 17:46, 97; 18:57; 21:45;","[136.0, 693.92, 1630.509, 747.935]","[0.08, 0.254649, 0.959123, 0.274472]"
543,531,12,"25:73; 27:80; 30:52; 31:7; 41:5, 44; 43:40; 47:23.","[145.0, 742.125, 1627.498, 795.303]","[0.085294, 0.272339, 0.957352, 0.291854]"
543,531,13,"Dead, never return to this life, 21:95; 23:99, 100; 36:31, 50.","[145.0, 795.303, 1627.498, 848.48]","[0.085294, 0.291854, 0.957352, 0.311369]"
543,531,14,"Death, 2:19, 28, 56, 73, 94, 132, 133, 154, 173, 180, 217, 243, 258-260; 3:27, 49","[145.0, 848.48, 1627.498, 901.658]","[0.085294, 0.311369, 0.957352, 0.330884]"
543,531,15,"102, 119, 143-145, 156-158, 168, 169, 185; 4:15, 18,78, 100, 159; 5:3, 106","[145.0, 892.826, 1627.508, 946.675]","[0.085294, 0.327643, 0.957358, 0.347404]"
543,531,16,"110; 6:36, 61,93, 95, III, 122, 139, 145, 162; 7:25, 57, 158; 8:6; 9:84, 116","[145.0, 946.675, 1627.508, 1000.523]","[0.085294, 0.347404, 0.957358, 0.367164]"
543,531,17,"125; 10:31, 56; 11:7; 13:31; 14:17; 15:23; 16:21, 38, 115; 19:15, 23, 33, 66","[145.0, 1000.523, 1627.508, 1054.372]","[0.085294, 0.367164, 0.957358, 0.386925]"
543,531,18,"20:74; 21:34, 35; 22:6, 58,66; 23:15,35,37,80.82,99; 25:3; 58; 26:81; 27:80","[145.0, 1054.372, 1627.508, 1108.22]","[0.085294, 0.386925, 0.957358, 0.406686]"
543,531,19,"29:57; 30:19, 40, 50, 52; 31:34; 32:11; 33:16, 19; 34:14; 35:22, 36; 36:12","[145.0, 1108.22, 1627.508, 1162.068]","[0.085294, 0.406686, 0.957358, 0.426447]"
543,531,20,"37:16, 53, 59; 39:30, 42; 40:11, 68; 41:39; 42:9; 44:8, 35, 56; 45:21, 24, 26","[145.0, 1162.068, 1627.508, 1215.917]","[0.085294, 0.426447, 0.957358, 0.446208]"
543,531,21,"46:33; 47:20, 34; 49:12; 50:3, 19, 43; 53:44; 56:47, 60; 57:2; 62:6, 8; 63:10","[145.0, 1215.917, 1627.508, 1269.765]","[0.085294, 0.446208, 0.957358, 0.465969]"
543,531,22,67:2; 75:40; 77:26; 80:21; 87:13.,"[145.0, 1269.765, 1627.508, 1323.613]","[0.085294, 0.465969, 0.957358, 0.48573]"
543,531,23,"Deathbed, Jacob, 2:133.","[145.0, 1323.613, 1627.508, 1377.462]","[0.085294, 0.48573, 0.957358, 0.505491]"
543,531,24,"Debate, 6:25; 8:6; 13:13; 16:125; 18:56; 22:3, 8, 68; 29:46; 31:20; 40:5.","[145.0, 1377.462, 1627.508, 1431.31]","[0.085294, 0.505491, 0.957358, 0.525251]"
543,531,25,"Debt, 2:282; 4:11, 12.","[146.0, 1420.812, 600.496, 1478.536]","[0.085882, 0.521399, 0.353233, 0.542582]"
543,531,26,"Deceit, 2:9; 4:142; 8:62.","[146.0, 1478.536, 600.496, 1536.259]","[0.085882, 0.542582, 0.353233, 0.563765]"
543,531,27,Declaration (see Announcement),"[147.0, 1533.125, 1643.507, 1586.147]","[0.086471, 0.562615, 0.966769, 0.582072]"
543,531,28,"Defeat, 2:251; 3:12, 127, 160; 8:36; 17:22; 30:3; 38:11; 54:45; 58:5.","[147.0, 1586.147, 1643.507, 1639.17]","[0.086471, 0.582072, 0.966769, 0.60153]"
543,531,29,"Defection, 9:6; 60:10.","[147.0, 1639.17, 1643.507, 1692.192]","[0.086471, 0.60153, 0.966769, 0.620988]"
543,531,30,"Defense, 2:190, 191, 193, 216,217, 244; 3:121, 154, 167, 195; 4:66, 74,75,76,90;","[147.0, 1692.192, 1643.507, 1745.214]","[0.086471, 0.620988, 0.966769, 0.640446]"
543,531,31,"8:16, 17, 39, 65; 9:12, 13, 14, 123; 22:39; 33:16, 25; 47:20; 48:22; 49:9; 60:8.","[147.0, 1745.214, 1643.507, 1798.237]","[0.086471, 0.640446, 0.966769, 0.659903]"
543,531,32,9; 61:4; 73:20.,"[147.0, 1798.237, 1643.507, 1851.259]","[0.086471, 0.659903, 0.966769, 0.679361]"
543,531,33,"Defile, 2:75; 4:140; 9:28; 41:26.","[148.0, 1850.268, 817.501, 1905.128]","[0.087059, 0.678997, 0.480883, 0.699129]"
543,531,34,"Defy, 17:23; 22:51; 34:5, 38; 46:17.","[148.0, 1905.128, 817.501, 1959.988]","[0.087059, 0.699129, 0.480883, 0.719262]"
543,531,35,"Democracy, 3:169; 42:38.","[149.0, 1955.125, 1645.519, 2008.401]","[0.087647, 0.717477, 0.967952, 0.737028]"
543,531,36,"Demon, 2:275; 27:39.","[149.0, 2008.401, 1645.519, 2061.677]","[0.087647, 0.737028, 0.967952, 0.756579]"
543,531,37,"Descend, 2:57, 97; 3:124; 4:153; 5:112, 114; 6:8, 111; 7:160; 9:26, 40; 16:2, 102;","[149.0, 2061.677, 1645.519, 2114.953]","[0.087647, 0.756579, 0.967952, 0.77613]"
543,531,38,"17:95, 106; 19:64; 20:80; 25:25; 26:193, 210, 221; 34:2; 36:28; 41:30; 53:13;","[149.0, 2114.953, 1645.519, 2168.229]","[0.087647, 0.77613, 0.967952, 0.79568]"
543,531,39,57:4; 97:4.,"[149.0, 2168.229, 1645.519, 2221.505]","[0.087647, 0.79568, 0.967952, 0.815231]"
543,531,40,"Desert, 24:39.","[149.0, 2221.505, 1645.519, 2274.781]","[0.087647, 0.815231, 0.967952, 0.834782]"
543,531,41,"Designer, God, 2:29; 3:6; 7:11; 15:29; 18:37;32:9;38:73;40:64; 59:24;64:3; 75:38;","[149.0, 2274.781, 1645.519, 2328.057]","[0.087647, 0.834782, 0.967952, 0.854333]"
543,531,42,79:28; 82:7; 87:2; 91:7.,"[149.0, 2328.057, 1645.519, 2381.333]","[0.087647, 0.854333, 0.967952, 0.873884]"
543,531,43,"Despair, 5:3; 11:9; 12:80, 87; 110; 13:31; 15:55, 56; 17:83; 29:23; 30:36; 39:53;","[149.0, 2381.333, 1645.519, 2434.609]","[0.087647, 0.873884, 0.967952, 0.893435]"
543,531,44,41:49; 42:28; 60:13.,"[149.0, 2434.609, 1645.519, 2487.885]","[0.087647, 0.893435, 0.967952, 0.912985]"
543,531,45,/,"[106.0, 1971.377, 152.0, 2049.943]","[0.062353, 0.723441, 0.089412, 0.752273]"
544,532,1,"Destroy, 2:205; 3:117; 6:6,47, 131; 7:129; 8:54; 10:13; 11:117; 15:4; 17:16, 17,58;","[42.0, 162.125, 1540.511, 218.622]","[0.024706, 0.059191, 0.906183, 0.079818]"
544,532,2,"18:59; 19:74, 98; 20:128, 134; 21:9; 22:45; 26:139, 208; 28:58; 29:31; 32:26;","[43.0, 212.924, 1540.506, 267.911]","[0.025294, 0.077738, 0.90618, 0.097814]"
544,532,3,"36:31; 38:3; 43:8; 44:37; 46:27, 35; 47:13; 50:36; 53:50; 54:51; 69:5, 6.","[43.0, 267.911, 1540.506, 322.898]","[0.025294, 0.097814, 0.90618, 0.117889]"
544,532,4,"Deterrent, 5:38.","[43.0, 322.898, 1540.506, 377.885]","[0.025294, 0.117889, 0.90618, 0.137965]"
544,532,5,"Devil, 2:14, 34, 36, 108, 168,208, 268, 275; 3:36, 155, 175; 4:38, 60,76,83, 119,","[44.0, 370.864, 1540.515, 431.658]","[0.025882, 0.135401, 0.906186, 0.157597]"
544,532,6,"120; 4:117; 5:90,91; 6:43,68.71,112,121,142; 7:11,20,22,27,30,175,200,","[9.0, 435.502, 1542.5, 488.082]","[0.005294, 0.159, 0.907353, 0.178197]"
544,532,7,"201; 8:11,48; 12:5,42, 100; 15:17,31,32; 16:63,98; 17:27,53,61.64; 18:50,","[9.0, 488.082, 1542.5, 540.662]","[0.005294, 0.178197, 0.907353, 0.197394]"
544,532,8,"63; 19:44, 45, 68, 83; 20:116, 120; 21:82; 22:3, 52, 53; 23:97; 24:21; 25:29,","[9.0, 540.662, 1542.5, 593.242]","[0.005294, 0.197394, 0.907353, 0.216591]"
544,532,9,"26:95, 210, 221; 27:24; 28:15; 29:38; 31:21; 34:20; 35:6; 37:7,41,65; 38:37,","[9.0, 593.242, 1542.5, 645.822]","[0.005294, 0.216591, 0.907353, 0.235787]"
544,532,10,"41, 74, 75; 41:36; 43:36, 62; 47:25; 58:10, 19; 59:16; 67:5; 81:25.","[9.0, 645.822, 1542.5, 698.402]","[0.005294, 0.235787, 0.907353, 0.254984]"
544,532,11,"Dignity, 3:26; 4:139; 10:65; 35:10; 37:180; 63:8.","[9.0, 698.402, 1542.5, 750.982]","[0.005294, 0.254984, 0.907353, 0.274181]"
544,532,12,"Disaster, 2:156, 266; 3:117, 120, 146, 153, 165, 166, 172; 4:62, 72,78,79,5:52;","[9.0, 750.982, 1542.5, 803.562]","[0.005294, 0.274181, 0.907353, 0.293378]"
544,532,13,"7:100, 131; 8:25; 9:50, 51, 52; 11:89; 13:31; 16:34; 22:11, 35; 24:63; 28:47;","[9.0, 803.562, 1542.5, 856.142]","[0.005294, 0.293378, 0.907353, 0.312575]"
544,532,14,"30:26; 31:17; 39:51; 42:30, 48; 57:22; 64:11.","[9.0, 856.142, 1542.5, 908.722]","[0.005294, 0.312575, 0.907353, 0.331771]"
544,532,15,"Disciple, of Jesus, 3:52; 5:111, 112; 61:14.","[9.0, 908.722, 1542.5, 961.302]","[0.005294, 0.331771, 0.907353, 0.350968]"
544,532,16,"Discrepancy, none in the Quran, 4:82; 47:24.","[9.0, 961.302, 1542.5, 1013.882]","[0.005294, 0.350968, 0.907353, 0.370165]"
544,532,17,"Discrimination, 2:136, 285; 3:84; 4H50, 152; 49:13.","[9.0, 1013.882, 1542.5, 1066.462]","[0.005294, 0.370165, 0.907353, 0.389362]"
544,532,18,"Dishonesty, 2:188; 4:29, 161; 5:42, 62, 63.","[9.0, 1066.462, 1542.5, 1119.042]","[0.005294, 0.389362, 0.907353, 0.408559]"
544,532,19,"^Dispute, 2:228; 4:128; 49:9 (see also Arguments).","[9.0, 1119.042, 1542.5, 1171.622]","[0.005294, 0.408559, 0.907353, 0.427755]"
544,532,20,"Distillation, 25:53; 27:61; 55:20.","[46.0, 1169.268, 1277.502, 1223.053]","[0.027059, 0.426896, 0.751472, 0.446533]"
544,532,21,"Distortion, 2:59, 75, 181, 211; 4:46; 5:13, 4I;7:I62; 14:28; 48:15.","[46.0, 1223.053, 1277.502, 1276.837]","[0.027059, 0.446533, 0.751472, 0.466169]"
544,532,22,"Ditch, battle of the, (see Allies).","[46.0, 1276.837, 1277.502, 1330.622]","[0.027059, 0.466169, 0.751472, 0.485806]"
544,532,23,"Division, 3:103, 105; 6:153, 159; 30:14; 42:13, 14; 77:4.","[47.0, 1321.812, 1543.496, 1377.015]","[0.027647, 0.482589, 0.907939, 0.502744]"
544,532,24,"Divorce, 2:227-236, 241; 33:49; 65:1; 66:5.","[47.0, 1377.015, 1543.496, 1432.217]","[0.027647, 0.502744, 0.907939, 0.522898]"
544,532,25,"Dog, 5:4; 7:176; 18:18-22.","[47.0, 1432.217, 1543.496, 1487.42]","[0.027647, 0.522898, 0.907939, 0.543052]"
544,532,26,"Donation. 2:196, 263, 264, 271,276; 4:114; 9:58, 60, 79, 104; 33:35; 57:18; 58:12.","[47.0, 1487.42, 1543.496, 1542.622]","[0.027647, 0.543052, 0.907939, 0.563206]"
544,532,27,13.,"[47.0, 1551.127, 1060.496, 1603.086]","[0.027647, 0.566311, 0.623821, 0.585282]"
544,532,28,"Dowry, 4:4, 24, 25; 5:5; 33:50; 60:10.","[47.0, 1603.086, 1060.496, 1655.046]","[0.027647, 0.585282, 0.623821, 0.604252]"
544,532,29,"Dreams, 12:4,43; 37:102.","[47.0, 1655.046, 1060.496, 1707.006]","[0.027647, 0.604252, 0.623821, 0.623222]"
544,532,30,"Drunkenness, (see Alcohol), 4:43; 15:72; 22:2; 50:19.","[47.0, 1707.006, 1060.496, 1758.966]","[0.027647, 0.623222, 0.623821, 0.642193]"
544,532,31,"Duties, (see Salat. Zakat, Fasting, Pilgrimage).","[47.0, 1758.966, 1060.496, 1810.925]","[0.027647, 0.642193, 0.623821, 0.661163]"
544,532,32,"Earth, see Creation.","[47.0, 1810.925, 1060.496, 1862.885]","[0.027647, 0.661163, 0.623821, 0.680133]"
544,532,33,"Earthquake, 7:78, 91, 155; 22:1; 29:37; 73:14; 79:6; 99:1.","[47.0, 1854.812, 1545.516, 1909.502]","[0.027647, 0.677186, 0.909127, 0.697153]"
544,532,34,"East, 2:115, 142, 177, 258; 7:137; 19:16; 24:35; 26:28,60; 37:5;43:38; 55:17; 70:40;","[47.0, 1909.502, 1545.516, 1964.191]","[0.027647, 0.697153, 0.909127, 0.71712]"
544,532,35,73:9.,"[47.0, 1964.191, 1545.516, 2018.88]","[0.027647, 0.71712, 0.909127, 0.737087]"
544,532,36,"Eat, see Gluttony, Prohibitions.","[47.0, 2018.88, 1545.516, 2073.57]","[0.027647, 0.737087, 0.909127, 0.757054]"
544,532,37,"Ecstacy, 5:65; 9:21; 10:9; 22:56; 26:85; 31:8; 32:17; 37:43; 52:17; 56:12, 89; 68:34;","[47.0, 2073.57, 1545.516, 2128.259]","[0.027647, 0.757054, 0.909127, 0.77702]"
544,532,38,70:38; 76:20; 82:13; 83:22.,"[14.0, 2125.268, 1544.53, 2171.176]","[0.008235, 0.775928, 0.908547, 0.792689]"
544,532,39,"Egg, 37:49; 79:30.","[14.0, 2171.176, 1544.53, 2217.083]","[0.008235, 0.792689, 0.908547, 0.80945]"
544,532,40,"Ego, 2:54; 4:135; 7:176; 18:28; 20:16; 25:43; 28:50; 30:29; 38:26; 45:23; 47:14, 16;","[14.0, 2217.083, 1544.53, 2262.991]","[0.008235, 0.80945, 0.908547, 0.826211]"
544,532,41,/,"[14.0, 2262.991, 1544.53, 2308.899]","[0.008235, 0.826211, 0.908547, 0.842971]"
544,532,42,79:40.,"[14.0, 2308.899, 1544.53, 2354.807]","[0.008235, 0.842971, 0.908547, 0.859732]"
544,532,43,"Egypt, 2:61; 10:87; 12:21, 99; 43:51.","[14.0, 2354.807, 1544.53, 2400.714]","[0.008235, 0.859732, 0.908547, 0.876493]"
544,532,44,"Eight, universes (or heavens) in the hereafter, 69:17.","[14.0, 2400.714, 1544.53, 2446.622]","[0.008235, 0.876493, 0.908547, 0.893254]"
544,532,45,6:143; 18:22; 28:27; 39:6; 69:7.,"[50.0, 2437.812, 738.515, 2494.656]","[0.029412, 0.890037, 0.43442, 0.910791]"
544,532,46,"Eighth, 4:12.","[50.0, 2494.656, 738.515, 2551.5]","[0.029412, 0.910791, 0.43442, 0.931545]"
545,533,1,"Eighty, 24:4.","[148.0, 171.444, 395.5, 224.885]","[0.087059, 0.062938, 0.232647, 0.082557]"
545,533,2,"Elephant, 105:1.","[149.0, 216.812, 464.505, 272.503]","[0.087647, 0.079593, 0.273238, 0.100038]"
545,533,3,"Eleven, 12:4.","[149.0, 272.503, 464.505, 328.194]","[0.087647, 0.100038, 0.273238, 0.120482]"
545,533,4,"Elias, 6:86.","[149.0, 328.194, 464.505, 383.885]","[0.087647, 0.120482, 0.273238, 0.140927]"
545,533,5,"Elisha, 6:87.","[149.0, 383.444, 716.501, 436.533]","[0.087647, 0.140765, 0.421471, 0.160255]"
545,533,6,"Emancipation, see Abolition.","[149.0, 436.533, 716.501, 489.622]","[0.087647, 0.160255, 0.421471, 0.179744]"
545,533,7,100,"[111.0, 496.644, 1649.511, 551.229]","[0.065294, 0.182322, 0.970301, 0.20236]"
545,533,8,"22:58; 24:22; 33:6, 50; 59:8, 9.","[111.0, 551.229, 1649.511, 605.813]","[0.065294, 0.20236, 0.970301, 0.222398]"
545,533,9,"Enemy, 2:36, 97, 98, 168,208; 3:103; 4:45, 92, 101; 5:14, 64, 82, 91; 6:112, 142;","[111.0, 605.813, 1649.511, 660.397]","[0.065294, 0.222398, 0.970301, 0.242437]"
545,533,10,"/ 7:22, 24, 129, 150; 8:60; 9:83, 114, 120; 12:5; 17:53; 18:50; 20:39, 80, 117,","[111.0, 660.397, 1649.511, 714.982]","[0.065294, 0.242437, 0.970301, 0.262475]"
545,533,11,"123; 25:31; 26:77; 28:8, 15, 19; 35:6; 36:60; 41:19, 28, 34; 43:62, 67; 46:6;","[151.0, 690.812, 1652.509, 746.015]","[0.088824, 0.253602, 0.972064, 0.273867]"
545,533,12,"60:1, 2, 4; 61:14; 63:4; 64:14.","[151.0, 746.015, 1652.509, 801.217]","[0.088824, 0.273867, 0.972064, 0.294133]"
545,533,13,"Engagement, 2:235, 236, 237; 33:49.","[151.0, 801.217, 1652.509, 856.42]","[0.088824, 0.294133, 0.972064, 0.314398]"
545,533,14,"Enlighten, 2:66, 231, 232, 275;<3:138; 4:34, 58,63; 5:46; 7:145, 164; 10:57; 11:46,","[151.0, 856.42, 1652.509, 911.622]","[0.088824, 0.314398, 0.972064, 0.334663]"
545,533,15,"120; 16:90, 125; 24:17, 34; 26:136; 31:13; 34:26.","[152.0, 904.826, 1637.497, 960.325]","[0.089412, 0.332168, 0.963234, 0.352542]"
545,533,16,"Estate, 2:180-182, 233, 240; 4:11, 12, 19, 176; 5:106; 89:19.","[152.0, 960.325, 1637.497, 1015.823]","[0.089412, 0.352542, 0.963234, 0.372916]"
545,533,17,"Eternity, of heaven and hell, 2:25, 39, 81,82, 162, 167, 217, 257; 3:15, 88, 107","[152.0, 1015.823, 1637.497, 1071.321]","[0.089412, 0.372916, 0.963234, 0.39329]"
545,533,18,"116, 136, 198; 4:13, 14,57,93, 122, 169; 5:37, 80, 85, 119; 6:128; 7:20, 36","[154.0, 1062.826, 1639.514, 1117.565]","[0.090588, 0.390171, 0.96442, 0.410266]"
545,533,19,"42; 9:17, 22, 63, 68, 72, 89, 100; 10:26, 27, 52; 11:23, 107, 108; 13:5; 14:23","[154.0, 1117.565, 1639.514, 1172.304]","[0.090588, 0.410266, 0.96442, 0.430361]"
545,533,20,"15:48; 16:29; 18:108; 20:76, 101; 21:99, 102; 23:11, 103; 25:15, 16,69,76","[154.0, 1172.304, 1639.514, 1227.043]","[0.090588, 0.430361, 0.96442, 0.450456]"
545,533,21,"29:58; 31:9; 32:14; 33:65; 39:72, 73; 40:76; 41:28; 43:71, 74; 46:14; 47:15","[154.0, 1227.043, 1639.514, 1281.781]","[0.090588, 0.450456, 0.96442, 0.470551]"
545,533,22,"48:5; 50:34; 57:12; 58:17, 22; 59:17; 64:9, 10; 65:11; 72:23; 98:6, 8.","[154.0, 1281.781, 1639.514, 1336.52]","[0.090588, 0.470551, 0.96442, 0.490646]"
545,533,23,"Eve, see Adam.","[154.0, 1336.52, 1639.514, 1391.259]","[0.090588, 0.490646, 0.96442, 0.510741]"
545,533,24,"Evict, 2:36, 38,84,85, 191; 7:13, 18,27,82,88,217.246; 3:195; 9:13; 14:13; 15:34;","[155.0, 1386.125, 1650.534, 1442.622]","[0.091176, 0.508856, 0.970902, 0.529597]"
545,533,25,"20:117, 123; 22:40; 26:167; 27:37, 56; 38:77; 59:8; 60:9; 65:1.","[154.0, 1433.826, 1651.518, 1489.758]","[0.090588, 0.526368, 0.971481, 0.546901]"
545,533,26,"Evolution, of the humans, 6:2; 7:12; 15:26, 28, 33; 17:61; 23:12; 32:7; 37:11;","[154.0, 1489.758, 1651.518, 1545.69]","[0.090588, 0.546901, 0.971481, 0.567434]"
545,533,27,"38:71, 76; 55:14.","[154.0, 1545.69, 1651.518, 1601.622]","[0.090588, 0.567434, 0.971481, 0.587967]"
545,533,28,"of the universe, 21:30; 41:11.","[154.0, 1600.268, 990.515, 1655.128]","[0.090588, 0.58747, 0.582656, 0.607609]"
545,533,29,"Examine, 17:36 (see also Investigate, Test).","[154.0, 1655.128, 990.515, 1709.988]","[0.090588, 0.607609, 0.582656, 0.627749]"
545,533,30,"Excess, 2:219; 6:141; 7:31; 17:33; 25:67; 39:53.","[155.0, 1699.812, 1045.509, 1757.9]","[0.091176, 0.624013, 0.615005, 0.645338]"
545,533,31,"Exhort, 90:17; 103:3.","[155.0, 1757.9, 1045.509, 1815.988]","[0.091176, 0.645338, 0.615005, 0.666662]"
545,533,32,"Exile, 2:191,243; 4:100; 5:26; 7:110, 123; 8:5, 30; 9:40; 17:76; 20:63; 26:35; 28:20,","[156.0, 1808.01, 1652.5, 1862.633]","[0.091765, 0.663734, 0.972059, 0.683786]"
545,533,33,"21; 47:13; 59:2; 60:1, 8, 9; 63:8.","[156.0, 1862.633, 1652.5, 1917.255]","[0.091765, 0.683786, 0.972059, 0.703838]"
545,533,34,"Exorcise, 72:6.","[156.0, 1917.255, 1652.5, 1971.878]","[0.091765, 0.703838, 0.972059, 0.723891]"
545,533,35,"Ezra, 9:30.","[156.0, 1971.878, 1652.5, 2026.501]","[0.091765, 0.723891, 0.972059, 0.743943]"
545,533,36,"Factions, 3:105; 6:65, 81, 159; 11:24; 19:69, 73; 27:45; 30:14, 32; 42:13, 14.","[157.0, 2016.812, 1590.507, 2075.036]","[0.092353, 0.740386, 0.935592, 0.761761]"
545,533,37,"Fallen angel, see Satan.","[157.0, 2075.036, 1590.507, 2133.259]","[0.092353, 0.761761, 0.935592, 0.783135]"
545,533,38,"Falsehood, 2:43; 3:71; 8:8; 13:17; 16:72; 17:81; 18:56; 21:18; 22:62; 29:52, 67;","[158.0, 2119.889, 1654.509, 2187.239]","[0.092941, 0.778227, 0.97324, 0.802951]"
545,533,39,"31:30; 34:49; 40:5, 78; 41:42; 42:24; 45:27; 47:3.","[159.0, 2181.125, 1656.509, 2234.386]","[0.093529, 0.800707, 0.974417, 0.820259]"
545,533,40,"Fasting, 2:183-187, 196; 4:92; 5:89, 95; 19:26; 33:35; 58:4.","[159.0, 2234.386, 1656.509, 2287.648]","[0.093529, 0.820259, 0.974417, 0.839812]"
545,533,41,"Father, 2:133, 170, 200; 4:11, 22; 5:104; 6:74,87,91, 148; 7:27, 28,70. 173; 9:23,","[159.0, 2287.648, 1656.509, 2340.909]","[0.093529, 0.839812, 0.974417, 0.859365]"
545,533,42,"24, 114; 10:78; 11:62,87, 109; 12:4, 6, 8,9, 11, 16, 17,38,59,61,63,65,78,","[159.0, 2340.909, 1656.509, 2394.17]","[0.093529, 0.859365, 0.974417, 0.878917]"
545,533,43,"80, 81. 93, 94, 97, 99, 100; 13:23; 14:10; 16:35; 18:80, 82; 19:28, 42^5;","[159.0, 2394.17, 1656.509, 2447.432]","[0.093529, 0.878917, 0.974417, 0.89847]"
545,533,44,"21:52-54; 22:78; 23:83; 24:31,61; 25:18; 26:70,86; 28:23,25,26; 31:21; 33:5.","[159.0, 2447.432, 1656.509, 2500.693]","[0.093529, 0.89847, 0.974417, 0.918022]"
546,534,1,"40, 55; 34:43; 37:17, 69, 85, 102; 43:22-26, 29; 44:36; 56:48; 58:22; 60:4;","[43.0, 143.889, 1544.503, 198.201]","[0.025294, 0.052438, 0.908531, 0.072231]"
546,534,2,80:35.,"[43.0, 198.201, 1544.503, 252.513]","[0.025294, 0.072231, 0.908531, 0.092024]"
546,534,3,"Favoritism, 4:135; 5:8, 42; 58:22.","[43.0, 252.513, 1544.503, 306.825]","[0.025294, 0.092024, 0.908531, 0.111817]"
546,534,4,"Fear, 2:150; 3:173; 4:77, 5:3, 44; 9:13, 18; 33:37, 39.","[43.0, 306.825, 1544.503, 361.137]","[0.025294, 0.111817, 0.908531, 0.13161]"
546,534,5,"Feast, 5:113, 114; 12:31.","[43.0, 361.137, 1544.503, 415.449]","[0.025294, 0.13161, 0.908531, 0.151403]"
546,534,6,"Festival, 20:59.","[43.0, 415.449, 1544.503, 469.761]","[0.025294, 0.151403, 0.908531, 0.171196]"
546,534,7,"Fetus, see Abortion.","[43.0, 469.761, 1544.503, 524.073]","[0.025294, 0.171196, 0.908531, 0.190989]"
546,534,8,"Fig, 95:1.","[43.0, 524.073, 1544.503, 578.385]","[0.025294, 0.190989, 0.908531, 0.210782]"
546,534,9,"Fighting, see War.","[43.0, 578.385, 1544.503, 632.697]","[0.025294, 0.210782, 0.908531, 0.230575]"
546,534,10,"Fingerprint, 75:4.","[43.0, 632.697, 1544.503, 687.009]","[0.025294, 0.230575, 0.908531, 0.250368]"
546,534,11,"Fire, see Hell.","[43.0, 687.009, 1544.503, 741.321]","[0.025294, 0.250368, 0.908531, 0.270161]"
546,534,12,"Fish, 5:96; 7:163; 68:48.","[44.0, 738.444, 746.513, 792.716]","[0.025882, 0.269112, 0.439125, 0.288891]"
546,534,13,"Flood, 7:133; 11:40-44; 23:27; 29:14.","[44.0, 792.716, 746.513, 846.988]","[0.025882, 0.288891, 0.439125, 0.308669]"
546,534,14,"Food, see Prohibitions.","[44.0, 841.01, 529.512, 897.166]","[0.025882, 0.306491, 0.311478, 0.326955]"
546,534,15,"Forbid, see Prohibitions.","[44.0, 897.166, 529.512, 953.321]","[0.025882, 0.326955, 0.311478, 0.34742]"
546,534,16,"Forgiveness, 2:221; 3:135; 4:48, 64, 116, 137, 168; 8:38; 9:80, 114; 19:47; 39:53;","[22.0, 944.864, 1543.501, 1008.908]","[0.012941, 0.344338, 0.907942, 0.367678]"
546,534,17,/ 42:37; 45:14; 47:34; 60:4; 63:6.,"[22.0, 1008.908, 1543.501, 1072.952]","[0.012941, 0.367678, 0.907942, 0.391018]"
546,534,18,"Fornication, see Adultery.","[22.0, 1055.125, 1541.508, 1113.211]","[0.012941, 0.384521, 0.90677, 0.405689]"
546,534,19,"Fractions, 2:237; 4:11, 12, 25, 176; 8:41; 73:3, 20.","[22.0, 1113.211, 1541.508, 1171.298]","[0.012941, 0.405689, 0.90677, 0.426858]"
546,534,20,"Freedom of Choice, 18:29; 33:72; 41:40; 73:19; 74:37, 55; 76:3, 29; 78:39; 80:12;","[22.0, 1171.298, 1541.508, 1229.385]","[0.012941, 0.426858, 0.90677, 0.448027]"
546,534,21,/ 81:28.,"[22.0, 1229.385, 1541.508, 1287.472]","[0.012941, 0.448027, 0.90677, 0.469195]"
546,534,22,"Friday, 62:9.","[43.0, 1272.655, 1543.511, 1325.528]","[0.025294, 0.463795, 0.907948, 0.483064]"
546,534,23,"Funeral, 9:84.","[43.0, 1325.528, 1543.511, 1378.401]","[0.025294, 0.483064, 0.907948, 0.502333]"
546,534,24,"Gabriel, 2:87, 97, 98, 253; 5:110; 16:102; 19:17; 26:193; 66:4; 70:4; 78:38; 97:4.","[43.0, 1378.401, 1543.511, 1431.274]","[0.025294, 0.502333, 0.907948, 0.521601]"
546,534,25,"Gambling, 2:219; 5:3, 90, 91.","[43.0, 1431.274, 1543.511, 1484.147]","[0.025294, 0.521601, 0.907948, 0.54087]"
546,534,26,"Garden, see also Heaven, 2:265, 266; 6:99, 141; 13:4; 17:91; 18:32,33,35,39,40;","[43.0, 1484.147, 1543.511, 1537.02]","[0.025294, 0.54087, 0.907948, 0.560139]"
546,534,27,"23:19; 25:8, 10; 26:57, 134. 147; 34:15, 16; 36:34; 44:25; 50:9; 68:17; 71:12;","[43.0, 1537.02, 1543.511, 1589.893]","[0.025294, 0.560139, 0.907948, 0.579407]"
546,534,28,78:16.,"[43.0, 1589.893, 1543.511, 1642.767]","[0.025294, 0.579407, 0.907948, 0.598676]"
546,534,29,"Garland, 5:2, 97.","[43.0, 1642.767, 1543.511, 1695.64]","[0.025294, 0.598676, 0.907948, 0.617944]"
546,534,30,"Garlic, 2:61.","[43.0, 1695.64, 1543.511, 1748.513]","[0.025294, 0.617944, 0.907948, 0.637213]"
546,534,31,"Garment, see Clothes.","[43.0, 1748.513, 1543.511, 1801.386]","[0.025294, 0.637213, 0.907948, 0.656482]"
546,534,32,"Gas, 4:43; 5:6; 41:11; 44:10.","[43.0, 1801.386, 1543.511, 1854.259]","[0.025294, 0.656482, 0.907948, 0.67575]"
546,534,33,"Gentile, 3:20, 75; 7:157, 158; 62:2.","[44.0, 1845.818, 923.503, 1904.564]","[0.025882, 0.672674, 0.543237, 0.694083]"
546,534,34,"Germination, 2:261; 15:19; 22:5; 71:17; 80:27.","[44.0, 1904.564, 923.503, 1963.31]","[0.025882, 0.694083, 0.543237, 0.715492]"
546,534,35,"Girl, see Daughter.","[44.0, 1955.924, 1544.516, 2009.409]","[0.025882, 0.7128, 0.908539, 0.732292]"
546,534,36,"Glorify, 2:30; 3:41; 7:206; 13:13; 15:98; 17:44; 19:11; 20:33, 130; 21:20, 79; 24:36,","[44.0, 2009.409, 1544.516, 2062.894]","[0.025882, 0.732292, 0.908539, 0.751784]"
546,534,37,"41; 25:58; 32:15; 33:42; 38:18; 39:75; 40:7, 55; 41:38; 42:5; 48:9; 50:39, 40;","[44.0, 2062.894, 1544.516, 2116.379]","[0.025882, 0.751784, 0.908539, 0.771275]"
546,534,38,"52:48,49; 56:74,96; 57:1; 59:1,24; 61:1; 62:1; 64:1; 68:28; 69:52; 76:26; 87:1;","[44.0, 2116.379, 1544.516, 2169.864]","[0.025882, 0.771275, 0.908539, 0.790767]"
546,534,39,110:3.,"[44.0, 2169.864, 1544.516, 2223.349]","[0.025882, 0.790767, 0.908539, 0.810258]"
546,534,40,"Gluttony, 6:141; 7:31.","[44.0, 2223.349, 1544.516, 2276.834]","[0.025882, 0.810258, 0.908539, 0.82975]"
546,534,41,"God, 2:255; 3:2; 24:35; 59:22-24; 112:1-3.","[44.0, 2276.834, 1544.516, 2330.319]","[0.025882, 0.82975, 0.908539, 0.849242]"
546,534,42,"Gog and Magog, 18:94; 21:96.","[44.0, 2330.319, 1544.516, 2383.804]","[0.025882, 0.849242, 0.908539, 0.868733]"
546,534,43,"Gold, 3:14, 91; 9:34; 18:31; 22:23; 35:33; 43:53, 71.","[44.0, 2383.804, 1544.516, 2437.289]","[0.025882, 0.868733, 0.908539, 0.888225]"
546,534,44,"Goliath, 2:249-251.","[44.0, 2437.289, 1544.516, 2490.774]","[0.025882, 0.888225, 0.908539, 0.907716]"
546,534,45,"Gomorrah, see Sodom.","[44.0, 2490.774, 1544.516, 2544.259]","[0.025882, 0.907716, 0.908539, 0.927208]"
547,535,1,"Gospel, 3:3, 48, 65; 5:46, 47, 66, 68, 110; 7:157; 9:111; 48:29; 57:27.","[145.0, 150.826, 1448.501, 212.988]","[0.085294, 0.055349, 0.852059, 0.078161]"
547,535,2,"Grain 2:261; 6:59, 95, 99; 21:47; 31:16; 36:33; 50:9; 55:12.","[146.0, 208.125, 1645.514, 261.898]","[0.085882, 0.076376, 0.96795, 0.096109]"
547,535,3,"Grave, 5:31; 9:84; 22:7; 35:22; 60:13; 80:21; 82:4; 100:9; 102:2.","[146.0, 261.898, 1645.514, 315.671]","[0.085882, 0.096109, 0.96795, 0.115843]"
547,535,4,"Greed, 6:152; 7:85; 11:85; 17:35; 26:181.","[146.0, 315.671, 1645.514, 369.444]","[0.085882, 0.115843, 0.96795, 0.135576]"
547,535,5,"Greeting, 4:86; 10:10; 14:23; 24:27, 61; 25:75; 33:44.","[146.0, 369.444, 1645.514, 423.217]","[0.085882, 0.135576, 0.96795, 0.155309]"
547,535,6,"Grief, 2:38,62, 112, 262, 274,277; 3:139, 153, 170, 176; 5:41,69; 6:48; 7:35; 9:40,","[146.0, 423.217, 1645.514, 476.991]","[0.085882, 0.155309, 0.96795, 0.175042]"
547,535,7,"92; 10:62,65; 12:13,84, 86; 15:88; 16:127; 19:24; 20:40; 21:103; 27:70; 28:7,","[146.0, 476.991, 1645.514, 530.764]","[0.085882, 0.175042, 0.96795, 0.194776]"
547,535,8,13; 29:33; 31:23; 33:51; 35:34; 36:76; 41:30; 43:68; 46:13; 58:10.,"[146.0, 530.764, 1645.514, 584.537]","[0.085882, 0.194776, 0.96795, 0.214509]"
547,535,9,"Guardian, 4:6; 13:11; 82:10; 83:33; 86:4.","[146.0, 584.537, 1645.514, 638.31]","[0.085882, 0.214509, 0.96795, 0.234242]"
547,535,10,"of Hell, 43:77; 66:6; 74:31; 96:18.","[150.0, 633.268, 1652.491, 686.606]","[0.088235, 0.232392, 0.972053, 0.251965]"
547,535,11,"Haamaan, 28:6, 8, 38; 29:39; 40:24, 36.","[150.0, 686.606, 1652.491, 739.944]","[0.088235, 0.251965, 0.972053, 0.271539]"
547,535,12,"Hadith, false sayings attributed to Muhammad, 6:112-116; 25:30-31.","[150.0, 739.944, 1652.491, 793.282]","[0.088235, 0.271539, 0.972053, 0.291113]"
547,535,13,"Hand, 2:79, 195, 249; 3:26; 4:43, 77; 5:6, 11,28, 33, 38, 64,94; 6:7,93; 7:108, 124,","[150.0, 793.282, 1652.491, 846.62]","[0.088235, 0.291113, 0.972053, 0.310686]"
547,535,14,"195; 8:70; 9:14, 52; 11:70; 12:31,50; 17:29; 20:22,71; 23:88; 24:24,40; 26:33.","[150.0, 846.62, 1652.491, 899.958]","[0.088235, 0.310686, 0.972053, 0.33026]"
547,535,15,"49; 27:12; 28:32; 36:35, 65, 71. 83; 38:44, 75; 39:67; 48:10, 20, 24; 57:29;","[150.0, 899.958, 1652.491, 953.296]","[0.088235, 0.33026, 0.972053, 0.349833]"
547,535,16,59:2; 60:2; 67:1; 80:15; 111:1.,"[150.0, 953.296, 1652.491, 1006.634]","[0.088235, 0.349833, 0.972053, 0.369407]"
547,535,17,"Haroot and Maroot, 2:102.","[150.0, 1006.634, 1652.491, 1059.972]","[0.088235, 0.369407, 0.972053, 0.388981]"
547,535,18,"Harvest, 6:141; 12:47.","[150.0, 1059.972, 1652.491, 1113.31]","[0.088235, 0.388981, 0.972053, 0.408554]"
547,535,19,"Hate, 35:39; 40:10.","[154.0, 1110.444, 1637.515, 1163.619]","[0.090588, 0.407503, 0.963244, 0.427016]"
547,535,20,"Healing, 10:57; 16:69; 17:82; 26:80; 41:44.","[154.0, 1163.619, 1637.515, 1216.793]","[0.090588, 0.427016, 0.963244, 0.44653]"
547,535,21,"Heart, 2:74, 97, 204, 225, 260, 283; 3:103, 126, 151, 154, 159; 6:46; 7:101, 179","[154.0, 1216.793, 1637.515, 1269.967]","[0.090588, 0.44653, 0.963244, 0.466043]"
547,535,22,"8:10-12,24, 70; 9:117; 10:74; 13:28; 15:12; 16:106; 18:28; 22:32, 46; 24:37","[154.0, 1269.967, 1637.515, 1323.142]","[0.090588, 0.466043, 0.963244, 0.485557]"
547,535,23,"26:89, 149, 200; 28:10; 30:56; 33:4, 5, 10, 32, 51,53; 37:84; 39:45; 40:18, 35","[154.0, 1323.142, 1637.515, 1376.316]","[0.090588, 0.485557, 0.963244, 0.50507]"
547,535,24,"42:24; 45:23; 47:24; 48:4, 12; 50:33, 37; 57:27; 64:11; 66:4; 79:8.","[154.0, 1376.316, 1637.515, 1429.49]","[0.090588, 0.50507, 0.963244, 0.524584]"
547,535,25,"Heaven, see Eternity.","[154.0, 1429.49, 1637.515, 1482.665]","[0.090588, 0.524584, 0.963244, 0.544097]"
547,535,26,"Hebrew, 2:104; 4:46.","[154.0, 1482.665, 1637.515, 1535.839]","[0.090588, 0.544097, 0.963244, 0.563611]"
547,535,27,"Heifer, 2:67-71 (see also Cow).","[154.0, 1535.839, 1637.515, 1589.013]","[0.090588, 0.563611, 0.963244, 0.583124]"
547,535,28,"Heir, 2:180-182, 233, 240; 4:11-12, 19, 176; 19:6; 21:89; 27:16.","[154.0, 1589.013, 1637.515, 1642.188]","[0.090588, 0.583124, 0.963244, 0.602638]"
547,535,29,Hell (see Eternity).,"[154.0, 1642.188, 1637.515, 1695.362]","[0.090588, 0.602638, 0.963244, 0.622151]"
547,535,30,"Hoarding, 9:34, 35; 104:2.","[154.0, 1695.362, 1637.515, 1748.536]","[0.090588, 0.622151, 0.963244, 0.641665]"
547,535,31,"Holy, 5:21; 20:12; 59:23; 62:1; 79:16.","[154.0, 1748.536, 1637.515, 1801.711]","[0.090588, 0.641665, 0.963244, 0.661178]"
547,535,32,Honesty (see Cheat).,"[154.0, 1801.711, 1637.515, 1854.885]","[0.090588, 0.661178, 0.963244, 0.680692]"
547,535,33,"Honey, 16:69; 47:15.","[155.0, 1845.812, 1650.504, 1899.862]","[0.091176, 0.677362, 0.970885, 0.697197]"
547,535,34,Honor (see Dignity).,"[155.0, 1899.862, 1650.504, 1953.912]","[0.091176, 0.697197, 0.970885, 0.717032]"
547,535,35,"Hood, the prophet, 7:65-72; 11:50-60; 26:123-140; 46:21-26.","[155.0, 1953.912, 1650.504, 2007.962]","[0.091176, 0.717032, 0.970885, 0.736867]"
547,535,36,"Horn, 6:73; 18:83-95,99; 20:102; 23:101; 27:87; 36:51; 39:68; 50:20; 69:13; 78:18.","[155.0, 2007.962, 1650.504, 2062.011]","[0.091176, 0.736867, 0.970885, 0.756701]"
547,535,37,"Horse, 3:14; 8:60; 16:8; 59:6; 17:64.","[155.0, 2062.011, 1650.504, 2116.061]","[0.091176, 0.756701, 0.970885, 0.776536]"
547,535,38,"Hour, 6:31, 40; 7:34, 187; 10:45, 49; 12:107; 15:85; 16:61, 77; 18:21, 36; 19:75;","[155.0, 2116.061, 1650.504, 2170.111]","[0.091176, 0.776536, 0.970885, 0.796371]"
547,535,39,"20:15; 21:49; 22:1, 7, 55; 25:11; 30:12, 14, 55; 31:34; 33:63; 34:3„ 30; 40:46,","[155.0, 2170.111, 1650.504, 2224.161]","[0.091176, 0.796371, 0.970885, 0.816206]"
547,535,40,"59; 41:50; 42:17, 18; 43:61,66, 85; 45:27, 32; 46:35; 47:18; 54:1,46; 79:42.","[155.0, 2224.161, 1650.504, 2278.21]","[0.091176, 0.816206, 0.970885, 0.836041]"
547,535,41,"Hunain, battle of, 9:25-27.","[155.0, 2278.21, 1650.504, 2332.26]","[0.091176, 0.836041, 0.970885, 0.855875]"
547,535,42,"Hunger, 2:155; 16:112; 20:118; 88:7; 106:4.","[155.0, 2332.26, 1650.504, 2386.31]","[0.091176, 0.855875, 0.970885, 0.87571]"
547,535,43,"Hunt, 5:1, 2, 94, 95, 96.","[155.0, 2381.268, 1517.49, 2435.949]","[0.091176, 0.87386, 0.892641, 0.893926]"
547,535,44,"Hurricane, 13:31; 17:68; 29:40; 54:34; 67:17; 69:7.","[155.0, 2435.949, 1517.49, 2490.629]","[0.091176, 0.893926, 0.892641, 0.913992]"
547,535,45,"Husband, 2:102, 230, 232; 4:12, 20; 9:24; 13:23; 16:72; 24:6; 33:4; 40:8.","[155.0, 2490.629, 1517.49, 2545.31]","[0.091176, 0.913992, 0.892641, 0.934059]"
548,536,1,"Hygiene, 4:43: 5:6","[38.0, 155.268, 1539.516, 208.679]","[0.022353, 0.056461, 0.905598, 0.075883]"
548,536,2,"Hypocrites, 2:8-20; 3:167; 4:61, 88, 138, 140, 142, 145; 8:49; 9:64,67,68, 73, 77,","[38.0, 208.679, 1539.516, 262.089]","[0.022353, 0.075883, 0.905598, 0.095305]"
548,536,3,"98; 29:11; 33:1, 12, 24, 48, 60, 73; 48:6; 57:13; 59:11; 63:1. 7, 8; 66:9.","[38.0, 262.089, 1539.516, 315.5]","[0.022353, 0.095305, 0.905598, 0.114727]"
548,536,4,Iblees (see Satan).,"[38.0, 315.5, 1539.516, 368.911]","[0.022353, 0.114727, 0.905598, 0.134149]"
548,536,5,"Idolatry, 3:64, 151, 186; 4:36,48, 116; 5:72,82; 6:22-25, 88, 107, 148, 151; 7:173;","[38.0, 368.911, 1539.516, 422.321]","[0.022353, 0.134149, 0.905598, 0.153571]"
548,536,6,"10:28; 13:36; 16:35, 86; 18:38, 42, 110; 19:81; 22:26, 31; 29:8; 31:13, 15;","[39.0, 409.889, 1538.506, 465.293]","[0.022941, 0.149051, 0.905004, 0.169197]"
548,536,7,"36:75; 39:45, 65; 40:12, 42; 46:5; 60:12.","[39.0, 465.293, 1538.506, 520.696]","[0.022941, 0.169197, 0.905004, 0.189344]"
548,536,8,"Idris, 19:56; 21:85.","[39.0, 520.696, 1538.506, 576.1]","[0.022941, 0.189344, 0.905004, 0.209491]"
548,536,9,"Ihraam, 2:196; 5:1, 95, 96.","[39.0, 576.1, 1538.506, 631.503]","[0.022941, 0.209491, 0.905004, 0.229637]"
548,536,10,"Illiterate, 29:48.","[39.0, 631.503, 1538.506, 686.907]","[0.022941, 0.229637, 0.905004, 0.249784]"
548,536,11,"Illness, 2:184, 185, 196; 4:43, 102; 5:6; 9:91; 26:80; 73:20.","[39.0, 686.907, 1538.506, 742.31]","[0.022941, 0.249784, 0.905004, 0.269931]"
548,536,12,"Illusion, 3:185; 4:120; 6:112; 17:64; 31:33; 33:12; 35:40; 57:20.","[40.0, 732.826, 1349.521, 786.913]","[0.023529, 0.266482, 0.793836, 0.28615]"
548,536,13,"Imam, 2:124; 9:12; 11:17; 17:71; 21:73; 25:74; 28:5, 41, 32:24; 46:12.","[40.0, 786.913, 1349.521, 840.999]","[0.023529, 0.28615, 0.793836, 0.305818]"
548,536,14,Immigrant (see Emigration).,"[40.0, 840.999, 1349.521, 895.086]","[0.023529, 0.305818, 0.793836, 0.325486]"
548,536,15,"Immunity, 9:1-3.","[40.0, 895.086, 1349.521, 949.172]","[0.023529, 0.325486, 0.793836, 0.345154]"
548,536,16,"Incarnation, 5:17; 23:100.","[40.0, 949.172, 1349.521, 1003.259]","[0.023529, 0.345154, 0.793836, 0.364821]"
548,536,17,"Incest, 4:23.","[41.0, 1004.655, 1539.52, 1057.512]","[0.024118, 0.365329, 0.9056, 0.38455]"
548,536,18,"Inevitability, 56:1; 69:1; 84:6; 89:14.","[41.0, 1057.512, 1539.52, 1110.37]","[0.024118, 0.38455, 0.9056, 0.403771]"
548,536,19,Inheritance (see Estate).,"[41.0, 1110.37, 1539.52, 1163.227]","[0.024118, 0.403771, 0.9056, 0.422992]"
548,536,20,"Injury, 5:45.","[41.0, 1163.227, 1539.52, 1216.084]","[0.024118, 0.422992, 0.9056, 0.442213]"
548,536,21,"Ink, 18:109; 31:27.","[41.0, 1216.084, 1539.52, 1268.942]","[0.024118, 0.442213, 0.9056, 0.461433]"
548,536,22,"Inspiration, 3:44; 4:163; 5:1 II; 6:19, 50,93, 106, 112, 121, 145; 7:117, 160,203;","[41.0, 1268.942, 1539.52, 1321.799]","[0.024118, 0.461433, 0.9056, 0.480654]"
548,536,23,"8:12; 10:2, 15, 87, 109; 11:12, 36,49; 12:3, 15, 102, 109; 13:30; 14:13; 16:2,","[41.0, 1321.799, 1539.52, 1374.657]","[0.024118, 0.480654, 0.9056, 0.499875]"
548,536,24,"43,68, 123; 17:1,39, 73,85, 86; 18:27, 110; 20:13,38,48,77, 114; 21:7 25,","[41.0, 1374.657, 1539.52, 1427.514]","[0.024118, 0.499875, 0.9056, 0.519096]"
548,536,25,"45, 73, 108; 23:27; 26:52, 63; 28:7; 29:45; 33:2; 34:50; 35:31; 38:70; 39:65;","[41.0, 1427.514, 1539.52, 1480.371]","[0.024118, 0.519096, 0.9056, 0.538317]"
548,536,26,"40:15; 41:6, 12; 42:3. 7. 13, 51, 52; 43:43; 46:9; 53:4, 10; 58:22; 72:1; 99:5.","[41.0, 1480.371, 1539.52, 1533.229]","[0.024118, 0.538317, 0.9056, 0.557538]"
548,536,27,Insurance (see Gambling).,"[41.0, 1533.229, 1539.52, 1586.086]","[0.024118, 0.557538, 0.9056, 0.576759]"
548,536,28,"Intercourse, 2:187, 197, 222, 226; 4:129; 33:4.","[41.0, 1586.086, 1539.52, 1638.943]","[0.024118, 0.576759, 0.9056, 0.595979]"
548,536,29,"Interest, 2:275, 276, 278; 3:130; 4:161; 30:39.","[41.0, 1638.943, 1539.52, 1691.801]","[0.024118, 0.595979, 0.9056, 0.6152]"
548,536,30,"Intercession, only for the righteous, 2:48, 123, 254, 255; 6:51, 70,94; 7:53; 10:3,","[41.0, 1691.801, 1539.52, 1744.658]","[0.024118, 0.6152, 0.9056, 0.634421]"
548,536,31,"18; 19:87; 20:109; 21:28; 26:100; 30:13; 32:4; 34:23; 36:23; 39:43,44; 40:18;","[43.0, 1737.924, 1539.508, 1791.973]","[0.025294, 0.631972, 0.905593, 0.651626]"
548,536,32,43:86; 53:26; 74:48.,"[43.0, 1791.973, 1539.508, 1846.021]","[0.025294, 0.651626, 0.905593, 0.67128]"
548,536,33,"Interim, marriage and divorce. 2:228, 234: 33:49: 65:1-4","[43.0, 1846.021, 1539.508, 1900.069]","[0.025294, 0.67128, 0.905593, 0.690934]"
548,536,34,"Interpretation, 3:7; 7:53; 10:39; 12:6, 21, 36, 44, 45, 100, 101; 18:78, 82.","[43.0, 1900.069, 1539.508, 1954.117]","[0.025294, 0.690934, 0.905593, 0.710588]"
548,536,35,"Intoxicants (see Alcohol, Drunkenness).","[43.0, 1954.117, 1539.508, 2008.165]","[0.025294, 0.710588, 0.905593, 0.730242]"
548,536,36,"Investigate, 4:94; 49:6.","[43.0, 2008.165, 1539.508, 2062.214]","[0.025294, 0.730242, 0.905593, 0.749896]"
548,536,37,"Invisible, 7:27; 17:45.","[43.0, 2062.214, 1539.508, 2116.262]","[0.025294, 0.749896, 0.905593, 0.76955]"
548,536,38,"Iron, 17:50; 18:96; 22:21; 34:10; 50:22; 57:25.","[43.0, 2116.262, 1539.508, 2170.31]","[0.025294, 0.76955, 0.905593, 0.789204]"
548,536,39,"Isaac, 2:133, 136, 140; 3:84; 4:163; 6:84; 11:71; 12:6, 38; 14:39; 19:49; 21:2; 29:27;","[45.0, 2164.125, 1540.52, 2218.151]","[0.026471, 0.786954, 0.906188, 0.8066]"
548,536,40,"37:112, 113; 38:45.","[45.0, 2218.151, 1540.52, 2272.178]","[0.026471, 0.8066, 0.906188, 0.826246]"
548,536,41,"Ishmael, 2:125, 127, 133, 136, 140; 3:84; 4:163; 6:86; 14:39; 19:54; 21:84; 38:48.","[45.0, 2272.178, 1540.52, 2326.204]","[0.026471, 0.826246, 0.906188, 0.845892]"
548,536,42,"Islam, 3:19, 67, 85; 5:3; 6:125; 9:74; 12:101; 39:22; 49:17; 61:7.","[45.0, 2326.204, 1540.52, 2380.231]","[0.026471, 0.845892, 0.906188, 0.865538]"
548,536,43,"Israel, 2:40, 47, 83. 122, 211, 246; 3:49, 93; 5:12, 32, 70, 72, 78, 110; 7:105, 134,","[45.0, 2380.231, 1540.52, 2434.257]","[0.026471, 0.865538, 0.906188, 0.885184]"
548,536,44,"137, 138; 10:90,93; 17:2,4, 101, 104; 19:58; 20:47,80,94; 26:17,22,59,197;","[45.0, 2434.257, 1540.52, 2488.284]","[0.026471, 0.885184, 0.906188, 0.90483]"
548,536,45,"27:76; 32:23; 40:53; 43:59; 44:30; 45:16; 46:10; 61:6, 14.","[45.0, 2488.284, 1540.52, 2542.31]","[0.026471, 0.90483, 0.906188, 0.924476]"
549,537,1,"Jacob, 2:132, 133, 136, 140; 3:84; 5:163; 6:84; 11:71; 12:6; 12:38,68; 19:6,49,58;","[126.0, 163.924, 1627.502, 219.72]","[0.074118, 0.0602, 0.957354, 0.08069]"
549,537,2,21:72; 29:27; 38:45.,"[126.0, 219.72, 1627.502, 275.515]","[0.074118, 0.08069, 0.957354, 0.101181]"
549,537,3,"Jail, 12:25, 32, 33, 35, 36, 39, 41, 42, 100; 26:29.","[126.0, 275.515, 1627.502, 331.31]","[0.074118, 0.101181, 0.957354, 0.121671]"
549,537,4,"Jealousy, 2:90, 213; 3:19; 42:14; 45:17.","[126.0, 327.268, 1628.52, 380.445]","[0.074118, 0.120186, 0.957953, 0.139715]"
549,537,5,"Jesus, 2:87, 136, 253; 3:45, 52, 55, 59,84; 4:157, 163, 171; 5:46, 78, 110, 112, 114,","[126.0, 380.445, 1628.52, 433.622]","[0.074118, 0.139715, 0.957953, 0.159244]"
549,537,6,"116; 6:85; 19:34; 33:7; 42:13; 43:63; 57:27; 61:6, 14.","[127.0, 426.826, 1629.506, 483.196]","[0.074706, 0.156749, 0.958533, 0.17745]"
549,537,7,"Jews, 2:113, 120; 3:67; 5:18, 51, 64, 82; 9:30.","[127.0, 483.196, 1629.506, 539.566]","[0.074706, 0.17745, 0.958533, 0.198151]"
549,537,8,"Jinn, 6:100, 112, 128, 130; 7:38, 179; 15:27; 17:88; 18:50; 27:10, 17, 39; 28:31;","[127.0, 539.566, 1629.506, 595.935]","[0.074706, 0.198151, 0.958533, 0.218852]"
549,537,9,"34:12, 14, 41; 41:25, 29; 46:18, 29; 51:56; 55:15, 33, 39, 56, 74; 72:1,5, 6.","[127.0, 582.818, 1628.514, 641.538]","[0.074706, 0.214035, 0.957949, 0.2356]"
549,537,10,"Job, 4:163; 6:85; 21:83, 84; 38:41-44.","[127.0, 641.538, 1628.514, 700.259]","[0.074706, 0.2356, 0.957949, 0.257165]"
549,537,11,"John the Baptist, 3:39; 6:85; 19:7, 12; 21:90.","[128.0, 690.812, 985.51, 745.902]","[0.075294, 0.253695, 0.579712, 0.273926]"
549,537,12,"Jonah, 4:163; 6:87; 10:98; 37:140; 68:48-50.","[128.0, 745.902, 985.51, 800.991]","[0.075294, 0.273926, 0.579712, 0.294158]"
549,537,13,"Joseph, 6:84; sura 12; 40:34.","[128.0, 800.991, 985.51, 856.08]","[0.075294, 0.294158, 0.579712, 0.314389]"
549,537,14,Judgment (see Day).,"[128.0, 856.08, 985.51, 911.17]","[0.075294, 0.314389, 0.579712, 0.33462]"
549,537,15,"Jugular Vein, 50:16; 56:85.","[128.0, 911.17, 985.51, 966.259]","[0.075294, 0.33462, 0.579712, 0.354851]"
549,537,16,"Kaabah, 2:125, 127, 142-150, 158; 3:96,97; 5:2,95. 97; 8:35; 11:73; 22:26, 29,33;","[132.0, 962.125, 1631.505, 1018.622]","[0.077647, 0.353333, 0.959709, 0.374081]"
549,537,17,33:33; 52:4; 106:3.,"[134.0, 1010.812, 1632.488, 1065.689]","[0.078824, 0.371213, 0.960287, 0.391366]"
549,537,18,"Kiblah, or Giblah (see Kaabah).","[134.0, 1065.689, 1632.488, 1120.567]","[0.078824, 0.391366, 0.960287, 0.411519]"
549,537,19,"Killing. 2:178, 179; 4:29, 92; 5:32; 6:151; 17:31, 33.","[134.0, 1120.567, 1632.488, 1175.444]","[0.078824, 0.411519, 0.960287, 0.431672]"
549,537,20,"King, 2:246, 247; 5:20; 12:43, 50, 54, 72, 76; 18:79; 20:114; 23:116; 27:34; 54:55;","[134.0, 1175.444, 1632.488, 1230.321]","[0.078824, 0.431672, 0.960287, 0.451826]"
549,537,21,59:23; 62:1; 114:2.,"[134.0, 1221.812, 1138.504, 1277.174]","[0.078824, 0.448701, 0.669708, 0.469032]"
549,537,22,Koran (see Quran).,"[134.0, 1277.174, 1138.504, 1332.536]","[0.078824, 0.469032, 0.669708, 0.489363]"
549,537,23,"Kosher, 3:93; 4:160; 6:146; 16:118.","[134.0, 1332.536, 1138.504, 1387.897]","[0.078824, 0.489363, 0.669708, 0.509694]"
549,537,24,"Lamp, 24:35; 25:61; 33:46; 41:12; 67:5; 71:16; 78:13.","[134.0, 1387.897, 1138.504, 1443.259]","[0.078824, 0.509694, 0.669708, 0.530025]"
549,537,25,"Language, irrelevant to understanding Quran, 41:44.","[135.0, 1440.268, 1309.509, 1494.615]","[0.079412, 0.528927, 0.7703, 0.548886]"
549,537,26,"Lard, see footnote 6:145-146.","[135.0, 1494.615, 1309.509, 1548.963]","[0.079412, 0.548886, 0.7703, 0.568844]"
549,537,27,"Law, 2:178; 4:60, 65; 5:38, 42-50; 13:41; 24:1, 2, 4, 51; 33:36.","[135.0, 1548.963, 1309.509, 1603.31]","[0.079412, 0.568844, 0.7703, 0.588803]"
549,537,28,"Left, 7:17; 16:48; 18:17, 18; 34:15; 50:17; 56:41; 69:25; 70:37.","[135.0, 1591.812, 1481.495, 1650.219]","[0.079412, 0.58458, 0.871467, 0.60603]"
549,537,29,"Lending, 2:245, 282, 283; 5:12; 57:11, 18; 64:17; 73:20. See also Debt.","[135.0, 1650.219, 1481.495, 1708.626]","[0.079412, 0.60603, 0.871467, 0.627479]"
549,537,30,"Letter, 27:30.","[136.0, 1704.125, 1634.515, 1758.327]","[0.08, 0.625826, 0.961479, 0.645732]"
549,537,31,"Letters, alphabet (see Appendix 1).","[136.0, 1758.327, 1634.515, 1812.53]","[0.08, 0.645732, 0.961479, 0.665637]"
549,537,32,"Life, twice, 2:28; 40:11.","[136.0, 1812.53, 1634.515, 1866.733]","[0.08, 0.665637, 0.961479, 0.685543]"
549,537,33,"Light, 2:17, 257; 4:174; 5:15, 16, 44, 46; 6:1, 91, 122; 7:157; 9:32; 10:5; 13:16;","[136.0, 1866.733, 1634.515, 1920.935]","[0.08, 0.685543, 0.961479, 0.705448]"
549,537,34,"14:1,5; 24:35, 40; 25:61; 33:43,46; 35:20; 39:22,69; 42:52; 57:9, 12, 13, 19,","[137.0, 1916.125, 1635.514, 1970.158]","[0.080588, 0.703682, 0.962067, 0.723525]"
549,537,35,28; 61:8; 64:8; 65:11; 66:8; 71:16.,"[137.0, 1970.158, 1635.514, 2024.192]","[0.080588, 0.723525, 0.962067, 0.743368]"
549,537,36,"Lightning, 2:19, 20, 55; 4:153; 13:12. 13. 31; 30:24; 41:13. 17; 51:44.","[137.0, 2024.192, 1635.514, 2078.225]","[0.080588, 0.743368, 0.962067, 0.763212]"
549,537,37,Liquor (see Alcohol).,"[137.0, 2078.225, 1635.514, 2132.259]","[0.080588, 0.763212, 0.962067, 0.783055]"
549,537,38,146; 18:14.,"[138.0, 2121.812, 1635.504, 2180.675]","[0.081176, 0.779219, 0.962061, 0.800835]"
549,537,39,"Loss, 2:155; 3:186, 4:119; 6:31. 140; 7:9, 53; 10:45; 11:21, 22; 18:103; 22:11;","[138.0, 2180.675, 1635.504, 2239.537]","[0.081176, 0.800835, 0.962061, 0.822452]"
549,537,40,"23:103; 39:15; 40:78, 85; 42:45; 45:27; 57:22; 103:2.","[139.0, 2229.826, 1637.52, 2286.724]","[0.081765, 0.818886, 0.963247, 0.839781]"
549,537,41,"Lot, 6:86; 7:80; 11:70,74, 77,81,89; 15:59,61; 21:71,74; 22:43; 26:160,161,167;","[139.0, 2286.724, 1637.52, 2343.622]","[0.081765, 0.839781, 0.963247, 0.860676]"
549,537,42,"27:fi4, 56; 29:26-33: 37:133; 38:13; 50:13; 54:33, 34; 66:10.","[135.0, 2316.256, 1382.522, 2392.571]","[0.079412, 0.850626, 0.813248, 0.878653]"
549,537,43,"Love, 5^82; 16/25; 17/3; 2^6; 2^; 30:21; 4bM; 42^23; ^7.","[135.0, 2392.571, 1382.522, 2468.886]","[0.079412, 0.878653, 0.813248, 0.906679]"
549,537,44,"Luqman the prophet, 31:12, 13. /","[135.0, 2468.886, 1382.522, 2545.201]","[0.079412, 0.906679, 0.813248, 0.934705]"
549,537,45,"Lust, 3:14; 4:37; 7:81; 19:59; 27:55.","[138.0, 2494.826, 814.498, 2556.988]","[0.081176, 0.916205, 0.479117, 0.939033]"
549,537,46,«,"[1059.0, 2556.127, 1373.499, 2584.627]","[0.622941, 0.938717, 0.807941, 0.949184]"
549,537,47,C>,"[1059.0, 2584.627, 1373.499, 2613.127]","[0.622941, 0.949184, 0.807941, 0.95965]"
549,537,48,V - —,"[916.0, 2623.524, 995.75, 2661.047]","[0.538824, 0.963468, 0.585735, 0.977248]"
549,537,49,I,"[913.0, 2626.115, 923.0, 2643.094]","[0.537059, 0.96442, 0.542941, 0.970655]"
549,537,50,■*1 'j,"[1231.0, 2629.722, 1420.25, 2646.599]","[0.724118, 0.965744, 0.835441, 0.971942]"
549,537,51,1 *,"[1231.0, 2646.599, 1420.25, 2663.476]","[0.724118, 0.971942, 0.835441, 0.97814]"
549,537,52,X ',"[1231.0, 2663.476, 1420.25, 2680.352]","[0.724118, 0.97814, 0.835441, 0.984338]"
549,537,53,V,"[851.0, 2663.368, 891.75, 2706.368]","[0.500588, 0.978101, 0.524559, 0.993892]"
550,538,1,"Lying, 2:10; 3:75, 78, 94; 4:50; 5:41,42, 103; 6:21,24,93, 144; 7:37,89; 9:77,90;","[40.0, 158.924, 1539.515, 218.321]","[0.023529, 0.057854, 0.905597, 0.079476]"
550,538,2,"10:17, 60, 69; 11:18; 12:27; 16:62, 105, 116; 18:5, 15; 20:61; 23:38; 29:68;","[43.0, 209.812, 1540.532, 263.979]","[0.025294, 0.076379, 0.906195, 0.096097]"
550,538,3,"34:8; 36:15; 39:32, 60; 40:28; 42:24; 58:14; 61:7; 72:5.","[43.0, 263.979, 1540.532, 318.145]","[0.025294, 0.096097, 0.906195, 0.115815]"
550,538,4,Magic (see Black Magic).,"[43.0, 318.145, 1540.532, 372.311]","[0.025294, 0.115815, 0.906195, 0.135534]"
550,538,5,"Male, not God’s gender (see Appendix 2).","[43.0, 372.311, 1540.532, 426.478]","[0.025294, 0.135534, 0.906195, 0.155252]"
550,538,6,"Manna, 2:57; 7:160; 20:80.","[43.0, 426.478, 1540.532, 480.644]","[0.025294, 0.155252, 0.906195, 0.174971]"
550,538,7,"Mansion, 27:38; 43:34; 66:11.","[43.0, 480.644, 1540.532, 534.811]","[0.025294, 0.174971, 0.906195, 0.194689]"
550,538,8,"Marriage, 2:221,230,232,235,237; 4:3,20,22,25, 127; 5:5; 24:3,32; 28:27; 33:37,","[43.0, 534.811, 1540.532, 588.977]","[0.025294, 0.194689, 0.906195, 0.214407]"
550,538,9,53; 42:50; 60:10.,"[43.0, 588.977, 1540.532, 643.144]","[0.025294, 0.214407, 0.906195, 0.234126]"
550,538,10,"Martyr, 3:140, 169; 4:69; 57:19.","[43.0, 643.144, 1540.532, 697.31]","[0.025294, 0.234126, 0.906195, 0.253844]"
550,538,11,"Marwah, and Safaa, 2:158.","[43.0, 692.01, 1540.519, 745.857]","[0.025294, 0.251915, 0.906188, 0.271517]"
550,538,12,"Mary, 2:87, 253; 3:36, 37, 42-45; 4:156, 157, 171; 5:17, 46, 72, 75, 78, 110, 112,","[43.0, 745.857, 1540.519, 799.703]","[0.025294, 0.271517, 0.906188, 0.291119]"
550,538,13,"114, 116; 9:31; 19:16, 27, 34; 23:50; 33:7; 43:57; 57:27; 61:6, 14; 66:12.","[43.0, 799.703, 1540.519, 853.55]","[0.025294, 0.291119, 0.906188, 0.310721]"
550,538,14,"Measure, 6:152; 7:85; 11:84, 85; 12:59, 60, 63, 65, 88; 17:35; 26:181; 83:2, 3.","[43.0, 853.55, 1540.519, 907.396]","[0.025294, 0.310721, 0.906188, 0.330323]"
550,538,15,"Meat, 2:173, 259; 5:3; 6:145; 16:14, 115; 22:37; 23:14; 35:12; 49:12; 52:22; 56:21.","[43.0, 907.396, 1540.519, 961.242]","[0.025294, 0.330323, 0.906188, 0.349924]"
550,538,16,"Mecca, 2:142-150; 3:96; 48:24.","[43.0, 961.242, 1540.519, 1015.089]","[0.025294, 0.349924, 0.906188, 0.369526]"
550,538,17,"Meditation, 2:152, 198, 200, 203; 4:103; 7:205; 13:28; 18:24; 24:37; 33:21,41;","[43.0, 1015.089, 1540.519, 1068.935]","[0.025294, 0.369526, 0.906188, 0.389128]"
550,538,18,62:10; 73:8; 76:25; 87:15.,"[45.0, 1065.268, 1540.5, 1118.942]","[0.026471, 0.387793, 0.906177, 0.407332]"
550,538,19,"Menstruation, 2:222, 228; 65:4.","[45.0, 1118.942, 1540.5, 1172.616]","[0.026471, 0.407332, 0.906177, 0.426872]"
550,538,20,"Message, 3:58; 7:63,69; 12:104; 15:6,9; 16:43,44; 18:28, 101; 20:99, 124; 21:2, 7,","[45.0, 1172.616, 1540.5, 1226.291]","[0.026471, 0.426872, 0.906177, 0.446411]"
550,538,21,"41:41; 43:36, 44; 53:29; 54:25; 57:16; 65:10; 68:52; 72:17; 81:27.","[45.0, 1226.291, 1540.5, 1279.965]","[0.026471, 0.446411, 0.906177, 0.46595]"
550,538,22,"Messenger, 3:81; 16:2; 22:75; 33:40.","[45.0, 1279.965, 1540.5, 1333.639]","[0.026471, 0.46595, 0.906177, 0.485489]"
550,538,23,"Messiah, 3:45; 4:157, 171, 172; 5:17, 72, 75; 9:30, 31.","[45.0, 1333.639, 1540.5, 1387.314]","[0.026471, 0.485489, 0.906177, 0.505029]"
550,538,24,"Miracles, of Quran (see Appendix I)","[45.0, 1387.314, 1540.5, 1440.988]","[0.026471, 0.505029, 0.906177, 0.524568]"
550,538,25,"of Jesus, 3:50; 5:110, 114.","[148.0, 1430.812, 1542.512, 1486.295]","[0.087059, 0.520864, 0.90736, 0.541061]"
550,538,26,"of Moses, 2:60; 4:164; 7:103, 117, 160; 10:81; 11:96; 17:101; 20:17-20,","[148.0, 1486.295, 1542.512, 1541.777]","[0.087059, 0.541061, 0.90736, 0.561258]"
550,538,27,"69; 26:45, 63; 28:36.","[148.0, 1541.777, 1542.512, 1597.259]","[0.087059, 0.561258, 0.90736, 0.581456]"
550,538,28,"of Muhammad, 29:50-51.","[48.0, 1594.125, 1115.5, 1647.541]","[0.028235, 0.580315, 0.656176, 0.59976]"
550,538,29,"Misery, 20:124.","[48.0, 1647.541, 1115.5, 1700.957]","[0.028235, 0.59976, 0.656176, 0.619205]"
550,538,30,"Mishnah, the Jewish Hadith (see footnotes), 7:103-160.","[48.0, 1700.957, 1115.5, 1754.373]","[0.028235, 0.619205, 0.656176, 0.638651]"
550,538,31,"Modesty, 24:31; 33:59.","[48.0, 1754.373, 1115.5, 1807.79]","[0.028235, 0.638651, 0.656176, 0.658096]"
550,538,32,Mohamed (see Muhammad).,"[48.0, 1807.79, 1115.5, 1861.206]","[0.028235, 0.658096, 0.656176, 0.677541]"
550,538,33,"Monasticism, a fabrication, 57:27.","[48.0, 1861.206, 1115.5, 1914.622]","[0.028235, 0.677541, 0.656176, 0.696987]"
550,538,34,Money (see Hoarding).,"[49.0, 1906.864, 1542.515, 1960.373]","[0.028824, 0.694162, 0.907362, 0.713642]"
550,538,35,"Month, 2:185, 194, 217; 5:2, 97; 9:36; 46:15; 58:4; 65:4; 97:3.","[49.0, 1960.373, 1542.515, 2013.883]","[0.028824, 0.713642, 0.907362, 0.733121]"
550,538,36,"Monogamy, recommended, 4:3, 129.","[49.0, 2013.883, 1542.515, 2067.392]","[0.028824, 0.733121, 0.907362, 0.7526]"
550,538,37,"Moon, 6:77, 96; 7:54; 10:5; 12:4; 13:2; 14:33; 16:12; 21:33; 22:18; 25:61; 29:61;","[49.0, 2067.392, 1542.515, 2120.901]","[0.028824, 0.7526, 0.907362, 0.772079]"
550,538,38,"31:29; 35:13; 36:39, 40; 39:5; 41:37; 54:1; 55:5; 71:16; 74:32; 75:8,9; 84:18;","[49.0, 2120.901, 1542.515, 2174.411]","[0.028824, 0.772079, 0.907362, 0.791558]"
550,538,39,91:2.,"[49.0, 2174.411, 1542.515, 2227.92]","[0.028824, 0.791558, 0.907362, 0.811038]"
550,538,40,"Moses, 2:51-92, 108, 136, 246, 248; 3:84; 4:153, 164; 5:20-24; 6:84, 91, 154","[49.0, 2227.92, 1542.515, 2281.43]","[0.028824, 0.811038, 0.907362, 0.830517]"
550,538,41,"7:103-160; 10:75-88; 11:17, 96, 110; 14:5-8; 17:2, 101; 18:60-66; 19:51","[49.0, 2281.43, 1542.515, 2334.939]","[0.028824, 0.830517, 0.907362, 0.849996]"
550,538,42,"20:9-91; 21:48; 22:44; 23:45, 49; 25:35; 26:10, 43-65; 27:7-10; 28:7^8. 76","[49.0, 2334.939, 1542.515, 2388.448]","[0.028824, 0.849996, 0.907362, 0.869475]"
550,538,43,"29:39; 32:23; 33:7, 69; 37:114. 120; 40:23-37, 53; 41:45; 42:13; 43:46; 46:12,","[49.0, 2388.448, 1542.515, 2441.958]","[0.028824, 0.869475, 0.907362, 0.888954]"
550,538,44,30; 51:38; 53:36; 61:5; 79:15; 87:19.,"[49.0, 2441.958, 1542.515, 2495.467]","[0.028824, 0.888954, 0.907362, 0.908434]"
550,538,45,Moslem (see Muslim).,"[49.0, 2495.467, 1542.515, 2548.976]","[0.028824, 0.908434, 0.907362, 0.927913]"
551,539,1,"Mosque, 2:114, 144, 149, 150, 187, 191, 196,217; 5:2; 7:29, 31; 8:34; 9:7. 17-19,","[138.0, 141.975, 1632.0, 196.375]","[0.081176, 0.05212, 0.96, 0.072091]"
551,539,2,"28, 107, 108; 17:1, 7; 18:21; 21:25; 22:40; 48:25, 27.","[138.0, 196.375, 1632.0, 250.775]","[0.081176, 0.072091, 0.96, 0.092061]"
551,539,3,"do not call on anyone but God, 72:18.","[138.0, 250.775, 1632.0, 305.175]","[0.081176, 0.092061, 0.96, 0.112032]"
551,539,4,"Mosquito, 2:26.","[138.0, 305.175, 1632.0, 359.575]","[0.081176, 0.112032, 0.96, 0.132003]"
551,539,5,"Mother, 4:11, 23; 5:17, 75, 116; 7:150; 16:78; 19:28; 20:38, 40, 94; 23:50; 24:61;","[139.0, 353.975, 1631.994, 413.305]","[0.081765, 0.129947, 0.959996, 0.151727]"
551,539,6,"28:7, 13; 28:10; 31:14; 33:4; 39:6; 46:15; 53:32; 58:2; 80:35.","[140.0, 404.964, 1634.002, 459.23]","[0.082353, 0.148665, 0.961178, 0.168586]"
551,539,7,"Mountain, 7:143, 171; 13:31; 27:88; 33:72; 59:21.","[140.0, 459.23, 1634.002, 513.496]","[0.082353, 0.168586, 0.961178, 0.188508]"
551,539,8,"Muhammad, 3:144; 6:112, 18:110; 25:30, 31,33:1,21,37,40, 45, 56; 40:66; 41:6;","[140.0, 513.496, 1634.002, 567.762]","[0.082353, 0.188508, 0.961178, 0.208429]"
551,539,9,66:1; 80:1.,"[140.0, 567.762, 1634.002, 622.028]","[0.082353, 0.208429, 0.961178, 0.228351]"
551,539,10,"Murder, 2:61, 72, 85, 87, 91; 3:21, 112, 183; 4:29.92,93, 157; 5:27-32, 70; 6:140.","[140.0, 622.028, 1634.002, 676.294]","[0.082353, 0.228351, 0.961178, 0.248272]"
551,539,11,"I51;7:I27, 141, 150; 8:30; 17:31,33; 18:74; 20:40; 25:68; 26:14; 29:9, 19,20,","[140.0, 673.158, 1636.996, 726.698]","[0.082353, 0.247121, 0.962939, 0.266776]"
551,539,12,33; 29:24; 40:25-28; 60:12; 81:9.,"[140.0, 726.698, 1636.996, 780.239]","[0.082353, 0.266776, 0.962939, 0.286431]"
551,539,13,"Muslim, 2:128, 132, 133, 136:3:52,64,67, 80.84, 102; 5:111;6:163;7:126; 10:72,","[140.0, 780.239, 1636.996, 833.779]","[0.082353, 0.286431, 0.962939, 0.306086]"
551,539,14,"84, 90; 12:101; 15:2; 16:89, 102; 21:108; 22:78; 27:31, 38, 43, 81,91; 28:53:","[140.0, 833.779, 1636.996, 887.32]","[0.082353, 0.306086, 0.962939, 0.325741]"
551,539,15,29:46; 30:53; 33:35; 39:12; 41:33; 43:69; 46:15; 51:36; 66:5; 68:35; 72:14.,"[140.0, 887.32, 1636.996, 940.86]","[0.082353, 0.325741, 0.962939, 0.345397]"
551,539,16,"Neighbor, 4:36.","[140.0, 940.86, 1636.996, 994.401]","[0.082353, 0.345397, 0.962939, 0.365052]"
551,539,17,"Night, of revelation of Quran, 2:185; 17:1; 44:3; 97:1.","[140.0, 994.401, 1636.996, 1047.941]","[0.082353, 0.365052, 0.962939, 0.384707]"
551,539,18,"Nineteen. 74:30, see Appendix 1 and the book, “The Computer Speaks: God’s","[141.0, 1040.975, 1638.998, 1096.297]","[0.082941, 0.38215, 0.964116, 0.402459]"
551,539,19,Message to he World.” published by Islamic Productions.,"[141.0, 1096.297, 1638.998, 1151.619]","[0.082941, 0.402459, 0.964116, 0.422768]"
551,539,20,"Noah, 3:33; 4:163; 6:84; 7:59, 69; 9:70; 10:71; 11:25, 32-48, 89; 14:9; 17:3, 17;","[141.0, 1151.619, 1638.998, 1206.941]","[0.082941, 0.422768, 0.964116, 0.443077]"
551,539,21,"19:58; 21:76; 22:42; 23:23; 25:37; 26:106, 116; 29:14; 33:7; 37:75, 79; 38:12;","[139.0, 1204.274, 1636.005, 1257.382]","[0.081765, 0.442098, 0.962356, 0.461594]"
551,539,22,"40:5, 31; 42:13; 50:12; 51:46; 53:52; 54:9; 57:26; 66:10; 71:1. 21, 26.","[139.0, 1257.382, 1636.005, 1310.491]","[0.081765, 0.461594, 0.962356, 0.481091]"
551,539,23,"Oath. 2:224, 225; 3:77; 5:53, 89, 108; 6:109; 9:12; 16:38,91.92.94; 24:53; 35:42;","[139.0, 1310.491, 1636.005, 1363.599]","[0.081765, 0.481091, 0.962356, 0.500587]"
551,539,24,58:16; 63:2; 66:2.,"[139.0, 1363.599, 1636.005, 1416.707]","[0.081765, 0.500587, 0.962356, 0.520083]"
551,539,25,"Obedience, 2:285;3:32, 100, 132.149;4:13,34,59.69,80;5:92;6:116,121;8:1.20.","[139.0, 1416.707, 1636.005, 1469.816]","[0.081765, 0.520083, 0.962356, 0.53958]"
551,539,26,"46; 9:71; 18:28; 20:90; 24:47, 51-56; 25-52; 29:8; 31:15; 33:1. 66, 67, 71:","[139.0, 1469.816, 1636.005, 1522.924]","[0.081765, 0.53958, 0.962356, 0.559076]"
551,539,27,"43:54; 47:33; 48:16. 17; 49:7, 14; 58:13; 64:12, 16; 68:10; 96:19.","[139.0, 1522.924, 1636.005, 1576.032]","[0.081765, 0.559076, 0.962356, 0.578573]"
551,539,28,"Olive, 95:1.","[139.0, 1576.032, 1636.005, 1629.141]","[0.081765, 0.578573, 0.962356, 0.598069]"
551,539,29,"Orphan. 2:83, 177, 215. 220; 4:2, 3, 6, 8. 10. 36, 127; 6:152; 8:41; 17:34; 18:82;","[139.0, 1629.141, 1636.005, 1682.249]","[0.081765, 0.598069, 0.962356, 0.617566]"
551,539,30,59:7; 76:8; 89:17; 90:15; 93:9; 107:2.,"[144.0, 1671.973, 1636.994, 1726.254]","[0.084706, 0.613793, 0.962937, 0.63372]"
551,539,31,Palace (see Mansion).,"[144.0, 1726.254, 1636.994, 1780.536]","[0.084706, 0.63372, 0.962937, 0.653647]"
551,539,32,Paradise (see Eternity).,"[144.0, 1780.536, 1636.994, 1834.817]","[0.084706, 0.653647, 0.962937, 0.673574]"
551,539,33,"Parents, 2:83, 180,215:4:7,33,36, 135:6:151; 14:41; 17:23; 19:14; 27:19; 29:8;","[144.0, 1834.817, 1636.994, 1889.098]","[0.084706, 0.673574, 0.962937, 0.693501]"
551,539,34,31:14; 46:15; 71:28.,"[144.0, 1889.098, 1636.994, 1943.379]","[0.084706, 0.693501, 0.962937, 0.713428]"
551,539,35,"Patriarch. 2:136, 140; 3:84; 4:163; 5:12; 7:160.","[144.0, 1943.379, 1636.994, 1997.66]","[0.084706, 0.713428, 0.962937, 0.733355]"
551,539,36,Peace. 2:208; 4:90. 91. 94; 5:16; 6:127; 8:61; 10:25: 25:63; 28:55; 39:29; 43:89;,"[144.0, 1997.66, 1636.994, 2051.941]","[0.084706, 0.733355, 0.962937, 0.753282]"
551,539,37,47:35; 59:23; 97:5.,"[146.0, 2050.274, 1627.0, 2103.313]","[0.085882, 0.75267, 0.957059, 0.772141]"
551,539,38,"Pen, 31:27; 68:1; 96:4.","[146.0, 2103.313, 1627.0, 2156.352]","[0.085882, 0.772141, 0.957059, 0.791612]"
551,539,39,"Penalty, 5:89, 95.","[146.0, 2156.352, 1627.0, 2209.391]","[0.085882, 0.791612, 0.957059, 0.811083]"
551,539,40,"Persecution. 2:191, 193, 217; 8:39; 85:10.","[146.0, 2209.391, 1627.0, 2262.43]","[0.085882, 0.811083, 0.957059, 0.830555]"
551,539,41,"Pharoah, 2:49,50; 3:11; 7:103-141; 8:52-54; 10—75-90; 11:97; 14:6; 17:101, 102","[146.0, 2262.43, 1627.0, 2315.47]","[0.085882, 0.830555, 0.957059, 0.850026]"
551,539,42,"20:24, 43, 60, 78, 79; 23:46; 26:11, 16, 23, 41,44, 53; 27:12; 28:3-9, 32, 38","[146.0, 2315.47, 1627.0, 2368.509]","[0.085882, 0.850026, 0.957059, 0.869497]"
551,539,43,"29:39; 38:12; 40:24-46; 43:46, 51; 44:17, 31; 50:13; 51:38; 54:41; 66:11; 69:9","[146.0, 2368.509, 1627.0, 2421.548]","[0.085882, 0.869497, 0.957059, 0.888968]"
551,539,44,"73:15, 16; 79:17; 85:18; 89:10.","[146.0, 2421.548, 1627.0, 2474.587]","[0.085882, 0.888968, 0.957059, 0.908439]"
551,539,45,"Pilgrimage, 2:189, 196, 197; 3:97; 9:3; 22:27; 28:27.","[146.0, 2474.587, 1627.0, 2527.626]","[0.085882, 0.908439, 0.957059, 0.92791]"
552,540,1,"Plagues, 7:130-133.","[44.0, 141.786, 413.738, 194.777]","[0.025882, 0.051898, 0.243375, 0.071295]"
552,540,2,"Planets, 6:76; 12:4; 37:6; 82:2; 85:1 (see also Constellation, Star).","[45.0, 188.542, 1296.734, 243.842]","[0.026471, 0.069013, 0.762784, 0.089254]"
552,540,3,"Poets, 21:5; 26:224; 36:69; 37:36; 52:30; 69:41.","[45.0, 243.842, 1296.734, 299.143]","[0.026471, 0.089254, 0.762784, 0.109496]"
552,540,4,"Polygamy, 4:3, 129.","[45.0, 299.143, 1296.734, 354.443]","[0.026471, 0.109496, 0.762784, 0.129737]"
552,540,5,"Poor, 2:83, 177, 184, 215; 4:8. 36; 5:89,95; 8:41; 9:60; 17:26; 18:79; 24:22; 30:38;","[46.0, 349.564, 1538.732, 406.8]","[0.027059, 0.127952, 0.905137, 0.148902]"
552,540,6,59:7; 68:24; 69:34; 74:44; 89:18; 90;I6; 107:3.,"[46.0, 400.542, 1538.771, 454.608]","[0.027059, 0.146611, 0.905159, 0.166401]"
552,540,7,"Pork, 2:173; 5:3; 6:145; 16:115.","[46.0, 454.608, 1538.771, 508.673]","[0.027059, 0.166401, 0.905159, 0.186191]"
552,540,8,Prayer (see Salat).,"[46.0, 508.673, 1538.771, 562.739]","[0.027059, 0.186191, 0.905159, 0.205981]"
552,540,9,"Predestination, 57:22.","[46.0, 562.739, 1538.771, 616.804]","[0.027059, 0.205981, 0.905159, 0.22577]"
552,540,10,"Pregnancy, 2:228; 3:6; 13:8; 22:5; 31:34.","[46.0, 616.804, 1538.771, 670.87]","[0.027059, 0.22577, 0.905159, 0.24556]"
552,540,11,"Pride, 2:34; 4:172, 173; 6:93; 7:36, 40; 16:22, 23, 29; 25:21; 28:39, 74; 38:74;","[46.0, 670.87, 1538.771, 724.935]","[0.027059, 0.24556, 0.905159, 0.26535]"
552,540,12,39:59; 40:56; 41:38; 45:31; 46:20; 74:23.,"[44.0, 721.786, 1540.741, 774.889]","[0.025882, 0.264197, 0.906318, 0.283634]"
552,540,13,"Priests, 5:82; 6:138.","[44.0, 774.889, 1540.741, 827.992]","[0.025882, 0.283634, 0.906318, 0.303072]"
552,540,14,Prison (see Jail).,"[44.0, 827.992, 1540.741, 881.096]","[0.025882, 0.303072, 0.906318, 0.322509]"
552,540,15,"Privacy, 24:58, 59.","[44.0, 881.096, 1540.741, 934.199]","[0.025882, 0.322509, 0.906318, 0.341947]"
552,540,16,"Profanity, 4:148; 49:11.","[44.0, 934.199, 1540.741, 987.303]","[0.025882, 0.341947, 0.906318, 0.361385]"
552,540,17,"Promise. 2:268; 3:194; 4:95, 120; 5:9; 7:44; 9:68, 72, 114; 14:22; 16:97; 17:64;","[44.0, 987.303, 1540.741, 1040.406]","[0.025882, 0.361385, 0.906318, 0.380822]"
552,540,18,"19:61; 20:86, 124; 22:72; 24:55; 28:61; 33:22; 36:52; 40:8; 48:29; 57:10;","[44.0, 1040.406, 1540.741, 1093.51]","[0.025882, 0.380822, 0.906318, 0.40026]"
552,540,19,"65:3, 4.","[44.0, 1093.51, 1540.741, 1146.613]","[0.025882, 0.40026, 0.906318, 0.419697]"
552,540,20,Proof (see Appendix I).,"[44.0, 1146.613, 1540.741, 1199.717]","[0.025882, 0.419697, 0.906318, 0.439135]"
552,540,21,"Prophet, 3:39,68, 161; 6:112; 8:67; 9:117; 19:30,41,49,51-56; 22:52; 25:31; 33:6,","[44.0, 1199.717, 1540.741, 1252.82]","[0.025882, 0.439135, 0.906318, 0.458573]"
552,540,22,"28, 45, 56; 43:6; 49:2; 66:1 (see also Muhammad).","[44.0, 1252.82, 1540.741, 1305.924]","[0.025882, 0.458573, 0.906318, 0.47801]"
552,540,23,"Prostitution, 24:33.","[44.0, 1305.924, 1540.741, 1359.027]","[0.025882, 0.47801, 0.906318, 0.497448]"
552,540,24,"Psalms, 3:184; 4:163; 16:44; 17:55; 35:25; 54:43.","[44.0, 1359.027, 1540.741, 1412.131]","[0.025882, 0.497448, 0.906318, 0.516885]"
552,540,25,"Purgatory, 7:46-48.","[44.0, 1412.131, 1540.741, 1465.234]","[0.025882, 0.516885, 0.906318, 0.536323]"
552,540,26,"Quails, 2:57; 7:160; 20:80.","[44.0, 1465.234, 1540.741, 1518.338]","[0.025882, 0.536323, 0.906318, 0.55576]"
552,540,27,"Quake, 7:78, 91, 155; 22:1; 29:37; 73:14; 79:6; 99:1.","[44.0, 1518.338, 1540.741, 1571.441]","[0.025882, 0.55576, 0.906318, 0.575198]"
552,540,28,"Queen, of Sheba, 27:22; 34:15.","[44.0, 1571.441, 1540.741, 1624.544]","[0.025882, 0.575198, 0.906318, 0.594636]"
552,540,29,"Quran, 2:185; 4:82; 5:48, 101; 6:19, 38. 114; 7:204; 9:1 II; 10:15,37,61; 12:3;","[44.0, 1624.544, 1540.741, 1677.648]","[0.025882, 0.594636, 0.906318, 0.614073]"
552,540,30,"13:31; 15:1,87,91; 16:98; 17:9,41,45,46,60,78,82,88,89,106; !8:54;20:2,","[49.0, 1672.684, 1541.759, 1725.245]","[0.028824, 0.612256, 0.906917, 0.631495]"
552,540,31,"114; 25:30, 32; 27:1, 6, 76, 92; 28:85; 30:58; 34:31; 36:2. 69; 38:1; 39:27;","[49.0, 1725.245, 1541.759, 1777.805]","[0.028824, 0.631495, 0.906917, 0.650734]"
552,540,32,"41:3, 26, 44; 42:7; 43:3, 31; 46:29; 47:24; 50:1, 45; 54:17, 22, 32, 40; 55:2;","[49.0, 1777.805, 1541.759, 1830.365]","[0.028824, 0.650734, 0.906917, 0.669973]"
552,540,33,"56:77; 59:21; 72:1; 73:4, 20; 75:17-19; 76:23; 84:21; 85:21.","[49.0, 1830.365, 1541.759, 1882.925]","[0.028824, 0.669973, 0.906917, 0.689211]"
552,540,34,"Rabbi, 5:44, 63; 9:31, 34.","[49.0, 1882.925, 1541.759, 1935.486]","[0.028824, 0.689211, 0.906917, 0.70845]"
552,540,35,"Racism, 4:1; 49:13.","[49.0, 1935.486, 1541.759, 1988.046]","[0.028824, 0.70845, 0.906917, 0.727689]"
552,540,36,"Ramadan, 2:185.","[49.0, 1988.786, 1541.748, 2043.717]","[0.028824, 0.72796, 0.906911, 0.748066]"
552,540,37,"Rank, 2:253; 3:163; 4:95; 6:83, 132, 165; 8:4; 9;20; 12:76; 17:21; 20:75; 43:32;","[49.0, 2043.717, 1541.748, 2098.648]","[0.028824, 0.748066, 0.906911, 0.768173]"
552,540,38,46:19; 58:11.,"[50.0, 2094.786, 1542.745, 2147.899]","[0.029412, 0.766759, 0.907497, 0.7862]"
552,540,39,"Raven, 5:31; 35:27.","[50.0, 2147.899, 1542.745, 2201.013]","[0.029412, 0.7862, 0.907497, 0.805642]"
552,540,40,"Recitation, of Quran, 10:61; 18:27; 27:92; 29:45; 35:29.","[50.0, 2201.013, 1542.745, 2254.127]","[0.029412, 0.805642, 0.907497, 0.825083]"
552,540,41,Reckoning (see Judgment).,"[50.0, 2254.127, 1542.745, 2307.24]","[0.029412, 0.825083, 0.907497, 0.844524]"
552,540,42,"Reconciliation, 2:182, 224; 4:128; 49:9, 10.","[50.0, 2307.24, 1542.745, 2360.354]","[0.029412, 0.844524, 0.907497, 0.863966]"
552,540,43,"Record. 6:59; 8:68; 10:61; 11:6; 17:13,58; 18:49:20:52; 22:70; 27:75; 34:3; 35:11;","[50.0, 2360.354, 1542.745, 2413.468]","[0.029412, 0.863966, 0.907497, 0.883407]"
552,540,44,"39:69; 50:4; 57:22; 83:7, 9, 18. 20.","[51.0, 2405.565, 800.755, 2462.171]","[0.03, 0.880514, 0.471033, 0.901234]"
552,540,45,"Recorders, 82:10-12.","[51.0, 2462.171, 800.755, 2518.777]","[0.03, 0.901234, 0.471033, 0.921953]"
553,541,1,Redeem (see Repentance).,"[142.0, 144.611, 650.759, 200.468]","[0.083529, 0.053088, 0.382799, 0.073593]"
553,541,2,Refrain (see Stop).,"[143.0, 200.786, 1637.763, 253.853]","[0.084118, 0.07371, 0.96339, 0.093191]"
553,541,3,"Regret, 4:73; 6:27; 18:42; 25:27, 28; 33:66; 43:38; 69:25, 27; 78:40; 89:24.","[143.0, 253.853, 1637.763, 306.921]","[0.084118, 0.093191, 0.96339, 0.112673]"
553,541,4,"Relatives, 2:83, 177, 180; 4:7, 8. 33, 36; 5:106; 8:41; 9:113; 16:90; 17:26; 24:22;","[143.0, 306.921, 1637.763, 359.989]","[0.084118, 0.112673, 0.96339, 0.132155]"
553,541,5,26:214; 30:38; 35:18; 42:23; 59:7.,"[143.0, 359.989, 1637.763, 413.057]","[0.084118, 0.132155, 0.96339, 0.151636]"
553,541,6,"Religion. 2:256; 3:19, 83; 9:29, 33, 122; 10:105; 12:40; 22:78; 30:30, 43; 39:2. 3;","[143.0, 413.057, 1637.763, 466.125]","[0.084118, 0.151636, 0.96339, 0.171118]"
553,541,7,"40:14, 65; 42:13. 21; 48:28; 60:8; 61:9; 98;5; 107:1; 110:2.","[143.0, 456.607, 1641.735, 510.109]","[0.084118, 0.167624, 0.965727, 0.187265]"
553,541,8,"Remission, of sin, 3:193, 195; 4:31; 5:12, 65; 8:29; 29:7; 39:35; 48:5; 64:9; 65:5;","[143.0, 510.109, 1641.735, 563.611]","[0.084118, 0.187265, 0.965727, 0.206906]"
553,541,9,66:8.,"[143.0, 563.611, 1641.735, 617.113]","[0.084118, 0.206906, 0.965727, 0.226547]"
553,541,10,Remorse (see Regret).,"[143.0, 617.113, 1641.735, 670.614]","[0.084118, 0.226547, 0.965727, 0.246187]"
553,541,11,"Repentance, 4:17, 18; 9:104; 39:53; 66:8.","[143.0, 670.614, 1641.735, 724.116]","[0.084118, 0.246187, 0.965727, 0.265828]"
553,541,12,"Reproach, 2:261, 262.","[143.0, 724.116, 1641.735, 777.618]","[0.084118, 0.265828, 0.965727, 0.285469]"
553,541,13,"Resurrection, 2:56; 6:29, 36, 60; 7:14; 11:7; 15:36; 16:21,38,84.89; 17:49,79,89,","[143.0, 777.618, 1641.735, 831.12]","[0.084118, 0.285469, 0.965727, 0.30511]"
553,541,14,"98; 18:12, 19; 19:33; 22:5-7; 23:16, 37, 82, 100; 26:87; 27:65; 30:56; 31:28;","[143.0, 831.12, 1641.735, 884.621]","[0.084118, 0.30511, 0.965727, 0.324751]"
553,541,15,"36:52; 37:16, 144; 38:79- 56:47; 58:6, 18; 64:7; 72:7; 83:4.","[143.0, 884.621, 1641.735, 938.123]","[0.084118, 0.324751, 0.965727, 0.344392]"
553,541,16,"Retaliation, 2:178, 179; 17:33. .","[143.0, 938.123, 1641.735, 991.625]","[0.084118, 0.344392, 0.965727, 0.364033]"
553,541,17,Revelation (see Inspiration).,"[143.0, 991.625, 1641.735, 1045.127]","[0.084118, 0.364033, 0.965727, 0.383674]"
553,541,18,"Ridicule, 2:15, 212; 4:140; 5:57, 58; 6:5, 10; 11:8, 38; 15:11; 16:34; 18:56, 106;","[143.0, 1038.565, 1639.755, 1092.604]","[0.084118, 0.381265, 0.964562, 0.401103]"
553,541,19,"21:36, 41; 23:110; 25:41; 26:6; 30:10; 31:6; 36:30; 37:14; 38:63; 39:48, 56;","[143.0, 1092.604, 1639.755, 1146.644]","[0.084118, 0.401103, 0.964562, 0.420941]"
553,541,20,"40:83; 43:7; 45:33, 35; 46:26; 49:11.","[143.0, 1146.644, 1639.755, 1200.683]","[0.084118, 0.420941, 0.964562, 0.440779]"
553,541,21,"Rumor, do not repeat unless verified, 4:83; 24;11-17; 49:6.","[143.0, 1200.683, 1639.755, 1254.722]","[0.084118, 0.440779, 0.964562, 0.460617]"
553,541,22,"Sabbath, only for Jews, 2:65; 4:47, 154; 7:163; 16:124.","[143.0, 1254.722, 1639.755, 1308.761]","[0.084118, 0.460617, 0.964562, 0.480456]"
553,541,23,"Sacrifice, Ishmael, 37:107.","[143.0, 1308.761, 1639.755, 1362.8]","[0.084118, 0.480456, 0.964562, 0.500294]"
553,541,24,"during pilgrimage, 2:196; 5:2, 97; 48:25; 108:2.","[143.0, 1356.542, 1641.732, 1409.893]","[0.084118, 0.497996, 0.965725, 0.517582]"
553,541,25,"Saint, 4:69; 5:75; 12:46; 19:41, 56; 57:19.","[143.0, 1409.893, 1641.732, 1463.243]","[0.084118, 0.517582, 0.965725, 0.537167]"
553,541,26,"Satan, 2:34; 7:11; 15:31, 32; 17:61; 18:50; 20:116; 26:95; 34:20; 38:74, 75.","[143.0, 1463.243, 1641.732, 1516.594]","[0.084118, 0.537167, 0.965725, 0.556753]"
553,541,27,"Saul, 2:247.","[143.0, 1516.594, 1641.732, 1569.944]","[0.084118, 0.556753, 0.965725, 0.576338]"
553,541,28,Schism (see Division).,"[143.0, 1569.944, 1641.732, 1623.295]","[0.084118, 0.576338, 0.965725, 0.595923]"
553,541,29,"Scientific Miracles, 6:125; 10:5, 92; 25:61; 27:88; 71:16; 79:30.","[143.0, 1623.295, 1641.732, 1676.646]","[0.084118, 0.595923, 0.965725, 0.615509]"
553,541,30,"Secret, hidden in Quran, the numerical code, 10:20; 13:43; 25:4-6 (see","[143.0, 1676.646, 1641.732, 1729.996]","[0.084118, 0.615509, 0.965725, 0.635094]"
553,541,31,Appendix I).,"[143.0, 1729.996, 1641.732, 1783.347]","[0.084118, 0.635094, 0.965725, 0.654679]"
553,541,32,Sects (see Division).,"[143.0, 1783.347, 1641.732, 1836.697]","[0.084118, 0.654679, 0.965725, 0.674265]"
553,541,33,"Security, 2:125; 3:154; 4:83; 6:81, 82; 24:55.","[143.0, 1836.697, 1641.732, 1890.048]","[0.084118, 0.674265, 0.965725, 0.69385]"
553,541,34,"Siblings, 4:11, 12, 23, 176.","[143.0, 1890.048, 1641.732, 1943.398]","[0.084118, 0.69385, 0.965725, 0.713435]"
553,541,35,Sickness (see Illness).,"[143.0, 1943.398, 1641.732, 1996.749]","[0.084118, 0.713435, 0.965725, 0.733021]"
553,541,36,Sister (see Siblings).,"[143.0, 1996.749, 1641.732, 2050.099]","[0.084118, 0.733021, 0.965725, 0.752606]"
553,541,37,"Skin, 4:56; 16:80; 22:20; 39:23; 41:20, 21, 22.","[143.0, 2050.099, 1641.732, 2103.45]","[0.084118, 0.752606, 0.965725, 0.772192]"
553,541,38,Slander (see Rumor).,"[143.0, 2103.45, 1641.732, 2156.8]","[0.084118, 0.772192, 0.965725, 0.791777]"
553,541,39,"Slaughter, 5:4; 6:118, 119; 22:26.","[145.0, 2148.565, 1613.766, 2202.691]","[0.085294, 0.788754, 0.949274, 0.808624]"
553,541,40,"Slavery, abolished (see Abolition).","[145.0, 2202.691, 1613.766, 2256.816]","[0.085294, 0.808624, 0.949274, 0.828493]"
553,541,41,"Sleepers, of Ephesus, 18:9-25.","[145.0, 2256.816, 1613.766, 2310.941]","[0.085294, 0.828493, 0.949274, 0.848363]"
553,541,42,"Smoke, 41:11; 44:10.","[145.0, 2310.941, 1613.766, 2365.067]","[0.085294, 0.848363, 0.949274, 0.868233]"
553,541,43,Sodom (see Lot).,"[145.0, 2365.067, 1613.766, 2419.192]","[0.085294, 0.868233, 0.949274, 0.888103]"
553,541,44,"Solomon, 2:102; 4:163; 6:84; 21:78-81; 27:15-18, 30, 36, 44; 34:12; 38:30, 34.","[145.0, 2419.192, 1613.766, 2473.317]","[0.085294, 0.888103, 0.949274, 0.907973]"
553,541,45,"Son, 4:11; 5:27; 11:42; 21:91; 31:13.","[145.0, 2473.317, 1613.766, 2527.443]","[0.085294, 0.907973, 0.949274, 0.927842]"
554,542,1,"Sonship, of Jesus, 2:1 16; 4:171; 6:101; 10:68; 18:4; 19:35, 88-92; 21:26; 23:91;","[80.0, 143.607, 1582.755, 206.057]","[0.047059, 0.052278, 0.931032, 0.075012]"
554,542,2,25:2; 43:81; 112:3.,"[80.0, 197.565, 537.755, 253.846]","[0.047059, 0.07192, 0.316327, 0.092408]"
554,542,3,"Spider, ch. 29.","[80.0, 253.846, 537.755, 310.127]","[0.047059, 0.092408, 0.316327, 0.112896]"
554,542,4,"Spouse. 2:102, 228-240; 3:15; 4:3, II, 12, 20. 23; 9:24; 13:23. 38; 16:72; 30:21;","[81.0, 301.607, 1582.748, 364.057]","[0.047647, 0.109795, 0.931028, 0.132529]"
554,542,5,33:37; 35:11; 39:6; 42:11; 43:70; 58:1.,"[81.0, 359.684, 899.758, 413.723]","[0.047647, 0.130937, 0.52927, 0.150609]"
554,542,6,Squander 4:6.,"[81.0, 413.723, 899.758, 467.762]","[0.047647, 0.150609, 0.52927, 0.170281]"
554,542,7,Stealing (see Law).,"[81.0, 467.762, 899.758, 521.8]","[0.047647, 0.170281, 0.52927, 0.189953]"
554,542,8,"Suicide, 4:29; 6:151; 17:33.","[82.0, 514.565, 1582.73, 568.608]","[0.048235, 0.187319, 0.931017, 0.206992]"
554,542,9,"Sun, 2:258; 6:78, 96; 7:54; 10:5; 12:4; 13:2; 14:33; 16:12; 17:78; 18:17, 86,90;","[82.0, 568.608, 1582.73, 622.65]","[0.048235, 0.206992, 0.931017, 0.226665]"
554,542,10,"20:130; 21:33; 22:18; 25:45; 27:34; 29:61; 31:29; 35:13; 36:38, 40; 39:5;","[82.0, 622.65, 1582.73, 676.692]","[0.048235, 0.226665, 0.931017, 0.246339]"
554,542,11,41:37; 50:39; 55:5; 71:16; 75:9; 76:13; 81:1; 91:1.,"[82.0, 676.692, 1582.73, 730.734]","[0.048235, 0.246339, 0.931017, 0.266012]"
554,542,12,"Supersede, 5:48.","[82.0, 730.734, 1582.73, 784.777]","[0.048235, 0.266012, 0.931017, 0.285685]"
554,542,13,"Surety, 2:283.","[82.0, 785.919, 546.753, 838.663]","[0.048235, 0.286101, 0.32162, 0.305301]"
554,542,14,"Surrender, 47:35.","[82.0, 838.663, 546.753, 891.407]","[0.048235, 0.305301, 0.32162, 0.324502]"
554,542,15,"Suspicion, sinful, 49:12.","[82.0, 891.407, 546.753, 944.151]","[0.048235, 0.324502, 0.32162, 0.343703]"
554,542,16,"Swear, 4:148; 17:53.","[82.0, 944.151, 546.753, 996.895]","[0.048235, 0.343703, 0.32162, 0.362903]"
554,542,17,"Syngogue, 22:40.","[82.0, 996.895, 546.753, 1049.639]","[0.048235, 0.362903, 0.32162, 0.382104]"
554,542,18,"Teacher, 18:17, 66.","[82.0, 1049.639, 546.753, 1102.383]","[0.048235, 0.382104, 0.32162, 0.401304]"
554,542,19,"Temple, 22:40.","[82.0, 1102.383, 546.753, 1155.127]","[0.048235, 0.401304, 0.32162, 0.420505]"
554,542,20,"Temporary, 2:36; 3:14, 185, 197; 4:77; 7:24; 10:70; 17:117; 28:60; 40:39; 42:36;","[83.0, 1147.607, 1580.766, 1203.447]","[0.048824, 0.417768, 0.929862, 0.438095]"
554,542,21,43:35; 57:20.,"[83.0, 1203.447, 1580.766, 1259.286]","[0.048824, 0.438095, 0.929862, 0.458422]"
554,542,22,"Temptation, 2:36; 3:155; 4:60, 120; 5:90. 91; 7:20, 27, 200. 201; 8:11,48; 14:22;","[83.0, 1259.286, 1580.766, 1315.125]","[0.048824, 0.458422, 0.929862, 0.47875]"
554,542,23,16:63; 17:64; 20:120; 41:36; 47:25; 59:16.,"[84.0, 1307.565, 968.75, 1363.306]","[0.049412, 0.475998, 0.569853, 0.496289]"
554,542,24,Test. 67:2.,"[84.0, 1363.306, 968.75, 1419.046]","[0.049412, 0.496289, 0.569853, 0.51658]"
554,542,25,"Throne, 7:54; 9:129; 10:3; 11:7; 13:2; 17:42; 20:5; 21:22; 23:86, 116; 25:59; 27:23,","[85.0, 1415.564, 1581.756, 1469.591]","[0.05, 0.515313, 0.930445, 0.53498]"
554,542,26,26; 32:4; 39:75; 40:7; 43:82; 57:4; 69:17; 81:20; 85:15.,"[85.0, 1469.591, 1581.756, 1523.618]","[0.05, 0.53498, 0.930445, 0.554648]"
554,542,27,"Thunder, 13:13.","[85.0, 1523.618, 1581.756, 1577.644]","[0.05, 0.554648, 0.930445, 0.574315]"
554,542,28,"Torah, 3:3, 48, 50, 65, 93; 5:43, 44, 46, 66, 68, 110; 7:157; 9:111; 48:29; 61:6; 62:5.","[85.0, 1577.644, 1581.756, 1631.671]","[0.05, 0.574315, 0.930445, 0.593983]"
554,542,29,"Travel, 2:184, 185, 283; 4:43; 5:6; 9:42; 18:62; 34:19.","[85.0, 1631.671, 1581.756, 1685.697]","[0.05, 0.593983, 0.930445, 0.61365]"
554,542,30,"Treasure, 11:12; 18:82; 25:8; 26:58; 28:76.","[85.0, 1685.697, 1581.756, 1739.724]","[0.05, 0.61365, 0.930445, 0.633318]"
554,542,31,"Treaty, 4:90, 92; 8:72.","[85.0, 1739.724, 1581.756, 1793.75]","[0.05, 0.633318, 0.930445, 0.652985]"
554,542,32,"Trinity, 4:171; 5:73.","[85.0, 1793.75, 1581.756, 1847.777]","[0.05, 0.652985, 0.930445, 0.672653]"
554,542,33,"Uncle, 4:23; 24:61; 33:50.","[90.0, 1847.684, 574.75, 1902.127]","[0.052941, 0.672619, 0.338088, 0.692438]"
554,542,34,"Unity, 3:103, 105; 6:159; 8:46; 30:32; 42:13.","[89.0, 1894.565, 921.768, 1948.93]","[0.052353, 0.689685, 0.542216, 0.709476]"
554,542,35,Usury (see Interest).,"[89.0, 1948.93, 921.768, 2003.295]","[0.052353, 0.709476, 0.542216, 0.729266]"
554,542,36,"Veil, 6:25; 17:46; 18:57; 24:31; 41:5.","[89.0, 2003.295, 921.768, 2057.659]","[0.052353, 0.729266, 0.542216, 0.749057]"
554,542,37,"Vicegerent, 2:30; 38:26.","[89.0, 2057.659, 921.768, 2112.024]","[0.052353, 0.749057, 0.542216, 0.768847]"
554,542,38,"Videotape, 17:13; 36:65.","[89.0, 2112.024, 921.768, 2166.388]","[0.052353, 0.768847, 0.542216, 0.788638]"
554,542,39,"Vision, 12:43; 17:60; 37:106; 48:27.","[89.0, 2166.388, 921.768, 2220.753]","[0.052353, 0.788638, 0.542216, 0.808428]"
554,542,40,9,"[90.0, 2216.684, 804.762, 2261.413]","[0.052941, 0.806947, 0.473389, 0.82323]"
554,542,41,"Wandering, Jews, 5:26.","[90.0, 2261.413, 804.762, 2306.142]","[0.052941, 0.82323, 0.473389, 0.839513]"
554,542,42,"War, 2:190-194; 8:161.","[90.0, 2306.142, 804.762, 2350.871]","[0.052941, 0.839513, 0.473389, 0.855796]"
554,542,43,"Whipping, 24:2, 4.","[90.0, 2350.871, 804.762, 2395.6]","[0.052941, 0.855796, 0.473389, 0.872079]"
554,542,44,"Widow, 2:234, 240.","[90.0, 2395.6, 804.762, 2440.329]","[0.052941, 0.872079, 0.473389, 0.888361]"
554,542,45,"Will. 2:180, 240; 4:11, 12. 176; 5:106.","[90.0, 2440.329, 804.762, 2485.057]","[0.052941, 0.888361, 0.473389, 0.904644]"
554,542,46,Wine (see Alcohol).,"[91.0, 2481.684, 472.751, 2536.127]","[0.053529, 0.903416, 0.278089, 0.923235]"
555,543,1,Witchcraft (see Black Magic).,"[127.0, 159.542, 704.745, 213.261]","[0.074706, 0.058483, 0.414556, 0.078175]"
555,543,2,"Word, Jesus, 3:45; 4:171.","[127.0, 213.261, 704.745, 266.979]","[0.074706, 0.078175, 0.414556, 0.097866]"
555,543,3,"Worship, 15:99.","[127.0, 266.979, 704.745, 320.698]","[0.074706, 0.097866, 0.414556, 0.117558]"
555,543,4,"Year, 9:36.","[127.0, 320.698, 704.745, 374.417]","[0.074706, 0.117558, 0.414556, 0.13725]"
556,544,1,"This is the ONLY scripture in existence,","[53.0, 138.5, 1505.746, 221.657]","[0.031176, 0.050714, 0.885733, 0.081163]"
556,544,2,"with a built-in physical, examinable, and","[53.0, 221.657, 1505.746, 304.813]","[0.031176, 0.081163, 0.885733, 0.111612]"
556,544,3,indisputable proof that it is God’s message,"[53.0, 304.813, 1505.746, 387.97]","[0.031176, 0.111612, 0.885733, 0.142061]"
556,544,4,to the world.,"[53.0, 387.97, 1505.746, 471.126]","[0.031176, 0.142061, 0.885733, 0.172511]"
556,544,5,First authorized English version of Quran,"[56.0, 711.446, 1504.729, 794.533]","[0.032941, 0.260508, 0.885135, 0.290931]"
556,544,6,(see footnote 1:1).,"[56.0, 794.533, 1504.729, 877.619]","[0.032941, 0.290931, 0.885135, 0.321355]"
556,544,7,First English rendering by a Muslim whose,"[58.0, 1121.42, 1504.74, 1201.653]","[0.034118, 0.410626, 0.885141, 0.440005]"
556,544,8,mother tongue is Arabic.,"[58.0, 1201.653, 1504.74, 1281.886]","[0.034118, 0.440005, 0.885141, 0.469383]"
556,544,9,First scriptural writing since Muhammad to,"[58.0, 1525.501, 1507.772, 1604.18]","[0.034118, 0.558587, 0.886925, 0.587397]"
556,544,10,"purge out all the superstitions, traditions,","[58.0, 1604.18, 1507.772, 1682.859]","[0.034118, 0.587397, 0.886925, 0.616206]"
556,544,11,"customs, and idol worship and restores","[58.0, 1682.859, 1507.772, 1761.538]","[0.034118, 0.616206, 0.886925, 0.645016]"
556,544,12,Quran and Islam to their original pristine,"[58.0, 1761.538, 1507.772, 1840.217]","[0.034118, 0.645016, 0.886925, 0.673825]"
556,544,13,purity.,"[58.0, 1840.217, 1507.772, 1918.896]","[0.034118, 0.673825, 0.886925, 0.702635]"
556,544,14,Never before was the Quran so clearly,"[61.0, 2146.591, 1509.751, 2237.359]","[0.035882, 0.786009, 0.888089, 0.819245]"
556,544,15,presented to the world.,"[61.0, 2237.359, 1509.751, 2328.126]","[0.035882, 0.819245, 0.888089, 0.852481]"
