verse_id,text
1:1,"This opening statement of Quran is the foundation upon which a miraculous numerical code is built. This code, which remained a divinely guarded secret for 1400 years, presents to the world the first physical, touchable, and utterly indisputable proof that this Quran is a divine scripture. The Quran’s miraculous numerical code is so intricate that it leaves no doubt that the Quran is the word of God, and that it has been perfectly protected from the slightest distortion, addition, or loss. Yet it is so simple that any person can fully appreciate its significance. There is no greater acknowledgement than God’s own description of this Quranic code as “one of the greatest miracles” (74:35). It was the will of the Almighty to bless this very translation with the exclusive discovery of this profound miracle, as a clear sign of divine approval and authorization.

The opening statement (verse 1 of sura 1) consists of 19 Arabic letters, and this is the number upon which the Quran’s numerical code is based (see Appendix 1 for details). Every word in the opening statement is mentioned throughout the Quran a number of times which is consistently a multiple of 19. Thus, the first word (Ism=name) is found in the Quran exactly 19 times; the second word (Allah=God) is mentioned 2,698 times (19x142); the third word (Al-Rahman=most gracious) is mentioned 57 times (19x3); and the last word (Al-Raheem=most merciful) is mentioned 114 times (19x6). The reader, therefore, is handed at the outset physical proof that Quran is God’s message to humanity. Of the millions of books in existence, how many will exhibit this elaborate phenomenon; that the opening statement consists of an “X” number of letters, and every word in the statement is mentioned throughout the book a multiple of “X”? Although this unique phenomenon is a minute portion of the Quran’s numerical miracle, the renowned journal “SCIENTIFIC AMERICAN” described it as “an ingenious study of Quran.” (September 1980, pp 22-24)."
2:1,"The meaning or significance of these Quranic initials remained unknown for 1400 years, since the revelation of Quran. Now we recognize them as a part of the Quran’s numerical miracle. These letters, as it turned out, provide the proof that this scripture is the infallible word of God (see Appendix 1)."
2:3,"Such as God, the hereafter, the angels, the jinns, and satan."
2:3,"The word “**salat**” designates a specific set of actions, including bowing, prostrating, and reciting specific words. The **salat** prayers must be observed at five specific times each day. The word “prayer” alone is not sufficient to describe this important religious duty."
2:20,“He” does not imply gender in the Arabic language. God Almighty is neither male nor female. Is this why Arabic was chosen for the final scripture? See Appendix 3.
2:29,"Our immediate universe includes 100 billion galaxies and a billion trillion stars, at distances of millions of light years. All this incredible vastness is only part of the lowest and smallest “heaven.” Six more larger heavens surround our innermost, small heaven, and all seven heavens are within God’s “right hand.” (see Appendix 5, and 39:67). Yet some people are ignorant enough to idolize such minute and powerless mortals as Jesus, Muhammad, and various saints."
2:30,What is the purpose behind our creation? Why are we here? See Appendix 6.
2:33,See Appendix 6 for the details of satan’s fall from angelhood.
2:39,"God speaks frequently in the plural. This invariably indicates participation of the angels, and God’s will to give them credit for their participation. For example, God’s revelations to us were brought down by the angel Gabriel, hence the statement “our revelations.” On the other hand, God speaks in the singular where the action is exclusively His, such as worship (see 20:14, 21:25, 21:92, 29:56, and 36:61). When God spoke to Moses (20:12-14) without the mediation of any angels, we find that God speaks in the singular.

2:40-123. Why are the children of Israel so frequently mentioned throughout the Quran? See footnote 4:153 for the parallel between the followers of Moses and the followers of Muhammad."
2:43,"Just as the **salat** prayers are a specific set of practices, the **zakat** charity is a specific proportion of one’s properties to be given to the needy on regular basis. In Islam, **zakat**, is 2% of one’s capital possessions annually."
2:48,"The myth of “intercession” is prevalent in both Christianity and Islam. The Christians claim that Jesus will intercede on their behalf, and the Muslims claim that Muhammad will intercede on their behalf. The divine truth, as shown throughout the Quran, is that neither Jesus nor Muhammad, nor anyone else, will possess the power of intercession. See Appendix 7 for details.

2:67-74. See the Bible’s book of Numbers, Chapter 19."
2:99,"Like all previous scriptures, the Quran addresses all the people in the second person singular, as though all the people were one man. Thus, when God says, “We have revealed to you this Quran,” the word “you” here refers to all the people. See for example 18:27-28. Certain verses are specifically addressed to the prophet to serve as examples and lessons for the rest of us, or to address a specific incident."
2:104,The word Ra’ina sounds like a dirty word in one of the old languages.
2:121,"See the Biblical teachings on the inside front cover, and Appendix 19."
2:128,"Many Muslims entertain the erroneous idea that Muhammad was the source of religious practices in Islam, namely, **salat**, **zakat**, fasting, and **hajj** pilgrimage. However, the Quran teaches us that all religious duties were revealed to us through Abraham. See also 2:183, 2:187, 16:123, 21:73, 22:27, 22:78, and Appendix 8."
2:135,"Those who idolize the prophet Muhammad against his will try to promote the idea that he is the source of all religious guidance in Islam. The Quranic truth teaches us that God Almighty is the source, and that all religious practices in Islam came to us generation after generation through Abraham, not Muhammad. See 2:128."
2:142,This is another proof that the **salat** prayers were practiced before Muhammad.
2:143,"The Arabs were fanatically prejudiced towards the Ka’ba in Mecca, and when the **Qiblah** was changed towards Jerusalem, many people who had followed Muhammad were overcome with prejudice and reverted to idolatry. The Muslims, however, learned to overcome their traditional bigotry and prejudice, and submitted to the will of God. After the first Muslims learned to abolish bigotry and fanaticism, the Ka’ba was restored as the eternal direction of **Qiblah**."
2:146,"Both the Old testament and the New testament clearly predict the coming of the “final paraclete” to “show you all truth.” See the inside cover of this book, and Appendix 19 entitled, “The Bible’s Preview of Muhammad.”"
2:154,See footnote 3:170.
2:157,Compare the Arabic text of this verse with 33:43 and 33:56.
2:169,"Therefore, it must be satan’s work that led many people to invent long lists of prohibitions, then attribute them to God and/or His messenger. The Quran consistently lists four specific dietary prohibitions (see 2:173, 6:145, 16:115). Furthermore, the Quran teaches that those who worship God alone follow the laws decreed by God alone. Specifically, those who follow dietary regulations dictated by other than the Quran are called “idol-worshipers.” See 6:121."
2:173,"Before sacrificing an animal, we must take permission from the creator.

2:183-187. Like all religious practices in Islam, fasting was decreed through Abraham (see 2:128, 3:68, 16:123, 21:73, 22:27, 22:78, and Appendix 8). The injunction prohibiting intercourse throughout the month of fasting is revised here to allow intercourse during the nights of fasting."
2:186,"This verse refers especially to the “night of power,” (see sura 97)."
2:189,"The Arabic proverb says, “Do not enter the homes from the back door.” The equivalent English proverb is used here."
2:196,"Originally decreed through Abraham, like all religious practices in Islam (See 22:27)."
2:221,"Pagans include those who are not Jewish, Christian, or Muslim (see 5:5). Jews, Christians, and Muslims share the common belief in God, the hereafter, the angels, satan, heaven, and hell, and all suffer from various distortions (see 4:153)."
2:239,"The original teachings of **salat** were revealed to Abraham, then transmitted to us generation after generation (see 2:128, 16:123, 21:73, and 22:78)."
2:249,"See the Bible’s book of Judges, 7:5-8.

2:254-255. The Christians claim that Jesus will possess the power to intercede at God on the day of judgment, and the Muslims claim that Muhammad will have such power. Our creator, however, teaches us in the Quran that there will be no intercession on the day of judgment, unless such intercession happens to agree with God’s decision (see also 2:48, 2:123, 6:51, 6:70, 19:87, 20:109, 21:28, 39:44 and Appendix 7)."
2:259,"The period between death and resurrection will seem like one night of sleep, complete with dreams. In fact, most people never realize that they had died. See 6:60, 18:19, and Appendix 14."
2:260,"Those with disease in their hearts (see 74:31) claim that their faith is so strong that they do not need the Quran’s miraculous numerical code to augment their faith (See Appendices 1 & 2). But here is Abraham, God’s beloved messenger, requesting a sign to reassure his heart. Abraham is a good example (Uswah Hasanah) for all of us, as stated in 60:4 and 60:6."
2:272,"The sole mission of the prophet was to deliver the Quran, the whole Quran, and nothing but the Quran. He could not guide his most beloved uncle; the majority of his nine uncles were disbelievers, and one of them is condemned in Quran. Similarly, no saint can ever guide you; God is the one who guides you. We do not owe anyone anything for guiding us; we owe everything to our creator, God almighty."
2:275,"Usury is any “fixed” percentage of earnings in return for deposited or loaned money. Earnings that fluctuate with investment profits and losses do not constitute usury. It should be noted that the Quran condemns only those who “take” usury (see 3:130 and 4:161), while those who are forced by circumstance to “pay” usury are considered victims, rather than sinners (see 2:280)."
3:1,"See footnote 2:1 and Apendix 1 for the miraculous significance of these Quranic initials. After 1400 years, the mystery of these letters is now unveiled."
3:7,"Things beyond our imagination and comprehension, such as heaven and hell, are presented in allegorical terms. See Appendix 4."
3:13,See also 8:44.
3:19,"All God's messengers delivered one and the same message, namely, submission to the one God. Thus, the first commandment in the Bible's Old Testament, the New Testament, as well as the Quran, is ""You shall not worship except the one God."" See Deuteronomy 6:4, Mark 12:29, and the Quran 21:92."
3:24,"Relying on wishful thinking, Satan succeeded in convincing multitudes of people that hell is not eternal. Many Muslims are conned into believing that the mere utterance of ""**La Ilaha Illa Allah** = There is no god except God"" will assure them heaven. The Quran states clearly that heaven and hell are eternal, and that the assignment to either place is irreversible (see 2:81-82, 2:167, and Appendix 10)."
3:31,"To follow and obey the prophet is to uphold the Quran, the whole Quran, and nothing but the Quran (see 6:112-116, and Appendix 11)."
3:51,"See Deuteronomy 6:4, and the Gospel of Mark 12:29-33."
3:64,"This is ""the First Commandment"" of the Old Testament, the New Testament, and the Quran (see footnote 3:19). It should be noted that this is a ""negative"" commandment (You shall NOT worship except God), since people can worship God, and still go to hell (see 11:2, 11:26, 23:84-90, 29:61-63, 41:14, and 46:21).

3:65-68. Many people are under the erroneous impression that Muhammad is the founder of Islam. The Quran, however, teaches that Abraham is the founder, and that all religious practices, i.e., **salat**, **zakat**, fasting, and **hajj** pilgrimage, were revealed through Abraham, then transmitted to us generation after generation. See also 2:135, 2:183, 3:95, 16:123, 21:73, 22:27, and 22:78."
3:81,"This was part of the ""pre-creation"" pact that God made with all the people (see 7:172). Note the distinction between a ""prophet"" and a ""messenger;"" the prophet is one who was given a scripture, while the messenger merely confirms and preaches existing scriptures. Since Quran is the last scripture, Muhammad is the last prophet."
3:94,"Many Muslims have fallen into Satan's trap, and invented a long list of unauthorized prohibitions, based on the great blasphemy known as ""**hadith**"" and/or ""**sunna**."" See 2:173, 5:87, 6:112-116, 6:145, 16:115, 16:116, and Appendix 13."
3:96,"There is no doubt that the word ""Becca"" refers to the famous Arabian city ""Mecca."" Although the Quran was revealed through a Meccan man, and all the people around him knew the city as ""Mecca,"" the mandatory Quranic spelling came down as ""Becca."" This deliberate and profound alteration, as it turned out, serves to prove the divine source of Quran, and that every word, indeed every letter, in the Quran has been divinely designed and divinely preserved. The reader will note that this sura is initialed with the letters ""A.L.M."" (verse 1). Therefore, the count of the letter ""M"" in this sura must conform to the Quran's secret numerical code (see Appendix 1). Had the word ""Becca"" been written down as ""Mecca"", the frequency of occurrence of the letter ""M"" would have increased by 1, the total will no longer be divisible by 19, and the Quran's secret numerical code would have simply disappeared."
3:97,"Abraham's footprints were miraculously imprinted on a rock, and can be viewed by all visitors of the Sacred Mosque in Mecca."
3:111,"Historically, for as long as the Muslims upheld the Quran, and nothing but the Quran, they were victorious. When they turned to the invented sources of jurisprudence, such as ""**Hadith**"" and ""**Sunna**,"" they lost their scientific, social, and military leadership. Compare the history of the first 250 years of Islam, with the Arab-Israeli wars."
3:170,"The period between death and resurrection passes on each one of us like one night of sleep (see 2:259 & Appendix 14). Since the martyrs occupy a special position in the hereafter, we should not think of them as dead. As pointed out in all the scriptures, the righteous attain eternal life (see Psalm 37:29, Matthew 22:32, Luke 10:25, and John 17:3)."
4:3,"This is the only mention of polygamy in Quran, and it has to do with giving orphans a home with two parents. Due to ignorance, misunderstanding, and the invention of ""**Hadith**,"" many Muslims are under the false impression that Islam limits polygamy to four wives. The fact is that the Quran, while recommending only one wife, does not place any limit on polygamy (see 4:3, 129). Ironically, those who claim that Islam, and specifically ""**Hadith**,"" limits polygamy to four, seem to forget that the prophet left nine wives when he died.

4:11 (\*). Generally, the man supports a family, while the woman is being supported by a husband; hence, the designation of a double share for the male.

4:11 (\*\*). One may wish to bequeath a share of his or her estate to needy person(s) or a favorite charity. These donations should be set aside before dividing the estate according to God's law."
4:15,"A woman who can be witnessed by four persons, at four different occasions or at the same occasion, is obviously a corrupting influence on the society, and should be isolated. If she sincerely repents, and God knows our innermost thoughts, then God will create the circumstances that ensure her release from isolation, as stated in 4:16. The punishment for adultery is spelled out in 24:1-2."
4:24,See 60:10.
4:25,"Obviously, the punishment for a married woman who commits adultery could not possibly be death, as claimed by the inventors of ""**Hadith**"" and/or ""**Sunna**."" Otherwise, what is half of the death penalty? See 24:1-2."
4:34,"This is in fact a Quranic admonition to enjoin the men from beating their wives. In many regions, wife beating is almost a way of life. This verse prohibits wife beating by ordering the men to enlighten the wife first, then using some negative incentives."
4:46,"Apparently, the word ""**Raa'ina**"" sounded like a dirty word in the Hebrew language, and some Hebrew speakers abused this relationship.

4:48-51. The half-educated who know only part of the Quran, or part of the previous scriptures, are not aware that the Quran clearly states that it is complete, perfect, and shall be the sole source of jurisprudence (5:48-51, 6:38, 6:112-116, 17:73-75). Consequently, they blasphemed against God and the prophet by inventing ""**Hadith**"" and ""**Sunna**"" then claimed that these Satanic inventions were divine revelations! Futhermore, they used such inventions to abrogate God's law, and substitute their own traditions (see 24:1-2).

4:56-57. See also 2:26, and Appendix 4."
4:59,"The messenger and those in charge shall be obeyed, because they uphold and apply the Quran, the whole Quran, and nothing but the Quran."
4:64,"See Deuteronomy 18:18-19, John 5-24, 8:42, and 13:49."
4:69,"Those who idolize the messengers refuse to believe this Quranic statement. They cannot believe that any human being possesses the God-given capability to be equal to, or even better than, any of God's messengers and prophets. They have to be freed from slavery to their idols, and from Satan's influence, before submitting and believing the word of God. By simply obeying God, and upholding His message, anyone of us will be with the prophets, the saints, the martyrs, and the righteous. See 18:65-78."
4:80,"Throughout the Bible and the Quran, we are told that the messengers ""do not speak on their own."" Thus, when we uphold the message given to us through the messengers (Moses, Jesus, David, Muhammad), we will be upholding the word of God. Muhammad is fully represented by Quran, the whole Quran, and nothing but the Quran."
4:88,"God is fully aware of our innermost intentions, and anyone who harbors disbelief while professing belief is known to God. Such hypocrites are consequently blocked out, and deliberately misguided by God. Even though they look like believers to us, we should not feel sorry for them when all signs point at them as hypocrites, and consequences of their hypocrisy are manifested. God, therefore, guides or misguides, depending on our innermost beliefs. See Appendix 12."
4:103,"The five times of **salat** prayers per day, as well as the specific method of carrying out **salat** were revealed to Abraham, then transmitted to us generation after generation (2:128, 3:67-68, 16:123, 21:73, and 22:78). The Quran instructs us to uphold such revelations (2:4), and ordered us to observe **salat** in one of the first revelations. (73:20)."
4:115,"When you tell the average Christian that Jesus is not God, nor son of God, he will accuse you of opposing Jesus. Similarly, when you tell the average Muslim that Muhammad preached the Quran, the whole Quran, and nothing but the Quran, and that following the inventions of ""**Hadith**"" and ""**Sunna**"" is an act of opposing the prophet, he will accuse you of opposing Muhammad. Thus, the Muslims appear to have fallen in the same satanic trap as the Christians; they idolize Muhammad against his will.

4:150-151. A common practice among the Muslims is the description of Muhammad as ""the most honorable messenger"" or ""the imam of the messengers,"" in defiance of God's commandments.

4:153-161. The reader will note that the children of Israel are frequently mentioned throughout the Quran. Obviously, God wants to alert us against the pitfalls that Israel fell in. The parallel between the Muslims and Jews is noteworthy. Although God gave the Jews His scripture, the Torah, the Jews eventually invented the **Mishnah** (oral) and the **Gemarah** (traditions), and used them as sources of jurisprudence. Similarly, the Muslims abandoned God's message to them, the Quran, and invented the ""**Hadith**"" (oral) and ""**Sunna**"" (traditions), and used them as sources of jurisprudence (See 6:112-116 and 25:30-31)."
4:171,See the Bible's Book of Revelation 1:1.
5:3,"The Quran consistently and repeatedly lists these four kinds of meats as the only prohibitions (see 2:173, 6:145, 16:115-116, and Appendix 13). It should be noted that if God wants to prohibit ""meat,"" He clearly prohibits ""meat,"" and when He wants to prohibit ""fat,"" He clearly prohibits ""fat"" (see 2:173, 5:3, 6:145, 16:115, and also 6:146). God is extremely displeased with those who make up prohibitions not specifically mentioned in Quran (see 3:93-94, 5:87, 6:143-146, 10:59-60, 16:116, 7:32, and Appendix 13).

5:13-14. Obviously, our creator is showing us how the Jews violated their covenant, and the Christians violated their covenant, in order to warn us against falling in the same trap. However, the Muslims, being humans with the same weaknesses as the Jews and the Christians, have fallen in the same trap. They broke their covenant with God, by abandoning their scripture, the Quran, and adopting the satanic inventions known as ""**Hadith**"" and ""**Sunna**"" in flagrant defiance of God and His messenger (see 6:19, 38, 112-116, 15:91, 20:114, 24:1-2, 25:30, 75:19, and Appendix 11, 15, & 16)."
5:15,"See Appendix 19, and the inside front cover of this book."
5:17,"Those who idolize Jesus, and claim to love him, are in fact his enemies. They are obviously prevented by God from understanding and following their own Bible, for Jesus clearly exhorted them to worship the one God, the Lord of Jesus and all the people (see Mark 10:17-18, 12:39-30, Luke 4:18, John 4:33, 5:24, and 8:40-41).

5:20-26. See footnote 4:153 and Appendix 11."
5:38,"This is the Quranic law abused most frequently by the enemies of God. They ignore the fact that God created us, and knows best how our minds work, and what is best for all of us. Real life experiences confirm that God's law is far superior to the man-made laws. For example, the people of U.S.A. were shocked by the thief who entered a house, stole the valuables, then gouged the eyes of the baby sitter to prevent her from serving as witness against him. In this incident, the innocent lost her eyes. The incident took place in St. Louis, Missouri, and the famous victim's name was Wilma. We have to ask ourselves, ""Is it justice to have the innocent lose his eyes, or the thief be deterred in the first place by fear of losing his hand?"" On the other hand, in the countries where God's law is applied, the crime of theft is virtually non-existent, and thus, no one loses his properties through theft, nor his hand. Additionally, the Quranic law defines the thief as one who is not driven by hunger or the survival instinct to steal. According to this definition, thousands of prisoners should be set free, and the officials responsible for their poverty should be tried.

4:48-50 [printed as such in source]. These verses clearly define the prophet for us: a man who preaches the Quran, the whole Quran, and nothing but the Quran. Therefore, those who invent lies and use them as sources of jurisprudence besides the Quran are enemies of God and His messenger (see Appendix 11)."
5:50,"A perfect example of applying the laws of the days of ignorance, instead of God's law, is the stoning of adulterers. Although God's law clearly states the punishment for adulterers, stoning has been forced on many Muslims through the invention of ""**Hadith**"" and ""**Sunna**."" See 24:1-2."
5:67,"This verse indicates that the Quran's secret numerical code was not revealed to the prophet Muhammad, since he did not deliver it to us (see Appendix 1)."
5:72,"See the Gospel of Mark 12:29, John 5:24, 8:40-41, 9:4, & 12:49."
5:76,"The fact is that Mary, Jesus, Muhammad, and all the dead saints, are totally unaware of anything at this time (see 16:20-21), while only God hears and sees everything. The blasphemy is obvious when a religious leader proclaims, ""May the holy mother protect you!"""
5:87,"Traditions, myths, superstitions, and the inventions of ""**Hadith**"" and ""**Sunna**"" have established a long list of dietary prohibitions, beyond the four decreed by God (see 2:173, 5:3, 6:145, 16:115-116, and Appendix 13). Throughout the Quran, God is extremely displeased by those who prohibit lawful food (see 3:93-94, and 10:59).

5:92 & 99. The idol worshipers who idolize the prophet Muhammad against his will, ascribe to the prophet other functions besides delivering Quran, the whole Quran, and nothing but the Quran. Unfortunately, the majority of Muslims have fallen in this trap, just like the Christians before them (5:100, 12:106). The only difference is, while the Christians declare their idolization of Jesus, the Muslims will deny their idolization of Muhammad, all the way through the day of judgment (see 6:22-24).

5:95 & 97. The offerings ""to the Kaaba"" are designed to provide for the people who come to Kaaba for pilgrimage. These people are usually aliens from all parts of the world, and often short on funds. The offerings are God's way for providing for them (see 28:57)."
5:101,"God teaches us that we have everything we need in the Quran (see 6:19, 38, 114, and Appendix 15). Anything not mentioned specifically in the Quran is left to our freedom of choice. For example, the Quran does not specify a method for sleeping. Therefore, we can sleep any way we like; on the right side, on the left side, on the back, or on the belly. Similarly, we can eat with our right hand, or the left hand, with or without forks and knives. The idol-worshipers have invented a most unreasonable set of behaviors, and termed them ""**Sunna**.""



6:21-24. These profound verses identify those who advocate ""Hadith"" and ""Sunna"" as idolaters who have set up Muhammad as an idol against his will. They invented lies and claimed that they were divine revelations to the prophet (6:21). They vehemently deny that they idolize the prophet, all the way through the day of judgment, even as they face God almighty (6:22-23). They use their invented lies as sources of jurisprudence, to suit their own traditions and superstitions, in total defiance of God and the prophet (see 6:19). On the day of judgment, Muhammad will disown those who idolize him, just as Jesus and the saints will disown those who idolize them (see 6:24, 16:86, 19:81, 36:74, and the Gospel of Matthew 7:23). The true believers uphold the Quran, the whole Quran, and nothing but the Quran. (see 6:114)."
6:38,"The connection between the Quran's miraculous numerical code, and the rejection of ""Hadith"" and ""Sunna"" as satonic inventions, becomes obvious when we realize that this statement (We have left nothing out of this scripture) consists of 19 Arabic letters, the verse number is 38 (19 × 2), and that verse 19 states that the Quran is the only divine revelation to Muhammad, and that the statement, ""He revealed the Quran fully detailed,"" also consists of 19 letters, and is found in verse 114 (19 × 6) of this sura. See also Appendix 16."
6:44,"The Muslims of today have abandoned the Quran, and adopted the inventions of ""Hadith"" and ""Sunna"" in complete defiance of God and the prophet (see 24:1-2, 25:30, Appendices 7, 11, 13, & 15). Therefore, it appears that the vast oil wealth given to Saudi Arabia, the Arabian Gulf states, Kuwait, Iraq, Iran, Indonesia, and North Africa is in fact a curse that leads to the inevitable retribution predicted in this verse. Before the guilty is thrown out the window, he is taken to the tenth floor."
6:56,"Before being guided and blessed by God, Muhammad worshiped idols like the rest of his pre-Islamic community (see also 40:66 and 93:7)."
6:60,"The period between death and resurrection passes on each one of us like one night of sleep, complete with dreams (see also 2:259, 18:19 & 25, and Appendix 14). Since each one of us did in fact experience the first death (see 2:28 and 40:11), we should know exactly how the second and final death will feel like."
6:113,"One may grow up in an environment that equates goodness with belief in God and the hereafter. Consequently, this person may profess belief, in order to be good, while in fact his innermost convictions are contrary. God teaches us in these verses that the inventions of ""Hadith"" and/or ""Sunna"" was designed to distinguish the true Muslims from the false Muslims. The true Muslims uphold the Quran, the whole Quran, and nothing but the Quran, as we see in 6:114."
6:116,"Unfortunately, the majority of Muslims have flunked the ""Hadith"" test. Instead of following the proven revelations of God, they follow what is conjectured to be the prophet's utterances and/or actions. Thus, they disobey God and the prophet by following the ""Hadith"" guesswork (see Appendix 11)."
6:121,"Most people underestimate the seriousness of making up lists of prohibitions. We are told here that following the dictates of unauthorized prohibitions, beyond the four Quranic prohibitions, is idolatry. See 5:3, and Appendix 13."
6:125,"At the time of Quran's revelations, no one knew that the proportion of oxygen becomes less and less as we climb towards the sky, causing one to gasp for breath.

6:137 & 140. A famous recent example is the 1978 execution of a Saudi Arabian princess accused of adultery. God's law, as clearly stated in 24:1-2, calls for whipping, while the law of the idol-worshipers specifies death for the adulterers. See appendices 11 and 15 for the details.

6:145-146. Note that when God wants to prohibit ""meat,"" He specifically prohibits ""meat,"" and when He wants to prohibit ""fat,"" He specifically prohibits fat (6:146). Unfortunately, most Muslims have gone too far in prohibiting everything remotely related to the pig, including such things as soaps, tooth pastes, and even hair brushes. We must remember that God shows a great deal of displeasure at those who prohibit perfectly lawful things."
6:147,It is not mercy or justice when a teacher gives top grades to all the students.
6:148,"Long lists of unauthorized prohibitions are found in the inventions called ""Hadith"" and/or ""Sunna,"" which are not more than conjecture and guesswork."
6:150,"Accepting any prohibitions not specifically mentioned in Quran is idolatry. Although they confess belief in the hereafter, verse 113 tells us otherwise."
6:159,"The only reason behind the existence of several Islamic sects today is that the Muslims have abandoned the Quran in favor of the human opinions of their leaders, who are in fact their idols. The single most important factor contributing to this unholy division is the invention of ""Hadith"" and ""Sunna."" Ironically, the prophet Muhammad will be the first to disown those who follow ""Hadith"" and/or ""Sunna"" on the day of judgment, just as those who idolize Jesus will be disowned by him. Those who obey God and the prophet are those who uphold the Quran, the whole Quran, and nothing but the Quran (see Appendix 15). Since there is only one Quran, there should be one Islam, and one Islamic congregation. As we learned from verses 19, 38, and 114 of this sura, the Quran is fully detailed, and needs no further explanation. Moreover, God Himself has informed us that only He will explain the Quran, as He puts it in the hearts of those worthy of it (see 40:44 and 75:19)."
6:161,"When the false Muslims (see footnote 6:112-116) who follow ""Hadith"" and ""Sunna"" are faced with the Quranic reality that the Quran shall be the sole source of religious knowledge (6:19, 38, &114), their favorite argument is, ""If the Quran is complete (see 6:114), where is the description of salat prayers?"" This famous question reveals their ignorance and isolation from Quran. They are obviously unaware of the Quran's statements that salat was originally revealed to Abraham, then transmitted to us generation after generation, and that Muhammad prayed according to the religion of Abraham, Islam, before he, Muhammad, was appointed a messenger (see 2:128, 2:135, 3:67-68, 3:95, 4:125, 16:123, 21:73, 22:27, 22:78, and Appendix 8)."
7:1,"See Appendix 1 for details of the Quran's secret numerical code, and the meaning of these Quranic initials."
7:3,"Those who worship God alone, follow God's scripture alone. Those who follow anything else as a source of jurisprudence are idol worshipers, as defined by this verse.

7:11-25. Why were we created? Although the angels saw God, and knew that He was the absolute master, Satan entertained rebellious ideas inside his head, and God knew about these ideas (see 2:30). In order to expose Satan's rebellious ideas, God created Adam, and ordered the angels to bow down to him. The other reason for creating us is to show the angels that a creature who never sees God can reach God and worship Him alone. (See Appendix 6 for details)."
7:30,"Those who follow and advocate ""**Hadith**"" and/or ""**Sunna**"" firmly believe that they are righteous, and that they are duely honoring and obeying the prophet! Thus, they are exactly like the Christians who firmly believe that they are duely honoring and obeying Jesus. The Quranic fact, however, is that these people have fallen in Satan's formidable trap, as indicated by this verse (see also 6:112-116)."
7:32,"If it is not SPECIFICALLY prohibited in Quran, it must not be prohibited."
7:37,"The followers of ""**Hadith**"" are committing both evils; they invent lies then claim that they are divine inspiration, and they reject God's revelations in this Quran stating clearly that the Quran is complete, perfect, needs no explanation, and shall be the sole source of jurisprudence (see 6:19, 38, 112-116, and 75:19).

7:38-51. These verses are written in the past tense, like the vast majority of the Quran's statements. They narrate events that actually took place on the day of judgment, as witnessed by God. Of course, the day of judgment is still in the future for us, but not so for God. Initially, there will be four distinct groups in the hereafter, namely, the high heaven, the lower heaven, the purgatory, and hell. Later, the purgatory will be merged into the lower heaven (see suras 55 and 56, and Appendix 10 for details)."
7:52,"This is another clear verse stating that the Quran is ""fully detailed"" (see also 6:19, 38, and 114). Those who invent and advocate other sources of religious knowledge, such as Hadith, Sunna, and the works of various ""scholars,"" flagrantly defy God and His messenger, and refuse to submit to the truth of the Quran. The true believers, on the other hand, uphold the Quran, the whole Quran, and nothing but the Quran (see footnote 6:112-116)."
7:142,"This unique and deliberate way of stating these numbers is directly related to the Quran's secret numerical code. Since this Quranic miracle is based on numbers, it is only natural that any number mentioned in Quran must be involved. Thus, we find that the Quran contains 285 numbers, and this number is a multiple of 19 (19x15), and the total sum of the 285 numbers is 174,591 which is also a multiple of 19. Even if we remove all repetitions, we find that the remaining total is 162,146 which is a multiple of 19 as well. While other verses state that God summoned Moses for forty nights, this verse contains three numbers, which is necessary to conform with the Quran's miraculous code (see also 2:51, 2:196, and Appendix 1)."
7:143,"While God controls everything in the universe to the extent that not even a leaf falls without His knowledge (6:59), our world cannot stand the ""physical"" presence of God (see also 56:4-6, 69:13-16, suras 81, 82, & 84, and Appendix 10)."
7:157,"See the inside front cover of this book.

7:159-171. There is a great parallel between the followers of Moses, and the followers of Muhammad. This explains the fact that the history of Israel is narrated in such detail, and in such frequency throughout the Quran. The parallel becomes incredibly manifest when the reader notes that the followers of Moses invented the Mishnah (oral) and Gemarah (traditions) to overtake God's scripture, the Torah. The Muslims invented **hadith** (oral) and **sunna** (traditions) to overtake Quran (see 24:1-2). Thus, both groups fell into idol worship in an almost identical manner.

7:172-173. A frequently asked question is, ""What is the fault of one who grew up in a pagan society, or an atheistic environment?"" These verses teach us that we have all witnessed our creator before the creation of Adam, and thus, we are born with the knowledge about God as a natural instinct. We also learn from these verses that no one is excused for not reaching and worshiping God. A prominent Quranic example is Abraham; he grew up in a pagan society, and his own father was the maker of idols. But he observed the world around him, and independently reached God (see 6:74-79)."
7:179,See the Gospel of Matthew 13:13-16.
7:180,"Among the common inventions are the so-called ""99 names of God,"" many of which are not mentioned in Quran. Not to be outdone, those who idolize the prophet Muhammad against his will have invented 201 names of Muhammad. These names, dutyfully engraved on the walls of the prophet's mosque in Medina, include some of God's own exclusive names, such as ""Al-Muhaymin = the Supreme Being,"" and ""Al-Shaafee = The Healer.""

7:189-197. Idols can be your children as shown here, or your spouse, or your leader, or your supervisor, or your own properties (see 18:42). Anything that takes priority over your creator's commandments is an idol."
7:203,"See the Bible's Deuteronomy 18:18, John 12:49 & 16:13."
8:17,See Deuteronomy 20:4.
8:25,"Therefore, if the righteous are too passive to preach the word of God, prohibit evil, and advocate righteousness, they will suffer along with their corrupt community."
8:27,"The greatest betrayal of Muhammad is the invention of ""**Hadith**"" and ""**Sunna**"" against his own instructions and the divine teachings of Quran (see Appendix 11)."
8:35,"Many Muslims erroneously believe that the **salat** prayers were first revealed through Muhammad. The Quran, however, teaches us that **salat** was first revealed to Abraham, then transmitted to us generation after generation (see for example 2:4, 2:128, 2:135, 2:142, 3:67-68, 3:95, 4:125, 16:123, 21:73, 22:27, 22:78, and 73:20). Those who refuse to believe God's statements that the Quran is complete and perfect (6:19, 38, 114), as well as the ignorant, frequently ask the question, ""If the Quran is complete, where is the description of **salat**?"""
8:46,"Those who obey God and His messenger uphold the Quran, the whole Quran, and nothing but the Quran (see 5:48-50, 17:73-75). On the other hand, those who advocate ""**Hadith**"" and/or ""**Sunna**"" disobey God and disobey the prophet and idolize him against his will, just like the Christians who idolize Jesus and claim that they love him."
9:1,"This is the only sura that does not begin with the opening statement, ""In the name of God, most gracious, most merciful."" This fact puzzled the students of Quran throughout the last 14 centuries, and many theories were advanced to explain the absence of ""**Basmalah**"" from this sura. As it turned out, this is an integral part of the Quran's miraculous code that remained a divinely guarded secret until this very translation came into existence, and represented God's authorization of this translation. As the reader already knows (from Appendices 1 & 2), the Quran's code is based on the number 19, and its foundation is the opening statement ""In the name of God, most gracious, most merciful,"" which consists of 19 Arabic letters. Since the Quran consists of 114 suras (19x6), and since the absence of ""**Basmalah**"" will violate the code by having only 113 opening statements, we find that this deficiency is compensated in sura 27, which contains two ""**Basmalahs**"" (see 27:30). Not only do we find that the additional statement in 27:30 perfecting the frequency of the opening statement, but also providing additional proof that the order of suras is divinely designed, and should never be tampered with. To find out this additional proof, the reader is requested to count the suras starting here at sura 9, and ending at sura 27. Glory be to God, the almighty, most exalted."
9:29,"Since Islamic law forbids non-Muslims from enlisting in the military, this expiation is designed as a substitute for military service. In this way, the non-Muslims who live in a Muslim society equitably contribute towards the cost of defending them."
9:36,"See also 5:1, 2, 94, 95, & 96."
9:80,"Another proof that Muhammad does not possess the power of intercession, and that intercession is accepted only if it happens to coincide with God's decision (see 21:28, and Appendix 7)."
9:107,"Those who use the mosque to preach anything besides Quran, are abusing the mosque, disobeying God and His messenger, and creating divisiveness. It is the preaching of other than the Quran that caused division and sectarianism in Islam."
10:1,"These letters participate in the Quran's miraculous numerical code that remained a divinely guarded secret for 14 centuries, pending the preparation of this translation (see Appendix 1). Thus, we find the total frequency of occurrence of these three letters a multiple of 19 in every single sura that is initialed with them. This sura contains 2527 of the Arabic letters A, L, and R; sura 11 contains the same total of A, L, and R; sura 12 contains 2413; sura 14 contains 1216; and the last A.L.R.-initialed sura, namely, sura 15, contains 931. Each of these totals is a multiple of 19. This miraculously flawless numerical code explains the expression, ""These letters constitute the miracle of Quran."" It should be noted that this particular expression appears exclusively in conjunction with Quranic initials (see also 12:1, 13:1, 15:1, 26:1, 27:1, 28:2, and 31:2)."
10:3,"Intercession on the day of judgment will be accepted only if it happens to coincide with God's decision (see 21:28 and Appendix 7). In effect, there is no such thing as intercession (see 2:254)."
10:20,"The Quran is Muhammad's only miracle (see 29:50-51), and the miracle of the Quran was not revealed until this translation was done (see Appendices 1 & 2, and 13:43).

10:36-37. Even the most enthusiastic advocates of ""**Hadith**"" and/or ""**Sunna**"" admit that they follow only conjecture; that they are never sure whether the source of ""**Hadith**"" or a ""**Sunna**"" is actually the prophet or some inventor. On the other hand, the reader of Quran is handed physical, indisputable proof that it is God's message to the world (see Appendix 1).

10:59-60. God is extremely displeased with those who prohibit perfectly lawful provisions. Unless something is ""specifically"" prohibited in Quran, it must never be considered ""**haram**"" (prohibited). Please see footnote 6:145 and Appendix 13."
10:91,"Although Pharaoh actually believed in God as he was drowning, this was not sufficient for his salvation (see 2:62, 32:29, & 40:85). Believing in God is only the first, though the most important, step. We need to nourish, sustain, and develop our souls through the acts of worship and righteous works. Following his sincere belief, Pharaoh did not have time to grow and develop (see 7:8, 23:102, 101:6, and Appendix 10)."
10:92,"This is another profound Quranic miracle. Pharaoh's body was indeed preserved, and can be viewed today in the Mummies Room of the Cairo Museum. The ancient Egyptians were exclusively gifted with the science of mummification.

10:94-95. Muhammad the man is instructed here to follow Muhammad the messenger, and the distinction becomes even clearer in 33:37, where Muhammad the man actually disobeys Muhammad the messenger. The Quran teaches us that Muhammad the messenger is infallible, because he utters only the Quran. On the other hand, Muhammad the man is a human being like you and me, who is required to uphold the Quran, the whole Quran, and nothing but the Quran (see 6:50, 10:49, 18:110, and 41:6).

10:99-100. See Appendix 12."
11:1,See footnote 10:1. This verse states that the Quranic initials bear the proof that the verses of Quran are perfectly designed by the almighty.
11:2,"This is the ""First Commandment,"" and it is a ""negative"" commandment stating that ""You shall NOT worship other than God."" This is because a ""positive"" commandment stating that ""You shall worship God,"" does not necessarily guarantee salvation; one can worship God, and idolize Jesus, or Muhammad, or the saints, will inevitably end up in hell (see footnote 41:14 and verses 23:84-89). Note that it is the Quran that says, ""I come to you as a warner.""

11:18-22. These verses describe vividly those who have invented the ""Hadith"" and/or ""Sunna"" and claim that they are ""divine revelations."""
11:19,"See verse 6:113, and footnote 6:112-116."
11:26,See footnote 11:2.
11:46,See 9:113-114.
12:1,"See Appendix 1 for details of the Quran's miraculous secret numerical code involving these letters. One of the miraculous features of Quran is the use of multiple-meaning words. One such word is ""Ayat."" This word has at least three different meanings, namely, ""sign"" (see for example 2:164), ""verse"" (see for example 2:99), and ""miracle"" (see for example 17:101). In this way, various generations of people can derive the meaning that perfectly suits each one of them. Before the discovery of the Quran's secret numerical code, the word ""ayat"" in verse 12:1 was understood to mean ""verses"" and to apply to the verses of Quran in general. However, now that the significance of these letters is unveiled, we find that the suitable meaning of the word ""ayat"" is ""miracles."" Two facts pin down the meaning of this verse to what you see in this translation: (1) this expression is used exclusively with Quranic initials such as these A.L.R. (see also 13:1, 15:1, 26:2, 27:1, 28:2, & 31:2), and (2) the Arabic word commonly used for ""miracle,"" namely, ""Mu'jizah"" is never mentioned in the Quran."
12:2,"The word ""you"" in this verse applies to all the people of the world, regardless of their mother tongue. See Appendix 3 for details."
12:15,"This is a classic example of the perfect happiness and contentment of God's sincere servants. In this example, Joseph appears to the outsiders to be in deep trouble. But inside, he had received his Lord's assurances that everything will be allright."
12:23,"Note the incredibly clever answer that bears a double meaning. To the lady, it sounded as if Joseph was talking about her husband. But Joseph was talking about God. This is one example of the Quran's superb and extraordinary literary style."
12:40,See footnote 11:2.
12:67,"A myth that still dominates the Middle East is known as ""the evil eye."" Jacob was afraid that if his eleven sons entered from one door, they may be stricken by the ""evil eye."" According to this legend, the ""evil eye"" can kill its victim. Tourists who visit certain areas of the Middle East may be aware of the natives' wariness of people who admire or praise their children and/or properties."
12:86,Jacob knew from Joseph's dream in 12:4 that the family will be reunited some day.
12:96,See footnote 12:86.
12:106,"The majority of Jews follow the Talmud instead of the Torah; the majority of Christians idolize Jesus instead of God; and the majority of Muslims follow ""Hadith"" instead of the Quran."
13:1,"The initials A.L.M.R. participate in the Quran's miraculous numerical code that proves the divine source of Quran (see Appendix 1). Thus, when we count the Arabic alphabets A, L, M & R in this sura, we find 624 A's, 480 L's, 260 M's, and 137 R's. The total sum is 1501, and this total is a multiple of 19. This extremely sensitive index (the alteration of a single letter destroys the system) illustrates how every letter in the Quran is divinely designed and counted beyond human ability. Hence the statement that these letters constitute the miracles of Quran.

13:1-4. The word ""Ayat"" is used in each one of these verses to illustrate another miraculous feature of Quran, namely, the use of multi-meaning words. In 13:1, the word ""Ayat"" means ""miracles or verses,"" and in 13:3-4 it means ""signs or lessons."" Thus, the generations of people who lived before the discovery of the Quran's secret numerical code, were content with the meaning ""verses"" for the word ""Ayat."" This makes the Quran suitable for all generations. Please see also footnote 10:1, and note that the standard word for ""miracle,"" namely, ""Mu'jizah"" is NEVER used in Quran."
13:27,"See 29:50-51 about Muhammad's miracle. God deliberately misleads those who made a decision not to seek Him, and guides those who decide to believe in Him (see Appendix 12 for details)."
13:35,"See Appendix 4 for details.

13:38 and 43. This is an obvious reference to the Quran's numerical code (see Appendices 1 & 2). This miraculous code proves that Muhammad was a messenger of God."
14:1,See footnote 10:1 for the meaning of these Quranic initials.
14:4,"Does God mislead? See Appendix 12 for the answer.

14:21-23. The Quran's consistent past tense indicates that what we consider ""future"" is ""past"" as far as God is concerned."
14:27,"See Appendix 12.

14:42-52. See Appendix 10 for details."
15:1,See footnote 10:1 for the meaning of these letters.
15:9,"The Quran's miraculous numerical code, a divinely guarded secret for the last 1400 years, proves the two components of this verse: (1) that the Quran is a divine scripture, and (2) that it has been perfectly protected from the slightest distortion. See Appendices 1 and 2 for details.

15:26-38. The humans are descendants of Adam, while the jinns are descendants of Satan. The Quran teaches clearly that Satan is a fallen angel. Therefore, a jinn is a fallen angel. Certain parts of the Muslim world, especially where Arabic is not the native tongue, fail to recognize Satan as a fallen angel. The order to fall prostrate was directed ""to the angels"" (see 2:30, 15:28, and Appendix 18).

15:85-88. The seven pairs refer to the 14 sets of Quranic initials. As decoded by computers, the 14 sets of initials are indeed 14 sets of numbers that add up to 1709, the number of years from the time of this Quranic revelation to the end of the world. See the book, ""The Computer Speaks"" for details."
15:99,"This verse explains the function of the worship rituals, i.e., the **salat** prayers, the fasting of Ramadan, the **zakat** charity, and the pilgrimage. These religious duties are the means to attain certainty."
16:2,"The word ""spirit"" frequently refers to God's revelations, including this Quran as stated in 42:52. See also 4:171, 17:85-89, 26:193, 40:15, 58:22."
16:8,"A clear reference to the automobile, the train, the plane, etc. (see 37:96)."
16:21,"When the idol worshipers call upon Jesus, or Mary, or Muhammad, or any saint, they are not only wasting their breath, but also committing themselves to doom. These idolized individuals are servants of God who are dead, and completely unaware of their idolizers (see also 17:56-57, 19:81-82, and 72:21-22). Their souls exist somewhere far from our world, as stated in 23:100."
16:22,"What we utter with our mouths does not necessarily reflect our innermost convictions. The Quran teaches us here that some disbelievers do not know that they are disbelievers; they say that they are believers merely because they grew up in a society that praises the believers and condemns the disbelievers. This verse states that such people have ""denying hearts."" The test we are put through is designed to show us on the day of judgment whether we were really believers, or merely deceived ourselves (6:112-116). This profound test for the Muslims is described in 6:112-116; those who are attracted to the blasphemy known as ""Hadith"" and/or ""Sunna"" are false believers, while those who uphold the Quran, the whole Quran, and nothing but the Quran are true believers."
16:86,"This verse proves that the idols are not only stone statues, but also human beings such as Muhammad, Jesus, Mary, and the saints."
16:93,"God does mislead those who deserve to be misled, after making their free-will decision to disbelieve (see Appendix 12 for details)."
16:105,"Those who blasphemed against the prophet, and disobeyed him by inventing ""Hadith"" and/or ""Sunna"" commit such lies because they obviously reject the Quran's repeated assertions that it is complete, perfect, and shall be the sole source of religious regulations (6:19, 38, 114, 20:114, and 75:19)."
16:115,All food prohibitions must fall under these four categories. Upholding any other prohibitions is a form of idol worship.
17:1,"Two hundred years after Muhammad, some story tellers with limited knowledge, and a lot of imagination, fabricated a story alleging a night journey by the Prophet from Mecca to Jerusalem, followed by ascension to heaven and an audience with God. The story was designed to both entertain the masses who had no other means of entertainment, and to idolize and glorify the prophet against his will. The truth is that there was no ""Aqsa Mosque"" during the lifetime of Muhammad, and that this verse refers to the manner of Quranic revelation. The truth is plainly obvious throughout the Quran. Verses 2:185, 17:1, 44:3, and 97:1 inform us in a straightforward manner that the Quran was revealed into Muhammad's heart in one night. Verse 17:106, informs us that the Quran was to be ""released"" from Muhammad's heart to us over a long period (23 years). The process of revealing the Quran into Muhammad's heart, all at once, is described in 53:1-18. Thus, the manner of Quranic revelation can be likened to the manner whereby God taught the human being at creation (see 2:31 and 7:173). The word ""Masjid,"" translated here as ""mosque,"" means ""a place of worship."" Throughout the Quran, ""Al-Masjid Al-Haram"" refers to the area of Mecca where the shrine (Ka'ba) was built by Abraham and Ishmael. Thus, ""Al-Masjid Al-Aqsa"" refers to a ""faraway holy area,"" described in more detail in 53:1-18. The mosque that was established in Jerusalem after Muhammad's death, and named ""Aqsa Mosque"" has nothing to do with 17:1.

17:13-14. We learn from this verse that we are born with our life already recorded, from birth to death. The closest analogy to our minds is the video tape of any event, such as historical narration, a football game, or a boxing match. See also 57:22."
17:23,"This is the first, and most important commandment. It is a negative commandment, because people can worship God and still end up in hell (see footnote 11:2)."
17:36,"This commandment teaches us that we shall not accept anything without first examining it with our God-given senses and mind. Following the elders, the scholars, the sages, or the saints, without verifying what they give us, often leads to hell (see 14:21)."
17:45,"Those who refuse to accept the Quran as the sole source of religious regulations are consistently characterized as disbelievers in the hereafter. They may confess belief in the hereafter, but their hearts inside are denying (see 16:22-24). They reject the Quran's repeated assertions that it is perfect, and they resort to the inventions of ""hadith"" and ""sunna"" as alternative sources (see 6:113, 150, 7:147, 11:18-19, 17:9-10, 27:4-6, 34:6-8, 39:45, and especially 41:6-7)."
17:46,"When you exhort the idol worshipers who advocate ""hadith"" and ""sunna"" to follow the Quran ""alone,"" as stated in this verse, they run away in aversion (see 39:45 & 40:12).

17:49-51. The period between death and resurrection passes like one night of sleep (see Appendix 14 for details).

17:56-57. The Quran lists various kinds of idols, such as statues (21:52), property (18:42), children (7:190), and people (16:86). Here we learn that some idols are righteous people who are idolized against their will. This category includes Jesus, Mary, Muhammad, and the saints. When the leader of a prominent church prayed to Mary to bring peace to Ireland, he was not only wasting his breath, but also committing a gross blasphemy."
17:59,"The only miracle manifested through Muhammad, namely, the Quran, was not unveiled until the preparation of this very translation. See 29:50-51 for details.

17:85-89. Previous translations, and interpretations, have erroneously referred to the word ""Rooh"" as ""soul."" The Quran, however, consistently uses this word to refer to divine revelations (see 16:2, 40:15, 58:22, and 97:4). Specifically, the Quran is described as ""Rooh"" in 42:52. The whole context clearly refers to God's revelation, and the interpretation of ""Rooh"" as ""soul"" will be taking it out of context. Verse 88 is a direct reference to the Quran's miraculous numerical code that this translation was exclusively blessed with unveiling. While many human beings did produce literary works as excellent as the Quran, no power on earth can duplicate the Quran's intricate numerical code (see Appendices 1 and 2 for details).

17:101-106. The frequency of mentioning Moses and his followers throughout the Quran is noteworthy, and points out the great parallel between the followers of Moses and the followers of Muhammad. God gave the Torah to the followers of Moses and asked them to uphold it strongly (2:63). But around A.D. 200, the ""scholars and sages"" of Judaism invented the Mishnah and the Gemara, which make up the Talmud, and eventually replaced the Torah. Similarly, God gave the Muslims the Quran and asked them to uphold it. But 250 years after Muhammad, the ""scholars and sages"" of Islam invented the ""Hadith"" and ""Sunna"" which replaced and abrogated the Quran (see 24:1-2). This amazing parallel explains the frequency of narration of Israel's history."
17:104,Could this be the gathering of the Jews into the state of Israel? See 17:4-7.
17:106,"Muhammad's soul was summoned, and the Quran was given to him all at once, in the same manner as Adam's acquisition of knowledge (2:31). The process of revelation to Muhammad is described in 53:1-18. This verse teaches us that, although the Quran was revealed into Muhammad's heart all at once (16:102), God decreed that it shall be ""released"" from Muhammad's heart to the people over a long period of time. Please see 2:185, 17:1, 44:3, and 97:1."
17:108,"See Deuteronomy 18:15 and 18:18-19, John 14:16-17, and John 16:13.



18:9-26. Many variations of this story are found in the various encyclopedias, and the world literature. The Quran sets the record straight. The ""Christian"" literature generally claims that these youth were running away from the Romans' persecution. But the divine truth herein teaches us that they actually ran away from the Christians who deviated from the teachings of Christ, and idolized him against his will; they wanted to worship God alone and recognized Jesus as a great teacher. Note that the history of these righteous Ephesians coincides with the period of turmoil that resulted in convening the Councils of Nicene, and permanent distortion of Christianity through the Nicene Creed. This is the Creed that invented the Trinity doctrine, according to all recognized encyclopedias, and the Vatican's own encyclopedia. The seven sleepers of Ephesus wanted to practice the true teachings of Christ, and rejected the false doctrines, such as the Trinity. Ephesus was an ancient Turkish city, 35 miles south of today's Izmir, and was famous for its Temple of Artemis, one of the ancient seven wonders of the world. It later became the leading Christian community of Asia. In 1928, an Austrian archeologist called Franz Miltner found a tomb near Ephesus which proved that the Seven Sleepers of Ephesus actually existed, and that their story is a historical fact. The ultimate truth, of course, is narrated here by the almighty creator of the universe."
18:14,"This story is certainly relevant to our lives today, for the same thing is happening right now on a large scale. Any Christians who discover the great Satanic trick, whereby their religion has been distorted, and who wish to worship God alone, follow the true teachings of Christ, and recognize Jesus as a great teacher and messenger of God, these people are immediately outcast by the ""Christian"" masses. This is exactly what happened when a group of enlightened Christian scholars declared the truth in a book entitled, ""The Myth of God Incarnate."" Similarly, any Muslims who try to worship God ""alone"" and uphold His message, the Quran, the whole Quran, and nothing but the Quran, are immediately outcast by the ""Muslim"" masses. Unfortunately, the common human plague of idol worship has afflicted the Muslims in much the same manner as it afflicted the Christians, and the Jews before them. Most Muslims today follow an invented set of traditions, known as ""Hadith"" and/or ""Sunna"" that abuse the name of the Prophet as the original source thereof. Satan used these inventions to divert the Muslims from the Quran, and the Prophet will be the first to disown them on the day of judgment (see 25:30)."
18:21,"The recognized encyclopedias state that Emperor Theodosius II believed a miracle had taken place, and had a great church built to mark the spot where the seven sleepers of Ephesus had slept."
18:25,"Another valuable lesson we learn is that the period of our death will pass like one night of sleep (see Appendix 14 for details, and 2:259)."
18:27,See also 42:51.
18:31,"See Appendix 4 for details of this allegorical description of heaven.

18:109-110. These two verses teach us that there is no shortage of words as far as God is concerned, and therefore, the Quran contains everything we need. Anything left out, such as the way to sleep, or the way to eat, etc. is therefore up to us and our personal preference. We also learn that Muhammad is no more than a human being like us, and that following the inventions attributed to him, or even his personal opinions, is idol worship. Note that the only two verses in Quran describing Muhammad as a human being end up by enjoining us from idolizing him (see also 41:6)."
19:1,"These five Quranic initials are part of the Quran's miraculous numerical code that proves to the world the divine source of Quran, and the perfect preservation of every single letter therein. As detailed in Appendix 1, the common denominator of all the Quranic initials is the number 19. As it turned out, this sura contains 137 K's (Kaf), 175 H's (Ha), 343 Y's (Ya), 117 'A's ('Ayn), and 26 S's (Sad) in the Arabic text. The total sum of these 5 Arabic alphabets, in this sura, comes to 798 which is a multiple of 19."
19:59,"This verse informs us that the Jews, Christians, and Muslims were enjoined to observe the **salat** prayers, but they have ""lost"" it. Today, there is a diminishing proportion of Muslims who still observe this divine commandment (see 2:43, 83, 110, 10:87, 14:37, 19:31, 55, 20:14, 31:17, and 35:8)."
19:64,A reminder to those who see wisdom in the words of other than God.
19:71,"Your appreciation and enjoyment of heaven doubles after seeing what hell is like.

19:81-82. By their own admission, the people who idolize Muhammad, Jesus, Mary, or the saints believe that these idols will help them. However, we learn here that the idols will disown their idolizers, and abhor their idol worship. Those who idolize Muhammad and pursue the words and actions attributed to him, will be terribly embarrassed and ashamed when Muhammad disowns them on the day of judgment. Those who call upon Mary, who is dead, powerless, and totally unaware, to bring peace to Ireland for example, will be similarly doomed. Idol worship is the only unforgivable offense, and the idols themselves enjoined us from falling in such sin (see Deuteronomy 6:4, Mark 12:29, and Quran 17:23)."
20:1,"Like all the other Quranic initials, these letters participate in the Quran's miraculous numerical code. They present the reader with physical, examinable, and indisputable proof that the Quran is God's message to the world (see Appendix 1)."
20:12,"Note that God speaks here in the first person singular, because the angels are not involved. Wherever the plural is used, the angels are involved and given credit for their participation."
20:15,"Go to sura 15 to find the Quranic statement regarding the end of the world.

20:114-115. Muhammad was given the Quran in one night, to be released over a period of 23 years, in a manner similar to the teaching of Adam (see 17:1 and 106)."
20:133,See 17:59 and 29:50-51.
21:5,"See 17:59, 20:133, and 29:50-51."
21:27,"In defiance of God and His messenger Muhammad, multitudes of Muslims have turned to the utterances attributed to Muhammad for wisdom and religious regulations. Many of them uphold these inventions, known as ""**Hadith**,"" so strongly that it abrogates the Quran (see footnote 24:1-2). See also 6:112-116."
21:30,A prominent theory among the scientific community dealing with the origin of the universe.
21:73,"Those who refuse to believe God's repeated assertions that the Quran is complete and perfect (see 6:38, 114, 17:89, 18:54, 30:58, & 39:27), frequently pose a favorite question. They ask, ""If the Quran is complete and perfect, where can we find details of **salat** prayers?"" This question obviously reveals their ignorance of the Quran. We learn from this verse, as well as many other verses, that **salat** and **zakat** were given originally to Abraham and his family, then transmitted to us generation after generation (see 2:128, 187, 3:68, 16:123, 22:27, 78, and Appendix 8)."
22:15,"The problem with most people is that they do not realize the direct relevance of religion to their lives. The fact is that our happiness in this world, our success in all our worldly affairs, as well as our happiness in the eternal real life, depend on following God's law. The vast majority of people, unfortunately, are unaware that God runs every minute detail in this world (see 10:61-64).

22:20-23. These are allegorical descriptions of heaven and hell (see Appendix 4)."
22:26,"Many people erroneously assume that all religious practices in Islam were originally decreed through Muhammad. The Quran, however, consistently teaches that Abraham was the original source of **salat**, **zakat**, fasting, and **hajj** (see 2:128, 135, 3:67-68, 95, 16:123, 21:73, and 22:78)."
22:30,"This verse alerts us that following false regulations regarding food prohibitions is tantamount to idol worship; following religious regulations not decreed by God is idol worship. The major source of false regulations is ""**hadith**"" and ""**sunna**.""

22:52-55. As part of the tests to distinguish the true believers from the insincere ones, the devil is permitted to impart some suspicious or immoral accusations against those who serve God's message. While the believers recognize the devil's work, and steadfastly uphold God's message, the others are driven away by the devil's plan, and thus reject God's path on account of the messenger's apparent fault. As stated in verse 54, the sincere believers worship God, not the messenger, and uphold God's message, regardless of the messenger's personal characteristics. While the murder committed by Moses and his speech defect (see 43:52-54) drove away the unfortunate, the believers followed him and were saved.



23:78-92. These verses teach us that worshiping God alone is the prime commandment. Worshiping God does not guarantee salvation. Millions of people worship God, but are destined for hell; in fact, the majority of believers will go to hell as stated in 12:106. The reason is that these millions of believers who worship God, fall into idol worship whereby they idolize Jesus, Muhammad, the saints, their properties, their children, or some other forms of idols. Idol worship is the only unforgivable offense, and the absolute devotion of worship to God ALONE is the minimum requirement for salvation."
23:100,"The souls of all the people, including those of Muhammad, Jesus, Mary, and the saints are sent away and a barrier is placed behind them. Thus, they are totally unaware of anything that goes on on earth. See Appendix 14."
23:108,"This frequently used past tense teaches us that the Quran informs us of events that actually took place in the future. What is future to us is past, as far as God is concerned.



24:1-2. These verses expose the most vivid example of Satan's work against the Quran. Through the invention of ""**hadith**"" and ""**sunna**"" Satan succeeded in abrogating God's law, and enforcing human prejudices and strong traditions. Although verse 24:1 states that these verses are perfectly clear, the advocates of ""**hadith**"" and/or ""**sunna**"" refuse to believe it, and claim that the prophet clarified and instituted death for the married men and women (especially women) who commit adultery. This satanic law is the predominant law in most so-called Muslim countries, in total defiance of God and His prophet."
24:39,See Appendix 10 for details.
24:55,"If you are not king (or queen) of your surroundings, then your worship of God is still marred by some form of idol worship. God's promise is truth, and you can use this verse as a criterion of your faith. The believers who devote their worship to God alone, and successfully rid themselves of all forms of idol worship, are kings on earth; the whole world is at their fingertips, and the whole world is not good enough as one of their possessions. If you are not a king (or queen) on earth, you are not following the Quran, the whole Quran, and nothing but the Quran; you are probably following also some human inventions such as ""**Hadith**,"" ""**Sunna**,"" and/or the works of saints and sages (see also 16:97, 20:112, 22:38, 37:171-173, 41:30-31, and 65:2-4)."
24:56,"The messenger is fully represented by the Quran, the whole Quran, and nothing but the Quran, as stated in 24:54 and 5:48-50.



25:17-19. The righteous idols are those righteous people who are idolized against their will, such as Muhammad, Jesus, Mary, and the saints. Verse 19 teaches us that these idols do not possess the power of intercession, and that they themselves are held accountable for their actions (see also 21:25-29).

25:30-31. Muhammad's mission and real wish was to deliver the Quran, the whole Quran, and nothing but the Quran. The Muslims, however, fell in the same satanic trap as the Jews and invented the ""**hadith**"" and ""**sunna**"" as additional sources of jurisprudence that can be made to conform to the various traditions, customs, and superstitions. The Jewish Mishnah corresponds to ""**hadith**"" and the Gemara corresponds to ""**sunna**."" Many Muslim scholars and their followers today have gone as far as stating that ""**hadith**"" abrogates the Quran (see 24:1-2)! Hence, the prophet Muhammad's disappointment on the day of judgment, as stated in verse 30. It is extremely significant that the words of verse 31 are identical to those dealing with the inventors of ""**hadith**"" in 6:112."
25:55,"See 7:188, 10:49, and 72:21."
26:1,"These letters, along with the Quranic initials that prefix 28 other suras are part of the Quran's miraculous numerical code. They prove that the Quran can never be man made; that it is the unaltered word of God (see Appendices 1 and 2)."
26:2,"This expression is used exclusively in conjunction with Quranic initials throughout the Quran (see 10:1, 12:1, 13:1, 15:1, 27:1, 28:2, 31:1)."
26:5,"The Quran's miraculous numerical code, discovered exclusively in the course of this very translation, is a perfect example of God's ""new"" reminders."
27:80,"Note that Abraham attributed sickness to himself, and not to God. *(as printed — likely refers to 26:80)*

26:192-200. See 13:31, 17:45-46, 18:57, and 56:79."
26:195,See Appendix 3 for details as to why the Quran was revealed in Arabic.
27:1,"These letters are part of the Quran's miraculous numerical code that proves that Quran is God's message to the world (see Appendix 1 and footnotes 10:1, 12:1, and 26:2)."
27:30,"This verse represents a significant part of the Quran's numerical miracle; the physical, touchable, and examinable miracle that proves that Quran is a divine scripture. The reader knows by now that the foundation of the Quran's miraculous numerical code is the 19-letter statement ""BISM ALLAH ARRAHMAN ARRAHEEM"" (in the name of God, most gracious, most merciful). Every sura opens with this statement, except one, namely, sura 9. Since the Quran consists of 114 suras (19x6), the absence of ""**Bismillah**"" from sura 9 would upset the intricate and delicate balance of this divine system. Since this miraculous code must be perfect, we find that the missing ""**Bismillah**"" statement is compensated for in this sura, verse 27:30. Thus, while the ""**Bismillah**"" is missing from sura 9, we find two **Bismillah**'s in sura 27. This makes the total frequency of this important statement 114, a multiple of 19. Equally miraculous is the fact that the total number of suras from sura 9, where the ""**Bismillah**"" is missing, through sura 27, where we find two **Bismillah**s, is exactly 19 suras. This proves to us that the specific order of suras as we know them today is divinely revealed."
27:82,"Strong evidence points at ""the computer"" as the ""creature"" predicted in this verse. Through the decoding of the Quran's numerical miracle (see Appendix 1), the computer speaks to the world that this is God's message and that the people have discarded it."
28:1,The meaning of these letters is explained in detail in Appendix 1.
28:2,"This verse informs us that the Quranic initials in verse 28:1, together with the Quranic initials in 28 other suras, represent miracles in this Quran. It is significant that this particular expression is used EXCLUSIVELY in conjunction with Quranic initials (see 10:1, 12:1, 13:1, 15:1, 26:2, 27:1, 31:2)."
28:48,"The Jews abandoned the Torah in favor of the Mishnah and Gemara, while the Muslims abandoned the Quran in favor of **Hadith** and **Sunna**."
28:78,See 55:39-41 and Appendix 10.
29:1,"These letters constitute a significant part of the Quran's miraculous numerical code, and physically and indisputably prove that the Quran is God's message to the world. See Appendix 1 for details."
29:13,"There are literally hundreds of ""**Hadiths**"" that ""guarantee"" salvation, regardless of one's deeds. These include for example the recitation of specific portions of Quran a specific number of times. The inventors of these lies will certainly perish in hell."
29:14,"See footnote 7:142.

29:41-43. Those who are knowledgeable in entomology know that the black widow spider kills her mate after mating. Thus, the spider web is really a death trap for the male. Note that the spider mentioned in verse 41 is female and that verse 43 states that only the knowledgeable can appreciate such an example. These entomological facts were not known at the time of Quran's revelation."
29:45,"This proves that the Quran was revealed to each one of us, and that we were all represented by the prophet Muhammad when he received the Quran. See 18:27-28, 33:21, 42:51, and Appendix 11."
29:50,"Those who idolize the prophet against his wishes claim that he performed a long list of miracles. The Quran, however, which narrates the miracles of many prophets, teaches us that Muhammad did not perform any miracles. Those who love and respect the prophet, love him and respect him as he is."
29:68,"The advocates and followers of ""**Hadith**"" and/or ""**Sunna**"" are committing both evils; they reject the Quran's assertions that it is complete and perfect (6:19, 38, 114), and invent lies about God when they claim that ""**Hadith**"" and ""**Sunna**"" are divine revelations."
30:1,"See Appendix 1 for details of the miraculous numerical code of Quran, and the meaning of these letters."
30:30,God gathered all the people and had them bear witness that He is the Lord. See 7:172.
30:32,"The only reason the Muslims are divided into various sects is that some of them advocate other than the Quran; specifically, ""**hadith**"" and ""**sunna**"" as sources of law. The Quran calls these people idol worshipers, as we see in verse 31. Throughout the Quran, we are reminded that we shall adhere to Quran, the whole Quran, and nothing but the Quran. Ironically, those who claim to love the prophet, yet disobey him by inventing and advocating ""**hadith**"" and ""**sunna**,"" are disowned by the prophet (see 6:159 and 25:31)."
30:55,"The period between death and resurrection will feel like a one-night sleep (see 2:259, 18:19 and 25, and Appendix 14)."
31:1,See Appendix 1 for details of the Quran's miraculous numerical code involving these letters.
31:2,"This expression is used exclusively in conjunction with Quranic initials.

31:6-7. The Quran teaches us that those who advocate **hadith** are false Muslims who have disobeyed the prophet and rejected God's revelations (See 6:112-116, 18:109-110, and Appendices 11, 15, 16, and 17)."
31:13,"Idol worship is defined as a ""gross offense,"" rather than a sin. It is far worse than any sin. The Quran teaches us that God forgives ""all"" sins (see 31:53), while idol worship is the only unforgivable offense (see 4:48, 4:116, and 5:72)."
31:27,"Yet some people claim that the Quran is not complete. This verse teaches us that God has given us all the words we need; He did not run out of words. Those who seek other than Quran as a source of law, flatly reject God's revelations (see also 18:109)."
31:28,"Once you design and perfect the original (master copy), the copies are easy to make."
32:1,See Appendix 1 for details of the Quran's secret numerical code. These Quranic initials constitute a significant part of the Quran's miracle. The Quran came to the world 1400 years ago and stood on its own without any supporting evidence that it is a divine scripture. This 1400-year-old secret has been unveiled in the course of this translation.
32:2,"This verse tells us the meaning or significance of the first verse, i.e., these letters prove that the Quran is the word of God. This kind of statement invariably follows the Quranic initials throughout the Quran. In retrospect, our Creator has been telling us the meaning of these ""mysterious"" letters since the revelation of Quran."
32:15,"The true believers submit to the Quran without question and accept it as the **only** source of jurisprudence. See Appendices 15, 16, and 17."
33:4,"A previously prevalent expression in the Arabic language was to estrange a wife by saying that she is like the husband's mother (as far as intercourse is concerned), without giving her the freedom of divorce."
33:9,This is the battle where the Muslims dug a ditch around Yathrib (Medina). The disbelievers were hit with a violent storm and had to disperse without victory.
33:13,The ancient name of Medina.
33:21,"This verse refers specifically to the prophet's confidence in God's support and victory. It is placed right in the middle of the story of the **Al-Ahzaab** battle, where the believers were truly shaken up and thought that Islam was finished. However, there is no harm in generalizing the verse and considering the prophet a good example for all of us. The prophet's example is set by the fact that he upheld the Quran, and nothing but the Quran (see 5:48, 49 and 7:73-75). Those who idolize the prophet forget that to love, respect, and obey the prophet is to worship God alone and uphold the Quran, the whole Quran, and nothing but the Quran. They invented a whole set of actions, which they called **sunna**, and attributed them to the prophet. The prophet will be the first to disown them on the day of judgment. Moreover, the abusers of this verse reveal their ignorance of Quran. They are not aware that this verse is repeated almost word for word in reference to Abraham (see 60:4 and 6).

33:28-35. Any home where the Quran is preached is the same as the prophet's home. The responsibility is doubled when any person receives the message. Thus, receiving the message can be a great blessing or a disastrous curse, depending on one's response, i.e., heeding or not heeding. Obviously, the sin is a greater offense when committed by a person who knows, as compared to the one who does not know."
33:33,"See 11:73.

33:36-37. These verses teach us that Muhammad the man is not different from any other man; he makes mistakes. Throughout the Quran, we see that Muhammad the man makes mistakes (see 4:79, 9:117, 17:73-74, 33:37, 40:66, 61:1, 80:1-10, and 94:7), while Muhammad the messenger utters only the perfection of Quran (53:3). Those who idolize the prophet claim that he never made mistakes. Thus, they flagrantly deny the truthfulness of God almighty and flatly refuse to believe the Quran. In verses 36 and 37, we see Muhammad the man disobey Muhammad the messenger."
33:43,"These are the same words as those applied to the prophet in 33:56, a verse that is widely abused by those who idolize the prophet against his will."
33:49,See 2:228.
33:53,"Verse 4:22 prohibits us from marrying any woman who was previously married to our fathers. Because marriage involves some very private behavior, God decreed this law to preserve respect for our fathers. Similarly, the prophet was a fatherly figure to all the believers of his generation. To preserve respect for the prophet and for the message he preached, God decreed a similar law regarding the prophet's wives."
33:56,God and His angels honor and regard every believer. Note the similarity of Arabic words in 33:43. This is the verse that is used by satan most frequently to lead the believers into the trap of idol worship. To love and honor the prophet Muhammad or any other prophet is to worship God alone and to follow and uphold God's scripture as the only source of law.
34:14,Could be a goat or a sheep.
34:23,See Appendix 7.
35:8,"God is the only one who knows our innermost convictions, and He knows those of us who deserve to be sent astray. Based on our real convictions, God goes out of His way to guide us or mislead us. See Appendix 12."
35:33,"See Appendix 4 for details of this allegorical description.



36:1-5. The miraculous numerical code associated with the Quranic initials, such as Y. S. here, proves that Muhammad was indeed a messenger of God (see also 13:43), and that the Quran is a divine revelation (see Appendix 1 for details)."
36:7,"This does not imply lack of freedom in our choice. It is simply a statement of fact as witnessed by God, who knows the future.

36:55-65. Heaven and hell are described in allegorical terms throughout Quran (see 2:25-26). The Quran is aimed at all levels of education, culture, and mental capacity. See Appendix 4."
36:60,See 7:172
37:6,"See Appendix 5. Our immediate universe, with all the countless billions of stars and planets, is the smallest and innermost of seven heavens."
37:7,"The outer limit of our heaven is not penetrable by anything except the angels.

37:50-59. Immediately after resurrection and the manifested physical appearance of the almighty God and the angels, all people will be automatically stratified into four ranks, the highest being the closest to God. These four initial ranks are the high heaven, the lower heaven, the purgatory, and hell. Eventually, God's mercy will merge the purgatory into the lower heaven. The three final groups will be separated by barriers. The inhabitants of any rank can only move downward to visit lower rank(s), but no one will be able to move upward beyond his rank. Those closest to God, i.e., in the highest rank, will have access to any other stratum. See Appendix 10 for details."
38:1,"This Quranic initial occurs in three suras, namely 7, 19, and 38. The total frequency of occurrence of this letter in the three suras is 152 (19 x 8). See Appendix 1 for details of the Quran's miraculous numerical code."
38:72,See Appendix 6.
39:3,"This is exactly what the worshipers of Muhammad and/or the saints say. They think that the invention of **sunna** and the establishment of **hadith** as a source of jurisprudence, and the other forms of idolizing the prophet will bring them closer to God. See Appendices 7, 8, and 11."
39:5,"The expression used here, taken from the noun that means ""ball"" (**yukawwir**), cannot be used unless the planet earth is generally ball-shaped, a fact that was not known at the time of Quranic revelation."
39:6,"The three stages of darkness probably are the dark period before birth, the dark period inside the womb, and the dark period in the grave."
39:23,"Although the blasphemy against the prophet called ""**hadith**"" did not appear until 250 years after the prophet's death, God obviously knew about it in advance. Therefore, it is appropriate to leave this word (**hadith**) without translation (see Appendices 11, 15, 16, and 17)."
39:29,"When the Muslims abandoned the Quran as their source of law, they plunged into perennial arguments and became divided partners. They argue about the ""prophet's **hadith**,"" which is authentic and which is not. They argue about the various opinions; is Imam Shafei correct or Imam Hanbali; was Abu Bakr supposed to be the first Caliph, or was Ali? Ironically, the prophet is the first to disown those who claim to love him (see 6:159). Similarly, Jesus will be the first to disown those who ""love him very much"" and call him ""God"" or ""son of God."""
39:30,"In other words, do not idolize Muhammad. He is a human like you. Leave the invented lies that you call **sunna** and **hadith**, and come back to the Quran."
39:32,"Those who claim that **hadith** is divine revelation are lying about God and, at the same time, rejecting the truth of Quran (see 6:19, 38, and 114)."
39:36,"Those who idolize the prophet give us the impression that Muhammad will put you in hell or take you out of heaven if you do not follow the lies attributed to him, known as ""**hadith**"" and/or ""**sunna**."""
39:38,"Unless you worship God ALONE, your worship is null and void (see 39:45, 39:65, 40:10-12, and 40:83-85)."
39:42,See Appendix 14.
39:44,"See Appendix 7. Neither Muhammad, nor Jesus, nor the saints, nor any idol possesses the power to intercede. All intercession belongs to God. See also 2:255, 6:51, 6:70, 10:3, 19:87, 22:28, 32:4, and 40:18."
39:45,"This is the classic test that shows us whether we really believe in the hereafter or simply deceive ourselves. A perfect example is footnote 39:44 above; those who disbelieve in the hereafter will dislike it. With many people, if you speak of God alone, they dislike you; but if you speak of God and Muhammad, e.g., Quran and **hadith**, they become happy and satisfied. This is characteristic of false Muslims, as we learn from this verse and from 6:112-116."
39:53,"According to Quran, idol worship is not a sin; it is a category by itself; it is the only unforgivable offense (see 4:48, 116 and 31:13). The whole purpose of our creation is to worship God ALONE and never idolize anything or anyone besides Him."
39:60,This is an Arabic proverb that has nothing to do with the color of the skin.
39:65,"The idols listed throughout Quran include the prophets, saints, representations (statues), spouses, children, and material possessions."
39:67,See Appendix 5.
39:68,"These verses are written in the past tense because they narrate events that actually did take place in the future -- our future. As far as God is concerned, our future is past, since the dimension of time does not apply to the almighty. See Appendix 10."
40:1,"These two Quranic initials occur in the next seven consecutive suras. The frequency of occurrence of the letter ""H"" in the seven suras is 280, and the frequency of occurrence of the letter ""M"" in the seven suras is 1829; making the total occurrence of the two letters 2109, a multiple of 19. Thus, like all Quranic initials, these two letters conform to the miraculous numerical code of Quran. (See Appendix 1.)"
40:11,"We were dead, then brought into this life, then we die, then we get resurrected for the eternal life of the hereafter. (See 2:28)."
40:12,"This is exactly what the majority of ""Muslims"" have fallen in. Thus, if you ask them to worship God alone, i.e., uphold the Quran alone, they disbelieve. But when you mention God and Muhammad, i.e., the Quran and ""**hadith**,"" they believe. (See 5:22)."
40:17,The reckoning on the day of judgment will be instantaneous and automatic. See Appendix 10.
40:46,"The period of death, no matter how long, passes like one night of sleep. During that night, our dreams go on as happy dreams or nightmares, depending on our degree of righteousness at death. See Appendix 14."
40:57,"Our immediate universe, the smallest and innermost among seven universes, contains a billion galaxies, a billion trillion stars, and countless trillions of planets. All these heavenly bodies move precisely in their specific orbits without crashing into each other."
40:66,"It is valuable education to understand the mentality of the idol worshipers in order to effectively preach to them later. Those who idolize the prophet, exactly like those who idolize Jesus, refuse to believe the truth about the prophet. See also 6:56 and 93:7. As a human being, the prophet passed through the stages that each of us passes through towards perfection, i.e., the worship of God alone. (See 18:110 and 41:6.) The Arabic word ""**naha**"" indicates the termination of something that was actually taking place (See 2:192-193, 4:171, 8:38-39, 19:46, 26:116, 26:167, and 36:18)."
40:72,"See 19:71, 55:43-44, and Appendix 10."
41:1,See footnote 40:1.
41:3,See footnote 41:44 and Appendix 3.
41:6,"In the two Quranic statements that describe the prophet as a human being (see also 18:110), we note that both verses close by enjoining us from idolizing the prophet. Obviously, God is fully aware of the human disease that led the Jews to invent the Mishnah (oral) and Gemarah (traditions) of Talmud to overtake the Torah, and the Christians to invent the trinity, and the Muslims to idolize Muhammad by inventing **hadith** (oral) and **sunna** (traditions) to overtake the Quran."
41:7,"What we utter through our lips does not necessarily reflect what our hearts really believe. (See 16:22). In order to show us whether we believe or disbelieve in the hereafter, God has established the test of ""**hadith**"" as stated in 6:112-116. He allowed enemies of the prophet to fabricate ""**sunna**"" and ""**hadith**"" and attributed them to the prophet. As stated in 6:113, those who accept ""**hadith**"" and/or ""**sunna**"" do not believe in the hereafter as they claim. But those who reject all ""**hadith**"" and all ""**sunna**"" and accept the Quran, the whole Quran, and nothing but the Quran as their source of religious guidance and law, are the true believers (see also 25:30-31)."
41:12,See Appendix 5.
41:14,"The commandment, ""You shall worship God,"" is not complete, since people can worship God and still go to hell, as stated in 23:85-89. The complete commandment is, ""You shall worship God alone,"" or, ""You shall not worship except God."" The First Commandment, therefore, is a negative commandment, ""YOU SHALL NOT WORSHIP EXCEPT GOD.""

41:20-22. The invention of the video recording systems brings to mind the closest idea about the day of reckoning. We will view our lives from birth to death (see also 36:65). While the disbelievers cannot edit their audio/video record, the believers enjoy this advantage through repentance. Repentance edits out all our sins, and thus, they will not exist on the record."
41:44,"We are told here that the only prerequisite to fully understand the Quran is sincerity of faith. The Quran will be placed into the hearts of sincere believers, regardless of their language. On the other hand, those who are not sincere will be rendered incapable of understanding the Quran, even if they are the highest scholars of Arabic linguistics. The Quran is not like any other book (see 17:45-46 and 18:57), and God is the only teacher thereof (see 55:1-2, 75:19 and Appendices 3 and 17)."
42:1,See footnote 40:1.
42:2,"When the reader counts the Arabic letters 'Ayn, Seen, and Qaf, in this sura, he will find their total frequency of occurrence 209, a multiple of 19. Thus, it conforms to the Quran's secret numerical code. The letter Q has a special characteristic. There is only one other sura that is initiated with this letter, namely sura 50, which is entitled ""Q."" The frequency of occurrence of the letter Q in each of these suras is exactly the same, 57, despite the difference in length of the two suras. For details of this Quranic miracle, see Appendix 1."
42:17,See Appendix 14. The hour of resurrection is only as far from us as the end of our individual lives in this world.
42:21,"A typical example is shown in footnote 24:1-2. The idol worshipers refuse to accept God's laws and follow instead laws attributed to their idols, including the prophet and the various saints and imams. When God alone is advocated as the only source of jurisprudence, they become uncontrollably upset (see 17:46, 39:45, 40:10-12, and 40:84)."
42:23,"If everyone regards his own relatives, we will all be taken care of."
42:24,"We are told here that even if the prophet erred or unintentionally distorted the Quran, God would have corrected any distortion. God is omnipotent, and He has guaranteed the integrity of Quran forever (see 15:9 and 17:73-75)."
43:1,See footnote 40:1.
43:3,"The word ""you"" in this verse refers to all the people on earth, regardless of their language. Careful research, involving most major languages on earth, has revealed that Arabic is the most suitable language for writing statutes. See Appendix 3 for details.

43:9-22. See footnote 41:14."
43:28,"The lesson of Abraham is prominently detailed throughout the Quran. He grew up in an idol-worshipping community, and without receiving any education, he looked at the universe around him and discovered God (see 6:75-79). Similarly, no one has any excuse for not discovering and worshipping God alone. Like Abraham, we are all born with the knowledge of God as a natural instinct. (See 7:172).

43:36-37. Those who neglect the Quran in favor of ""**hadith**"" and/or ""**sunna**"" (which are lies attributed to the prophet), believe that they are rightly guided. (see Appendices 11, 15, 16, and 17.)"
43:58,"The Muslims who deviated from Quran and advocated other sources of law, such as the invented ""**hadith**"" and/or ""**sunna**,"" are not any better than those who idolize Jesus, as stated in this verse. Deviating from the Quran constitutes disobedience of the prophet and idolizing him against his will (see 25:30-31)."
43:81,"If God indeed had a son, who would object? It simply happens to be an untruth, and a blasphemy."
43:86,See Appendix 7 for details.
43:87,See footnote 23:84.
44:1,See footnote 40:1.
44:3,"The Quran was revealed into Muhammad's heart all at once (see 2:185, 17:1, 53:1-18, and 97:1), and released through his mouth over a period of 23 years (see 17:106)."
44:10,"This is one of the signs that must be fulfilled before the end of the world. The other signs include the appearance of a creature who will exhort the people to believe (27:82), the splitting of the moon (54:1), and the discovery of Quran's secret numerical code (74:30-37), and the invasion by Gog and Magog (18:94-99 & 21:96). Three of these signs appear to have been fulfilled, namely, the decoding of the Quran's secret, the violation of the moon in 1969, and the appearance of the ""creature,"" i.e., the computer (see footnote 27:82)."
44:11,"The famous Haley's comet drags a tail of cyanogen gas that is about 3 million miles long. If this tail passes close enough to the earth's gravity, it can easily envelope the whole earth with cyanogen gas. Our next close encounter with Haley's comet will take place in mid-1986, then every 75 years thereafter."
44:39,See Appendix 6.
44:56,"The inhabitants of heaven will be able to visit their friends and relatives in hell, without suffering any harm. See 37:51-59."
44:58,See 41:44 and Appendix 3.
45:1,See 40:1.
45:6,"See footnote 39:23. ""**Hadith**"" is no more than inventions by enemies of the prophet, as stated in 6:112-116, 25:30-31, and 45:7, aimed at repelling the people from God's way and from the Quran (see 31:6)."
45:8,"God teaches us throughout the Quran that the Quran is complete, fully detailed, and shall be the only source of law. But those who advocate **hadith** and **sunna** refuse to accept these verses; they have failed the test and proved to be false muslims (see 6:112-116, 25:30-31, and Appendix 15)."
45:28,See footnote 41:20-21 and Appendix 10.
46:1,See 40:1.
46:5,"Such as Jesus, Mary, Muhammad, the saints, and the righteous imams. See also 16:86."
46:12,See footnote 41:44.
46:21,"As it turns out, the commandment, ""You shall worship God,"" is not enough, since people can worship God and still go to hell. See footnote 41:14.

46:29-32. If there were anything else that the prophet preached besides Quran, the jinns would have reported it to their people. The Quran constitutes God's message, the whole message, and nothing but the message. See Appendix 15."
47:4,See the laws of war in 2:190.
47:18,See footnote 44:10.
47:33,"To obey God and the messenger is to uphold the Quran, the whole Quran, and nothing but the Quran. The invention of **hadith** and/or **sunna** to distort and even supersede the Quran represents the height of disobience to God and the messenger. See 6:112-116, 25:30-31, and Appendix 11."
47:38,"The so-called muslims throughout the ""Muslim world"" have abandoned the Quran **en masse** and failed the **hadith** test (see 6:112, 116 and 25:30-31). It seems that a process of substitution is taking place now according to this statement. Islam is being reestablished in the English-speaking world, after being restored to its pristine purity."
49:2,"In order for the student to benefit from the teacher, the student must respectfully pay attention and observe certain etiquette. See the student/teacher behavior of Moses and his teacher in 18:66-82."
49:7,"God's messenger is fully represented by Quran, the whole Quran, and nothing but the Quran."
49:7,"There is a human tendency, with help from satan, to impose more hardship as a sign of piety. Thus, some people invariably go too far in prohibiting foods that are perfectly lawful (see Appendix 13), or imposing additional duties that were never decreed. The Quran teaches that such practices are tantamount to idol worship."
49:13,"The only criterion that renders any person better than another is righteousness. Color, knowledge, wealth, physical appearance, social status, family lineage, etc. do not necessarily make any person better than another."
49:14,"A person who believes in God and His messenger, in accordance with this Quran, is a Muslim for as long as he harbors occasional doubts and questions. Once he gets rid of all doubts in his heart, then he is a **Mu'min** (believer). Therefore, a **Mu'min** is higher in rank than a Muslim."
50:1,See footnote 42:1 and Appendix 1.
50:2,"Despite the miracle imbedded in the letter Q and throughout the glorious Quran, they are still doubtful."
50:13,"The people who disbelieved Lot are mentioned in the Quran 12 times, namely in 7:80; 11:70, 74, 89; 22:43; 26:160; 27:54,56; 29:28; 38:13; 50:13, and 54:33. Consistently, these people are called ""Qawm,"" with a single exception. In this sura (Q), the people who disbelieved in Lot are called ""Ikhwan."" The reader can easily see that if the word ""Qawm"" was used here, as is customary throughout the Quran, the frequency of occurrence of the letter ""Q"" in this sura would become 58. The number 58 is not divisible by 19, it will not equal the 57 ""Q's"" in the other Q-initiated sura (sura 42), and the total number of ""Q's"" in the two suras would not equal the number of suras in the Quran (114). In other words, the whole numerical system collapses if the word ""Qawm"" is used instead of ""Ikhwan."" This demonstrates the fact that every word, indeed every letter, in Quran is divinely designed beyond human ability.

50:20-29. These verses are written in the past tense because they are actual happenings that took place on the day of judgment. Since the day of judgment is future as far as we are concerned, it is described to us as witnessed by God."
50:29,"Our condition at resurrection is irreversible. We end our life here with a soul that is strong, well fed, and well developed (as a result of heeding God's message), or a soul that is weak, shrunk, and undeveloped (as a result of disregarding God's message). God is never unjust, since he left our spiritual growth and development completely up to us. See Appendix 10."
50:45,"The prophet's message is the Quran, the whole Quran, and nothing but the Quran. (See also 6:19.)"
51:56,"The whole idea behind creating us is to show the angels that a creature who never sees God is capable of reaching God and worshipping Him alone. When one of the angels, namely satan, entertained rebellious ideas despite the fact that he saw God and knew well that He was the absolute master, God decided to show the angels that a creature who never sees God is capable of worshipping God alone (See Appendix 6)."
52:20,"See Appendix 4, detailing these allegorical descriptions of heaven and hell.



53:1-18. These verses describe the process by which the Quran was revealed into Muhammad's heart. Although the revelation process was completed during one night (see 17:1, 44:3 and 96:1), the release of such revelation spanned 23 years (see 17:106). The release process was effected by Gabriel taking over Muhammad's body then uttering a number of verses. During the release process, Muhammad himself was unconscious. When he came to, he asked the revelation writers about the new Quranic verses."
53:3,"This is one of the most abused verses in Quran. Those who fell into satan's trap and idolized the prophet against his will, claim that this statement applies to everything the prophet uttered; and not the Quran alone. Using this crutch, they proceeded to invent an endless number of lies and attributed them to the prophet. Thus, they defiantly, disobey God and the prophet. However, as stated in 6:112-116, this is God's will in order to use the **hadith** and/or **sunna** to distinguish the true muslims from the false muslims. See Appendix 11. It should be noted that this particular expression is very common in all the scriptures (see Deuteronomy, 18:19; Gospel of John, 12:49 & 16:130)."
53:8,See Appendix 10.
53:9,See footnote 7:143.
53:19,These are female names of the two most popular idols of the pre-Muhammad era. Allat is their feminine name for Allah. The idol worshipers claimed that those idols were the daughters of God.
53:26,There will be no intercession on the day of judgment. See Appendix 7 for details.
54:1,"As frequently observed, the Quranic language is often in the past tense, indicating a prediction that is sure to come, or rather, an event that actually took place and was witnessed only by God, the only witness of our future. The storytellers, who were unfamiliar with the Quranic linguistics, invented numerous stories about a miracle performed by Muhammad, whereby he allegedly caused the moon to split. The flagrant contradictions among these stories testify to the false nature of **hadith**. The most ""reliable"" book of **hadith**, namely Bukhari, reports two versions of the alleged miracle, one in Mecca and one in Mina. In another book of **hadith**, it is reported that one-half of the moon fell down and was found in the courtyard of Ali's house!!! The violation of the moon already took place by the landing of the humans in 1969. See also 44:10."
54:17,See Appendix 17.
55:2,"The Quran is a book unlike any other book; every aspect of it is surrounded by invisible forces. Our creator teaches us that the Quran is attainable exclusively by those who sincerely seek the knowledge therein. The insincere are hopelessly barred from getting one word correctly out of Quran (see 17:45-46, 18:57, and 56:79). In direct opposition to Quran, those who idolize the prophet claim that we need the ""hadith"" in order to teach us the Quran. The Quran clearly state that only God is the teacher of Quran (see 41:44 and 75:19). The inventors and followers of ""hadith"" are defying the Quran's consistent assertion that our source of religious knowledge shall be the Quran, the whole Quran, and nothing but the Quran. See Appendix 15."
55:13,"This sura is specifically directed to the two kinds of creatures who possess the freedom of choice, namely the humans and the jinns."
55:20,"See footnote 25:53.

55:37-78. See Appendix 10 for detailed descriptions.

55:39-41. There will be no need to ask anyone about his or her actions in this life. The righteous believers will appear strong and well developed, while the disbelievers will appear small, shrunk, and underdeveloped. See Appendix 10."
55:44,"The inhabitants of hell are the farthest from God on the day of judgment. Knowing that heaven is close to God, they will leave hell and sneak into the area closer to God. But because they are not sufficiently prepared to come close to God (see 7:143), they will suffer terribly in the presence of God and will flee back to hell, and so on forever (see Appendix 10)."
55:46,A paradise for the humans and a different paradise for the jinns.
55:62,"There will be a high heaven, which is closest to God, and below it a lower heaven, then hell, which is the farthest from God. Note how the allegorical description of the high heaven is represented by ""flowing"" water, while the lower heaven's water needs pumping; the high heaven contains all kinds of fruits, while the lower heaven contains a limited number of fruits; the spouses in the high heaven are with the inhabitants, while those in the lower heaven have to go looking for spouses. See Appendices 4 and 10 for details, and sura 56."
56:13,"The early generations of muslims were characterized by following the Quran, the whole Quran, and nothing but the Quran. Two hundred fifty years after the prophet, ""hadith"" and ""sunna"" appeared, followed by the various schools of jurisprudence. This marked the progressive deterioration of the ""Muslim"" nation."
56:40,"Because all the humans who die as children will be assigned to the lower heaven, the proportion from each generation is about the same."
56:59,See Appendix 9 for explanation of the plural tense.
56:79,"The Quran is by no means a regular book. Only the sincere seekers of the truth will be allowed to understand it (see 41:44). The insincere will be prevented from acquiring any knowledge from the Quran (see 17:46, 18:57, and Appendix 17). In fact, those who are prevented by God from learning the Quran claim that this verse means that no one can physically ""touch"" the Quran unless he satisfies certain ablution requirements. Obviously, this distortion is a clever satanic plot to prevent people from studying God's message to them. Our salvation is in reading, studying, and heeding the Quran."
57:8,See 7:172.
57:14,"One example of such wishful thinking is found in the blasphemy against the prophet called ""hadith."" The advocates of ""hadith"" entertain the idea that by simply uttering, ""There is no god except God,"" one is guaranteed salvation. See 10:90."
57:16,"It takes time and effort for the believers to reach total submission and complete acceptance of Quran. This is manifested in the fact that the majority of Muslims at any given time do not accept the fact that all they need is the Quran, the whole Quran, and nothing but the Quran."
57:22,"Each one of us has the video tape of his or her life, from birth to death, already recorded before birth. What, then, is the purpose of our existence? Do we have any choice? For the answers, see Appendices 6 and 12."
57:28,"This verse teaches us that the Christians and Jews who reach a conviction to believe, honor, and heed this divine message will receive double the reward; a special blessing."
58:2,"A common statement by Arabian husbands who wanted to punish their wives was, ""You are as forbidden to me in intercourse as my mother."""
58:18,"The majority of believers are only lip-service believers (see 12:106). Their hearts do not believe, and they do not even know it (see 16:22). In order to show us whether we are true believers or false believers, God allowed the invention of ""hadith"" and ""sunna"" to serve as a test. Thus, the true believers will obey God and His messenger and accept the Quran only as their source of religious instruction, while the false believers will be attracted to ""hadith"" and ""sunna"" as additional sources (see 6:112-116). These false believers swear now, and all the way through the day of judgment, that they are believers (see 6:21-23)."
59:7,"The ignorant who idolize the prophet abuse this verse more than any other verse in Quran. Although we are enjoined throughout the Quran to obey God and the prophet, these ignorant people use this verse out of context to say, ""Any instructions attributed to the messenger you shall follow, and whatever he forbids you, you shall leave."" All it takes is to read the verse in order to realize that they take it out of context. But this is God's way to expose their ignorance. Ironically, they are the first to disobey the prophet by accepting other than the Quran as their source of law. See Appendix 11.



60:4 & 6. The reader should note that the Arabic words that describe Abraham here as a ""good example"" (Uswah Hasanah) are exactly the same words used to describe Muhammad in 33:21. Because of the ignorance of the idol worshipers who have set up the prophet as an idol against his will, they are not aware of this verse. The Quran teaches us that Abraham is the source of all religious practices in Islam (see Appendix 8). Similarly, they remember verse 33:56 and forget verse 33:43."
60:10,See verse 4:24.
62:5,"Those who are given the Quran, then turn to any other sources for religious guidance, reject God's assertion that the Quran is complete and perfect (see 6:19, 38, 114, and Appendix 15). This example is here to serve a specific purpose; the Jews abandoned the Torah and invented the Talmud, while the Muslims abandoned the Quran and invented the ""hadith."""
62:9,"The commandment is directed to all the believers, and not only the men as claimed by the blasphemous inventions known as Hadith."
63:1,"Even though the hypocrites are uttering a truth, God calls them liars. This teaches us that we must reject all the fabrications attributed to the prophet under the name of ""hadith,"" even if such ""hadith"" narrates a truth. The fabrication of ""good hadith,"" is the bait that Satan uses to cover a deadly hook (see 6:112-116 and Appendices 11, 15, and 16)."
64:12,"The enemies of the prophet took advantage of this commandment and flagrantly abused it (see 6:112 and 25:30-31). Thus, they invented a whole set of religious teachings that suit their traditions and desires and attributed them to the prophet, then demanded that everyone follow them instead of, or besides, the Quran (see Appendices 11, 15, and 16).

13. God; there is no god except He; in God the believers shall trust.

*Your Monies And Families Are A Test*

14. O you who believe, your spouses and your children could be enemies of yours; beware of them. If you pardon, forget, and forgive, then God is forgiver, merciful. 15. Your monies and children constitute a test, and God possesses a great recompense. 16. Therefore, you shall observe righteousness towards God as much as you can. You shall hearken, obey, and spend (in charity) for your own good. Those who overcome their natural stinginess are the winners. 17. If you lend God a loan of righteousness, He will multiply it for you manyfold and forgive you. God is appreciative, clement. 18. He is the knower of secrets and declarations; the almighty, the wise."
65:1,"The divorce interim is three menstruations. Thereafter, the divorcee may remarry (see 2:228)."
65:2,"A divorcee may choose to stay within the ex-husband's household to take care of her children, or because she has no other place to go."
67:2,See Appendix 6
67:5,See Appendix 5.
68:1,"This is the only N-initiated sura. This letter occurs in this sura 133 times, or 19 x 7. See Appendix 1 for details of the Arabic test of the Quran's miraculous numerical code."
68:38,"Those who blasphemed against the prophet by inventing ""hadith,"" can find anything they want in ""hadith."" They strongly defend and uphold ""hadith"" because it conveniently fits their traditions and personal desires."
72:18,"God and all His messengers preached that we shall forget about Muhammad, Moses, Jesus, Abraham, and anyone else and worship God alone (see 39:45, 40:12, 84-85, the Bible's Book of Deuteronomy, 6:4, and the Gospel of Mark, 12:29-30.)"
72:27,"For example, Joseph was told of some future events (12:15), and Moses' mother was told that her infant will be returned to her, and that he will be a messenger of God (28:7).



74:1-56. In retrospect, now that the secret numerical code of Quran has been unveiled, we see clearly that this whole sura deals with this miraculous code. This code has been hidden for 1400 years; it is based on the number 19 (verse 30); it provides the perfect answer for those who claim the Quran is man-made (verse 25), and it is an overwhelming miracle (verse 35) that is physical, touchable, examinable, and utterly indisputable (see Appendix 1 for details)."
74:31,"This expression provided the earlier generations with a temporary interpretation for the number 19 of verse 30. We are given here five functions of the 19-based code of Quran: (1) a rebuttal against the disbelievers; (2) to assure the Jews and Christians that Quran is God's message to them; (3) strengthen the faith of the believers (see 2:260); (4) remove all doubt from the hearts of the Jews, Christians, and Muslims; and (5) expose the doubters, the hypocrites, and disbelievers; they will say, ""So what."""
74:52,"God is the teacher of His scripture. However, the Quran informs us here that this is done through human teachers. Thus, one man, namely Muhammad, was chosen to receive Quran then deliver it to the world (see also 18:17)."
75:4,This revelation came down hundreds of years before it became known that each of us has unique fingerprints.
75:14,See also 17:14 and Appendix 10.
75:19,"The enemies of the prophet who invented ""hadith"" and/or ""sunna"" claim that their fabrications are needed to explain the Quran. Obviously, they are ignorant of this verse. God is the only one who explains the Quran, as He places it into the hearts of sincere believers, regardless of their language or level of education (see 41:44 and 55:1-2). Note that the verse number is 19, a significant link with the Quran's miraculous numerical code (see also 6:19, 38, 114; 20:114; and Appendix 10)."
97:1,See footnote 17:1.
97:4,"Every believer who sincerely fasts during the month of Ramadan and observes a perfect month of righteousness and devotion witnesses the ""night of power"" by the end of Ramadan. The angels visit such a person and fulfill his or her dearest wishes (see 2:186)."