verse_index,verse_id,chapter_number,verse_number,chapter_verses,verse_id_arabic,pdf_page_1981,printed_page_1981
1,1:1,1,1,7,١:١,13,1
2,1:2,1,2,7,٢:١,13,1
3,1:3,1,3,7,٣:١,13,1
4,1:4,1,4,7,٤:١,13,1
5,1:5,1,5,7,٥:١,13,1
6,1:6,1,6,7,٦:١,13,1
7,1:7,1,7,7,٧:١,13,1
1370,10:0,10,0,109,٠:١٠,150,138
1371,10:1,10,1,109,١:١٠,150,138
1380,10:10,10,10,109,١٠:١٠,151,139
1470,10:100,10,100,109,١٠٠:١٠,158,146
1471,10:101,10,101,109,١٠١:١٠,158,146
1472,10:102,10,102,109,١٠٢:١٠,158,146
1473,10:103,10,103,109,١٠٣:١٠,158,146
1474,10:104,10,104,109,١٠٤:١٠,158,146
1475,10:105,10,105,109,١٠٥:١٠,158,146
1476,10:106,10,106,109,١٠٦:١٠,158,146
1477,10:107,10,107,109,١٠٧:١٠,158,146
1478,10:108,10,108,109,١٠٨:١٠,158,146
1479,10:109,10,109,109,١٠٩:١٠,158,146
1381,10:11,10,11,109,١١:١٠,151,139
1382,10:12,10,12,109,١٢:١٠,151,139
1383,10:13,10,13,109,١٣:١٠,151,139
1384,10:14,10,14,109,١٤:١٠,151,139
1385,10:15,10,15,109,١٥:١٠,151,139
1386,10:16,10,16,109,١٦:١٠,151,139
1387,10:17,10,17,109,١٧:١٠,151,139
1388,10:18,10,18,109,١٨:١٠,151,139
1389,10:19,10,19,109,١٩:١٠,152,140
1372,10:2,10,2,109,٢:١٠,150,138
1390,10:20,10,20,109,٢٠:١٠,152,140
1391,10:21,10,21,109,٢١:١٠,152,140
1392,10:22,10,22,109,٢٢:١٠,152,140
1393,10:23,10,23,109,٢٣:١٠,152,140
1394,10:24,10,24,109,٢٤:١٠,152,140
1395,10:25,10,25,109,٢٥:١٠,152,140
1396,10:26,10,26,109,٢٦:١٠,152,140
1397,10:27,10,27,109,٢٧:١٠,152,140
1398,10:28,10,28,109,٢٨:١٠,153,141
1399,10:29,10,29,109,٢٩:١٠,153,141
1373,10:3,10,3,109,٣:١٠,150,138
1400,10:30,10,30,109,٣٠:١٠,153,141
1401,10:31,10,31,109,٣١:١٠,153,141
1402,10:32,10,32,109,٣٢:١٠,153,141
1403,10:33,10,33,109,٣٣:١٠,153,141
1404,10:34,10,34,109,٣٤:١٠,153,141
1405,10:35,10,35,109,٣٥:١٠,153,141
1406,10:36,10,36,109,٣٦:١٠,153,141
1407,10:37,10,37,109,٣٧:١٠,153,141
1408,10:38,10,38,109,٣٨:١٠,153,141
1409,10:39,10,39,109,٣٩:١٠,154,142
1374,10:4,10,4,109,٤:١٠,150,138
1410,10:40,10,40,109,٤٠:١٠,154,142
1411,10:41,10,41,109,٤١:١٠,154,142
1412,10:42,10,42,109,٤٢:١٠,154,142
1413,10:43,10,43,109,٤٣:١٠,154,142
1414,10:44,10,44,109,٤٤:١٠,154,142
1415,10:45,10,45,109,٤٥:١٠,154,142
1416,10:46,10,46,109,٤٦:١٠,154,142
1417,10:47,10,47,109,٤٧:١٠,154,142
1418,10:48,10,48,109,٤٨:١٠,154,142
1419,10:49,10,49,109,٤٩:١٠,154,142
1375,10:5,10,5,109,٥:١٠,150,138
1420,10:50,10,50,109,٥٠:١٠,154,142
1421,10:51,10,51,109,٥١:١٠,154,142
1422,10:52,10,52,109,٥٢:١٠,154,142
1423,10:53,10,53,109,٥٣:١٠,154,142
1424,10:54,10,54,109,٥٤:١٠,154,142
1425,10:55,10,55,109,٥٥:١٠,154,142
1426,10:56,10,56,109,٥٦:١٠,154,142
1427,10:57,10,57,109,٥٧:١٠,155,143
1428,10:58,10,58,109,٥٨:١٠,155,143
1429,10:59,10,59,109,٥٩:١٠,155,143
1376,10:6,10,6,109,٦:١٠,150,138
1430,10:60,10,60,109,٦٠:١٠,155,143
1431,10:61,10,61,109,٦١:١٠,155,143
1432,10:62,10,62,109,٦٢:١٠,155,143
1433,10:63,10,63,109,٦٣:١٠,155,143
1434,10:64,10,64,109,٦٤:١٠,155,143
1435,10:65,10,65,109,٦٥:١٠,155,143
1436,10:66,10,66,109,٦٦:١٠,155,143
1437,10:67,10,67,109,٦٧:١٠,155,143
1438,10:68,10,68,109,٦٨:١٠,155,143
1439,10:69,10,69,109,٦٩:١٠,155,143
1377,10:7,10,7,109,٧:١٠,151,139
1440,10:70,10,70,109,٧٠:١٠,155,143
1441,10:71,10,71,109,٧١:١٠,156,144
1442,10:72,10,72,109,٧٢:١٠,156,144
1443,10:73,10,73,109,٧٣:١٠,156,144
1444,10:74,10,74,109,٧٤:١٠,156,144
1445,10:75,10,75,109,٧٥:١٠,156,144
1446,10:76,10,76,109,٧٦:١٠,156,144
1447,10:77,10,77,109,٧٧:١٠,156,144
1448,10:78,10,78,109,٧٨:١٠,156,144
1449,10:79,10,79,109,٧٩:١٠,156,144
1378,10:8,10,8,109,٨:١٠,151,139
1450,10:80,10,80,109,٨٠:١٠,156,144
1451,10:81,10,81,109,٨١:١٠,156,144
1452,10:82,10,82,109,٨٢:١٠,156,144
1453,10:83,10,83,109,٨٣:١٠,156,144
1454,10:84,10,84,109,٨٤:١٠,156,144
1455,10:85,10,85,109,٨٥:١٠,156,144
1456,10:86,10,86,109,٨٦:١٠,156,144
1457,10:87,10,87,109,٨٧:١٠,156,144
1458,10:88,10,88,109,٨٨:١٠,157,145
1459,10:89,10,89,109,٨٩:١٠,157,145
1379,10:9,10,9,109,٩:١٠,151,139
1460,10:90,10,90,109,٩٠:١٠,157,145
1461,10:91,10,91,109,٩١:١٠,157,145
1462,10:92,10,92,109,٩٢:١٠,157,145
1463,10:93,10,93,109,٩٣:١٠,157,145
1464,10:94,10,94,109,٩٤:١٠,157,145
1465,10:95,10,95,109,٩٥:١٠,158,146
1466,10:96,10,96,109,٩٦:١٠,158,146
1467,10:97,10,97,109,٩٧:١٠,158,146
1468,10:98,10,98,109,٩٨:١٠,158,146
1469,10:99,10,99,109,٩٩:١٠,158,146
6242,100:0,100,0,11,٠:١٠٠,467,455
6243,100:1,100,1,11,١:١٠٠,467,455
6252,100:10,100,10,11,١٠:١٠٠,467,455
6253,100:11,100,11,11,١١:١٠٠,467,455
6244,100:2,100,2,11,٢:١٠٠,467,455
6245,100:3,100,3,11,٣:١٠٠,467,455
6246,100:4,100,4,11,٤:١٠٠,467,455
6247,100:5,100,5,11,٥:١٠٠,467,455
6248,100:6,100,6,11,٦:١٠٠,467,455
6249,100:7,100,7,11,٧:١٠٠,467,455
6250,100:8,100,8,11,٨:١٠٠,467,455
6251,100:9,100,9,11,٩:١٠٠,467,455
6254,101:0,101,0,11,٠:١٠١,468,456
6255,101:1,101,1,11,١:١٠١,468,456
6264,101:10,101,10,11,١٠:١٠١,468,456
6265,101:11,101,11,11,١١:١٠١,468,456
6256,101:2,101,2,11,٢:١٠١,468,456
6257,101:3,101,3,11,٣:١٠١,468,456
6258,101:4,101,4,11,٤:١٠١,468,456
6259,101:5,101,5,11,٥:١٠١,468,456
6260,101:6,101,6,11,٦:١٠١,468,456
6261,101:7,101,7,11,٧:١٠١,468,456
6262,101:8,101,8,11,٨:١٠١,468,456
6263,101:9,101,9,11,٩:١٠١,468,456
6266,102:0,102,0,8,٠:١٠٢,469,457
6267,102:1,102,1,8,١:١٠٢,469,457
6268,102:2,102,2,8,٢:١٠٢,469,457
6269,102:3,102,3,8,٣:١٠٢,469,457
6270,102:4,102,4,8,٤:١٠٢,469,457
6271,102:5,102,5,8,٥:١٠٢,469,457
6272,102:6,102,6,8,٦:١٠٢,469,457
6273,102:7,102,7,8,٧:١٠٢,469,457
6274,102:8,102,8,8,٨:١٠٢,469,457
6275,103:0,103,0,3,٠:١٠٣,470,458
6276,103:1,103,1,3,١:١٠٣,470,458
6277,103:2,103,2,3,٢:١٠٣,470,458
6278,103:3,103,3,3,٣:١٠٣,470,458
6279,104:0,104,0,9,٠:١٠٤,471,459
6280,104:1,104,1,9,١:١٠٤,471,459
6281,104:2,104,2,9,٢:١٠٤,471,459
6282,104:3,104,3,9,٣:١٠٤,471,459
6283,104:4,104,4,9,٤:١٠٤,471,459
6284,104:5,104,5,9,٥:١٠٤,471,459
6285,104:6,104,6,9,٦:١٠٤,471,459
6286,104:7,104,7,9,٧:١٠٤,471,459
6287,104:8,104,8,9,٨:١٠٤,471,459
6288,104:9,104,9,9,٩:١٠٤,471,459
6289,105:0,105,0,5,٠:١٠٥,472,460
6290,105:1,105,1,5,١:١٠٥,472,460
6291,105:2,105,2,5,٢:١٠٥,472,460
6292,105:3,105,3,5,٣:١٠٥,472,460
6293,105:4,105,4,5,٤:١٠٥,472,460
6294,105:5,105,5,5,٥:١٠٥,472,460
6295,106:0,106,0,4,٠:١٠٦,473,461
6296,106:1,106,1,4,١:١٠٦,473,461
6297,106:2,106,2,4,٢:١٠٦,473,461
6298,106:3,106,3,4,٣:١٠٦,473,461
6299,106:4,106,4,4,٤:١٠٦,473,461
6300,107:0,107,0,7,٠:١٠٧,474,462
6301,107:1,107,1,7,١:١٠٧,474,462
6302,107:2,107,2,7,٢:١٠٧,474,462
6303,107:3,107,3,7,٣:١٠٧,474,462
6304,107:4,107,4,7,٤:١٠٧,474,462
6305,107:5,107,5,7,٥:١٠٧,474,462
6306,107:6,107,6,7,٦:١٠٧,474,462
6307,107:7,107,7,7,٧:١٠٧,474,462
6308,108:0,108,0,3,٠:١٠٨,475,463
6309,108:1,108,1,3,١:١٠٨,475,463
6310,108:2,108,2,3,٢:١٠٨,475,463
6311,108:3,108,3,3,٣:١٠٨,475,463
6312,109:0,109,0,6,٠:١٠٩,476,464
6313,109:1,109,1,6,١:١٠٩,476,464
6314,109:2,109,2,6,٢:١٠٩,476,464
6315,109:3,109,3,6,٣:١٠٩,476,464
6316,109:4,109,4,6,٤:١٠٩,476,464
6317,109:5,109,5,6,٥:١٠٩,476,464
6318,109:6,109,6,6,٦:١٠٩,476,464
1480,11:0,11,0,123,٠:١١,159,147
1481,11:1,11,1,123,١:١١,159,147
1490,11:10,11,10,123,١٠:١١,159,147
1580,11:100,11,100,123,١٠٠:١١,165,153
1581,11:101,11,101,123,١٠١:١١,166,154
1582,11:102,11,102,123,١٠٢:١١,166,154
1583,11:103,11,103,123,١٠٣:١١,166,154
1584,11:104,11,104,123,١٠٤:١١,166,154
1585,11:105,11,105,123,١٠٥:١١,166,154
1586,11:106,11,106,123,١٠٦:١١,166,154
1587,11:107,11,107,123,١٠٧:١١,166,154
1588,11:108,11,108,123,١٠٨:١١,166,154
1589,11:109,11,109,123,١٠٩:١١,166,154
1491,11:11,11,11,123,١١:١١,160,148
1590,11:110,11,110,123,١١٠:١١,166,154
1591,11:111,11,111,123,١١١:١١,166,154
1592,11:112,11,112,123,١١٢:١١,166,154
1593,11:113,11,113,123,١١٣:١١,166,154
1594,11:114,11,114,123,١١٤:١١,166,154
1595,11:115,11,115,123,١١٥:١١,166,154
1596,11:116,11,116,123,١١٦:١١,166,154
1597,11:117,11,117,123,١١٧:١١,167,155
1598,11:118,11,118,123,١١٨:١١,167,155
1599,11:119,11,119,123,١١٩:١١,167,155
1492,11:12,11,12,123,١٢:١١,160,148
1600,11:120,11,120,123,١٢٠:١١,167,155
1601,11:121,11,121,123,١٢١:١١,167,155
1602,11:122,11,122,123,١٢٢:١١,167,155
1603,11:123,11,123,123,١٢٣:١١,167,155
1493,11:13,11,13,123,١٣:١١,160,148
1494,11:14,11,14,123,١٤:١١,160,148
1495,11:15,11,15,123,١٥:١١,160,148
1496,11:16,11,16,123,١٦:١١,160,148
1497,11:17,11,17,123,١٧:١١,160,148
1498,11:18,11,18,123,١٨:١١,160,148
1499,11:19,11,19,123,١٩:١١,160,148
1482,11:2,11,2,123,٢:١١,159,147
1500,11:20,11,20,123,٢٠:١١,160,148
1501,11:21,11,21,123,٢١:١١,160,148
1502,11:22,11,22,123,٢٢:١١,160,148
1503,11:23,11,23,123,٢٣:١١,160,148
1504,11:24,11,24,123,٢٤:١١,160,148
1505,11:25,11,25,123,٢٥:١١,161,149
1506,11:26,11,26,123,٢٦:١١,161,149
1507,11:27,11,27,123,٢٧:١١,161,149
1508,11:28,11,28,123,٢٨:١١,161,149
1509,11:29,11,29,123,٢٩:١١,161,149
1483,11:3,11,3,123,٣:١١,159,147
1510,11:30,11,30,123,٣٠:١١,161,149
1511,11:31,11,31,123,٣١:١١,161,149
1512,11:32,11,32,123,٣٢:١١,161,149
1513,11:33,11,33,123,٣٣:١١,161,149
1514,11:34,11,34,123,٣٤:١١,161,149
1515,11:35,11,35,123,٣٥:١١,161,149
1516,11:36,11,36,123,٣٦:١١,161,149
1517,11:37,11,37,123,٣٧:١١,161,149
1518,11:38,11,38,123,٣٨:١١,161,149
1519,11:39,11,39,123,٣٩:١١,161,149
1484,11:4,11,4,123,٤:١١,159,147
1520,11:40,11,40,123,٤٠:١١,162,150
1521,11:41,11,41,123,٤١:١١,162,150
1522,11:42,11,42,123,٤٢:١١,162,150
1523,11:43,11,43,123,٤٣:١١,162,150
1524,11:44,11,44,123,٤٤:١١,162,150
1525,11:45,11,45,123,٤٥:١١,162,150
1526,11:46,11,46,123,٤٦:١١,162,150
1527,11:47,11,47,123,٤٧:١١,162,150
1528,11:48,11,48,123,٤٨:١١,162,150
1529,11:49,11,49,123,٤٩:١١,162,150
1485,11:5,11,5,123,٥:١١,159,147
1530,11:50,11,50,123,٥٠:١١,162,150
1531,11:51,11,51,123,٥١:١١,162,150
1532,11:52,11,52,123,٥٢:١١,162,150
1533,11:53,11,53,123,٥٣:١١,162,150
1534,11:54,11,54,123,٥٤:١١,163,151
1535,11:55,11,55,123,٥٥:١١,163,151
1536,11:56,11,56,123,٥٦:١١,163,151
1537,11:57,11,57,123,٥٧:١١,163,151
1538,11:58,11,58,123,٥٨:١١,163,151
1539,11:59,11,59,123,٥٩:١١,163,151
1486,11:6,11,6,123,٦:١١,159,147
1540,11:60,11,60,123,٦٠:١١,163,151
1541,11:61,11,61,123,٦١:١١,163,151
1542,11:62,11,62,123,٦٢:١١,163,151
1543,11:63,11,63,123,٦٣:١١,163,151
1544,11:64,11,64,123,٦٤:١١,163,151
1545,11:65,11,65,123,٦٥:١١,163,151
1546,11:66,11,66,123,٦٦:١١,163,151
1547,11:67,11,67,123,٦٧:١١,163,151
1548,11:68,11,68,123,٦٨:١١,163,151
1549,11:69,11,69,123,٦٩:١١,164,152
1487,11:7,11,7,123,٧:١١,159,147
1550,11:70,11,70,123,٧٠:١١,164,152
1551,11:71,11,71,123,٧١:١١,164,152
1552,11:72,11,72,123,٧٢:١١,164,152
1553,11:73,11,73,123,٧٣:١١,164,152
1554,11:74,11,74,123,٧٤:١١,164,152
1555,11:75,11,75,123,٧٥:١١,164,152
1556,11:76,11,76,123,٧٦:١١,164,152
1557,11:77,11,77,123,٧٧:١١,164,152
1558,11:78,11,78,123,٧٨:١١,164,152
1559,11:79,11,79,123,٧٩:١١,164,152
1488,11:8,11,8,123,٨:١١,159,147
1560,11:80,11,80,123,٨٠:١١,164,152
1561,11:81,11,81,123,٨١:١١,164,152
1562,11:82,11,82,123,٨٢:١١,164,152
1563,11:83,11,83,123,٨٣:١١,164,152
1564,11:84,11,84,123,٨٤:١١,164,152
1565,11:85,11,85,123,٨٥:١١,165,153
1566,11:86,11,86,123,٨٦:١١,165,153
1567,11:87,11,87,123,٨٧:١١,165,153
1568,11:88,11,88,123,٨٨:١١,165,153
1569,11:89,11,89,123,٨٩:١١,165,153
1489,11:9,11,9,123,٩:١١,159,147
1570,11:90,11,90,123,٩٠:١١,165,153
1571,11:91,11,91,123,٩١:١١,165,153
1572,11:92,11,92,123,٩٢:١١,165,153
1573,11:93,11,93,123,٩٣:١١,165,153
1574,11:94,11,94,123,٩٤:١١,165,153
1575,11:95,11,95,123,٩٥:١١,165,153
1576,11:96,11,96,123,٩٦:١١,165,153
1577,11:97,11,97,123,٩٧:١١,165,153
1578,11:98,11,98,123,٩٨:١١,165,153
1579,11:99,11,99,123,٩٩:١١,165,153
6319,110:0,110,0,3,٠:١١٠,477,465
6320,110:1,110,1,3,١:١١٠,477,465
6321,110:2,110,2,3,٢:١١٠,477,465
6322,110:3,110,3,3,٣:١١٠,477,465
6323,111:0,111,0,5,٠:١١١,478,466
6324,111:1,111,1,5,١:١١١,478,466
6325,111:2,111,2,5,٢:١١١,478,466
6326,111:3,111,3,5,٣:١١١,478,466
6327,111:4,111,4,5,٤:١١١,478,466
6328,111:5,111,5,5,٥:١١١,478,466
6329,112:0,112,0,4,٠:١١٢,479,467
6330,112:1,112,1,4,١:١١٢,479,467
6331,112:2,112,2,4,٢:١١٢,479,467
6332,112:3,112,3,4,٣:١١٢,479,467
6333,112:4,112,4,4,٤:١١٢,479,467
6334,113:0,113,0,5,٠:١١٣,480,468
6335,113:1,113,1,5,١:١١٣,480,468
6336,113:2,113,2,5,٢:١١٣,480,468
6337,113:3,113,3,5,٣:١١٣,480,468
6338,113:4,113,4,5,٤:١١٣,480,468
6339,113:5,113,5,5,٥:١١٣,480,468
6340,114:0,114,0,6,٠:١١٤,481,469
6341,114:1,114,1,6,١:١١٤,481,469
6342,114:2,114,2,6,٢:١١٤,481,469
6343,114:3,114,3,6,٣:١١٤,481,469
6344,114:4,114,4,6,٤:١١٤,481,469
6345,114:5,114,5,6,٥:١١٤,481,469
6346,114:6,114,6,6,٦:١١٤,481,469
1604,12:0,12,0,111,٠:١٢,168,156
1605,12:1,12,1,111,١:١٢,168,156
1614,12:10,12,10,111,١٠:١٢,168,156
1704,12:100,12,100,111,١٠٠:١٢,175,163
1705,12:101,12,101,111,١٠١:١٢,175,163
1706,12:102,12,102,111,١٠٢:١٢,175,163
1707,12:103,12,103,111,١٠٣:١٢,175,163
1708,12:104,12,104,111,١٠٤:١٢,175,163
1709,12:105,12,105,111,١٠٥:١٢,175,163
1710,12:106,12,106,111,١٠٦:١٢,175,163
1711,12:107,12,107,111,١٠٧:١٢,175,163
1712,12:108,12,108,111,١٠٨:١٢,175,163
1713,12:109,12,109,111,١٠٩:١٢,175,163
1615,12:11,12,11,111,١١:١٢,169,157
1714,12:110,12,110,111,١١٠:١٢,176,164
1715,12:111,12,111,111,١١١:١٢,176,164
1616,12:12,12,12,111,١٢:١٢,169,157
1617,12:13,12,13,111,١٣:١٢,169,157
1618,12:14,12,14,111,١٤:١٢,169,157
1619,12:15,12,15,111,١٥:١٢,169,157
1620,12:16,12,16,111,١٦:١٢,169,157
1621,12:17,12,17,111,١٧:١٢,169,157
1622,12:18,12,18,111,١٨:١٢,169,157
1623,12:19,12,19,111,١٩:١٢,169,157
1606,12:2,12,2,111,٢:١٢,168,156
1624,12:20,12,20,111,٢٠:١٢,169,157
1625,12:21,12,21,111,٢١:١٢,169,157
1626,12:22,12,22,111,٢٢:١٢,169,157
1627,12:23,12,23,111,٢٣:١٢,169,157
1628,12:24,12,24,111,٢٤:١٢,170,158
1629,12:25,12,25,111,٢٥:١٢,170,158
1630,12:26,12,26,111,٢٦:١٢,170,158
1631,12:27,12,27,111,٢٧:١٢,170,158
1632,12:28,12,28,111,٢٨:١٢,170,158
1633,12:29,12,29,111,٢٩:١٢,170,158
1607,12:3,12,3,111,٣:١٢,168,156
1634,12:30,12,30,111,٣٠:١٢,170,158
1635,12:31,12,31,111,٣١:١٢,170,158
1636,12:32,12,32,111,٣٢:١٢,170,158
1637,12:33,12,33,111,٣٣:١٢,170,158
1638,12:34,12,34,111,٣٤:١٢,170,158
1639,12:35,12,35,111,٣٥:١٢,170,158
1640,12:36,12,36,111,٣٦:١٢,170,158
1641,12:37,12,37,111,٣٧:١٢,170,158
1642,12:38,12,38,111,٣٨:١٢,170,158
1643,12:39,12,39,111,٣٩:١٢,171,159
1608,12:4,12,4,111,٤:١٢,168,156
1644,12:40,12,40,111,٤٠:١٢,171,159
1645,12:41,12,41,111,٤١:١٢,171,159
1646,12:42,12,42,111,٤٢:١٢,171,159
1647,12:43,12,43,111,٤٣:١٢,171,159
1648,12:44,12,44,111,٤٤:١٢,171,159
1649,12:45,12,45,111,٤٥:١٢,171,159
1650,12:46,12,46,111,٤٦:١٢,171,159
1651,12:47,12,47,111,٤٧:١٢,171,159
1652,12:48,12,48,111,٤٨:١٢,171,159
1653,12:49,12,49,111,٤٩:١٢,171,159
1609,12:5,12,5,111,٥:١٢,168,156
1654,12:50,12,50,111,٥٠:١٢,171,159
1655,12:51,12,51,111,٥١:١٢,172,160
1656,12:52,12,52,111,٥٢:١٢,172,160
1657,12:53,12,53,111,٥٣:١٢,172,160
1658,12:54,12,54,111,٥٤:١٢,172,160
1659,12:55,12,55,111,٥٥:١٢,172,160
1660,12:56,12,56,111,٥٦:١٢,172,160
1661,12:57,12,57,111,٥٧:١٢,172,160
1662,12:58,12,58,111,٥٨:١٢,172,160
1663,12:59,12,59,111,٥٩:١٢,172,160
1610,12:6,12,6,111,٦:١٢,168,156
1664,12:60,12,60,111,٦٠:١٢,172,160
1665,12:61,12,61,111,٦١:١٢,172,160
1666,12:62,12,62,111,٦٢:١٢,172,160
1667,12:63,12,63,111,٦٣:١٢,172,160
1668,12:64,12,64,111,٦٤:١٢,172,160
1669,12:65,12,65,111,٦٥:١٢,172,160
1670,12:66,12,66,111,٦٦:١٢,172,160
1671,12:67,12,67,111,٦٧:١٢,173,161
1672,12:68,12,68,111,٦٨:١٢,173,161
1673,12:69,12,69,111,٦٩:١٢,173,161
1611,12:7,12,7,111,٧:١٢,168,156
1674,12:70,12,70,111,٧٠:١٢,173,161
1675,12:71,12,71,111,٧١:١٢,173,161
1676,12:72,12,72,111,٧٢:١٢,173,161
1677,12:73,12,73,111,٧٣:١٢,173,161
1678,12:74,12,74,111,٧٤:١٢,173,161
1679,12:75,12,75,111,٧٥:١٢,173,161
1680,12:76,12,76,111,٧٦:١٢,173,161
1681,12:77,12,77,111,٧٧:١٢,173,161
1682,12:78,12,78,111,٧٨:١٢,173,161
1683,12:79,12,79,111,٧٩:١٢,173,161
1612,12:8,12,8,111,٨:١٢,168,156
1684,12:80,12,80,111,٨٠:١٢,173,161
1685,12:81,12,81,111,٨١:١٢,174,162
1686,12:82,12,82,111,٨٢:١٢,174,162
1687,12:83,12,83,111,٨٣:١٢,174,162
1688,12:84,12,84,111,٨٤:١٢,174,162
1689,12:85,12,85,111,٨٥:١٢,174,162
1690,12:86,12,86,111,٨٦:١٢,174,162
1691,12:87,12,87,111,٨٧:١٢,174,162
1692,12:88,12,88,111,٨٨:١٢,174,162
1693,12:89,12,89,111,٨٩:١٢,174,162
1613,12:9,12,9,111,٩:١٢,168,156
1694,12:90,12,90,111,٩٠:١٢,174,162
1695,12:91,12,91,111,٩١:١٢,174,162
1696,12:92,12,92,111,٩٢:١٢,174,162
1697,12:93,12,93,111,٩٣:١٢,174,162
1698,12:94,12,94,111,٩٤:١٢,174,162
1699,12:95,12,95,111,٩٥:١٢,174,162
1700,12:96,12,96,111,٩٦:١٢,174,162
1701,12:97,12,97,111,٩٧:١٢,175,163
1702,12:98,12,98,111,٩٨:١٢,175,163
1703,12:99,12,99,111,٩٩:١٢,175,163
1716,13:0,13,0,43,٠:١٣,177,165
1717,13:1,13,1,43,١:١٣,177,165
1726,13:10,13,10,43,١٠:١٣,178,166
1727,13:11,13,11,43,١١:١٣,178,166
1728,13:12,13,12,43,١٢:١٣,178,166
1729,13:13,13,13,43,١٣:١٣,178,166
1730,13:14,13,14,43,١٤:١٣,178,166
1731,13:15,13,15,43,١٥:١٣,178,166
1732,13:16,13,16,43,١٦:١٣,178,166
1733,13:17,13,17,43,١٧:١٣,179,167
1734,13:18,13,18,43,١٨:١٣,179,167
1735,13:19,13,19,43,١٩:١٣,179,167
1718,13:2,13,2,43,٢:١٣,177,165
1736,13:20,13,20,43,٢٠:١٣,179,167
1737,13:21,13,21,43,٢١:١٣,179,167
1738,13:22,13,22,43,٢٢:١٣,179,167
1739,13:23,13,23,43,٢٣:١٣,179,167
1740,13:24,13,24,43,٢٤:١٣,179,167
1741,13:25,13,25,43,٢٥:١٣,179,167
1742,13:26,13,26,43,٢٦:١٣,179,167
1743,13:27,13,27,43,٢٧:١٣,179,167
1744,13:28,13,28,43,٢٨:١٣,179,167
1745,13:29,13,29,43,٢٩:١٣,180,168
1719,13:3,13,3,43,٣:١٣,177,165
1746,13:30,13,30,43,٣٠:١٣,180,168
1747,13:31,13,31,43,٣١:١٣,180,168
1748,13:32,13,32,43,٣٢:١٣,180,168
1749,13:33,13,33,43,٣٣:١٣,180,168
1750,13:34,13,34,43,٣٤:١٣,180,168
1751,13:35,13,35,43,٣٥:١٣,180,168
1752,13:36,13,36,43,٣٦:١٣,180,168
1753,13:37,13,37,43,٣٧:١٣,180,168
1754,13:38,13,38,43,٣٨:١٣,181,169
1755,13:39,13,39,43,٣٩:١٣,181,169
1720,13:4,13,4,43,٤:١٣,177,165
1756,13:40,13,40,43,٤٠:١٣,181,169
1757,13:41,13,41,43,٤١:١٣,181,169
1758,13:42,13,42,43,٤٢:١٣,181,169
1759,13:43,13,43,43,٤٣:١٣,181,169
1721,13:5,13,5,43,٥:١٣,177,165
1722,13:6,13,6,43,٦:١٣,178,166
1723,13:7,13,7,43,٧:١٣,178,166
1724,13:8,13,8,43,٨:١٣,178,166
1725,13:9,13,9,43,٩:١٣,178,166
1760,14:0,14,0,52,٠:١٤,182,170
1761,14:1,14,1,52,١:١٤,182,170
1770,14:10,14,10,52,١٠:١٤,182,170
1771,14:11,14,11,52,١١:١٤,183,171
1772,14:12,14,12,52,١٢:١٤,183,171
1773,14:13,14,13,52,١٣:١٤,183,171
1774,14:14,14,14,52,١٤:١٤,183,171
1775,14:15,14,15,52,١٥:١٤,183,171
1776,14:16,14,16,52,١٦:١٤,183,171
1777,14:17,14,17,52,١٧:١٤,183,171
1778,14:18,14,18,52,١٨:١٤,183,171
1779,14:19,14,19,52,١٩:١٤,183,171
1762,14:2,14,2,52,٢:١٤,182,170
1780,14:20,14,20,52,٢٠:١٤,183,171
1781,14:21,14,21,52,٢١:١٤,183,171
1782,14:22,14,22,52,٢٢:١٤,183,171
1783,14:23,14,23,52,٢٣:١٤,183,171
1784,14:24,14,24,52,٢٤:١٤,184,172
1785,14:25,14,25,52,٢٥:١٤,184,172
1786,14:26,14,26,52,٢٦:١٤,184,172
1787,14:27,14,27,52,٢٧:١٤,184,172
1788,14:28,14,28,52,٢٨:١٤,184,172
1789,14:29,14,29,52,٢٩:١٤,184,172
1763,14:3,14,3,52,٣:١٤,182,170
1790,14:30,14,30,52,٣٠:١٤,184,172
1791,14:31,14,31,52,٣١:١٤,184,172
1792,14:32,14,32,52,٣٢:١٤,184,172
1793,14:33,14,33,52,٣٣:١٤,184,172
1794,14:34,14,34,52,٣٤:١٤,184,172
1795,14:35,14,35,52,٣٥:١٤,184,172
1796,14:36,14,36,52,٣٦:١٤,184,172
1797,14:37,14,37,52,٣٧:١٤,184,172
1798,14:38,14,38,52,٣٨:١٤,185,173
1799,14:39,14,39,52,٣٩:١٤,185,173
1764,14:4,14,4,52,٤:١٤,182,170
1800,14:40,14,40,52,٤٠:١٤,185,173
1801,14:41,14,41,52,٤١:١٤,185,173
1802,14:42,14,42,52,٤٢:١٤,185,173
1803,14:43,14,43,52,٤٣:١٤,185,173
1804,14:44,14,44,52,٤٤:١٤,185,173
1805,14:45,14,45,52,٤٥:١٤,185,173
1806,14:46,14,46,52,٤٦:١٤,185,173
1807,14:47,14,47,52,٤٧:١٤,185,173
1808,14:48,14,48,52,٤٨:١٤,185,173
1809,14:49,14,49,52,٤٩:١٤,185,173
1765,14:5,14,5,52,٥:١٤,182,170
1810,14:50,14,50,52,٥٠:١٤,185,173
1811,14:51,14,51,52,٥١:١٤,185,173
1812,14:52,14,52,52,٥٢:١٤,185,173
1766,14:6,14,6,52,٦:١٤,182,170
1767,14:7,14,7,52,٧:١٤,182,170
1768,14:8,14,8,52,٨:١٤,182,170
1769,14:9,14,9,52,٩:١٤,182,170
1813,15:0,15,0,99,٠:١٥,186,174
1814,15:1,15,1,99,١:١٥,186,174
1823,15:10,15,10,99,١٠:١٥,186,174
1824,15:11,15,11,99,١١:١٥,186,174
1825,15:12,15,12,99,١٢:١٥,186,174
1826,15:13,15,13,99,١٣:١٥,186,174
1827,15:14,15,14,99,١٤:١٥,186,174
1828,15:15,15,15,99,١٥:١٥,186,174
1829,15:16,15,16,99,١٦:١٥,186,174
1830,15:17,15,17,99,١٧:١٥,186,174
1831,15:18,15,18,99,١٨:١٥,186,174
1832,15:19,15,19,99,١٩:١٥,186,174
1815,15:2,15,2,99,٢:١٥,186,174
1833,15:20,15,20,99,٢٠:١٥,187,175
1834,15:21,15,21,99,٢١:١٥,187,175
1835,15:22,15,22,99,٢٢:١٥,187,175
1836,15:23,15,23,99,٢٣:١٥,187,175
1837,15:24,15,24,99,٢٤:١٥,187,175
1838,15:25,15,25,99,٢٥:١٥,187,175
1839,15:26,15,26,99,٢٦:١٥,187,175
1840,15:27,15,27,99,٢٧:١٥,187,175
1841,15:28,15,28,99,٢٨:١٥,187,175
1842,15:29,15,29,99,٢٩:١٥,187,175
1816,15:3,15,3,99,٣:١٥,186,174
1843,15:30,15,30,99,٣٠:١٥,187,175
1844,15:31,15,31,99,٣١:١٥,187,175
1845,15:32,15,32,99,٣٢:١٥,187,175
1846,15:33,15,33,99,٣٣:١٥,187,175
1847,15:34,15,34,99,٣٤:١٥,187,175
1848,15:35,15,35,99,٣٥:١٥,187,175
1849,15:36,15,36,99,٣٦:١٥,187,175
1850,15:37,15,37,99,٣٧:١٥,187,175
1851,15:38,15,38,99,٣٨:١٥,187,175
1852,15:39,15,39,99,٣٩:١٥,187,175
1817,15:4,15,4,99,٤:١٥,186,174
1853,15:40,15,40,99,٤٠:١٥,187,175
1854,15:41,15,41,99,٤١:١٥,187,175
1855,15:42,15,42,99,٤٢:١٥,187,175
1856,15:43,15,43,99,٤٣:١٥,187,175
1857,15:44,15,44,99,٤٤:١٥,187,175
1858,15:45,15,45,99,٤٥:١٥,188,176
1859,15:46,15,46,99,٤٦:١٥,188,176
1860,15:47,15,47,99,٤٧:١٥,188,176
1861,15:48,15,48,99,٤٨:١٥,188,176
1862,15:49,15,49,99,٤٩:١٥,188,176
1818,15:5,15,5,99,٥:١٥,186,174
1863,15:50,15,50,99,٥٠:١٥,188,176
1864,15:51,15,51,99,٥١:١٥,188,176
1865,15:52,15,52,99,٥٢:١٥,188,176
1866,15:53,15,53,99,٥٣:١٥,188,176
1867,15:54,15,54,99,٥٤:١٥,188,176
1868,15:55,15,55,99,٥٥:١٥,188,176
1869,15:56,15,56,99,٥٦:١٥,188,176
1870,15:57,15,57,99,٥٧:١٥,188,176
1871,15:58,15,58,99,٥٨:١٥,188,176
1872,15:59,15,59,99,٥٩:١٥,188,176
1819,15:6,15,6,99,٦:١٥,186,174
1873,15:60,15,60,99,٦٠:١٥,188,176
1874,15:61,15,61,99,٦١:١٥,188,176
1875,15:62,15,62,99,٦٢:١٥,188,176
1876,15:63,15,63,99,٦٣:١٥,188,176
1877,15:64,15,64,99,٦٤:١٥,188,176
1878,15:65,15,65,99,٦٥:١٥,188,176
1879,15:66,15,66,99,٦٦:١٥,188,176
1880,15:67,15,67,99,٦٧:١٥,188,176
1881,15:68,15,68,99,٦٨:١٥,188,176
1882,15:69,15,69,99,٦٩:١٥,188,176
1820,15:7,15,7,99,٧:١٥,186,174
1883,15:70,15,70,99,٧٠:١٥,188,176
1884,15:71,15,71,99,٧١:١٥,188,176
1885,15:72,15,72,99,٧٢:١٥,188,176
1886,15:73,15,73,99,٧٣:١٥,188,176
1887,15:74,15,74,99,٧٤:١٥,188,176
1888,15:75,15,75,99,٧٥:١٥,188,176
1889,15:76,15,76,99,٧٦:١٥,188,176
1890,15:77,15,77,99,٧٧:١٥,188,176
1891,15:78,15,78,99,٧٨:١٥,188,176
1892,15:79,15,79,99,٧٩:١٥,188,176
1821,15:8,15,8,99,٨:١٥,186,174
1893,15:80,15,80,99,٨٠:١٥,189,177
1894,15:81,15,81,99,٨١:١٥,189,177
1895,15:82,15,82,99,٨٢:١٥,189,177
1896,15:83,15,83,99,٨٣:١٥,189,177
1897,15:84,15,84,99,٨٤:١٥,189,177
1898,15:85,15,85,99,٨٥:١٥,189,177
1899,15:86,15,86,99,٨٦:١٥,189,177
1900,15:87,15,87,99,٨٧:١٥,189,177
1901,15:88,15,88,99,٨٨:١٥,189,177
1902,15:89,15,89,99,٨٩:١٥,189,177
1822,15:9,15,9,99,٩:١٥,186,174
1903,15:90,15,90,99,٩٠:١٥,189,177
1904,15:91,15,91,99,٩١:١٥,189,177
1905,15:92,15,92,99,٩٢:١٥,189,177
1906,15:93,15,93,99,٩٣:١٥,189,177
1907,15:94,15,94,99,٩٤:١٥,189,177
1908,15:95,15,95,99,٩٥:١٥,189,177
1909,15:96,15,96,99,٩٦:١٥,189,177
1910,15:97,15,97,99,٩٧:١٥,189,177
1911,15:98,15,98,99,٩٨:١٥,189,177
1912,15:99,15,99,99,٩٩:١٥,189,177
1913,16:0,16,0,128,٠:١٦,190,178
1914,16:1,16,1,128,١:١٦,190,178
1923,16:10,16,10,128,١٠:١٦,190,178
2013,16:100,16,100,128,١٠٠:١٦,196,184
2014,16:101,16,101,128,١٠١:١٦,196,184
2015,16:102,16,102,128,١٠٢:١٦,197,185
2016,16:103,16,103,128,١٠٣:١٦,197,185
2017,16:104,16,104,128,١٠٤:١٦,197,185
2018,16:105,16,105,128,١٠٥:١٦,197,185
2019,16:106,16,106,128,١٠٦:١٦,197,185
2020,16:107,16,107,128,١٠٧:١٦,197,185
2021,16:108,16,108,128,١٠٨:١٦,197,185
2022,16:109,16,109,128,١٠٩:١٦,197,185
1924,16:11,16,11,128,١١:١٦,190,178
2023,16:110,16,110,128,١١٠:١٦,197,185
2024,16:111,16,111,128,١١١:١٦,197,185
2025,16:112,16,112,128,١١٢:١٦,197,185
2026,16:113,16,113,128,١١٣:١٦,197,185
2027,16:114,16,114,128,١١٤:١٦,197,185
2028,16:115,16,115,128,١١٥:١٦,198,186
2029,16:116,16,116,128,١١٦:١٦,198,186
2030,16:117,16,117,128,١١٧:١٦,198,186
2031,16:118,16,118,128,١١٨:١٦,198,186
2032,16:119,16,119,128,١١٩:١٦,198,186
1925,16:12,16,12,128,١٢:١٦,190,178
2033,16:120,16,120,128,١٢٠:١٦,198,186
2034,16:121,16,121,128,١٢١:١٦,198,186
2035,16:122,16,122,128,١٢٢:١٦,198,186
2036,16:123,16,123,128,١٢٣:١٦,198,186
2037,16:124,16,124,128,١٢٤:١٦,198,186
2038,16:125,16,125,128,١٢٥:١٦,198,186
2039,16:126,16,126,128,١٢٦:١٦,198,186
2040,16:127,16,127,128,١٢٧:١٦,198,186
2041,16:128,16,128,128,١٢٨:١٦,198,186
1926,16:13,16,13,128,١٣:١٦,190,178
1927,16:14,16,14,128,١٤:١٦,190,178
1928,16:15,16,15,128,١٥:١٦,190,178
1929,16:16,16,16,128,١٦:١٦,190,178
1930,16:17,16,17,128,١٧:١٦,191,179
1931,16:18,16,18,128,١٨:١٦,191,179
1932,16:19,16,19,128,١٩:١٦,191,179
1915,16:2,16,2,128,٢:١٦,190,178
1933,16:20,16,20,128,٢٠:١٦,191,179
1934,16:21,16,21,128,٢١:١٦,191,179
1935,16:22,16,22,128,٢٢:١٦,191,179
1936,16:23,16,23,128,٢٣:١٦,191,179
1937,16:24,16,24,128,٢٤:١٦,191,179
1938,16:25,16,25,128,٢٥:١٦,191,179
1939,16:26,16,26,128,٢٦:١٦,191,179
1940,16:27,16,27,128,٢٧:١٦,192,180
1941,16:28,16,28,128,٢٨:١٦,192,180
1942,16:29,16,29,128,٢٩:١٦,192,180
1916,16:3,16,3,128,٣:١٦,190,178
1943,16:30,16,30,128,٣٠:١٦,192,180
1944,16:31,16,31,128,٣١:١٦,192,180
1945,16:32,16,32,128,٣٢:١٦,192,180
1946,16:33,16,33,128,٣٣:١٦,192,180
1947,16:34,16,34,128,٣٤:١٦,192,180
1948,16:35,16,35,128,٣٥:١٦,192,180
1949,16:36,16,36,128,٣٦:١٦,192,180
1950,16:37,16,37,128,٣٧:١٦,192,180
1951,16:38,16,38,128,٣٨:١٦,192,180
1952,16:39,16,39,128,٣٩:١٦,192,180
1917,16:4,16,4,128,٤:١٦,190,178
1953,16:40,16,40,128,٤٠:١٦,192,180
1954,16:41,16,41,128,٤١:١٦,192,180
1955,16:42,16,42,128,٤٢:١٦,192,180
1956,16:43,16,43,128,٤٣:١٦,193,181
1957,16:44,16,44,128,٤٤:١٦,193,181
1958,16:45,16,45,128,٤٥:١٦,193,181
1959,16:46,16,46,128,٤٦:١٦,193,181
1960,16:47,16,47,128,٤٧:١٦,193,181
1961,16:48,16,48,128,٤٨:١٦,193,181
1962,16:49,16,49,128,٤٩:١٦,193,181
1918,16:5,16,5,128,٥:١٦,190,178
1963,16:50,16,50,128,٥٠:١٦,193,181
1964,16:51,16,51,128,٥١:١٦,193,181
1965,16:52,16,52,128,٥٢:١٦,193,181
1966,16:53,16,53,128,٥٣:١٦,193,181
1967,16:54,16,54,128,٥٤:١٦,193,181
1968,16:55,16,55,128,٥٥:١٦,193,181
1969,16:56,16,56,128,٥٦:١٦,193,181
1970,16:57,16,57,128,٥٧:١٦,193,181
1971,16:58,16,58,128,٥٨:١٦,193,181
1972,16:59,16,59,128,٥٩:١٦,193,181
1919,16:6,16,6,128,٦:١٦,190,178
1973,16:60,16,60,128,٦٠:١٦,193,181
1974,16:61,16,61,128,٦١:١٦,194,182
1975,16:62,16,62,128,٦٢:١٦,194,182
1976,16:63,16,63,128,٦٣:١٦,194,182
1977,16:64,16,64,128,٦٤:١٦,194,182
1978,16:65,16,65,128,٦٥:١٦,194,182
1979,16:66,16,66,128,٦٦:١٦,194,182
1980,16:67,16,67,128,٦٧:١٦,194,182
1981,16:68,16,68,128,٦٨:١٦,194,182
1982,16:69,16,69,128,٦٩:١٦,194,182
1920,16:7,16,7,128,٧:١٦,190,178
1983,16:70,16,70,128,٧٠:١٦,194,182
1984,16:71,16,71,128,٧١:١٦,194,182
1985,16:72,16,72,128,٧٢:١٦,194,182
1986,16:73,16,73,128,٧٣:١٦,194,182
1987,16:74,16,74,128,٧٤:١٦,194,182
1988,16:75,16,75,128,٧٥:١٦,195,183
1989,16:76,16,76,128,٧٦:١٦,195,183
1990,16:77,16,77,128,٧٧:١٦,195,183
1991,16:78,16,78,128,٧٨:١٦,195,183
1992,16:79,16,79,128,٧٩:١٦,195,183
1921,16:8,16,8,128,٨:١٦,190,178
1993,16:80,16,80,128,٨٠:١٦,195,183
1994,16:81,16,81,128,٨١:١٦,195,183
1995,16:82,16,82,128,٨٢:١٦,195,183
1996,16:83,16,83,128,٨٣:١٦,195,183
1997,16:84,16,84,128,٨٤:١٦,195,183
1998,16:85,16,85,128,٨٥:١٦,195,183
1999,16:86,16,86,128,٨٦:١٦,195,183
2000,16:87,16,87,128,٨٧:١٦,195,183
2001,16:88,16,88,128,٨٨:١٦,195,183
2002,16:89,16,89,128,٨٩:١٦,196,184
1922,16:9,16,9,128,٩:١٦,190,178
2003,16:90,16,90,128,٩٠:١٦,196,184
2004,16:91,16,91,128,٩١:١٦,196,184
2005,16:92,16,92,128,٩٢:١٦,196,184
2006,16:93,16,93,128,٩٣:١٦,196,184
2007,16:94,16,94,128,٩٤:١٦,196,184
2008,16:95,16,95,128,٩٥:١٦,196,184
2009,16:96,16,96,128,٩٦:١٦,196,184
2010,16:97,16,97,128,٩٧:١٦,196,184
2011,16:98,16,98,128,٩٨:١٦,196,184
2012,16:99,16,99,128,٩٩:١٦,196,184
2042,17:0,17,0,111,٠:١٧,199,187
2043,17:1,17,1,111,١:١٧,199,187
2052,17:10,17,10,111,١٠:١٧,200,188
2142,17:100,17,100,111,١٠٠:١٧,207,195
2143,17:101,17,101,111,١٠١:١٧,207,195
2144,17:102,17,102,111,١٠٢:١٧,207,195
2145,17:103,17,103,111,١٠٣:١٧,207,195
2146,17:104,17,104,111,١٠٤:١٧,207,195
2147,17:105,17,105,111,١٠٥:١٧,207,195
2148,17:106,17,106,111,١٠٦:١٧,208,196
2149,17:107,17,107,111,١٠٧:١٧,208,196
2150,17:108,17,108,111,١٠٨:١٧,208,196
2151,17:109,17,109,111,١٠٩:١٧,208,196
2053,17:11,17,11,111,١١:١٧,200,188
2152,17:110,17,110,111,١١٠:١٧,208,196
2153,17:111,17,111,111,١١١:١٧,208,196
2054,17:12,17,12,111,١٢:١٧,200,188
2055,17:13,17,13,111,١٣:١٧,200,188
2056,17:14,17,14,111,١٤:١٧,200,188
2057,17:15,17,15,111,١٥:١٧,200,188
2058,17:16,17,16,111,١٦:١٧,200,188
2059,17:17,17,17,111,١٧:١٧,200,188
2060,17:18,17,18,111,١٨:١٧,201,189
2061,17:19,17,19,111,١٩:١٧,201,189
2044,17:2,17,2,111,٢:١٧,199,187
2062,17:20,17,20,111,٢٠:١٧,201,189
2063,17:21,17,21,111,٢١:١٧,201,189
2064,17:22,17,22,111,٢٢:١٧,201,189
2065,17:23,17,23,111,٢٣:١٧,201,189
2066,17:24,17,24,111,٢٤:١٧,201,189
2067,17:25,17,25,111,٢٥:١٧,201,189
2068,17:26,17,26,111,٢٦:١٧,201,189
2069,17:27,17,27,111,٢٧:١٧,201,189
2070,17:28,17,28,111,٢٨:١٧,201,189
2071,17:29,17,29,111,٢٩:١٧,201,189
2045,17:3,17,3,111,٣:١٧,199,187
2072,17:30,17,30,111,٣٠:١٧,201,189
2073,17:31,17,31,111,٣١:١٧,201,189
2074,17:32,17,32,111,٣٢:١٧,201,189
2075,17:33,17,33,111,٣٣:١٧,201,189
2076,17:34,17,34,111,٣٤:١٧,202,190
2077,17:35,17,35,111,٣٥:١٧,202,190
2078,17:36,17,36,111,٣٦:١٧,202,190
2079,17:37,17,37,111,٣٧:١٧,202,190
2080,17:38,17,38,111,٣٨:١٧,202,190
2081,17:39,17,39,111,٣٩:١٧,202,190
2046,17:4,17,4,111,٤:١٧,199,187
2082,17:40,17,40,111,٤٠:١٧,202,190
2083,17:41,17,41,111,٤١:١٧,202,190
2084,17:42,17,42,111,٤٢:١٧,202,190
2085,17:43,17,43,111,٤٣:١٧,202,190
2086,17:44,17,44,111,٤٤:١٧,202,190
2087,17:45,17,45,111,٤٥:١٧,202,190
2088,17:46,17,46,111,٤٦:١٧,203,191
2089,17:47,17,47,111,٤٧:١٧,203,191
2090,17:48,17,48,111,٤٨:١٧,203,191
2091,17:49,17,49,111,٤٩:١٧,203,191
2047,17:5,17,5,111,٥:١٧,199,187
2092,17:50,17,50,111,٥٠:١٧,203,191
2093,17:51,17,51,111,٥١:١٧,203,191
2094,17:52,17,52,111,٥٢:١٧,203,191
2095,17:53,17,53,111,٥٣:١٧,203,191
2096,17:54,17,54,111,٥٤:١٧,203,191
2097,17:55,17,55,111,٥٥:١٧,203,191
2098,17:56,17,56,111,٥٦:١٧,203,191
2099,17:57,17,57,111,٥٧:١٧,204,192
2100,17:58,17,58,111,٥٨:١٧,204,192
2101,17:59,17,59,111,٥٩:١٧,204,192
2048,17:6,17,6,111,٦:١٧,200,188
2102,17:60,17,60,111,٦٠:١٧,204,192
2103,17:61,17,61,111,٦١:١٧,204,192
2104,17:62,17,62,111,٦٢:١٧,204,192
2105,17:63,17,63,111,٦٣:١٧,204,192
2106,17:64,17,64,111,٦٤:١٧,204,192
2107,17:65,17,65,111,٦٥:١٧,204,192
2108,17:66,17,66,111,٦٦:١٧,205,193
2109,17:67,17,67,111,٦٧:١٧,205,193
2110,17:68,17,68,111,٦٨:١٧,205,193
2111,17:69,17,69,111,٦٩:١٧,205,193
2049,17:7,17,7,111,٧:١٧,200,188
2112,17:70,17,70,111,٧٠:١٧,205,193
2113,17:71,17,71,111,٧١:١٧,205,193
2114,17:72,17,72,111,٧٢:١٧,205,193
2115,17:73,17,73,111,٧٣:١٧,205,193
2116,17:74,17,74,111,٧٤:١٧,205,193
2117,17:75,17,75,111,٧٥:١٧,205,193
2118,17:76,17,76,111,٧٦:١٧,205,193
2119,17:77,17,77,111,٧٧:١٧,205,193
2120,17:78,17,78,111,٧٨:١٧,205,193
2121,17:79,17,79,111,٧٩:١٧,205,193
2050,17:8,17,8,111,٨:١٧,200,188
2122,17:80,17,80,111,٨٠:١٧,205,193
2123,17:81,17,81,111,٨١:١٧,205,193
2124,17:82,17,82,111,٨٢:١٧,206,194
2125,17:83,17,83,111,٨٣:١٧,206,194
2126,17:84,17,84,111,٨٤:١٧,206,194
2127,17:85,17,85,111,٨٥:١٧,206,194
2128,17:86,17,86,111,٨٦:١٧,206,194
2129,17:87,17,87,111,٨٧:١٧,206,194
2130,17:88,17,88,111,٨٨:١٧,206,194
2131,17:89,17,89,111,٨٩:١٧,206,194
2051,17:9,17,9,111,٩:١٧,200,188
2132,17:90,17,90,111,٩٠:١٧,206,194
2133,17:91,17,91,111,٩١:١٧,206,194
2134,17:92,17,92,111,٩٢:١٧,206,194
2135,17:93,17,93,111,٩٣:١٧,206,194
2136,17:94,17,94,111,٩٤:١٧,206,194
2137,17:95,17,95,111,٩٥:١٧,207,195
2138,17:96,17,96,111,٩٦:١٧,207,195
2139,17:97,17,97,111,٩٧:١٧,207,195
2140,17:98,17,98,111,٩٨:١٧,207,195
2141,17:99,17,99,111,٩٩:١٧,207,195
2154,18:0,18,0,110,٠:١٨,209,197
2155,18:1,18,1,110,١:١٨,209,197
2164,18:10,18,10,110,١٠:١٨,210,198
2254,18:100,18,100,110,١٠٠:١٨,216,204
2255,18:101,18,101,110,١٠١:١٨,216,204
2256,18:102,18,102,110,١٠٢:١٨,216,204
2257,18:103,18,103,110,١٠٣:١٨,216,204
2258,18:104,18,104,110,١٠٤:١٨,216,204
2259,18:105,18,105,110,١٠٥:١٨,216,204
2260,18:106,18,106,110,١٠٦:١٨,216,204
2261,18:107,18,107,110,١٠٧:١٨,216,204
2262,18:108,18,108,110,١٠٨:١٨,216,204
2263,18:109,18,109,110,١٠٩:١٨,217,205
2165,18:11,18,11,110,١١:١٨,210,198
2264,18:110,18,110,110,١١٠:١٨,217,205
2166,18:12,18,12,110,١٢:١٨,210,198
2167,18:13,18,13,110,١٣:١٨,210,198
2168,18:14,18,14,110,١٤:١٨,210,198
2169,18:15,18,15,110,١٥:١٨,210,198
2170,18:16,18,16,110,١٦:١٨,210,198
2171,18:17,18,17,110,١٧:١٨,210,198
2172,18:18,18,18,110,١٨:١٨,210,198
2173,18:19,18,19,110,١٩:١٨,211,199
2156,18:2,18,2,110,٢:١٨,209,197
2174,18:20,18,20,110,٢٠:١٨,211,199
2175,18:21,18,21,110,٢١:١٨,211,199
2176,18:22,18,22,110,٢٢:١٨,211,199
2177,18:23,18,23,110,٢٣:١٨,211,199
2178,18:24,18,24,110,٢٤:١٨,211,199
2179,18:25,18,25,110,٢٥:١٨,211,199
2180,18:26,18,26,110,٢٦:١٨,211,199
2181,18:27,18,27,110,٢٧:١٨,211,199
2182,18:28,18,28,110,٢٨:١٨,212,200
2183,18:29,18,29,110,٢٩:١٨,212,200
2157,18:3,18,3,110,٣:١٨,209,197
2184,18:30,18,30,110,٣٠:١٨,212,200
2185,18:31,18,31,110,٣١:١٨,212,200
2186,18:32,18,32,110,٣٢:١٨,212,200
2187,18:33,18,33,110,٣٣:١٨,212,200
2188,18:34,18,34,110,٣٤:١٨,212,200
2189,18:35,18,35,110,٣٥:١٨,212,200
2190,18:36,18,36,110,٣٦:١٨,212,200
2191,18:37,18,37,110,٣٧:١٨,212,200
2192,18:38,18,38,110,٣٨:١٨,212,200
2193,18:39,18,39,110,٣٩:١٨,212,200
2158,18:4,18,4,110,٤:١٨,209,197
2194,18:40,18,40,110,٤٠:١٨,212,200
2195,18:41,18,41,110,٤١:١٨,213,201
2196,18:42,18,42,110,٤٢:١٨,213,201
2197,18:43,18,43,110,٤٣:١٨,213,201
2198,18:44,18,44,110,٤٤:١٨,213,201
2199,18:45,18,45,110,٤٥:١٨,213,201
2200,18:46,18,46,110,٤٦:١٨,213,201
2201,18:47,18,47,110,٤٧:١٨,213,201
2202,18:48,18,48,110,٤٨:١٨,213,201
2203,18:49,18,49,110,٤٩:١٨,213,201
2159,18:5,18,5,110,٥:١٨,209,197
2204,18:50,18,50,110,٥٠:١٨,213,201
2205,18:51,18,51,110,٥١:١٨,213,201
2206,18:52,18,52,110,٥٢:١٨,213,201
2207,18:53,18,53,110,٥٣:١٨,213,201
2208,18:54,18,54,110,٥٤:١٨,214,202
2209,18:55,18,55,110,٥٥:١٨,214,202
2210,18:56,18,56,110,٥٦:١٨,214,202
2211,18:57,18,57,110,٥٧:١٨,214,202
2212,18:58,18,58,110,٥٨:١٨,214,202
2213,18:59,18,59,110,٥٩:١٨,214,202
2160,18:6,18,6,110,٦:١٨,209,197
2214,18:60,18,60,110,٦٠:١٨,214,202
2215,18:61,18,61,110,٦١:١٨,214,202
2216,18:62,18,62,110,٦٢:١٨,214,202
2217,18:63,18,63,110,٦٣:١٨,214,202
2218,18:64,18,64,110,٦٤:١٨,214,202
2219,18:65,18,65,110,٦٥:١٨,214,202
2220,18:66,18,66,110,٦٦:١٨,214,202
2221,18:67,18,67,110,٦٧:١٨,214,202
2222,18:68,18,68,110,٦٨:١٨,214,202
2223,18:69,18,69,110,٦٩:١٨,215,203
2161,18:7,18,7,110,٧:١٨,209,197
2224,18:70,18,70,110,٧٠:١٨,215,203
2225,18:71,18,71,110,٧١:١٨,215,203
2226,18:72,18,72,110,٧٢:١٨,215,203
2227,18:73,18,73,110,٧٣:١٨,215,203
2228,18:74,18,74,110,٧٤:١٨,215,203
2229,18:75,18,75,110,٧٥:١٨,215,203
2230,18:76,18,76,110,٧٦:١٨,215,203
2231,18:77,18,77,110,٧٧:١٨,215,203
2232,18:78,18,78,110,٧٨:١٨,215,203
2233,18:79,18,79,110,٧٩:١٨,215,203
2162,18:8,18,8,110,٨:١٨,209,197
2234,18:80,18,80,110,٨٠:١٨,215,203
2235,18:81,18,81,110,٨١:١٨,215,203
2236,18:82,18,82,110,٨٢:١٨,215,203
2237,18:83,18,83,110,٨٣:١٨,215,203
2238,18:84,18,84,110,٨٤:١٨,215,203
2239,18:85,18,85,110,٨٥:١٨,215,203
2240,18:86,18,86,110,٨٦:١٨,216,204
2241,18:87,18,87,110,٨٧:١٨,216,204
2242,18:88,18,88,110,٨٨:١٨,216,204
2243,18:89,18,89,110,٨٩:١٨,216,204
2163,18:9,18,9,110,٩:١٨,209,197
2244,18:90,18,90,110,٩٠:١٨,216,204
2245,18:91,18,91,110,٩١:١٨,216,204
2246,18:92,18,92,110,٩٢:١٨,216,204
2247,18:93,18,93,110,٩٣:١٨,216,204
2248,18:94,18,94,110,٩٤:١٨,216,204
2249,18:95,18,95,110,٩٥:١٨,216,204
2250,18:96,18,96,110,٩٦:١٨,216,204
2251,18:97,18,97,110,٩٧:١٨,216,204
2252,18:98,18,98,110,٩٨:١٨,216,204
2253,18:99,18,99,110,٩٩:١٨,216,204
2265,19:0,19,0,98,٠:١٩,218,206
2266,19:1,19,1,98,١:١٩,218,206
2275,19:10,19,10,98,١٠:١٩,218,206
2276,19:11,19,11,98,١١:١٩,218,206
2277,19:12,19,12,98,١٢:١٩,218,206
2278,19:13,19,13,98,١٣:١٩,218,206
2279,19:14,19,14,98,١٤:١٩,218,206
2280,19:15,19,15,98,١٥:١٩,218,206
2281,19:16,19,16,98,١٦:١٩,218,206
2282,19:17,19,17,98,١٧:١٩,219,207
2283,19:18,19,18,98,١٨:١٩,219,207
2284,19:19,19,19,98,١٩:١٩,219,207
2267,19:2,19,2,98,٢:١٩,218,206
2285,19:20,19,20,98,٢٠:١٩,219,207
2286,19:21,19,21,98,٢١:١٩,219,207
2287,19:22,19,22,98,٢٢:١٩,219,207
2288,19:23,19,23,98,٢٣:١٩,219,207
2289,19:24,19,24,98,٢٤:١٩,219,207
2290,19:25,19,25,98,٢٥:١٩,219,207
2291,19:26,19,26,98,٢٦:١٩,219,207
2292,19:27,19,27,98,٢٧:١٩,219,207
2293,19:28,19,28,98,٢٨:١٩,219,207
2294,19:29,19,29,98,٢٩:١٩,219,207
2268,19:3,19,3,98,٣:١٩,218,206
2295,19:30,19,30,98,٣٠:١٩,219,207
2296,19:31,19,31,98,٣١:١٩,219,207
2297,19:32,19,32,98,٣٢:١٩,219,207
2298,19:33,19,33,98,٣٣:١٩,219,207
2299,19:34,19,34,98,٣٤:١٩,219,207
2300,19:35,19,35,98,٣٥:١٩,219,207
2301,19:36,19,36,98,٣٦:١٩,219,207
2302,19:37,19,37,98,٣٧:١٩,219,207
2303,19:38,19,38,98,٣٨:١٩,219,207
2304,19:39,19,39,98,٣٩:١٩,220,208
2269,19:4,19,4,98,٤:١٩,218,206
2305,19:40,19,40,98,٤٠:١٩,220,208
2306,19:41,19,41,98,٤١:١٩,220,208
2307,19:42,19,42,98,٤٢:١٩,220,208
2308,19:43,19,43,98,٤٣:١٩,220,208
2309,19:44,19,44,98,٤٤:١٩,220,208
2310,19:45,19,45,98,٤٥:١٩,220,208
2311,19:46,19,46,98,٤٦:١٩,220,208
2312,19:47,19,47,98,٤٧:١٩,220,208
2313,19:48,19,48,98,٤٨:١٩,220,208
2314,19:49,19,49,98,٤٩:١٩,220,208
2270,19:5,19,5,98,٥:١٩,218,206
2315,19:50,19,50,98,٥٠:١٩,220,208
2316,19:51,19,51,98,٥١:١٩,220,208
2317,19:52,19,52,98,٥٢:١٩,220,208
2318,19:53,19,53,98,٥٣:١٩,220,208
2319,19:54,19,54,98,٥٤:١٩,220,208
2320,19:55,19,55,98,٥٥:١٩,220,208
2321,19:56,19,56,98,٥٦:١٩,220,208
2322,19:57,19,57,98,٥٧:١٩,220,208
2323,19:58,19,58,98,٥٨:١٩,221,209
2324,19:59,19,59,98,٥٩:١٩,221,209
2271,19:6,19,6,98,٦:١٩,218,206
2325,19:60,19,60,98,٦٠:١٩,221,209
2326,19:61,19,61,98,٦١:١٩,221,209
2327,19:62,19,62,98,٦٢:١٩,221,209
2328,19:63,19,63,98,٦٣:١٩,221,209
2329,19:64,19,64,98,٦٤:١٩,221,209
2330,19:65,19,65,98,٦٥:١٩,221,209
2331,19:66,19,66,98,٦٦:١٩,221,209
2332,19:67,19,67,98,٦٧:١٩,221,209
2333,19:68,19,68,98,٦٨:١٩,221,209
2334,19:69,19,69,98,٦٩:١٩,221,209
2272,19:7,19,7,98,٧:١٩,218,206
2335,19:70,19,70,98,٧٠:١٩,221,209
2336,19:71,19,71,98,٧١:١٩,221,209
2337,19:72,19,72,98,٧٢:١٩,222,210
2338,19:73,19,73,98,٧٣:١٩,222,210
2339,19:74,19,74,98,٧٤:١٩,222,210
2340,19:75,19,75,98,٧٥:١٩,222,210
2341,19:76,19,76,98,٧٦:١٩,222,210
2342,19:77,19,77,98,٧٧:١٩,222,210
2343,19:78,19,78,98,٧٨:١٩,222,210
2344,19:79,19,79,98,٧٩:١٩,222,210
2273,19:8,19,8,98,٨:١٩,218,206
2345,19:80,19,80,98,٨٠:١٩,222,210
2346,19:81,19,81,98,٨١:١٩,222,210
2347,19:82,19,82,98,٨٢:١٩,222,210
2348,19:83,19,83,98,٨٣:١٩,222,210
2349,19:84,19,84,98,٨٤:١٩,222,210
2350,19:85,19,85,98,٨٥:١٩,223,211
2351,19:86,19,86,98,٨٦:١٩,223,211
2352,19:87,19,87,98,٨٧:١٩,223,211
2353,19:88,19,88,98,٨٨:١٩,223,211
2354,19:89,19,89,98,٨٩:١٩,223,211
2274,19:9,19,9,98,٩:١٩,218,206
2355,19:90,19,90,98,٩٠:١٩,223,211
2356,19:91,19,91,98,٩١:١٩,223,211
2357,19:92,19,92,98,٩٢:١٩,223,211
2358,19:93,19,93,98,٩٣:١٩,223,211
2359,19:94,19,94,98,٩٤:١٩,223,211
2360,19:95,19,95,98,٩٥:١٩,223,211
2361,19:96,19,96,98,٩٦:١٩,223,211
2362,19:97,19,97,98,٩٧:١٩,223,211
2363,19:98,19,98,98,٩٨:١٩,223,211
8,2:0,2,0,286,٠:٢,14,2
9,2:1,2,1,286,١:٢,14,2
18,2:10,2,10,286,١٠:٢,14,2
108,2:100,2,100,286,١٠٠:٢,23,11
109,2:101,2,101,286,١٠١:٢,23,11
110,2:102,2,102,286,١٠٢:٢,23,11
111,2:103,2,103,286,١٠٣:٢,23,11
112,2:104,2,104,286,١٠٤:٢,23,11
113,2:105,2,105,286,١٠٥:٢,23,11
114,2:106,2,106,286,١٠٦:٢,23,11
115,2:107,2,107,286,١٠٧:٢,23,11
116,2:108,2,108,286,١٠٨:٢,23,11
117,2:109,2,109,286,١٠٩:٢,24,12
19,2:11,2,11,286,١١:٢,15,3
118,2:110,2,110,286,١١٠:٢,24,12
119,2:111,2,111,286,١١١:٢,24,12
120,2:112,2,112,286,١١٢:٢,24,12
121,2:113,2,113,286,١١٣:٢,24,12
122,2:114,2,114,286,١١٤:٢,24,12
123,2:115,2,115,286,١١٥:٢,24,12
124,2:116,2,116,286,١١٦:٢,24,12
125,2:117,2,117,286,١١٧:٢,24,12
126,2:118,2,118,286,١١٨:٢,24,12
127,2:119,2,119,286,١١٩:٢,24,12
20,2:12,2,12,286,١٢:٢,15,3
128,2:120,2,120,286,١٢٠:٢,24,12
129,2:121,2,121,286,١٢١:٢,24,12
130,2:122,2,122,286,١٢٢:٢,25,13
131,2:123,2,123,286,١٢٣:٢,25,13
132,2:124,2,124,286,١٢٤:٢,25,13
133,2:125,2,125,286,١٢٥:٢,25,13
134,2:126,2,126,286,١٢٦:٢,25,13
135,2:127,2,127,286,١٢٧:٢,25,13
136,2:128,2,128,286,١٢٨:٢,25,13
137,2:129,2,129,286,١٢٩:٢,25,13
21,2:13,2,13,286,١٣:٢,15,3
138,2:130,2,130,286,١٣٠:٢,25,13
139,2:131,2,131,286,١٣١:٢,25,13
140,2:132,2,132,286,١٣٢:٢,26,14
141,2:133,2,133,286,١٣٣:٢,26,14
142,2:134,2,134,286,١٣٤:٢,26,14
143,2:135,2,135,286,١٣٥:٢,26,14
144,2:136,2,136,286,١٣٦:٢,26,14
145,2:137,2,137,286,١٣٧:٢,26,14
146,2:138,2,138,286,١٣٨:٢,26,14
147,2:139,2,139,286,١٣٩:٢,26,14
22,2:14,2,14,286,١٤:٢,15,3
148,2:140,2,140,286,١٤٠:٢,26,14
149,2:141,2,141,286,١٤١:٢,26,14
150,2:142,2,142,286,١٤٢:٢,27,15
151,2:143,2,143,286,١٤٣:٢,27,15
152,2:144,2,144,286,١٤٤:٢,27,15
153,2:145,2,145,286,١٤٥:٢,27,15
154,2:146,2,146,286,١٤٦:٢,27,15
155,2:147,2,147,286,١٤٧:٢,27,15
156,2:148,2,148,286,١٤٨:٢,28,16
157,2:149,2,149,286,١٤٩:٢,28,16
23,2:15,2,15,286,١٥:٢,15,3
158,2:150,2,150,286,١٥٠:٢,28,16
159,2:151,2,151,286,١٥١:٢,28,16
160,2:152,2,152,286,١٥٢:٢,28,16
161,2:153,2,153,286,١٥٣:٢,28,16
162,2:154,2,154,286,١٥٤:٢,28,16
163,2:155,2,155,286,١٥٥:٢,28,16
164,2:156,2,156,286,١٥٦:٢,28,16
165,2:157,2,157,286,١٥٧:٢,28,16
166,2:158,2,158,286,١٥٨:٢,28,16
167,2:159,2,159,286,١٥٩:٢,28,16
24,2:16,2,16,286,١٦:٢,15,3
168,2:160,2,160,286,١٦٠:٢,29,17
169,2:161,2,161,286,١٦١:٢,29,17
170,2:162,2,162,286,١٦٢:٢,29,17
171,2:163,2,163,286,١٦٣:٢,29,17
172,2:164,2,164,286,١٦٤:٢,29,17
173,2:165,2,165,286,١٦٥:٢,29,17
174,2:166,2,166,286,١٦٦:٢,29,17
175,2:167,2,167,286,١٦٧:٢,29,17
176,2:168,2,168,286,١٦٨:٢,29,17
177,2:169,2,169,286,١٦٩:٢,29,17
25,2:17,2,17,286,١٧:٢,15,3
178,2:170,2,170,286,١٧٠:٢,30,18
179,2:171,2,171,286,١٧١:٢,30,18
180,2:172,2,172,286,١٧٢:٢,30,18
181,2:173,2,173,286,١٧٣:٢,30,18
182,2:174,2,174,286,١٧٤:٢,30,18
183,2:175,2,175,286,١٧٥:٢,30,18
184,2:176,2,176,286,١٧٦:٢,30,18
185,2:177,2,177,286,١٧٧:٢,30,18
186,2:178,2,178,286,١٧٨:٢,30,18
187,2:179,2,179,286,١٧٩:٢,31,19
26,2:18,2,18,286,١٨:٢,15,3
188,2:180,2,180,286,١٨٠:٢,31,19
189,2:181,2,181,286,١٨١:٢,31,19
190,2:182,2,182,286,١٨٢:٢,31,19
191,2:183,2,183,286,١٨٣:٢,31,19
192,2:184,2,184,286,١٨٤:٢,31,19
193,2:185,2,185,286,١٨٥:٢,31,19
194,2:186,2,186,286,١٨٦:٢,31,19
195,2:187,2,187,286,١٨٧:٢,32,20
196,2:188,2,188,286,١٨٨:٢,32,20
197,2:189,2,189,286,١٨٩:٢,32,20
27,2:19,2,19,286,١٩:٢,15,3
198,2:190,2,190,286,١٩٠:٢,32,20
199,2:191,2,191,286,١٩١:٢,32,20
200,2:192,2,192,286,١٩٢:٢,32,20
201,2:193,2,193,286,١٩٣:٢,32,20
202,2:194,2,194,286,١٩٤:٢,33,21
203,2:195,2,195,286,١٩٥:٢,33,21
204,2:196,2,196,286,١٩٦:٢,33,21
205,2:197,2,197,286,١٩٧:٢,33,21
206,2:198,2,198,286,١٩٨:٢,33,21
207,2:199,2,199,286,١٩٩:٢,33,21
10,2:2,2,2,286,٢:٢,14,2
28,2:20,2,20,286,٢٠:٢,15,3
208,2:200,2,200,286,٢٠٠:٢,33,21
209,2:201,2,201,286,٢٠١:٢,33,21
210,2:202,2,202,286,٢٠٢:٢,33,21
211,2:203,2,203,286,٢٠٣:٢,34,22
212,2:204,2,204,286,٢٠٤:٢,34,22
213,2:205,2,205,286,٢٠٥:٢,34,22
214,2:206,2,206,286,٢٠٦:٢,34,22
215,2:207,2,207,286,٢٠٧:٢,34,22
216,2:208,2,208,286,٢٠٨:٢,34,22
217,2:209,2,209,286,٢٠٩:٢,34,22
29,2:21,2,21,286,٢١:٢,15,3
218,2:210,2,210,286,٢١٠:٢,34,22
219,2:211,2,211,286,٢١١:٢,34,22
220,2:212,2,212,286,٢١٢:٢,34,22
221,2:213,2,213,286,٢١٣:٢,34,22
222,2:214,2,214,286,٢١٤:٢,35,23
223,2:215,2,215,286,٢١٥:٢,35,23
224,2:216,2,216,286,٢١٦:٢,35,23
225,2:217,2,217,286,٢١٧:٢,35,23
226,2:218,2,218,286,٢١٨:٢,35,23
227,2:219,2,219,286,٢١٩:٢,35,23
30,2:22,2,22,286,٢٢:٢,15,3
228,2:220,2,220,286,٢٢٠:٢,35,23
229,2:221,2,221,286,٢٢١:٢,36,24
230,2:222,2,222,286,٢٢٢:٢,36,24
231,2:223,2,223,286,٢٢٣:٢,36,24
232,2:224,2,224,286,٢٢٤:٢,36,24
233,2:225,2,225,286,٢٢٥:٢,36,24
234,2:226,2,226,286,٢٢٦:٢,36,24
235,2:227,2,227,286,٢٢٧:٢,36,24
236,2:228,2,228,286,٢٢٨:٢,37,25
237,2:229,2,229,286,٢٢٩:٢,37,25
31,2:23,2,23,286,٢٣:٢,15,3
238,2:230,2,230,286,٢٣٠:٢,37,25
239,2:231,2,231,286,٢٣١:٢,37,25
240,2:232,2,232,286,٢٣٢:٢,37,25
241,2:233,2,233,286,٢٣٣:٢,37,25
242,2:234,2,234,286,٢٣٤:٢,38,26
243,2:235,2,235,286,٢٣٥:٢,38,26
244,2:236,2,236,286,٢٣٦:٢,38,26
245,2:237,2,237,286,٢٣٧:٢,38,26
246,2:238,2,238,286,٢٣٨:٢,38,26
247,2:239,2,239,286,٢٣٩:٢,38,26
32,2:24,2,24,286,٢٤:٢,15,3
248,2:240,2,240,286,٢٤٠:٢,38,26
249,2:241,2,241,286,٢٤١:٢,38,26
250,2:242,2,242,286,٢٤٢:٢,38,26
251,2:243,2,243,286,٢٤٣:٢,39,27
252,2:244,2,244,286,٢٤٤:٢,39,27
253,2:245,2,245,286,٢٤٥:٢,39,27
254,2:246,2,246,286,٢٤٦:٢,39,27
255,2:247,2,247,286,٢٤٧:٢,39,27
256,2:248,2,248,286,٢٤٨:٢,39,27
257,2:249,2,249,286,٢٤٩:٢,39,27
33,2:25,2,25,286,٢٥:٢,16,4
258,2:250,2,250,286,٢٥٠:٢,39,27
259,2:251,2,251,286,٢٥١:٢,40,28
260,2:252,2,252,286,٢٥٢:٢,40,28
261,2:253,2,253,286,٢٥٣:٢,40,28
262,2:254,2,254,286,٢٥٤:٢,40,28
263,2:255,2,255,286,٢٥٥:٢,40,28
264,2:256,2,256,286,٢٥٦:٢,40,28
265,2:257,2,257,286,٢٥٧:٢,40,28
266,2:258,2,258,286,٢٥٨:٢,41,29
267,2:259,2,259,286,٢٥٩:٢,41,29
34,2:26,2,26,286,٢٦:٢,16,4
268,2:260,2,260,286,٢٦٠:٢,41,29
269,2:261,2,261,286,٢٦١:٢,41,29
270,2:262,2,262,286,٢٦٢:٢,41,29
271,2:263,2,263,286,٢٦٣:٢,42,30
272,2:264,2,264,286,٢٦٤:٢,42,30
273,2:265,2,265,286,٢٦٥:٢,42,30
274,2:266,2,266,286,٢٦٦:٢,42,30
275,2:267,2,267,286,٢٦٧:٢,42,30
276,2:268,2,268,286,٢٦٨:٢,42,30
277,2:269,2,269,286,٢٦٩:٢,42,30
35,2:27,2,27,286,٢٧:٢,16,4
278,2:270,2,270,286,٢٧٠:٢,42,30
279,2:271,2,271,286,٢٧١:٢,42,30
280,2:272,2,272,286,٢٧٢:٢,42,30
281,2:273,2,273,286,٢٧٣:٢,43,31
282,2:274,2,274,286,٢٧٤:٢,43,31
283,2:275,2,275,286,٢٧٥:٢,43,31
284,2:276,2,276,286,٢٧٦:٢,43,31
285,2:277,2,277,286,٢٧٧:٢,43,31
286,2:278,2,278,286,٢٧٨:٢,43,31
287,2:279,2,279,286,٢٧٩:٢,43,31
36,2:28,2,28,286,٢٨:٢,16,4
288,2:280,2,280,286,٢٨٠:٢,43,31
289,2:281,2,281,286,٢٨١:٢,43,31
290,2:282,2,282,286,٢٨٢:٢,44,32
291,2:283,2,283,286,٢٨٣:٢,44,32
292,2:284,2,284,286,٢٨٤:٢,44,32
293,2:285,2,285,286,٢٨٥:٢,44,32
294,2:286,2,286,286,٢٨٦:٢,44,32
37,2:29,2,29,286,٢٩:٢,16,4
11,2:3,2,3,286,٣:٢,14,2
38,2:30,2,30,286,٣٠:٢,16,4
39,2:31,2,31,286,٣١:٢,16,4
40,2:32,2,32,286,٣٢:٢,17,5
41,2:33,2,33,286,٣٣:٢,17,5
42,2:34,2,34,286,٣٤:٢,17,5
43,2:35,2,35,286,٣٥:٢,17,5
44,2:36,2,36,286,٣٦:٢,17,5
45,2:37,2,37,286,٣٧:٢,17,5
46,2:38,2,38,286,٣٨:٢,17,5
47,2:39,2,39,286,٣٩:٢,17,5
12,2:4,2,4,286,٤:٢,14,2
48,2:40,2,40,286,٤٠:٢,17,5
49,2:41,2,41,286,٤١:٢,17,5
50,2:42,2,42,286,٤٢:٢,18,6
51,2:43,2,43,286,٤٣:٢,18,6
52,2:44,2,44,286,٤٤:٢,18,6
53,2:45,2,45,286,٤٥:٢,18,6
54,2:46,2,46,286,٤٦:٢,18,6
55,2:47,2,47,286,٤٧:٢,18,6
56,2:48,2,48,286,٤٨:٢,18,6
57,2:49,2,49,286,٤٩:٢,18,6
13,2:5,2,5,286,٥:٢,14,2
58,2:50,2,50,286,٥٠:٢,18,6
59,2:51,2,51,286,٥١:٢,18,6
60,2:52,2,52,286,٥٢:٢,18,6
61,2:53,2,53,286,٥٣:٢,18,6
62,2:54,2,54,286,٥٤:٢,18,6
63,2:55,2,55,286,٥٥:٢,18,6
64,2:56,2,56,286,٥٦:٢,18,6
65,2:57,2,57,286,٥٧:٢,19,7
66,2:58,2,58,286,٥٨:٢,19,7
67,2:59,2,59,286,٥٩:٢,19,7
14,2:6,2,6,286,٦:٢,14,2
68,2:60,2,60,286,٦٠:٢,19,7
69,2:61,2,61,286,٦١:٢,19,7
70,2:62,2,62,286,٦٢:٢,19,7
71,2:63,2,63,286,٦٣:٢,19,7
72,2:64,2,64,286,٦٤:٢,19,7
73,2:65,2,65,286,٦٥:٢,19,7
74,2:66,2,66,286,٦٦:٢,19,7
75,2:67,2,67,286,٦٧:٢,20,8
76,2:68,2,68,286,٦٨:٢,20,8
77,2:69,2,69,286,٦٩:٢,20,8
15,2:7,2,7,286,٧:٢,14,2
78,2:70,2,70,286,٧٠:٢,20,8
79,2:71,2,71,286,٧١:٢,20,8
80,2:72,2,72,286,٧٢:٢,20,8
81,2:73,2,73,286,٧٣:٢,20,8
82,2:74,2,74,286,٧٤:٢,20,8
83,2:75,2,75,286,٧٥:٢,20,8
84,2:76,2,76,286,٧٦:٢,20,8
85,2:77,2,77,286,٧٧:٢,20,8
86,2:78,2,78,286,٧٨:٢,20,8
87,2:79,2,79,286,٧٩:٢,20,8
16,2:8,2,8,286,٨:٢,14,2
88,2:80,2,80,286,٨٠:٢,21,9
89,2:81,2,81,286,٨١:٢,21,9
90,2:82,2,82,286,٨٢:٢,21,9
91,2:83,2,83,286,٨٣:٢,21,9
92,2:84,2,84,286,٨٤:٢,21,9
93,2:85,2,85,286,٨٥:٢,21,9
94,2:86,2,86,286,٨٦:٢,21,9
95,2:87,2,87,286,٨٧:٢,21,9
96,2:88,2,88,286,٨٨:٢,21,9
97,2:89,2,89,286,٨٩:٢,21,9
17,2:9,2,9,286,٩:٢,14,2
98,2:90,2,90,286,٩٠:٢,22,10
99,2:91,2,91,286,٩١:٢,22,10
100,2:92,2,92,286,٩٢:٢,22,10
101,2:93,2,93,286,٩٣:٢,22,10
102,2:94,2,94,286,٩٤:٢,22,10
103,2:95,2,95,286,٩٥:٢,22,10
104,2:96,2,96,286,٩٦:٢,22,10
105,2:97,2,97,286,٩٧:٢,22,10
106,2:98,2,98,286,٩٨:٢,22,10
107,2:99,2,99,286,٩٩:٢,22,10
2364,20:0,20,0,135,٠:٢٠,224,212
2365,20:1,20,1,135,١:٢٠,224,212
2374,20:10,20,10,135,١٠:٢٠,224,212
2464,20:100,20,100,135,١٠٠:٢٠,228,216
2465,20:101,20,101,135,١٠١:٢٠,228,216
2466,20:102,20,102,135,١٠٢:٢٠,228,216
2467,20:103,20,103,135,١٠٣:٢٠,228,216
2468,20:104,20,104,135,١٠٤:٢٠,228,216
2469,20:105,20,105,135,١٠٥:٢٠,228,216
2470,20:106,20,106,135,١٠٦:٢٠,228,216
2471,20:107,20,107,135,١٠٧:٢٠,228,216
2472,20:108,20,108,135,١٠٨:٢٠,228,216
2473,20:109,20,109,135,١٠٩:٢٠,229,217
2375,20:11,20,11,135,١١:٢٠,224,212
2474,20:110,20,110,135,١١٠:٢٠,229,217
2475,20:111,20,111,135,١١١:٢٠,229,217
2476,20:112,20,112,135,١١٢:٢٠,229,217
2477,20:113,20,113,135,١١٣:٢٠,229,217
2478,20:114,20,114,135,١١٤:٢٠,229,217
2479,20:115,20,115,135,١١٥:٢٠,229,217
2480,20:116,20,116,135,١١٦:٢٠,229,217
2481,20:117,20,117,135,١١٧:٢٠,229,217
2482,20:118,20,118,135,١١٨:٢٠,229,217
2483,20:119,20,119,135,١١٩:٢٠,229,217
2376,20:12,20,12,135,١٢:٢٠,224,212
2484,20:120,20,120,135,١٢٠:٢٠,229,217
2485,20:121,20,121,135,١٢١:٢٠,229,217
2486,20:122,20,122,135,١٢٢:٢٠,229,217
2487,20:123,20,123,135,١٢٣:٢٠,229,217
2488,20:124,20,124,135,١٢٤:٢٠,229,217
2489,20:125,20,125,135,١٢٥:٢٠,229,217
2490,20:126,20,126,135,١٢٦:٢٠,230,218
2491,20:127,20,127,135,١٢٧:٢٠,230,218
2492,20:128,20,128,135,١٢٨:٢٠,230,218
2493,20:129,20,129,135,١٢٩:٢٠,230,218
2377,20:13,20,13,135,١٣:٢٠,224,212
2494,20:130,20,130,135,١٣٠:٢٠,230,218
2495,20:131,20,131,135,١٣١:٢٠,230,218
2496,20:132,20,132,135,١٣٢:٢٠,230,218
2497,20:133,20,133,135,١٣٣:٢٠,230,218
2498,20:134,20,134,135,١٣٤:٢٠,230,218
2499,20:135,20,135,135,١٣٥:٢٠,230,218
2378,20:14,20,14,135,١٤:٢٠,224,212
2379,20:15,20,15,135,١٥:٢٠,224,212
2380,20:16,20,16,135,١٦:٢٠,224,212
2381,20:17,20,17,135,١٧:٢٠,224,212
2382,20:18,20,18,135,١٨:٢٠,225,213
2383,20:19,20,19,135,١٩:٢٠,225,213
2366,20:2,20,2,135,٢:٢٠,224,212
2384,20:20,20,20,135,٢٠:٢٠,225,213
2385,20:21,20,21,135,٢١:٢٠,225,213
2386,20:22,20,22,135,٢٢:٢٠,225,213
2387,20:23,20,23,135,٢٣:٢٠,225,213
2388,20:24,20,24,135,٢٤:٢٠,225,213
2389,20:25,20,25,135,٢٥:٢٠,225,213
2390,20:26,20,26,135,٢٦:٢٠,225,213
2391,20:27,20,27,135,٢٧:٢٠,225,213
2392,20:28,20,28,135,٢٨:٢٠,225,213
2393,20:29,20,29,135,٢٩:٢٠,225,213
2367,20:3,20,3,135,٣:٢٠,224,212
2394,20:30,20,30,135,٣٠:٢٠,225,213
2395,20:31,20,31,135,٣١:٢٠,225,213
2396,20:32,20,32,135,٣٢:٢٠,225,213
2397,20:33,20,33,135,٣٣:٢٠,225,213
2398,20:34,20,34,135,٣٤:٢٠,225,213
2399,20:35,20,35,135,٣٥:٢٠,225,213
2400,20:36,20,36,135,٣٦:٢٠,225,213
2401,20:37,20,37,135,٣٧:٢٠,225,213
2402,20:38,20,38,135,٣٨:٢٠,225,213
2403,20:39,20,39,135,٣٩:٢٠,225,213
2368,20:4,20,4,135,٤:٢٠,224,212
2404,20:40,20,40,135,٤٠:٢٠,225,213
2405,20:41,20,41,135,٤١:٢٠,225,213
2406,20:42,20,42,135,٤٢:٢٠,225,213
2407,20:43,20,43,135,٤٣:٢٠,225,213
2408,20:44,20,44,135,٤٤:٢٠,225,213
2409,20:45,20,45,135,٤٥:٢٠,225,213
2410,20:46,20,46,135,٤٦:٢٠,225,213
2411,20:47,20,47,135,٤٧:٢٠,225,213
2412,20:48,20,48,135,٤٨:٢٠,226,214
2413,20:49,20,49,135,٤٩:٢٠,226,214
2369,20:5,20,5,135,٥:٢٠,224,212
2414,20:50,20,50,135,٥٠:٢٠,226,214
2415,20:51,20,51,135,٥١:٢٠,226,214
2416,20:52,20,52,135,٥٢:٢٠,226,214
2417,20:53,20,53,135,٥٣:٢٠,226,214
2418,20:54,20,54,135,٥٤:٢٠,226,214
2419,20:55,20,55,135,٥٥:٢٠,226,214
2420,20:56,20,56,135,٥٦:٢٠,226,214
2421,20:57,20,57,135,٥٧:٢٠,226,214
2422,20:58,20,58,135,٥٨:٢٠,226,214
2423,20:59,20,59,135,٥٩:٢٠,226,214
2370,20:6,20,6,135,٦:٢٠,224,212
2424,20:60,20,60,135,٦٠:٢٠,226,214
2425,20:61,20,61,135,٦١:٢٠,226,214
2426,20:62,20,62,135,٦٢:٢٠,226,214
2427,20:63,20,63,135,٦٣:٢٠,226,214
2428,20:64,20,64,135,٦٤:٢٠,226,214
2429,20:65,20,65,135,٦٥:٢٠,226,214
2430,20:66,20,66,135,٦٦:٢٠,226,214
2431,20:67,20,67,135,٦٧:٢٠,226,214
2432,20:68,20,68,135,٦٨:٢٠,226,214
2433,20:69,20,69,135,٦٩:٢٠,226,214
2371,20:7,20,7,135,٧:٢٠,224,212
2434,20:70,20,70,135,٧٠:٢٠,226,214
2435,20:71,20,71,135,٧١:٢٠,227,215
2436,20:72,20,72,135,٧٢:٢٠,227,215
2437,20:73,20,73,135,٧٣:٢٠,227,215
2438,20:74,20,74,135,٧٤:٢٠,227,215
2439,20:75,20,75,135,٧٥:٢٠,227,215
2440,20:76,20,76,135,٧٦:٢٠,227,215
2441,20:77,20,77,135,٧٧:٢٠,227,215
2442,20:78,20,78,135,٧٨:٢٠,227,215
2443,20:79,20,79,135,٧٩:٢٠,227,215
2372,20:8,20,8,135,٨:٢٠,224,212
2444,20:80,20,80,135,٨٠:٢٠,227,215
2445,20:81,20,81,135,٨١:٢٠,227,215
2446,20:82,20,82,135,٨٢:٢٠,227,215
2447,20:83,20,83,135,٨٣:٢٠,227,215
2448,20:84,20,84,135,٨٤:٢٠,227,215
2449,20:85,20,85,135,٨٥:٢٠,227,215
2450,20:86,20,86,135,٨٦:٢٠,227,215
2451,20:87,20,87,135,٨٧:٢٠,227,215
2452,20:88,20,88,135,٨٨:٢٠,227,215
2453,20:89,20,89,135,٨٩:٢٠,228,216
2373,20:9,20,9,135,٩:٢٠,224,212
2454,20:90,20,90,135,٩٠:٢٠,228,216
2455,20:91,20,91,135,٩١:٢٠,228,216
2456,20:92,20,92,135,٩٢:٢٠,228,216
2457,20:93,20,93,135,٩٣:٢٠,228,216
2458,20:94,20,94,135,٩٤:٢٠,228,216
2459,20:95,20,95,135,٩٥:٢٠,228,216
2460,20:96,20,96,135,٩٦:٢٠,228,216
2461,20:97,20,97,135,٩٧:٢٠,228,216
2462,20:98,20,98,135,٩٨:٢٠,228,216
2463,20:99,20,99,135,٩٩:٢٠,228,216
2500,21:0,21,0,112,٠:٢١,231,219
2501,21:1,21,1,112,١:٢١,231,219
2510,21:10,21,10,112,١٠:٢١,231,219
2600,21:100,21,100,112,١٠٠:٢١,236,224
2601,21:101,21,101,112,١٠١:٢١,236,224
2602,21:102,21,102,112,١٠٢:٢١,236,224
2603,21:103,21,103,112,١٠٣:٢١,236,224
2604,21:104,21,104,112,١٠٤:٢١,237,225
2605,21:105,21,105,112,١٠٥:٢١,237,225
2606,21:106,21,106,112,١٠٦:٢١,237,225
2607,21:107,21,107,112,١٠٧:٢١,237,225
2608,21:108,21,108,112,١٠٨:٢١,237,225
2609,21:109,21,109,112,١٠٩:٢١,237,225
2511,21:11,21,11,112,١١:٢١,231,219
2610,21:110,21,110,112,١١٠:٢١,237,225
2611,21:111,21,111,112,١١١:٢١,237,225
2612,21:112,21,112,112,١١٢:٢١,237,225
2512,21:12,21,12,112,١٢:٢١,231,219
2513,21:13,21,13,112,١٣:٢١,231,219
2514,21:14,21,14,112,١٤:٢١,231,219
2515,21:15,21,15,112,١٥:٢١,231,219
2516,21:16,21,16,112,١٦:٢١,231,219
2517,21:17,21,17,112,١٧:٢١,231,219
2518,21:18,21,18,112,١٨:٢١,231,219
2519,21:19,21,19,112,١٩:٢١,231,219
2502,21:2,21,2,112,٢:٢١,231,219
2520,21:20,21,20,112,٢٠:٢١,231,219
2521,21:21,21,21,112,٢١:٢١,232,220
2522,21:22,21,22,112,٢٢:٢١,232,220
2523,21:23,21,23,112,٢٣:٢١,232,220
2524,21:24,21,24,112,٢٤:٢١,232,220
2525,21:25,21,25,112,٢٥:٢١,232,220
2526,21:26,21,26,112,٢٦:٢١,232,220
2527,21:27,21,27,112,٢٧:٢١,232,220
2528,21:28,21,28,112,٢٨:٢١,232,220
2529,21:29,21,29,112,٢٩:٢١,232,220
2503,21:3,21,3,112,٣:٢١,231,219
2530,21:30,21,30,112,٣٠:٢١,232,220
2531,21:31,21,31,112,٣١:٢١,232,220
2532,21:32,21,32,112,٣٢:٢١,232,220
2533,21:33,21,33,112,٣٣:٢١,232,220
2534,21:34,21,34,112,٣٤:٢١,233,221
2535,21:35,21,35,112,٣٥:٢١,233,221
2536,21:36,21,36,112,٣٦:٢١,233,221
2537,21:37,21,37,112,٣٧:٢١,233,221
2538,21:38,21,38,112,٣٨:٢١,233,221
2539,21:39,21,39,112,٣٩:٢١,233,221
2504,21:4,21,4,112,٤:٢١,231,219
2540,21:40,21,40,112,٤٠:٢١,233,221
2541,21:41,21,41,112,٤١:٢١,233,221
2542,21:42,21,42,112,٤٢:٢١,233,221
2543,21:43,21,43,112,٤٣:٢١,233,221
2544,21:44,21,44,112,٤٤:٢١,233,221
2545,21:45,21,45,112,٤٥:٢١,233,221
2546,21:46,21,46,112,٤٦:٢١,233,221
2547,21:47,21,47,112,٤٧:٢١,233,221
2548,21:48,21,48,112,٤٨:٢١,233,221
2549,21:49,21,49,112,٤٩:٢١,233,221
2505,21:5,21,5,112,٥:٢١,231,219
2550,21:50,21,50,112,٥٠:٢١,233,221
2551,21:51,21,51,112,٥١:٢١,234,222
2552,21:52,21,52,112,٥٢:٢١,234,222
2553,21:53,21,53,112,٥٣:٢١,234,222
2554,21:54,21,54,112,٥٤:٢١,234,222
2555,21:55,21,55,112,٥٥:٢١,234,222
2556,21:56,21,56,112,٥٦:٢١,234,222
2557,21:57,21,57,112,٥٧:٢١,234,222
2558,21:58,21,58,112,٥٨:٢١,234,222
2559,21:59,21,59,112,٥٩:٢١,234,222
2506,21:6,21,6,112,٦:٢١,231,219
2560,21:60,21,60,112,٦٠:٢١,234,222
2561,21:61,21,61,112,٦١:٢١,234,222
2562,21:62,21,62,112,٦٢:٢١,234,222
2563,21:63,21,63,112,٦٣:٢١,234,222
2564,21:64,21,64,112,٦٤:٢١,234,222
2565,21:65,21,65,112,٦٥:٢١,234,222
2566,21:66,21,66,112,٦٦:٢١,234,222
2567,21:67,21,67,112,٦٧:٢١,234,222
2568,21:68,21,68,112,٦٨:٢١,234,222
2569,21:69,21,69,112,٦٩:٢١,234,222
2507,21:7,21,7,112,٧:٢١,231,219
2570,21:70,21,70,112,٧٠:٢١,234,222
2571,21:71,21,71,112,٧١:٢١,234,222
2572,21:72,21,72,112,٧٢:٢١,234,222
2573,21:73,21,73,112,٧٣:٢١,235,223
2574,21:74,21,74,112,٧٤:٢١,235,223
2575,21:75,21,75,112,٧٥:٢١,235,223
2576,21:76,21,76,112,٧٦:٢١,235,223
2577,21:77,21,77,112,٧٧:٢١,235,223
2578,21:78,21,78,112,٧٨:٢١,235,223
2579,21:79,21,79,112,٧٩:٢١,235,223
2508,21:8,21,8,112,٨:٢١,231,219
2580,21:80,21,80,112,٨٠:٢١,235,223
2581,21:81,21,81,112,٨١:٢١,235,223
2582,21:82,21,82,112,٨٢:٢١,235,223
2583,21:83,21,83,112,٨٣:٢١,235,223
2584,21:84,21,84,112,٨٤:٢١,236,224
2585,21:85,21,85,112,٨٥:٢١,236,224
2586,21:86,21,86,112,٨٦:٢١,236,224
2587,21:87,21,87,112,٨٧:٢١,236,224
2588,21:88,21,88,112,٨٨:٢١,236,224
2589,21:89,21,89,112,٨٩:٢١,236,224
2509,21:9,21,9,112,٩:٢١,231,219
2590,21:90,21,90,112,٩٠:٢١,236,224
2591,21:91,21,91,112,٩١:٢١,236,224
2592,21:92,21,92,112,٩٢:٢١,236,224
2593,21:93,21,93,112,٩٣:٢١,236,224
2594,21:94,21,94,112,٩٤:٢١,236,224
2595,21:95,21,95,112,٩٥:٢١,236,224
2596,21:96,21,96,112,٩٦:٢١,236,224
2597,21:97,21,97,112,٩٧:٢١,236,224
2598,21:98,21,98,112,٩٨:٢١,236,224
2599,21:99,21,99,112,٩٩:٢١,236,224
2613,22:0,22,0,78,٠:٢٢,238,226
2614,22:1,22,1,78,١:٢٢,238,226
2623,22:10,22,10,78,١٠:٢٢,238,226
2624,22:11,22,11,78,١١:٢٢,238,226
2625,22:12,22,12,78,١٢:٢٢,238,226
2626,22:13,22,13,78,١٣:٢٢,238,226
2627,22:14,22,14,78,١٤:٢٢,239,227
2628,22:15,22,15,78,١٥:٢٢,239,227
2629,22:16,22,16,78,١٦:٢٢,239,227
2630,22:17,22,17,78,١٧:٢٢,239,227
2631,22:18,22,18,78,١٨:٢٢,239,227
2632,22:19,22,19,78,١٩:٢٢,239,227
2615,22:2,22,2,78,٢:٢٢,238,226
2633,22:20,22,20,78,٢٠:٢٢,239,227
2634,22:21,22,21,78,٢١:٢٢,239,227
2635,22:22,22,22,78,٢٢:٢٢,239,227
2636,22:23,22,23,78,٢٣:٢٢,239,227
2637,22:24,22,24,78,٢٤:٢٢,239,227
2638,22:25,22,25,78,٢٥:٢٢,239,227
2639,22:26,22,26,78,٢٦:٢٢,240,228
2640,22:27,22,27,78,٢٧:٢٢,240,228
2641,22:28,22,28,78,٢٨:٢٢,240,228
2642,22:29,22,29,78,٢٩:٢٢,240,228
2616,22:3,22,3,78,٣:٢٢,238,226
2643,22:30,22,30,78,٣٠:٢٢,240,228
2644,22:31,22,31,78,٣١:٢٢,240,228
2645,22:32,22,32,78,٣٢:٢٢,240,228
2646,22:33,22,33,78,٣٣:٢٢,240,228
2647,22:34,22,34,78,٣٤:٢٢,240,228
2648,22:35,22,35,78,٣٥:٢٢,240,228
2649,22:36,22,36,78,٣٦:٢٢,241,229
2650,22:37,22,37,78,٣٧:٢٢,241,229
2651,22:38,22,38,78,٣٨:٢٢,241,229
2652,22:39,22,39,78,٣٩:٢٢,241,229
2617,22:4,22,4,78,٤:٢٢,238,226
2653,22:40,22,40,78,٤٠:٢٢,241,229
2654,22:41,22,41,78,٤١:٢٢,241,229
2655,22:42,22,42,78,٤٢:٢٢,241,229
2656,22:43,22,43,78,٤٣:٢٢,241,229
2657,22:44,22,44,78,٤٤:٢٢,241,229
2658,22:45,22,45,78,٤٥:٢٢,241,229
2659,22:46,22,46,78,٤٦:٢٢,241,229
2660,22:47,22,47,78,٤٧:٢٢,241,229
2661,22:48,22,48,78,٤٨:٢٢,241,229
2662,22:49,22,49,78,٤٩:٢٢,241,229
2618,22:5,22,5,78,٥:٢٢,238,226
2663,22:50,22,50,78,٥٠:٢٢,242,230
2664,22:51,22,51,78,٥١:٢٢,242,230
2665,22:52,22,52,78,٥٢:٢٢,242,230
2666,22:53,22,53,78,٥٣:٢٢,242,230
2667,22:54,22,54,78,٥٤:٢٢,242,230
2668,22:55,22,55,78,٥٥:٢٢,242,230
2669,22:56,22,56,78,٥٦:٢٢,242,230
2670,22:57,22,57,78,٥٧:٢٢,242,230
2671,22:58,22,58,78,٥٨:٢٢,242,230
2672,22:59,22,59,78,٥٩:٢٢,242,230
2619,22:6,22,6,78,٦:٢٢,238,226
2673,22:60,22,60,78,٦٠:٢٢,242,230
2674,22:61,22,61,78,٦١:٢٢,242,230
2675,22:62,22,62,78,٦٢:٢٢,243,231
2676,22:63,22,63,78,٦٣:٢٢,243,231
2677,22:64,22,64,78,٦٤:٢٢,243,231
2678,22:65,22,65,78,٦٥:٢٢,243,231
2679,22:66,22,66,78,٦٦:٢٢,243,231
2680,22:67,22,67,78,٦٧:٢٢,243,231
2681,22:68,22,68,78,٦٨:٢٢,243,231
2682,22:69,22,69,78,٦٩:٢٢,243,231
2620,22:7,22,7,78,٧:٢٢,238,226
2683,22:70,22,70,78,٧٠:٢٢,243,231
2684,22:71,22,71,78,٧١:٢٢,243,231
2685,22:72,22,72,78,٧٢:٢٢,243,231
2686,22:73,22,73,78,٧٣:٢٢,243,231
2687,22:74,22,74,78,٧٤:٢٢,243,231
2688,22:75,22,75,78,٧٥:٢٢,243,231
2689,22:76,22,76,78,٧٦:٢٢,243,231
2690,22:77,22,77,78,٧٧:٢٢,243,231
2691,22:78,22,78,78,٧٨:٢٢,244,232
2621,22:8,22,8,78,٨:٢٢,238,226
2622,22:9,22,9,78,٩:٢٢,238,226
2692,23:0,23,0,118,٠:٢٣,245,233
2693,23:1,23,1,118,١:٢٣,245,233
2702,23:10,23,10,118,١٠:٢٣,245,233
2792,23:100,23,100,118,١٠٠:٢٣,249,237
2793,23:101,23,101,118,١٠١:٢٣,249,237
2794,23:102,23,102,118,١٠٢:٢٣,249,237
2795,23:103,23,103,118,١٠٣:٢٣,249,237
2796,23:104,23,104,118,١٠٤:٢٣,249,237
2797,23:105,23,105,118,١٠٥:٢٣,249,237
2798,23:106,23,106,118,١٠٦:٢٣,250,238
2799,23:107,23,107,118,١٠٧:٢٣,250,238
2800,23:108,23,108,118,١٠٨:٢٣,250,238
2801,23:109,23,109,118,١٠٩:٢٣,250,238
2703,23:11,23,11,118,١١:٢٣,245,233
2802,23:110,23,110,118,١١٠:٢٣,250,238
2803,23:111,23,111,118,١١١:٢٣,250,238
2804,23:112,23,112,118,١١٢:٢٣,250,238
2805,23:113,23,113,118,١١٣:٢٣,250,238
2806,23:114,23,114,118,١١٤:٢٣,250,238
2807,23:115,23,115,118,١١٥:٢٣,250,238
2808,23:116,23,116,118,١١٦:٢٣,250,238
2809,23:117,23,117,118,١١٧:٢٣,250,238
2810,23:118,23,118,118,١١٨:٢٣,250,238
2704,23:12,23,12,118,١٢:٢٣,245,233
2705,23:13,23,13,118,١٣:٢٣,245,233
2706,23:14,23,14,118,١٤:٢٣,245,233
2707,23:15,23,15,118,١٥:٢٣,245,233
2708,23:16,23,16,118,١٦:٢٣,245,233
2709,23:17,23,17,118,١٧:٢٣,245,233
2710,23:18,23,18,118,١٨:٢٣,245,233
2711,23:19,23,19,118,١٩:٢٣,245,233
2694,23:2,23,2,118,٢:٢٣,245,233
2712,23:20,23,20,118,٢٠:٢٣,245,233
2713,23:21,23,21,118,٢١:٢٣,245,233
2714,23:22,23,22,118,٢٢:٢٣,245,233
2715,23:23,23,23,118,٢٣:٢٣,246,234
2716,23:24,23,24,118,٢٤:٢٣,246,234
2717,23:25,23,25,118,٢٥:٢٣,246,234
2718,23:26,23,26,118,٢٦:٢٣,246,234
2719,23:27,23,27,118,٢٧:٢٣,246,234
2720,23:28,23,28,118,٢٨:٢٣,246,234
2721,23:29,23,29,118,٢٩:٢٣,246,234
2695,23:3,23,3,118,٣:٢٣,245,233
2722,23:30,23,30,118,٣٠:٢٣,246,234
2723,23:31,23,31,118,٣١:٢٣,246,234
2724,23:32,23,32,118,٣٢:٢٣,246,234
2725,23:33,23,33,118,٣٣:٢٣,246,234
2726,23:34,23,34,118,٣٤:٢٣,246,234
2727,23:35,23,35,118,٣٥:٢٣,246,234
2728,23:36,23,36,118,٣٦:٢٣,246,234
2729,23:37,23,37,118,٣٧:٢٣,246,234
2730,23:38,23,38,118,٣٨:٢٣,246,234
2731,23:39,23,39,118,٣٩:٢٣,246,234
2696,23:4,23,4,118,٤:٢٣,245,233
2732,23:40,23,40,118,٤٠:٢٣,246,234
2733,23:41,23,41,118,٤١:٢٣,246,234
2734,23:42,23,42,118,٤٢:٢٣,246,234
2735,23:43,23,43,118,٤٣:٢٣,246,234
2736,23:44,23,44,118,٤٤:٢٣,247,235
2737,23:45,23,45,118,٤٥:٢٣,247,235
2738,23:46,23,46,118,٤٦:٢٣,247,235
2739,23:47,23,47,118,٤٧:٢٣,247,235
2740,23:48,23,48,118,٤٨:٢٣,247,235
2741,23:49,23,49,118,٤٩:٢٣,247,235
2697,23:5,23,5,118,٥:٢٣,245,233
2742,23:50,23,50,118,٥٠:٢٣,247,235
2743,23:51,23,51,118,٥١:٢٣,247,235
2744,23:52,23,52,118,٥٢:٢٣,247,235
2745,23:53,23,53,118,٥٣:٢٣,247,235
2746,23:54,23,54,118,٥٤:٢٣,247,235
2747,23:55,23,55,118,٥٥:٢٣,247,235
2748,23:56,23,56,118,٥٦:٢٣,247,235
2749,23:57,23,57,118,٥٧:٢٣,247,235
2750,23:58,23,58,118,٥٨:٢٣,247,235
2751,23:59,23,59,118,٥٩:٢٣,247,235
2698,23:6,23,6,118,٦:٢٣,245,233
2752,23:60,23,60,118,٦٠:٢٣,247,235
2753,23:61,23,61,118,٦١:٢٣,247,235
2754,23:62,23,62,118,٦٢:٢٣,247,235
2755,23:63,23,63,118,٦٣:٢٣,247,235
2756,23:64,23,64,118,٦٤:٢٣,247,235
2757,23:65,23,65,118,٦٥:٢٣,247,235
2758,23:66,23,66,118,٦٦:٢٣,248,236
2759,23:67,23,67,118,٦٧:٢٣,248,236
2760,23:68,23,68,118,٦٨:٢٣,248,236
2761,23:69,23,69,118,٦٩:٢٣,248,236
2699,23:7,23,7,118,٧:٢٣,245,233
2762,23:70,23,70,118,٧٠:٢٣,248,236
2763,23:71,23,71,118,٧١:٢٣,248,236
2764,23:72,23,72,118,٧٢:٢٣,248,236
2765,23:73,23,73,118,٧٣:٢٣,248,236
2766,23:74,23,74,118,٧٤:٢٣,248,236
2767,23:75,23,75,118,٧٥:٢٣,248,236
2768,23:76,23,76,118,٧٦:٢٣,248,236
2769,23:77,23,77,118,٧٧:٢٣,248,236
2770,23:78,23,78,118,٧٨:٢٣,248,236
2771,23:79,23,79,118,٧٩:٢٣,248,236
2700,23:8,23,8,118,٨:٢٣,245,233
2772,23:80,23,80,118,٨٠:٢٣,248,236
2773,23:81,23,81,118,٨١:٢٣,248,236
2774,23:82,23,82,118,٨٢:٢٣,248,236
2775,23:83,23,83,118,٨٣:٢٣,249,237
2776,23:84,23,84,118,٨٤:٢٣,249,237
2777,23:85,23,85,118,٨٥:٢٣,249,237
2778,23:86,23,86,118,٨٦:٢٣,249,237
2779,23:87,23,87,118,٨٧:٢٣,249,237
2780,23:88,23,88,118,٨٨:٢٣,249,237
2781,23:89,23,89,118,٨٩:٢٣,249,237
2701,23:9,23,9,118,٩:٢٣,245,233
2782,23:90,23,90,118,٩٠:٢٣,249,237
2783,23:91,23,91,118,٩١:٢٣,249,237
2784,23:92,23,92,118,٩٢:٢٣,249,237
2785,23:93,23,93,118,٩٣:٢٣,249,237
2786,23:94,23,94,118,٩٤:٢٣,249,237
2787,23:95,23,95,118,٩٥:٢٣,249,237
2788,23:96,23,96,118,٩٦:٢٣,249,237
2789,23:97,23,97,118,٩٧:٢٣,249,237
2790,23:98,23,98,118,٩٨:٢٣,249,237
2791,23:99,23,99,118,٩٩:٢٣,249,237
2811,24:0,24,0,64,٠:٢٤,251,239
2812,24:1,24,1,64,١:٢٤,251,239
2821,24:10,24,10,64,١٠:٢٤,251,239
2822,24:11,24,11,64,١١:٢٤,251,239
2823,24:12,24,12,64,١٢:٢٤,252,240
2824,24:13,24,13,64,١٣:٢٤,252,240
2825,24:14,24,14,64,١٤:٢٤,252,240
2826,24:15,24,15,64,١٥:٢٤,252,240
2827,24:16,24,16,64,١٦:٢٤,252,240
2828,24:17,24,17,64,١٧:٢٤,252,240
2829,24:18,24,18,64,١٨:٢٤,252,240
2830,24:19,24,19,64,١٩:٢٤,252,240
2813,24:2,24,2,64,٢:٢٤,251,239
2831,24:20,24,20,64,٢٠:٢٤,252,240
2832,24:21,24,21,64,٢١:٢٤,252,240
2833,24:22,24,22,64,٢٢:٢٤,252,240
2834,24:23,24,23,64,٢٣:٢٤,252,240
2835,24:24,24,24,64,٢٤:٢٤,252,240
2836,24:25,24,25,64,٢٥:٢٤,252,240
2837,24:26,24,26,64,٢٦:٢٤,252,240
2838,24:27,24,27,64,٢٧:٢٤,252,240
2839,24:28,24,28,64,٢٨:٢٤,253,241
2840,24:29,24,29,64,٢٩:٢٤,253,241
2814,24:3,24,3,64,٣:٢٤,251,239
2841,24:30,24,30,64,٣٠:٢٤,253,241
2842,24:31,24,31,64,٣١:٢٤,253,241
2843,24:32,24,32,64,٣٢:٢٤,253,241
2844,24:33,24,33,64,٣٣:٢٤,253,241
2845,24:34,24,34,64,٣٤:٢٤,253,241
2846,24:35,24,35,64,٣٥:٢٤,253,241
2847,24:36,24,36,64,٣٦:٢٤,253,241
2848,24:37,24,37,64,٣٧:٢٤,253,241
2849,24:38,24,38,64,٣٨:٢٤,254,242
2850,24:39,24,39,64,٣٩:٢٤,254,242
2815,24:4,24,4,64,٤:٢٤,251,239
2851,24:40,24,40,64,٤٠:٢٤,254,242
2852,24:41,24,41,64,٤١:٢٤,254,242
2853,24:42,24,42,64,٤٢:٢٤,254,242
2854,24:43,24,43,64,٤٣:٢٤,254,242
2855,24:44,24,44,64,٤٤:٢٤,254,242
2856,24:45,24,45,64,٤٥:٢٤,254,242
2857,24:46,24,46,64,٤٦:٢٤,254,242
2858,24:47,24,47,64,٤٧:٢٤,254,242
2859,24:48,24,48,64,٤٨:٢٤,254,242
2860,24:49,24,49,64,٤٩:٢٤,254,242
2816,24:5,24,5,64,٥:٢٤,251,239
2861,24:50,24,50,64,٥٠:٢٤,254,242
2862,24:51,24,51,64,٥١:٢٤,254,242
2863,24:52,24,52,64,٥٢:٢٤,255,243
2864,24:53,24,53,64,٥٣:٢٤,255,243
2865,24:54,24,54,64,٥٤:٢٤,255,243
2866,24:55,24,55,64,٥٥:٢٤,255,243
2867,24:56,24,56,64,٥٦:٢٤,255,243
2868,24:57,24,57,64,٥٧:٢٤,255,243
2869,24:58,24,58,64,٥٨:٢٤,255,243
2870,24:59,24,59,64,٥٩:٢٤,256,244
2817,24:6,24,6,64,٦:٢٤,251,239
2871,24:60,24,60,64,٦٠:٢٤,256,244
2872,24:61,24,61,64,٦١:٢٤,256,244
2873,24:62,24,62,64,٦٢:٢٤,256,244
2874,24:63,24,63,64,٦٣:٢٤,256,244
2875,24:64,24,64,64,٦٤:٢٤,256,244
2818,24:7,24,7,64,٧:٢٤,251,239
2819,24:8,24,8,64,٨:٢٤,251,239
2820,24:9,24,9,64,٩:٢٤,251,239
2876,25:0,25,0,77,٠:٢٥,257,245
2877,25:1,25,1,77,١:٢٥,257,245
2886,25:10,25,10,77,١٠:٢٥,257,245
2887,25:11,25,11,77,١١:٢٥,257,245
2888,25:12,25,12,77,١٢:٢٥,257,245
2889,25:13,25,13,77,١٣:٢٥,257,245
2890,25:14,25,14,77,١٤:٢٥,257,245
2891,25:15,25,15,77,١٥:٢٥,257,245
2892,25:16,25,16,77,١٦:٢٥,257,245
2893,25:17,25,17,77,١٧:٢٥,258,246
2894,25:18,25,18,77,١٨:٢٥,258,246
2895,25:19,25,19,77,١٩:٢٥,258,246
2878,25:2,25,2,77,٢:٢٥,257,245
2896,25:20,25,20,77,٢٠:٢٥,258,246
2897,25:21,25,21,77,٢١:٢٥,258,246
2898,25:22,25,22,77,٢٢:٢٥,258,246
2899,25:23,25,23,77,٢٣:٢٥,258,246
2900,25:24,25,24,77,٢٤:٢٥,258,246
2901,25:25,25,25,77,٢٥:٢٥,258,246
2902,25:26,25,26,77,٢٦:٢٥,258,246
2903,25:27,25,27,77,٢٧:٢٥,258,246
2904,25:28,25,28,77,٢٨:٢٥,258,246
2905,25:29,25,29,77,٢٩:٢٥,258,246
2879,25:3,25,3,77,٣:٢٥,257,245
2906,25:30,25,30,77,٣٠:٢٥,259,247
2907,25:31,25,31,77,٣١:٢٥,259,247
2908,25:32,25,32,77,٣٢:٢٥,259,247
2909,25:33,25,33,77,٣٣:٢٥,259,247
2910,25:34,25,34,77,٣٤:٢٥,259,247
2911,25:35,25,35,77,٣٥:٢٥,259,247
2912,25:36,25,36,77,٣٦:٢٥,259,247
2913,25:37,25,37,77,٣٧:٢٥,259,247
2914,25:38,25,38,77,٣٨:٢٥,259,247
2915,25:39,25,39,77,٣٩:٢٥,259,247
2880,25:4,25,4,77,٤:٢٥,257,245
2916,25:40,25,40,77,٤٠:٢٥,259,247
2917,25:41,25,41,77,٤١:٢٥,259,247
2918,25:42,25,42,77,٤٢:٢٥,260,248
2919,25:43,25,43,77,٤٣:٢٥,260,248
2920,25:44,25,44,77,٤٤:٢٥,260,248
2921,25:45,25,45,77,٤٥:٢٥,260,248
2922,25:46,25,46,77,٤٦:٢٥,260,248
2923,25:47,25,47,77,٤٧:٢٥,260,248
2924,25:48,25,48,77,٤٨:٢٥,260,248
2925,25:49,25,49,77,٤٩:٢٥,260,248
2881,25:5,25,5,77,٥:٢٥,257,245
2926,25:50,25,50,77,٥٠:٢٥,260,248
2927,25:51,25,51,77,٥١:٢٥,260,248
2928,25:52,25,52,77,٥٢:٢٥,260,248
2929,25:53,25,53,77,٥٣:٢٥,260,248
2930,25:54,25,54,77,٥٤:٢٥,260,248
2931,25:55,25,55,77,٥٥:٢٥,260,248
2932,25:56,25,56,77,٥٦:٢٥,260,248
2933,25:57,25,57,77,٥٧:٢٥,260,248
2934,25:58,25,58,77,٥٨:٢٥,260,248
2935,25:59,25,59,77,٥٩:٢٥,261,249
2882,25:6,25,6,77,٦:٢٥,257,245
2936,25:60,25,60,77,٦٠:٢٥,261,249
2937,25:61,25,61,77,٦١:٢٥,261,249
2938,25:62,25,62,77,٦٢:٢٥,261,249
2939,25:63,25,63,77,٦٣:٢٥,261,249
2940,25:64,25,64,77,٦٤:٢٥,261,249
2941,25:65,25,65,77,٦٥:٢٥,261,249
2942,25:66,25,66,77,٦٦:٢٥,261,249
2943,25:67,25,67,77,٦٧:٢٥,261,249
2944,25:68,25,68,77,٦٨:٢٥,261,249
2945,25:69,25,69,77,٦٩:٢٥,261,249
2883,25:7,25,7,77,٧:٢٥,257,245
2946,25:70,25,70,77,٧٠:٢٥,261,249
2947,25:71,25,71,77,٧١:٢٥,261,249
2948,25:72,25,72,77,٧٢:٢٥,261,249
2949,25:73,25,73,77,٧٣:٢٥,261,249
2950,25:74,25,74,77,٧٤:٢٥,261,249
2951,25:75,25,75,77,٧٥:٢٥,261,249
2952,25:76,25,76,77,٧٦:٢٥,261,249
2953,25:77,25,77,77,٧٧:٢٥,261,249
2884,25:8,25,8,77,٨:٢٥,257,245
2885,25:9,25,9,77,٩:٢٥,257,245
2954,26:0,26,0,227,٠:٢٦,262,250
2955,26:1,26,1,227,١:٢٦,262,250
2964,26:10,26,10,227,١٠:٢٦,262,250
3054,26:100,26,100,227,١٠٠:٢٦,265,253
3055,26:101,26,101,227,١٠١:٢٦,265,253
3056,26:102,26,102,227,١٠٢:٢٦,265,253
3057,26:103,26,103,227,١٠٣:٢٦,265,253
3058,26:104,26,104,227,١٠٤:٢٦,265,253
3059,26:105,26,105,227,١٠٥:٢٦,265,253
3060,26:106,26,106,227,١٠٦:٢٦,265,253
3061,26:107,26,107,227,١٠٧:٢٦,265,253
3062,26:108,26,108,227,١٠٨:٢٦,265,253
3063,26:109,26,109,227,١٠٩:٢٦,265,253
2965,26:11,26,11,227,١١:٢٦,262,250
3064,26:110,26,110,227,١١٠:٢٦,265,253
3065,26:111,26,111,227,١١١:٢٦,265,253
3066,26:112,26,112,227,١١٢:٢٦,265,253
3067,26:113,26,113,227,١١٣:٢٦,265,253
3068,26:114,26,114,227,١١٤:٢٦,265,253
3069,26:115,26,115,227,١١٥:٢٦,265,253
3070,26:116,26,116,227,١١٦:٢٦,265,253
3071,26:117,26,117,227,١١٧:٢٦,265,253
3072,26:118,26,118,227,١١٨:٢٦,265,253
3073,26:119,26,119,227,١١٩:٢٦,265,253
2966,26:12,26,12,227,١٢:٢٦,262,250
3074,26:120,26,120,227,١٢٠:٢٦,265,253
3075,26:121,26,121,227,١٢١:٢٦,266,254
3076,26:122,26,122,227,١٢٢:٢٦,266,254
3077,26:123,26,123,227,١٢٣:٢٦,266,254
3078,26:124,26,124,227,١٢٤:٢٦,266,254
3079,26:125,26,125,227,١٢٥:٢٦,266,254
3080,26:126,26,126,227,١٢٦:٢٦,266,254
3081,26:127,26,127,227,١٢٧:٢٦,266,254
3082,26:128,26,128,227,١٢٨:٢٦,266,254
3083,26:129,26,129,227,١٢٩:٢٦,266,254
2967,26:13,26,13,227,١٣:٢٦,262,250
3084,26:130,26,130,227,١٣٠:٢٦,266,254
3085,26:131,26,131,227,١٣١:٢٦,266,254
3086,26:132,26,132,227,١٣٢:٢٦,266,254
3087,26:133,26,133,227,١٣٣:٢٦,266,254
3088,26:134,26,134,227,١٣٤:٢٦,266,254
3089,26:135,26,135,227,١٣٥:٢٦,266,254
3090,26:136,26,136,227,١٣٦:٢٦,266,254
3091,26:137,26,137,227,١٣٧:٢٦,266,254
3092,26:138,26,138,227,١٣٨:٢٦,266,254
3093,26:139,26,139,227,١٣٩:٢٦,266,254
2968,26:14,26,14,227,١٤:٢٦,262,250
3094,26:140,26,140,227,١٤٠:٢٦,266,254
3095,26:141,26,141,227,١٤١:٢٦,266,254
3096,26:142,26,142,227,١٤٢:٢٦,266,254
3097,26:143,26,143,227,١٤٣:٢٦,266,254
3098,26:144,26,144,227,١٤٤:٢٦,266,254
3099,26:145,26,145,227,١٤٥:٢٦,266,254
3100,26:146,26,146,227,١٤٦:٢٦,266,254
3101,26:147,26,147,227,١٤٧:٢٦,266,254
3102,26:148,26,148,227,١٤٨:٢٦,266,254
3103,26:149,26,149,227,١٤٩:٢٦,266,254
2969,26:15,26,15,227,١٥:٢٦,262,250
3104,26:150,26,150,227,١٥٠:٢٦,266,254
3105,26:151,26,151,227,١٥١:٢٦,266,254
3106,26:152,26,152,227,١٥٢:٢٦,266,254
3107,26:153,26,153,227,١٥٣:٢٦,266,254
3108,26:154,26,154,227,١٥٤:٢٦,267,255
3109,26:155,26,155,227,١٥٥:٢٦,267,255
3110,26:156,26,156,227,١٥٦:٢٦,267,255
3111,26:157,26,157,227,١٥٧:٢٦,267,255
3112,26:158,26,158,227,١٥٨:٢٦,267,255
3113,26:159,26,159,227,١٥٩:٢٦,267,255
2970,26:16,26,16,227,١٦:٢٦,262,250
3114,26:160,26,160,227,١٦٠:٢٦,267,255
3115,26:161,26,161,227,١٦١:٢٦,267,255
3116,26:162,26,162,227,١٦٢:٢٦,267,255
3117,26:163,26,163,227,١٦٣:٢٦,267,255
3118,26:164,26,164,227,١٦٤:٢٦,267,255
3119,26:165,26,165,227,١٦٥:٢٦,267,255
3120,26:166,26,166,227,١٦٦:٢٦,267,255
3121,26:167,26,167,227,١٦٧:٢٦,267,255
3122,26:168,26,168,227,١٦٨:٢٦,267,255
3123,26:169,26,169,227,١٦٩:٢٦,267,255
2971,26:17,26,17,227,١٧:٢٦,262,250
3124,26:170,26,170,227,١٧٠:٢٦,267,255
3125,26:171,26,171,227,١٧١:٢٦,267,255
3126,26:172,26,172,227,١٧٢:٢٦,267,255
3127,26:173,26,173,227,١٧٣:٢٦,267,255
3128,26:174,26,174,227,١٧٤:٢٦,267,255
3129,26:175,26,175,227,١٧٥:٢٦,267,255
3130,26:176,26,176,227,١٧٦:٢٦,267,255
3131,26:177,26,177,227,١٧٧:٢٦,267,255
3132,26:178,26,178,227,١٧٨:٢٦,267,255
3133,26:179,26,179,227,١٧٩:٢٦,267,255
2972,26:18,26,18,227,١٨:٢٦,262,250
3134,26:180,26,180,227,١٨٠:٢٦,267,255
3135,26:181,26,181,227,١٨١:٢٦,267,255
3136,26:182,26,182,227,١٨٢:٢٦,267,255
3137,26:183,26,183,227,١٨٣:٢٦,267,255
3138,26:184,26,184,227,١٨٤:٢٦,267,255
3139,26:185,26,185,227,١٨٥:٢٦,268,256
3140,26:186,26,186,227,١٨٦:٢٦,268,256
3141,26:187,26,187,227,١٨٧:٢٦,268,256
3142,26:188,26,188,227,١٨٨:٢٦,268,256
3143,26:189,26,189,227,١٨٩:٢٦,268,256
2973,26:19,26,19,227,١٩:٢٦,263,251
3144,26:190,26,190,227,١٩٠:٢٦,268,256
3145,26:191,26,191,227,١٩١:٢٦,268,256
3146,26:192,26,192,227,١٩٢:٢٦,268,256
3147,26:193,26,193,227,١٩٣:٢٦,268,256
3148,26:194,26,194,227,١٩٤:٢٦,268,256
3149,26:195,26,195,227,١٩٥:٢٦,268,256
3150,26:196,26,196,227,١٩٦:٢٦,268,256
3151,26:197,26,197,227,١٩٧:٢٦,268,256
3152,26:198,26,198,227,١٩٨:٢٦,268,256
3153,26:199,26,199,227,١٩٩:٢٦,268,256
2956,26:2,26,2,227,٢:٢٦,262,250
2974,26:20,26,20,227,٢٠:٢٦,263,251
3154,26:200,26,200,227,٢٠٠:٢٦,268,256
3155,26:201,26,201,227,٢٠١:٢٦,268,256
3156,26:202,26,202,227,٢٠٢:٢٦,268,256
3157,26:203,26,203,227,٢٠٣:٢٦,268,256
3158,26:204,26,204,227,٢٠٤:٢٦,268,256
3159,26:205,26,205,227,٢٠٥:٢٦,268,256
3160,26:206,26,206,227,٢٠٦:٢٦,268,256
3161,26:207,26,207,227,٢٠٧:٢٦,268,256
3162,26:208,26,208,227,٢٠٨:٢٦,268,256
3163,26:209,26,209,227,٢٠٩:٢٦,268,256
2975,26:21,26,21,227,٢١:٢٦,263,251
3164,26:210,26,210,227,٢١٠:٢٦,268,256
3165,26:211,26,211,227,٢١١:٢٦,268,256
3166,26:212,26,212,227,٢١٢:٢٦,268,256
3167,26:213,26,213,227,٢١٣:٢٦,268,256
3168,26:214,26,214,227,٢١٤:٢٦,268,256
3169,26:215,26,215,227,٢١٥:٢٦,268,256
3170,26:216,26,216,227,٢١٦:٢٦,268,256
3171,26:217,26,217,227,٢١٧:٢٦,268,256
3172,26:218,26,218,227,٢١٨:٢٦,268,256
3173,26:219,26,219,227,٢١٩:٢٦,269,257
2976,26:22,26,22,227,٢٢:٢٦,263,251
3174,26:220,26,220,227,٢٢٠:٢٦,269,257
3175,26:221,26,221,227,٢٢١:٢٦,269,257
3176,26:222,26,222,227,٢٢٢:٢٦,269,257
3177,26:223,26,223,227,٢٢٣:٢٦,269,257
3178,26:224,26,224,227,٢٢٤:٢٦,269,257
3179,26:225,26,225,227,٢٢٥:٢٦,269,257
3180,26:226,26,226,227,٢٢٦:٢٦,269,257
3181,26:227,26,227,227,٢٢٧:٢٦,269,257
2977,26:23,26,23,227,٢٣:٢٦,263,251
2978,26:24,26,24,227,٢٤:٢٦,263,251
2979,26:25,26,25,227,٢٥:٢٦,263,251
2980,26:26,26,26,227,٢٦:٢٦,263,251
2981,26:27,26,27,227,٢٧:٢٦,263,251
2982,26:28,26,28,227,٢٨:٢٦,263,251
2983,26:29,26,29,227,٢٩:٢٦,263,251
2957,26:3,26,3,227,٣:٢٦,262,250
2984,26:30,26,30,227,٣٠:٢٦,263,251
2985,26:31,26,31,227,٣١:٢٦,263,251
2986,26:32,26,32,227,٣٢:٢٦,263,251
2987,26:33,26,33,227,٣٣:٢٦,263,251
2988,26:34,26,34,227,٣٤:٢٦,263,251
2989,26:35,26,35,227,٣٥:٢٦,263,251
2990,26:36,26,36,227,٣٦:٢٦,263,251
2991,26:37,26,37,227,٣٧:٢٦,263,251
2992,26:38,26,38,227,٣٨:٢٦,263,251
2993,26:39,26,39,227,٣٩:٢٦,263,251
2958,26:4,26,4,227,٤:٢٦,262,250
2994,26:40,26,40,227,٤٠:٢٦,263,251
2995,26:41,26,41,227,٤١:٢٦,263,251
2996,26:42,26,42,227,٤٢:٢٦,263,251
2997,26:43,26,43,227,٤٣:٢٦,263,251
2998,26:44,26,44,227,٤٤:٢٦,263,251
2999,26:45,26,45,227,٤٥:٢٦,263,251
3000,26:46,26,46,227,٤٦:٢٦,263,251
3001,26:47,26,47,227,٤٧:٢٦,263,251
3002,26:48,26,48,227,٤٨:٢٦,263,251
3003,26:49,26,49,227,٤٩:٢٦,263,251
2959,26:5,26,5,227,٥:٢٦,262,250
3004,26:50,26,50,227,٥٠:٢٦,263,251
3005,26:51,26,51,227,٥١:٢٦,264,252
3006,26:52,26,52,227,٥٢:٢٦,264,252
3007,26:53,26,53,227,٥٣:٢٦,264,252
3008,26:54,26,54,227,٥٤:٢٦,264,252
3009,26:55,26,55,227,٥٥:٢٦,264,252
3010,26:56,26,56,227,٥٦:٢٦,264,252
3011,26:57,26,57,227,٥٧:٢٦,264,252
3012,26:58,26,58,227,٥٨:٢٦,264,252
3013,26:59,26,59,227,٥٩:٢٦,264,252
2960,26:6,26,6,227,٦:٢٦,262,250
3014,26:60,26,60,227,٦٠:٢٦,264,252
3015,26:61,26,61,227,٦١:٢٦,264,252
3016,26:62,26,62,227,٦٢:٢٦,264,252
3017,26:63,26,63,227,٦٣:٢٦,264,252
3018,26:64,26,64,227,٦٤:٢٦,264,252
3019,26:65,26,65,227,٦٥:٢٦,264,252
3020,26:66,26,66,227,٦٦:٢٦,264,252
3021,26:67,26,67,227,٦٧:٢٦,264,252
3022,26:68,26,68,227,٦٨:٢٦,264,252
3023,26:69,26,69,227,٦٩:٢٦,264,252
2961,26:7,26,7,227,٧:٢٦,262,250
3024,26:70,26,70,227,٧٠:٢٦,264,252
3025,26:71,26,71,227,٧١:٢٦,264,252
3026,26:72,26,72,227,٧٢:٢٦,264,252
3027,26:73,26,73,227,٧٣:٢٦,264,252
3028,26:74,26,74,227,٧٤:٢٦,264,252
3029,26:75,26,75,227,٧٥:٢٦,264,252
3030,26:76,26,76,227,٧٦:٢٦,264,252
3031,26:77,26,77,227,٧٧:٢٦,264,252
3032,26:78,26,78,227,٧٨:٢٦,264,252
3033,26:79,26,79,227,٧٩:٢٦,264,252
2962,26:8,26,8,227,٨:٢٦,262,250
3034,26:80,26,80,227,٨٠:٢٦,264,252
3035,26:81,26,81,227,٨١:٢٦,264,252
3036,26:82,26,82,227,٨٢:٢٦,264,252
3037,26:83,26,83,227,٨٣:٢٦,264,252
3038,26:84,26,84,227,٨٤:٢٦,264,252
3039,26:85,26,85,227,٨٥:٢٦,265,253
3040,26:86,26,86,227,٨٦:٢٦,265,253
3041,26:87,26,87,227,٨٧:٢٦,265,253
3042,26:88,26,88,227,٨٨:٢٦,265,253
3043,26:89,26,89,227,٨٩:٢٦,265,253
2963,26:9,26,9,227,٩:٢٦,262,250
3044,26:90,26,90,227,٩٠:٢٦,265,253
3045,26:91,26,91,227,٩١:٢٦,265,253
3046,26:92,26,92,227,٩٢:٢٦,265,253
3047,26:93,26,93,227,٩٣:٢٦,265,253
3048,26:94,26,94,227,٩٤:٢٦,265,253
3049,26:95,26,95,227,٩٥:٢٦,265,253
3050,26:96,26,96,227,٩٦:٢٦,265,253
3051,26:97,26,97,227,٩٧:٢٦,265,253
3052,26:98,26,98,227,٩٨:٢٦,265,253
3053,26:99,26,99,227,٩٩:٢٦,265,253
3182,27:0,27,0,93,٠:٢٧,270,258
3183,27:1,27,1,93,١:٢٧,270,258
3192,27:10,27,10,93,١٠:٢٧,270,258
3193,27:11,27,11,93,١١:٢٧,270,258
3194,27:12,27,12,93,١٢:٢٧,270,258
3195,27:13,27,13,93,١٣:٢٧,270,258
3196,27:14,27,14,93,١٤:٢٧,270,258
3197,27:15,27,15,93,١٥:٢٧,270,258
3198,27:16,27,16,93,١٦:٢٧,271,259
3199,27:17,27,17,93,١٧:٢٧,271,259
3200,27:18,27,18,93,١٨:٢٧,271,259
3201,27:19,27,19,93,١٩:٢٧,271,259
3184,27:2,27,2,93,٢:٢٧,270,258
3202,27:20,27,20,93,٢٠:٢٧,271,259
3203,27:21,27,21,93,٢١:٢٧,271,259
3204,27:22,27,22,93,٢٢:٢٧,271,259
3205,27:23,27,23,93,٢٣:٢٧,271,259
3206,27:24,27,24,93,٢٤:٢٧,271,259
3207,27:25,27,25,93,٢٥:٢٧,271,259
3208,27:26,27,26,93,٢٦:٢٧,271,259
3209,27:27,27,27,93,٢٧:٢٧,271,259
3210,27:28,27,28,93,٢٨:٢٧,271,259
3211,27:29,27,29,93,٢٩:٢٧,271,259
3185,27:3,27,3,93,٣:٢٧,270,258
3212,27:30,27,30,93,٣٠:٢٧,271,259
3213,27:31,27,31,93,٣١:٢٧,271,259
3214,27:32,27,32,93,٣٢:٢٧,271,259
3215,27:33,27,33,93,٣٣:٢٧,271,259
3216,27:34,27,34,93,٣٤:٢٧,271,259
3217,27:35,27,35,93,٣٥:٢٧,271,259
3218,27:36,27,36,93,٣٦:٢٧,272,260
3219,27:37,27,37,93,٣٧:٢٧,272,260
3220,27:38,27,38,93,٣٨:٢٧,272,260
3221,27:39,27,39,93,٣٩:٢٧,272,260
3186,27:4,27,4,93,٤:٢٧,270,258
3222,27:40,27,40,93,٤٠:٢٧,272,260
3223,27:41,27,41,93,٤١:٢٧,272,260
3224,27:42,27,42,93,٤٢:٢٧,272,260
3225,27:43,27,43,93,٤٣:٢٧,272,260
3226,27:44,27,44,93,٤٤:٢٧,273,261
3227,27:45,27,45,93,٤٥:٢٧,273,261
3228,27:46,27,46,93,٤٦:٢٧,273,261
3229,27:47,27,47,93,٤٧:٢٧,273,261
3230,27:48,27,48,93,٤٨:٢٧,273,261
3231,27:49,27,49,93,٤٩:٢٧,273,261
3187,27:5,27,5,93,٥:٢٧,270,258
3232,27:50,27,50,93,٥٠:٢٧,273,261
3233,27:51,27,51,93,٥١:٢٧,273,261
3234,27:52,27,52,93,٥٢:٢٧,273,261
3235,27:53,27,53,93,٥٣:٢٧,273,261
3236,27:54,27,54,93,٥٤:٢٧,273,261
3237,27:55,27,55,93,٥٥:٢٧,273,261
3238,27:56,27,56,93,٥٦:٢٧,273,261
3239,27:57,27,57,93,٥٧:٢٧,273,261
3240,27:58,27,58,93,٥٨:٢٧,273,261
3241,27:59,27,59,93,٥٩:٢٧,274,262
3188,27:6,27,6,93,٦:٢٧,270,258
3242,27:60,27,60,93,٦٠:٢٧,274,262
3243,27:61,27,61,93,٦١:٢٧,274,262
3244,27:62,27,62,93,٦٢:٢٧,274,262
3245,27:63,27,63,93,٦٣:٢٧,274,262
3246,27:64,27,64,93,٦٤:٢٧,274,262
3247,27:65,27,65,93,٦٥:٢٧,274,262
3248,27:66,27,66,93,٦٦:٢٧,274,262
3249,27:67,27,67,93,٦٧:٢٧,274,262
3250,27:68,27,68,93,٦٨:٢٧,274,262
3251,27:69,27,69,93,٦٩:٢٧,274,262
3189,27:7,27,7,93,٧:٢٧,270,258
3252,27:70,27,70,93,٧٠:٢٧,274,262
3253,27:71,27,71,93,٧١:٢٧,274,262
3254,27:72,27,72,93,٧٢:٢٧,274,262
3255,27:73,27,73,93,٧٣:٢٧,274,262
3256,27:74,27,74,93,٧٤:٢٧,274,262
3257,27:75,27,75,93,٧٥:٢٧,274,262
3258,27:76,27,76,93,٧٦:٢٧,274,262
3259,27:77,27,77,93,٧٧:٢٧,274,262
3260,27:78,27,78,93,٧٨:٢٧,275,263
3261,27:79,27,79,93,٧٩:٢٧,275,263
3190,27:8,27,8,93,٨:٢٧,270,258
3262,27:80,27,80,93,٨٠:٢٧,275,263
3263,27:81,27,81,93,٨١:٢٧,275,263
3264,27:82,27,82,93,٨٢:٢٧,275,263
3265,27:83,27,83,93,٨٣:٢٧,275,263
3266,27:84,27,84,93,٨٤:٢٧,275,263
3267,27:85,27,85,93,٨٥:٢٧,275,263
3268,27:86,27,86,93,٨٦:٢٧,275,263
3269,27:87,27,87,93,٨٧:٢٧,275,263
3270,27:88,27,88,93,٨٨:٢٧,275,263
3271,27:89,27,89,93,٨٩:٢٧,275,263
3191,27:9,27,9,93,٩:٢٧,270,258
3272,27:90,27,90,93,٩٠:٢٧,275,263
3273,27:91,27,91,93,٩١:٢٧,275,263
3274,27:92,27,92,93,٩٢:٢٧,275,263
3275,27:93,27,93,93,٩٣:٢٧,275,263
3276,28:0,28,0,88,٠:٢٨,276,264
3277,28:1,28,1,88,١:٢٨,276,264
3286,28:10,28,10,88,١٠:٢٨,276,264
3287,28:11,28,11,88,١١:٢٨,276,264
3288,28:12,28,12,88,١٢:٢٨,276,264
3289,28:13,28,13,88,١٣:٢٨,276,264
3290,28:14,28,14,88,١٤:٢٨,276,264
3291,28:15,28,15,88,١٥:٢٨,277,265
3292,28:16,28,16,88,١٦:٢٨,277,265
3293,28:17,28,17,88,١٧:٢٨,277,265
3294,28:18,28,18,88,١٨:٢٨,277,265
3295,28:19,28,19,88,١٩:٢٨,277,265
3278,28:2,28,2,88,٢:٢٨,276,264
3296,28:20,28,20,88,٢٠:٢٨,277,265
3297,28:21,28,21,88,٢١:٢٨,277,265
3298,28:22,28,22,88,٢٢:٢٨,277,265
3299,28:23,28,23,88,٢٣:٢٨,277,265
3300,28:24,28,24,88,٢٤:٢٨,277,265
3301,28:25,28,25,88,٢٥:٢٨,277,265
3302,28:26,28,26,88,٢٦:٢٨,277,265
3303,28:27,28,27,88,٢٧:٢٨,277,265
3304,28:28,28,28,88,٢٨:٢٨,277,265
3305,28:29,28,29,88,٢٩:٢٨,278,266
3279,28:3,28,3,88,٣:٢٨,276,264
3306,28:30,28,30,88,٣٠:٢٨,278,266
3307,28:31,28,31,88,٣١:٢٨,278,266
3308,28:32,28,32,88,٣٢:٢٨,278,266
3309,28:33,28,33,88,٣٣:٢٨,278,266
3310,28:34,28,34,88,٣٤:٢٨,278,266
3311,28:35,28,35,88,٣٥:٢٨,278,266
3312,28:36,28,36,88,٣٦:٢٨,278,266
3313,28:37,28,37,88,٣٧:٢٨,278,266
3314,28:38,28,38,88,٣٨:٢٨,278,266
3315,28:39,28,39,88,٣٩:٢٨,278,266
3280,28:4,28,4,88,٤:٢٨,276,264
3316,28:40,28,40,88,٤٠:٢٨,278,266
3317,28:41,28,41,88,٤١:٢٨,278,266
3318,28:42,28,42,88,٤٢:٢٨,278,266
3319,28:43,28,43,88,٤٣:٢٨,278,266
3320,28:44,28,44,88,٤٤:٢٨,278,266
3321,28:45,28,45,88,٤٥:٢٨,278,266
3322,28:46,28,46,88,٤٦:٢٨,279,267
3323,28:47,28,47,88,٤٧:٢٨,279,267
3324,28:48,28,48,88,٤٨:٢٨,279,267
3325,28:49,28,49,88,٤٩:٢٨,279,267
3281,28:5,28,5,88,٥:٢٨,276,264
3326,28:50,28,50,88,٥٠:٢٨,279,267
3327,28:51,28,51,88,٥١:٢٨,279,267
3328,28:52,28,52,88,٥٢:٢٨,279,267
3329,28:53,28,53,88,٥٣:٢٨,279,267
3330,28:54,28,54,88,٥٤:٢٨,279,267
3331,28:55,28,55,88,٥٥:٢٨,279,267
3332,28:56,28,56,88,٥٦:٢٨,279,267
3333,28:57,28,57,88,٥٧:٢٨,279,267
3334,28:58,28,58,88,٥٨:٢٨,279,267
3335,28:59,28,59,88,٥٩:٢٨,280,268
3282,28:6,28,6,88,٦:٢٨,276,264
3336,28:60,28,60,88,٦٠:٢٨,280,268
3337,28:61,28,61,88,٦١:٢٨,280,268
3338,28:62,28,62,88,٦٢:٢٨,280,268
3339,28:63,28,63,88,٦٣:٢٨,280,268
3340,28:64,28,64,88,٦٤:٢٨,280,268
3341,28:65,28,65,88,٦٥:٢٨,280,268
3342,28:66,28,66,88,٦٦:٢٨,280,268
3343,28:67,28,67,88,٦٧:٢٨,280,268
3344,28:68,28,68,88,٦٨:٢٨,280,268
3345,28:69,28,69,88,٦٩:٢٨,280,268
3283,28:7,28,7,88,٧:٢٨,276,264
3346,28:70,28,70,88,٧٠:٢٨,280,268
3347,28:71,28,71,88,٧١:٢٨,280,268
3348,28:72,28,72,88,٧٢:٢٨,280,268
3349,28:73,28,73,88,٧٣:٢٨,280,268
3350,28:74,28,74,88,٧٤:٢٨,280,268
3351,28:75,28,75,88,٧٥:٢٨,280,268
3352,28:76,28,76,88,٧٦:٢٨,281,269
3353,28:77,28,77,88,٧٧:٢٨,281,269
3354,28:78,28,78,88,٧٨:٢٨,281,269
3355,28:79,28,79,88,٧٩:٢٨,281,269
3284,28:8,28,8,88,٨:٢٨,276,264
3356,28:80,28,80,88,٨٠:٢٨,281,269
3357,28:81,28,81,88,٨١:٢٨,281,269
3358,28:82,28,82,88,٨٢:٢٨,281,269
3359,28:83,28,83,88,٨٣:٢٨,281,269
3360,28:84,28,84,88,٨٤:٢٨,281,269
3361,28:85,28,85,88,٨٥:٢٨,281,269
3362,28:86,28,86,88,٨٦:٢٨,281,269
3363,28:87,28,87,88,٨٧:٢٨,281,269
3364,28:88,28,88,88,٨٨:٢٨,281,269
3285,28:9,28,9,88,٩:٢٨,276,264
3365,29:0,29,0,69,٠:٢٩,282,270
3366,29:1,29,1,69,١:٢٩,282,270
3375,29:10,29,10,69,١٠:٢٩,282,270
3376,29:11,29,11,69,١١:٢٩,282,270
3377,29:12,29,12,69,١٢:٢٩,282,270
3378,29:13,29,13,69,١٣:٢٩,283,271
3379,29:14,29,14,69,١٤:٢٩,283,271
3380,29:15,29,15,69,١٥:٢٩,283,271
3381,29:16,29,16,69,١٦:٢٩,283,271
3382,29:17,29,17,69,١٧:٢٩,283,271
3383,29:18,29,18,69,١٨:٢٩,283,271
3384,29:19,29,19,69,١٩:٢٩,283,271
3367,29:2,29,2,69,٢:٢٩,282,270
3385,29:20,29,20,69,٢٠:٢٩,283,271
3386,29:21,29,21,69,٢١:٢٩,283,271
3387,29:22,29,22,69,٢٢:٢٩,283,271
3388,29:23,29,23,69,٢٣:٢٩,283,271
3389,29:24,29,24,69,٢٤:٢٩,283,271
3390,29:25,29,25,69,٢٥:٢٩,283,271
3391,29:26,29,26,69,٢٦:٢٩,284,272
3392,29:27,29,27,69,٢٧:٢٩,284,272
3393,29:28,29,28,69,٢٨:٢٩,284,272
3394,29:29,29,29,69,٢٩:٢٩,284,272
3368,29:3,29,3,69,٣:٢٩,282,270
3395,29:30,29,30,69,٣٠:٢٩,284,272
3396,29:31,29,31,69,٣١:٢٩,284,272
3397,29:32,29,32,69,٣٢:٢٩,284,272
3398,29:33,29,33,69,٣٣:٢٩,284,272
3399,29:34,29,34,69,٣٤:٢٩,284,272
3400,29:35,29,35,69,٣٥:٢٩,284,272
3401,29:36,29,36,69,٣٦:٢٩,284,272
3402,29:37,29,37,69,٣٧:٢٩,284,272
3403,29:38,29,38,69,٣٨:٢٩,284,272
3404,29:39,29,39,69,٣٩:٢٩,284,272
3369,29:4,29,4,69,٤:٢٩,282,270
3405,29:40,29,40,69,٤٠:٢٩,284,272
3406,29:41,29,41,69,٤١:٢٩,284,272
3407,29:42,29,42,69,٤٢:٢٩,284,272
3408,29:43,29,43,69,٤٣:٢٩,285,273
3409,29:44,29,44,69,٤٤:٢٩,285,273
3410,29:45,29,45,69,٤٥:٢٩,285,273
3411,29:46,29,46,69,٤٦:٢٩,285,273
3412,29:47,29,47,69,٤٧:٢٩,285,273
3413,29:48,29,48,69,٤٨:٢٩,285,273
3414,29:49,29,49,69,٤٩:٢٩,285,273
3370,29:5,29,5,69,٥:٢٩,282,270
3415,29:50,29,50,69,٥٠:٢٩,285,273
3416,29:51,29,51,69,٥١:٢٩,285,273
3417,29:52,29,52,69,٥٢:٢٩,286,274
3418,29:53,29,53,69,٥٣:٢٩,286,274
3419,29:54,29,54,69,٥٤:٢٩,286,274
3420,29:55,29,55,69,٥٥:٢٩,286,274
3421,29:56,29,56,69,٥٦:٢٩,286,274
3422,29:57,29,57,69,٥٧:٢٩,286,274
3423,29:58,29,58,69,٥٨:٢٩,286,274
3424,29:59,29,59,69,٥٩:٢٩,286,274
3371,29:6,29,6,69,٦:٢٩,282,270
3425,29:60,29,60,69,٦٠:٢٩,286,274
3426,29:61,29,61,69,٦١:٢٩,286,274
3427,29:62,29,62,69,٦٢:٢٩,286,274
3428,29:63,29,63,69,٦٣:٢٩,286,274
3429,29:64,29,64,69,٦٤:٢٩,286,274
3430,29:65,29,65,69,٦٥:٢٩,286,274
3431,29:66,29,66,69,٦٦:٢٩,286,274
3432,29:67,29,67,69,٦٧:٢٩,286,274
3433,29:68,29,68,69,٦٨:٢٩,287,275
3434,29:69,29,69,69,٦٩:٢٩,287,275
3372,29:7,29,7,69,٧:٢٩,282,270
3373,29:8,29,8,69,٨:٢٩,282,270
3374,29:9,29,9,69,٩:٢٩,282,270
295,3:0,3,0,200,٠:٣,45,33
296,3:1,3,1,200,١:٣,45,33
305,3:10,3,10,200,١٠:٣,45,33
395,3:100,3,100,200,١٠٠:٣,54,42
396,3:101,3,101,200,١٠١:٣,54,42
397,3:102,3,102,200,١٠٢:٣,54,42
398,3:103,3,103,200,١٠٣:٣,54,42
399,3:104,3,104,200,١٠٤:٣,54,42
400,3:105,3,105,200,١٠٥:٣,54,42
401,3:106,3,106,200,١٠٦:٣,54,42
402,3:107,3,107,200,١٠٧:٣,54,42
403,3:108,3,108,200,١٠٨:٣,54,42
404,3:109,3,109,200,١٠٩:٣,54,42
306,3:11,3,11,200,١١:٣,45,33
405,3:110,3,110,200,١١٠:٣,54,42
406,3:111,3,111,200,١١١:٣,54,42
407,3:112,3,112,200,١١٢:٣,55,43
408,3:113,3,113,200,١١٣:٣,55,43
409,3:114,3,114,200,١١٤:٣,55,43
410,3:115,3,115,200,١١٥:٣,55,43
411,3:116,3,116,200,١١٦:٣,55,43
412,3:117,3,117,200,١١٧:٣,55,43
413,3:118,3,118,200,١١٨:٣,55,43
414,3:119,3,119,200,١١٩:٣,55,43
307,3:12,3,12,200,١٢:٣,45,33
415,3:120,3,120,200,١٢٠:٣,55,43
416,3:121,3,121,200,١٢١:٣,55,43
417,3:122,3,122,200,١٢٢:٣,55,43
418,3:123,3,123,200,١٢٣:٣,55,43
419,3:124,3,124,200,١٢٤:٣,56,44
420,3:125,3,125,200,١٢٥:٣,56,44
421,3:126,3,126,200,١٢٦:٣,56,44
422,3:127,3,127,200,١٢٧:٣,56,44
423,3:128,3,128,200,١٢٨:٣,56,44
424,3:129,3,129,200,١٢٩:٣,56,44
308,3:13,3,13,200,١٣:٣,46,34
425,3:130,3,130,200,١٣٠:٣,56,44
426,3:131,3,131,200,١٣١:٣,56,44
427,3:132,3,132,200,١٣٢:٣,56,44
428,3:133,3,133,200,١٣٣:٣,56,44
429,3:134,3,134,200,١٣٤:٣,56,44
430,3:135,3,135,200,١٣٥:٣,56,44
431,3:136,3,136,200,١٣٦:٣,56,44
432,3:137,3,137,200,١٣٧:٣,56,44
433,3:138,3,138,200,١٣٨:٣,56,44
434,3:139,3,139,200,١٣٩:٣,56,44
309,3:14,3,14,200,١٤:٣,46,34
435,3:140,3,140,200,١٤٠:٣,57,45
436,3:141,3,141,200,١٤١:٣,57,45
437,3:142,3,142,200,١٤٢:٣,57,45
438,3:143,3,143,200,١٤٣:٣,57,45
439,3:144,3,144,200,١٤٤:٣,57,45
440,3:145,3,145,200,١٤٥:٣,57,45
441,3:146,3,146,200,١٤٦:٣,57,45
442,3:147,3,147,200,١٤٧:٣,57,45
443,3:148,3,148,200,١٤٨:٣,57,45
444,3:149,3,149,200,١٤٩:٣,57,45
310,3:15,3,15,200,١٥:٣,46,34
445,3:150,3,150,200,١٥٠:٣,57,45
446,3:151,3,151,200,١٥١:٣,57,45
447,3:152,3,152,200,١٥٢:٣,57,45
448,3:153,3,153,200,١٥٣:٣,58,46
449,3:154,3,154,200,١٥٤:٣,58,46
450,3:155,3,155,200,١٥٥:٣,58,46
451,3:156,3,156,200,١٥٦:٣,58,46
452,3:157,3,157,200,١٥٧:٣,58,46
453,3:158,3,158,200,١٥٨:٣,58,46
454,3:159,3,159,200,١٥٩:٣,58,46
311,3:16,3,16,200,١٦:٣,46,34
455,3:160,3,160,200,١٦٠:٣,58,46
456,3:161,3,161,200,١٦١:٣,58,46
457,3:162,3,162,200,١٦٢:٣,58,46
458,3:163,3,163,200,١٦٣:٣,59,47
459,3:164,3,164,200,١٦٤:٣,59,47
460,3:165,3,165,200,١٦٥:٣,59,47
461,3:166,3,166,200,١٦٦:٣,59,47
462,3:167,3,167,200,١٦٧:٣,59,47
463,3:168,3,168,200,١٦٨:٣,59,47
464,3:169,3,169,200,١٦٩:٣,59,47
312,3:17,3,17,200,١٧:٣,46,34
465,3:170,3,170,200,١٧٠:٣,59,47
466,3:171,3,171,200,١٧١:٣,59,47
467,3:172,3,172,200,١٧٢:٣,59,47
468,3:173,3,173,200,١٧٣:٣,59,47
469,3:174,3,174,200,١٧٤:٣,59,47
470,3:175,3,175,200,١٧٥:٣,60,48
471,3:176,3,176,200,١٧٦:٣,60,48
472,3:177,3,177,200,١٧٧:٣,60,48
473,3:178,3,178,200,١٧٨:٣,60,48
474,3:179,3,179,200,١٧٩:٣,60,48
313,3:18,3,18,200,١٨:٣,46,34
475,3:180,3,180,200,١٨٠:٣,60,48
476,3:181,3,181,200,١٨١:٣,60,48
477,3:182,3,182,200,١٨٢:٣,60,48
478,3:183,3,183,200,١٨٣:٣,60,48
479,3:184,3,184,200,١٨٤:٣,60,48
480,3:185,3,185,200,١٨٥:٣,60,48
481,3:186,3,186,200,١٨٦:٣,61,49
482,3:187,3,187,200,١٨٧:٣,61,49
483,3:188,3,188,200,١٨٨:٣,61,49
484,3:189,3,189,200,١٨٩:٣,61,49
314,3:19,3,19,200,١٩:٣,46,34
485,3:190,3,190,200,١٩٠:٣,61,49
486,3:191,3,191,200,١٩١:٣,61,49
487,3:192,3,192,200,١٩٢:٣,61,49
488,3:193,3,193,200,١٩٣:٣,61,49
489,3:194,3,194,200,١٩٤:٣,61,49
490,3:195,3,195,200,١٩٥:٣,61,49
491,3:196,3,196,200,١٩٦:٣,61,49
492,3:197,3,197,200,١٩٧:٣,62,50
493,3:198,3,198,200,١٩٨:٣,62,50
494,3:199,3,199,200,١٩٩:٣,62,50
297,3:2,3,2,200,٢:٣,45,33
315,3:20,3,20,200,٢٠:٣,46,34
495,3:200,3,200,200,٢٠٠:٣,62,50
316,3:21,3,21,200,٢١:٣,46,34
317,3:22,3,22,200,٢٢:٣,46,34
318,3:23,3,23,200,٢٣:٣,47,35
319,3:24,3,24,200,٢٤:٣,47,35
320,3:25,3,25,200,٢٥:٣,47,35
321,3:26,3,26,200,٢٦:٣,47,35
322,3:27,3,27,200,٢٧:٣,47,35
323,3:28,3,28,200,٢٨:٣,47,35
324,3:29,3,29,200,٢٩:٣,47,35
298,3:3,3,3,200,٣:٣,45,33
325,3:30,3,30,200,٣٠:٣,47,35
326,3:31,3,31,200,٣١:٣,47,35
327,3:32,3,32,200,٣٢:٣,48,36
328,3:33,3,33,200,٣٣:٣,48,36
329,3:34,3,34,200,٣٤:٣,48,36
330,3:35,3,35,200,٣٥:٣,48,36
331,3:36,3,36,200,٣٦:٣,48,36
332,3:37,3,37,200,٣٧:٣,48,36
333,3:38,3,38,200,٣٨:٣,48,36
334,3:39,3,39,200,٣٩:٣,48,36
299,3:4,3,4,200,٤:٣,45,33
335,3:40,3,40,200,٤٠:٣,48,36
336,3:41,3,41,200,٤١:٣,48,36
337,3:42,3,42,200,٤٢:٣,48,36
338,3:43,3,43,200,٤٣:٣,48,36
339,3:44,3,44,200,٤٤:٣,48,36
340,3:45,3,45,200,٤٥:٣,49,37
341,3:46,3,46,200,٤٦:٣,49,37
342,3:47,3,47,200,٤٧:٣,49,37
343,3:48,3,48,200,٤٨:٣,49,37
344,3:49,3,49,200,٤٩:٣,49,37
300,3:5,3,5,200,٥:٣,45,33
345,3:50,3,50,200,٥٠:٣,49,37
346,3:51,3,51,200,٥١:٣,49,37
347,3:52,3,52,200,٥٢:٣,49,37
348,3:53,3,53,200,٥٣:٣,49,37
349,3:54,3,54,200,٥٤:٣,49,37
350,3:55,3,55,200,٥٥:٣,49,37
351,3:56,3,56,200,٥٦:٣,49,37
352,3:57,3,57,200,٥٧:٣,49,37
353,3:58,3,58,200,٥٨:٣,49,37
354,3:59,3,59,200,٥٩:٣,49,37
301,3:6,3,6,200,٦:٣,45,33
355,3:60,3,60,200,٦٠:٣,50,38
356,3:61,3,61,200,٦١:٣,50,38
357,3:62,3,62,200,٦٢:٣,50,38
358,3:63,3,63,200,٦٣:٣,50,38
359,3:64,3,64,200,٦٤:٣,50,38
360,3:65,3,65,200,٦٥:٣,50,38
361,3:66,3,66,200,٦٦:٣,50,38
362,3:67,3,67,200,٦٧:٣,50,38
363,3:68,3,68,200,٦٨:٣,50,38
364,3:69,3,69,200,٦٩:٣,50,38
302,3:7,3,7,200,٧:٣,45,33
365,3:70,3,70,200,٧٠:٣,51,39
366,3:71,3,71,200,٧١:٣,51,39
367,3:72,3,72,200,٧٢:٣,51,39
368,3:73,3,73,200,٧٣:٣,51,39
369,3:74,3,74,200,٧٤:٣,51,39
370,3:75,3,75,200,٧٥:٣,51,39
371,3:76,3,76,200,٧٦:٣,51,39
372,3:77,3,77,200,٧٧:٣,51,39
373,3:78,3,78,200,٧٨:٣,51,39
374,3:79,3,79,200,٧٩:٣,51,39
303,3:8,3,8,200,٨:٣,45,33
375,3:80,3,80,200,٨٠:٣,51,39
376,3:81,3,81,200,٨١:٣,52,40
377,3:82,3,82,200,٨٢:٣,52,40
378,3:83,3,83,200,٨٣:٣,52,40
379,3:84,3,84,200,٨٤:٣,52,40
380,3:85,3,85,200,٨٥:٣,52,40
381,3:86,3,86,200,٨٦:٣,52,40
382,3:87,3,87,200,٨٧:٣,52,40
383,3:88,3,88,200,٨٨:٣,52,40
384,3:89,3,89,200,٨٩:٣,52,40
304,3:9,3,9,200,٩:٣,45,33
385,3:90,3,90,200,٩٠:٣,52,40
386,3:91,3,91,200,٩١:٣,52,40
387,3:92,3,92,200,٩٢:٣,53,41
388,3:93,3,93,200,٩٣:٣,53,41
389,3:94,3,94,200,٩٤:٣,53,41
390,3:95,3,95,200,٩٥:٣,53,41
391,3:96,3,96,200,٩٦:٣,53,41
392,3:97,3,97,200,٩٧:٣,53,41
393,3:98,3,98,200,٩٨:٣,53,41
394,3:99,3,99,200,٩٩:٣,54,42
3435,30:0,30,0,60,٠:٣٠,288,276
3436,30:1,30,1,60,١:٣٠,288,276
3445,30:10,30,10,60,١٠:٣٠,288,276
3446,30:11,30,11,60,١١:٣٠,288,276
3447,30:12,30,12,60,١٢:٣٠,288,276
3448,30:13,30,13,60,١٣:٣٠,288,276
3449,30:14,30,14,60,١٤:٣٠,288,276
3450,30:15,30,15,60,١٥:٣٠,288,276
3451,30:16,30,16,60,١٦:٣٠,288,276
3452,30:17,30,17,60,١٧:٣٠,289,277
3453,30:18,30,18,60,١٨:٣٠,289,277
3454,30:19,30,19,60,١٩:٣٠,289,277
3437,30:2,30,2,60,٢:٣٠,288,276
3455,30:20,30,20,60,٢٠:٣٠,289,277
3456,30:21,30,21,60,٢١:٣٠,289,277
3457,30:22,30,22,60,٢٢:٣٠,289,277
3458,30:23,30,23,60,٢٣:٣٠,289,277
3459,30:24,30,24,60,٢٤:٣٠,289,277
3460,30:25,30,25,60,٢٥:٣٠,289,277
3461,30:26,30,26,60,٢٦:٣٠,289,277
3462,30:27,30,27,60,٢٧:٣٠,289,277
3463,30:28,30,28,60,٢٨:٣٠,289,277
3464,30:29,30,29,60,٢٩:٣٠,289,277
3438,30:3,30,3,60,٣:٣٠,288,276
3465,30:30,30,30,60,٣٠:٣٠,289,277
3466,30:31,30,31,60,٣١:٣٠,290,278
3467,30:32,30,32,60,٣٢:٣٠,290,278
3468,30:33,30,33,60,٣٣:٣٠,290,278
3469,30:34,30,34,60,٣٤:٣٠,290,278
3470,30:35,30,35,60,٣٥:٣٠,290,278
3471,30:36,30,36,60,٣٦:٣٠,290,278
3472,30:37,30,37,60,٣٧:٣٠,290,278
3473,30:38,30,38,60,٣٨:٣٠,290,278
3474,30:39,30,39,60,٣٩:٣٠,290,278
3439,30:4,30,4,60,٤:٣٠,288,276
3475,30:40,30,40,60,٤٠:٣٠,290,278
3476,30:41,30,41,60,٤١:٣٠,290,278
3477,30:42,30,42,60,٤٢:٣٠,290,278
3478,30:43,30,43,60,٤٣:٣٠,290,278
3479,30:44,30,44,60,٤٤:٣٠,291,279
3480,30:45,30,45,60,٤٥:٣٠,291,279
3481,30:46,30,46,60,٤٦:٣٠,291,279
3482,30:47,30,47,60,٤٧:٣٠,291,279
3483,30:48,30,48,60,٤٨:٣٠,291,279
3484,30:49,30,49,60,٤٩:٣٠,291,279
3440,30:5,30,5,60,٥:٣٠,288,276
3485,30:50,30,50,60,٥٠:٣٠,291,279
3486,30:51,30,51,60,٥١:٣٠,291,279
3487,30:52,30,52,60,٥٢:٣٠,291,279
3488,30:53,30,53,60,٥٣:٣٠,291,279
3489,30:54,30,54,60,٥٤:٣٠,291,279
3490,30:55,30,55,60,٥٥:٣٠,291,279
3491,30:56,30,56,60,٥٦:٣٠,291,279
3492,30:57,30,57,60,٥٧:٣٠,291,279
3493,30:58,30,58,60,٥٨:٣٠,291,279
3494,30:59,30,59,60,٥٩:٣٠,291,279
3441,30:6,30,6,60,٦:٣٠,288,276
3495,30:60,30,60,60,٦٠:٣٠,291,279
3442,30:7,30,7,60,٧:٣٠,288,276
3443,30:8,30,8,60,٨:٣٠,288,276
3444,30:9,30,9,60,٩:٣٠,288,276
3496,31:0,31,0,34,٠:٣١,292,280
3497,31:1,31,1,34,١:٣١,292,280
3506,31:10,31,10,34,١٠:٣١,292,280
3507,31:11,31,11,34,١١:٣١,292,280
3508,31:12,31,12,34,١٢:٣١,292,280
3509,31:13,31,13,34,١٣:٣١,293,281
3510,31:14,31,14,34,١٤:٣١,293,281
3511,31:15,31,15,34,١٥:٣١,293,281
3512,31:16,31,16,34,١٦:٣١,293,281
3513,31:17,31,17,34,١٧:٣١,293,281
3514,31:18,31,18,34,١٨:٣١,293,281
3515,31:19,31,19,34,١٩:٣١,293,281
3498,31:2,31,2,34,٢:٣١,292,280
3516,31:20,31,20,34,٢٠:٣١,293,281
3517,31:21,31,21,34,٢١:٣١,293,281
3518,31:22,31,22,34,٢٢:٣١,293,281
3519,31:23,31,23,34,٢٣:٣١,293,281
3520,31:24,31,24,34,٢٤:٣١,293,281
3521,31:25,31,25,34,٢٥:٣١,293,281
3522,31:26,31,26,34,٢٦:٣١,294,282
3523,31:27,31,27,34,٢٧:٣١,294,282
3524,31:28,31,28,34,٢٨:٣١,294,282
3525,31:29,31,29,34,٢٩:٣١,294,282
3499,31:3,31,3,34,٣:٣١,292,280
3526,31:30,31,30,34,٣٠:٣١,294,282
3527,31:31,31,31,34,٣١:٣١,294,282
3528,31:32,31,32,34,٣٢:٣١,294,282
3529,31:33,31,33,34,٣٣:٣١,294,282
3530,31:34,31,34,34,٣٤:٣١,294,282
3500,31:4,31,4,34,٤:٣١,292,280
3501,31:5,31,5,34,٥:٣١,292,280
3502,31:6,31,6,34,٦:٣١,292,280
3503,31:7,31,7,34,٧:٣١,292,280
3504,31:8,31,8,34,٨:٣١,292,280
3505,31:9,31,9,34,٩:٣١,292,280
3531,32:0,32,0,30,٠:٣٢,295,283
3532,32:1,32,1,30,١:٣٢,295,283
3541,32:10,32,10,30,١٠:٣٢,295,283
3542,32:11,32,11,30,١١:٣٢,295,283
3543,32:12,32,12,30,١٢:٣٢,295,283
3544,32:13,32,13,30,١٣:٣٢,295,283
3545,32:14,32,14,30,١٤:٣٢,296,284
3546,32:15,32,15,30,١٥:٣٢,296,284
3547,32:16,32,16,30,١٦:٣٢,296,284
3548,32:17,32,17,30,١٧:٣٢,296,284
3549,32:18,32,18,30,١٨:٣٢,296,284
3550,32:19,32,19,30,١٩:٣٢,296,284
3533,32:2,32,2,30,٢:٣٢,295,283
3551,32:20,32,20,30,٢٠:٣٢,296,284
3552,32:21,32,21,30,٢١:٣٢,296,284
3553,32:22,32,22,30,٢٢:٣٢,296,284
3554,32:23,32,23,30,٢٣:٣٢,296,284
3555,32:24,32,24,30,٢٤:٣٢,296,284
3556,32:25,32,25,30,٢٥:٣٢,296,284
3557,32:26,32,26,30,٢٦:٣٢,296,284
3558,32:27,32,27,30,٢٧:٣٢,296,284
3559,32:28,32,28,30,٢٨:٣٢,296,284
3560,32:29,32,29,30,٢٩:٣٢,296,284
3534,32:3,32,3,30,٣:٣٢,295,283
3561,32:30,32,30,30,٣٠:٣٢,296,284
3535,32:4,32,4,30,٤:٣٢,295,283
3536,32:5,32,5,30,٥:٣٢,295,283
3537,32:6,32,6,30,٦:٣٢,295,283
3538,32:7,32,7,30,٧:٣٢,295,283
3539,32:8,32,8,30,٨:٣٢,295,283
3540,32:9,32,9,30,٩:٣٢,295,283
3562,33:0,33,0,73,٠:٣٣,297,285
3563,33:1,33,1,73,١:٣٣,297,285
3572,33:10,33,10,73,١٠:٣٣,298,286
3573,33:11,33,11,73,١١:٣٣,298,286
3574,33:12,33,12,73,١٢:٣٣,298,286
3575,33:13,33,13,73,١٣:٣٣,298,286
3576,33:14,33,14,73,١٤:٣٣,298,286
3577,33:15,33,15,73,١٥:٣٣,298,286
3578,33:16,33,16,73,١٦:٣٣,298,286
3579,33:17,33,17,73,١٧:٣٣,298,286
3580,33:18,33,18,73,١٨:٣٣,298,286
3581,33:19,33,19,73,١٩:٣٣,298,286
3564,33:2,33,2,73,٢:٣٣,297,285
3582,33:20,33,20,73,٢٠:٣٣,299,287
3583,33:21,33,21,73,٢١:٣٣,299,287
3584,33:22,33,22,73,٢٢:٣٣,299,287
3585,33:23,33,23,73,٢٣:٣٣,299,287
3586,33:24,33,24,73,٢٤:٣٣,299,287
3587,33:25,33,25,73,٢٥:٣٣,299,287
3588,33:26,33,26,73,٢٦:٣٣,299,287
3589,33:27,33,27,73,٢٧:٣٣,299,287
3590,33:28,33,28,73,٢٨:٣٣,299,287
3591,33:29,33,29,73,٢٩:٣٣,299,287
3565,33:3,33,3,73,٣:٣٣,297,285
3592,33:30,33,30,73,٣٠:٣٣,299,287
3593,33:31,33,31,73,٣١:٣٣,299,287
3594,33:32,33,32,73,٣٢:٣٣,299,287
3595,33:33,33,33,73,٣٣:٣٣,300,288
3596,33:34,33,34,73,٣٤:٣٣,300,288
3597,33:35,33,35,73,٣٥:٣٣,300,288
3598,33:36,33,36,73,٣٦:٣٣,300,288
3599,33:37,33,37,73,٣٧:٣٣,300,288
3600,33:38,33,38,73,٣٨:٣٣,300,288
3601,33:39,33,39,73,٣٩:٣٣,300,288
3566,33:4,33,4,73,٤:٣٣,297,285
3602,33:40,33,40,73,٤٠:٣٣,301,289
3603,33:41,33,41,73,٤١:٣٣,301,289
3604,33:42,33,42,73,٤٢:٣٣,301,289
3605,33:43,33,43,73,٤٣:٣٣,301,289
3606,33:44,33,44,73,٤٤:٣٣,301,289
3607,33:45,33,45,73,٤٥:٣٣,301,289
3608,33:46,33,46,73,٤٦:٣٣,301,289
3609,33:47,33,47,73,٤٧:٣٣,301,289
3610,33:48,33,48,73,٤٨:٣٣,301,289
3611,33:49,33,49,73,٤٩:٣٣,301,289
3567,33:5,33,5,73,٥:٣٣,297,285
3612,33:50,33,50,73,٥٠:٣٣,301,289
3613,33:51,33,51,73,٥١:٣٣,301,289
3614,33:52,33,52,73,٥٢:٣٣,301,289
3615,33:53,33,53,73,٥٣:٣٣,302,290
3616,33:54,33,54,73,٥٤:٣٣,302,290
3617,33:55,33,55,73,٥٥:٣٣,302,290
3618,33:56,33,56,73,٥٦:٣٣,302,290
3619,33:57,33,57,73,٥٧:٣٣,302,290
3620,33:58,33,58,73,٥٨:٣٣,302,290
3621,33:59,33,59,73,٥٩:٣٣,302,290
3568,33:6,33,6,73,٦:٣٣,297,285
3622,33:60,33,60,73,٦٠:٣٣,303,291
3623,33:61,33,61,73,٦١:٣٣,303,291
3624,33:62,33,62,73,٦٢:٣٣,303,291
3625,33:63,33,63,73,٦٣:٣٣,303,291
3626,33:64,33,64,73,٦٤:٣٣,303,291
3627,33:65,33,65,73,٦٥:٣٣,303,291
3628,33:66,33,66,73,٦٦:٣٣,303,291
3629,33:67,33,67,73,٦٧:٣٣,303,291
3630,33:68,33,68,73,٦٨:٣٣,303,291
3631,33:69,33,69,73,٦٩:٣٣,303,291
3569,33:7,33,7,73,٧:٣٣,297,285
3632,33:70,33,70,73,٧٠:٣٣,303,291
3633,33:71,33,71,73,٧١:٣٣,303,291
3634,33:72,33,72,73,٧٢:٣٣,303,291
3635,33:73,33,73,73,٧٣:٣٣,303,291
3570,33:8,33,8,73,٨:٣٣,297,285
3571,33:9,33,9,73,٩:٣٣,297,285
3636,34:0,34,0,54,٠:٣٤,304,292
3637,34:1,34,1,54,١:٣٤,304,292
3646,34:10,34,10,54,١٠:٣٤,304,292
3647,34:11,34,11,54,١١:٣٤,304,292
3648,34:12,34,12,54,١٢:٣٤,304,292
3649,34:13,34,13,54,١٣:٣٤,305,293
3650,34:14,34,14,54,١٤:٣٤,305,293
3651,34:15,34,15,54,١٥:٣٤,305,293
3652,34:16,34,16,54,١٦:٣٤,305,293
3653,34:17,34,17,54,١٧:٣٤,305,293
3654,34:18,34,18,54,١٨:٣٤,305,293
3655,34:19,34,19,54,١٩:٣٤,305,293
3638,34:2,34,2,54,٢:٣٤,304,292
3656,34:20,34,20,54,٢٠:٣٤,305,293
3657,34:21,34,21,54,٢١:٣٤,305,293
3658,34:22,34,22,54,٢٢:٣٤,305,293
3659,34:23,34,23,54,٢٣:٣٤,305,293
3660,34:24,34,24,54,٢٤:٣٤,306,294
3661,34:25,34,25,54,٢٥:٣٤,306,294
3662,34:26,34,26,54,٢٦:٣٤,306,294
3663,34:27,34,27,54,٢٧:٣٤,306,294
3664,34:28,34,28,54,٢٨:٣٤,306,294
3665,34:29,34,29,54,٢٩:٣٤,306,294
3639,34:3,34,3,54,٣:٣٤,304,292
3666,34:30,34,30,54,٣٠:٣٤,306,294
3667,34:31,34,31,54,٣١:٣٤,306,294
3668,34:32,34,32,54,٣٢:٣٤,306,294
3669,34:33,34,33,54,٣٣:٣٤,306,294
3670,34:34,34,34,54,٣٤:٣٤,306,294
3671,34:35,34,35,54,٣٥:٣٤,306,294
3672,34:36,34,36,54,٣٦:٣٤,306,294
3673,34:37,34,37,54,٣٧:٣٤,306,294
3674,34:38,34,38,54,٣٨:٣٤,306,294
3675,34:39,34,39,54,٣٩:٣٤,306,294
3640,34:4,34,4,54,٤:٣٤,304,292
3676,34:40,34,40,54,٤٠:٣٤,307,295
3677,34:41,34,41,54,٤١:٣٤,307,295
3678,34:42,34,42,54,٤٢:٣٤,307,295
3679,34:43,34,43,54,٤٣:٣٤,307,295
3680,34:44,34,44,54,٤٤:٣٤,307,295
3681,34:45,34,45,54,٤٥:٣٤,307,295
3682,34:46,34,46,54,٤٦:٣٤,307,295
3683,34:47,34,47,54,٤٧:٣٤,307,295
3684,34:48,34,48,54,٤٨:٣٤,307,295
3685,34:49,34,49,54,٤٩:٣٤,307,295
3641,34:5,34,5,54,٥:٣٤,304,292
3686,34:50,34,50,54,٥٠:٣٤,307,295
3687,34:51,34,51,54,٥١:٣٤,307,295
3688,34:52,34,52,54,٥٢:٣٤,307,295
3689,34:53,34,53,54,٥٣:٣٤,307,295
3690,34:54,34,54,54,٥٤:٣٤,307,295
3642,34:6,34,6,54,٦:٣٤,304,292
3643,34:7,34,7,54,٧:٣٤,304,292
3644,34:8,34,8,54,٨:٣٤,304,292
3645,34:9,34,9,54,٩:٣٤,304,292
3691,35:0,35,0,45,٠:٣٥,308,296
3692,35:1,35,1,45,١:٣٥,308,296
3701,35:10,35,10,45,١٠:٣٥,308,296
3702,35:11,35,11,45,١١:٣٥,308,296
3703,35:12,35,12,45,١٢:٣٥,309,297
3704,35:13,35,13,45,١٣:٣٥,309,297
3705,35:14,35,14,45,١٤:٣٥,309,297
3706,35:15,35,15,45,١٥:٣٥,309,297
3707,35:16,35,16,45,١٦:٣٥,309,297
3708,35:17,35,17,45,١٧:٣٥,309,297
3709,35:18,35,18,45,١٨:٣٥,309,297
3710,35:19,35,19,45,١٩:٣٥,309,297
3693,35:2,35,2,45,٢:٣٥,308,296
3711,35:20,35,20,45,٢٠:٣٥,309,297
3712,35:21,35,21,45,٢١:٣٥,309,297
3713,35:22,35,22,45,٢٢:٣٥,309,297
3714,35:23,35,23,45,٢٣:٣٥,309,297
3715,35:24,35,24,45,٢٤:٣٥,309,297
3716,35:25,35,25,45,٢٥:٣٥,309,297
3717,35:26,35,26,45,٢٦:٣٥,309,297
3718,35:27,35,27,45,٢٧:٣٥,309,297
3719,35:28,35,28,45,٢٨:٣٥,309,297
3720,35:29,35,29,45,٢٩:٣٥,309,297
3694,35:3,35,3,45,٣:٣٥,308,296
3721,35:30,35,30,45,٣٠:٣٥,310,298
3722,35:31,35,31,45,٣١:٣٥,310,298
3723,35:32,35,32,45,٣٢:٣٥,310,298
3724,35:33,35,33,45,٣٣:٣٥,310,298
3725,35:34,35,34,45,٣٤:٣٥,310,298
3726,35:35,35,35,45,٣٥:٣٥,310,298
3727,35:36,35,36,45,٣٦:٣٥,310,298
3728,35:37,35,37,45,٣٧:٣٥,310,298
3729,35:38,35,38,45,٣٨:٣٥,310,298
3730,35:39,35,39,45,٣٩:٣٥,310,298
3695,35:4,35,4,45,٤:٣٥,308,296
3731,35:40,35,40,45,٤٠:٣٥,310,298
3732,35:41,35,41,45,٤١:٣٥,310,298
3733,35:42,35,42,45,٤٢:٣٥,310,298
3734,35:43,35,43,45,٤٣:٣٥,310,298
3735,35:44,35,44,45,٤٤:٣٥,310,298
3736,35:45,35,45,45,٤٥:٣٥,311,299
3696,35:5,35,5,45,٥:٣٥,308,296
3697,35:6,35,6,45,٦:٣٥,308,296
3698,35:7,35,7,45,٧:٣٥,308,296
3699,35:8,35,8,45,٨:٣٥,308,296
3700,35:9,35,9,45,٩:٣٥,308,296
3737,36:0,36,0,83,٠:٣٦,312,300
3738,36:1,36,1,83,١:٣٦,312,300
3747,36:10,36,10,83,١٠:٣٦,312,300
3748,36:11,36,11,83,١١:٣٦,312,300
3749,36:12,36,12,83,١٢:٣٦,312,300
3750,36:13,36,13,83,١٣:٣٦,312,300
3751,36:14,36,14,83,١٤:٣٦,312,300
3752,36:15,36,15,83,١٥:٣٦,312,300
3753,36:16,36,16,83,١٦:٣٦,312,300
3754,36:17,36,17,83,١٧:٣٦,312,300
3755,36:18,36,18,83,١٨:٣٦,312,300
3756,36:19,36,19,83,١٩:٣٦,313,301
3739,36:2,36,2,83,٢:٣٦,312,300
3757,36:20,36,20,83,٢٠:٣٦,313,301
3758,36:21,36,21,83,٢١:٣٦,313,301
3759,36:22,36,22,83,٢٢:٣٦,313,301
3760,36:23,36,23,83,٢٣:٣٦,313,301
3761,36:24,36,24,83,٢٤:٣٦,313,301
3762,36:25,36,25,83,٢٥:٣٦,313,301
3763,36:26,36,26,83,٢٦:٣٦,313,301
3764,36:27,36,27,83,٢٧:٣٦,313,301
3765,36:28,36,28,83,٢٨:٣٦,313,301
3766,36:29,36,29,83,٢٩:٣٦,313,301
3740,36:3,36,3,83,٣:٣٦,312,300
3767,36:30,36,30,83,٣٠:٣٦,313,301
3768,36:31,36,31,83,٣١:٣٦,313,301
3769,36:32,36,32,83,٣٢:٣٦,313,301
3770,36:33,36,33,83,٣٣:٣٦,313,301
3771,36:34,36,34,83,٣٤:٣٦,313,301
3772,36:35,36,35,83,٣٥:٣٦,313,301
3773,36:36,36,36,83,٣٦:٣٦,313,301
3774,36:37,36,37,83,٣٧:٣٦,313,301
3775,36:38,36,38,83,٣٨:٣٦,313,301
3776,36:39,36,39,83,٣٩:٣٦,313,301
3741,36:4,36,4,83,٤:٣٦,312,300
3777,36:40,36,40,83,٤٠:٣٦,313,301
3778,36:41,36,41,83,٤١:٣٦,313,301
3779,36:42,36,42,83,٤٢:٣٦,313,301
3780,36:43,36,43,83,٤٣:٣٦,313,301
3781,36:44,36,44,83,٤٤:٣٦,313,301
3782,36:45,36,45,83,٤٥:٣٦,314,302
3783,36:46,36,46,83,٤٦:٣٦,314,302
3784,36:47,36,47,83,٤٧:٣٦,314,302
3785,36:48,36,48,83,٤٨:٣٦,314,302
3786,36:49,36,49,83,٤٩:٣٦,314,302
3742,36:5,36,5,83,٥:٣٦,312,300
3787,36:50,36,50,83,٥٠:٣٦,314,302
3788,36:51,36,51,83,٥١:٣٦,314,302
3789,36:52,36,52,83,٥٢:٣٦,314,302
3790,36:53,36,53,83,٥٣:٣٦,314,302
3791,36:54,36,54,83,٥٤:٣٦,314,302
3792,36:55,36,55,83,٥٥:٣٦,314,302
3793,36:56,36,56,83,٥٦:٣٦,314,302
3794,36:57,36,57,83,٥٧:٣٦,314,302
3795,36:58,36,58,83,٥٨:٣٦,314,302
3796,36:59,36,59,83,٥٩:٣٦,314,302
3743,36:6,36,6,83,٦:٣٦,312,300
3797,36:60,36,60,83,٦٠:٣٦,314,302
3798,36:61,36,61,83,٦١:٣٦,314,302
3799,36:62,36,62,83,٦٢:٣٦,314,302
3800,36:63,36,63,83,٦٣:٣٦,314,302
3801,36:64,36,64,83,٦٤:٣٦,314,302
3802,36:65,36,65,83,٦٥:٣٦,315,303
3803,36:66,36,66,83,٦٦:٣٦,315,303
3804,36:67,36,67,83,٦٧:٣٦,315,303
3805,36:68,36,68,83,٦٨:٣٦,315,303
3806,36:69,36,69,83,٦٩:٣٦,315,303
3744,36:7,36,7,83,٧:٣٦,312,300
3807,36:70,36,70,83,٧٠:٣٦,315,303
3808,36:71,36,71,83,٧١:٣٦,315,303
3809,36:72,36,72,83,٧٢:٣٦,315,303
3810,36:73,36,73,83,٧٣:٣٦,315,303
3811,36:74,36,74,83,٧٤:٣٦,315,303
3812,36:75,36,75,83,٧٥:٣٦,315,303
3813,36:76,36,76,83,٧٦:٣٦,315,303
3814,36:77,36,77,83,٧٧:٣٦,315,303
3815,36:78,36,78,83,٧٨:٣٦,315,303
3816,36:79,36,79,83,٧٩:٣٦,315,303
3745,36:8,36,8,83,٨:٣٦,312,300
3817,36:80,36,80,83,٨٠:٣٦,315,303
3818,36:81,36,81,83,٨١:٣٦,315,303
3819,36:82,36,82,83,٨٢:٣٦,315,303
3820,36:83,36,83,83,٨٣:٣٦,315,303
3746,36:9,36,9,83,٩:٣٦,312,300
3821,37:0,37,0,182,٠:٣٧,316,304
3822,37:1,37,1,182,١:٣٧,316,304
3831,37:10,37,10,182,١٠:٣٧,316,304
3921,37:100,37,100,182,١٠٠:٣٧,319,307
3922,37:101,37,101,182,١٠١:٣٧,319,307
3923,37:102,37,102,182,١٠٢:٣٧,319,307
3924,37:103,37,103,182,١٠٣:٣٧,319,307
3925,37:104,37,104,182,١٠٤:٣٧,319,307
3926,37:105,37,105,182,١٠٥:٣٧,319,307
3927,37:106,37,106,182,١٠٦:٣٧,319,307
3928,37:107,37,107,182,١٠٧:٣٧,319,307
3929,37:108,37,108,182,١٠٨:٣٧,319,307
3930,37:109,37,109,182,١٠٩:٣٧,319,307
3832,37:11,37,11,182,١١:٣٧,316,304
3931,37:110,37,110,182,١١٠:٣٧,319,307
3932,37:111,37,111,182,١١١:٣٧,319,307
3933,37:112,37,112,182,١١٢:٣٧,319,307
3934,37:113,37,113,182,١١٣:٣٧,319,307
3935,37:114,37,114,182,١١٤:٣٧,319,307
3936,37:115,37,115,182,١١٥:٣٧,319,307
3937,37:116,37,116,182,١١٦:٣٧,319,307
3938,37:117,37,117,182,١١٧:٣٧,319,307
3939,37:118,37,118,182,١١٨:٣٧,319,307
3940,37:119,37,119,182,١١٩:٣٧,319,307
3833,37:12,37,12,182,١٢:٣٧,316,304
3941,37:120,37,120,182,١٢٠:٣٧,319,307
3942,37:121,37,121,182,١٢١:٣٧,319,307
3943,37:122,37,122,182,١٢٢:٣٧,319,307
3944,37:123,37,123,182,١٢٣:٣٧,319,307
3945,37:124,37,124,182,١٢٤:٣٧,319,307
3946,37:125,37,125,182,١٢٥:٣٧,319,307
3947,37:126,37,126,182,١٢٦:٣٧,319,307
3948,37:127,37,127,182,١٢٧:٣٧,319,307
3949,37:128,37,128,182,١٢٨:٣٧,320,308
3950,37:129,37,129,182,١٢٩:٣٧,320,308
3834,37:13,37,13,182,١٣:٣٧,316,304
3951,37:130,37,130,182,١٣٠:٣٧,320,308
3952,37:131,37,131,182,١٣١:٣٧,320,308
3953,37:132,37,132,182,١٣٢:٣٧,320,308
3954,37:133,37,133,182,١٣٣:٣٧,320,308
3955,37:134,37,134,182,١٣٤:٣٧,320,308
3956,37:135,37,135,182,١٣٥:٣٧,320,308
3957,37:136,37,136,182,١٣٦:٣٧,320,308
3958,37:137,37,137,182,١٣٧:٣٧,320,308
3959,37:138,37,138,182,١٣٨:٣٧,320,308
3960,37:139,37,139,182,١٣٩:٣٧,320,308
3835,37:14,37,14,182,١٤:٣٧,316,304
3961,37:140,37,140,182,١٤٠:٣٧,320,308
3962,37:141,37,141,182,١٤١:٣٧,320,308
3963,37:142,37,142,182,١٤٢:٣٧,320,308
3964,37:143,37,143,182,١٤٣:٣٧,320,308
3965,37:144,37,144,182,١٤٤:٣٧,320,308
3966,37:145,37,145,182,١٤٥:٣٧,320,308
3967,37:146,37,146,182,١٤٦:٣٧,320,308
3968,37:147,37,147,182,١٤٧:٣٧,320,308
3969,37:148,37,148,182,١٤٨:٣٧,320,308
3970,37:149,37,149,182,١٤٩:٣٧,320,308
3836,37:15,37,15,182,١٥:٣٧,316,304
3971,37:150,37,150,182,١٥٠:٣٧,320,308
3972,37:151,37,151,182,١٥١:٣٧,320,308
3973,37:152,37,152,182,١٥٢:٣٧,320,308
3974,37:153,37,153,182,١٥٣:٣٧,320,308
3975,37:154,37,154,182,١٥٤:٣٧,320,308
3976,37:155,37,155,182,١٥٥:٣٧,320,308
3977,37:156,37,156,182,١٥٦:٣٧,320,308
3978,37:157,37,157,182,١٥٧:٣٧,320,308
3979,37:158,37,158,182,١٥٨:٣٧,320,308
3980,37:159,37,159,182,١٥٩:٣٧,320,308
3837,37:16,37,16,182,١٦:٣٧,316,304
3981,37:160,37,160,182,١٦٠:٣٧,320,308
3982,37:161,37,161,182,١٦١:٣٧,320,308
3983,37:162,37,162,182,١٦٢:٣٧,321,309
3984,37:163,37,163,182,١٦٣:٣٧,321,309
3985,37:164,37,164,182,١٦٤:٣٧,321,309
3986,37:165,37,165,182,١٦٥:٣٧,321,309
3987,37:166,37,166,182,١٦٦:٣٧,321,309
3988,37:167,37,167,182,١٦٧:٣٧,321,309
3989,37:168,37,168,182,١٦٨:٣٧,321,309
3990,37:169,37,169,182,١٦٩:٣٧,321,309
3838,37:17,37,17,182,١٧:٣٧,316,304
3991,37:170,37,170,182,١٧٠:٣٧,321,309
3992,37:171,37,171,182,١٧١:٣٧,321,309
3993,37:172,37,172,182,١٧٢:٣٧,321,309
3994,37:173,37,173,182,١٧٣:٣٧,321,309
3995,37:174,37,174,182,١٧٤:٣٧,321,309
3996,37:175,37,175,182,١٧٥:٣٧,321,309
3997,37:176,37,176,182,١٧٦:٣٧,321,309
3998,37:177,37,177,182,١٧٧:٣٧,321,309
3999,37:178,37,178,182,١٧٨:٣٧,321,309
4000,37:179,37,179,182,١٧٩:٣٧,321,309
3839,37:18,37,18,182,١٨:٣٧,316,304
4001,37:180,37,180,182,١٨٠:٣٧,321,309
4002,37:181,37,181,182,١٨١:٣٧,321,309
4003,37:182,37,182,182,١٨٢:٣٧,321,309
3840,37:19,37,19,182,١٩:٣٧,316,304
3823,37:2,37,2,182,٢:٣٧,316,304
3841,37:20,37,20,182,٢٠:٣٧,316,304
3842,37:21,37,21,182,٢١:٣٧,316,304
3843,37:22,37,22,182,٢٢:٣٧,316,304
3844,37:23,37,23,182,٢٣:٣٧,316,304
3845,37:24,37,24,182,٢٤:٣٧,316,304
3846,37:25,37,25,182,٢٥:٣٧,316,304
3847,37:26,37,26,182,٢٦:٣٧,316,304
3848,37:27,37,27,182,٢٧:٣٧,316,304
3849,37:28,37,28,182,٢٨:٣٧,316,304
3850,37:29,37,29,182,٢٩:٣٧,316,304
3824,37:3,37,3,182,٣:٣٧,316,304
3851,37:30,37,30,182,٣٠:٣٧,317,305
3852,37:31,37,31,182,٣١:٣٧,317,305
3853,37:32,37,32,182,٣٢:٣٧,317,305
3854,37:33,37,33,182,٣٣:٣٧,317,305
3855,37:34,37,34,182,٣٤:٣٧,317,305
3856,37:35,37,35,182,٣٥:٣٧,317,305
3857,37:36,37,36,182,٣٦:٣٧,317,305
3858,37:37,37,37,182,٣٧:٣٧,317,305
3859,37:38,37,38,182,٣٨:٣٧,317,305
3860,37:39,37,39,182,٣٩:٣٧,317,305
3825,37:4,37,4,182,٤:٣٧,316,304
3861,37:40,37,40,182,٤٠:٣٧,317,305
3862,37:41,37,41,182,٤١:٣٧,317,305
3863,37:42,37,42,182,٤٢:٣٧,317,305
3864,37:43,37,43,182,٤٣:٣٧,317,305
3865,37:44,37,44,182,٤٤:٣٧,317,305
3866,37:45,37,45,182,٤٥:٣٧,317,305
3867,37:46,37,46,182,٤٦:٣٧,317,305
3868,37:47,37,47,182,٤٧:٣٧,317,305
3869,37:48,37,48,182,٤٨:٣٧,317,305
3870,37:49,37,49,182,٤٩:٣٧,317,305
3826,37:5,37,5,182,٥:٣٧,316,304
3871,37:50,37,50,182,٥٠:٣٧,317,305
3872,37:51,37,51,182,٥١:٣٧,317,305
3873,37:52,37,52,182,٥٢:٣٧,317,305
3874,37:53,37,53,182,٥٣:٣٧,317,305
3875,37:54,37,54,182,٥٤:٣٧,317,305
3876,37:55,37,55,182,٥٥:٣٧,317,305
3877,37:56,37,56,182,٥٦:٣٧,317,305
3878,37:57,37,57,182,٥٧:٣٧,317,305
3879,37:58,37,58,182,٥٨:٣٧,317,305
3880,37:59,37,59,182,٥٩:٣٧,317,305
3827,37:6,37,6,182,٦:٣٧,316,304
3881,37:60,37,60,182,٦٠:٣٧,318,306
3882,37:61,37,61,182,٦١:٣٧,318,306
3883,37:62,37,62,182,٦٢:٣٧,318,306
3884,37:63,37,63,182,٦٣:٣٧,318,306
3885,37:64,37,64,182,٦٤:٣٧,318,306
3886,37:65,37,65,182,٦٥:٣٧,318,306
3887,37:66,37,66,182,٦٦:٣٧,318,306
3888,37:67,37,67,182,٦٧:٣٧,318,306
3889,37:68,37,68,182,٦٨:٣٧,318,306
3890,37:69,37,69,182,٦٩:٣٧,318,306
3828,37:7,37,7,182,٧:٣٧,316,304
3891,37:70,37,70,182,٧٠:٣٧,318,306
3892,37:71,37,71,182,٧١:٣٧,318,306
3893,37:72,37,72,182,٧٢:٣٧,318,306
3894,37:73,37,73,182,٧٣:٣٧,318,306
3895,37:74,37,74,182,٧٤:٣٧,318,306
3896,37:75,37,75,182,٧٥:٣٧,318,306
3897,37:76,37,76,182,٧٦:٣٧,318,306
3898,37:77,37,77,182,٧٧:٣٧,318,306
3899,37:78,37,78,182,٧٨:٣٧,318,306
3900,37:79,37,79,182,٧٩:٣٧,318,306
3829,37:8,37,8,182,٨:٣٧,316,304
3901,37:80,37,80,182,٨٠:٣٧,318,306
3902,37:81,37,81,182,٨١:٣٧,318,306
3903,37:82,37,82,182,٨٢:٣٧,318,306
3904,37:83,37,83,182,٨٣:٣٧,318,306
3905,37:84,37,84,182,٨٤:٣٧,318,306
3906,37:85,37,85,182,٨٥:٣٧,318,306
3907,37:86,37,86,182,٨٦:٣٧,318,306
3908,37:87,37,87,182,٨٧:٣٧,318,306
3909,37:88,37,88,182,٨٨:٣٧,318,306
3910,37:89,37,89,182,٨٩:٣٧,318,306
3830,37:9,37,9,182,٩:٣٧,316,304
3911,37:90,37,90,182,٩٠:٣٧,318,306
3912,37:91,37,91,182,٩١:٣٧,318,306
3913,37:92,37,92,182,٩٢:٣٧,318,306
3914,37:93,37,93,182,٩٣:٣٧,318,306
3915,37:94,37,94,182,٩٤:٣٧,318,306
3916,37:95,37,95,182,٩٥:٣٧,318,306
3917,37:96,37,96,182,٩٦:٣٧,318,306
3918,37:97,37,97,182,٩٧:٣٧,318,306
3919,37:98,37,98,182,٩٨:٣٧,319,307
3920,37:99,37,99,182,٩٩:٣٧,319,307
4004,38:0,38,0,88,٠:٣٨,322,310
4005,38:1,38,1,88,١:٣٨,322,310
4014,38:10,38,10,88,١٠:٣٨,322,310
4015,38:11,38,11,88,١١:٣٨,322,310
4016,38:12,38,12,88,١٢:٣٨,322,310
4017,38:13,38,13,88,١٣:٣٨,322,310
4018,38:14,38,14,88,١٤:٣٨,322,310
4019,38:15,38,15,88,١٥:٣٨,322,310
4020,38:16,38,16,88,١٦:٣٨,322,310
4021,38:17,38,17,88,١٧:٣٨,322,310
4022,38:18,38,18,88,١٨:٣٨,322,310
4023,38:19,38,19,88,١٩:٣٨,322,310
4006,38:2,38,2,88,٢:٣٨,322,310
4024,38:20,38,20,88,٢٠:٣٨,322,310
4025,38:21,38,21,88,٢١:٣٨,322,310
4026,38:22,38,22,88,٢٢:٣٨,323,311
4027,38:23,38,23,88,٢٣:٣٨,323,311
4028,38:24,38,24,88,٢٤:٣٨,323,311
4029,38:25,38,25,88,٢٥:٣٨,323,311
4030,38:26,38,26,88,٢٦:٣٨,323,311
4031,38:27,38,27,88,٢٧:٣٨,323,311
4032,38:28,38,28,88,٢٨:٣٨,323,311
4033,38:29,38,29,88,٢٩:٣٨,323,311
4007,38:3,38,3,88,٣:٣٨,322,310
4034,38:30,38,30,88,٣٠:٣٨,323,311
4035,38:31,38,31,88,٣١:٣٨,323,311
4036,38:32,38,32,88,٣٢:٣٨,323,311
4037,38:33,38,33,88,٣٣:٣٨,323,311
4038,38:34,38,34,88,٣٤:٣٨,323,311
4039,38:35,38,35,88,٣٥:٣٨,323,311
4040,38:36,38,36,88,٣٦:٣٨,323,311
4041,38:37,38,37,88,٣٧:٣٨,323,311
4042,38:38,38,38,88,٣٨:٣٨,323,311
4043,38:39,38,39,88,٣٩:٣٨,323,311
4008,38:4,38,4,88,٤:٣٨,322,310
4044,38:40,38,40,88,٤٠:٣٨,323,311
4045,38:41,38,41,88,٤١:٣٨,324,312
4046,38:42,38,42,88,٤٢:٣٨,324,312
4047,38:43,38,43,88,٤٣:٣٨,324,312
4048,38:44,38,44,88,٤٤:٣٨,324,312
4049,38:45,38,45,88,٤٥:٣٨,324,312
4050,38:46,38,46,88,٤٦:٣٨,324,312
4051,38:47,38,47,88,٤٧:٣٨,324,312
4052,38:48,38,48,88,٤٨:٣٨,324,312
4053,38:49,38,49,88,٤٩:٣٨,324,312
4009,38:5,38,5,88,٥:٣٨,322,310
4054,38:50,38,50,88,٥٠:٣٨,324,312
4055,38:51,38,51,88,٥١:٣٨,324,312
4056,38:52,38,52,88,٥٢:٣٨,324,312
4057,38:53,38,53,88,٥٣:٣٨,324,312
4058,38:54,38,54,88,٥٤:٣٨,324,312
4059,38:55,38,55,88,٥٥:٣٨,324,312
4060,38:56,38,56,88,٥٦:٣٨,324,312
4061,38:57,38,57,88,٥٧:٣٨,324,312
4062,38:58,38,58,88,٥٨:٣٨,324,312
4063,38:59,38,59,88,٥٩:٣٨,324,312
4010,38:6,38,6,88,٦:٣٨,322,310
4064,38:60,38,60,88,٦٠:٣٨,324,312
4065,38:61,38,61,88,٦١:٣٨,324,312
4066,38:62,38,62,88,٦٢:٣٨,324,312
4067,38:63,38,63,88,٦٣:٣٨,324,312
4068,38:64,38,64,88,٦٤:٣٨,324,312
4069,38:65,38,65,88,٦٥:٣٨,324,312
4070,38:66,38,66,88,٦٦:٣٨,325,313
4071,38:67,38,67,88,٦٧:٣٨,325,313
4072,38:68,38,68,88,٦٨:٣٨,325,313
4073,38:69,38,69,88,٦٩:٣٨,325,313
4011,38:7,38,7,88,٧:٣٨,322,310
4074,38:70,38,70,88,٧٠:٣٨,325,313
4075,38:71,38,71,88,٧١:٣٨,325,313
4076,38:72,38,72,88,٧٢:٣٨,325,313
4077,38:73,38,73,88,٧٣:٣٨,325,313
4078,38:74,38,74,88,٧٤:٣٨,325,313
4079,38:75,38,75,88,٧٥:٣٨,325,313
4080,38:76,38,76,88,٧٦:٣٨,325,313
4081,38:77,38,77,88,٧٧:٣٨,325,313
4082,38:78,38,78,88,٧٨:٣٨,325,313
4083,38:79,38,79,88,٧٩:٣٨,325,313
4012,38:8,38,8,88,٨:٣٨,322,310
4084,38:80,38,80,88,٨٠:٣٨,325,313
4085,38:81,38,81,88,٨١:٣٨,325,313
4086,38:82,38,82,88,٨٢:٣٨,325,313
4087,38:83,38,83,88,٨٣:٣٨,325,313
4088,38:84,38,84,88,٨٤:٣٨,325,313
4089,38:85,38,85,88,٨٥:٣٨,325,313
4090,38:86,38,86,88,٨٦:٣٨,325,313
4091,38:87,38,87,88,٨٧:٣٨,325,313
4092,38:88,38,88,88,٨٨:٣٨,325,313
4013,38:9,38,9,88,٩:٣٨,322,310
4093,39:0,39,0,75,٠:٣٩,326,314
4094,39:1,39,1,75,١:٣٩,326,314
4103,39:10,39,10,75,١٠:٣٩,327,315
4104,39:11,39,11,75,١١:٣٩,327,315
4105,39:12,39,12,75,١٢:٣٩,327,315
4106,39:13,39,13,75,١٣:٣٩,327,315
4107,39:14,39,14,75,١٤:٣٩,327,315
4108,39:15,39,15,75,١٥:٣٩,327,315
4109,39:16,39,16,75,١٦:٣٩,327,315
4110,39:17,39,17,75,١٧:٣٩,327,315
4111,39:18,39,18,75,١٨:٣٩,327,315
4112,39:19,39,19,75,١٩:٣٩,327,315
4095,39:2,39,2,75,٢:٣٩,326,314
4113,39:20,39,20,75,٢٠:٣٩,327,315
4114,39:21,39,21,75,٢١:٣٩,327,315
4115,39:22,39,22,75,٢٢:٣٩,327,315
4116,39:23,39,23,75,٢٣:٣٩,328,316
4117,39:24,39,24,75,٢٤:٣٩,328,316
4118,39:25,39,25,75,٢٥:٣٩,328,316
4119,39:26,39,26,75,٢٦:٣٩,328,316
4120,39:27,39,27,75,٢٧:٣٩,328,316
4121,39:28,39,28,75,٢٨:٣٩,328,316
4122,39:29,39,29,75,٢٩:٣٩,328,316
4096,39:3,39,3,75,٣:٣٩,326,314
4123,39:30,39,30,75,٣٠:٣٩,328,316
4124,39:31,39,31,75,٣١:٣٩,328,316
4125,39:32,39,32,75,٣٢:٣٩,329,317
4126,39:33,39,33,75,٣٣:٣٩,329,317
4127,39:34,39,34,75,٣٤:٣٩,329,317
4128,39:35,39,35,75,٣٥:٣٩,329,317
4129,39:36,39,36,75,٣٦:٣٩,329,317
4130,39:37,39,37,75,٣٧:٣٩,329,317
4131,39:38,39,38,75,٣٨:٣٩,329,317
4132,39:39,39,39,75,٣٩:٣٩,329,317
4097,39:4,39,4,75,٤:٣٩,326,314
4133,39:40,39,40,75,٤٠:٣٩,329,317
4134,39:41,39,41,75,٤١:٣٩,329,317
4135,39:42,39,42,75,٤٢:٣٩,329,317
4136,39:43,39,43,75,٤٣:٣٩,329,317
4137,39:44,39,44,75,٤٤:٣٩,330,318
4138,39:45,39,45,75,٤٥:٣٩,330,318
4139,39:46,39,46,75,٤٦:٣٩,330,318
4140,39:47,39,47,75,٤٧:٣٩,330,318
4141,39:48,39,48,75,٤٨:٣٩,330,318
4142,39:49,39,49,75,٤٩:٣٩,330,318
4098,39:5,39,5,75,٥:٣٩,326,314
4143,39:50,39,50,75,٥٠:٣٩,330,318
4144,39:51,39,51,75,٥١:٣٩,330,318
4145,39:52,39,52,75,٥٢:٣٩,330,318
4146,39:53,39,53,75,٥٣:٣٩,331,319
4147,39:54,39,54,75,٥٤:٣٩,331,319
4148,39:55,39,55,75,٥٥:٣٩,331,319
4149,39:56,39,56,75,٥٦:٣٩,331,319
4150,39:57,39,57,75,٥٧:٣٩,331,319
4151,39:58,39,58,75,٥٨:٣٩,331,319
4152,39:59,39,59,75,٥٩:٣٩,331,319
4099,39:6,39,6,75,٦:٣٩,326,314
4153,39:60,39,60,75,٦٠:٣٩,331,319
4154,39:61,39,61,75,٦١:٣٩,331,319
4155,39:62,39,62,75,٦٢:٣٩,331,319
4156,39:63,39,63,75,٦٣:٣٩,331,319
4157,39:64,39,64,75,٦٤:٣٩,331,319
4158,39:65,39,65,75,٦٥:٣٩,331,319
4159,39:66,39,66,75,٦٦:٣٩,331,319
4160,39:67,39,67,75,٦٧:٣٩,331,319
4161,39:68,39,68,75,٦٨:٣٩,332,320
4162,39:69,39,69,75,٦٩:٣٩,332,320
4100,39:7,39,7,75,٧:٣٩,326,314
4163,39:70,39,70,75,٧٠:٣٩,332,320
4164,39:71,39,71,75,٧١:٣٩,332,320
4165,39:72,39,72,75,٧٢:٣٩,332,320
4166,39:73,39,73,75,٧٣:٣٩,332,320
4167,39:74,39,74,75,٧٤:٣٩,332,320
4168,39:75,39,75,75,٧٥:٣٩,332,320
4101,39:8,39,8,75,٨:٣٩,326,314
4102,39:9,39,9,75,٩:٣٩,327,315
496,4:0,4,0,176,٠:٤,63,51
497,4:1,4,1,176,١:٤,63,51
506,4:10,4,10,176,١٠:٤,64,52
596,4:100,4,100,176,١٠٠:٤,74,62
597,4:101,4,101,176,١٠١:٤,74,62
598,4:102,4,102,176,١٠٢:٤,74,62
599,4:103,4,103,176,١٠٣:٤,74,62
600,4:104,4,104,176,١٠٤:٤,74,62
601,4:105,4,105,176,١٠٥:٤,75,63
602,4:106,4,106,176,١٠٦:٤,75,63
603,4:107,4,107,176,١٠٧:٤,75,63
604,4:108,4,108,176,١٠٨:٤,75,63
605,4:109,4,109,176,١٠٩:٤,75,63
507,4:11,4,11,176,١١:٤,64,52
606,4:110,4,110,176,١١٠:٤,75,63
607,4:111,4,111,176,١١١:٤,75,63
608,4:112,4,112,176,١١٢:٤,75,63
609,4:113,4,113,176,١١٣:٤,75,63
610,4:114,4,114,176,١١٤:٤,75,63
611,4:115,4,115,176,١١٥:٤,75,63
612,4:116,4,116,176,١١٦:٤,75,63
613,4:117,4,117,176,١١٧:٤,76,64
614,4:118,4,118,176,١١٨:٤,76,64
615,4:119,4,119,176,١١٩:٤,76,64
508,4:12,4,12,176,١٢:٤,64,52
616,4:120,4,120,176,١٢٠:٤,76,64
617,4:121,4,121,176,١٢١:٤,76,64
618,4:122,4,122,176,١٢٢:٤,76,64
619,4:123,4,123,176,١٢٣:٤,76,64
620,4:124,4,124,176,١٢٤:٤,76,64
621,4:125,4,125,176,١٢٥:٤,76,64
622,4:126,4,126,176,١٢٦:٤,76,64
623,4:127,4,127,176,١٢٧:٤,76,64
624,4:128,4,128,176,١٢٨:٤,76,64
625,4:129,4,129,176,١٢٩:٤,77,65
509,4:13,4,13,176,١٣:٤,64,52
626,4:130,4,130,176,١٣٠:٤,77,65
627,4:131,4,131,176,١٣١:٤,77,65
628,4:132,4,132,176,١٣٢:٤,77,65
629,4:133,4,133,176,١٣٣:٤,77,65
630,4:134,4,134,176,١٣٤:٤,77,65
631,4:135,4,135,176,١٣٥:٤,77,65
632,4:136,4,136,176,١٣٦:٤,77,65
633,4:137,4,137,176,١٣٧:٤,77,65
634,4:138,4,138,176,١٣٨:٤,77,65
635,4:139,4,139,176,١٣٩:٤,77,65
510,4:14,4,14,176,١٤:٤,65,53
636,4:140,4,140,176,١٤٠:٤,77,65
637,4:141,4,141,176,١٤١:٤,78,66
638,4:142,4,142,176,١٤٢:٤,78,66
639,4:143,4,143,176,١٤٣:٤,78,66
640,4:144,4,144,176,١٤٤:٤,78,66
641,4:145,4,145,176,١٤٥:٤,78,66
642,4:146,4,146,176,١٤٦:٤,78,66
643,4:147,4,147,176,١٤٧:٤,78,66
644,4:148,4,148,176,١٤٨:٤,78,66
645,4:149,4,149,176,١٤٩:٤,78,66
511,4:15,4,15,176,١٥:٤,65,53
646,4:150,4,150,176,١٥٠:٤,78,66
647,4:151,4,151,176,١٥١:٤,78,66
648,4:152,4,152,176,١٥٢:٤,78,66
649,4:153,4,153,176,١٥٣:٤,79,67
650,4:154,4,154,176,١٥٤:٤,79,67
651,4:155,4,155,176,١٥٥:٤,79,67
652,4:156,4,156,176,١٥٦:٤,79,67
653,4:157,4,157,176,١٥٧:٤,79,67
654,4:158,4,158,176,١٥٨:٤,79,67
655,4:159,4,159,176,١٥٩:٤,79,67
512,4:16,4,16,176,١٦:٤,65,53
656,4:160,4,160,176,١٦٠:٤,79,67
657,4:161,4,161,176,١٦١:٤,79,67
658,4:162,4,162,176,١٦٢:٤,80,68
659,4:163,4,163,176,١٦٣:٤,80,68
660,4:164,4,164,176,١٦٤:٤,80,68
661,4:165,4,165,176,١٦٥:٤,80,68
662,4:166,4,166,176,١٦٦:٤,80,68
663,4:167,4,167,176,١٦٧:٤,80,68
664,4:168,4,168,176,١٦٨:٤,80,68
665,4:169,4,169,176,١٦٩:٤,80,68
513,4:17,4,17,176,١٧:٤,65,53
666,4:170,4,170,176,١٧٠:٤,80,68
667,4:171,4,171,176,١٧١:٤,80,68
668,4:172,4,172,176,١٧٢:٤,81,69
669,4:173,4,173,176,١٧٣:٤,81,69
670,4:174,4,174,176,١٧٤:٤,81,69
671,4:175,4,175,176,١٧٥:٤,81,69
672,4:176,4,176,176,١٧٦:٤,81,69
514,4:18,4,18,176,١٨:٤,65,53
515,4:19,4,19,176,١٩:٤,65,53
498,4:2,4,2,176,٢:٤,63,51
516,4:20,4,20,176,٢٠:٤,65,53
517,4:21,4,21,176,٢١:٤,65,53
518,4:22,4,22,176,٢٢:٤,66,54
519,4:23,4,23,176,٢٣:٤,66,54
520,4:24,4,24,176,٢٤:٤,66,54
521,4:25,4,25,176,٢٥:٤,66,54
522,4:26,4,26,176,٢٦:٤,66,54
523,4:27,4,27,176,٢٧:٤,66,54
524,4:28,4,28,176,٢٨:٤,66,54
525,4:29,4,29,176,٢٩:٤,67,55
499,4:3,4,3,176,٣:٤,63,51
526,4:30,4,30,176,٣٠:٤,67,55
527,4:31,4,31,176,٣١:٤,67,55
528,4:32,4,32,176,٣٢:٤,67,55
529,4:33,4,33,176,٣٣:٤,67,55
530,4:34,4,34,176,٣٤:٤,67,55
531,4:35,4,35,176,٣٥:٤,67,55
532,4:36,4,36,176,٣٦:٤,67,55
533,4:37,4,37,176,٣٧:٤,67,55
534,4:38,4,38,176,٣٨:٤,68,56
535,4:39,4,39,176,٣٩:٤,68,56
500,4:4,4,4,176,٤:٤,63,51
536,4:40,4,40,176,٤٠:٤,68,56
537,4:41,4,41,176,٤١:٤,68,56
538,4:42,4,42,176,٤٢:٤,68,56
539,4:43,4,43,176,٤٣:٤,68,56
540,4:44,4,44,176,٤٤:٤,68,56
541,4:45,4,45,176,٤٥:٤,68,56
542,4:46,4,46,176,٤٦:٤,68,56
543,4:47,4,47,176,٤٧:٤,68,56
544,4:48,4,48,176,٤٨:٤,68,56
545,4:49,4,49,176,٤٩:٤,69,57
501,4:5,4,5,176,٥:٤,63,51
546,4:50,4,50,176,٥٠:٤,69,57
547,4:51,4,51,176,٥١:٤,69,57
548,4:52,4,52,176,٥٢:٤,69,57
549,4:53,4,53,176,٥٣:٤,69,57
550,4:54,4,54,176,٥٤:٤,69,57
551,4:55,4,55,176,٥٥:٤,69,57
552,4:56,4,56,176,٥٦:٤,69,57
553,4:57,4,57,176,٥٧:٤,69,57
554,4:58,4,58,176,٥٨:٤,69,57
555,4:59,4,59,176,٥٩:٤,69,57
502,4:6,4,6,176,٦:٤,63,51
556,4:60,4,60,176,٦٠:٤,70,58
557,4:61,4,61,176,٦١:٤,70,58
558,4:62,4,62,176,٦٢:٤,70,58
559,4:63,4,63,176,٦٣:٤,70,58
560,4:64,4,64,176,٦٤:٤,70,58
561,4:65,4,65,176,٦٥:٤,70,58
562,4:66,4,66,176,٦٦:٤,70,58
563,4:67,4,67,176,٦٧:٤,70,58
564,4:68,4,68,176,٦٨:٤,70,58
565,4:69,4,69,176,٦٩:٤,70,58
503,4:7,4,7,176,٧:٤,64,52
566,4:70,4,70,176,٧٠:٤,71,59
567,4:71,4,71,176,٧١:٤,71,59
568,4:72,4,72,176,٧٢:٤,71,59
569,4:73,4,73,176,٧٣:٤,71,59
570,4:74,4,74,176,٧٤:٤,71,59
571,4:75,4,75,176,٧٥:٤,71,59
572,4:76,4,76,176,٧٦:٤,71,59
573,4:77,4,77,176,٧٧:٤,71,59
574,4:78,4,78,176,٧٨:٤,71,59
575,4:79,4,79,176,٧٩:٤,71,59
504,4:8,4,8,176,٨:٤,64,52
576,4:80,4,80,176,٨٠:٤,71,59
577,4:81,4,81,176,٨١:٤,72,60
578,4:82,4,82,176,٨٢:٤,72,60
579,4:83,4,83,176,٨٣:٤,72,60
580,4:84,4,84,176,٨٤:٤,72,60
581,4:85,4,85,176,٨٥:٤,72,60
582,4:86,4,86,176,٨٦:٤,72,60
583,4:87,4,87,176,٨٧:٤,72,60
584,4:88,4,88,176,٨٨:٤,72,60
585,4:89,4,89,176,٨٩:٤,73,61
505,4:9,4,9,176,٩:٤,64,52
586,4:90,4,90,176,٩٠:٤,73,61
587,4:91,4,91,176,٩١:٤,73,61
588,4:92,4,92,176,٩٢:٤,73,61
589,4:93,4,93,176,٩٣:٤,73,61
590,4:94,4,94,176,٩٤:٤,73,61
591,4:95,4,95,176,٩٥:٤,73,61
592,4:96,4,96,176,٩٦:٤,74,62
593,4:97,4,97,176,٩٧:٤,74,62
594,4:98,4,98,176,٩٨:٤,74,62
595,4:99,4,99,176,٩٩:٤,74,62
4169,40:0,40,0,85,٠:٤٠,333,321
4170,40:1,40,1,85,١:٤٠,333,321
4179,40:10,40,10,85,١٠:٤٠,333,321
4180,40:11,40,11,85,١١:٤٠,334,322
4181,40:12,40,12,85,١٢:٤٠,334,322
4182,40:13,40,13,85,١٣:٤٠,334,322
4183,40:14,40,14,85,١٤:٤٠,334,322
4184,40:15,40,15,85,١٥:٤٠,334,322
4185,40:16,40,16,85,١٦:٤٠,334,322
4186,40:17,40,17,85,١٧:٤٠,334,322
4187,40:18,40,18,85,١٨:٤٠,334,322
4188,40:19,40,19,85,١٩:٤٠,334,322
4171,40:2,40,2,85,٢:٤٠,333,321
4189,40:20,40,20,85,٢٠:٤٠,334,322
4190,40:21,40,21,85,٢١:٤٠,334,322
4191,40:22,40,22,85,٢٢:٤٠,334,322
4192,40:23,40,23,85,٢٣:٤٠,334,322
4193,40:24,40,24,85,٢٤:٤٠,335,323
4194,40:25,40,25,85,٢٥:٤٠,335,323
4195,40:26,40,26,85,٢٦:٤٠,335,323
4196,40:27,40,27,85,٢٧:٤٠,335,323
4197,40:28,40,28,85,٢٨:٤٠,335,323
4198,40:29,40,29,85,٢٩:٤٠,335,323
4172,40:3,40,3,85,٣:٤٠,333,321
4199,40:30,40,30,85,٣٠:٤٠,335,323
4200,40:31,40,31,85,٣١:٤٠,335,323
4201,40:32,40,32,85,٣٢:٤٠,335,323
4202,40:33,40,33,85,٣٣:٤٠,335,323
4203,40:34,40,34,85,٣٤:٤٠,335,323
4204,40:35,40,35,85,٣٥:٤٠,335,323
4205,40:36,40,36,85,٣٦:٤٠,335,323
4206,40:37,40,37,85,٣٧:٤٠,335,323
4207,40:38,40,38,85,٣٨:٤٠,335,323
4208,40:39,40,39,85,٣٩:٤٠,335,323
4173,40:4,40,4,85,٤:٤٠,333,321
4209,40:40,40,40,85,٤٠:٤٠,335,323
4210,40:41,40,41,85,٤١:٤٠,336,324
4211,40:42,40,42,85,٤٢:٤٠,336,324
4212,40:43,40,43,85,٤٣:٤٠,336,324
4213,40:44,40,44,85,٤٤:٤٠,336,324
4214,40:45,40,45,85,٤٥:٤٠,336,324
4215,40:46,40,46,85,٤٦:٤٠,336,324
4216,40:47,40,47,85,٤٧:٤٠,336,324
4217,40:48,40,48,85,٤٨:٤٠,336,324
4218,40:49,40,49,85,٤٩:٤٠,336,324
4174,40:5,40,5,85,٥:٤٠,333,321
4219,40:50,40,50,85,٥٠:٤٠,336,324
4220,40:51,40,51,85,٥١:٤٠,336,324
4221,40:52,40,52,85,٥٢:٤٠,336,324
4222,40:53,40,53,85,٥٣:٤٠,336,324
4223,40:54,40,54,85,٥٤:٤٠,336,324
4224,40:55,40,55,85,٥٥:٤٠,336,324
4225,40:56,40,56,85,٥٦:٤٠,336,324
4226,40:57,40,57,85,٥٧:٤٠,337,325
4227,40:58,40,58,85,٥٨:٤٠,337,325
4228,40:59,40,59,85,٥٩:٤٠,337,325
4175,40:6,40,6,85,٦:٤٠,333,321
4229,40:60,40,60,85,٦٠:٤٠,337,325
4230,40:61,40,61,85,٦١:٤٠,337,325
4231,40:62,40,62,85,٦٢:٤٠,337,325
4232,40:63,40,63,85,٦٣:٤٠,337,325
4233,40:64,40,64,85,٦٤:٤٠,337,325
4234,40:65,40,65,85,٦٥:٤٠,337,325
4235,40:66,40,66,85,٦٦:٤٠,337,325
4236,40:67,40,67,85,٦٧:٤٠,337,325
4237,40:68,40,68,85,٦٨:٤٠,338,326
4238,40:69,40,69,85,٦٩:٤٠,338,326
4176,40:7,40,7,85,٧:٤٠,333,321
4239,40:70,40,70,85,٧٠:٤٠,338,326
4240,40:71,40,71,85,٧١:٤٠,338,326
4241,40:72,40,72,85,٧٢:٤٠,338,326
4242,40:73,40,73,85,٧٣:٤٠,338,326
4243,40:74,40,74,85,٧٤:٤٠,338,326
4244,40:75,40,75,85,٧٥:٤٠,338,326
4245,40:76,40,76,85,٧٦:٤٠,338,326
4246,40:77,40,77,85,٧٧:٤٠,338,326
4247,40:78,40,78,85,٧٨:٤٠,338,326
4248,40:79,40,79,85,٧٩:٤٠,338,326
4177,40:8,40,8,85,٨:٤٠,333,321
4249,40:80,40,80,85,٨٠:٤٠,338,326
4250,40:81,40,81,85,٨١:٤٠,338,326
4251,40:82,40,82,85,٨٢:٤٠,338,326
4252,40:83,40,83,85,٨٣:٤٠,338,326
4253,40:84,40,84,85,٨٤:٤٠,339,327
4254,40:85,40,85,85,٨٥:٤٠,339,327
4178,40:9,40,9,85,٩:٤٠,333,321
4255,41:0,41,0,54,٠:٤١,340,328
4256,41:1,41,1,54,١:٤١,340,328
4265,41:10,41,10,54,١٠:٤١,341,329
4266,41:11,41,11,54,١١:٤١,341,329
4267,41:12,41,12,54,١٢:٤١,341,329
4268,41:13,41,13,54,١٣:٤١,341,329
4269,41:14,41,14,54,١٤:٤١,341,329
4270,41:15,41,15,54,١٥:٤١,341,329
4271,41:16,41,16,54,١٦:٤١,341,329
4272,41:17,41,17,54,١٧:٤١,341,329
4273,41:18,41,18,54,١٨:٤١,341,329
4274,41:19,41,19,54,١٩:٤١,341,329
4257,41:2,41,2,54,٢:٤١,340,328
4275,41:20,41,20,54,٢٠:٤١,342,330
4276,41:21,41,21,54,٢١:٤١,342,330
4277,41:22,41,22,54,٢٢:٤١,342,330
4278,41:23,41,23,54,٢٣:٤١,342,330
4279,41:24,41,24,54,٢٤:٤١,342,330
4280,41:25,41,25,54,٢٥:٤١,342,330
4281,41:26,41,26,54,٢٦:٤١,342,330
4282,41:27,41,27,54,٢٧:٤١,342,330
4283,41:28,41,28,54,٢٨:٤١,342,330
4284,41:29,41,29,54,٢٩:٤١,342,330
4258,41:3,41,3,54,٣:٤١,340,328
4285,41:30,41,30,54,٣٠:٤١,342,330
4286,41:31,41,31,54,٣١:٤١,342,330
4287,41:32,41,32,54,٣٢:٤١,343,331
4288,41:33,41,33,54,٣٣:٤١,343,331
4289,41:34,41,34,54,٣٤:٤١,343,331
4290,41:35,41,35,54,٣٥:٤١,343,331
4291,41:36,41,36,54,٣٦:٤١,343,331
4292,41:37,41,37,54,٣٧:٤١,343,331
4293,41:38,41,38,54,٣٨:٤١,343,331
4294,41:39,41,39,54,٣٩:٤١,343,331
4259,41:4,41,4,54,٤:٤١,340,328
4295,41:40,41,40,54,٤٠:٤١,343,331
4296,41:41,41,41,54,٤١:٤١,343,331
4297,41:42,41,42,54,٤٢:٤١,343,331
4298,41:43,41,43,54,٤٣:٤١,343,331
4299,41:44,41,44,54,٤٤:٤١,344,332
4300,41:45,41,45,54,٤٥:٤١,344,332
4301,41:46,41,46,54,٤٦:٤١,344,332
4302,41:47,41,47,54,٤٧:٤١,344,332
4303,41:48,41,48,54,٤٨:٤١,344,332
4304,41:49,41,49,54,٤٩:٤١,344,332
4260,41:5,41,5,54,٥:٤١,340,328
4305,41:50,41,50,54,٥٠:٤١,344,332
4306,41:51,41,51,54,٥١:٤١,344,332
4307,41:52,41,52,54,٥٢:٤١,344,332
4308,41:53,41,53,54,٥٣:٤١,345,333
4309,41:54,41,54,54,٥٤:٤١,345,333
4261,41:6,41,6,54,٦:٤١,340,328
4262,41:7,41,7,54,٧:٤١,340,328
4263,41:8,41,8,54,٨:٤١,341,329
4264,41:9,41,9,54,٩:٤١,341,329
4310,42:0,42,0,53,٠:٤٢,346,334
4311,42:1,42,1,53,١:٤٢,346,334
4320,42:10,42,10,53,١٠:٤٢,346,334
4321,42:11,42,11,53,١١:٤٢,346,334
4322,42:12,42,12,53,١٢:٤٢,346,334
4323,42:13,42,13,53,١٣:٤٢,347,335
4324,42:14,42,14,53,١٤:٤٢,347,335
4325,42:15,42,15,53,١٥:٤٢,347,335
4326,42:16,42,16,53,١٦:٤٢,347,335
4327,42:17,42,17,53,١٧:٤٢,347,335
4328,42:18,42,18,53,١٨:٤٢,347,335
4329,42:19,42,19,53,١٩:٤٢,347,335
4312,42:2,42,2,53,٢:٤٢,346,334
4330,42:20,42,20,53,٢٠:٤٢,347,335
4331,42:21,42,21,53,٢١:٤٢,347,335
4332,42:22,42,22,53,٢٢:٤٢,348,336
4333,42:23,42,23,53,٢٣:٤٢,348,336
4334,42:24,42,24,53,٢٤:٤٢,348,336
4335,42:25,42,25,53,٢٥:٤٢,348,336
4336,42:26,42,26,53,٢٦:٤٢,348,336
4337,42:27,42,27,53,٢٧:٤٢,348,336
4338,42:28,42,28,53,٢٨:٤٢,348,336
4339,42:29,42,29,53,٢٩:٤٢,348,336
4313,42:3,42,3,53,٣:٤٢,346,334
4340,42:30,42,30,53,٣٠:٤٢,348,336
4341,42:31,42,31,53,٣١:٤٢,348,336
4342,42:32,42,32,53,٣٢:٤٢,348,336
4343,42:33,42,33,53,٣٣:٤٢,348,336
4344,42:34,42,34,53,٣٤:٤٢,348,336
4345,42:35,42,35,53,٣٥:٤٢,348,336
4346,42:36,42,36,53,٣٦:٤٢,349,337
4347,42:37,42,37,53,٣٧:٤٢,349,337
4348,42:38,42,38,53,٣٨:٤٢,349,337
4349,42:39,42,39,53,٣٩:٤٢,349,337
4314,42:4,42,4,53,٤:٤٢,346,334
4350,42:40,42,40,53,٤٠:٤٢,349,337
4351,42:41,42,41,53,٤١:٤٢,349,337
4352,42:42,42,42,53,٤٢:٤٢,349,337
4353,42:43,42,43,53,٤٣:٤٢,349,337
4354,42:44,42,44,53,٤٤:٤٢,349,337
4355,42:45,42,45,53,٤٥:٤٢,349,337
4356,42:46,42,46,53,٤٦:٤٢,349,337
4357,42:47,42,47,53,٤٧:٤٢,349,337
4358,42:48,42,48,53,٤٨:٤٢,349,337
4359,42:49,42,49,53,٤٩:٤٢,349,337
4315,42:5,42,5,53,٥:٤٢,346,334
4360,42:50,42,50,53,٥٠:٤٢,349,337
4361,42:51,42,51,53,٥١:٤٢,349,337
4362,42:52,42,52,53,٥٢:٤٢,350,338
4363,42:53,42,53,53,٥٣:٤٢,350,338
4316,42:6,42,6,53,٦:٤٢,346,334
4317,42:7,42,7,53,٧:٤٢,346,334
4318,42:8,42,8,53,٨:٤٢,346,334
4319,42:9,42,9,53,٩:٤٢,346,334
4364,43:0,43,0,89,٠:٤٣,351,339
4365,43:1,43,1,89,١:٤٣,351,339
4374,43:10,43,10,89,١٠:٤٣,351,339
4375,43:11,43,11,89,١١:٤٣,351,339
4376,43:12,43,12,89,١٢:٤٣,351,339
4377,43:13,43,13,89,١٣:٤٣,351,339
4378,43:14,43,14,89,١٤:٤٣,351,339
4379,43:15,43,15,89,١٥:٤٣,351,339
4380,43:16,43,16,89,١٦:٤٣,351,339
4381,43:17,43,17,89,١٧:٤٣,351,339
4382,43:18,43,18,89,١٨:٤٣,352,340
4383,43:19,43,19,89,١٩:٤٣,352,340
4366,43:2,43,2,89,٢:٤٣,351,339
4384,43:20,43,20,89,٢٠:٤٣,352,340
4385,43:21,43,21,89,٢١:٤٣,352,340
4386,43:22,43,22,89,٢٢:٤٣,352,340
4387,43:23,43,23,89,٢٣:٤٣,352,340
4388,43:24,43,24,89,٢٤:٤٣,352,340
4389,43:25,43,25,89,٢٥:٤٣,352,340
4390,43:26,43,26,89,٢٦:٤٣,352,340
4391,43:27,43,27,89,٢٧:٤٣,352,340
4392,43:28,43,28,89,٢٨:٤٣,352,340
4393,43:29,43,29,89,٢٩:٤٣,352,340
4367,43:3,43,3,89,٣:٤٣,351,339
4394,43:30,43,30,89,٣٠:٤٣,352,340
4395,43:31,43,31,89,٣١:٤٣,352,340
4396,43:32,43,32,89,٣٢:٤٣,352,340
4397,43:33,43,33,89,٣٣:٤٣,353,341
4398,43:34,43,34,89,٣٤:٤٣,353,341
4399,43:35,43,35,89,٣٥:٤٣,353,341
4400,43:36,43,36,89,٣٦:٤٣,353,341
4401,43:37,43,37,89,٣٧:٤٣,353,341
4402,43:38,43,38,89,٣٨:٤٣,353,341
4403,43:39,43,39,89,٣٩:٤٣,353,341
4368,43:4,43,4,89,٤:٤٣,351,339
4404,43:40,43,40,89,٤٠:٤٣,353,341
4405,43:41,43,41,89,٤١:٤٣,353,341
4406,43:42,43,42,89,٤٢:٤٣,353,341
4407,43:43,43,43,89,٤٣:٤٣,353,341
4408,43:44,43,44,89,٤٤:٤٣,353,341
4409,43:45,43,45,89,٤٥:٤٣,353,341
4410,43:46,43,46,89,٤٦:٤٣,353,341
4411,43:47,43,47,89,٤٧:٤٣,353,341
4412,43:48,43,48,89,٤٨:٤٣,353,341
4413,43:49,43,49,89,٤٩:٤٣,353,341
4369,43:5,43,5,89,٥:٤٣,351,339
4414,43:50,43,50,89,٥٠:٤٣,353,341
4415,43:51,43,51,89,٥١:٤٣,353,341
4416,43:52,43,52,89,٥٢:٤٣,354,342
4417,43:53,43,53,89,٥٣:٤٣,354,342
4418,43:54,43,54,89,٥٤:٤٣,354,342
4419,43:55,43,55,89,٥٥:٤٣,354,342
4420,43:56,43,56,89,٥٦:٤٣,354,342
4421,43:57,43,57,89,٥٧:٤٣,354,342
4422,43:58,43,58,89,٥٨:٤٣,354,342
4423,43:59,43,59,89,٥٩:٤٣,354,342
4370,43:6,43,6,89,٦:٤٣,351,339
4424,43:60,43,60,89,٦٠:٤٣,354,342
4425,43:61,43,61,89,٦١:٤٣,354,342
4426,43:62,43,62,89,٦٢:٤٣,354,342
4427,43:63,43,63,89,٦٣:٤٣,354,342
4428,43:64,43,64,89,٦٤:٤٣,354,342
4429,43:65,43,65,89,٦٥:٤٣,354,342
4430,43:66,43,66,89,٦٦:٤٣,354,342
4431,43:67,43,67,89,٦٧:٤٣,354,342
4432,43:68,43,68,89,٦٨:٤٣,354,342
4433,43:69,43,69,89,٦٩:٤٣,354,342
4371,43:7,43,7,89,٧:٤٣,351,339
4434,43:70,43,70,89,٧٠:٤٣,354,342
4435,43:71,43,71,89,٧١:٤٣,354,342
4436,43:72,43,72,89,٧٢:٤٣,354,342
4437,43:73,43,73,89,٧٣:٤٣,354,342
4438,43:74,43,74,89,٧٤:٤٣,354,342
4439,43:75,43,75,89,٧٥:٤٣,354,342
4440,43:76,43,76,89,٧٦:٤٣,354,342
4441,43:77,43,77,89,٧٧:٤٣,355,343
4442,43:78,43,78,89,٧٨:٤٣,355,343
4443,43:79,43,79,89,٧٩:٤٣,355,343
4372,43:8,43,8,89,٨:٤٣,351,339
4444,43:80,43,80,89,٨٠:٤٣,355,343
4445,43:81,43,81,89,٨١:٤٣,355,343
4446,43:82,43,82,89,٨٢:٤٣,355,343
4447,43:83,43,83,89,٨٣:٤٣,355,343
4448,43:84,43,84,89,٨٤:٤٣,355,343
4449,43:85,43,85,89,٨٥:٤٣,355,343
4450,43:86,43,86,89,٨٦:٤٣,355,343
4451,43:87,43,87,89,٨٧:٤٣,355,343
4452,43:88,43,88,89,٨٨:٤٣,355,343
4453,43:89,43,89,89,٨٩:٤٣,355,343
4373,43:9,43,9,89,٩:٤٣,351,339
4454,44:0,44,0,59,٠:٤٤,356,344
4455,44:1,44,1,59,١:٤٤,356,344
4464,44:10,44,10,59,١٠:٤٤,356,344
4465,44:11,44,11,59,١١:٤٤,356,344
4466,44:12,44,12,59,١٢:٤٤,356,344
4467,44:13,44,13,59,١٣:٤٤,356,344
4468,44:14,44,14,59,١٤:٤٤,356,344
4469,44:15,44,15,59,١٥:٤٤,356,344
4470,44:16,44,16,59,١٦:٤٤,357,345
4471,44:17,44,17,59,١٧:٤٤,357,345
4472,44:18,44,18,59,١٨:٤٤,357,345
4473,44:19,44,19,59,١٩:٤٤,357,345
4456,44:2,44,2,59,٢:٤٤,356,344
4474,44:20,44,20,59,٢٠:٤٤,357,345
4475,44:21,44,21,59,٢١:٤٤,357,345
4476,44:22,44,22,59,٢٢:٤٤,357,345
4477,44:23,44,23,59,٢٣:٤٤,357,345
4478,44:24,44,24,59,٢٤:٤٤,357,345
4479,44:25,44,25,59,٢٥:٤٤,357,345
4480,44:26,44,26,59,٢٦:٤٤,357,345
4481,44:27,44,27,59,٢٧:٤٤,357,345
4482,44:28,44,28,59,٢٨:٤٤,357,345
4483,44:29,44,29,59,٢٩:٤٤,357,345
4457,44:3,44,3,59,٣:٤٤,356,344
4484,44:30,44,30,59,٣٠:٤٤,357,345
4485,44:31,44,31,59,٣١:٤٤,357,345
4486,44:32,44,32,59,٣٢:٤٤,357,345
4487,44:33,44,33,59,٣٣:٤٤,357,345
4488,44:34,44,34,59,٣٤:٤٤,357,345
4489,44:35,44,35,59,٣٥:٤٤,357,345
4490,44:36,44,36,59,٣٦:٤٤,357,345
4491,44:37,44,37,59,٣٧:٤٤,357,345
4492,44:38,44,38,59,٣٨:٤٤,357,345
4493,44:39,44,39,59,٣٩:٤٤,357,345
4458,44:4,44,4,59,٤:٤٤,356,344
4494,44:40,44,40,59,٤٠:٤٤,357,345
4495,44:41,44,41,59,٤١:٤٤,357,345
4496,44:42,44,42,59,٤٢:٤٤,357,345
4497,44:43,44,43,59,٤٣:٤٤,357,345
4498,44:44,44,44,59,٤٤:٤٤,358,346
4499,44:45,44,45,59,٤٥:٤٤,358,346
4500,44:46,44,46,59,٤٦:٤٤,358,346
4501,44:47,44,47,59,٤٧:٤٤,358,346
4502,44:48,44,48,59,٤٨:٤٤,358,346
4503,44:49,44,49,59,٤٩:٤٤,358,346
4459,44:5,44,5,59,٥:٤٤,356,344
4504,44:50,44,50,59,٥٠:٤٤,358,346
4505,44:51,44,51,59,٥١:٤٤,358,346
4506,44:52,44,52,59,٥٢:٤٤,358,346
4507,44:53,44,53,59,٥٣:٤٤,358,346
4508,44:54,44,54,59,٥٤:٤٤,358,346
4509,44:55,44,55,59,٥٥:٤٤,358,346
4510,44:56,44,56,59,٥٦:٤٤,358,346
4511,44:57,44,57,59,٥٧:٤٤,358,346
4512,44:58,44,58,59,٥٨:٤٤,358,346
4513,44:59,44,59,59,٥٩:٤٤,358,346
4460,44:6,44,6,59,٦:٤٤,356,344
4461,44:7,44,7,59,٧:٤٤,356,344
4462,44:8,44,8,59,٨:٤٤,356,344
4463,44:9,44,9,59,٩:٤٤,356,344
4514,45:0,45,0,37,٠:٤٥,359,347
4515,45:1,45,1,37,١:٤٥,359,347
4524,45:10,45,10,37,١٠:٤٥,359,347
4525,45:11,45,11,37,١١:٤٥,359,347
4526,45:12,45,12,37,١٢:٤٥,359,347
4527,45:13,45,13,37,١٣:٤٥,359,347
4528,45:14,45,14,37,١٤:٤٥,360,348
4529,45:15,45,15,37,١٥:٤٥,360,348
4530,45:16,45,16,37,١٦:٤٥,360,348
4531,45:17,45,17,37,١٧:٤٥,360,348
4532,45:18,45,18,37,١٨:٤٥,360,348
4533,45:19,45,19,37,١٩:٤٥,360,348
4516,45:2,45,2,37,٢:٤٥,359,347
4534,45:20,45,20,37,٢٠:٤٥,360,348
4535,45:21,45,21,37,٢١:٤٥,360,348
4536,45:22,45,22,37,٢٢:٤٥,360,348
4537,45:23,45,23,37,٢٣:٤٥,360,348
4538,45:24,45,24,37,٢٤:٤٥,360,348
4539,45:25,45,25,37,٢٥:٤٥,360,348
4540,45:26,45,26,37,٢٦:٤٥,360,348
4541,45:27,45,27,37,٢٧:٤٥,360,348
4542,45:28,45,28,37,٢٨:٤٥,360,348
4543,45:29,45,29,37,٢٩:٤٥,360,348
4517,45:3,45,3,37,٣:٤٥,359,347
4544,45:30,45,30,37,٣٠:٤٥,360,348
4545,45:31,45,31,37,٣١:٤٥,361,349
4546,45:32,45,32,37,٣٢:٤٥,361,349
4547,45:33,45,33,37,٣٣:٤٥,361,349
4548,45:34,45,34,37,٣٤:٤٥,361,349
4549,45:35,45,35,37,٣٥:٤٥,361,349
4550,45:36,45,36,37,٣٦:٤٥,361,349
4551,45:37,45,37,37,٣٧:٤٥,361,349
4518,45:4,45,4,37,٤:٤٥,359,347
4519,45:5,45,5,37,٥:٤٥,359,347
4520,45:6,45,6,37,٦:٤٥,359,347
4521,45:7,45,7,37,٧:٤٥,359,347
4522,45:8,45,8,37,٨:٤٥,359,347
4523,45:9,45,9,37,٩:٤٥,359,347
4552,46:0,46,0,35,٠:٤٦,362,350
4553,46:1,46,1,35,١:٤٦,362,350
4562,46:10,46,10,35,١٠:٤٦,362,350
4563,46:11,46,11,35,١١:٤٦,363,351
4564,46:12,46,12,35,١٢:٤٦,363,351
4565,46:13,46,13,35,١٣:٤٦,363,351
4566,46:14,46,14,35,١٤:٤٦,363,351
4567,46:15,46,15,35,١٥:٤٦,363,351
4568,46:16,46,16,35,١٦:٤٦,363,351
4569,46:17,46,17,35,١٧:٤٦,363,351
4570,46:18,46,18,35,١٨:٤٦,363,351
4571,46:19,46,19,35,١٩:٤٦,363,351
4554,46:2,46,2,35,٢:٤٦,362,350
4572,46:20,46,20,35,٢٠:٤٦,363,351
4573,46:21,46,21,35,٢١:٤٦,364,352
4574,46:22,46,22,35,٢٢:٤٦,364,352
4575,46:23,46,23,35,٢٣:٤٦,364,352
4576,46:24,46,24,35,٢٤:٤٦,364,352
4577,46:25,46,25,35,٢٥:٤٦,364,352
4578,46:26,46,26,35,٢٦:٤٦,364,352
4579,46:27,46,27,35,٢٧:٤٦,364,352
4580,46:28,46,28,35,٢٨:٤٦,364,352
4581,46:29,46,29,35,٢٩:٤٦,364,352
4555,46:3,46,3,35,٣:٤٦,362,350
4582,46:30,46,30,35,٣٠:٤٦,364,352
4583,46:31,46,31,35,٣١:٤٦,364,352
4584,46:32,46,32,35,٣٢:٤٦,365,353
4585,46:33,46,33,35,٣٣:٤٦,365,353
4586,46:34,46,34,35,٣٤:٤٦,365,353
4587,46:35,46,35,35,٣٥:٤٦,365,353
4556,46:4,46,4,35,٤:٤٦,362,350
4557,46:5,46,5,35,٥:٤٦,362,350
4558,46:6,46,6,35,٦:٤٦,362,350
4559,46:7,46,7,35,٧:٤٦,362,350
4560,46:8,46,8,35,٨:٤٦,362,350
4561,46:9,46,9,35,٩:٤٦,362,350
4588,47:0,47,0,38,٠:٤٧,366,354
4589,47:1,47,1,38,١:٤٧,366,354
4598,47:10,47,10,38,١٠:٤٧,366,354
4599,47:11,47,11,38,١١:٤٧,366,354
4600,47:12,47,12,38,١٢:٤٧,366,354
4601,47:13,47,13,38,١٣:٤٧,366,354
4602,47:14,47,14,38,١٤:٤٧,366,354
4603,47:15,47,15,38,١٥:٤٧,367,355
4604,47:16,47,16,38,١٦:٤٧,367,355
4605,47:17,47,17,38,١٧:٤٧,367,355
4606,47:18,47,18,38,١٨:٤٧,367,355
4607,47:19,47,19,38,١٩:٤٧,367,355
4590,47:2,47,2,38,٢:٤٧,366,354
4608,47:20,47,20,38,٢٠:٤٧,367,355
4609,47:21,47,21,38,٢١:٤٧,367,355
4610,47:22,47,22,38,٢٢:٤٧,367,355
4611,47:23,47,23,38,٢٣:٤٧,367,355
4612,47:24,47,24,38,٢٤:٤٧,367,355
4613,47:25,47,25,38,٢٥:٤٧,367,355
4614,47:26,47,26,38,٢٦:٤٧,367,355
4615,47:27,47,27,38,٢٧:٤٧,367,355
4616,47:28,47,28,38,٢٨:٤٧,367,355
4617,47:29,47,29,38,٢٩:٤٧,367,355
4591,47:3,47,3,38,٣:٤٧,366,354
4618,47:30,47,30,38,٣٠:٤٧,367,355
4619,47:31,47,31,38,٣١:٤٧,367,355
4620,47:32,47,32,38,٣٢:٤٧,368,356
4621,47:33,47,33,38,٣٣:٤٧,368,356
4622,47:34,47,34,38,٣٤:٤٧,368,356
4623,47:35,47,35,38,٣٥:٤٧,368,356
4624,47:36,47,36,38,٣٦:٤٧,368,356
4625,47:37,47,37,38,٣٧:٤٧,368,356
4626,47:38,47,38,38,٣٨:٤٧,368,356
4592,47:4,47,4,38,٤:٤٧,366,354
4593,47:5,47,5,38,٥:٤٧,366,354
4594,47:6,47,6,38,٦:٤٧,366,354
4595,47:7,47,7,38,٧:٤٧,366,354
4596,47:8,47,8,38,٨:٤٧,366,354
4597,47:9,47,9,38,٩:٤٧,366,354
4627,48:0,48,0,29,٠:٤٨,369,357
4628,48:1,48,1,29,١:٤٨,369,357
4637,48:10,48,10,29,١٠:٤٨,369,357
4638,48:11,48,11,29,١١:٤٨,369,357
4639,48:12,48,12,29,١٢:٤٨,369,357
4640,48:13,48,13,29,١٣:٤٨,369,357
4641,48:14,48,14,29,١٤:٤٨,369,357
4642,48:15,48,15,29,١٥:٤٨,370,358
4643,48:16,48,16,29,١٦:٤٨,370,358
4644,48:17,48,17,29,١٧:٤٨,370,358
4645,48:18,48,18,29,١٨:٤٨,370,358
4646,48:19,48,19,29,١٩:٤٨,370,358
4629,48:2,48,2,29,٢:٤٨,369,357
4647,48:20,48,20,29,٢٠:٤٨,370,358
4648,48:21,48,21,29,٢١:٤٨,370,358
4649,48:22,48,22,29,٢٢:٤٨,370,358
4650,48:23,48,23,29,٢٣:٤٨,370,358
4651,48:24,48,24,29,٢٤:٤٨,370,358
4652,48:25,48,25,29,٢٥:٤٨,370,358
4653,48:26,48,26,29,٢٦:٤٨,370,358
4654,48:27,48,27,29,٢٧:٤٨,371,359
4655,48:28,48,28,29,٢٨:٤٨,371,359
4656,48:29,48,29,29,٢٩:٤٨,371,359
4630,48:3,48,3,29,٣:٤٨,369,357
4631,48:4,48,4,29,٤:٤٨,369,357
4632,48:5,48,5,29,٥:٤٨,369,357
4633,48:6,48,6,29,٦:٤٨,369,357
4634,48:7,48,7,29,٧:٤٨,369,357
4635,48:8,48,8,29,٨:٤٨,369,357
4636,48:9,48,9,29,٩:٤٨,369,357
4657,49:0,49,0,18,٠:٤٩,372,360
4658,49:1,49,1,18,١:٤٩,372,360
4667,49:10,49,10,18,١٠:٤٩,373,361
4668,49:11,49,11,18,١١:٤٩,373,361
4669,49:12,49,12,18,١٢:٤٩,373,361
4670,49:13,49,13,18,١٣:٤٩,373,361
4671,49:14,49,14,18,١٤:٤٩,373,361
4672,49:15,49,15,18,١٥:٤٩,373,361
4673,49:16,49,16,18,١٦:٤٩,373,361
4674,49:17,49,17,18,١٧:٤٩,374,362
4675,49:18,49,18,18,١٨:٤٩,374,362
4659,49:2,49,2,18,٢:٤٩,372,360
4660,49:3,49,3,18,٣:٤٩,372,360
4661,49:4,49,4,18,٤:٤٩,372,360
4662,49:5,49,5,18,٥:٤٩,372,360
4663,49:6,49,6,18,٦:٤٩,372,360
4664,49:7,49,7,18,٧:٤٩,372,360
4665,49:8,49,8,18,٨:٤٩,372,360
4666,49:9,49,9,18,٩:٤٩,373,361
673,5:0,5,0,120,٠:٥,82,70
674,5:1,5,1,120,١:٥,82,70
683,5:10,5,10,120,١٠:٥,83,71
773,5:100,5,100,120,١٠٠:٥,94,82
774,5:101,5,101,120,١٠١:٥,94,82
775,5:102,5,102,120,١٠٢:٥,94,82
776,5:103,5,103,120,١٠٣:٥,94,82
777,5:104,5,104,120,١٠٤:٥,94,82
778,5:105,5,105,120,١٠٥:٥,94,82
779,5:106,5,106,120,١٠٦:٥,95,83
780,5:107,5,107,120,١٠٧:٥,95,83
781,5:108,5,108,120,١٠٨:٥,95,83
782,5:109,5,109,120,١٠٩:٥,95,83
684,5:11,5,11,120,١١:٥,84,72
783,5:110,5,110,120,١١٠:٥,95,83
784,5:111,5,111,120,١١١:٥,95,83
785,5:112,5,112,120,١١٢:٥,95,83
786,5:113,5,113,120,١١٣:٥,95,83
787,5:114,5,114,120,١١٤:٥,95,83
788,5:115,5,115,120,١١٥:٥,95,83
789,5:116,5,116,120,١١٦:٥,96,84
790,5:117,5,117,120,١١٧:٥,96,84
791,5:118,5,118,120,١١٨:٥,96,84
792,5:119,5,119,120,١١٩:٥,96,84
685,5:12,5,12,120,١٢:٥,84,72
793,5:120,5,120,120,١٢٠:٥,96,84
686,5:13,5,13,120,١٣:٥,84,72
687,5:14,5,14,120,١٤:٥,84,72
688,5:15,5,15,120,١٥:٥,84,72
689,5:16,5,16,120,١٦:٥,84,72
690,5:17,5,17,120,١٧:٥,85,73
691,5:18,5,18,120,١٨:٥,85,73
692,5:19,5,19,120,١٩:٥,85,73
675,5:2,5,2,120,٢:٥,82,70
693,5:20,5,20,120,٢٠:٥,85,73
694,5:21,5,21,120,٢١:٥,85,73
695,5:22,5,22,120,٢٢:٥,85,73
696,5:23,5,23,120,٢٣:٥,85,73
697,5:24,5,24,120,٢٤:٥,85,73
698,5:25,5,25,120,٢٥:٥,85,73
699,5:26,5,26,120,٢٦:٥,85,73
700,5:27,5,27,120,٢٧:٥,85,73
701,5:28,5,28,120,٢٨:٥,86,74
702,5:29,5,29,120,٢٩:٥,86,74
676,5:3,5,3,120,٣:٥,82,70
703,5:30,5,30,120,٣٠:٥,86,74
704,5:31,5,31,120,٣١:٥,86,74
705,5:32,5,32,120,٣٢:٥,86,74
706,5:33,5,33,120,٣٣:٥,86,74
707,5:34,5,34,120,٣٤:٥,86,74
708,5:35,5,35,120,٣٥:٥,86,74
709,5:36,5,36,120,٣٦:٥,86,74
710,5:37,5,37,120,٣٧:٥,86,74
711,5:38,5,38,120,٣٨:٥,86,74
712,5:39,5,39,120,٣٩:٥,86,74
677,5:4,5,4,120,٤:٥,83,71
713,5:40,5,40,120,٤٠:٥,86,74
714,5:41,5,41,120,٤١:٥,87,75
715,5:42,5,42,120,٤٢:٥,87,75
716,5:43,5,43,120,٤٣:٥,87,75
717,5:44,5,44,120,٤٤:٥,87,75
718,5:45,5,45,120,٤٥:٥,88,76
719,5:46,5,46,120,٤٦:٥,88,76
720,5:47,5,47,120,٤٧:٥,88,76
721,5:48,5,48,120,٤٨:٥,88,76
722,5:49,5,49,120,٤٩:٥,88,76
678,5:5,5,5,120,٥:٥,83,71
723,5:50,5,50,120,٥٠:٥,88,76
724,5:51,5,51,120,٥١:٥,89,77
725,5:52,5,52,120,٥٢:٥,89,77
726,5:53,5,53,120,٥٣:٥,89,77
727,5:54,5,54,120,٥٤:٥,89,77
728,5:55,5,55,120,٥٥:٥,89,77
729,5:56,5,56,120,٥٦:٥,89,77
730,5:57,5,57,120,٥٧:٥,89,77
731,5:58,5,58,120,٥٨:٥,89,77
732,5:59,5,59,120,٥٩:٥,89,77
679,5:6,5,6,120,٦:٥,83,71
733,5:60,5,60,120,٦٠:٥,89,77
734,5:61,5,61,120,٦١:٥,89,77
735,5:62,5,62,120,٦٢:٥,89,77
736,5:63,5,63,120,٦٣:٥,89,77
737,5:64,5,64,120,٦٤:٥,90,78
738,5:65,5,65,120,٦٥:٥,90,78
739,5:66,5,66,120,٦٦:٥,90,78
740,5:67,5,67,120,٦٧:٥,90,78
741,5:68,5,68,120,٦٨:٥,90,78
742,5:69,5,69,120,٦٩:٥,90,78
680,5:7,5,7,120,٧:٥,83,71
743,5:70,5,70,120,٧٠:٥,90,78
744,5:71,5,71,120,٧١:٥,90,78
745,5:72,5,72,120,٧٢:٥,91,79
746,5:73,5,73,120,٧٣:٥,91,79
747,5:74,5,74,120,٧٤:٥,91,79
748,5:75,5,75,120,٧٥:٥,91,79
749,5:76,5,76,120,٧٦:٥,91,79
750,5:77,5,77,120,٧٧:٥,91,79
751,5:78,5,78,120,٧٨:٥,91,79
752,5:79,5,79,120,٧٩:٥,91,79
681,5:8,5,8,120,٨:٥,83,71
753,5:80,5,80,120,٨٠:٥,91,79
754,5:81,5,81,120,٨١:٥,91,79
755,5:82,5,82,120,٨٢:٥,92,80
756,5:83,5,83,120,٨٣:٥,92,80
757,5:84,5,84,120,٨٤:٥,92,80
758,5:85,5,85,120,٨٥:٥,92,80
759,5:86,5,86,120,٨٦:٥,92,80
760,5:87,5,87,120,٨٧:٥,92,80
761,5:88,5,88,120,٨٨:٥,92,80
762,5:89,5,89,120,٨٩:٥,92,80
682,5:9,5,9,120,٩:٥,83,71
763,5:90,5,90,120,٩٠:٥,92,80
764,5:91,5,91,120,٩١:٥,93,81
765,5:92,5,92,120,٩٢:٥,93,81
766,5:93,5,93,120,٩٣:٥,93,81
767,5:94,5,94,120,٩٤:٥,93,81
768,5:95,5,95,120,٩٥:٥,93,81
769,5:96,5,96,120,٩٦:٥,93,81
770,5:97,5,97,120,٩٧:٥,93,81
771,5:98,5,98,120,٩٨:٥,94,82
772,5:99,5,99,120,٩٩:٥,94,82
4676,50:0,50,0,45,٠:٥٠,375,363
4677,50:1,50,1,45,١:٥٠,375,363
4686,50:10,50,10,45,١٠:٥٠,375,363
4687,50:11,50,11,45,١١:٥٠,375,363
4688,50:12,50,12,45,١٢:٥٠,375,363
4689,50:13,50,13,45,١٣:٥٠,375,363
4690,50:14,50,14,45,١٤:٥٠,376,364
4691,50:15,50,15,45,١٥:٥٠,376,364
4692,50:16,50,16,45,١٦:٥٠,376,364
4693,50:17,50,17,45,١٧:٥٠,376,364
4694,50:18,50,18,45,١٨:٥٠,376,364
4695,50:19,50,19,45,١٩:٥٠,376,364
4678,50:2,50,2,45,٢:٥٠,375,363
4696,50:20,50,20,45,٢٠:٥٠,376,364
4697,50:21,50,21,45,٢١:٥٠,376,364
4698,50:22,50,22,45,٢٢:٥٠,376,364
4699,50:23,50,23,45,٢٣:٥٠,376,364
4700,50:24,50,24,45,٢٤:٥٠,376,364
4701,50:25,50,25,45,٢٥:٥٠,376,364
4702,50:26,50,26,45,٢٦:٥٠,376,364
4703,50:27,50,27,45,٢٧:٥٠,376,364
4704,50:28,50,28,45,٢٨:٥٠,376,364
4705,50:29,50,29,45,٢٩:٥٠,376,364
4679,50:3,50,3,45,٣:٥٠,375,363
4706,50:30,50,30,45,٣٠:٥٠,376,364
4707,50:31,50,31,45,٣١:٥٠,376,364
4708,50:32,50,32,45,٣٢:٥٠,376,364
4709,50:33,50,33,45,٣٣:٥٠,376,364
4710,50:34,50,34,45,٣٤:٥٠,376,364
4711,50:35,50,35,45,٣٥:٥٠,377,365
4712,50:36,50,36,45,٣٦:٥٠,377,365
4713,50:37,50,37,45,٣٧:٥٠,377,365
4714,50:38,50,38,45,٣٨:٥٠,377,365
4715,50:39,50,39,45,٣٩:٥٠,377,365
4680,50:4,50,4,45,٤:٥٠,375,363
4716,50:40,50,40,45,٤٠:٥٠,377,365
4717,50:41,50,41,45,٤١:٥٠,377,365
4718,50:42,50,42,45,٤٢:٥٠,377,365
4719,50:43,50,43,45,٤٣:٥٠,377,365
4720,50:44,50,44,45,٤٤:٥٠,377,365
4721,50:45,50,45,45,٤٥:٥٠,377,365
4681,50:5,50,5,45,٥:٥٠,375,363
4682,50:6,50,6,45,٦:٥٠,375,363
4683,50:7,50,7,45,٧:٥٠,375,363
4684,50:8,50,8,45,٨:٥٠,375,363
4685,50:9,50,9,45,٩:٥٠,375,363
4722,51:0,51,0,60,٠:٥١,378,366
4723,51:1,51,1,60,١:٥١,378,366
4732,51:10,51,10,60,١٠:٥١,378,366
4733,51:11,51,11,60,١١:٥١,378,366
4734,51:12,51,12,60,١٢:٥١,378,366
4735,51:13,51,13,60,١٣:٥١,378,366
4736,51:14,51,14,60,١٤:٥١,378,366
4737,51:15,51,15,60,١٥:٥١,378,366
4738,51:16,51,16,60,١٦:٥١,378,366
4739,51:17,51,17,60,١٧:٥١,378,366
4740,51:18,51,18,60,١٨:٥١,378,366
4741,51:19,51,19,60,١٩:٥١,378,366
4724,51:2,51,2,60,٢:٥١,378,366
4742,51:20,51,20,60,٢٠:٥١,378,366
4743,51:21,51,21,60,٢١:٥١,378,366
4744,51:22,51,22,60,٢٢:٥١,378,366
4745,51:23,51,23,60,٢٣:٥١,378,366
4746,51:24,51,24,60,٢٤:٥١,378,366
4747,51:25,51,25,60,٢٥:٥١,378,366
4748,51:26,51,26,60,٢٦:٥١,378,366
4749,51:27,51,27,60,٢٧:٥١,378,366
4750,51:28,51,28,60,٢٨:٥١,378,366
4751,51:29,51,29,60,٢٩:٥١,378,366
4725,51:3,51,3,60,٣:٥١,378,366
4752,51:30,51,30,60,٣٠:٥١,378,366
4753,51:31,51,31,60,٣١:٥١,379,367
4754,51:32,51,32,60,٣٢:٥١,379,367
4755,51:33,51,33,60,٣٣:٥١,379,367
4756,51:34,51,34,60,٣٤:٥١,379,367
4757,51:35,51,35,60,٣٥:٥١,379,367
4758,51:36,51,36,60,٣٦:٥١,379,367
4759,51:37,51,37,60,٣٧:٥١,379,367
4760,51:38,51,38,60,٣٨:٥١,379,367
4761,51:39,51,39,60,٣٩:٥١,379,367
4726,51:4,51,4,60,٤:٥١,378,366
4762,51:40,51,40,60,٤٠:٥١,379,367
4763,51:41,51,41,60,٤١:٥١,379,367
4764,51:42,51,42,60,٤٢:٥١,379,367
4765,51:43,51,43,60,٤٣:٥١,379,367
4766,51:44,51,44,60,٤٤:٥١,379,367
4767,51:45,51,45,60,٤٥:٥١,379,367
4768,51:46,51,46,60,٤٦:٥١,379,367
4769,51:47,51,47,60,٤٧:٥١,379,367
4770,51:48,51,48,60,٤٨:٥١,379,367
4771,51:49,51,49,60,٤٩:٥١,379,367
4727,51:5,51,5,60,٥:٥١,378,366
4772,51:50,51,50,60,٥٠:٥١,379,367
4773,51:51,51,51,60,٥١:٥١,379,367
4774,51:52,51,52,60,٥٢:٥١,379,367
4775,51:53,51,53,60,٥٣:٥١,379,367
4776,51:54,51,54,60,٥٤:٥١,379,367
4777,51:55,51,55,60,٥٥:٥١,380,368
4778,51:56,51,56,60,٥٦:٥١,380,368
4779,51:57,51,57,60,٥٧:٥١,380,368
4780,51:58,51,58,60,٥٨:٥١,380,368
4781,51:59,51,59,60,٥٩:٥١,380,368
4728,51:6,51,6,60,٦:٥١,378,366
4782,51:60,51,60,60,٦٠:٥١,380,368
4729,51:7,51,7,60,٧:٥١,378,366
4730,51:8,51,8,60,٨:٥١,378,366
4731,51:9,51,9,60,٩:٥١,378,366
4783,52:0,52,0,49,٠:٥٢,381,369
4784,52:1,52,1,49,١:٥٢,381,369
4793,52:10,52,10,49,١٠:٥٢,381,369
4794,52:11,52,11,49,١١:٥٢,381,369
4795,52:12,52,12,49,١٢:٥٢,381,369
4796,52:13,52,13,49,١٣:٥٢,381,369
4797,52:14,52,14,49,١٤:٥٢,381,369
4798,52:15,52,15,49,١٥:٥٢,381,369
4799,52:16,52,16,49,١٦:٥٢,381,369
4800,52:17,52,17,49,١٧:٥٢,381,369
4801,52:18,52,18,49,١٨:٥٢,381,369
4802,52:19,52,19,49,١٩:٥٢,381,369
4785,52:2,52,2,49,٢:٥٢,381,369
4803,52:20,52,20,49,٢٠:٥٢,381,369
4804,52:21,52,21,49,٢١:٥٢,381,369
4805,52:22,52,22,49,٢٢:٥٢,381,369
4806,52:23,52,23,49,٢٣:٥٢,381,369
4807,52:24,52,24,49,٢٤:٥٢,381,369
4808,52:25,52,25,49,٢٥:٥٢,381,369
4809,52:26,52,26,49,٢٦:٥٢,381,369
4810,52:27,52,27,49,٢٧:٥٢,381,369
4811,52:28,52,28,49,٢٨:٥٢,381,369
4812,52:29,52,29,49,٢٩:٥٢,382,370
4786,52:3,52,3,49,٣:٥٢,381,369
4813,52:30,52,30,49,٣٠:٥٢,382,370
4814,52:31,52,31,49,٣١:٥٢,382,370
4815,52:32,52,32,49,٣٢:٥٢,382,370
4816,52:33,52,33,49,٣٣:٥٢,382,370
4817,52:34,52,34,49,٣٤:٥٢,382,370
4818,52:35,52,35,49,٣٥:٥٢,382,370
4819,52:36,52,36,49,٣٦:٥٢,382,370
4820,52:37,52,37,49,٣٧:٥٢,382,370
4821,52:38,52,38,49,٣٨:٥٢,382,370
4822,52:39,52,39,49,٣٩:٥٢,382,370
4787,52:4,52,4,49,٤:٥٢,381,369
4823,52:40,52,40,49,٤٠:٥٢,382,370
4824,52:41,52,41,49,٤١:٥٢,382,370
4825,52:42,52,42,49,٤٢:٥٢,382,370
4826,52:43,52,43,49,٤٣:٥٢,382,370
4827,52:44,52,44,49,٤٤:٥٢,382,370
4828,52:45,52,45,49,٤٥:٥٢,382,370
4829,52:46,52,46,49,٤٦:٥٢,382,370
4830,52:47,52,47,49,٤٧:٥٢,382,370
4831,52:48,52,48,49,٤٨:٥٢,382,370
4832,52:49,52,49,49,٤٩:٥٢,382,370
4788,52:5,52,5,49,٥:٥٢,381,369
4789,52:6,52,6,49,٦:٥٢,381,369
4790,52:7,52,7,49,٧:٥٢,381,369
4791,52:8,52,8,49,٨:٥٢,381,369
4792,52:9,52,9,49,٩:٥٢,381,369
4833,53:0,53,0,62,٠:٥٣,383,371
4834,53:1,53,1,62,١:٥٣,383,371
4843,53:10,53,10,62,١٠:٥٣,383,371
4844,53:11,53,11,62,١١:٥٣,383,371
4845,53:12,53,12,62,١٢:٥٣,383,371
4846,53:13,53,13,62,١٣:٥٣,383,371
4847,53:14,53,14,62,١٤:٥٣,383,371
4848,53:15,53,15,62,١٥:٥٣,383,371
4849,53:16,53,16,62,١٦:٥٣,383,371
4850,53:17,53,17,62,١٧:٥٣,383,371
4851,53:18,53,18,62,١٨:٥٣,383,371
4852,53:19,53,19,62,١٩:٥٣,384,372
4835,53:2,53,2,62,٢:٥٣,383,371
4853,53:20,53,20,62,٢٠:٥٣,384,372
4854,53:21,53,21,62,٢١:٥٣,384,372
4855,53:22,53,22,62,٢٢:٥٣,384,372
4856,53:23,53,23,62,٢٣:٥٣,384,372
4857,53:24,53,24,62,٢٤:٥٣,384,372
4858,53:25,53,25,62,٢٥:٥٣,384,372
4859,53:26,53,26,62,٢٦:٥٣,384,372
4860,53:27,53,27,62,٢٧:٥٣,384,372
4861,53:28,53,28,62,٢٨:٥٣,384,372
4862,53:29,53,29,62,٢٩:٥٣,384,372
4836,53:3,53,3,62,٣:٥٣,383,371
4863,53:30,53,30,62,٣٠:٥٣,384,372
4864,53:31,53,31,62,٣١:٥٣,384,372
4865,53:32,53,32,62,٣٢:٥٣,384,372
4866,53:33,53,33,62,٣٣:٥٣,384,372
4867,53:34,53,34,62,٣٤:٥٣,384,372
4868,53:35,53,35,62,٣٥:٥٣,384,372
4869,53:36,53,36,62,٣٦:٥٣,384,372
4870,53:37,53,37,62,٣٧:٥٣,384,372
4871,53:38,53,38,62,٣٨:٥٣,384,372
4872,53:39,53,39,62,٣٩:٥٣,384,372
4837,53:4,53,4,62,٤:٥٣,383,371
4873,53:40,53,40,62,٤٠:٥٣,384,372
4874,53:41,53,41,62,٤١:٥٣,385,373
4875,53:42,53,42,62,٤٢:٥٣,385,373
4876,53:43,53,43,62,٤٣:٥٣,385,373
4877,53:44,53,44,62,٤٤:٥٣,385,373
4878,53:45,53,45,62,٤٥:٥٣,385,373
4879,53:46,53,46,62,٤٦:٥٣,385,373
4880,53:47,53,47,62,٤٧:٥٣,385,373
4881,53:48,53,48,62,٤٨:٥٣,385,373
4882,53:49,53,49,62,٤٩:٥٣,385,373
4838,53:5,53,5,62,٥:٥٣,383,371
4883,53:50,53,50,62,٥٠:٥٣,385,373
4884,53:51,53,51,62,٥١:٥٣,385,373
4885,53:52,53,52,62,٥٢:٥٣,385,373
4886,53:53,53,53,62,٥٣:٥٣,385,373
4887,53:54,53,54,62,٥٤:٥٣,385,373
4888,53:55,53,55,62,٥٥:٥٣,385,373
4889,53:56,53,56,62,٥٦:٥٣,385,373
4890,53:57,53,57,62,٥٧:٥٣,385,373
4891,53:58,53,58,62,٥٨:٥٣,385,373
4892,53:59,53,59,62,٥٩:٥٣,385,373
4839,53:6,53,6,62,٦:٥٣,383,371
4893,53:60,53,60,62,٦٠:٥٣,385,373
4894,53:61,53,61,62,٦١:٥٣,385,373
4895,53:62,53,62,62,٦٢:٥٣,385,373
4840,53:7,53,7,62,٧:٥٣,383,371
4841,53:8,53,8,62,٨:٥٣,383,371
4842,53:9,53,9,62,٩:٥٣,383,371
4896,54:0,54,0,55,٠:٥٤,386,374
4897,54:1,54,1,55,١:٥٤,386,374
4906,54:10,54,10,55,١٠:٥٤,386,374
4907,54:11,54,11,55,١١:٥٤,386,374
4908,54:12,54,12,55,١٢:٥٤,386,374
4909,54:13,54,13,55,١٣:٥٤,386,374
4910,54:14,54,14,55,١٤:٥٤,386,374
4911,54:15,54,15,55,١٥:٥٤,386,374
4912,54:16,54,16,55,١٦:٥٤,386,374
4913,54:17,54,17,55,١٧:٥٤,386,374
4914,54:18,54,18,55,١٨:٥٤,386,374
4915,54:19,54,19,55,١٩:٥٤,386,374
4898,54:2,54,2,55,٢:٥٤,386,374
4916,54:20,54,20,55,٢٠:٥٤,387,375
4917,54:21,54,21,55,٢١:٥٤,387,375
4918,54:22,54,22,55,٢٢:٥٤,387,375
4919,54:23,54,23,55,٢٣:٥٤,387,375
4920,54:24,54,24,55,٢٤:٥٤,387,375
4921,54:25,54,25,55,٢٥:٥٤,387,375
4922,54:26,54,26,55,٢٦:٥٤,387,375
4923,54:27,54,27,55,٢٧:٥٤,387,375
4924,54:28,54,28,55,٢٨:٥٤,387,375
4925,54:29,54,29,55,٢٩:٥٤,387,375
4899,54:3,54,3,55,٣:٥٤,386,374
4926,54:30,54,30,55,٣٠:٥٤,387,375
4927,54:31,54,31,55,٣١:٥٤,387,375
4928,54:32,54,32,55,٣٢:٥٤,387,375
4929,54:33,54,33,55,٣٣:٥٤,387,375
4930,54:34,54,34,55,٣٤:٥٤,387,375
4931,54:35,54,35,55,٣٥:٥٤,387,375
4932,54:36,54,36,55,٣٦:٥٤,387,375
4933,54:37,54,37,55,٣٧:٥٤,387,375
4934,54:38,54,38,55,٣٨:٥٤,387,375
4935,54:39,54,39,55,٣٩:٥٤,387,375
4900,54:4,54,4,55,٤:٥٤,386,374
4936,54:40,54,40,55,٤٠:٥٤,387,375
4937,54:41,54,41,55,٤١:٥٤,387,375
4938,54:42,54,42,55,٤٢:٥٤,387,375
4939,54:43,54,43,55,٤٣:٥٤,387,375
4940,54:44,54,44,55,٤٤:٥٤,387,375
4941,54:45,54,45,55,٤٥:٥٤,387,375
4942,54:46,54,46,55,٤٦:٥٤,387,375
4943,54:47,54,47,55,٤٧:٥٤,387,375
4944,54:48,54,48,55,٤٨:٥٤,387,375
4945,54:49,54,49,55,٤٩:٥٤,387,375
4901,54:5,54,5,55,٥:٥٤,386,374
4946,54:50,54,50,55,٥٠:٥٤,388,376
4947,54:51,54,51,55,٥١:٥٤,388,376
4948,54:52,54,52,55,٥٢:٥٤,388,376
4949,54:53,54,53,55,٥٣:٥٤,388,376
4950,54:54,54,54,55,٥٤:٥٤,388,376
4951,54:55,54,55,55,٥٥:٥٤,388,376
4902,54:6,54,6,55,٦:٥٤,386,374
4903,54:7,54,7,55,٧:٥٤,386,374
4904,54:8,54,8,55,٨:٥٤,386,374
4905,54:9,54,9,55,٩:٥٤,386,374
4952,55:0,55,0,78,٠:٥٥,389,377
4953,55:1,55,1,78,١:٥٥,389,377
4962,55:10,55,10,78,١٠:٥٥,389,377
4963,55:11,55,11,78,١١:٥٥,389,377
4964,55:12,55,12,78,١٢:٥٥,389,377
4965,55:13,55,13,78,١٣:٥٥,389,377
4966,55:14,55,14,78,١٤:٥٥,389,377
4967,55:15,55,15,78,١٥:٥٥,389,377
4968,55:16,55,16,78,١٦:٥٥,389,377
4969,55:17,55,17,78,١٧:٥٥,389,377
4970,55:18,55,18,78,١٨:٥٥,389,377
4971,55:19,55,19,78,١٩:٥٥,389,377
4954,55:2,55,2,78,٢:٥٥,389,377
4972,55:20,55,20,78,٢٠:٥٥,389,377
4973,55:21,55,21,78,٢١:٥٥,389,377
4974,55:22,55,22,78,٢٢:٥٥,389,377
4975,55:23,55,23,78,٢٣:٥٥,389,377
4976,55:24,55,24,78,٢٤:٥٥,390,378
4977,55:25,55,25,78,٢٥:٥٥,390,378
4978,55:26,55,26,78,٢٦:٥٥,390,378
4979,55:27,55,27,78,٢٧:٥٥,390,378
4980,55:28,55,28,78,٢٨:٥٥,390,378
4981,55:29,55,29,78,٢٩:٥٥,390,378
4955,55:3,55,3,78,٣:٥٥,389,377
4982,55:30,55,30,78,٣٠:٥٥,390,378
4983,55:31,55,31,78,٣١:٥٥,390,378
4984,55:32,55,32,78,٣٢:٥٥,390,378
4985,55:33,55,33,78,٣٣:٥٥,390,378
4986,55:34,55,34,78,٣٤:٥٥,390,378
4987,55:35,55,35,78,٣٥:٥٥,390,378
4988,55:36,55,36,78,٣٦:٥٥,390,378
4989,55:37,55,37,78,٣٧:٥٥,390,378
4990,55:38,55,38,78,٣٨:٥٥,390,378
4991,55:39,55,39,78,٣٩:٥٥,390,378
4956,55:4,55,4,78,٤:٥٥,389,377
4992,55:40,55,40,78,٤٠:٥٥,390,378
4993,55:41,55,41,78,٤١:٥٥,390,378
4994,55:42,55,42,78,٤٢:٥٥,390,378
4995,55:43,55,43,78,٤٣:٥٥,390,378
4996,55:44,55,44,78,٤٤:٥٥,390,378
4997,55:45,55,45,78,٤٥:٥٥,391,379
4998,55:46,55,46,78,٤٦:٥٥,391,379
4999,55:47,55,47,78,٤٧:٥٥,391,379
5000,55:48,55,48,78,٤٨:٥٥,391,379
5001,55:49,55,49,78,٤٩:٥٥,391,379
4957,55:5,55,5,78,٥:٥٥,389,377
5002,55:50,55,50,78,٥٠:٥٥,391,379
5003,55:51,55,51,78,٥١:٥٥,391,379
5004,55:52,55,52,78,٥٢:٥٥,391,379
5005,55:53,55,53,78,٥٣:٥٥,391,379
5006,55:54,55,54,78,٥٤:٥٥,391,379
5007,55:55,55,55,78,٥٥:٥٥,391,379
5008,55:56,55,56,78,٥٦:٥٥,391,379
5009,55:57,55,57,78,٥٧:٥٥,391,379
5010,55:58,55,58,78,٥٨:٥٥,391,379
5011,55:59,55,59,78,٥٩:٥٥,391,379
4958,55:6,55,6,78,٦:٥٥,389,377
5012,55:60,55,60,78,٦٠:٥٥,391,379
5013,55:61,55,61,78,٦١:٥٥,391,379
5014,55:62,55,62,78,٦٢:٥٥,391,379
5015,55:63,55,63,78,٦٣:٥٥,391,379
5016,55:64,55,64,78,٦٤:٥٥,391,379
5017,55:65,55,65,78,٦٥:٥٥,391,379
5018,55:66,55,66,78,٦٦:٥٥,391,379
5019,55:67,55,67,78,٦٧:٥٥,391,379
5020,55:68,55,68,78,٦٨:٥٥,391,379
5021,55:69,55,69,78,٦٩:٥٥,391,379
4959,55:7,55,7,78,٧:٥٥,389,377
5022,55:70,55,70,78,٧٠:٥٥,392,380
5023,55:71,55,71,78,٧١:٥٥,392,380
5024,55:72,55,72,78,٧٢:٥٥,392,380
5025,55:73,55,73,78,٧٣:٥٥,392,380
5026,55:74,55,74,78,٧٤:٥٥,392,380
5027,55:75,55,75,78,٧٥:٥٥,392,380
5028,55:76,55,76,78,٧٦:٥٥,392,380
5029,55:77,55,77,78,٧٧:٥٥,392,380
5030,55:78,55,78,78,٧٨:٥٥,392,380
4960,55:8,55,8,78,٨:٥٥,389,377
4961,55:9,55,9,78,٩:٥٥,389,377
5031,56:0,56,0,96,٠:٥٦,393,381
5032,56:1,56,1,96,١:٥٦,393,381
5041,56:10,56,10,96,١٠:٥٦,393,381
5042,56:11,56,11,96,١١:٥٦,393,381
5043,56:12,56,12,96,١٢:٥٦,393,381
5044,56:13,56,13,96,١٣:٥٦,393,381
5045,56:14,56,14,96,١٤:٥٦,393,381
5046,56:15,56,15,96,١٥:٥٦,393,381
5047,56:16,56,16,96,١٦:٥٦,393,381
5048,56:17,56,17,96,١٧:٥٦,393,381
5049,56:18,56,18,96,١٨:٥٦,393,381
5050,56:19,56,19,96,١٩:٥٦,393,381
5033,56:2,56,2,96,٢:٥٦,393,381
5051,56:20,56,20,96,٢٠:٥٦,393,381
5052,56:21,56,21,96,٢١:٥٦,393,381
5053,56:22,56,22,96,٢٢:٥٦,393,381
5054,56:23,56,23,96,٢٣:٥٦,393,381
5055,56:24,56,24,96,٢٤:٥٦,393,381
5056,56:25,56,25,96,٢٥:٥٦,393,381
5057,56:26,56,26,96,٢٦:٥٦,393,381
5058,56:27,56,27,96,٢٧:٥٦,393,381
5059,56:28,56,28,96,٢٨:٥٦,394,382
5060,56:29,56,29,96,٢٩:٥٦,394,382
5034,56:3,56,3,96,٣:٥٦,393,381
5061,56:30,56,30,96,٣٠:٥٦,394,382
5062,56:31,56,31,96,٣١:٥٦,394,382
5063,56:32,56,32,96,٣٢:٥٦,394,382
5064,56:33,56,33,96,٣٣:٥٦,394,382
5065,56:34,56,34,96,٣٤:٥٦,394,382
5066,56:35,56,35,96,٣٥:٥٦,394,382
5067,56:36,56,36,96,٣٦:٥٦,394,382
5068,56:37,56,37,96,٣٧:٥٦,394,382
5069,56:38,56,38,96,٣٨:٥٦,394,382
5070,56:39,56,39,96,٣٩:٥٦,394,382
5035,56:4,56,4,96,٤:٥٦,393,381
5071,56:40,56,40,96,٤٠:٥٦,394,382
5072,56:41,56,41,96,٤١:٥٦,394,382
5073,56:42,56,42,96,٤٢:٥٦,394,382
5074,56:43,56,43,96,٤٣:٥٦,394,382
5075,56:44,56,44,96,٤٤:٥٦,394,382
5076,56:45,56,45,96,٤٥:٥٦,394,382
5077,56:46,56,46,96,٤٦:٥٦,394,382
5078,56:47,56,47,96,٤٧:٥٦,394,382
5079,56:48,56,48,96,٤٨:٥٦,394,382
5080,56:49,56,49,96,٤٩:٥٦,394,382
5036,56:5,56,5,96,٥:٥٦,393,381
5081,56:50,56,50,96,٥٠:٥٦,394,382
5082,56:51,56,51,96,٥١:٥٦,394,382
5083,56:52,56,52,96,٥٢:٥٦,394,382
5084,56:53,56,53,96,٥٣:٥٦,394,382
5085,56:54,56,54,96,٥٤:٥٦,394,382
5086,56:55,56,55,96,٥٥:٥٦,394,382
5087,56:56,56,56,96,٥٦:٥٦,394,382
5088,56:57,56,57,96,٥٧:٥٦,394,382
5089,56:58,56,58,96,٥٨:٥٦,394,382
5090,56:59,56,59,96,٥٩:٥٦,394,382
5037,56:6,56,6,96,٦:٥٦,393,381
5091,56:60,56,60,96,٦٠:٥٦,394,382
5092,56:61,56,61,96,٦١:٥٦,394,382
5093,56:62,56,62,96,٦٢:٥٦,395,383
5094,56:63,56,63,96,٦٣:٥٦,395,383
5095,56:64,56,64,96,٦٤:٥٦,395,383
5096,56:65,56,65,96,٦٥:٥٦,395,383
5097,56:66,56,66,96,٦٦:٥٦,395,383
5098,56:67,56,67,96,٦٧:٥٦,395,383
5099,56:68,56,68,96,٦٨:٥٦,395,383
5100,56:69,56,69,96,٦٩:٥٦,395,383
5038,56:7,56,7,96,٧:٥٦,393,381
5101,56:70,56,70,96,٧٠:٥٦,395,383
5102,56:71,56,71,96,٧١:٥٦,395,383
5103,56:72,56,72,96,٧٢:٥٦,395,383
5104,56:73,56,73,96,٧٣:٥٦,395,383
5105,56:74,56,74,96,٧٤:٥٦,395,383
5106,56:75,56,75,96,٧٥:٥٦,395,383
5107,56:76,56,76,96,٧٦:٥٦,395,383
5108,56:77,56,77,96,٧٧:٥٦,395,383
5109,56:78,56,78,96,٧٨:٥٦,395,383
5110,56:79,56,79,96,٧٩:٥٦,395,383
5039,56:8,56,8,96,٨:٥٦,393,381
5111,56:80,56,80,96,٨٠:٥٦,395,383
5112,56:81,56,81,96,٨١:٥٦,395,383
5113,56:82,56,82,96,٨٢:٥٦,395,383
5114,56:83,56,83,96,٨٣:٥٦,395,383
5115,56:84,56,84,96,٨٤:٥٦,395,383
5116,56:85,56,85,96,٨٥:٥٦,395,383
5117,56:86,56,86,96,٨٦:٥٦,395,383
5118,56:87,56,87,96,٨٧:٥٦,395,383
5119,56:88,56,88,96,٨٨:٥٦,395,383
5120,56:89,56,89,96,٨٩:٥٦,395,383
5040,56:9,56,9,96,٩:٥٦,393,381
5121,56:90,56,90,96,٩٠:٥٦,395,383
5122,56:91,56,91,96,٩١:٥٦,395,383
5123,56:92,56,92,96,٩٢:٥٦,395,383
5124,56:93,56,93,96,٩٣:٥٦,396,384
5125,56:94,56,94,96,٩٤:٥٦,396,384
5126,56:95,56,95,96,٩٥:٥٦,396,384
5127,56:96,56,96,96,٩٦:٥٦,396,384
5128,57:0,57,0,29,٠:٥٧,397,385
5129,57:1,57,1,29,١:٥٧,397,385
5138,57:10,57,10,29,١٠:٥٧,397,385
5139,57:11,57,11,29,١١:٥٧,397,385
5140,57:12,57,12,29,١٢:٥٧,397,385
5141,57:13,57,13,29,١٣:٥٧,398,386
5142,57:14,57,14,29,١٤:٥٧,398,386
5143,57:15,57,15,29,١٥:٥٧,398,386
5144,57:16,57,16,29,١٦:٥٧,398,386
5145,57:17,57,17,29,١٧:٥٧,398,386
5146,57:18,57,18,29,١٨:٥٧,398,386
5147,57:19,57,19,29,١٩:٥٧,398,386
5130,57:2,57,2,29,٢:٥٧,397,385
5148,57:20,57,20,29,٢٠:٥٧,398,386
5149,57:21,57,21,29,٢١:٥٧,399,387
5150,57:22,57,22,29,٢٢:٥٧,399,387
5151,57:23,57,23,29,٢٣:٥٧,399,387
5152,57:24,57,24,29,٢٤:٥٧,399,387
5153,57:25,57,25,29,٢٥:٥٧,399,387
5154,57:26,57,26,29,٢٦:٥٧,399,387
5155,57:27,57,27,29,٢٧:٥٧,399,387
5156,57:28,57,28,29,٢٨:٥٧,399,387
5157,57:29,57,29,29,٢٩:٥٧,399,387
5131,57:3,57,3,29,٣:٥٧,397,385
5132,57:4,57,4,29,٤:٥٧,397,385
5133,57:5,57,5,29,٥:٥٧,397,385
5134,57:6,57,6,29,٦:٥٧,397,385
5135,57:7,57,7,29,٧:٥٧,397,385
5136,57:8,57,8,29,٨:٥٧,397,385
5137,57:9,57,9,29,٩:٥٧,397,385
5158,58:0,58,0,22,٠:٥٨,400,388
5159,58:1,58,1,22,١:٥٨,400,388
5168,58:10,58,10,22,١٠:٥٨,401,389
5169,58:11,58,11,22,١١:٥٨,401,389
5170,58:12,58,12,22,١٢:٥٨,401,389
5171,58:13,58,13,22,١٣:٥٨,401,389
5172,58:14,58,14,22,١٤:٥٨,401,389
5173,58:15,58,15,22,١٥:٥٨,401,389
5174,58:16,58,16,22,١٦:٥٨,401,389
5175,58:17,58,17,22,١٧:٥٨,401,389
5176,58:18,58,18,22,١٨:٥٨,401,389
5177,58:19,58,19,22,١٩:٥٨,401,389
5160,58:2,58,2,22,٢:٥٨,400,388
5178,58:20,58,20,22,٢٠:٥٨,401,389
5179,58:21,58,21,22,٢١:٥٨,401,389
5180,58:22,58,22,22,٢٢:٥٨,402,390
5161,58:3,58,3,22,٣:٥٨,400,388
5162,58:4,58,4,22,٤:٥٨,400,388
5163,58:5,58,5,22,٥:٥٨,400,388
5164,58:6,58,6,22,٦:٥٨,400,388
5165,58:7,58,7,22,٧:٥٨,400,388
5166,58:8,58,8,22,٨:٥٨,400,388
5167,58:9,58,9,22,٩:٥٨,400,388
5181,59:0,59,0,24,٠:٥٩,403,391
5182,59:1,59,1,24,١:٥٩,403,391
5191,59:10,59,10,24,١٠:٥٩,404,392
5192,59:11,59,11,24,١١:٥٩,404,392
5193,59:12,59,12,24,١٢:٥٩,404,392
5194,59:13,59,13,24,١٣:٥٩,404,392
5195,59:14,59,14,24,١٤:٥٩,404,392
5196,59:15,59,15,24,١٥:٥٩,404,392
5197,59:16,59,16,24,١٦:٥٩,404,392
5198,59:17,59,17,24,١٧:٥٩,404,392
5199,59:18,59,18,24,١٨:٥٩,404,392
5200,59:19,59,19,24,١٩:٥٩,404,392
5183,59:2,59,2,24,٢:٥٩,403,391
5201,59:20,59,20,24,٢٠:٥٩,404,392
5202,59:21,59,21,24,٢١:٥٩,404,392
5203,59:22,59,22,24,٢٢:٥٩,405,393
5204,59:23,59,23,24,٢٣:٥٩,405,393
5205,59:24,59,24,24,٢٤:٥٩,405,393
5184,59:3,59,3,24,٣:٥٩,403,391
5185,59:4,59,4,24,٤:٥٩,403,391
5186,59:5,59,5,24,٥:٥٩,403,391
5187,59:6,59,6,24,٦:٥٩,403,391
5188,59:7,59,7,24,٧:٥٩,403,391
5189,59:8,59,8,24,٨:٥٩,403,391
5190,59:9,59,9,24,٩:٥٩,404,392
794,6:0,6,0,165,٠:٦,97,85
795,6:1,6,1,165,١:٦,97,85
804,6:10,6,10,165,١٠:٦,97,85
894,6:100,6,100,165,١٠٠:٦,105,93
895,6:101,6,101,165,١٠١:٦,105,93
896,6:102,6,102,165,١٠٢:٦,105,93
897,6:103,6,103,165,١٠٣:٦,105,93
898,6:104,6,104,165,١٠٤:٦,105,93
899,6:105,6,105,165,١٠٥:٦,105,93
900,6:106,6,106,165,١٠٦:٦,106,94
901,6:107,6,107,165,١٠٧:٦,106,94
902,6:108,6,108,165,١٠٨:٦,106,94
903,6:109,6,109,165,١٠٩:٦,106,94
805,6:11,6,11,165,١١:٦,97,85
904,6:110,6,110,165,١١٠:٦,106,94
905,6:111,6,111,165,١١١:٦,106,94
906,6:112,6,112,165,١١٢:٦,106,94
907,6:113,6,113,165,١١٣:٦,106,94
908,6:114,6,114,165,١١٤:٦,106,94
909,6:115,6,115,165,١١٥:٦,106,94
910,6:116,6,116,165,١١٦:٦,106,94
911,6:117,6,117,165,١١٧:٦,107,95
912,6:118,6,118,165,١١٨:٦,107,95
913,6:119,6,119,165,١١٩:٦,107,95
806,6:12,6,12,165,١٢:٦,97,85
914,6:120,6,120,165,١٢٠:٦,107,95
915,6:121,6,121,165,١٢١:٦,107,95
916,6:122,6,122,165,١٢٢:٦,107,95
917,6:123,6,123,165,١٢٣:٦,107,95
918,6:124,6,124,165,١٢٤:٦,107,95
919,6:125,6,125,165,١٢٥:٦,108,96
920,6:126,6,126,165,١٢٦:٦,108,96
921,6:127,6,127,165,١٢٧:٦,108,96
922,6:128,6,128,165,١٢٨:٦,108,96
923,6:129,6,129,165,١٢٩:٦,108,96
807,6:13,6,13,165,١٣:٦,98,86
924,6:130,6,130,165,١٣٠:٦,108,96
925,6:131,6,131,165,١٣١:٦,108,96
926,6:132,6,132,165,١٣٢:٦,108,96
927,6:133,6,133,165,١٣٣:٦,108,96
928,6:134,6,134,165,١٣٤:٦,108,96
929,6:135,6,135,165,١٣٥:٦,108,96
930,6:136,6,136,165,١٣٦:٦,109,97
931,6:137,6,137,165,١٣٧:٦,109,97
932,6:138,6,138,165,١٣٨:٦,109,97
933,6:139,6,139,165,١٣٩:٦,109,97
808,6:14,6,14,165,١٤:٦,98,86
934,6:140,6,140,165,١٤٠:٦,109,97
935,6:141,6,141,165,١٤١:٦,109,97
936,6:142,6,142,165,١٤٢:٦,109,97
937,6:143,6,143,165,١٤٣:٦,110,98
938,6:144,6,144,165,١٤٤:٦,110,98
939,6:145,6,145,165,١٤٥:٦,110,98
940,6:146,6,146,165,١٤٦:٦,110,98
941,6:147,6,147,165,١٤٧:٦,110,98
942,6:148,6,148,165,١٤٨:٦,110,98
943,6:149,6,149,165,١٤٩:٦,110,98
809,6:15,6,15,165,١٥:٦,98,86
944,6:150,6,150,165,١٥٠:٦,111,99
945,6:151,6,151,165,١٥١:٦,111,99
946,6:152,6,152,165,١٥٢:٦,111,99
947,6:153,6,153,165,١٥٣:٦,111,99
948,6:154,6,154,165,١٥٤:٦,111,99
949,6:155,6,155,165,١٥٥:٦,111,99
950,6:156,6,156,165,١٥٦:٦,111,99
951,6:157,6,157,165,١٥٧:٦,111,99
952,6:158,6,158,165,١٥٨:٦,111,99
953,6:159,6,159,165,١٥٩:٦,112,100
810,6:16,6,16,165,١٦:٦,98,86
954,6:160,6,160,165,١٦٠:٦,112,100
955,6:161,6,161,165,١٦١:٦,112,100
956,6:162,6,162,165,١٦٢:٦,112,100
957,6:163,6,163,165,١٦٣:٦,112,100
958,6:164,6,164,165,١٦٤:٦,113,101
959,6:165,6,165,165,١٦٥:٦,113,101
811,6:17,6,17,165,١٧:٦,98,86
812,6:18,6,18,165,١٨:٦,98,86
813,6:19,6,19,165,١٩:٦,98,86
796,6:2,6,2,165,٢:٦,97,85
814,6:20,6,20,165,٢٠:٦,98,86
815,6:21,6,21,165,٢١:٦,98,86
816,6:22,6,22,165,٢٢:٦,98,86
817,6:23,6,23,165,٢٣:٦,99,87
818,6:24,6,24,165,٢٤:٦,99,87
819,6:25,6,25,165,٢٥:٦,99,87
820,6:26,6,26,165,٢٦:٦,99,87
821,6:27,6,27,165,٢٧:٦,99,87
822,6:28,6,28,165,٢٨:٦,99,87
823,6:29,6,29,165,٢٩:٦,99,87
797,6:3,6,3,165,٣:٦,97,85
824,6:30,6,30,165,٣٠:٦,99,87
825,6:31,6,31,165,٣١:٦,99,87
826,6:32,6,32,165,٣٢:٦,99,87
827,6:33,6,33,165,٣٣:٦,99,87
828,6:34,6,34,165,٣٤:٦,99,87
829,6:35,6,35,165,٣٥:٦,99,87
830,6:36,6,36,165,٣٦:٦,99,87
831,6:37,6,37,165,٣٧:٦,100,88
832,6:38,6,38,165,٣٨:٦,100,88
833,6:39,6,39,165,٣٩:٦,100,88
798,6:4,6,4,165,٤:٦,97,85
834,6:40,6,40,165,٤٠:٦,100,88
835,6:41,6,41,165,٤١:٦,100,88
836,6:42,6,42,165,٤٢:٦,100,88
837,6:43,6,43,165,٤٣:٦,100,88
838,6:44,6,44,165,٤٤:٦,100,88
839,6:45,6,45,165,٤٥:٦,100,88
840,6:46,6,46,165,٤٦:٦,101,89
841,6:47,6,47,165,٤٧:٦,101,89
842,6:48,6,48,165,٤٨:٦,101,89
843,6:49,6,49,165,٤٩:٦,101,89
799,6:5,6,5,165,٥:٦,97,85
844,6:50,6,50,165,٥٠:٦,101,89
845,6:51,6,51,165,٥١:٦,101,89
846,6:52,6,52,165,٥٢:٦,101,89
847,6:53,6,53,165,٥٣:٦,101,89
848,6:54,6,54,165,٥٤:٦,101,89
849,6:55,6,55,165,٥٥:٦,101,89
850,6:56,6,56,165,٥٦:٦,101,89
851,6:57,6,57,165,٥٧:٦,101,89
852,6:58,6,58,165,٥٨:٦,102,90
853,6:59,6,59,165,٥٩:٦,102,90
800,6:6,6,6,165,٦:٦,97,85
854,6:60,6,60,165,٦٠:٦,102,90
855,6:61,6,61,165,٦١:٦,102,90
856,6:62,6,62,165,٦٢:٦,102,90
857,6:63,6,63,165,٦٣:٦,102,90
858,6:64,6,64,165,٦٤:٦,102,90
859,6:65,6,65,165,٦٥:٦,102,90
860,6:66,6,66,165,٦٦:٦,102,90
861,6:67,6,67,165,٦٧:٦,102,90
862,6:68,6,68,165,٦٨:٦,102,90
863,6:69,6,69,165,٦٩:٦,102,90
801,6:7,6,7,165,٧:٦,97,85
864,6:70,6,70,165,٧٠:٦,103,91
865,6:71,6,71,165,٧١:٦,103,91
866,6:72,6,72,165,٧٢:٦,103,91
867,6:73,6,73,165,٧٣:٦,103,91
868,6:74,6,74,165,٧٤:٦,103,91
869,6:75,6,75,165,٧٥:٦,103,91
870,6:76,6,76,165,٧٦:٦,103,91
871,6:77,6,77,165,٧٧:٦,103,91
872,6:78,6,78,165,٧٨:٦,103,91
873,6:79,6,79,165,٧٩:٦,103,91
802,6:8,6,8,165,٨:٦,97,85
874,6:80,6,80,165,٨٠:٦,103,91
875,6:81,6,81,165,٨١:٦,103,91
876,6:82,6,82,165,٨٢:٦,103,91
877,6:83,6,83,165,٨٣:٦,104,92
878,6:84,6,84,165,٨٤:٦,104,92
879,6:85,6,85,165,٨٥:٦,104,92
880,6:86,6,86,165,٨٦:٦,104,92
881,6:87,6,87,165,٨٧:٦,104,92
882,6:88,6,88,165,٨٨:٦,104,92
883,6:89,6,89,165,٨٩:٦,104,92
803,6:9,6,9,165,٩:٦,97,85
884,6:90,6,90,165,٩٠:٦,104,92
885,6:91,6,91,165,٩١:٦,104,92
886,6:92,6,92,165,٩٢:٦,104,92
887,6:93,6,93,165,٩٣:٦,104,92
888,6:94,6,94,165,٩٤:٦,105,93
889,6:95,6,95,165,٩٥:٦,105,93
890,6:96,6,96,165,٩٦:٦,105,93
891,6:97,6,97,165,٩٧:٦,105,93
892,6:98,6,98,165,٩٨:٦,105,93
893,6:99,6,99,165,٩٩:٦,105,93
5206,60:0,60,0,13,٠:٦٠,406,394
5207,60:1,60,1,13,١:٦٠,406,394
5216,60:10,60,10,13,١٠:٦٠,407,395
5217,60:11,60,11,13,١١:٦٠,407,395
5218,60:12,60,12,13,١٢:٦٠,407,395
5219,60:13,60,13,13,١٣:٦٠,407,395
5208,60:2,60,2,13,٢:٦٠,406,394
5209,60:3,60,3,13,٣:٦٠,406,394
5210,60:4,60,4,13,٤:٦٠,406,394
5211,60:5,60,5,13,٥:٦٠,406,394
5212,60:6,60,6,13,٦:٦٠,406,394
5213,60:7,60,7,13,٧:٦٠,406,394
5214,60:8,60,8,13,٨:٦٠,407,395
5215,60:9,60,9,13,٩:٦٠,407,395
5220,61:0,61,0,14,٠:٦١,408,396
5221,61:1,61,1,14,١:٦١,408,396
5230,61:10,61,10,14,١٠:٦١,408,396
5231,61:11,61,11,14,١١:٦١,408,396
5232,61:12,61,12,14,١٢:٦١,408,396
5233,61:13,61,13,14,١٣:٦١,408,396
5234,61:14,61,14,14,١٤:٦١,408,396
5222,61:2,61,2,14,٢:٦١,408,396
5223,61:3,61,3,14,٣:٦١,408,396
5224,61:4,61,4,14,٤:٦١,408,396
5225,61:5,61,5,14,٥:٦١,408,396
5226,61:6,61,6,14,٦:٦١,408,396
5227,61:7,61,7,14,٧:٦١,408,396
5228,61:8,61,8,14,٨:٦١,408,396
5229,61:9,61,9,14,٩:٦١,408,396
5235,62:0,62,0,11,٠:٦٢,409,397
5236,62:1,62,1,11,١:٦٢,409,397
5245,62:10,62,10,11,١٠:٦٢,409,397
5246,62:11,62,11,11,١١:٦٢,409,397
5237,62:2,62,2,11,٢:٦٢,409,397
5238,62:3,62,3,11,٣:٦٢,409,397
5239,62:4,62,4,11,٤:٦٢,409,397
5240,62:5,62,5,11,٥:٦٢,409,397
5241,62:6,62,6,11,٦:٦٢,409,397
5242,62:7,62,7,11,٧:٦٢,409,397
5243,62:8,62,8,11,٨:٦٢,409,397
5244,62:9,62,9,11,٩:٦٢,409,397
5247,63:0,63,0,11,٠:٦٣,410,398
5248,63:1,63,1,11,١:٦٣,410,398
5257,63:10,63,10,11,١٠:٦٣,410,398
5258,63:11,63,11,11,١١:٦٣,410,398
5249,63:2,63,2,11,٢:٦٣,410,398
5250,63:3,63,3,11,٣:٦٣,410,398
5251,63:4,63,4,11,٤:٦٣,410,398
5252,63:5,63,5,11,٥:٦٣,410,398
5253,63:6,63,6,11,٦:٦٣,410,398
5254,63:7,63,7,11,٧:٦٣,410,398
5255,63:8,63,8,11,٨:٦٣,410,398
5256,63:9,63,9,11,٩:٦٣,410,398
5259,64:0,64,0,18,٠:٦٤,411,399
5260,64:1,64,1,18,١:٦٤,411,399
5269,64:10,64,10,18,١٠:٦٤,411,399
5270,64:11,64,11,18,١١:٦٤,411,399
5271,64:12,64,12,18,١٢:٦٤,411,399
5272,64:13,64,13,18,١٣:٦٤,412,400
5273,64:14,64,14,18,١٤:٦٤,412,400
5274,64:15,64,15,18,١٥:٦٤,412,400
5275,64:16,64,16,18,١٦:٦٤,412,400
5276,64:17,64,17,18,١٧:٦٤,412,400
5277,64:18,64,18,18,١٨:٦٤,412,400
5261,64:2,64,2,18,٢:٦٤,411,399
5262,64:3,64,3,18,٣:٦٤,411,399
5263,64:4,64,4,18,٤:٦٤,411,399
5264,64:5,64,5,18,٥:٦٤,411,399
5265,64:6,64,6,18,٦:٦٤,411,399
5266,64:7,64,7,18,٧:٦٤,411,399
5267,64:8,64,8,18,٨:٦٤,411,399
5268,64:9,64,9,18,٩:٦٤,411,399
5278,65:0,65,0,12,٠:٦٥,413,401
5279,65:1,65,1,12,١:٦٥,413,401
5288,65:10,65,10,12,١٠:٦٥,414,402
5289,65:11,65,11,12,١١:٦٥,414,402
5290,65:12,65,12,12,١٢:٦٥,414,402
5280,65:2,65,2,12,٢:٦٥,413,401
5281,65:3,65,3,12,٣:٦٥,413,401
5282,65:4,65,4,12,٤:٦٥,413,401
5283,65:5,65,5,12,٥:٦٥,413,401
5284,65:6,65,6,12,٦:٦٥,413,401
5285,65:7,65,7,12,٧:٦٥,413,401
5286,65:8,65,8,12,٨:٦٥,414,402
5287,65:9,65,9,12,٩:٦٥,414,402
5291,66:0,66,0,12,٠:٦٦,415,403
5292,66:1,66,1,12,١:٦٦,415,403
5301,66:10,66,10,12,١٠:٦٦,415,403
5302,66:11,66,11,12,١١:٦٦,416,404
5303,66:12,66,12,12,١٢:٦٦,416,404
5293,66:2,66,2,12,٢:٦٦,415,403
5294,66:3,66,3,12,٣:٦٦,415,403
5295,66:4,66,4,12,٤:٦٦,415,403
5296,66:5,66,5,12,٥:٦٦,415,403
5297,66:6,66,6,12,٦:٦٦,415,403
5298,66:7,66,7,12,٧:٦٦,415,403
5299,66:8,66,8,12,٨:٦٦,415,403
5300,66:9,66,9,12,٩:٦٦,415,403
5304,67:0,67,0,30,٠:٦٧,417,405
5305,67:1,67,1,30,١:٦٧,417,405
5314,67:10,67,10,30,١٠:٦٧,417,405
5315,67:11,67,11,30,١١:٦٧,417,405
5316,67:12,67,12,30,١٢:٦٧,417,405
5317,67:13,67,13,30,١٣:٦٧,417,405
5318,67:14,67,14,30,١٤:٦٧,417,405
5319,67:15,67,15,30,١٥:٦٧,417,405
5320,67:16,67,16,30,١٦:٦٧,417,405
5321,67:17,67,17,30,١٧:٦٧,417,405
5322,67:18,67,18,30,١٨:٦٧,418,406
5323,67:19,67,19,30,١٩:٦٧,418,406
5306,67:2,67,2,30,٢:٦٧,417,405
5324,67:20,67,20,30,٢٠:٦٧,418,406
5325,67:21,67,21,30,٢١:٦٧,418,406
5326,67:22,67,22,30,٢٢:٦٧,418,406
5327,67:23,67,23,30,٢٣:٦٧,418,406
5328,67:24,67,24,30,٢٤:٦٧,418,406
5329,67:25,67,25,30,٢٥:٦٧,418,406
5330,67:26,67,26,30,٢٦:٦٧,418,406
5331,67:27,67,27,30,٢٧:٦٧,418,406
5332,67:28,67,28,30,٢٨:٦٧,418,406
5333,67:29,67,29,30,٢٩:٦٧,418,406
5307,67:3,67,3,30,٣:٦٧,417,405
5334,67:30,67,30,30,٣٠:٦٧,418,406
5308,67:4,67,4,30,٤:٦٧,417,405
5309,67:5,67,5,30,٥:٦٧,417,405
5310,67:6,67,6,30,٦:٦٧,417,405
5311,67:7,67,7,30,٧:٦٧,417,405
5312,67:8,67,8,30,٨:٦٧,417,405
5313,67:9,67,9,30,٩:٦٧,417,405
5335,68:0,68,0,52,٠:٦٨,419,407
5336,68:1,68,1,52,١:٦٨,419,407
5345,68:10,68,10,52,١٠:٦٨,419,407
5346,68:11,68,11,52,١١:٦٨,419,407
5347,68:12,68,12,52,١٢:٦٨,419,407
5348,68:13,68,13,52,١٣:٦٨,419,407
5349,68:14,68,14,52,١٤:٦٨,419,407
5350,68:15,68,15,52,١٥:٦٨,419,407
5351,68:16,68,16,52,١٦:٦٨,419,407
5352,68:17,68,17,52,١٧:٦٨,419,407
5353,68:18,68,18,52,١٨:٦٨,419,407
5354,68:19,68,19,52,١٩:٦٨,419,407
5337,68:2,68,2,52,٢:٦٨,419,407
5355,68:20,68,20,52,٢٠:٦٨,419,407
5356,68:21,68,21,52,٢١:٦٨,419,407
5357,68:22,68,22,52,٢٢:٦٨,419,407
5358,68:23,68,23,52,٢٣:٦٨,419,407
5359,68:24,68,24,52,٢٤:٦٨,419,407
5360,68:25,68,25,52,٢٥:٦٨,419,407
5361,68:26,68,26,52,٢٦:٦٨,419,407
5362,68:27,68,27,52,٢٧:٦٨,419,407
5363,68:28,68,28,52,٢٨:٦٨,419,407
5364,68:29,68,29,52,٢٩:٦٨,419,407
5338,68:3,68,3,52,٣:٦٨,419,407
5365,68:30,68,30,52,٣٠:٦٨,419,407
5366,68:31,68,31,52,٣١:٦٨,419,407
5367,68:32,68,32,52,٣٢:٦٨,419,407
5368,68:33,68,33,52,٣٣:٦٨,420,408
5369,68:34,68,34,52,٣٤:٦٨,420,408
5370,68:35,68,35,52,٣٥:٦٨,420,408
5371,68:36,68,36,52,٣٦:٦٨,420,408
5372,68:37,68,37,52,٣٧:٦٨,420,408
5373,68:38,68,38,52,٣٨:٦٨,420,408
5374,68:39,68,39,52,٣٩:٦٨,420,408
5339,68:4,68,4,52,٤:٦٨,419,407
5375,68:40,68,40,52,٤٠:٦٨,420,408
5376,68:41,68,41,52,٤١:٦٨,420,408
5377,68:42,68,42,52,٤٢:٦٨,420,408
5378,68:43,68,43,52,٤٣:٦٨,420,408
5379,68:44,68,44,52,٤٤:٦٨,420,408
5380,68:45,68,45,52,٤٥:٦٨,420,408
5381,68:46,68,46,52,٤٦:٦٨,420,408
5382,68:47,68,47,52,٤٧:٦٨,420,408
5383,68:48,68,48,52,٤٨:٦٨,420,408
5384,68:49,68,49,52,٤٩:٦٨,420,408
5340,68:5,68,5,52,٥:٦٨,419,407
5385,68:50,68,50,52,٥٠:٦٨,420,408
5386,68:51,68,51,52,٥١:٦٨,420,408
5387,68:52,68,52,52,٥٢:٦٨,420,408
5341,68:6,68,6,52,٦:٦٨,419,407
5342,68:7,68,7,52,٧:٦٨,419,407
5343,68:8,68,8,52,٨:٦٨,419,407
5344,68:9,68,9,52,٩:٦٨,419,407
5388,69:0,69,0,52,٠:٦٩,421,409
5389,69:1,69,1,52,١:٦٩,421,409
5398,69:10,69,10,52,١٠:٦٩,421,409
5399,69:11,69,11,52,١١:٦٩,421,409
5400,69:12,69,12,52,١٢:٦٩,421,409
5401,69:13,69,13,52,١٣:٦٩,421,409
5402,69:14,69,14,52,١٤:٦٩,421,409
5403,69:15,69,15,52,١٥:٦٩,421,409
5404,69:16,69,16,52,١٦:٦٩,421,409
5405,69:17,69,17,52,١٧:٦٩,421,409
5406,69:18,69,18,52,١٨:٦٩,421,409
5407,69:19,69,19,52,١٩:٦٩,421,409
5390,69:2,69,2,52,٢:٦٩,421,409
5408,69:20,69,20,52,٢٠:٦٩,421,409
5409,69:21,69,21,52,٢١:٦٩,421,409
5410,69:22,69,22,52,٢٢:٦٩,421,409
5411,69:23,69,23,52,٢٣:٦٩,421,409
5412,69:24,69,24,52,٢٤:٦٩,421,409
5413,69:25,69,25,52,٢٥:٦٩,421,409
5414,69:26,69,26,52,٢٦:٦٩,421,409
5415,69:27,69,27,52,٢٧:٦٩,421,409
5416,69:28,69,28,52,٢٨:٦٩,421,409
5417,69:29,69,29,52,٢٩:٦٩,421,409
5391,69:3,69,3,52,٣:٦٩,421,409
5418,69:30,69,30,52,٣٠:٦٩,422,410
5419,69:31,69,31,52,٣١:٦٩,422,410
5420,69:32,69,32,52,٣٢:٦٩,422,410
5421,69:33,69,33,52,٣٣:٦٩,422,410
5422,69:34,69,34,52,٣٤:٦٩,422,410
5423,69:35,69,35,52,٣٥:٦٩,422,410
5424,69:36,69,36,52,٣٦:٦٩,422,410
5425,69:37,69,37,52,٣٧:٦٩,422,410
5426,69:38,69,38,52,٣٨:٦٩,422,410
5427,69:39,69,39,52,٣٩:٦٩,422,410
5392,69:4,69,4,52,٤:٦٩,421,409
5428,69:40,69,40,52,٤٠:٦٩,422,410
5429,69:41,69,41,52,٤١:٦٩,422,410
5430,69:42,69,42,52,٤٢:٦٩,422,410
5431,69:43,69,43,52,٤٣:٦٩,422,410
5432,69:44,69,44,52,٤٤:٦٩,422,410
5433,69:45,69,45,52,٤٥:٦٩,422,410
5434,69:46,69,46,52,٤٦:٦٩,422,410
5435,69:47,69,47,52,٤٧:٦٩,422,410
5436,69:48,69,48,52,٤٨:٦٩,422,410
5437,69:49,69,49,52,٤٩:٦٩,422,410
5393,69:5,69,5,52,٥:٦٩,421,409
5438,69:50,69,50,52,٥٠:٦٩,422,410
5439,69:51,69,51,52,٥١:٦٩,422,410
5440,69:52,69,52,52,٥٢:٦٩,422,410
5394,69:6,69,6,52,٦:٦٩,421,409
5395,69:7,69,7,52,٧:٦٩,421,409
5396,69:8,69,8,52,٨:٦٩,421,409
5397,69:9,69,9,52,٩:٦٩,421,409
960,7:0,7,0,206,٠:٧,114,102
961,7:1,7,1,206,١:٧,114,102
970,7:10,7,10,206,١٠:٧,114,102
1060,7:100,7,100,206,١٠٠:٧,122,110
1061,7:101,7,101,206,١٠١:٧,122,110
1062,7:102,7,102,206,١٠٢:٧,122,110
1063,7:103,7,103,206,١٠٣:٧,122,110
1064,7:104,7,104,206,١٠٤:٧,122,110
1065,7:105,7,105,206,١٠٥:٧,122,110
1066,7:106,7,106,206,١٠٦:٧,122,110
1067,7:107,7,107,206,١٠٧:٧,122,110
1068,7:108,7,108,206,١٠٨:٧,122,110
1069,7:109,7,109,206,١٠٩:٧,122,110
971,7:11,7,11,206,١١:٧,114,102
1070,7:110,7,110,206,١١٠:٧,122,110
1071,7:111,7,111,206,١١١:٧,122,110
1072,7:112,7,112,206,١١٢:٧,122,110
1073,7:113,7,113,206,١١٣:٧,123,111
1074,7:114,7,114,206,١١٤:٧,123,111
1075,7:115,7,115,206,١١٥:٧,123,111
1076,7:116,7,116,206,١١٦:٧,123,111
1077,7:117,7,117,206,١١٧:٧,123,111
1078,7:118,7,118,206,١١٨:٧,123,111
1079,7:119,7,119,206,١١٩:٧,123,111
972,7:12,7,12,206,١٢:٧,114,102
1080,7:120,7,120,206,١٢٠:٧,123,111
1081,7:121,7,121,206,١٢١:٧,123,111
1082,7:122,7,122,206,١٢٢:٧,123,111
1083,7:123,7,123,206,١٢٣:٧,123,111
1084,7:124,7,124,206,١٢٤:٧,123,111
1085,7:125,7,125,206,١٢٥:٧,123,111
1086,7:126,7,126,206,١٢٦:٧,123,111
1087,7:127,7,127,206,١٢٧:٧,123,111
1088,7:128,7,128,206,١٢٨:٧,123,111
1089,7:129,7,129,206,١٢٩:٧,123,111
973,7:13,7,13,206,١٣:٧,114,102
1090,7:130,7,130,206,١٣٠:٧,123,111
1091,7:131,7,131,206,١٣١:٧,123,111
1092,7:132,7,132,206,١٣٢:٧,123,111
1093,7:133,7,133,206,١٣٣:٧,123,111
1094,7:134,7,134,206,١٣٤:٧,124,112
1095,7:135,7,135,206,١٣٥:٧,124,112
1096,7:136,7,136,206,١٣٦:٧,124,112
1097,7:137,7,137,206,١٣٧:٧,124,112
1098,7:138,7,138,206,١٣٨:٧,124,112
1099,7:139,7,139,206,١٣٩:٧,124,112
974,7:14,7,14,206,١٤:٧,115,103
1100,7:140,7,140,206,١٤٠:٧,124,112
1101,7:141,7,141,206,١٤١:٧,124,112
1102,7:142,7,142,206,١٤٢:٧,124,112
1103,7:143,7,143,206,١٤٣:٧,125,113
1104,7:144,7,144,206,١٤٤:٧,125,113
1105,7:145,7,145,206,١٤٥:٧,125,113
1106,7:146,7,146,206,١٤٦:٧,125,113
1107,7:147,7,147,206,١٤٧:٧,125,113
1108,7:148,7,148,206,١٤٨:٧,125,113
1109,7:149,7,149,206,١٤٩:٧,125,113
975,7:15,7,15,206,١٥:٧,115,103
1110,7:150,7,150,206,١٥٠:٧,125,113
1111,7:151,7,151,206,١٥١:٧,126,114
1112,7:152,7,152,206,١٥٢:٧,126,114
1113,7:153,7,153,206,١٥٣:٧,126,114
1114,7:154,7,154,206,١٥٤:٧,126,114
1115,7:155,7,155,206,١٥٥:٧,126,114
1116,7:156,7,156,206,١٥٦:٧,126,114
1117,7:157,7,157,206,١٥٧:٧,126,114
1118,7:158,7,158,206,١٥٨:٧,126,114
1119,7:159,7,159,206,١٥٩:٧,126,114
976,7:16,7,16,206,١٦:٧,115,103
1120,7:160,7,160,206,١٦٠:٧,127,115
1121,7:161,7,161,206,١٦١:٧,127,115
1122,7:162,7,162,206,١٦٢:٧,127,115
1123,7:163,7,163,206,١٦٣:٧,127,115
1124,7:164,7,164,206,١٦٤:٧,127,115
1125,7:165,7,165,206,١٦٥:٧,127,115
1126,7:166,7,166,206,١٦٦:٧,127,115
1127,7:167,7,167,206,١٦٧:٧,127,115
1128,7:168,7,168,206,١٦٨:٧,127,115
1129,7:169,7,169,206,١٦٩:٧,128,116
977,7:17,7,17,206,١٧:٧,115,103
1130,7:170,7,170,206,١٧٠:٧,128,116
1131,7:171,7,171,206,١٧١:٧,128,116
1132,7:172,7,172,206,١٧٢:٧,128,116
1133,7:173,7,173,206,١٧٣:٧,128,116
1134,7:174,7,174,206,١٧٤:٧,128,116
1135,7:175,7,175,206,١٧٥:٧,128,116
1136,7:176,7,176,206,١٧٦:٧,128,116
1137,7:177,7,177,206,١٧٧:٧,128,116
1138,7:178,7,178,206,١٧٨:٧,129,117
1139,7:179,7,179,206,١٧٩:٧,129,117
978,7:18,7,18,206,١٨:٧,115,103
1140,7:180,7,180,206,١٨٠:٧,129,117
1141,7:181,7,181,206,١٨١:٧,129,117
1142,7:182,7,182,206,١٨٢:٧,129,117
1143,7:183,7,183,206,١٨٣:٧,129,117
1144,7:184,7,184,206,١٨٤:٧,129,117
1145,7:185,7,185,206,١٨٥:٧,129,117
1146,7:186,7,186,206,١٨٦:٧,129,117
1147,7:187,7,187,206,١٨٧:٧,129,117
1148,7:188,7,188,206,١٨٨:٧,130,118
1149,7:189,7,189,206,١٨٩:٧,130,118
979,7:19,7,19,206,١٩:٧,115,103
1150,7:190,7,190,206,١٩٠:٧,130,118
1151,7:191,7,191,206,١٩١:٧,130,118
1152,7:192,7,192,206,١٩٢:٧,130,118
1153,7:193,7,193,206,١٩٣:٧,130,118
1154,7:194,7,194,206,١٩٤:٧,130,118
1155,7:195,7,195,206,١٩٥:٧,130,118
1156,7:196,7,196,206,١٩٦:٧,130,118
1157,7:197,7,197,206,١٩٧:٧,130,118
1158,7:198,7,198,206,١٩٨:٧,130,118
1159,7:199,7,199,206,١٩٩:٧,130,118
962,7:2,7,2,206,٢:٧,114,102
980,7:20,7,20,206,٢٠:٧,115,103
1160,7:200,7,200,206,٢٠٠:٧,130,118
1161,7:201,7,201,206,٢٠١:٧,130,118
1162,7:202,7,202,206,٢٠٢:٧,130,118
1163,7:203,7,203,206,٢٠٣:٧,131,119
1164,7:204,7,204,206,٢٠٤:٧,131,119
1165,7:205,7,205,206,٢٠٥:٧,131,119
1166,7:206,7,206,206,٢٠٦:٧,131,119
981,7:21,7,21,206,٢١:٧,115,103
982,7:22,7,22,206,٢٢:٧,115,103
983,7:23,7,23,206,٢٣:٧,115,103
984,7:24,7,24,206,٢٤:٧,115,103
985,7:25,7,25,206,٢٥:٧,115,103
986,7:26,7,26,206,٢٦:٧,115,103
987,7:27,7,27,206,٢٧:٧,115,103
988,7:28,7,28,206,٢٨:٧,116,104
989,7:29,7,29,206,٢٩:٧,116,104
963,7:3,7,3,206,٣:٧,114,102
990,7:30,7,30,206,٣٠:٧,116,104
991,7:31,7,31,206,٣١:٧,116,104
992,7:32,7,32,206,٣٢:٧,116,104
993,7:33,7,33,206,٣٣:٧,116,104
994,7:34,7,34,206,٣٤:٧,116,104
995,7:35,7,35,206,٣٥:٧,116,104
996,7:36,7,36,206,٣٦:٧,116,104
997,7:37,7,37,206,٣٧:٧,117,105
998,7:38,7,38,206,٣٨:٧,117,105
999,7:39,7,39,206,٣٩:٧,117,105
964,7:4,7,4,206,٤:٧,114,102
1000,7:40,7,40,206,٤٠:٧,117,105
1001,7:41,7,41,206,٤١:٧,117,105
1002,7:42,7,42,206,٤٢:٧,117,105
1003,7:43,7,43,206,٤٣:٧,117,105
1004,7:44,7,44,206,٤٤:٧,118,106
1005,7:45,7,45,206,٤٥:٧,118,106
1006,7:46,7,46,206,٤٦:٧,118,106
1007,7:47,7,47,206,٤٧:٧,118,106
1008,7:48,7,48,206,٤٨:٧,118,106
1009,7:49,7,49,206,٤٩:٧,118,106
965,7:5,7,5,206,٥:٧,114,102
1010,7:50,7,50,206,٥٠:٧,118,106
1011,7:51,7,51,206,٥١:٧,118,106
1012,7:52,7,52,206,٥٢:٧,118,106
1013,7:53,7,53,206,٥٣:٧,118,106
1014,7:54,7,54,206,٥٤:٧,119,107
1015,7:55,7,55,206,٥٥:٧,119,107
1016,7:56,7,56,206,٥٦:٧,119,107
1017,7:57,7,57,206,٥٧:٧,119,107
1018,7:58,7,58,206,٥٨:٧,119,107
1019,7:59,7,59,206,٥٩:٧,119,107
966,7:6,7,6,206,٦:٧,114,102
1020,7:60,7,60,206,٦٠:٧,119,107
1021,7:61,7,61,206,٦١:٧,119,107
1022,7:62,7,62,206,٦٢:٧,119,107
1023,7:63,7,63,206,٦٣:٧,119,107
1024,7:64,7,64,206,٦٤:٧,119,107
1025,7:65,7,65,206,٦٥:٧,119,107
1026,7:66,7,66,206,٦٦:٧,120,108
1027,7:67,7,67,206,٦٧:٧,120,108
1028,7:68,7,68,206,٦٨:٧,120,108
1029,7:69,7,69,206,٦٩:٧,120,108
967,7:7,7,7,206,٧:٧,114,102
1030,7:70,7,70,206,٧٠:٧,120,108
1031,7:71,7,71,206,٧١:٧,120,108
1032,7:72,7,72,206,٧٢:٧,120,108
1033,7:73,7,73,206,٧٣:٧,120,108
1034,7:74,7,74,206,٧٤:٧,120,108
1035,7:75,7,75,206,٧٥:٧,120,108
1036,7:76,7,76,206,٧٦:٧,120,108
1037,7:77,7,77,206,٧٧:٧,120,108
1038,7:78,7,78,206,٧٨:٧,120,108
1039,7:79,7,79,206,٧٩:٧,120,108
968,7:8,7,8,206,٨:٧,114,102
1040,7:80,7,80,206,٨٠:٧,121,109
1041,7:81,7,81,206,٨١:٧,121,109
1042,7:82,7,82,206,٨٢:٧,121,109
1043,7:83,7,83,206,٨٣:٧,121,109
1044,7:84,7,84,206,٨٤:٧,121,109
1045,7:85,7,85,206,٨٥:٧,121,109
1046,7:86,7,86,206,٨٦:٧,121,109
1047,7:87,7,87,206,٨٧:٧,121,109
1048,7:88,7,88,206,٨٨:٧,121,109
1049,7:89,7,89,206,٨٩:٧,121,109
969,7:9,7,9,206,٩:٧,114,102
1050,7:90,7,90,206,٩٠:٧,121,109
1051,7:91,7,91,206,٩١:٧,121,109
1052,7:92,7,92,206,٩٢:٧,121,109
1053,7:93,7,93,206,٩٣:٧,121,109
1054,7:94,7,94,206,٩٤:٧,122,110
1055,7:95,7,95,206,٩٥:٧,122,110
1056,7:96,7,96,206,٩٦:٧,122,110
1057,7:97,7,97,206,٩٧:٧,122,110
1058,7:98,7,98,206,٩٨:٧,122,110
1059,7:99,7,99,206,٩٩:٧,122,110
5441,70:0,70,0,44,٠:٧٠,423,411
5442,70:1,70,1,44,١:٧٠,423,411
5451,70:10,70,10,44,١٠:٧٠,423,411
5452,70:11,70,11,44,١١:٧٠,423,411
5453,70:12,70,12,44,١٢:٧٠,423,411
5454,70:13,70,13,44,١٣:٧٠,423,411
5455,70:14,70,14,44,١٤:٧٠,423,411
5456,70:15,70,15,44,١٥:٧٠,423,411
5457,70:16,70,16,44,١٦:٧٠,423,411
5458,70:17,70,17,44,١٧:٧٠,423,411
5459,70:18,70,18,44,١٨:٧٠,423,411
5460,70:19,70,19,44,١٩:٧٠,423,411
5443,70:2,70,2,44,٢:٧٠,423,411
5461,70:20,70,20,44,٢٠:٧٠,423,411
5462,70:21,70,21,44,٢١:٧٠,423,411
5463,70:22,70,22,44,٢٢:٧٠,423,411
5464,70:23,70,23,44,٢٣:٧٠,423,411
5465,70:24,70,24,44,٢٤:٧٠,423,411
5466,70:25,70,25,44,٢٥:٧٠,423,411
5467,70:26,70,26,44,٢٦:٧٠,423,411
5468,70:27,70,27,44,٢٧:٧٠,423,411
5469,70:28,70,28,44,٢٨:٧٠,423,411
5470,70:29,70,29,44,٢٩:٧٠,423,411
5444,70:3,70,3,44,٣:٧٠,423,411
5471,70:30,70,30,44,٣٠:٧٠,423,411
5472,70:31,70,31,44,٣١:٧٠,423,411
5473,70:32,70,32,44,٣٢:٧٠,423,411
5474,70:33,70,33,44,٣٣:٧٠,423,411
5475,70:34,70,34,44,٣٤:٧٠,423,411
5476,70:35,70,35,44,٣٥:٧٠,423,411
5477,70:36,70,36,44,٣٦:٧٠,424,412
5478,70:37,70,37,44,٣٧:٧٠,424,412
5479,70:38,70,38,44,٣٨:٧٠,424,412
5480,70:39,70,39,44,٣٩:٧٠,424,412
5445,70:4,70,4,44,٤:٧٠,423,411
5481,70:40,70,40,44,٤٠:٧٠,424,412
5482,70:41,70,41,44,٤١:٧٠,424,412
5483,70:42,70,42,44,٤٢:٧٠,424,412
5484,70:43,70,43,44,٤٣:٧٠,424,412
5485,70:44,70,44,44,٤٤:٧٠,424,412
5446,70:5,70,5,44,٥:٧٠,423,411
5447,70:6,70,6,44,٦:٧٠,423,411
5448,70:7,70,7,44,٧:٧٠,423,411
5449,70:8,70,8,44,٨:٧٠,423,411
5450,70:9,70,9,44,٩:٧٠,423,411
5486,71:0,71,0,28,٠:٧١,425,413
5487,71:1,71,1,28,١:٧١,425,413
5496,71:10,71,10,28,١٠:٧١,425,413
5497,71:11,71,11,28,١١:٧١,425,413
5498,71:12,71,12,28,١٢:٧١,425,413
5499,71:13,71,13,28,١٣:٧١,425,413
5500,71:14,71,14,28,١٤:٧١,425,413
5501,71:15,71,15,28,١٥:٧١,425,413
5502,71:16,71,16,28,١٦:٧١,425,413
5503,71:17,71,17,28,١٧:٧١,425,413
5504,71:18,71,18,28,١٨:٧١,425,413
5505,71:19,71,19,28,١٩:٧١,425,413
5488,71:2,71,2,28,٢:٧١,425,413
5506,71:20,71,20,28,٢٠:٧١,425,413
5507,71:21,71,21,28,٢١:٧١,425,413
5508,71:22,71,22,28,٢٢:٧١,425,413
5509,71:23,71,23,28,٢٣:٧١,425,413
5510,71:24,71,24,28,٢٤:٧١,425,413
5511,71:25,71,25,28,٢٥:٧١,425,413
5512,71:26,71,26,28,٢٦:٧١,425,413
5513,71:27,71,27,28,٢٧:٧١,426,414
5514,71:28,71,28,28,٢٨:٧١,426,414
5489,71:3,71,3,28,٣:٧١,425,413
5490,71:4,71,4,28,٤:٧١,425,413
5491,71:5,71,5,28,٥:٧١,425,413
5492,71:6,71,6,28,٦:٧١,425,413
5493,71:7,71,7,28,٧:٧١,425,413
5494,71:8,71,8,28,٨:٧١,425,413
5495,71:9,71,9,28,٩:٧١,425,413
5515,72:0,72,0,28,٠:٧٢,427,415
5516,72:1,72,1,28,١:٧٢,427,415
5525,72:10,72,10,28,١٠:٧٢,427,415
5526,72:11,72,11,28,١١:٧٢,427,415
5527,72:12,72,12,28,١٢:٧٢,427,415
5528,72:13,72,13,28,١٣:٧٢,427,415
5529,72:14,72,14,28,١٤:٧٢,427,415
5530,72:15,72,15,28,١٥:٧٢,427,415
5531,72:16,72,16,28,١٦:٧٢,427,415
5532,72:17,72,17,28,١٧:٧٢,427,415
5533,72:18,72,18,28,١٨:٧٢,427,415
5534,72:19,72,19,28,١٩:٧٢,427,415
5517,72:2,72,2,28,٢:٧٢,427,415
5535,72:20,72,20,28,٢٠:٧٢,428,416
5536,72:21,72,21,28,٢١:٧٢,428,416
5537,72:22,72,22,28,٢٢:٧٢,428,416
5538,72:23,72,23,28,٢٣:٧٢,428,416
5539,72:24,72,24,28,٢٤:٧٢,428,416
5540,72:25,72,25,28,٢٥:٧٢,428,416
5541,72:26,72,26,28,٢٦:٧٢,428,416
5542,72:27,72,27,28,٢٧:٧٢,428,416
5543,72:28,72,28,28,٢٨:٧٢,428,416
5518,72:3,72,3,28,٣:٧٢,427,415
5519,72:4,72,4,28,٤:٧٢,427,415
5520,72:5,72,5,28,٥:٧٢,427,415
5521,72:6,72,6,28,٦:٧٢,427,415
5522,72:7,72,7,28,٧:٧٢,427,415
5523,72:8,72,8,28,٨:٧٢,427,415
5524,72:9,72,9,28,٩:٧٢,427,415
5544,73:0,73,0,20,٠:٧٣,429,417
5545,73:1,73,1,20,١:٧٣,429,417
5554,73:10,73,10,20,١٠:٧٣,429,417
5555,73:11,73,11,20,١١:٧٣,429,417
5556,73:12,73,12,20,١٢:٧٣,429,417
5557,73:13,73,13,20,١٣:٧٣,429,417
5558,73:14,73,14,20,١٤:٧٣,429,417
5559,73:15,73,15,20,١٥:٧٣,429,417
5560,73:16,73,16,20,١٦:٧٣,429,417
5561,73:17,73,17,20,١٧:٧٣,429,417
5562,73:18,73,18,20,١٨:٧٣,429,417
5563,73:19,73,19,20,١٩:٧٣,429,417
5546,73:2,73,2,20,٢:٧٣,429,417
5564,73:20,73,20,20,٢٠:٧٣,430,418
5547,73:3,73,3,20,٣:٧٣,429,417
5548,73:4,73,4,20,٤:٧٣,429,417
5549,73:5,73,5,20,٥:٧٣,429,417
5550,73:6,73,6,20,٦:٧٣,429,417
5551,73:7,73,7,20,٧:٧٣,429,417
5552,73:8,73,8,20,٨:٧٣,429,417
5553,73:9,73,9,20,٩:٧٣,429,417
5565,74:0,74,0,56,٠:٧٤,431,419
5566,74:1,74,1,56,١:٧٤,431,419
5575,74:10,74,10,56,١٠:٧٤,431,419
5576,74:11,74,11,56,١١:٧٤,431,419
5577,74:12,74,12,56,١٢:٧٤,431,419
5578,74:13,74,13,56,١٣:٧٤,431,419
5579,74:14,74,14,56,١٤:٧٤,431,419
5580,74:15,74,15,56,١٥:٧٤,431,419
5581,74:16,74,16,56,١٦:٧٤,431,419
5582,74:17,74,17,56,١٧:٧٤,431,419
5583,74:18,74,18,56,١٨:٧٤,431,419
5584,74:19,74,19,56,١٩:٧٤,431,419
5567,74:2,74,2,56,٢:٧٤,431,419
5585,74:20,74,20,56,٢٠:٧٤,431,419
5586,74:21,74,21,56,٢١:٧٤,431,419
5587,74:22,74,22,56,٢٢:٧٤,431,419
5588,74:23,74,23,56,٢٣:٧٤,431,419
5589,74:24,74,24,56,٢٤:٧٤,431,419
5590,74:25,74,25,56,٢٥:٧٤,431,419
5591,74:26,74,26,56,٢٦:٧٤,431,419
5592,74:27,74,27,56,٢٧:٧٤,431,419
5593,74:28,74,28,56,٢٨:٧٤,431,419
5594,74:29,74,29,56,٢٩:٧٤,431,419
5568,74:3,74,3,56,٣:٧٤,431,419
5595,74:30,74,30,56,٣٠:٧٤,431,419
5596,74:31,74,31,56,٣١:٧٤,432,420
5597,74:32,74,32,56,٣٢:٧٤,432,420
5598,74:33,74,33,56,٣٣:٧٤,432,420
5599,74:34,74,34,56,٣٤:٧٤,432,420
5600,74:35,74,35,56,٣٥:٧٤,432,420
5601,74:36,74,36,56,٣٦:٧٤,432,420
5602,74:37,74,37,56,٣٧:٧٤,432,420
5603,74:38,74,38,56,٣٨:٧٤,432,420
5604,74:39,74,39,56,٣٩:٧٤,432,420
5569,74:4,74,4,56,٤:٧٤,431,419
5605,74:40,74,40,56,٤٠:٧٤,432,420
5606,74:41,74,41,56,٤١:٧٤,432,420
5607,74:42,74,42,56,٤٢:٧٤,432,420
5608,74:43,74,43,56,٤٣:٧٤,432,420
5609,74:44,74,44,56,٤٤:٧٤,432,420
5610,74:45,74,45,56,٤٥:٧٤,432,420
5611,74:46,74,46,56,٤٦:٧٤,432,420
5612,74:47,74,47,56,٤٧:٧٤,432,420
5613,74:48,74,48,56,٤٨:٧٤,432,420
5614,74:49,74,49,56,٤٩:٧٤,432,420
5570,74:5,74,5,56,٥:٧٤,431,419
5615,74:50,74,50,56,٥٠:٧٤,432,420
5616,74:51,74,51,56,٥١:٧٤,432,420
5617,74:52,74,52,56,٥٢:٧٤,432,420
5618,74:53,74,53,56,٥٣:٧٤,433,421
5619,74:54,74,54,56,٥٤:٧٤,433,421
5620,74:55,74,55,56,٥٥:٧٤,433,421
5621,74:56,74,56,56,٥٦:٧٤,433,421
5571,74:6,74,6,56,٦:٧٤,431,419
5572,74:7,74,7,56,٧:٧٤,431,419
5573,74:8,74,8,56,٨:٧٤,431,419
5574,74:9,74,9,56,٩:٧٤,431,419
5622,75:0,75,0,40,٠:٧٥,434,422
5623,75:1,75,1,40,١:٧٥,434,422
5632,75:10,75,10,40,١٠:٧٥,434,422
5633,75:11,75,11,40,١١:٧٥,434,422
5634,75:12,75,12,40,١٢:٧٥,434,422
5635,75:13,75,13,40,١٣:٧٥,434,422
5636,75:14,75,14,40,١٤:٧٥,434,422
5637,75:15,75,15,40,١٥:٧٥,434,422
5638,75:16,75,16,40,١٦:٧٥,434,422
5639,75:17,75,17,40,١٧:٧٥,434,422
5640,75:18,75,18,40,١٨:٧٥,434,422
5641,75:19,75,19,40,١٩:٧٥,434,422
5624,75:2,75,2,40,٢:٧٥,434,422
5642,75:20,75,20,40,٢٠:٧٥,434,422
5643,75:21,75,21,40,٢١:٧٥,434,422
5644,75:22,75,22,40,٢٢:٧٥,434,422
5645,75:23,75,23,40,٢٣:٧٥,435,423
5646,75:24,75,24,40,٢٤:٧٥,435,423
5647,75:25,75,25,40,٢٥:٧٥,435,423
5648,75:26,75,26,40,٢٦:٧٥,435,423
5649,75:27,75,27,40,٢٧:٧٥,435,423
5650,75:28,75,28,40,٢٨:٧٥,435,423
5651,75:29,75,29,40,٢٩:٧٥,435,423
5625,75:3,75,3,40,٣:٧٥,434,422
5652,75:30,75,30,40,٣٠:٧٥,435,423
5653,75:31,75,31,40,٣١:٧٥,435,423
5654,75:32,75,32,40,٣٢:٧٥,435,423
5655,75:33,75,33,40,٣٣:٧٥,435,423
5656,75:34,75,34,40,٣٤:٧٥,435,423
5657,75:35,75,35,40,٣٥:٧٥,435,423
5658,75:36,75,36,40,٣٦:٧٥,435,423
5659,75:37,75,37,40,٣٧:٧٥,435,423
5660,75:38,75,38,40,٣٨:٧٥,435,423
5661,75:39,75,39,40,٣٩:٧٥,435,423
5626,75:4,75,4,40,٤:٧٥,434,422
5662,75:40,75,40,40,٤٠:٧٥,435,423
5627,75:5,75,5,40,٥:٧٥,434,422
5628,75:6,75,6,40,٦:٧٥,434,422
5629,75:7,75,7,40,٧:٧٥,434,422
5630,75:8,75,8,40,٨:٧٥,434,422
5631,75:9,75,9,40,٩:٧٥,434,422
5663,76:0,76,0,31,٠:٧٦,436,424
5664,76:1,76,1,31,١:٧٦,436,424
5673,76:10,76,10,31,١٠:٧٦,436,424
5674,76:11,76,11,31,١١:٧٦,436,424
5675,76:12,76,12,31,١٢:٧٦,436,424
5676,76:13,76,13,31,١٣:٧٦,436,424
5677,76:14,76,14,31,١٤:٧٦,436,424
5678,76:15,76,15,31,١٥:٧٦,436,424
5679,76:16,76,16,31,١٦:٧٦,436,424
5680,76:17,76,17,31,١٧:٧٦,436,424
5681,76:18,76,18,31,١٨:٧٦,436,424
5682,76:19,76,19,31,١٩:٧٦,436,424
5665,76:2,76,2,31,٢:٧٦,436,424
5683,76:20,76,20,31,٢٠:٧٦,436,424
5684,76:21,76,21,31,٢١:٧٦,436,424
5685,76:22,76,22,31,٢٢:٧٦,436,424
5686,76:23,76,23,31,٢٣:٧٦,436,424
5687,76:24,76,24,31,٢٤:٧٦,437,425
5688,76:25,76,25,31,٢٥:٧٦,437,425
5689,76:26,76,26,31,٢٦:٧٦,437,425
5690,76:27,76,27,31,٢٧:٧٦,437,425
5691,76:28,76,28,31,٢٨:٧٦,437,425
5692,76:29,76,29,31,٢٩:٧٦,437,425
5666,76:3,76,3,31,٣:٧٦,436,424
5693,76:30,76,30,31,٣٠:٧٦,437,425
5694,76:31,76,31,31,٣١:٧٦,437,425
5667,76:4,76,4,31,٤:٧٦,436,424
5668,76:5,76,5,31,٥:٧٦,436,424
5669,76:6,76,6,31,٦:٧٦,436,424
5670,76:7,76,7,31,٧:٧٦,436,424
5671,76:8,76,8,31,٨:٧٦,436,424
5672,76:9,76,9,31,٩:٧٦,436,424
5695,77:0,77,0,50,٠:٧٧,438,426
5696,77:1,77,1,50,١:٧٧,438,426
5705,77:10,77,10,50,١٠:٧٧,438,426
5706,77:11,77,11,50,١١:٧٧,438,426
5707,77:12,77,12,50,١٢:٧٧,438,426
5708,77:13,77,13,50,١٣:٧٧,438,426
5709,77:14,77,14,50,١٤:٧٧,438,426
5710,77:15,77,15,50,١٥:٧٧,438,426
5711,77:16,77,16,50,١٦:٧٧,438,426
5712,77:17,77,17,50,١٧:٧٧,438,426
5713,77:18,77,18,50,١٨:٧٧,438,426
5714,77:19,77,19,50,١٩:٧٧,438,426
5697,77:2,77,2,50,٢:٧٧,438,426
5715,77:20,77,20,50,٢٠:٧٧,438,426
5716,77:21,77,21,50,٢١:٧٧,438,426
5717,77:22,77,22,50,٢٢:٧٧,438,426
5718,77:23,77,23,50,٢٣:٧٧,438,426
5719,77:24,77,24,50,٢٤:٧٧,438,426
5720,77:25,77,25,50,٢٥:٧٧,438,426
5721,77:26,77,26,50,٢٦:٧٧,438,426
5722,77:27,77,27,50,٢٧:٧٧,438,426
5723,77:28,77,28,50,٢٨:٧٧,438,426
5724,77:29,77,29,50,٢٩:٧٧,438,426
5698,77:3,77,3,50,٣:٧٧,438,426
5725,77:30,77,30,50,٣٠:٧٧,438,426
5726,77:31,77,31,50,٣١:٧٧,438,426
5727,77:32,77,32,50,٣٢:٧٧,438,426
5728,77:33,77,33,50,٣٣:٧٧,438,426
5729,77:34,77,34,50,٣٤:٧٧,438,426
5730,77:35,77,35,50,٣٥:٧٧,438,426
5731,77:36,77,36,50,٣٦:٧٧,438,426
5732,77:37,77,37,50,٣٧:٧٧,439,427
5733,77:38,77,38,50,٣٨:٧٧,439,427
5734,77:39,77,39,50,٣٩:٧٧,439,427
5699,77:4,77,4,50,٤:٧٧,438,426
5735,77:40,77,40,50,٤٠:٧٧,439,427
5736,77:41,77,41,50,٤١:٧٧,439,427
5737,77:42,77,42,50,٤٢:٧٧,439,427
5738,77:43,77,43,50,٤٣:٧٧,439,427
5739,77:44,77,44,50,٤٤:٧٧,439,427
5740,77:45,77,45,50,٤٥:٧٧,439,427
5741,77:46,77,46,50,٤٦:٧٧,439,427
5742,77:47,77,47,50,٤٧:٧٧,439,427
5743,77:48,77,48,50,٤٨:٧٧,439,427
5744,77:49,77,49,50,٤٩:٧٧,439,427
5700,77:5,77,5,50,٥:٧٧,438,426
5745,77:50,77,50,50,٥٠:٧٧,439,427
5701,77:6,77,6,50,٦:٧٧,438,426
5702,77:7,77,7,50,٧:٧٧,438,426
5703,77:8,77,8,50,٨:٧٧,438,426
5704,77:9,77,9,50,٩:٧٧,438,426
5746,78:0,78,0,40,٠:٧٨,440,428
5747,78:1,78,1,40,١:٧٨,440,428
5756,78:10,78,10,40,١٠:٧٨,440,428
5757,78:11,78,11,40,١١:٧٨,440,428
5758,78:12,78,12,40,١٢:٧٨,440,428
5759,78:13,78,13,40,١٣:٧٨,440,428
5760,78:14,78,14,40,١٤:٧٨,440,428
5761,78:15,78,15,40,١٥:٧٨,440,428
5762,78:16,78,16,40,١٦:٧٨,440,428
5763,78:17,78,17,40,١٧:٧٨,440,428
5764,78:18,78,18,40,١٨:٧٨,440,428
5765,78:19,78,19,40,١٩:٧٨,440,428
5748,78:2,78,2,40,٢:٧٨,440,428
5766,78:20,78,20,40,٢٠:٧٨,440,428
5767,78:21,78,21,40,٢١:٧٨,440,428
5768,78:22,78,22,40,٢٢:٧٨,440,428
5769,78:23,78,23,40,٢٣:٧٨,440,428
5770,78:24,78,24,40,٢٤:٧٨,440,428
5771,78:25,78,25,40,٢٥:٧٨,440,428
5772,78:26,78,26,40,٢٦:٧٨,440,428
5773,78:27,78,27,40,٢٧:٧٨,440,428
5774,78:28,78,28,40,٢٨:٧٨,440,428
5775,78:29,78,29,40,٢٩:٧٨,440,428
5749,78:3,78,3,40,٣:٧٨,440,428
5776,78:30,78,30,40,٣٠:٧٨,440,428
5777,78:31,78,31,40,٣١:٧٨,440,428
5778,78:32,78,32,40,٣٢:٧٨,440,428
5779,78:33,78,33,40,٣٣:٧٨,440,428
5780,78:34,78,34,40,٣٤:٧٨,440,428
5781,78:35,78,35,40,٣٥:٧٨,440,428
5782,78:36,78,36,40,٣٦:٧٨,440,428
5783,78:37,78,37,40,٣٧:٧٨,440,428
5784,78:38,78,38,40,٣٨:٧٨,441,429
5785,78:39,78,39,40,٣٩:٧٨,441,429
5750,78:4,78,4,40,٤:٧٨,440,428
5786,78:40,78,40,40,٤٠:٧٨,441,429
5751,78:5,78,5,40,٥:٧٨,440,428
5752,78:6,78,6,40,٦:٧٨,440,428
5753,78:7,78,7,40,٧:٧٨,440,428
5754,78:8,78,8,40,٨:٧٨,440,428
5755,78:9,78,9,40,٩:٧٨,440,428
5787,79:0,79,0,46,٠:٧٩,442,430
5788,79:1,79,1,46,١:٧٩,442,430
5797,79:10,79,10,46,١٠:٧٩,442,430
5798,79:11,79,11,46,١١:٧٩,442,430
5799,79:12,79,12,46,١٢:٧٩,442,430
5800,79:13,79,13,46,١٣:٧٩,442,430
5801,79:14,79,14,46,١٤:٧٩,442,430
5802,79:15,79,15,46,١٥:٧٩,442,430
5803,79:16,79,16,46,١٦:٧٩,442,430
5804,79:17,79,17,46,١٧:٧٩,442,430
5805,79:18,79,18,46,١٨:٧٩,442,430
5806,79:19,79,19,46,١٩:٧٩,442,430
5789,79:2,79,2,46,٢:٧٩,442,430
5807,79:20,79,20,46,٢٠:٧٩,442,430
5808,79:21,79,21,46,٢١:٧٩,442,430
5809,79:22,79,22,46,٢٢:٧٩,442,430
5810,79:23,79,23,46,٢٣:٧٩,442,430
5811,79:24,79,24,46,٢٤:٧٩,442,430
5812,79:25,79,25,46,٢٥:٧٩,442,430
5813,79:26,79,26,46,٢٦:٧٩,442,430
5814,79:27,79,27,46,٢٧:٧٩,442,430
5815,79:28,79,28,46,٢٨:٧٩,442,430
5816,79:29,79,29,46,٢٩:٧٩,442,430
5790,79:3,79,3,46,٣:٧٩,442,430
5817,79:30,79,30,46,٣٠:٧٩,442,430
5818,79:31,79,31,46,٣١:٧٩,442,430
5819,79:32,79,32,46,٣٢:٧٩,443,431
5820,79:33,79,33,46,٣٣:٧٩,443,431
5821,79:34,79,34,46,٣٤:٧٩,443,431
5822,79:35,79,35,46,٣٥:٧٩,443,431
5823,79:36,79,36,46,٣٦:٧٩,443,431
5824,79:37,79,37,46,٣٧:٧٩,443,431
5825,79:38,79,38,46,٣٨:٧٩,443,431
5826,79:39,79,39,46,٣٩:٧٩,443,431
5791,79:4,79,4,46,٤:٧٩,442,430
5827,79:40,79,40,46,٤٠:٧٩,443,431
5828,79:41,79,41,46,٤١:٧٩,443,431
5829,79:42,79,42,46,٤٢:٧٩,443,431
5830,79:43,79,43,46,٤٣:٧٩,443,431
5831,79:44,79,44,46,٤٤:٧٩,443,431
5832,79:45,79,45,46,٤٥:٧٩,443,431
5833,79:46,79,46,46,٤٦:٧٩,443,431
5792,79:5,79,5,46,٥:٧٩,442,430
5793,79:6,79,6,46,٦:٧٩,442,430
5794,79:7,79,7,46,٧:٧٩,442,430
5795,79:8,79,8,46,٨:٧٩,442,430
5796,79:9,79,9,46,٩:٧٩,442,430
1167,8:0,8,0,75,٠:٨,132,120
1168,8:1,8,1,75,١:٨,132,120
1177,8:10,8,10,75,١٠:٨,132,120
1178,8:11,8,11,75,١١:٨,132,120
1179,8:12,8,12,75,١٢:٨,132,120
1180,8:13,8,13,75,١٣:٨,132,120
1181,8:14,8,14,75,١٤:٨,132,120
1182,8:15,8,15,75,١٥:٨,132,120
1183,8:16,8,16,75,١٦:٨,133,121
1184,8:17,8,17,75,١٧:٨,133,121
1185,8:18,8,18,75,١٨:٨,133,121
1186,8:19,8,19,75,١٩:٨,133,121
1169,8:2,8,2,75,٢:٨,132,120
1187,8:20,8,20,75,٢٠:٨,133,121
1188,8:21,8,21,75,٢١:٨,133,121
1189,8:22,8,22,75,٢٢:٨,133,121
1190,8:23,8,23,75,٢٣:٨,133,121
1191,8:24,8,24,75,٢٤:٨,133,121
1192,8:25,8,25,75,٢٥:٨,133,121
1193,8:26,8,26,75,٢٦:٨,133,121
1194,8:27,8,27,75,٢٧:٨,133,121
1195,8:28,8,28,75,٢٨:٨,133,121
1196,8:29,8,29,75,٢٩:٨,134,122
1170,8:3,8,3,75,٣:٨,132,120
1197,8:30,8,30,75,٣٠:٨,134,122
1198,8:31,8,31,75,٣١:٨,134,122
1199,8:32,8,32,75,٣٢:٨,134,122
1200,8:33,8,33,75,٣٣:٨,134,122
1201,8:34,8,34,75,٣٤:٨,134,122
1202,8:35,8,35,75,٣٥:٨,134,122
1203,8:36,8,36,75,٣٦:٨,134,122
1204,8:37,8,37,75,٣٧:٨,134,122
1205,8:38,8,38,75,٣٨:٨,134,122
1206,8:39,8,39,75,٣٩:٨,134,122
1171,8:4,8,4,75,٤:٨,132,120
1207,8:40,8,40,75,٤٠:٨,134,122
1208,8:41,8,41,75,٤١:٨,135,123
1209,8:42,8,42,75,٤٢:٨,135,123
1210,8:43,8,43,75,٤٣:٨,135,123
1211,8:44,8,44,75,٤٤:٨,135,123
1212,8:45,8,45,75,٤٥:٨,135,123
1213,8:46,8,46,75,٤٦:٨,135,123
1214,8:47,8,47,75,٤٧:٨,135,123
1215,8:48,8,48,75,٤٨:٨,135,123
1216,8:49,8,49,75,٤٩:٨,135,123
1172,8:5,8,5,75,٥:٨,132,120
1217,8:50,8,50,75,٥٠:٨,136,124
1218,8:51,8,51,75,٥١:٨,136,124
1219,8:52,8,52,75,٥٢:٨,136,124
1220,8:53,8,53,75,٥٣:٨,136,124
1221,8:54,8,54,75,٥٤:٨,136,124
1222,8:55,8,55,75,٥٥:٨,136,124
1223,8:56,8,56,75,٥٦:٨,136,124
1224,8:57,8,57,75,٥٧:٨,136,124
1225,8:58,8,58,75,٥٨:٨,136,124
1226,8:59,8,59,75,٥٩:٨,136,124
1173,8:6,8,6,75,٦:٨,132,120
1227,8:60,8,60,75,٦٠:٨,136,124
1228,8:61,8,61,75,٦١:٨,136,124
1229,8:62,8,62,75,٦٢:٨,136,124
1230,8:63,8,63,75,٦٣:٨,136,124
1231,8:64,8,64,75,٦٤:٨,136,124
1232,8:65,8,65,75,٦٥:٨,137,125
1233,8:66,8,66,75,٦٦:٨,137,125
1234,8:67,8,67,75,٦٧:٨,137,125
1235,8:68,8,68,75,٦٨:٨,137,125
1236,8:69,8,69,75,٦٩:٨,137,125
1174,8:7,8,7,75,٧:٨,132,120
1237,8:70,8,70,75,٧٠:٨,137,125
1238,8:71,8,71,75,٧١:٨,137,125
1239,8:72,8,72,75,٧٢:٨,137,125
1240,8:73,8,73,75,٧٣:٨,137,125
1241,8:74,8,74,75,٧٤:٨,137,125
1242,8:75,8,75,75,٧٥:٨,137,125
1175,8:8,8,8,75,٨:٨,132,120
1176,8:9,8,9,75,٩:٨,132,120
5834,80:0,80,0,42,٠:٨٠,444,432
5835,80:1,80,1,42,١:٨٠,444,432
5844,80:10,80,10,42,١٠:٨٠,444,432
5845,80:11,80,11,42,١١:٨٠,444,432
5846,80:12,80,12,42,١٢:٨٠,444,432
5847,80:13,80,13,42,١٣:٨٠,444,432
5848,80:14,80,14,42,١٤:٨٠,444,432
5849,80:15,80,15,42,١٥:٨٠,444,432
5850,80:16,80,16,42,١٦:٨٠,444,432
5851,80:17,80,17,42,١٧:٨٠,444,432
5852,80:18,80,18,42,١٨:٨٠,444,432
5853,80:19,80,19,42,١٩:٨٠,444,432
5836,80:2,80,2,42,٢:٨٠,444,432
5854,80:20,80,20,42,٢٠:٨٠,444,432
5855,80:21,80,21,42,٢١:٨٠,444,432
5856,80:22,80,22,42,٢٢:٨٠,444,432
5857,80:23,80,23,42,٢٣:٨٠,444,432
5858,80:24,80,24,42,٢٤:٨٠,444,432
5859,80:25,80,25,42,٢٥:٨٠,444,432
5860,80:26,80,26,42,٢٦:٨٠,444,432
5861,80:27,80,27,42,٢٧:٨٠,444,432
5862,80:28,80,28,42,٢٨:٨٠,444,432
5863,80:29,80,29,42,٢٩:٨٠,444,432
5837,80:3,80,3,42,٣:٨٠,444,432
5864,80:30,80,30,42,٣٠:٨٠,444,432
5865,80:31,80,31,42,٣١:٨٠,444,432
5866,80:32,80,32,42,٣٢:٨٠,445,433
5867,80:33,80,33,42,٣٣:٨٠,445,433
5868,80:34,80,34,42,٣٤:٨٠,445,433
5869,80:35,80,35,42,٣٥:٨٠,445,433
5870,80:36,80,36,42,٣٦:٨٠,445,433
5871,80:37,80,37,42,٣٧:٨٠,445,433
5872,80:38,80,38,42,٣٨:٨٠,445,433
5873,80:39,80,39,42,٣٩:٨٠,445,433
5838,80:4,80,4,42,٤:٨٠,444,432
5874,80:40,80,40,42,٤٠:٨٠,445,433
5875,80:41,80,41,42,٤١:٨٠,445,433
5876,80:42,80,42,42,٤٢:٨٠,445,433
5839,80:5,80,5,42,٥:٨٠,444,432
5840,80:6,80,6,42,٦:٨٠,444,432
5841,80:7,80,7,42,٧:٨٠,444,432
5842,80:8,80,8,42,٨:٨٠,444,432
5843,80:9,80,9,42,٩:٨٠,444,432
5877,81:0,81,0,29,٠:٨١,446,434
5878,81:1,81,1,29,١:٨١,446,434
5887,81:10,81,10,29,١٠:٨١,446,434
5888,81:11,81,11,29,١١:٨١,446,434
5889,81:12,81,12,29,١٢:٨١,446,434
5890,81:13,81,13,29,١٣:٨١,446,434
5891,81:14,81,14,29,١٤:٨١,446,434
5892,81:15,81,15,29,١٥:٨١,446,434
5893,81:16,81,16,29,١٦:٨١,446,434
5894,81:17,81,17,29,١٧:٨١,446,434
5895,81:18,81,18,29,١٨:٨١,446,434
5896,81:19,81,19,29,١٩:٨١,446,434
5879,81:2,81,2,29,٢:٨١,446,434
5897,81:20,81,20,29,٢٠:٨١,446,434
5898,81:21,81,21,29,٢١:٨١,446,434
5899,81:22,81,22,29,٢٢:٨١,446,434
5900,81:23,81,23,29,٢٣:٨١,446,434
5901,81:24,81,24,29,٢٤:٨١,446,434
5902,81:25,81,25,29,٢٥:٨١,446,434
5903,81:26,81,26,29,٢٦:٨١,446,434
5904,81:27,81,27,29,٢٧:٨١,446,434
5905,81:28,81,28,29,٢٨:٨١,446,434
5906,81:29,81,29,29,٢٩:٨١,446,434
5880,81:3,81,3,29,٣:٨١,446,434
5881,81:4,81,4,29,٤:٨١,446,434
5882,81:5,81,5,29,٥:٨١,446,434
5883,81:6,81,6,29,٦:٨١,446,434
5884,81:7,81,7,29,٧:٨١,446,434
5885,81:8,81,8,29,٨:٨١,446,434
5886,81:9,81,9,29,٩:٨١,446,434
5907,82:0,82,0,19,٠:٨٢,447,435
5908,82:1,82,1,19,١:٨٢,447,435
5917,82:10,82,10,19,١٠:٨٢,447,435
5918,82:11,82,11,19,١١:٨٢,447,435
5919,82:12,82,12,19,١٢:٨٢,447,435
5920,82:13,82,13,19,١٣:٨٢,447,435
5921,82:14,82,14,19,١٤:٨٢,447,435
5922,82:15,82,15,19,١٥:٨٢,447,435
5923,82:16,82,16,19,١٦:٨٢,447,435
5924,82:17,82,17,19,١٧:٨٢,447,435
5925,82:18,82,18,19,١٨:٨٢,447,435
5926,82:19,82,19,19,١٩:٨٢,447,435
5909,82:2,82,2,19,٢:٨٢,447,435
5910,82:3,82,3,19,٣:٨٢,447,435
5911,82:4,82,4,19,٤:٨٢,447,435
5912,82:5,82,5,19,٥:٨٢,447,435
5913,82:6,82,6,19,٦:٨٢,447,435
5914,82:7,82,7,19,٧:٨٢,447,435
5915,82:8,82,8,19,٨:٨٢,447,435
5916,82:9,82,9,19,٩:٨٢,447,435
5927,83:0,83,0,36,٠:٨٣,448,436
5928,83:1,83,1,36,١:٨٣,448,436
5937,83:10,83,10,36,١٠:٨٣,448,436
5938,83:11,83,11,36,١١:٨٣,448,436
5939,83:12,83,12,36,١٢:٨٣,448,436
5940,83:13,83,13,36,١٣:٨٣,448,436
5941,83:14,83,14,36,١٤:٨٣,448,436
5942,83:15,83,15,36,١٥:٨٣,448,436
5943,83:16,83,16,36,١٦:٨٣,448,436
5944,83:17,83,17,36,١٧:٨٣,448,436
5945,83:18,83,18,36,١٨:٨٣,448,436
5946,83:19,83,19,36,١٩:٨٣,448,436
5929,83:2,83,2,36,٢:٨٣,448,436
5947,83:20,83,20,36,٢٠:٨٣,448,436
5948,83:21,83,21,36,٢١:٨٣,448,436
5949,83:22,83,22,36,٢٢:٨٣,448,436
5950,83:23,83,23,36,٢٣:٨٣,448,436
5951,83:24,83,24,36,٢٤:٨٣,448,436
5952,83:25,83,25,36,٢٥:٨٣,448,436
5953,83:26,83,26,36,٢٦:٨٣,448,436
5954,83:27,83,27,36,٢٧:٨٣,448,436
5955,83:28,83,28,36,٢٨:٨٣,448,436
5956,83:29,83,29,36,٢٩:٨٣,448,436
5930,83:3,83,3,36,٣:٨٣,448,436
5957,83:30,83,30,36,٣٠:٨٣,448,436
5958,83:31,83,31,36,٣١:٨٣,448,436
5959,83:32,83,32,36,٣٢:٨٣,449,437
5960,83:33,83,33,36,٣٣:٨٣,449,437
5961,83:34,83,34,36,٣٤:٨٣,449,437
5962,83:35,83,35,36,٣٥:٨٣,449,437
5963,83:36,83,36,36,٣٦:٨٣,449,437
5931,83:4,83,4,36,٤:٨٣,448,436
5932,83:5,83,5,36,٥:٨٣,448,436
5933,83:6,83,6,36,٦:٨٣,448,436
5934,83:7,83,7,36,٧:٨٣,448,436
5935,83:8,83,8,36,٨:٨٣,448,436
5936,83:9,83,9,36,٩:٨٣,448,436
5964,84:0,84,0,25,٠:٨٤,450,438
5965,84:1,84,1,25,١:٨٤,450,438
5974,84:10,84,10,25,١٠:٨٤,450,438
5975,84:11,84,11,25,١١:٨٤,450,438
5976,84:12,84,12,25,١٢:٨٤,450,438
5977,84:13,84,13,25,١٣:٨٤,450,438
5978,84:14,84,14,25,١٤:٨٤,450,438
5979,84:15,84,15,25,١٥:٨٤,450,438
5980,84:16,84,16,25,١٦:٨٤,450,438
5981,84:17,84,17,25,١٧:٨٤,450,438
5982,84:18,84,18,25,١٨:٨٤,450,438
5983,84:19,84,19,25,١٩:٨٤,450,438
5966,84:2,84,2,25,٢:٨٤,450,438
5984,84:20,84,20,25,٢٠:٨٤,450,438
5985,84:21,84,21,25,٢١:٨٤,450,438
5986,84:22,84,22,25,٢٢:٨٤,450,438
5987,84:23,84,23,25,٢٣:٨٤,450,438
5988,84:24,84,24,25,٢٤:٨٤,450,438
5989,84:25,84,25,25,٢٥:٨٤,450,438
5967,84:3,84,3,25,٣:٨٤,450,438
5968,84:4,84,4,25,٤:٨٤,450,438
5969,84:5,84,5,25,٥:٨٤,450,438
5970,84:6,84,6,25,٦:٨٤,450,438
5971,84:7,84,7,25,٧:٨٤,450,438
5972,84:8,84,8,25,٨:٨٤,450,438
5973,84:9,84,9,25,٩:٨٤,450,438
5990,85:0,85,0,22,٠:٨٥,451,439
5991,85:1,85,1,22,١:٨٥,451,439
6000,85:10,85,10,22,١٠:٨٥,451,439
6001,85:11,85,11,22,١١:٨٥,451,439
6002,85:12,85,12,22,١٢:٨٥,451,439
6003,85:13,85,13,22,١٣:٨٥,451,439
6004,85:14,85,14,22,١٤:٨٥,451,439
6005,85:15,85,15,22,١٥:٨٥,451,439
6006,85:16,85,16,22,١٦:٨٥,451,439
6007,85:17,85,17,22,١٧:٨٥,451,439
6008,85:18,85,18,22,١٨:٨٥,451,439
6009,85:19,85,19,22,١٩:٨٥,451,439
5992,85:2,85,2,22,٢:٨٥,451,439
6010,85:20,85,20,22,٢٠:٨٥,451,439
6011,85:21,85,21,22,٢١:٨٥,451,439
6012,85:22,85,22,22,٢٢:٨٥,451,439
5993,85:3,85,3,22,٣:٨٥,451,439
5994,85:4,85,4,22,٤:٨٥,451,439
5995,85:5,85,5,22,٥:٨٥,451,439
5996,85:6,85,6,22,٦:٨٥,451,439
5997,85:7,85,7,22,٧:٨٥,451,439
5998,85:8,85,8,22,٨:٨٥,451,439
5999,85:9,85,9,22,٩:٨٥,451,439
6013,86:0,86,0,17,٠:٨٦,452,440
6014,86:1,86,1,17,١:٨٦,452,440
6023,86:10,86,10,17,١٠:٨٦,452,440
6024,86:11,86,11,17,١١:٨٦,452,440
6025,86:12,86,12,17,١٢:٨٦,452,440
6026,86:13,86,13,17,١٣:٨٦,452,440
6027,86:14,86,14,17,١٤:٨٦,452,440
6028,86:15,86,15,17,١٥:٨٦,452,440
6029,86:16,86,16,17,١٦:٨٦,452,440
6030,86:17,86,17,17,١٧:٨٦,452,440
6015,86:2,86,2,17,٢:٨٦,452,440
6016,86:3,86,3,17,٣:٨٦,452,440
6017,86:4,86,4,17,٤:٨٦,452,440
6018,86:5,86,5,17,٥:٨٦,452,440
6019,86:6,86,6,17,٦:٨٦,452,440
6020,86:7,86,7,17,٧:٨٦,452,440
6021,86:8,86,8,17,٨:٨٦,452,440
6022,86:9,86,9,17,٩:٨٦,452,440
6031,87:0,87,0,19,٠:٨٧,453,441
6032,87:1,87,1,19,١:٨٧,453,441
6041,87:10,87,10,19,١٠:٨٧,453,441
6042,87:11,87,11,19,١١:٨٧,453,441
6043,87:12,87,12,19,١٢:٨٧,453,441
6044,87:13,87,13,19,١٣:٨٧,453,441
6045,87:14,87,14,19,١٤:٨٧,453,441
6046,87:15,87,15,19,١٥:٨٧,453,441
6047,87:16,87,16,19,١٦:٨٧,453,441
6048,87:17,87,17,19,١٧:٨٧,453,441
6049,87:18,87,18,19,١٨:٨٧,453,441
6050,87:19,87,19,19,١٩:٨٧,453,441
6033,87:2,87,2,19,٢:٨٧,453,441
6034,87:3,87,3,19,٣:٨٧,453,441
6035,87:4,87,4,19,٤:٨٧,453,441
6036,87:5,87,5,19,٥:٨٧,453,441
6037,87:6,87,6,19,٦:٨٧,453,441
6038,87:7,87,7,19,٧:٨٧,453,441
6039,87:8,87,8,19,٨:٨٧,453,441
6040,87:9,87,9,19,٩:٨٧,453,441
6051,88:0,88,0,26,٠:٨٨,454,442
6052,88:1,88,1,26,١:٨٨,454,442
6061,88:10,88,10,26,١٠:٨٨,454,442
6062,88:11,88,11,26,١١:٨٨,454,442
6063,88:12,88,12,26,١٢:٨٨,454,442
6064,88:13,88,13,26,١٣:٨٨,454,442
6065,88:14,88,14,26,١٤:٨٨,454,442
6066,88:15,88,15,26,١٥:٨٨,454,442
6067,88:16,88,16,26,١٦:٨٨,454,442
6068,88:17,88,17,26,١٧:٨٨,454,442
6069,88:18,88,18,26,١٨:٨٨,454,442
6070,88:19,88,19,26,١٩:٨٨,454,442
6053,88:2,88,2,26,٢:٨٨,454,442
6071,88:20,88,20,26,٢٠:٨٨,454,442
6072,88:21,88,21,26,٢١:٨٨,454,442
6073,88:22,88,22,26,٢٢:٨٨,454,442
6074,88:23,88,23,26,٢٣:٨٨,454,442
6075,88:24,88,24,26,٢٤:٨٨,454,442
6076,88:25,88,25,26,٢٥:٨٨,454,442
6077,88:26,88,26,26,٢٦:٨٨,454,442
6054,88:3,88,3,26,٣:٨٨,454,442
6055,88:4,88,4,26,٤:٨٨,454,442
6056,88:5,88,5,26,٥:٨٨,454,442
6057,88:6,88,6,26,٦:٨٨,454,442
6058,88:7,88,7,26,٧:٨٨,454,442
6059,88:8,88,8,26,٨:٨٨,454,442
6060,88:9,88,9,26,٩:٨٨,454,442
6078,89:0,89,0,30,٠:٨٩,455,443
6079,89:1,89,1,30,١:٨٩,455,443
6088,89:10,89,10,30,١٠:٨٩,456,444
6089,89:11,89,11,30,١١:٨٩,456,444
6090,89:12,89,12,30,١٢:٨٩,456,444
6091,89:13,89,13,30,١٣:٨٩,456,444
6092,89:14,89,14,30,١٤:٨٩,456,444
6093,89:15,89,15,30,١٥:٨٩,456,444
6094,89:16,89,16,30,١٦:٨٩,456,444
6095,89:17,89,17,30,١٧:٨٩,456,444
6096,89:18,89,18,30,١٨:٨٩,456,444
6097,89:19,89,19,30,١٩:٨٩,456,444
6080,89:2,89,2,30,٢:٨٩,456,444
6098,89:20,89,20,30,٢٠:٨٩,456,444
6099,89:21,89,21,30,٢١:٨٩,456,444
6100,89:22,89,22,30,٢٢:٨٩,456,444
6101,89:23,89,23,30,٢٣:٨٩,456,444
6102,89:24,89,24,30,٢٤:٨٩,456,444
6103,89:25,89,25,30,٢٥:٨٩,456,444
6104,89:26,89,26,30,٢٦:٨٩,456,444
6105,89:27,89,27,30,٢٧:٨٩,456,444
6106,89:28,89,28,30,٢٨:٨٩,456,444
6107,89:29,89,29,30,٢٩:٨٩,456,444
6081,89:3,89,3,30,٣:٨٩,456,444
6108,89:30,89,30,30,٣٠:٨٩,456,444
6082,89:4,89,4,30,٤:٨٩,456,444
6083,89:5,89,5,30,٥:٨٩,456,444
6084,89:6,89,6,30,٦:٨٩,456,444
6085,89:7,89,7,30,٧:٨٩,456,444
6086,89:8,89,8,30,٨:٨٩,456,444
6087,89:9,89,9,30,٩:٨٩,456,444
1243,9:1,9,1,127,١:٩,138,126
1252,9:10,9,10,127,١٠:٩,139,127
1342,9:100,9,100,127,١٠٠:٩,146,134
1343,9:101,9,101,127,١٠١:٩,146,134
1344,9:102,9,102,127,١٠٢:٩,147,135
1345,9:103,9,103,127,١٠٣:٩,147,135
1346,9:104,9,104,127,١٠٤:٩,147,135
1347,9:105,9,105,127,١٠٥:٩,147,135
1348,9:106,9,106,127,١٠٦:٩,147,135
1349,9:107,9,107,127,١٠٧:٩,147,135
1350,9:108,9,108,127,١٠٨:٩,147,135
1351,9:109,9,109,127,١٠٩:٩,147,135
1253,9:11,9,11,127,١١:٩,139,127
1352,9:110,9,110,127,١١٠:٩,147,135
1353,9:111,9,111,127,١١١:٩,147,135
1354,9:112,9,112,127,١١٢:٩,148,136
1355,9:113,9,113,127,١١٣:٩,148,136
1356,9:114,9,114,127,١١٤:٩,148,136
1357,9:115,9,115,127,١١٥:٩,148,136
1358,9:116,9,116,127,١١٦:٩,148,136
1359,9:117,9,117,127,١١٧:٩,148,136
1360,9:118,9,118,127,١١٨:٩,148,136
1361,9:119,9,119,127,١١٩:٩,148,136
1254,9:12,9,12,127,١٢:٩,139,127
1362,9:120,9,120,127,١٢٠:٩,148,136
1363,9:121,9,121,127,١٢١:٩,148,136
1364,9:122,9,122,127,١٢٢:٩,148,136
1365,9:123,9,123,127,١٢٣:٩,149,137
1366,9:124,9,124,127,١٢٤:٩,149,137
1367,9:125,9,125,127,١٢٥:٩,149,137
1368,9:126,9,126,127,١٢٦:٩,149,137
1369,9:127,9,127,127,١٢٧:٩,149,137
1255,9:13,9,13,127,١٣:٩,139,127
1256,9:14,9,14,127,١٤:٩,139,127
1257,9:15,9,15,127,١٥:٩,139,127
1258,9:16,9,16,127,١٦:٩,139,127
1259,9:17,9,17,127,١٧:٩,139,127
1260,9:18,9,18,127,١٨:٩,139,127
1261,9:19,9,19,127,١٩:٩,139,127
1244,9:2,9,2,127,٢:٩,138,126
1262,9:20,9,20,127,٢٠:٩,140,128
1263,9:21,9,21,127,٢١:٩,140,128
1264,9:22,9,22,127,٢٢:٩,140,128
1265,9:23,9,23,127,٢٣:٩,140,128
1266,9:24,9,24,127,٢٤:٩,140,128
1267,9:25,9,25,127,٢٥:٩,140,128
1268,9:26,9,26,127,٢٦:٩,140,128
1269,9:27,9,27,127,٢٧:٩,140,128
1270,9:28,9,28,127,٢٨:٩,140,128
1271,9:29,9,29,127,٢٩:٩,140,128
1245,9:3,9,3,127,٣:٩,138,126
1272,9:30,9,30,127,٣٠:٩,140,128
1273,9:31,9,31,127,٣١:٩,140,128
1274,9:32,9,32,127,٣٢:٩,141,129
1275,9:33,9,33,127,٣٣:٩,141,129
1276,9:34,9,34,127,٣٤:٩,141,129
1277,9:35,9,35,127,٣٥:٩,141,129
1278,9:36,9,36,127,٣٦:٩,141,129
1279,9:37,9,37,127,٣٧:٩,141,129
1280,9:38,9,38,127,٣٨:٩,141,129
1281,9:39,9,39,127,٣٩:٩,141,129
1246,9:4,9,4,127,٤:٩,138,126
1282,9:40,9,40,127,٤٠:٩,142,130
1283,9:41,9,41,127,٤١:٩,142,130
1284,9:42,9,42,127,٤٢:٩,142,130
1285,9:43,9,43,127,٤٣:٩,142,130
1286,9:44,9,44,127,٤٤:٩,142,130
1287,9:45,9,45,127,٤٥:٩,142,130
1288,9:46,9,46,127,٤٦:٩,142,130
1289,9:47,9,47,127,٤٧:٩,142,130
1290,9:48,9,48,127,٤٨:٩,142,130
1291,9:49,9,49,127,٤٩:٩,142,130
1247,9:5,9,5,127,٥:٩,138,126
1292,9:50,9,50,127,٥٠:٩,142,130
1293,9:51,9,51,127,٥١:٩,142,130
1294,9:52,9,52,127,٥٢:٩,142,130
1295,9:53,9,53,127,٥٣:٩,143,131
1296,9:54,9,54,127,٥٤:٩,143,131
1297,9:55,9,55,127,٥٥:٩,143,131
1298,9:56,9,56,127,٥٦:٩,143,131
1299,9:57,9,57,127,٥٧:٩,143,131
1300,9:58,9,58,127,٥٨:٩,143,131
1301,9:59,9,59,127,٥٩:٩,143,131
1248,9:6,9,6,127,٦:٩,138,126
1302,9:60,9,60,127,٦٠:٩,143,131
1303,9:61,9,61,127,٦١:٩,143,131
1304,9:62,9,62,127,٦٢:٩,143,131
1305,9:63,9,63,127,٦٣:٩,143,131
1306,9:64,9,64,127,٦٤:٩,143,131
1307,9:65,9,65,127,٦٥:٩,143,131
1308,9:66,9,66,127,٦٦:٩,143,131
1309,9:67,9,67,127,٦٧:٩,144,132
1310,9:68,9,68,127,٦٨:٩,144,132
1311,9:69,9,69,127,٦٩:٩,144,132
1249,9:7,9,7,127,٧:٩,139,127
1312,9:70,9,70,127,٧٠:٩,144,132
1313,9:71,9,71,127,٧١:٩,144,132
1314,9:72,9,72,127,٧٢:٩,144,132
1315,9:73,9,73,127,٧٣:٩,144,132
1316,9:74,9,74,127,٧٤:٩,144,132
1317,9:75,9,75,127,٧٥:٩,144,132
1318,9:76,9,76,127,٧٦:٩,144,132
1319,9:77,9,77,127,٧٧:٩,144,132
1320,9:78,9,78,127,٧٨:٩,145,133
1321,9:79,9,79,127,٧٩:٩,145,133
1250,9:8,9,8,127,٨:٩,139,127
1322,9:80,9,80,127,٨٠:٩,145,133
1323,9:81,9,81,127,٨١:٩,145,133
1324,9:82,9,82,127,٨٢:٩,145,133
1325,9:83,9,83,127,٨٣:٩,145,133
1326,9:84,9,84,127,٨٤:٩,145,133
1327,9:85,9,85,127,٨٥:٩,145,133
1328,9:86,9,86,127,٨٦:٩,145,133
1329,9:87,9,87,127,٨٧:٩,145,133
1330,9:88,9,88,127,٨٨:٩,145,133
1331,9:89,9,89,127,٨٩:٩,145,133
1251,9:9,9,9,127,٩:٩,139,127
1332,9:90,9,90,127,٩٠:٩,146,134
1333,9:91,9,91,127,٩١:٩,146,134
1334,9:92,9,92,127,٩٢:٩,146,134
1335,9:93,9,93,127,٩٣:٩,146,134
1336,9:94,9,94,127,٩٤:٩,146,134
1337,9:95,9,95,127,٩٥:٩,146,134
1338,9:96,9,96,127,٩٦:٩,146,134
1339,9:97,9,97,127,٩٧:٩,146,134
1340,9:98,9,98,127,٩٨:٩,146,134
1341,9:99,9,99,127,٩٩:٩,146,134
6109,90:0,90,0,20,٠:٩٠,457,445
6110,90:1,90,1,20,١:٩٠,457,445
6119,90:10,90,10,20,١٠:٩٠,457,445
6120,90:11,90,11,20,١١:٩٠,457,445
6121,90:12,90,12,20,١٢:٩٠,457,445
6122,90:13,90,13,20,١٣:٩٠,457,445
6123,90:14,90,14,20,١٤:٩٠,457,445
6124,90:15,90,15,20,١٥:٩٠,457,445
6125,90:16,90,16,20,١٦:٩٠,457,445
6126,90:17,90,17,20,١٧:٩٠,457,445
6127,90:18,90,18,20,١٨:٩٠,457,445
6128,90:19,90,19,20,١٩:٩٠,457,445
6111,90:2,90,2,20,٢:٩٠,457,445
6129,90:20,90,20,20,٢٠:٩٠,457,445
6112,90:3,90,3,20,٣:٩٠,457,445
6113,90:4,90,4,20,٤:٩٠,457,445
6114,90:5,90,5,20,٥:٩٠,457,445
6115,90:6,90,6,20,٦:٩٠,457,445
6116,90:7,90,7,20,٧:٩٠,457,445
6117,90:8,90,8,20,٨:٩٠,457,445
6118,90:9,90,9,20,٩:٩٠,457,445
6130,91:0,91,0,15,٠:٩١,458,446
6131,91:1,91,1,15,١:٩١,458,446
6140,91:10,91,10,15,١٠:٩١,458,446
6141,91:11,91,11,15,١١:٩١,458,446
6142,91:12,91,12,15,١٢:٩١,458,446
6143,91:13,91,13,15,١٣:٩١,458,446
6144,91:14,91,14,15,١٤:٩١,458,446
6145,91:15,91,15,15,١٥:٩١,458,446
6132,91:2,91,2,15,٢:٩١,458,446
6133,91:3,91,3,15,٣:٩١,458,446
6134,91:4,91,4,15,٤:٩١,458,446
6135,91:5,91,5,15,٥:٩١,458,446
6136,91:6,91,6,15,٦:٩١,458,446
6137,91:7,91,7,15,٧:٩١,458,446
6138,91:8,91,8,15,٨:٩١,458,446
6139,91:9,91,9,15,٩:٩١,458,446
6146,92:0,92,0,21,٠:٩٢,459,447
6147,92:1,92,1,21,١:٩٢,459,447
6156,92:10,92,10,21,١٠:٩٢,459,447
6157,92:11,92,11,21,١١:٩٢,459,447
6158,92:12,92,12,21,١٢:٩٢,459,447
6159,92:13,92,13,21,١٣:٩٢,459,447
6160,92:14,92,14,21,١٤:٩٢,459,447
6161,92:15,92,15,21,١٥:٩٢,459,447
6162,92:16,92,16,21,١٦:٩٢,459,447
6163,92:17,92,17,21,١٧:٩٢,459,447
6164,92:18,92,18,21,١٨:٩٢,459,447
6165,92:19,92,19,21,١٩:٩٢,459,447
6148,92:2,92,2,21,٢:٩٢,459,447
6166,92:20,92,20,21,٢٠:٩٢,459,447
6167,92:21,92,21,21,٢١:٩٢,459,447
6149,92:3,92,3,21,٣:٩٢,459,447
6150,92:4,92,4,21,٤:٩٢,459,447
6151,92:5,92,5,21,٥:٩٢,459,447
6152,92:6,92,6,21,٦:٩٢,459,447
6153,92:7,92,7,21,٧:٩٢,459,447
6154,92:8,92,8,21,٨:٩٢,459,447
6155,92:9,92,9,21,٩:٩٢,459,447
6168,93:0,93,0,11,٠:٩٣,460,448
6169,93:1,93,1,11,١:٩٣,460,448
6178,93:10,93,10,11,١٠:٩٣,460,448
6179,93:11,93,11,11,١١:٩٣,460,448
6170,93:2,93,2,11,٢:٩٣,460,448
6171,93:3,93,3,11,٣:٩٣,460,448
6172,93:4,93,4,11,٤:٩٣,460,448
6173,93:5,93,5,11,٥:٩٣,460,448
6174,93:6,93,6,11,٦:٩٣,460,448
6175,93:7,93,7,11,٧:٩٣,460,448
6176,93:8,93,8,11,٨:٩٣,460,448
6177,93:9,93,9,11,٩:٩٣,460,448
6180,94:0,94,0,8,٠:٩٤,461,449
6181,94:1,94,1,8,١:٩٤,461,449
6182,94:2,94,2,8,٢:٩٤,461,449
6183,94:3,94,3,8,٣:٩٤,461,449
6184,94:4,94,4,8,٤:٩٤,461,449
6185,94:5,94,5,8,٥:٩٤,461,449
6186,94:6,94,6,8,٦:٩٤,461,449
6187,94:7,94,7,8,٧:٩٤,461,449
6188,94:8,94,8,8,٨:٩٤,461,449
6189,95:0,95,0,8,٠:٩٥,462,450
6190,95:1,95,1,8,١:٩٥,462,450
6191,95:2,95,2,8,٢:٩٥,462,450
6192,95:3,95,3,8,٣:٩٥,462,450
6193,95:4,95,4,8,٤:٩٥,462,450
6194,95:5,95,5,8,٥:٩٥,462,450
6195,95:6,95,6,8,٦:٩٥,462,450
6196,95:7,95,7,8,٧:٩٥,462,450
6197,95:8,95,8,8,٨:٩٥,462,450
6198,96:0,96,0,19,٠:٩٦,463,451
6199,96:1,96,1,19,١:٩٦,463,451
6208,96:10,96,10,19,١٠:٩٦,463,451
6209,96:11,96,11,19,١١:٩٦,463,451
6210,96:12,96,12,19,١٢:٩٦,463,451
6211,96:13,96,13,19,١٣:٩٦,463,451
6212,96:14,96,14,19,١٤:٩٦,463,451
6213,96:15,96,15,19,١٥:٩٦,463,451
6214,96:16,96,16,19,١٦:٩٦,463,451
6215,96:17,96,17,19,١٧:٩٦,463,451
6216,96:18,96,18,19,١٨:٩٦,463,451
6217,96:19,96,19,19,١٩:٩٦,463,451
6200,96:2,96,2,19,٢:٩٦,463,451
6201,96:3,96,3,19,٣:٩٦,463,451
6202,96:4,96,4,19,٤:٩٦,463,451
6203,96:5,96,5,19,٥:٩٦,463,451
6204,96:6,96,6,19,٦:٩٦,463,451
6205,96:7,96,7,19,٧:٩٦,463,451
6206,96:8,96,8,19,٨:٩٦,463,451
6207,96:9,96,9,19,٩:٩٦,463,451
6218,97:0,97,0,5,٠:٩٧,464,452
6219,97:1,97,1,5,١:٩٧,464,452
6220,97:2,97,2,5,٢:٩٧,464,452
6221,97:3,97,3,5,٣:٩٧,464,452
6222,97:4,97,4,5,٤:٩٧,464,452
6223,97:5,97,5,5,٥:٩٧,464,452
6224,98:0,98,0,8,٠:٩٨,465,453
6225,98:1,98,1,8,١:٩٨,465,453
6226,98:2,98,2,8,٢:٩٨,465,453
6227,98:3,98,3,8,٣:٩٨,465,453
6228,98:4,98,4,8,٤:٩٨,465,453
6229,98:5,98,5,8,٥:٩٨,465,453
6230,98:6,98,6,8,٦:٩٨,465,453
6231,98:7,98,7,8,٧:٩٨,465,453
6232,98:8,98,8,8,٨:٩٨,465,453
6233,99:0,99,0,8,٠:٩٩,466,454
6234,99:1,99,1,8,١:٩٩,466,454
6235,99:2,99,2,8,٢:٩٩,466,454
6236,99:3,99,3,8,٣:٩٩,466,454
6237,99:4,99,4,8,٤:٩٩,466,454
6238,99:5,99,5,8,٥:٩٩,466,454
6239,99:6,99,6,8,٦:٩٩,466,454
6240,99:7,99,7,8,٧:٩٩,466,454
6241,99:8,99,8,8,٨:٩٩,466,454
